global_field_id,field_id,table,column,ordinal,same_name_count,same_name_unique,production_write_location_count,production_write_locations,production_read_location_count,production_read_locations,non_sql_reference_count,non_sql_references,test_access_count,test_accesses,trigger_new_unknown_mode_count,trigger_new_unknown_mode
F0001,act6_13_event_ledger#01,act6_13_event_ledger,event_id,1,4,NO,0,,1,database/037_level3_independent_audit_closure.sql:L183@act6_13_get_timeline[to_jsonb(row) exposes field],0,,0,,0,
F0002,act6_13_event_ledger#02,act6_13_event_ledger,run_id,2,36,NO,5,database/037_level3_independent_audit_closure.sql:L151@s6_refresh_owned_discussion[INSERT explicit column]{DIRECT_OR_COMPUTED} ; database/037_level3_independent_audit_closure.sql:L174@s6_mark_audio_consumed[INSERT explicit column]{DIRECT_OR_COMPUTED} ; database/037_level3_independent_audit_closure.sql:L49@act6_13_capture_s5_transition[INSERT explicit column]{DIRECT_OR_COMPUTED} ; database/037_level3_independent_audit_closure.sql:L75@act6_13_capture_s6_transition[INSERT explicit column]{DIRECT_OR_COMPUTED} ; database/037_level3_independent_audit_closure.sql:L79@act6_13_capture_s6_transition[INSERT explicit column]{DIRECT_OR_COMPUTED},1,database/037_level3_independent_audit_closure.sql:L183@act6_13_get_timeline[to_jsonb(row) exposes field],0,,0,,0,
F0003,act6_13_event_ledger#03,act6_13_event_ledger,event_type,3,4,NO,5,database/037_level3_independent_audit_closure.sql:L151@s6_refresh_owned_discussion[INSERT explicit column]{DIRECT_OR_COMPUTED} ; database/037_level3_independent_audit_closure.sql:L174@s6_mark_audio_consumed[INSERT explicit column]{DIRECT_OR_COMPUTED} ; database/037_level3_independent_audit_closure.sql:L49@act6_13_capture_s5_transition[INSERT explicit column]{DIRECT_OR_COMPUTED} ; database/037_level3_independent_audit_closure.sql:L75@act6_13_capture_s6_transition[INSERT explicit column]{DIRECT_OR_COMPUTED} ; database/037_level3_independent_audit_closure.sql:L79@act6_13_capture_s6_transition[INSERT explicit column]{DIRECT_OR_COMPUTED},1,database/037_level3_independent_audit_closure.sql:L183@act6_13_get_timeline[to_jsonb(row) exposes field],0,,0,,0,
F0004,act6_13_event_ledger#04,act6_13_event_ledger,act_no,4,4,NO,4,database/037_level3_independent_audit_closure.sql:L151@s6_refresh_owned_discussion[INSERT explicit column]{DIRECT_OR_COMPUTED} ; database/037_level3_independent_audit_closure.sql:L49@act6_13_capture_s5_transition[INSERT explicit column]{DIRECT_OR_COMPUTED} ; database/037_level3_independent_audit_closure.sql:L75@act6_13_capture_s6_transition[INSERT explicit column]{DIRECT_OR_COMPUTED} ; database/037_level3_independent_audit_closure.sql:L79@act6_13_capture_s6_transition[INSERT explicit column]{DIRECT_OR_COMPUTED},1,database/037_level3_independent_audit_closure.sql:L183@act6_13_get_timeline[to_jsonb(row) exposes field],0,,0,,0,
F0005,act6_13_event_ledger#05,act6_13_event_ledger,phase_key,5,13,NO,5,database/037_level3_independent_audit_closure.sql:L151@s6_refresh_owned_discussion[INSERT explicit column]{DIRECT_OR_COMPUTED} ; database/037_level3_independent_audit_closure.sql:L174@s6_mark_audio_consumed[INSERT explicit column]{DIRECT_OR_COMPUTED} ; database/037_level3_independent_audit_closure.sql:L49@act6_13_capture_s5_transition[INSERT explicit column]{DIRECT_OR_COMPUTED} ; database/037_level3_independent_audit_closure.sql:L75@act6_13_capture_s6_transition[INSERT explicit column]{DIRECT_OR_COMPUTED} ; database/037_level3_independent_audit_closure.sql:L79@act6_13_capture_s6_transition[INSERT explicit column]{DIRECT_OR_COMPUTED},1,database/037_level3_independent_audit_closure.sql:L183@act6_13_get_timeline[to_jsonb(row) exposes field],0,,0,,0,
F0006,act6_13_event_ledger#06,act6_13_event_ledger,occurrence_id,6,3,NO,2,database/037_level3_independent_audit_closure.sql:L174@s6_mark_audio_consumed[INSERT explicit column]{DIRECT_OR_COMPUTED} ; database/037_level3_independent_audit_closure.sql:L79@act6_13_capture_s6_transition[INSERT explicit column]{DIRECT_OR_COMPUTED},1,database/037_level3_independent_audit_closure.sql:L183@act6_13_get_timeline[to_jsonb(row) exposes field],0,,0,,0,
F0007,act6_13_event_ledger#07,act6_13_event_ledger,player_id,7,24,NO,1,database/037_level3_independent_audit_closure.sql:L174@s6_mark_audio_consumed[INSERT explicit column]{DIRECT_OR_COMPUTED},1,database/037_level3_independent_audit_closure.sql:L183@act6_13_get_timeline[to_jsonb(row) exposes field],0,,0,,0,
F0008,act6_13_event_ledger#08,act6_13_event_ledger,details,8,4,NO,5,database/037_level3_independent_audit_closure.sql:L151@s6_refresh_owned_discussion[INSERT explicit column]{DIRECT_OR_COMPUTED} ; database/037_level3_independent_audit_closure.sql:L174@s6_mark_audio_consumed[INSERT explicit column]{DIRECT_OR_COMPUTED} ; database/037_level3_independent_audit_closure.sql:L49@act6_13_capture_s5_transition[INSERT explicit column]{DIRECT_OR_COMPUTED} ; database/037_level3_independent_audit_closure.sql:L75@act6_13_capture_s6_transition[INSERT explicit column]{DIRECT_OR_COMPUTED} ; database/037_level3_independent_audit_closure.sql:L79@act6_13_capture_s6_transition[INSERT explicit column]{DIRECT_OR_COMPUTED},1,database/037_level3_independent_audit_closure.sql:L183@act6_13_get_timeline[to_jsonb(row) exposes field],0,,0,,0,
F0009,act6_13_event_ledger#09,act6_13_event_ledger,occurred_at,9,1,YES,0,,1,database/037_level3_independent_audit_closure.sql:L183@act6_13_get_timeline[to_jsonb(row) exposes field],0,,0,,0,
F0010,asset_candidates#01,asset_candidates,asset_id,1,1,YES,0,,30,database/018_sprint4_asset_manager_v2.sql:L57@asset_manager_review[SELECT * INTO row] ; database/018_sprint4_asset_manager_v2.sql:L64@asset_manager_mark_published[SELECT * INTO row] ; database/018_sprint4_asset_manager_v2.sql:L70@asset_manager_activate[SELECT * INTO row] ; database/018_sprint4_asset_manager_v2.sql:L77@asset_resolve[SELECT * INTO row] ; database/018_sprint4_asset_manager_v2.sql:L81@asset_manager_state[to_jsonb(row) exposes field] ; database/019_sprint4_teacher_authority_correction.sql:L57@asset_manager_review[SELECT * INTO row] ; database/019_sprint4_teacher_authority_correction.sql:L64@asset_manager_mark_published[SELECT * INTO row] ; database/019_sprint4_teacher_authority_correction.sql:L70@asset_manager_activate[SELECT * INTO row] ; database/019_sprint4_teacher_authority_correction.sql:L77@asset_resolve[SELECT * INTO row] ; database/019_sprint4_teacher_authority_correction.sql:L81@asset_manager_state[to_jsonb(row) exposes field] ; database/021_sprint4_anchor_and_activation_controls.sql:L20@asset_manager_rollback[SELECT * INTO row] ; database/021_sprint4_anchor_and_activation_controls.sql:L8@asset_manager_save_anchors[SELECT * INTO row] ; database/022_sprint4_paired_activation_gate.sql:L10@asset_manager_activate[SELECT * INTO row] ; database/023_sprint4_rollback_state_correction.sql:L8@asset_manager_rollback[SELECT * INTO row] ; database/024_sprint4_level1_narrow_corrections.sql:L38@asset_manager_import_candidate[SELECT * INTO row] ; database/024_sprint4_level1_narrow_corrections.sql:L38@asset_manager_import_candidate[qualified/rowtype field reference] ; database/024_sprint4_level1_narrow_corrections.sql:L40@asset_manager_import_candidate[qualified/rowtype field reference] ; database/024_sprint4_level1_narrow_corrections.sql:L41@asset_manager_submit_for_review[SELECT * INTO row] ; database/024_sprint4_level1_narrow_corrections.sql:L53@asset_manager_activate_group[qualified/rowtype field reference] ; database/025_sprint4_two_narrow_blockers.sql:L13@asset_manager_import_candidate[SELECT * INTO row] ; database/025_sprint4_two_narrow_blockers.sql:L23@asset_manager_import_candidate[qualified/rowtype field reference] ; database/025_sprint4_two_narrow_blockers.sql:L27@asset_manager_import_candidate[qualified/rowtype field reference] ; database/025_sprint4_two_narrow_blockers.sql:L28@asset_manager_import_candidate[qualified/rowtype field reference] ; database/025_sprint4_two_narrow_blockers.sql:L48@asset_manager_transition_group[qualified/rowtype field reference] ; database/025_sprint4_two_narrow_blockers.sql:L54@asset_manager_transition_group[qualified/rowtype field reference] ; database/025_sprint4_two_narrow_blockers.sql:L55@asset_manager_transition_group[qualified/rowtype field reference] ; database/026_sprint4_group_target_and_registry_lock.sql:L17@asset_manager_transition_group[qualified/rowtype field reference] ; database/026_sprint4_group_target_and_registry_lock.sql:L30@asset_manager_transition_group[qualified/rowtype field reference] ; database/026_sprint4_group_target_and_registry_lock.sql:L36@asset_manager_transition_group[qualified/rowtype field reference] ; database/026_sprint4_group_target_and_registry_lock.sql:L37@asset_manager_transition_group[qualified/rowtype field reference],6,MEDIUM:scripts/import-asset-candidate.mjs:L5@rpc[property-name reference] ; MEDIUM:scripts/wp-r4a-publish-activate-images.mjs:L240@main[property-name reference] ; MEDIUM:scripts/wp-r4a-publish-activate-images.mjs:L244@main[property-name reference] ; MEDIUM:scripts/wp-r4a-publish-activate-images.mjs:L250@main[property-name reference] ; MEDIUM:scripts/wp-r4a-publish-activate-images.mjs:L251@main[property-name reference] ; MEDIUM:src/teacher/teacher-console.js:L428@renderAssets[property-name reference],1,READ:tests/sprint4-026-db-regression.sql:L9@TEST_SQL[bare field in single test statement],0,
F0011,asset_candidates#02,asset_candidates,asset_key,2,3,NO,4,database/018_sprint4_asset_manager_v2.sql:L48@asset_manager_register_candidate[INSERT explicit column]{DIRECT_OR_COMPUTED} ; database/019_sprint4_teacher_authority_correction.sql:L48@asset_manager_register_candidate[INSERT explicit column]{DIRECT_OR_COMPUTED} ; database/024_sprint4_level1_narrow_corrections.sql:L39@asset_manager_import_candidate[INSERT explicit column]{DIRECT_OR_COMPUTED} ; database/025_sprint4_two_narrow_blockers.sql:L25@asset_manager_import_candidate[INSERT explicit column]{DIRECT_OR_COMPUTED},37,database/018_sprint4_asset_manager_v2.sql:L57@asset_manager_review[SELECT * INTO row] ; database/018_sprint4_asset_manager_v2.sql:L60@asset_manager_review[qualified/rowtype field reference] ; database/018_sprint4_asset_manager_v2.sql:L64@asset_manager_mark_published[SELECT * INTO row] ; database/018_sprint4_asset_manager_v2.sql:L66@asset_manager_mark_published[qualified/rowtype field reference] ; database/018_sprint4_asset_manager_v2.sql:L70@asset_manager_activate[SELECT * INTO row] ; database/018_sprint4_asset_manager_v2.sql:L70@asset_manager_activate[qualified/rowtype field reference] ; database/018_sprint4_asset_manager_v2.sql:L73@asset_manager_activate[qualified/rowtype field reference] ; database/018_sprint4_asset_manager_v2.sql:L77@asset_resolve[SELECT * INTO row] ; database/018_sprint4_asset_manager_v2.sql:L78@asset_resolve[qualified/rowtype field reference] ; database/018_sprint4_asset_manager_v2.sql:L81@asset_manager_state[qualified/rowtype field reference] ; database/018_sprint4_asset_manager_v2.sql:L81@asset_manager_state[to_jsonb(row) exposes field] ; database/019_sprint4_teacher_authority_correction.sql:L57@asset_manager_review[SELECT * INTO row] ; database/019_sprint4_teacher_authority_correction.sql:L60@asset_manager_review[qualified/rowtype field reference] ; database/019_sprint4_teacher_authority_correction.sql:L64@asset_manager_mark_published[SELECT * INTO row] ; database/019_sprint4_teacher_authority_correction.sql:L66@asset_manager_mark_published[qualified/rowtype field reference] ; database/019_sprint4_teacher_authority_correction.sql:L70@asset_manager_activate[SELECT * INTO row] ; database/019_sprint4_teacher_authority_correction.sql:L70@asset_manager_activate[qualified/rowtype field reference] ; database/019_sprint4_teacher_authority_correction.sql:L73@asset_manager_activate[qualified/rowtype field reference] ; database/019_sprint4_teacher_authority_correction.sql:L77@asset_resolve[SELECT * INTO row] ; database/019_sprint4_teacher_authority_correction.sql:L78@asset_resolve[qualified/rowtype field reference] ; database/019_sprint4_teacher_authority_correction.sql:L81@asset_manager_state[qualified/rowtype field reference] ; database/019_sprint4_teacher_authority_correction.sql:L81@asset_manager_state[to_jsonb(row) exposes field] ; database/021_sprint4_anchor_and_activation_controls.sql:L13@asset_manager_save_anchors[qualified/rowtype field reference] ; database/021_sprint4_anchor_and_activation_controls.sql:L20@asset_manager_rollback[SELECT * INTO row] ; database/021_sprint4_anchor_and_activation_controls.sql:L8@asset_manager_save_anchors[SELECT * INTO row] ; database/022_sprint4_paired_activation_gate.sql:L10@asset_manager_activate[SELECT * INTO row] ; database/022_sprint4_paired_activation_gate.sql:L14@asset_manager_activate[qualified/rowtype field reference] ; database/022_sprint4_paired_activation_gate.sql:L16@asset_manager_activate[qualified/rowtype field reference] ; database/023_sprint4_rollback_state_correction.sql:L8@asset_manager_rollback[SELECT * INTO row] ; database/024_sprint4_level1_narrow_corrections.sql:L38@asset_manager_import_candidate[SELECT * INTO row] ; database/024_sprint4_level1_narrow_corrections.sql:L41@asset_manager_submit_for_review[SELECT * INTO row] ; database/025_sprint4_two_narrow_blockers.sql:L13@asset_manager_import_candidate[SELECT * INTO row] ; database/025_sprint4_two_narrow_blockers.sql:L27@asset_manager_import_candidate[qualified/rowtype field reference] ; database/025_sprint4_two_narrow_blockers.sql:L54@asset_manager_transition_group[qualified/rowtype field reference] ; database/026_sprint4_group_target_and_registry_lock.sql:L17@asset_manager_transition_group[qualified/rowtype field reference] ; database/026_sprint4_group_target_and_registry_lock.sql:L36@asset_manager_transition_group[qualified/rowtype field reference] ; database/058_sprint9_active_asset_load_failure_telemetry.sql:L13@asset_report_load_failure[qualified/rowtype field reference],0,,0,,0,
F0012,asset_candidates#03,asset_candidates,version,3,2,NO,4,database/018_sprint4_asset_manager_v2.sql:L48@asset_manager_register_candidate[INSERT explicit column]{DIRECT_OR_COMPUTED} ; database/019_sprint4_teacher_authority_correction.sql:L48@asset_manager_register_candidate[INSERT explicit column]{DIRECT_OR_COMPUTED} ; database/024_sprint4_level1_narrow_corrections.sql:L39@asset_manager_import_candidate[INSERT explicit column]{DIRECT_OR_COMPUTED} ; database/025_sprint4_two_narrow_blockers.sql:L25@asset_manager_import_candidate[INSERT explicit column]{DIRECT_OR_COMPUTED},38,database/018_sprint4_asset_manager_v2.sql:L57@asset_manager_review[SELECT * INTO row] ; database/018_sprint4_asset_manager_v2.sql:L60@asset_manager_review[qualified/rowtype field reference] ; database/018_sprint4_asset_manager_v2.sql:L64@asset_manager_mark_published[SELECT * INTO row] ; database/018_sprint4_asset_manager_v2.sql:L66@asset_manager_mark_published[qualified/rowtype field reference] ; database/018_sprint4_asset_manager_v2.sql:L70@asset_manager_activate[SELECT * INTO row] ; database/018_sprint4_asset_manager_v2.sql:L71@asset_manager_activate[qualified/rowtype field reference] ; database/018_sprint4_asset_manager_v2.sql:L73@asset_manager_activate[qualified/rowtype field reference] ; database/018_sprint4_asset_manager_v2.sql:L77@asset_resolve[SELECT * INTO row] ; database/018_sprint4_asset_manager_v2.sql:L78@asset_resolve[qualified/rowtype field reference] ; database/018_sprint4_asset_manager_v2.sql:L81@asset_manager_state[to_jsonb(row) exposes field] ; database/019_sprint4_teacher_authority_correction.sql:L57@asset_manager_review[SELECT * INTO row] ; database/019_sprint4_teacher_authority_correction.sql:L60@asset_manager_review[qualified/rowtype field reference] ; database/019_sprint4_teacher_authority_correction.sql:L64@asset_manager_mark_published[SELECT * INTO row] ; database/019_sprint4_teacher_authority_correction.sql:L66@asset_manager_mark_published[qualified/rowtype field reference] ; database/019_sprint4_teacher_authority_correction.sql:L70@asset_manager_activate[SELECT * INTO row] ; database/019_sprint4_teacher_authority_correction.sql:L71@asset_manager_activate[qualified/rowtype field reference] ; database/019_sprint4_teacher_authority_correction.sql:L73@asset_manager_activate[qualified/rowtype field reference] ; database/019_sprint4_teacher_authority_correction.sql:L77@asset_resolve[SELECT * INTO row] ; database/019_sprint4_teacher_authority_correction.sql:L78@asset_resolve[qualified/rowtype field reference] ; database/019_sprint4_teacher_authority_correction.sql:L81@asset_manager_state[to_jsonb(row) exposes field] ; database/021_sprint4_anchor_and_activation_controls.sql:L13@asset_manager_save_anchors[qualified/rowtype field reference] ; database/021_sprint4_anchor_and_activation_controls.sql:L20@asset_manager_rollback[SELECT * INTO row] ; database/021_sprint4_anchor_and_activation_controls.sql:L8@asset_manager_save_anchors[SELECT * INTO row] ; database/022_sprint4_paired_activation_gate.sql:L10@asset_manager_activate[SELECT * INTO row] ; database/022_sprint4_paired_activation_gate.sql:L15@asset_manager_activate[qualified/rowtype field reference] ; database/022_sprint4_paired_activation_gate.sql:L16@asset_manager_activate[qualified/rowtype field reference] ; database/023_sprint4_rollback_state_correction.sql:L8@asset_manager_rollback[SELECT * INTO row] ; database/024_sprint4_level1_narrow_corrections.sql:L38@asset_manager_import_candidate[SELECT * INTO row] ; database/024_sprint4_level1_narrow_corrections.sql:L41@asset_manager_submit_for_review[SELECT * INTO row] ; database/024_sprint4_level1_narrow_corrections.sql:L53@asset_manager_activate_group[qualified/rowtype field reference] ; database/025_sprint4_two_narrow_blockers.sql:L13@asset_manager_import_candidate[SELECT * INTO row] ; database/025_sprint4_two_narrow_blockers.sql:L27@asset_manager_import_candidate[qualified/rowtype field reference] ; database/025_sprint4_two_narrow_blockers.sql:L48@asset_manager_transition_group[qualified/rowtype field reference] ; database/025_sprint4_two_narrow_blockers.sql:L54@asset_manager_transition_group[qualified/rowtype field reference] ; database/026_sprint4_group_target_and_registry_lock.sql:L30@asset_manager_transition_group[qualified/rowtype field reference] ; database/026_sprint4_group_target_and_registry_lock.sql:L36@asset_manager_transition_group[qualified/rowtype field reference] ; database/058_sprint9_active_asset_load_failure_telemetry.sql:L13@asset_report_load_failure[qualified/rowtype field reference] ; database/058_sprint9_active_asset_load_failure_telemetry.sql:L14@asset_report_load_failure[qualified/rowtype field reference],0,,0,,0,
F0013,asset_candidates#04,asset_candidates,asset_type,4,2,NO,4,database/018_sprint4_asset_manager_v2.sql:L48@asset_manager_register_candidate[INSERT explicit column]{DIRECT_OR_COMPUTED} ; database/019_sprint4_teacher_authority_correction.sql:L48@asset_manager_register_candidate[INSERT explicit column]{DIRECT_OR_COMPUTED} ; database/024_sprint4_level1_narrow_corrections.sql:L39@asset_manager_import_candidate[INSERT explicit column]{DIRECT_OR_COMPUTED} ; database/025_sprint4_two_narrow_blockers.sql:L25@asset_manager_import_candidate[INSERT explicit column]{DIRECT_OR_COMPUTED},21,database/018_sprint4_asset_manager_v2.sql:L57@asset_manager_review[SELECT * INTO row] ; database/018_sprint4_asset_manager_v2.sql:L64@asset_manager_mark_published[SELECT * INTO row] ; database/018_sprint4_asset_manager_v2.sql:L70@asset_manager_activate[SELECT * INTO row] ; database/018_sprint4_asset_manager_v2.sql:L77@asset_resolve[SELECT * INTO row] ; database/018_sprint4_asset_manager_v2.sql:L78@asset_resolve[qualified/rowtype field reference] ; database/018_sprint4_asset_manager_v2.sql:L81@asset_manager_state[to_jsonb(row) exposes field] ; database/019_sprint4_teacher_authority_correction.sql:L57@asset_manager_review[SELECT * INTO row] ; database/019_sprint4_teacher_authority_correction.sql:L64@asset_manager_mark_published[SELECT * INTO row] ; database/019_sprint4_teacher_authority_correction.sql:L70@asset_manager_activate[SELECT * INTO row] ; database/019_sprint4_teacher_authority_correction.sql:L77@asset_resolve[SELECT * INTO row] ; database/019_sprint4_teacher_authority_correction.sql:L78@asset_resolve[qualified/rowtype field reference] ; database/019_sprint4_teacher_authority_correction.sql:L81@asset_manager_state[to_jsonb(row) exposes field] ; database/021_sprint4_anchor_and_activation_controls.sql:L20@asset_manager_rollback[SELECT * INTO row] ; database/021_sprint4_anchor_and_activation_controls.sql:L8@asset_manager_save_anchors[SELECT * INTO row] ; database/021_sprint4_anchor_and_activation_controls.sql:L8@asset_manager_save_anchors[qualified/rowtype field reference] ; database/022_sprint4_paired_activation_gate.sql:L10@asset_manager_activate[SELECT * INTO row] ; database/023_sprint4_rollback_state_correction.sql:L8@asset_manager_rollback[SELECT * INTO row] ; database/024_sprint4_level1_narrow_corrections.sql:L38@asset_manager_import_candidate[SELECT * INTO row] ; database/024_sprint4_level1_narrow_corrections.sql:L41@asset_manager_submit_for_review[SELECT * INTO row] ; database/025_sprint4_two_narrow_blockers.sql:L13@asset_manager_import_candidate[SELECT * INTO row] ; database/025_sprint4_two_narrow_blockers.sql:L16@asset_manager_import_candidate[qualified/rowtype field reference],0,,0,,0,
F0014,asset_candidates#05,asset_candidates,scene_id,5,11,NO,2,database/018_sprint4_asset_manager_v2.sql:L48@asset_manager_register_candidate[INSERT explicit column]{DIRECT_OR_COMPUTED} ; database/019_sprint4_teacher_authority_correction.sql:L48@asset_manager_register_candidate[INSERT explicit column]{DIRECT_OR_COMPUTED},17,database/018_sprint4_asset_manager_v2.sql:L57@asset_manager_review[SELECT * INTO row] ; database/018_sprint4_asset_manager_v2.sql:L64@asset_manager_mark_published[SELECT * INTO row] ; database/018_sprint4_asset_manager_v2.sql:L70@asset_manager_activate[SELECT * INTO row] ; database/018_sprint4_asset_manager_v2.sql:L77@asset_resolve[SELECT * INTO row] ; database/018_sprint4_asset_manager_v2.sql:L81@asset_manager_state[to_jsonb(row) exposes field] ; database/019_sprint4_teacher_authority_correction.sql:L57@asset_manager_review[SELECT * INTO row] ; database/019_sprint4_teacher_authority_correction.sql:L64@asset_manager_mark_published[SELECT * INTO row] ; database/019_sprint4_teacher_authority_correction.sql:L70@asset_manager_activate[SELECT * INTO row] ; database/019_sprint4_teacher_authority_correction.sql:L77@asset_resolve[SELECT * INTO row] ; database/019_sprint4_teacher_authority_correction.sql:L81@asset_manager_state[to_jsonb(row) exposes field] ; database/021_sprint4_anchor_and_activation_controls.sql:L20@asset_manager_rollback[SELECT * INTO row] ; database/021_sprint4_anchor_and_activation_controls.sql:L8@asset_manager_save_anchors[SELECT * INTO row] ; database/022_sprint4_paired_activation_gate.sql:L10@asset_manager_activate[SELECT * INTO row] ; database/023_sprint4_rollback_state_correction.sql:L8@asset_manager_rollback[SELECT * INTO row] ; database/024_sprint4_level1_narrow_corrections.sql:L38@asset_manager_import_candidate[SELECT * INTO row] ; database/024_sprint4_level1_narrow_corrections.sql:L41@asset_manager_submit_for_review[SELECT * INTO row] ; database/025_sprint4_two_narrow_blockers.sql:L13@asset_manager_import_candidate[SELECT * INTO row],0,,0,,0,
F0015,asset_candidates#06,asset_candidates,assigned_to,6,2,NO,2,database/018_sprint4_asset_manager_v2.sql:L48@asset_manager_register_candidate[INSERT explicit column]{DIRECT_OR_COMPUTED} ; database/019_sprint4_teacher_authority_correction.sql:L48@asset_manager_register_candidate[INSERT explicit column]{DIRECT_OR_COMPUTED},17,database/018_sprint4_asset_manager_v2.sql:L57@asset_manager_review[SELECT * INTO row] ; database/018_sprint4_asset_manager_v2.sql:L64@asset_manager_mark_published[SELECT * INTO row] ; database/018_sprint4_asset_manager_v2.sql:L70@asset_manager_activate[SELECT * INTO row] ; database/018_sprint4_asset_manager_v2.sql:L77@asset_resolve[SELECT * INTO row] ; database/018_sprint4_asset_manager_v2.sql:L81@asset_manager_state[to_jsonb(row) exposes field] ; database/019_sprint4_teacher_authority_correction.sql:L57@asset_manager_review[SELECT * INTO row] ; database/019_sprint4_teacher_authority_correction.sql:L64@asset_manager_mark_published[SELECT * INTO row] ; database/019_sprint4_teacher_authority_correction.sql:L70@asset_manager_activate[SELECT * INTO row] ; database/019_sprint4_teacher_authority_correction.sql:L77@asset_resolve[SELECT * INTO row] ; database/019_sprint4_teacher_authority_correction.sql:L81@asset_manager_state[to_jsonb(row) exposes field] ; database/021_sprint4_anchor_and_activation_controls.sql:L20@asset_manager_rollback[SELECT * INTO row] ; database/021_sprint4_anchor_and_activation_controls.sql:L8@asset_manager_save_anchors[SELECT * INTO row] ; database/022_sprint4_paired_activation_gate.sql:L10@asset_manager_activate[SELECT * INTO row] ; database/023_sprint4_rollback_state_correction.sql:L8@asset_manager_rollback[SELECT * INTO row] ; database/024_sprint4_level1_narrow_corrections.sql:L38@asset_manager_import_candidate[SELECT * INTO row] ; database/024_sprint4_level1_narrow_corrections.sql:L41@asset_manager_submit_for_review[SELECT * INTO row] ; database/025_sprint4_two_narrow_blockers.sql:L13@asset_manager_import_candidate[SELECT * INTO row],0,,0,,0,
F0016,asset_candidates#07,asset_candidates,creator,7,1,YES,4,database/018_sprint4_asset_manager_v2.sql:L48@asset_manager_register_candidate[INSERT explicit column]{DIRECT_OR_COMPUTED} ; database/019_sprint4_teacher_authority_correction.sql:L48@asset_manager_register_candidate[INSERT explicit column]{DIRECT_OR_COMPUTED} ; database/024_sprint4_level1_narrow_corrections.sql:L39@asset_manager_import_candidate[INSERT explicit column]{DIRECT_OR_COMPUTED} ; database/025_sprint4_two_narrow_blockers.sql:L25@asset_manager_import_candidate[INSERT explicit column]{DIRECT_OR_COMPUTED},17,database/018_sprint4_asset_manager_v2.sql:L57@asset_manager_review[SELECT * INTO row] ; database/018_sprint4_asset_manager_v2.sql:L64@asset_manager_mark_published[SELECT * INTO row] ; database/018_sprint4_asset_manager_v2.sql:L70@asset_manager_activate[SELECT * INTO row] ; database/018_sprint4_asset_manager_v2.sql:L77@asset_resolve[SELECT * INTO row] ; database/018_sprint4_asset_manager_v2.sql:L81@asset_manager_state[to_jsonb(row) exposes field] ; database/019_sprint4_teacher_authority_correction.sql:L57@asset_manager_review[SELECT * INTO row] ; database/019_sprint4_teacher_authority_correction.sql:L64@asset_manager_mark_published[SELECT * INTO row] ; database/019_sprint4_teacher_authority_correction.sql:L70@asset_manager_activate[SELECT * INTO row] ; database/019_sprint4_teacher_authority_correction.sql:L77@asset_resolve[SELECT * INTO row] ; database/019_sprint4_teacher_authority_correction.sql:L81@asset_manager_state[to_jsonb(row) exposes field] ; database/021_sprint4_anchor_and_activation_controls.sql:L20@asset_manager_rollback[SELECT * INTO row] ; database/021_sprint4_anchor_and_activation_controls.sql:L8@asset_manager_save_anchors[SELECT * INTO row] ; database/022_sprint4_paired_activation_gate.sql:L10@asset_manager_activate[SELECT * INTO row] ; database/023_sprint4_rollback_state_correction.sql:L8@asset_manager_rollback[SELECT * INTO row] ; database/024_sprint4_level1_narrow_corrections.sql:L38@asset_manager_import_candidate[SELECT * INTO row] ; database/024_sprint4_level1_narrow_corrections.sql:L41@asset_manager_submit_for_review[SELECT * INTO row] ; database/025_sprint4_two_narrow_blockers.sql:L13@asset_manager_import_candidate[SELECT * INTO row],0,,0,,0,
F0017,asset_candidates#08,asset_candidates,storage_path,8,1,YES,4,database/018_sprint4_asset_manager_v2.sql:L48@asset_manager_register_candidate[INSERT explicit column]{DIRECT_OR_COMPUTED} ; database/018_sprint4_asset_manager_v2.sql:L66@asset_manager_mark_published[UPDATE SET]{DIRECT_OR_COMPUTED} ; database/019_sprint4_teacher_authority_correction.sql:L48@asset_manager_register_candidate[INSERT explicit column]{DIRECT_OR_COMPUTED} ; database/019_sprint4_teacher_authority_correction.sql:L66@asset_manager_mark_published[UPDATE SET]{DIRECT_OR_COMPUTED},20,database/018_sprint4_asset_manager_v2.sql:L57@asset_manager_review[SELECT * INTO row] ; database/018_sprint4_asset_manager_v2.sql:L64@asset_manager_mark_published[SELECT * INTO row] ; database/018_sprint4_asset_manager_v2.sql:L70@asset_manager_activate[SELECT * INTO row] ; database/018_sprint4_asset_manager_v2.sql:L77@asset_resolve[SELECT * INTO row] ; database/018_sprint4_asset_manager_v2.sql:L78@asset_resolve[qualified/rowtype field reference] ; database/018_sprint4_asset_manager_v2.sql:L81@asset_manager_state[to_jsonb(row) exposes field] ; database/019_sprint4_teacher_authority_correction.sql:L57@asset_manager_review[SELECT * INTO row] ; database/019_sprint4_teacher_authority_correction.sql:L64@asset_manager_mark_published[SELECT * INTO row] ; database/019_sprint4_teacher_authority_correction.sql:L70@asset_manager_activate[SELECT * INTO row] ; database/019_sprint4_teacher_authority_correction.sql:L77@asset_resolve[SELECT * INTO row] ; database/019_sprint4_teacher_authority_correction.sql:L78@asset_resolve[qualified/rowtype field reference] ; database/019_sprint4_teacher_authority_correction.sql:L81@asset_manager_state[to_jsonb(row) exposes field] ; database/021_sprint4_anchor_and_activation_controls.sql:L20@asset_manager_rollback[SELECT * INTO row] ; database/021_sprint4_anchor_and_activation_controls.sql:L8@asset_manager_save_anchors[SELECT * INTO row] ; database/022_sprint4_paired_activation_gate.sql:L10@asset_manager_activate[SELECT * INTO row] ; database/023_sprint4_rollback_state_correction.sql:L8@asset_manager_rollback[SELECT * INTO row] ; database/024_sprint4_level1_narrow_corrections.sql:L38@asset_manager_import_candidate[SELECT * INTO row] ; database/024_sprint4_level1_narrow_corrections.sql:L41@asset_manager_submit_for_review[SELECT * INTO row] ; database/025_sprint4_two_narrow_blockers.sql:L13@asset_manager_import_candidate[SELECT * INTO row] ; database/058_sprint9_active_asset_load_failure_telemetry.sql:L15@asset_report_load_failure[qualified/rowtype field reference],11,MEDIUM:scripts/wp-r4a-publish-activate-images.mjs:L132@publishCandidate[property-name reference] ; MEDIUM:scripts/wp-r4a-publish-activate-images.mjs:L254@main[property-name reference] ; MEDIUM:scripts/wp-r4a-publish-activate-images.mjs:L277@main[property-name reference] ; MEDIUM:scripts/wp-r4a-publish-activate-images.mjs:L280@main[property-name reference] ; MEDIUM:src/game/app.js:L417@setS5Asset[property-name reference] ; MEDIUM:src/game/app.js:L418@hydrateS5Assets[property-name reference] ; MEDIUM:src/game/app.js:L425@armSprint6Audio[property-name reference] ; MEDIUM:src/game/app.js:L431@playSprint6Audio[property-name reference] ; MEDIUM:src/game/asset-runtime.js:L12@createAssetResolver[property-name reference] ; MEDIUM:src/game/asset-runtime.js:L14@createAssetResolver[property-name reference] ; MEDIUM:src/teacher/teacher-console.js:L428@renderAssets[property-name reference],0,,0,
F0018,asset_candidates#09,asset_candidates,status,9,4,NO,17,database/018_sprint4_asset_manager_v2.sql:L48@asset_manager_register_candidate[INSERT explicit column]{DIRECT_OR_COMPUTED} ; database/018_sprint4_asset_manager_v2.sql:L59@asset_manager_review[UPDATE SET]{DIRECT_OR_COMPUTED} ; database/018_sprint4_asset_manager_v2.sql:L73@asset_manager_activate[UPDATE SET]{DIRECT_OR_COMPUTED} ; database/019_sprint4_teacher_authority_correction.sql:L48@asset_manager_register_candidate[INSERT explicit column]{DIRECT_OR_COMPUTED} ; database/019_sprint4_teacher_authority_correction.sql:L59@asset_manager_review[UPDATE SET]{DIRECT_OR_COMPUTED} ; database/019_sprint4_teacher_authority_correction.sql:L73@asset_manager_activate[UPDATE SET]{DIRECT_OR_COMPUTED} ; database/023_sprint4_rollback_state_correction.sql:L10@asset_manager_rollback[UPDATE SET]{DIRECT_OR_COMPUTED} ; database/024_sprint4_level1_narrow_corrections.sql:L39@asset_manager_import_candidate[INSERT explicit column]{DIRECT_OR_COMPUTED} ; database/024_sprint4_level1_narrow_corrections.sql:L41@asset_manager_submit_for_review[UPDATE SET]{DIRECT_OR_COMPUTED} ; database/024_sprint4_level1_narrow_corrections.sql:L58@asset_manager_activate_group[UPDATE SET]{DIRECT_OR_COMPUTED} ; database/024_sprint4_level1_narrow_corrections.sql:L66@asset_manager_rollback_group[UPDATE SET]{DIRECT_OR_COMPUTED} ; database/025_sprint4_two_narrow_blockers.sql:L25@asset_manager_import_candidate[INSERT explicit column]{DIRECT_OR_COMPUTED} ; database/025_sprint4_two_narrow_blockers.sql:L56@asset_manager_transition_group[UPDATE SET]{DIRECT_OR_COMPUTED} ; database/025_sprint4_two_narrow_blockers.sql:L57@asset_manager_transition_group[UPDATE SET]{DIRECT_OR_COMPUTED} ; database/025_sprint4_two_narrow_blockers.sql:L72@asset_manager_rollback_group[UPDATE SET]{DIRECT_OR_COMPUTED} ; database/026_sprint4_group_target_and_registry_lock.sql:L38@asset_manager_transition_group[UPDATE SET]{DIRECT_OR_COMPUTED} ; database/026_sprint4_group_target_and_registry_lock.sql:L39@asset_manager_transition_group[UPDATE SET]{DIRECT_OR_COMPUTED},38,database/018_sprint4_asset_manager_v2.sql:L57@asset_manager_review[SELECT * INTO row] ; database/018_sprint4_asset_manager_v2.sql:L58@asset_manager_review[qualified/rowtype field reference] ; database/018_sprint4_asset_manager_v2.sql:L64@asset_manager_mark_published[SELECT * INTO row] ; database/018_sprint4_asset_manager_v2.sql:L65@asset_manager_mark_published[qualified/rowtype field reference] ; database/018_sprint4_asset_manager_v2.sql:L70@asset_manager_activate[SELECT * INTO row] ; database/018_sprint4_asset_manager_v2.sql:L70@asset_manager_activate[qualified/rowtype field reference] ; database/018_sprint4_asset_manager_v2.sql:L77@asset_resolve[SELECT * INTO row] ; database/018_sprint4_asset_manager_v2.sql:L81@asset_manager_state[to_jsonb(row) exposes field] ; database/019_sprint4_teacher_authority_correction.sql:L57@asset_manager_review[SELECT * INTO row] ; database/019_sprint4_teacher_authority_correction.sql:L58@asset_manager_review[qualified/rowtype field reference] ; database/019_sprint4_teacher_authority_correction.sql:L64@asset_manager_mark_published[SELECT * INTO row] ; database/019_sprint4_teacher_authority_correction.sql:L65@asset_manager_mark_published[qualified/rowtype field reference] ; database/019_sprint4_teacher_authority_correction.sql:L70@asset_manager_activate[SELECT * INTO row] ; database/019_sprint4_teacher_authority_correction.sql:L70@asset_manager_activate[qualified/rowtype field reference] ; database/019_sprint4_teacher_authority_correction.sql:L77@asset_resolve[SELECT * INTO row] ; database/019_sprint4_teacher_authority_correction.sql:L81@asset_manager_state[to_jsonb(row) exposes field] ; database/021_sprint4_anchor_and_activation_controls.sql:L20@asset_manager_rollback[SELECT * INTO row] ; database/021_sprint4_anchor_and_activation_controls.sql:L20@asset_manager_rollback[qualified/rowtype field reference] ; database/021_sprint4_anchor_and_activation_controls.sql:L8@asset_manager_save_anchors[SELECT * INTO row] ; database/021_sprint4_anchor_and_activation_controls.sql:L8@asset_manager_save_anchors[qualified/rowtype field reference] ; database/022_sprint4_paired_activation_gate.sql:L10@asset_manager_activate[SELECT * INTO row] ; database/022_sprint4_paired_activation_gate.sql:L17@asset_manager_activate[qualified/rowtype field reference] ; database/023_sprint4_rollback_state_correction.sql:L8@asset_manager_rollback[SELECT * INTO row] ; database/023_sprint4_rollback_state_correction.sql:L9@asset_manager_rollback[qualified/rowtype field reference] ; database/024_sprint4_level1_narrow_corrections.sql:L38@asset_manager_import_candidate[SELECT * INTO row] ; database/024_sprint4_level1_narrow_corrections.sql:L38@asset_manager_import_candidate[qualified/rowtype field reference] ; database/024_sprint4_level1_narrow_corrections.sql:L40@asset_manager_import_candidate[qualified/rowtype field reference] ; database/024_sprint4_level1_narrow_corrections.sql:L41@asset_manager_submit_for_review[SELECT * INTO row] ; database/024_sprint4_level1_narrow_corrections.sql:L41@asset_manager_submit_for_review[qualified/rowtype field reference] ; database/024_sprint4_level1_narrow_corrections.sql:L53@asset_manager_activate_group[qualified/rowtype field reference] ; database/025_sprint4_two_narrow_blockers.sql:L13@asset_manager_import_candidate[SELECT * INTO row] ; database/025_sprint4_two_narrow_blockers.sql:L23@asset_manager_import_candidate[qualified/rowtype field reference] ; database/025_sprint4_two_narrow_blockers.sql:L28@asset_manager_import_candidate[qualified/rowtype field reference] ; database/025_sprint4_two_narrow_blockers.sql:L48@asset_manager_transition_group[qualified/rowtype field reference] ; database/025_sprint4_two_narrow_blockers.sql:L54@asset_manager_transition_group[qualified/rowtype field reference] ; database/026_sprint4_group_target_and_registry_lock.sql:L30@asset_manager_transition_group[qualified/rowtype field reference] ; database/026_sprint4_group_target_and_registry_lock.sql:L36@asset_manager_transition_group[qualified/rowtype field reference] ; database/058_sprint9_active_asset_load_failure_telemetry.sql:L14@asset_report_load_failure[qualified/rowtype field reference],0,,0,,0,
F0019,asset_candidates#10,asset_candidates,approved_by,10,1,YES,2,database/018_sprint4_asset_manager_v2.sql:L59@asset_manager_review[UPDATE SET]{DIRECT_OR_COMPUTED} ; database/019_sprint4_teacher_authority_correction.sql:L59@asset_manager_review[UPDATE SET]{DIRECT_OR_COMPUTED},17,database/018_sprint4_asset_manager_v2.sql:L57@asset_manager_review[SELECT * INTO row] ; database/018_sprint4_asset_manager_v2.sql:L64@asset_manager_mark_published[SELECT * INTO row] ; database/018_sprint4_asset_manager_v2.sql:L70@asset_manager_activate[SELECT * INTO row] ; database/018_sprint4_asset_manager_v2.sql:L77@asset_resolve[SELECT * INTO row] ; database/018_sprint4_asset_manager_v2.sql:L81@asset_manager_state[to_jsonb(row) exposes field] ; database/019_sprint4_teacher_authority_correction.sql:L57@asset_manager_review[SELECT * INTO row] ; database/019_sprint4_teacher_authority_correction.sql:L64@asset_manager_mark_published[SELECT * INTO row] ; database/019_sprint4_teacher_authority_correction.sql:L70@asset_manager_activate[SELECT * INTO row] ; database/019_sprint4_teacher_authority_correction.sql:L77@asset_resolve[SELECT * INTO row] ; database/019_sprint4_teacher_authority_correction.sql:L81@asset_manager_state[to_jsonb(row) exposes field] ; database/021_sprint4_anchor_and_activation_controls.sql:L20@asset_manager_rollback[SELECT * INTO row] ; database/021_sprint4_anchor_and_activation_controls.sql:L8@asset_manager_save_anchors[SELECT * INTO row] ; database/022_sprint4_paired_activation_gate.sql:L10@asset_manager_activate[SELECT * INTO row] ; database/023_sprint4_rollback_state_correction.sql:L8@asset_manager_rollback[SELECT * INTO row] ; database/024_sprint4_level1_narrow_corrections.sql:L38@asset_manager_import_candidate[SELECT * INTO row] ; database/024_sprint4_level1_narrow_corrections.sql:L41@asset_manager_submit_for_review[SELECT * INTO row] ; database/025_sprint4_two_narrow_blockers.sql:L13@asset_manager_import_candidate[SELECT * INTO row],0,,0,,0,
F0020,asset_candidates#11,asset_candidates,approved_at,11,1,YES,2,database/018_sprint4_asset_manager_v2.sql:L59@asset_manager_review[UPDATE SET]{DIRECT_OR_COMPUTED} ; database/019_sprint4_teacher_authority_correction.sql:L59@asset_manager_review[UPDATE SET]{DIRECT_OR_COMPUTED},17,database/018_sprint4_asset_manager_v2.sql:L57@asset_manager_review[SELECT * INTO row] ; database/018_sprint4_asset_manager_v2.sql:L64@asset_manager_mark_published[SELECT * INTO row] ; database/018_sprint4_asset_manager_v2.sql:L70@asset_manager_activate[SELECT * INTO row] ; database/018_sprint4_asset_manager_v2.sql:L77@asset_resolve[SELECT * INTO row] ; database/018_sprint4_asset_manager_v2.sql:L81@asset_manager_state[to_jsonb(row) exposes field] ; database/019_sprint4_teacher_authority_correction.sql:L57@asset_manager_review[SELECT * INTO row] ; database/019_sprint4_teacher_authority_correction.sql:L64@asset_manager_mark_published[SELECT * INTO row] ; database/019_sprint4_teacher_authority_correction.sql:L70@asset_manager_activate[SELECT * INTO row] ; database/019_sprint4_teacher_authority_correction.sql:L77@asset_resolve[SELECT * INTO row] ; database/019_sprint4_teacher_authority_correction.sql:L81@asset_manager_state[to_jsonb(row) exposes field] ; database/021_sprint4_anchor_and_activation_controls.sql:L20@asset_manager_rollback[SELECT * INTO row] ; database/021_sprint4_anchor_and_activation_controls.sql:L8@asset_manager_save_anchors[SELECT * INTO row] ; database/022_sprint4_paired_activation_gate.sql:L10@asset_manager_activate[SELECT * INTO row] ; database/023_sprint4_rollback_state_correction.sql:L8@asset_manager_rollback[SELECT * INTO row] ; database/024_sprint4_level1_narrow_corrections.sql:L38@asset_manager_import_candidate[SELECT * INTO row] ; database/024_sprint4_level1_narrow_corrections.sql:L41@asset_manager_submit_for_review[SELECT * INTO row] ; database/025_sprint4_two_narrow_blockers.sql:L13@asset_manager_import_candidate[SELECT * INTO row],0,,0,,0,
F0021,asset_candidates#12,asset_candidates,created_at,12,11,NO,0,,17,database/018_sprint4_asset_manager_v2.sql:L57@asset_manager_review[SELECT * INTO row] ; database/018_sprint4_asset_manager_v2.sql:L64@asset_manager_mark_published[SELECT * INTO row] ; database/018_sprint4_asset_manager_v2.sql:L70@asset_manager_activate[SELECT * INTO row] ; database/018_sprint4_asset_manager_v2.sql:L77@asset_resolve[SELECT * INTO row] ; database/018_sprint4_asset_manager_v2.sql:L81@asset_manager_state[to_jsonb(row) exposes field] ; database/019_sprint4_teacher_authority_correction.sql:L57@asset_manager_review[SELECT * INTO row] ; database/019_sprint4_teacher_authority_correction.sql:L64@asset_manager_mark_published[SELECT * INTO row] ; database/019_sprint4_teacher_authority_correction.sql:L70@asset_manager_activate[SELECT * INTO row] ; database/019_sprint4_teacher_authority_correction.sql:L77@asset_resolve[SELECT * INTO row] ; database/019_sprint4_teacher_authority_correction.sql:L81@asset_manager_state[to_jsonb(row) exposes field] ; database/021_sprint4_anchor_and_activation_controls.sql:L20@asset_manager_rollback[SELECT * INTO row] ; database/021_sprint4_anchor_and_activation_controls.sql:L8@asset_manager_save_anchors[SELECT * INTO row] ; database/022_sprint4_paired_activation_gate.sql:L10@asset_manager_activate[SELECT * INTO row] ; database/023_sprint4_rollback_state_correction.sql:L8@asset_manager_rollback[SELECT * INTO row] ; database/024_sprint4_level1_narrow_corrections.sql:L38@asset_manager_import_candidate[SELECT * INTO row] ; database/024_sprint4_level1_narrow_corrections.sql:L41@asset_manager_submit_for_review[SELECT * INTO row] ; database/025_sprint4_two_narrow_blockers.sql:L13@asset_manager_import_candidate[SELECT * INTO row],0,,0,,0,
F0022,asset_candidates#13,asset_candidates,final_prompt,13,1,YES,4,database/018_sprint4_asset_manager_v2.sql:L48@asset_manager_register_candidate[INSERT explicit column]{DIRECT_OR_COMPUTED} ; database/019_sprint4_teacher_authority_correction.sql:L48@asset_manager_register_candidate[INSERT explicit column]{DIRECT_OR_COMPUTED} ; database/024_sprint4_level1_narrow_corrections.sql:L39@asset_manager_import_candidate[INSERT explicit column]{DIRECT_OR_COMPUTED} ; database/025_sprint4_two_narrow_blockers.sql:L25@asset_manager_import_candidate[INSERT explicit column]{DIRECT_OR_COMPUTED},17,database/018_sprint4_asset_manager_v2.sql:L57@asset_manager_review[SELECT * INTO row] ; database/018_sprint4_asset_manager_v2.sql:L64@asset_manager_mark_published[SELECT * INTO row] ; database/018_sprint4_asset_manager_v2.sql:L70@asset_manager_activate[SELECT * INTO row] ; database/018_sprint4_asset_manager_v2.sql:L77@asset_resolve[SELECT * INTO row] ; database/018_sprint4_asset_manager_v2.sql:L81@asset_manager_state[to_jsonb(row) exposes field] ; database/019_sprint4_teacher_authority_correction.sql:L57@asset_manager_review[SELECT * INTO row] ; database/019_sprint4_teacher_authority_correction.sql:L64@asset_manager_mark_published[SELECT * INTO row] ; database/019_sprint4_teacher_authority_correction.sql:L70@asset_manager_activate[SELECT * INTO row] ; database/019_sprint4_teacher_authority_correction.sql:L77@asset_resolve[SELECT * INTO row] ; database/019_sprint4_teacher_authority_correction.sql:L81@asset_manager_state[to_jsonb(row) exposes field] ; database/021_sprint4_anchor_and_activation_controls.sql:L20@asset_manager_rollback[SELECT * INTO row] ; database/021_sprint4_anchor_and_activation_controls.sql:L8@asset_manager_save_anchors[SELECT * INTO row] ; database/022_sprint4_paired_activation_gate.sql:L10@asset_manager_activate[SELECT * INTO row] ; database/023_sprint4_rollback_state_correction.sql:L8@asset_manager_rollback[SELECT * INTO row] ; database/024_sprint4_level1_narrow_corrections.sql:L38@asset_manager_import_candidate[SELECT * INTO row] ; database/024_sprint4_level1_narrow_corrections.sql:L41@asset_manager_submit_for_review[SELECT * INTO row] ; database/025_sprint4_two_narrow_blockers.sql:L13@asset_manager_import_candidate[SELECT * INTO row],0,,0,,0,
F0023,asset_candidates#14,asset_candidates,revision_note,14,1,YES,4,database/018_sprint4_asset_manager_v2.sql:L48@asset_manager_register_candidate[INSERT explicit column]{DIRECT_OR_COMPUTED} ; database/019_sprint4_teacher_authority_correction.sql:L48@asset_manager_register_candidate[INSERT explicit column]{DIRECT_OR_COMPUTED} ; database/024_sprint4_level1_narrow_corrections.sql:L39@asset_manager_import_candidate[INSERT explicit column]{DIRECT_OR_COMPUTED} ; database/025_sprint4_two_narrow_blockers.sql:L25@asset_manager_import_candidate[INSERT explicit column]{DIRECT_OR_COMPUTED},17,database/018_sprint4_asset_manager_v2.sql:L57@asset_manager_review[SELECT * INTO row] ; database/018_sprint4_asset_manager_v2.sql:L64@asset_manager_mark_published[SELECT * INTO row] ; database/018_sprint4_asset_manager_v2.sql:L70@asset_manager_activate[SELECT * INTO row] ; database/018_sprint4_asset_manager_v2.sql:L77@asset_resolve[SELECT * INTO row] ; database/018_sprint4_asset_manager_v2.sql:L81@asset_manager_state[to_jsonb(row) exposes field] ; database/019_sprint4_teacher_authority_correction.sql:L57@asset_manager_review[SELECT * INTO row] ; database/019_sprint4_teacher_authority_correction.sql:L64@asset_manager_mark_published[SELECT * INTO row] ; database/019_sprint4_teacher_authority_correction.sql:L70@asset_manager_activate[SELECT * INTO row] ; database/019_sprint4_teacher_authority_correction.sql:L77@asset_resolve[SELECT * INTO row] ; database/019_sprint4_teacher_authority_correction.sql:L81@asset_manager_state[to_jsonb(row) exposes field] ; database/021_sprint4_anchor_and_activation_controls.sql:L20@asset_manager_rollback[SELECT * INTO row] ; database/021_sprint4_anchor_and_activation_controls.sql:L8@asset_manager_save_anchors[SELECT * INTO row] ; database/022_sprint4_paired_activation_gate.sql:L10@asset_manager_activate[SELECT * INTO row] ; database/023_sprint4_rollback_state_correction.sql:L8@asset_manager_rollback[SELECT * INTO row] ; database/024_sprint4_level1_narrow_corrections.sql:L38@asset_manager_import_candidate[SELECT * INTO row] ; database/024_sprint4_level1_narrow_corrections.sql:L41@asset_manager_submit_for_review[SELECT * INTO row] ; database/025_sprint4_two_narrow_blockers.sql:L13@asset_manager_import_candidate[SELECT * INTO row],1,MEDIUM:src/teacher/teacher-console.js:L428@renderAssets[property-name reference],0,,0,
F0024,asset_candidates#15,asset_candidates,technical_notes,15,1,YES,4,database/018_sprint4_asset_manager_v2.sql:L48@asset_manager_register_candidate[INSERT explicit column]{DIRECT_OR_COMPUTED} ; database/019_sprint4_teacher_authority_correction.sql:L48@asset_manager_register_candidate[INSERT explicit column]{DIRECT_OR_COMPUTED} ; database/024_sprint4_level1_narrow_corrections.sql:L39@asset_manager_import_candidate[INSERT explicit column]{DIRECT_OR_COMPUTED} ; database/025_sprint4_two_narrow_blockers.sql:L25@asset_manager_import_candidate[INSERT explicit column]{DIRECT_OR_COMPUTED},17,database/018_sprint4_asset_manager_v2.sql:L57@asset_manager_review[SELECT * INTO row] ; database/018_sprint4_asset_manager_v2.sql:L64@asset_manager_mark_published[SELECT * INTO row] ; database/018_sprint4_asset_manager_v2.sql:L70@asset_manager_activate[SELECT * INTO row] ; database/018_sprint4_asset_manager_v2.sql:L77@asset_resolve[SELECT * INTO row] ; database/018_sprint4_asset_manager_v2.sql:L81@asset_manager_state[to_jsonb(row) exposes field] ; database/019_sprint4_teacher_authority_correction.sql:L57@asset_manager_review[SELECT * INTO row] ; database/019_sprint4_teacher_authority_correction.sql:L64@asset_manager_mark_published[SELECT * INTO row] ; database/019_sprint4_teacher_authority_correction.sql:L70@asset_manager_activate[SELECT * INTO row] ; database/019_sprint4_teacher_authority_correction.sql:L77@asset_resolve[SELECT * INTO row] ; database/019_sprint4_teacher_authority_correction.sql:L81@asset_manager_state[to_jsonb(row) exposes field] ; database/021_sprint4_anchor_and_activation_controls.sql:L20@asset_manager_rollback[SELECT * INTO row] ; database/021_sprint4_anchor_and_activation_controls.sql:L8@asset_manager_save_anchors[SELECT * INTO row] ; database/022_sprint4_paired_activation_gate.sql:L10@asset_manager_activate[SELECT * INTO row] ; database/023_sprint4_rollback_state_correction.sql:L8@asset_manager_rollback[SELECT * INTO row] ; database/024_sprint4_level1_narrow_corrections.sql:L38@asset_manager_import_candidate[SELECT * INTO row] ; database/024_sprint4_level1_narrow_corrections.sql:L41@asset_manager_submit_for_review[SELECT * INTO row] ; database/025_sprint4_two_narrow_blockers.sql:L13@asset_manager_import_candidate[SELECT * INTO row],1,MEDIUM:src/teacher/teacher-console.js:L428@renderAssets[property-name reference],0,,0,
F0025,asset_candidates#16,asset_candidates,paired_asset_group,16,2,NO,4,database/018_sprint4_asset_manager_v2.sql:L48@asset_manager_register_candidate[INSERT explicit column]{DIRECT_OR_COMPUTED} ; database/019_sprint4_teacher_authority_correction.sql:L48@asset_manager_register_candidate[INSERT explicit column]{DIRECT_OR_COMPUTED} ; database/024_sprint4_level1_narrow_corrections.sql:L39@asset_manager_import_candidate[INSERT explicit column]{DIRECT_OR_COMPUTED} ; database/025_sprint4_two_narrow_blockers.sql:L25@asset_manager_import_candidate[INSERT explicit column]{DIRECT_OR_COMPUTED},21,database/018_sprint4_asset_manager_v2.sql:L57@asset_manager_review[SELECT * INTO row] ; database/018_sprint4_asset_manager_v2.sql:L64@asset_manager_mark_published[SELECT * INTO row] ; database/018_sprint4_asset_manager_v2.sql:L70@asset_manager_activate[SELECT * INTO row] ; database/018_sprint4_asset_manager_v2.sql:L77@asset_resolve[SELECT * INTO row] ; database/018_sprint4_asset_manager_v2.sql:L81@asset_manager_state[to_jsonb(row) exposes field] ; database/019_sprint4_teacher_authority_correction.sql:L57@asset_manager_review[SELECT * INTO row] ; database/019_sprint4_teacher_authority_correction.sql:L64@asset_manager_mark_published[SELECT * INTO row] ; database/019_sprint4_teacher_authority_correction.sql:L70@asset_manager_activate[SELECT * INTO row] ; database/019_sprint4_teacher_authority_correction.sql:L77@asset_resolve[SELECT * INTO row] ; database/019_sprint4_teacher_authority_correction.sql:L81@asset_manager_state[to_jsonb(row) exposes field] ; database/021_sprint4_anchor_and_activation_controls.sql:L20@asset_manager_rollback[SELECT * INTO row] ; database/021_sprint4_anchor_and_activation_controls.sql:L8@asset_manager_save_anchors[SELECT * INTO row] ; database/022_sprint4_paired_activation_gate.sql:L10@asset_manager_activate[SELECT * INTO row] ; database/022_sprint4_paired_activation_gate.sql:L12@asset_manager_activate[qualified/rowtype field reference] ; database/022_sprint4_paired_activation_gate.sql:L14@asset_manager_activate[qualified/rowtype field reference] ; database/023_sprint4_rollback_state_correction.sql:L8@asset_manager_rollback[SELECT * INTO row] ; database/024_sprint4_level1_narrow_corrections.sql:L38@asset_manager_import_candidate[SELECT * INTO row] ; database/024_sprint4_level1_narrow_corrections.sql:L41@asset_manager_submit_for_review[SELECT * INTO row] ; database/025_sprint4_two_narrow_blockers.sql:L13@asset_manager_import_candidate[SELECT * INTO row] ; database/025_sprint4_two_narrow_blockers.sql:L54@asset_manager_transition_group[qualified/rowtype field reference] ; database/026_sprint4_group_target_and_registry_lock.sql:L36@asset_manager_transition_group[qualified/rowtype field reference],0,,0,,0,
F0026,asset_candidates#17,asset_candidates,view_name,17,1,YES,4,database/018_sprint4_asset_manager_v2.sql:L48@asset_manager_register_candidate[INSERT explicit column]{DIRECT_OR_COMPUTED} ; database/019_sprint4_teacher_authority_correction.sql:L48@asset_manager_register_candidate[INSERT explicit column]{DIRECT_OR_COMPUTED} ; database/024_sprint4_level1_narrow_corrections.sql:L39@asset_manager_import_candidate[INSERT explicit column]{DIRECT_OR_COMPUTED} ; database/025_sprint4_two_narrow_blockers.sql:L25@asset_manager_import_candidate[INSERT explicit column]{DIRECT_OR_COMPUTED},17,database/018_sprint4_asset_manager_v2.sql:L57@asset_manager_review[SELECT * INTO row] ; database/018_sprint4_asset_manager_v2.sql:L64@asset_manager_mark_published[SELECT * INTO row] ; database/018_sprint4_asset_manager_v2.sql:L70@asset_manager_activate[SELECT * INTO row] ; database/018_sprint4_asset_manager_v2.sql:L77@asset_resolve[SELECT * INTO row] ; database/018_sprint4_asset_manager_v2.sql:L81@asset_manager_state[to_jsonb(row) exposes field] ; database/019_sprint4_teacher_authority_correction.sql:L57@asset_manager_review[SELECT * INTO row] ; database/019_sprint4_teacher_authority_correction.sql:L64@asset_manager_mark_published[SELECT * INTO row] ; database/019_sprint4_teacher_authority_correction.sql:L70@asset_manager_activate[SELECT * INTO row] ; database/019_sprint4_teacher_authority_correction.sql:L77@asset_resolve[SELECT * INTO row] ; database/019_sprint4_teacher_authority_correction.sql:L81@asset_manager_state[to_jsonb(row) exposes field] ; database/021_sprint4_anchor_and_activation_controls.sql:L20@asset_manager_rollback[SELECT * INTO row] ; database/021_sprint4_anchor_and_activation_controls.sql:L8@asset_manager_save_anchors[SELECT * INTO row] ; database/022_sprint4_paired_activation_gate.sql:L10@asset_manager_activate[SELECT * INTO row] ; database/023_sprint4_rollback_state_correction.sql:L8@asset_manager_rollback[SELECT * INTO row] ; database/024_sprint4_level1_narrow_corrections.sql:L38@asset_manager_import_candidate[SELECT * INTO row] ; database/024_sprint4_level1_narrow_corrections.sql:L41@asset_manager_submit_for_review[SELECT * INTO row] ; database/025_sprint4_two_narrow_blockers.sql:L13@asset_manager_import_candidate[SELECT * INTO row],0,,0,,0,
F0027,asset_candidates#18,asset_candidates,ui_anchors,18,1,YES,5,database/018_sprint4_asset_manager_v2.sql:L48@asset_manager_register_candidate[INSERT explicit column]{DIRECT_OR_COMPUTED} ; database/019_sprint4_teacher_authority_correction.sql:L48@asset_manager_register_candidate[INSERT explicit column]{DIRECT_OR_COMPUTED} ; database/021_sprint4_anchor_and_activation_controls.sql:L12@asset_manager_save_anchors[UPDATE SET]{DIRECT_OR_COMPUTED} ; database/024_sprint4_level1_narrow_corrections.sql:L39@asset_manager_import_candidate[INSERT explicit column]{DIRECT_OR_COMPUTED} ; database/025_sprint4_two_narrow_blockers.sql:L25@asset_manager_import_candidate[INSERT explicit column]{DIRECT_OR_COMPUTED},24,database/018_sprint4_asset_manager_v2.sql:L57@asset_manager_review[SELECT * INTO row] ; database/018_sprint4_asset_manager_v2.sql:L64@asset_manager_mark_published[SELECT * INTO row] ; database/018_sprint4_asset_manager_v2.sql:L70@asset_manager_activate[SELECT * INTO row] ; database/018_sprint4_asset_manager_v2.sql:L72@asset_manager_activate[qualified/rowtype field reference] ; database/018_sprint4_asset_manager_v2.sql:L77@asset_resolve[SELECT * INTO row] ; database/018_sprint4_asset_manager_v2.sql:L78@asset_resolve[qualified/rowtype field reference] ; database/018_sprint4_asset_manager_v2.sql:L81@asset_manager_state[to_jsonb(row) exposes field] ; database/019_sprint4_teacher_authority_correction.sql:L57@asset_manager_review[SELECT * INTO row] ; database/019_sprint4_teacher_authority_correction.sql:L64@asset_manager_mark_published[SELECT * INTO row] ; database/019_sprint4_teacher_authority_correction.sql:L70@asset_manager_activate[SELECT * INTO row] ; database/019_sprint4_teacher_authority_correction.sql:L72@asset_manager_activate[qualified/rowtype field reference] ; database/019_sprint4_teacher_authority_correction.sql:L77@asset_resolve[SELECT * INTO row] ; database/019_sprint4_teacher_authority_correction.sql:L78@asset_resolve[qualified/rowtype field reference] ; database/019_sprint4_teacher_authority_correction.sql:L81@asset_manager_state[to_jsonb(row) exposes field] ; database/021_sprint4_anchor_and_activation_controls.sql:L20@asset_manager_rollback[SELECT * INTO row] ; database/021_sprint4_anchor_and_activation_controls.sql:L8@asset_manager_save_anchors[SELECT * INTO row] ; database/022_sprint4_paired_activation_gate.sql:L10@asset_manager_activate[SELECT * INTO row] ; database/023_sprint4_rollback_state_correction.sql:L8@asset_manager_rollback[SELECT * INTO row] ; database/024_sprint4_level1_narrow_corrections.sql:L38@asset_manager_import_candidate[SELECT * INTO row] ; database/024_sprint4_level1_narrow_corrections.sql:L41@asset_manager_submit_for_review[SELECT * INTO row] ; database/024_sprint4_level1_narrow_corrections.sql:L55@asset_manager_activate_group[qualified/rowtype field reference] ; database/025_sprint4_two_narrow_blockers.sql:L13@asset_manager_import_candidate[SELECT * INTO row] ; database/025_sprint4_two_narrow_blockers.sql:L50@asset_manager_transition_group[qualified/rowtype field reference] ; database/026_sprint4_group_target_and_registry_lock.sql:L32@asset_manager_transition_group[qualified/rowtype field reference],9,MEDIUM:scripts/wp-r4a-publish-activate-images.mjs:L181@main[property-name reference] ; MEDIUM:scripts/wp-r4a-publish-activate-images.mjs:L278@main[property-name reference] ; MEDIUM:src/game/app.js:L415@anchor[property-name reference] ; MEDIUM:src/teacher/teacher-console.js:L428@renderAssets[property-name reference] ; MEDIUM:tests/sprint4-live-e2e.js:L12@main[property-name reference] ; MEDIUM:tests/structural-package-d-live-e2e.js:L36@main[property-name reference] ; MEDIUM:tests/structural-package-d-live-e2e.js:L38@main[property-name reference] ; MEDIUM:tests/structural-package-d-static-check.js:L48@assert[property-name reference] ; MEDIUM:tools/sprint9-asset-readiness-validator.mjs:L77@normalizeAnchors[property-name reference],0,,0,
F0028,asset_candidates#19,asset_candidates,width_px,19,1,YES,4,database/018_sprint4_asset_manager_v2.sql:L48@asset_manager_register_candidate[INSERT explicit column]{DIRECT_OR_COMPUTED} ; database/019_sprint4_teacher_authority_correction.sql:L48@asset_manager_register_candidate[INSERT explicit column]{DIRECT_OR_COMPUTED} ; database/024_sprint4_level1_narrow_corrections.sql:L39@asset_manager_import_candidate[INSERT explicit column]{DIRECT_OR_COMPUTED} ; database/025_sprint4_two_narrow_blockers.sql:L25@asset_manager_import_candidate[INSERT explicit column]{DIRECT_OR_COMPUTED},20,database/018_sprint4_asset_manager_v2.sql:L57@asset_manager_review[SELECT * INTO row] ; database/018_sprint4_asset_manager_v2.sql:L64@asset_manager_mark_published[SELECT * INTO row] ; database/018_sprint4_asset_manager_v2.sql:L70@asset_manager_activate[SELECT * INTO row] ; database/018_sprint4_asset_manager_v2.sql:L77@asset_resolve[SELECT * INTO row] ; database/018_sprint4_asset_manager_v2.sql:L78@asset_resolve[qualified/rowtype field reference] ; database/018_sprint4_asset_manager_v2.sql:L81@asset_manager_state[to_jsonb(row) exposes field] ; database/019_sprint4_teacher_authority_correction.sql:L57@asset_manager_review[SELECT * INTO row] ; database/019_sprint4_teacher_authority_correction.sql:L64@asset_manager_mark_published[SELECT * INTO row] ; database/019_sprint4_teacher_authority_correction.sql:L70@asset_manager_activate[SELECT * INTO row] ; database/019_sprint4_teacher_authority_correction.sql:L77@asset_resolve[SELECT * INTO row] ; database/019_sprint4_teacher_authority_correction.sql:L78@asset_resolve[qualified/rowtype field reference] ; database/019_sprint4_teacher_authority_correction.sql:L81@asset_manager_state[to_jsonb(row) exposes field] ; database/021_sprint4_anchor_and_activation_controls.sql:L20@asset_manager_rollback[SELECT * INTO row] ; database/021_sprint4_anchor_and_activation_controls.sql:L8@asset_manager_save_anchors[SELECT * INTO row] ; database/022_sprint4_paired_activation_gate.sql:L10@asset_manager_activate[SELECT * INTO row] ; database/023_sprint4_rollback_state_correction.sql:L8@asset_manager_rollback[SELECT * INTO row] ; database/024_sprint4_level1_narrow_corrections.sql:L38@asset_manager_import_candidate[SELECT * INTO row] ; database/024_sprint4_level1_narrow_corrections.sql:L41@asset_manager_submit_for_review[SELECT * INTO row] ; database/025_sprint4_two_narrow_blockers.sql:L13@asset_manager_import_candidate[SELECT * INTO row] ; database/025_sprint4_two_narrow_blockers.sql:L18@asset_manager_import_candidate[qualified/rowtype field reference],4,MEDIUM:tools/sprint9-asset-readiness-validator.mjs:L128@inspectCandidate[property-name reference] ; MEDIUM:tools/sprint9-asset-readiness-validator.mjs:L131@inspectCandidate[property-name reference] ; MEDIUM:tools/sprint9-asset-readiness-validator.mjs:L132@inspectCandidate[property-name reference] ; MEDIUM:tools/sprint9-asset-readiness-validator.mjs:L158@inspectCandidate[property-name reference],0,,0,
F0029,asset_candidates#20,asset_candidates,height_px,20,1,YES,4,database/018_sprint4_asset_manager_v2.sql:L48@asset_manager_register_candidate[INSERT explicit column]{DIRECT_OR_COMPUTED} ; database/019_sprint4_teacher_authority_correction.sql:L48@asset_manager_register_candidate[INSERT explicit column]{DIRECT_OR_COMPUTED} ; database/024_sprint4_level1_narrow_corrections.sql:L39@asset_manager_import_candidate[INSERT explicit column]{DIRECT_OR_COMPUTED} ; database/025_sprint4_two_narrow_blockers.sql:L25@asset_manager_import_candidate[INSERT explicit column]{DIRECT_OR_COMPUTED},20,database/018_sprint4_asset_manager_v2.sql:L57@asset_manager_review[SELECT * INTO row] ; database/018_sprint4_asset_manager_v2.sql:L64@asset_manager_mark_published[SELECT * INTO row] ; database/018_sprint4_asset_manager_v2.sql:L70@asset_manager_activate[SELECT * INTO row] ; database/018_sprint4_asset_manager_v2.sql:L77@asset_resolve[SELECT * INTO row] ; database/018_sprint4_asset_manager_v2.sql:L78@asset_resolve[qualified/rowtype field reference] ; database/018_sprint4_asset_manager_v2.sql:L81@asset_manager_state[to_jsonb(row) exposes field] ; database/019_sprint4_teacher_authority_correction.sql:L57@asset_manager_review[SELECT * INTO row] ; database/019_sprint4_teacher_authority_correction.sql:L64@asset_manager_mark_published[SELECT * INTO row] ; database/019_sprint4_teacher_authority_correction.sql:L70@asset_manager_activate[SELECT * INTO row] ; database/019_sprint4_teacher_authority_correction.sql:L77@asset_resolve[SELECT * INTO row] ; database/019_sprint4_teacher_authority_correction.sql:L78@asset_resolve[qualified/rowtype field reference] ; database/019_sprint4_teacher_authority_correction.sql:L81@asset_manager_state[to_jsonb(row) exposes field] ; database/021_sprint4_anchor_and_activation_controls.sql:L20@asset_manager_rollback[SELECT * INTO row] ; database/021_sprint4_anchor_and_activation_controls.sql:L8@asset_manager_save_anchors[SELECT * INTO row] ; database/022_sprint4_paired_activation_gate.sql:L10@asset_manager_activate[SELECT * INTO row] ; database/023_sprint4_rollback_state_correction.sql:L8@asset_manager_rollback[SELECT * INTO row] ; database/024_sprint4_level1_narrow_corrections.sql:L38@asset_manager_import_candidate[SELECT * INTO row] ; database/024_sprint4_level1_narrow_corrections.sql:L41@asset_manager_submit_for_review[SELECT * INTO row] ; database/025_sprint4_two_narrow_blockers.sql:L13@asset_manager_import_candidate[SELECT * INTO row] ; database/025_sprint4_two_narrow_blockers.sql:L19@asset_manager_import_candidate[qualified/rowtype field reference],4,MEDIUM:tools/sprint9-asset-readiness-validator.mjs:L128@inspectCandidate[property-name reference] ; MEDIUM:tools/sprint9-asset-readiness-validator.mjs:L131@inspectCandidate[property-name reference] ; MEDIUM:tools/sprint9-asset-readiness-validator.mjs:L132@inspectCandidate[property-name reference] ; MEDIUM:tools/sprint9-asset-readiness-validator.mjs:L158@inspectCandidate[property-name reference],0,,0,
F0030,asset_candidates#21,asset_candidates,mime_type,21,1,YES,4,database/018_sprint4_asset_manager_v2.sql:L48@asset_manager_register_candidate[INSERT explicit column]{DIRECT_OR_COMPUTED} ; database/019_sprint4_teacher_authority_correction.sql:L48@asset_manager_register_candidate[INSERT explicit column]{DIRECT_OR_COMPUTED} ; database/024_sprint4_level1_narrow_corrections.sql:L39@asset_manager_import_candidate[INSERT explicit column]{DIRECT_OR_COMPUTED} ; database/025_sprint4_two_narrow_blockers.sql:L25@asset_manager_import_candidate[INSERT explicit column]{DIRECT_OR_COMPUTED},20,database/018_sprint4_asset_manager_v2.sql:L57@asset_manager_review[SELECT * INTO row] ; database/018_sprint4_asset_manager_v2.sql:L64@asset_manager_mark_published[SELECT * INTO row] ; database/018_sprint4_asset_manager_v2.sql:L70@asset_manager_activate[SELECT * INTO row] ; database/018_sprint4_asset_manager_v2.sql:L77@asset_resolve[SELECT * INTO row] ; database/018_sprint4_asset_manager_v2.sql:L78@asset_resolve[qualified/rowtype field reference] ; database/018_sprint4_asset_manager_v2.sql:L81@asset_manager_state[to_jsonb(row) exposes field] ; database/019_sprint4_teacher_authority_correction.sql:L57@asset_manager_review[SELECT * INTO row] ; database/019_sprint4_teacher_authority_correction.sql:L64@asset_manager_mark_published[SELECT * INTO row] ; database/019_sprint4_teacher_authority_correction.sql:L70@asset_manager_activate[SELECT * INTO row] ; database/019_sprint4_teacher_authority_correction.sql:L77@asset_resolve[SELECT * INTO row] ; database/019_sprint4_teacher_authority_correction.sql:L78@asset_resolve[qualified/rowtype field reference] ; database/019_sprint4_teacher_authority_correction.sql:L81@asset_manager_state[to_jsonb(row) exposes field] ; database/021_sprint4_anchor_and_activation_controls.sql:L20@asset_manager_rollback[SELECT * INTO row] ; database/021_sprint4_anchor_and_activation_controls.sql:L8@asset_manager_save_anchors[SELECT * INTO row] ; database/022_sprint4_paired_activation_gate.sql:L10@asset_manager_activate[SELECT * INTO row] ; database/023_sprint4_rollback_state_correction.sql:L8@asset_manager_rollback[SELECT * INTO row] ; database/024_sprint4_level1_narrow_corrections.sql:L38@asset_manager_import_candidate[SELECT * INTO row] ; database/024_sprint4_level1_narrow_corrections.sql:L41@asset_manager_submit_for_review[SELECT * INTO row] ; database/025_sprint4_two_narrow_blockers.sql:L13@asset_manager_import_candidate[SELECT * INTO row] ; database/025_sprint4_two_narrow_blockers.sql:L17@asset_manager_import_candidate[qualified/rowtype field reference],4,MEDIUM:scripts/publish-asset-candidate.mjs:L6@TOP_LEVEL[property-name reference] ; MEDIUM:scripts/wp-r4a-publish-activate-images.mjs:L133@publishCandidate[property-name reference] ; MEDIUM:tools/sprint9-asset-readiness-validator.mjs:L139@inspectCandidate[property-name reference] ; MEDIUM:tools/sprint9-asset-readiness-validator.mjs:L160@inspectCandidate[property-name reference],0,,0,
F0031,asset_candidates#22,asset_candidates,duration_ms,22,1,YES,4,database/018_sprint4_asset_manager_v2.sql:L48@asset_manager_register_candidate[INSERT explicit column]{DIRECT_OR_COMPUTED} ; database/019_sprint4_teacher_authority_correction.sql:L48@asset_manager_register_candidate[INSERT explicit column]{DIRECT_OR_COMPUTED} ; database/024_sprint4_level1_narrow_corrections.sql:L39@asset_manager_import_candidate[INSERT explicit column]{DIRECT_OR_COMPUTED} ; database/025_sprint4_two_narrow_blockers.sql:L25@asset_manager_import_candidate[INSERT explicit column]{DIRECT_OR_COMPUTED},20,database/018_sprint4_asset_manager_v2.sql:L57@asset_manager_review[SELECT * INTO row] ; database/018_sprint4_asset_manager_v2.sql:L64@asset_manager_mark_published[SELECT * INTO row] ; database/018_sprint4_asset_manager_v2.sql:L70@asset_manager_activate[SELECT * INTO row] ; database/018_sprint4_asset_manager_v2.sql:L77@asset_resolve[SELECT * INTO row] ; database/018_sprint4_asset_manager_v2.sql:L78@asset_resolve[qualified/rowtype field reference] ; database/018_sprint4_asset_manager_v2.sql:L81@asset_manager_state[to_jsonb(row) exposes field] ; database/019_sprint4_teacher_authority_correction.sql:L57@asset_manager_review[SELECT * INTO row] ; database/019_sprint4_teacher_authority_correction.sql:L64@asset_manager_mark_published[SELECT * INTO row] ; database/019_sprint4_teacher_authority_correction.sql:L70@asset_manager_activate[SELECT * INTO row] ; database/019_sprint4_teacher_authority_correction.sql:L77@asset_resolve[SELECT * INTO row] ; database/019_sprint4_teacher_authority_correction.sql:L78@asset_resolve[qualified/rowtype field reference] ; database/019_sprint4_teacher_authority_correction.sql:L81@asset_manager_state[to_jsonb(row) exposes field] ; database/021_sprint4_anchor_and_activation_controls.sql:L20@asset_manager_rollback[SELECT * INTO row] ; database/021_sprint4_anchor_and_activation_controls.sql:L8@asset_manager_save_anchors[SELECT * INTO row] ; database/022_sprint4_paired_activation_gate.sql:L10@asset_manager_activate[SELECT * INTO row] ; database/023_sprint4_rollback_state_correction.sql:L8@asset_manager_rollback[SELECT * INTO row] ; database/024_sprint4_level1_narrow_corrections.sql:L38@asset_manager_import_candidate[SELECT * INTO row] ; database/024_sprint4_level1_narrow_corrections.sql:L41@asset_manager_submit_for_review[SELECT * INTO row] ; database/025_sprint4_two_narrow_blockers.sql:L13@asset_manager_import_candidate[SELECT * INTO row] ; database/025_sprint4_two_narrow_blockers.sql:L20@asset_manager_import_candidate[qualified/rowtype field reference],2,MEDIUM:tools/sprint9-asset-readiness-validator.mjs:L140@inspectCandidate[property-name reference] ; MEDIUM:tools/sprint9-asset-readiness-validator.mjs:L160@inspectCandidate[property-name reference],0,,0,
F0032,asset_candidates#23,asset_candidates,loopable,23,1,YES,4,database/018_sprint4_asset_manager_v2.sql:L48@asset_manager_register_candidate[INSERT explicit column]{DIRECT_OR_COMPUTED} ; database/019_sprint4_teacher_authority_correction.sql:L48@asset_manager_register_candidate[INSERT explicit column]{DIRECT_OR_COMPUTED} ; database/024_sprint4_level1_narrow_corrections.sql:L39@asset_manager_import_candidate[INSERT explicit column]{DIRECT_OR_COMPUTED} ; database/025_sprint4_two_narrow_blockers.sql:L25@asset_manager_import_candidate[INSERT explicit column]{DIRECT_OR_COMPUTED},20,database/018_sprint4_asset_manager_v2.sql:L57@asset_manager_review[SELECT * INTO row] ; database/018_sprint4_asset_manager_v2.sql:L64@asset_manager_mark_published[SELECT * INTO row] ; database/018_sprint4_asset_manager_v2.sql:L70@asset_manager_activate[SELECT * INTO row] ; database/018_sprint4_asset_manager_v2.sql:L77@asset_resolve[SELECT * INTO row] ; database/018_sprint4_asset_manager_v2.sql:L78@asset_resolve[qualified/rowtype field reference] ; database/018_sprint4_asset_manager_v2.sql:L81@asset_manager_state[to_jsonb(row) exposes field] ; database/019_sprint4_teacher_authority_correction.sql:L57@asset_manager_review[SELECT * INTO row] ; database/019_sprint4_teacher_authority_correction.sql:L64@asset_manager_mark_published[SELECT * INTO row] ; database/019_sprint4_teacher_authority_correction.sql:L70@asset_manager_activate[SELECT * INTO row] ; database/019_sprint4_teacher_authority_correction.sql:L77@asset_resolve[SELECT * INTO row] ; database/019_sprint4_teacher_authority_correction.sql:L78@asset_resolve[qualified/rowtype field reference] ; database/019_sprint4_teacher_authority_correction.sql:L81@asset_manager_state[to_jsonb(row) exposes field] ; database/021_sprint4_anchor_and_activation_controls.sql:L20@asset_manager_rollback[SELECT * INTO row] ; database/021_sprint4_anchor_and_activation_controls.sql:L8@asset_manager_save_anchors[SELECT * INTO row] ; database/022_sprint4_paired_activation_gate.sql:L10@asset_manager_activate[SELECT * INTO row] ; database/023_sprint4_rollback_state_correction.sql:L8@asset_manager_rollback[SELECT * INTO row] ; database/024_sprint4_level1_narrow_corrections.sql:L38@asset_manager_import_candidate[SELECT * INTO row] ; database/024_sprint4_level1_narrow_corrections.sql:L41@asset_manager_submit_for_review[SELECT * INTO row] ; database/025_sprint4_two_narrow_blockers.sql:L13@asset_manager_import_candidate[SELECT * INTO row] ; database/025_sprint4_two_narrow_blockers.sql:L21@asset_manager_import_candidate[qualified/rowtype field reference],2,MEDIUM:tools/sprint9-asset-readiness-validator.mjs:L141@inspectCandidate[property-name reference] ; MEDIUM:tools/sprint9-asset-readiness-validator.mjs:L160@inspectCandidate[property-name reference],0,,0,
F0033,asset_candidates#24,asset_candidates,license_source,24,1,YES,4,database/018_sprint4_asset_manager_v2.sql:L48@asset_manager_register_candidate[INSERT explicit column]{DIRECT_OR_COMPUTED} ; database/019_sprint4_teacher_authority_correction.sql:L48@asset_manager_register_candidate[INSERT explicit column]{DIRECT_OR_COMPUTED} ; database/024_sprint4_level1_narrow_corrections.sql:L39@asset_manager_import_candidate[INSERT explicit column]{DIRECT_OR_COMPUTED} ; database/025_sprint4_two_narrow_blockers.sql:L25@asset_manager_import_candidate[INSERT explicit column]{DIRECT_OR_COMPUTED},17,database/018_sprint4_asset_manager_v2.sql:L57@asset_manager_review[SELECT * INTO row] ; database/018_sprint4_asset_manager_v2.sql:L64@asset_manager_mark_published[SELECT * INTO row] ; database/018_sprint4_asset_manager_v2.sql:L70@asset_manager_activate[SELECT * INTO row] ; database/018_sprint4_asset_manager_v2.sql:L77@asset_resolve[SELECT * INTO row] ; database/018_sprint4_asset_manager_v2.sql:L81@asset_manager_state[to_jsonb(row) exposes field] ; database/019_sprint4_teacher_authority_correction.sql:L57@asset_manager_review[SELECT * INTO row] ; database/019_sprint4_teacher_authority_correction.sql:L64@asset_manager_mark_published[SELECT * INTO row] ; database/019_sprint4_teacher_authority_correction.sql:L70@asset_manager_activate[SELECT * INTO row] ; database/019_sprint4_teacher_authority_correction.sql:L77@asset_resolve[SELECT * INTO row] ; database/019_sprint4_teacher_authority_correction.sql:L81@asset_manager_state[to_jsonb(row) exposes field] ; database/021_sprint4_anchor_and_activation_controls.sql:L20@asset_manager_rollback[SELECT * INTO row] ; database/021_sprint4_anchor_and_activation_controls.sql:L8@asset_manager_save_anchors[SELECT * INTO row] ; database/022_sprint4_paired_activation_gate.sql:L10@asset_manager_activate[SELECT * INTO row] ; database/023_sprint4_rollback_state_correction.sql:L8@asset_manager_rollback[SELECT * INTO row] ; database/024_sprint4_level1_narrow_corrections.sql:L38@asset_manager_import_candidate[SELECT * INTO row] ; database/024_sprint4_level1_narrow_corrections.sql:L41@asset_manager_submit_for_review[SELECT * INTO row] ; database/025_sprint4_two_narrow_blockers.sql:L13@asset_manager_import_candidate[SELECT * INTO row],2,MEDIUM:tools/sprint9-asset-readiness-validator.mjs:L142@inspectCandidate[property-name reference] ; MEDIUM:tools/sprint9-asset-readiness-validator.mjs:L161@inspectCandidate[property-name reference],0,,0,
F0034,asset_candidates#25,asset_candidates,loudness_note,25,1,YES,4,database/018_sprint4_asset_manager_v2.sql:L48@asset_manager_register_candidate[INSERT explicit column]{DIRECT_OR_COMPUTED} ; database/019_sprint4_teacher_authority_correction.sql:L48@asset_manager_register_candidate[INSERT explicit column]{DIRECT_OR_COMPUTED} ; database/024_sprint4_level1_narrow_corrections.sql:L39@asset_manager_import_candidate[INSERT explicit column]{DIRECT_OR_COMPUTED} ; database/025_sprint4_two_narrow_blockers.sql:L25@asset_manager_import_candidate[INSERT explicit column]{DIRECT_OR_COMPUTED},17,database/018_sprint4_asset_manager_v2.sql:L57@asset_manager_review[SELECT * INTO row] ; database/018_sprint4_asset_manager_v2.sql:L64@asset_manager_mark_published[SELECT * INTO row] ; database/018_sprint4_asset_manager_v2.sql:L70@asset_manager_activate[SELECT * INTO row] ; database/018_sprint4_asset_manager_v2.sql:L77@asset_resolve[SELECT * INTO row] ; database/018_sprint4_asset_manager_v2.sql:L81@asset_manager_state[to_jsonb(row) exposes field] ; database/019_sprint4_teacher_authority_correction.sql:L57@asset_manager_review[SELECT * INTO row] ; database/019_sprint4_teacher_authority_correction.sql:L64@asset_manager_mark_published[SELECT * INTO row] ; database/019_sprint4_teacher_authority_correction.sql:L70@asset_manager_activate[SELECT * INTO row] ; database/019_sprint4_teacher_authority_correction.sql:L77@asset_resolve[SELECT * INTO row] ; database/019_sprint4_teacher_authority_correction.sql:L81@asset_manager_state[to_jsonb(row) exposes field] ; database/021_sprint4_anchor_and_activation_controls.sql:L20@asset_manager_rollback[SELECT * INTO row] ; database/021_sprint4_anchor_and_activation_controls.sql:L8@asset_manager_save_anchors[SELECT * INTO row] ; database/022_sprint4_paired_activation_gate.sql:L10@asset_manager_activate[SELECT * INTO row] ; database/023_sprint4_rollback_state_correction.sql:L8@asset_manager_rollback[SELECT * INTO row] ; database/024_sprint4_level1_narrow_corrections.sql:L38@asset_manager_import_candidate[SELECT * INTO row] ; database/024_sprint4_level1_narrow_corrections.sql:L41@asset_manager_submit_for_review[SELECT * INTO row] ; database/025_sprint4_two_narrow_blockers.sql:L13@asset_manager_import_candidate[SELECT * INTO row],2,MEDIUM:tools/sprint9-asset-readiness-validator.mjs:L143@inspectCandidate[property-name reference] ; MEDIUM:tools/sprint9-asset-readiness-validator.mjs:L161@inspectCandidate[property-name reference],0,,0,
F0035,asset_candidates#26,asset_candidates,continuity_refs,26,2,NO,4,database/018_sprint4_asset_manager_v2.sql:L48@asset_manager_register_candidate[INSERT explicit column]{DIRECT_OR_COMPUTED} ; database/019_sprint4_teacher_authority_correction.sql:L48@asset_manager_register_candidate[INSERT explicit column]{DIRECT_OR_COMPUTED} ; database/024_sprint4_level1_narrow_corrections.sql:L39@asset_manager_import_candidate[INSERT explicit column]{DIRECT_OR_COMPUTED} ; database/025_sprint4_two_narrow_blockers.sql:L25@asset_manager_import_candidate[INSERT explicit column]{DIRECT_OR_COMPUTED},17,database/018_sprint4_asset_manager_v2.sql:L57@asset_manager_review[SELECT * INTO row] ; database/018_sprint4_asset_manager_v2.sql:L64@asset_manager_mark_published[SELECT * INTO row] ; database/018_sprint4_asset_manager_v2.sql:L70@asset_manager_activate[SELECT * INTO row] ; database/018_sprint4_asset_manager_v2.sql:L77@asset_resolve[SELECT * INTO row] ; database/018_sprint4_asset_manager_v2.sql:L81@asset_manager_state[to_jsonb(row) exposes field] ; database/019_sprint4_teacher_authority_correction.sql:L57@asset_manager_review[SELECT * INTO row] ; database/019_sprint4_teacher_authority_correction.sql:L64@asset_manager_mark_published[SELECT * INTO row] ; database/019_sprint4_teacher_authority_correction.sql:L70@asset_manager_activate[SELECT * INTO row] ; database/019_sprint4_teacher_authority_correction.sql:L77@asset_resolve[SELECT * INTO row] ; database/019_sprint4_teacher_authority_correction.sql:L81@asset_manager_state[to_jsonb(row) exposes field] ; database/021_sprint4_anchor_and_activation_controls.sql:L20@asset_manager_rollback[SELECT * INTO row] ; database/021_sprint4_anchor_and_activation_controls.sql:L8@asset_manager_save_anchors[SELECT * INTO row] ; database/022_sprint4_paired_activation_gate.sql:L10@asset_manager_activate[SELECT * INTO row] ; database/023_sprint4_rollback_state_correction.sql:L8@asset_manager_rollback[SELECT * INTO row] ; database/024_sprint4_level1_narrow_corrections.sql:L38@asset_manager_import_candidate[SELECT * INTO row] ; database/024_sprint4_level1_narrow_corrections.sql:L41@asset_manager_submit_for_review[SELECT * INTO row] ; database/025_sprint4_two_narrow_blockers.sql:L13@asset_manager_import_candidate[SELECT * INTO row],0,,0,,0,
F0036,asset_candidates#27,asset_candidates,required_anchors,27,2,NO,4,database/018_sprint4_asset_manager_v2.sql:L48@asset_manager_register_candidate[INSERT explicit column]{DIRECT_OR_COMPUTED} ; database/019_sprint4_teacher_authority_correction.sql:L48@asset_manager_register_candidate[INSERT explicit column]{DIRECT_OR_COMPUTED} ; database/024_sprint4_level1_narrow_corrections.sql:L39@asset_manager_import_candidate[INSERT explicit column]{DIRECT_OR_COMPUTED} ; database/025_sprint4_two_narrow_blockers.sql:L25@asset_manager_import_candidate[INSERT explicit column]{DIRECT_OR_COMPUTED},20,database/018_sprint4_asset_manager_v2.sql:L57@asset_manager_review[SELECT * INTO row] ; database/018_sprint4_asset_manager_v2.sql:L64@asset_manager_mark_published[SELECT * INTO row] ; database/018_sprint4_asset_manager_v2.sql:L70@asset_manager_activate[SELECT * INTO row] ; database/018_sprint4_asset_manager_v2.sql:L77@asset_resolve[SELECT * INTO row] ; database/018_sprint4_asset_manager_v2.sql:L81@asset_manager_state[to_jsonb(row) exposes field] ; database/019_sprint4_teacher_authority_correction.sql:L57@asset_manager_review[SELECT * INTO row] ; database/019_sprint4_teacher_authority_correction.sql:L64@asset_manager_mark_published[SELECT * INTO row] ; database/019_sprint4_teacher_authority_correction.sql:L70@asset_manager_activate[SELECT * INTO row] ; database/019_sprint4_teacher_authority_correction.sql:L77@asset_resolve[SELECT * INTO row] ; database/019_sprint4_teacher_authority_correction.sql:L81@asset_manager_state[to_jsonb(row) exposes field] ; database/021_sprint4_anchor_and_activation_controls.sql:L20@asset_manager_rollback[SELECT * INTO row] ; database/021_sprint4_anchor_and_activation_controls.sql:L8@asset_manager_save_anchors[SELECT * INTO row] ; database/022_sprint4_paired_activation_gate.sql:L10@asset_manager_activate[SELECT * INTO row] ; database/023_sprint4_rollback_state_correction.sql:L8@asset_manager_rollback[SELECT * INTO row] ; database/024_sprint4_level1_narrow_corrections.sql:L38@asset_manager_import_candidate[SELECT * INTO row] ; database/024_sprint4_level1_narrow_corrections.sql:L41@asset_manager_submit_for_review[SELECT * INTO row] ; database/024_sprint4_level1_narrow_corrections.sql:L55@asset_manager_activate_group[qualified/rowtype field reference] ; database/025_sprint4_two_narrow_blockers.sql:L13@asset_manager_import_candidate[SELECT * INTO row] ; database/025_sprint4_two_narrow_blockers.sql:L50@asset_manager_transition_group[qualified/rowtype field reference] ; database/026_sprint4_group_target_and_registry_lock.sql:L32@asset_manager_transition_group[qualified/rowtype field reference],0,,0,,0,
F0037,asset_candidates#28,asset_candidates,sha256,28,1,YES,4,database/018_sprint4_asset_manager_v2.sql:L48@asset_manager_register_candidate[INSERT explicit column]{DIRECT_OR_COMPUTED} ; database/019_sprint4_teacher_authority_correction.sql:L48@asset_manager_register_candidate[INSERT explicit column]{DIRECT_OR_COMPUTED} ; database/024_sprint4_level1_narrow_corrections.sql:L39@asset_manager_import_candidate[INSERT explicit column]{DIRECT_OR_COMPUTED} ; database/025_sprint4_two_narrow_blockers.sql:L25@asset_manager_import_candidate[INSERT explicit column]{DIRECT_OR_COMPUTED},21,database/018_sprint4_asset_manager_v2.sql:L57@asset_manager_review[SELECT * INTO row] ; database/018_sprint4_asset_manager_v2.sql:L64@asset_manager_mark_published[SELECT * INTO row] ; database/018_sprint4_asset_manager_v2.sql:L65@asset_manager_mark_published[qualified/rowtype field reference] ; database/018_sprint4_asset_manager_v2.sql:L70@asset_manager_activate[SELECT * INTO row] ; database/018_sprint4_asset_manager_v2.sql:L77@asset_resolve[SELECT * INTO row] ; database/018_sprint4_asset_manager_v2.sql:L81@asset_manager_state[to_jsonb(row) exposes field] ; database/019_sprint4_teacher_authority_correction.sql:L57@asset_manager_review[SELECT * INTO row] ; database/019_sprint4_teacher_authority_correction.sql:L64@asset_manager_mark_published[SELECT * INTO row] ; database/019_sprint4_teacher_authority_correction.sql:L65@asset_manager_mark_published[qualified/rowtype field reference] ; database/019_sprint4_teacher_authority_correction.sql:L70@asset_manager_activate[SELECT * INTO row] ; database/019_sprint4_teacher_authority_correction.sql:L77@asset_resolve[SELECT * INTO row] ; database/019_sprint4_teacher_authority_correction.sql:L81@asset_manager_state[to_jsonb(row) exposes field] ; database/021_sprint4_anchor_and_activation_controls.sql:L20@asset_manager_rollback[SELECT * INTO row] ; database/021_sprint4_anchor_and_activation_controls.sql:L8@asset_manager_save_anchors[SELECT * INTO row] ; database/022_sprint4_paired_activation_gate.sql:L10@asset_manager_activate[SELECT * INTO row] ; database/023_sprint4_rollback_state_correction.sql:L8@asset_manager_rollback[SELECT * INTO row] ; database/024_sprint4_level1_narrow_corrections.sql:L38@asset_manager_import_candidate[SELECT * INTO row] ; database/024_sprint4_level1_narrow_corrections.sql:L41@asset_manager_submit_for_review[SELECT * INTO row] ; database/025_sprint4_two_narrow_blockers.sql:L13@asset_manager_import_candidate[SELECT * INTO row] ; database/025_sprint4_two_narrow_blockers.sql:L15@asset_manager_import_candidate[qualified/rowtype field reference] ; database/025_sprint4_two_narrow_blockers.sql:L27@asset_manager_import_candidate[qualified/rowtype field reference],10,MEDIUM:scripts/publish-asset-candidate.mjs:L4@TOP_LEVEL[property-name reference] ; MEDIUM:scripts/publish-asset-candidate.mjs:L5@TOP_LEVEL[property-name reference] ; MEDIUM:scripts/wp-r4a-publish-activate-images.mjs:L130@publishCandidate[property-name reference] ; MEDIUM:scripts/wp-r4a-publish-activate-images.mjs:L180@main[property-name reference] ; MEDIUM:scripts/wp-r4a-publish-activate-images.mjs:L193@main[property-name reference] ; MEDIUM:scripts/wp-r4a-publish-activate-images.mjs:L283@main[property-name reference] ; MEDIUM:tools/sprint9-asset-readiness-validator.mjs:L124@inspectCandidate[property-name reference] ; MEDIUM:tools/sprint9-asset-readiness-validator.mjs:L125@inspectCandidate[property-name reference] ; MEDIUM:tools/sprint9-asset-readiness-validator.mjs:L126@inspectCandidate[property-name reference] ; MEDIUM:tools/sprint9-asset-readiness-validator.mjs:L157@inspectCandidate[property-name reference],0,,0,
F0038,asset_candidates#29,asset_candidates,published_at,29,1,YES,2,database/018_sprint4_asset_manager_v2.sql:L66@asset_manager_mark_published[UPDATE SET]{DIRECT_OR_COMPUTED} ; database/019_sprint4_teacher_authority_correction.sql:L66@asset_manager_mark_published[UPDATE SET]{DIRECT_OR_COMPUTED},26,database/018_sprint4_asset_manager_v2.sql:L57@asset_manager_review[SELECT * INTO row] ; database/018_sprint4_asset_manager_v2.sql:L64@asset_manager_mark_published[SELECT * INTO row] ; database/018_sprint4_asset_manager_v2.sql:L70@asset_manager_activate[SELECT * INTO row] ; database/018_sprint4_asset_manager_v2.sql:L70@asset_manager_activate[qualified/rowtype field reference] ; database/018_sprint4_asset_manager_v2.sql:L77@asset_resolve[SELECT * INTO row] ; database/018_sprint4_asset_manager_v2.sql:L81@asset_manager_state[to_jsonb(row) exposes field] ; database/019_sprint4_teacher_authority_correction.sql:L57@asset_manager_review[SELECT * INTO row] ; database/019_sprint4_teacher_authority_correction.sql:L64@asset_manager_mark_published[SELECT * INTO row] ; database/019_sprint4_teacher_authority_correction.sql:L70@asset_manager_activate[SELECT * INTO row] ; database/019_sprint4_teacher_authority_correction.sql:L70@asset_manager_activate[qualified/rowtype field reference] ; database/019_sprint4_teacher_authority_correction.sql:L77@asset_resolve[SELECT * INTO row] ; database/019_sprint4_teacher_authority_correction.sql:L81@asset_manager_state[to_jsonb(row) exposes field] ; database/021_sprint4_anchor_and_activation_controls.sql:L20@asset_manager_rollback[SELECT * INTO row] ; database/021_sprint4_anchor_and_activation_controls.sql:L20@asset_manager_rollback[qualified/rowtype field reference] ; database/021_sprint4_anchor_and_activation_controls.sql:L8@asset_manager_save_anchors[SELECT * INTO row] ; database/022_sprint4_paired_activation_gate.sql:L10@asset_manager_activate[SELECT * INTO row] ; database/022_sprint4_paired_activation_gate.sql:L17@asset_manager_activate[qualified/rowtype field reference] ; database/023_sprint4_rollback_state_correction.sql:L8@asset_manager_rollback[SELECT * INTO row] ; database/023_sprint4_rollback_state_correction.sql:L9@asset_manager_rollback[qualified/rowtype field reference] ; database/024_sprint4_level1_narrow_corrections.sql:L38@asset_manager_import_candidate[SELECT * INTO row] ; database/024_sprint4_level1_narrow_corrections.sql:L41@asset_manager_submit_for_review[SELECT * INTO row] ; database/024_sprint4_level1_narrow_corrections.sql:L53@asset_manager_activate_group[qualified/rowtype field reference] ; database/025_sprint4_two_narrow_blockers.sql:L13@asset_manager_import_candidate[SELECT * INTO row] ; database/025_sprint4_two_narrow_blockers.sql:L48@asset_manager_transition_group[qualified/rowtype field reference] ; database/026_sprint4_group_target_and_registry_lock.sql:L30@asset_manager_transition_group[qualified/rowtype field reference] ; database/058_sprint9_active_asset_load_failure_telemetry.sql:L15@asset_report_load_failure[qualified/rowtype field reference],1,MEDIUM:scripts/wp-r4a-publish-activate-images.mjs:L132@publishCandidate[property-name reference],0,,0,
F0039,asset_events#01,asset_events,event_id,1,4,NO,9,database/018_sprint4_asset_manager_v2.sql:L50@asset_manager_register_candidate[INSERT positional/all columns]{POSITIONAL_WRITE} ; database/018_sprint4_asset_manager_v2.sql:L60@asset_manager_review[INSERT positional/all columns]{POSITIONAL_WRITE} ; database/018_sprint4_asset_manager_v2.sql:L66@asset_manager_mark_published[INSERT positional/all columns]{POSITIONAL_WRITE} ; database/018_sprint4_asset_manager_v2.sql:L73@asset_manager_activate[INSERT positional/all columns]{POSITIONAL_WRITE} ; database/019_sprint4_teacher_authority_correction.sql:L50@asset_manager_register_candidate[INSERT positional/all columns]{POSITIONAL_WRITE} ; database/019_sprint4_teacher_authority_correction.sql:L60@asset_manager_review[INSERT positional/all columns]{POSITIONAL_WRITE} ; database/019_sprint4_teacher_authority_correction.sql:L66@asset_manager_mark_published[INSERT positional/all columns]{POSITIONAL_WRITE} ; database/019_sprint4_teacher_authority_correction.sql:L73@asset_manager_activate[INSERT positional/all columns]{POSITIONAL_WRITE} ; database/021_sprint4_anchor_and_activation_controls.sql:L13@asset_manager_save_anchors[INSERT positional/all columns]{POSITIONAL_WRITE},0,,0,,0,,0,
F0040,asset_events#02,asset_events,asset_key,2,3,NO,15,database/018_sprint4_asset_manager_v2.sql:L50@asset_manager_register_candidate[INSERT positional/all columns]{POSITIONAL_WRITE} ; database/018_sprint4_asset_manager_v2.sql:L60@asset_manager_review[INSERT positional/all columns]{POSITIONAL_WRITE} ; database/018_sprint4_asset_manager_v2.sql:L66@asset_manager_mark_published[INSERT positional/all columns]{POSITIONAL_WRITE} ; database/018_sprint4_asset_manager_v2.sql:L73@asset_manager_activate[INSERT positional/all columns]{POSITIONAL_WRITE} ; database/018_sprint4_asset_manager_v2.sql:L77@asset_resolve[INSERT explicit column]{DIRECT_OR_COMPUTED} ; database/019_sprint4_teacher_authority_correction.sql:L50@asset_manager_register_candidate[INSERT positional/all columns]{POSITIONAL_WRITE} ; database/019_sprint4_teacher_authority_correction.sql:L60@asset_manager_review[INSERT positional/all columns]{POSITIONAL_WRITE} ; database/019_sprint4_teacher_authority_correction.sql:L66@asset_manager_mark_published[INSERT positional/all columns]{POSITIONAL_WRITE} ; database/019_sprint4_teacher_authority_correction.sql:L73@asset_manager_activate[INSERT positional/all columns]{POSITIONAL_WRITE} ; database/019_sprint4_teacher_authority_correction.sql:L77@asset_resolve[INSERT explicit column]{DIRECT_OR_COMPUTED} ; database/021_sprint4_anchor_and_activation_controls.sql:L13@asset_manager_save_anchors[INSERT positional/all columns]{POSITIONAL_WRITE} ; database/025_sprint4_two_narrow_blockers.sql:L27@asset_manager_import_candidate[INSERT explicit column]{DIRECT_OR_COMPUTED} ; database/025_sprint4_two_narrow_blockers.sql:L53@asset_manager_transition_group[INSERT explicit column]{DIRECT_OR_COMPUTED} ; database/026_sprint4_group_target_and_registry_lock.sql:L35@asset_manager_transition_group[INSERT explicit column]{DIRECT_OR_COMPUTED} ; database/058_sprint9_active_asset_load_failure_telemetry.sql:L27@asset_report_load_failure[INSERT explicit column]{DIRECT_OR_COMPUTED},1,database/058_sprint9_active_asset_load_failure_telemetry.sql:L22@asset_report_load_failure[qualified/rowtype field reference],0,,0,,0,
F0041,asset_events#03,asset_events,event_type,3,4,NO,15,database/018_sprint4_asset_manager_v2.sql:L50@asset_manager_register_candidate[INSERT positional/all columns]{POSITIONAL_WRITE} ; database/018_sprint4_asset_manager_v2.sql:L60@asset_manager_review[INSERT positional/all columns]{POSITIONAL_WRITE} ; database/018_sprint4_asset_manager_v2.sql:L66@asset_manager_mark_published[INSERT positional/all columns]{POSITIONAL_WRITE} ; database/018_sprint4_asset_manager_v2.sql:L73@asset_manager_activate[INSERT positional/all columns]{POSITIONAL_WRITE} ; database/018_sprint4_asset_manager_v2.sql:L77@asset_resolve[INSERT explicit column]{DIRECT_OR_COMPUTED} ; database/019_sprint4_teacher_authority_correction.sql:L50@asset_manager_register_candidate[INSERT positional/all columns]{POSITIONAL_WRITE} ; database/019_sprint4_teacher_authority_correction.sql:L60@asset_manager_review[INSERT positional/all columns]{POSITIONAL_WRITE} ; database/019_sprint4_teacher_authority_correction.sql:L66@asset_manager_mark_published[INSERT positional/all columns]{POSITIONAL_WRITE} ; database/019_sprint4_teacher_authority_correction.sql:L73@asset_manager_activate[INSERT positional/all columns]{POSITIONAL_WRITE} ; database/019_sprint4_teacher_authority_correction.sql:L77@asset_resolve[INSERT explicit column]{DIRECT_OR_COMPUTED} ; database/021_sprint4_anchor_and_activation_controls.sql:L13@asset_manager_save_anchors[INSERT positional/all columns]{POSITIONAL_WRITE} ; database/025_sprint4_two_narrow_blockers.sql:L27@asset_manager_import_candidate[INSERT explicit column]{DIRECT_OR_COMPUTED} ; database/025_sprint4_two_narrow_blockers.sql:L53@asset_manager_transition_group[INSERT explicit column]{DIRECT_OR_COMPUTED} ; database/026_sprint4_group_target_and_registry_lock.sql:L35@asset_manager_transition_group[INSERT explicit column]{DIRECT_OR_COMPUTED} ; database/058_sprint9_active_asset_load_failure_telemetry.sql:L27@asset_report_load_failure[INSERT explicit column]{DIRECT_OR_COMPUTED},1,database/058_sprint9_active_asset_load_failure_telemetry.sql:L22@asset_report_load_failure[qualified/rowtype field reference],0,,0,,0,
F0042,asset_events#04,asset_events,version,4,2,NO,15,database/018_sprint4_asset_manager_v2.sql:L50@asset_manager_register_candidate[INSERT positional/all columns]{POSITIONAL_WRITE} ; database/018_sprint4_asset_manager_v2.sql:L60@asset_manager_review[INSERT positional/all columns]{POSITIONAL_WRITE} ; database/018_sprint4_asset_manager_v2.sql:L66@asset_manager_mark_published[INSERT positional/all columns]{POSITIONAL_WRITE} ; database/018_sprint4_asset_manager_v2.sql:L73@asset_manager_activate[INSERT positional/all columns]{POSITIONAL_WRITE} ; database/018_sprint4_asset_manager_v2.sql:L77@asset_resolve[INSERT explicit column]{DIRECT_OR_COMPUTED} ; database/019_sprint4_teacher_authority_correction.sql:L50@asset_manager_register_candidate[INSERT positional/all columns]{POSITIONAL_WRITE} ; database/019_sprint4_teacher_authority_correction.sql:L60@asset_manager_review[INSERT positional/all columns]{POSITIONAL_WRITE} ; database/019_sprint4_teacher_authority_correction.sql:L66@asset_manager_mark_published[INSERT positional/all columns]{POSITIONAL_WRITE} ; database/019_sprint4_teacher_authority_correction.sql:L73@asset_manager_activate[INSERT positional/all columns]{POSITIONAL_WRITE} ; database/019_sprint4_teacher_authority_correction.sql:L77@asset_resolve[INSERT explicit column]{DIRECT_OR_COMPUTED} ; database/021_sprint4_anchor_and_activation_controls.sql:L13@asset_manager_save_anchors[INSERT positional/all columns]{POSITIONAL_WRITE} ; database/025_sprint4_two_narrow_blockers.sql:L27@asset_manager_import_candidate[INSERT explicit column]{DIRECT_OR_COMPUTED} ; database/025_sprint4_two_narrow_blockers.sql:L53@asset_manager_transition_group[INSERT explicit column]{DIRECT_OR_COMPUTED} ; database/026_sprint4_group_target_and_registry_lock.sql:L35@asset_manager_transition_group[INSERT explicit column]{DIRECT_OR_COMPUTED} ; database/058_sprint9_active_asset_load_failure_telemetry.sql:L27@asset_report_load_failure[INSERT explicit column]{DIRECT_OR_COMPUTED},1,database/058_sprint9_active_asset_load_failure_telemetry.sql:L22@asset_report_load_failure[qualified/rowtype field reference],0,,0,,0,
F0043,asset_events#05,asset_events,details,5,4,NO,15,database/018_sprint4_asset_manager_v2.sql:L50@asset_manager_register_candidate[INSERT positional/all columns]{POSITIONAL_WRITE} ; database/018_sprint4_asset_manager_v2.sql:L60@asset_manager_review[INSERT positional/all columns]{POSITIONAL_WRITE} ; database/018_sprint4_asset_manager_v2.sql:L66@asset_manager_mark_published[INSERT positional/all columns]{POSITIONAL_WRITE} ; database/018_sprint4_asset_manager_v2.sql:L73@asset_manager_activate[INSERT positional/all columns]{POSITIONAL_WRITE} ; database/018_sprint4_asset_manager_v2.sql:L77@asset_resolve[INSERT explicit column]{DIRECT_OR_COMPUTED} ; database/019_sprint4_teacher_authority_correction.sql:L50@asset_manager_register_candidate[INSERT positional/all columns]{POSITIONAL_WRITE} ; database/019_sprint4_teacher_authority_correction.sql:L60@asset_manager_review[INSERT positional/all columns]{POSITIONAL_WRITE} ; database/019_sprint4_teacher_authority_correction.sql:L66@asset_manager_mark_published[INSERT positional/all columns]{POSITIONAL_WRITE} ; database/019_sprint4_teacher_authority_correction.sql:L73@asset_manager_activate[INSERT positional/all columns]{POSITIONAL_WRITE} ; database/019_sprint4_teacher_authority_correction.sql:L77@asset_resolve[INSERT explicit column]{DIRECT_OR_COMPUTED} ; database/021_sprint4_anchor_and_activation_controls.sql:L13@asset_manager_save_anchors[INSERT positional/all columns]{POSITIONAL_WRITE} ; database/025_sprint4_two_narrow_blockers.sql:L27@asset_manager_import_candidate[INSERT explicit column]{DIRECT_OR_COMPUTED} ; database/025_sprint4_two_narrow_blockers.sql:L53@asset_manager_transition_group[INSERT explicit column]{DIRECT_OR_COMPUTED} ; database/026_sprint4_group_target_and_registry_lock.sql:L35@asset_manager_transition_group[INSERT explicit column]{DIRECT_OR_COMPUTED} ; database/058_sprint9_active_asset_load_failure_telemetry.sql:L27@asset_report_load_failure[INSERT explicit column]{DIRECT_OR_COMPUTED},2,database/058_sprint9_active_asset_load_failure_telemetry.sql:L23@asset_report_load_failure[qualified/rowtype field reference] ; database/058_sprint9_active_asset_load_failure_telemetry.sql:L24@asset_report_load_failure[qualified/rowtype field reference],0,,0,,0,
F0044,asset_events#06,asset_events,created_at,6,11,NO,9,database/018_sprint4_asset_manager_v2.sql:L50@asset_manager_register_candidate[INSERT positional/all columns]{POSITIONAL_WRITE} ; database/018_sprint4_asset_manager_v2.sql:L60@asset_manager_review[INSERT positional/all columns]{POSITIONAL_WRITE} ; database/018_sprint4_asset_manager_v2.sql:L66@asset_manager_mark_published[INSERT positional/all columns]{POSITIONAL_WRITE} ; database/018_sprint4_asset_manager_v2.sql:L73@asset_manager_activate[INSERT positional/all columns]{POSITIONAL_WRITE} ; database/019_sprint4_teacher_authority_correction.sql:L50@asset_manager_register_candidate[INSERT positional/all columns]{POSITIONAL_WRITE} ; database/019_sprint4_teacher_authority_correction.sql:L60@asset_manager_review[INSERT positional/all columns]{POSITIONAL_WRITE} ; database/019_sprint4_teacher_authority_correction.sql:L66@asset_manager_mark_published[INSERT positional/all columns]{POSITIONAL_WRITE} ; database/019_sprint4_teacher_authority_correction.sql:L73@asset_manager_activate[INSERT positional/all columns]{POSITIONAL_WRITE} ; database/021_sprint4_anchor_and_activation_controls.sql:L13@asset_manager_save_anchors[INSERT positional/all columns]{POSITIONAL_WRITE},1,database/058_sprint9_active_asset_load_failure_telemetry.sql:L25@asset_report_load_failure[qualified/rowtype field reference],0,,0,,0,
F0045,asset_manager_reviewers#01,asset_manager_reviewers,token_hash,1,1,YES,0,,0,,0,,1,WRITE:tests/sprint4-026-db-regression.sql:L3@TEST_SQL[INSERT explicit column in test]{TEST_WRITE},0,
F0046,asset_manager_reviewers#02,asset_manager_reviewers,label,2,1,YES,0,,0,,4,MEDIUM:docs/prototypes/round1-ui-v4/GAL_Player_Page.html:L17@TOP_LEVEL[property-name reference] ; MEDIUM:src/game/app.js:L603@renderVote[property-name reference] ; MEDIUM:src/game/app.js:L694@renderState[property-name reference] ; MEDIUM:src/teacher/teacher-console.js:L327@parseVoteOptions[property-name reference],1,WRITE:tests/sprint4-026-db-regression.sql:L3@TEST_SQL[INSERT explicit column in test]{TEST_WRITE},0,
F0047,asset_manager_reviewers#03,asset_manager_reviewers,enabled,3,1,YES,0,,0,,3,MEDIUM:src/teacher/teacher-console.js:L265@renderOperationsState[property-name reference] ; MEDIUM:tests/sprint7-live-e2e.js:L17@main[property-name reference] ; MEDIUM:tests/sprint7-live-e2e.js:L20@main[property-name reference],0,,0,
F0048,asset_manager_reviewers#04,asset_manager_reviewers,created_at,4,11,NO,0,,0,,0,,0,,0,
F0049,asset_registry_projection#01,asset_registry_projection,asset_key,1,3,NO,3,database/018_sprint4_asset_manager_v2.sql:L31@asset_manager_sync_registry[INSERT explicit column]{DIRECT_OR_COMPUTED} ; database/019_sprint4_teacher_authority_correction.sql:L31@asset_manager_sync_registry[INSERT explicit column]{DIRECT_OR_COMPUTED} ; database/024_sprint4_level1_narrow_corrections.sql:L28@asset_manager_sync_registry[INSERT explicit column]{DIRECT_OR_COMPUTED},27,database/018_sprint4_asset_manager_v2.sql:L44@asset_manager_register_candidate[SELECT * INTO row] ; database/018_sprint4_asset_manager_v2.sql:L49@asset_manager_register_candidate[qualified/rowtype field reference] ; database/018_sprint4_asset_manager_v2.sql:L50@asset_manager_register_candidate[qualified/rowtype field reference] ; database/018_sprint4_asset_manager_v2.sql:L70@asset_manager_activate[SELECT * INTO row] ; database/018_sprint4_asset_manager_v2.sql:L76@asset_resolve[SELECT * INTO row] ; database/018_sprint4_asset_manager_v2.sql:L77@asset_resolve[qualified/rowtype field reference] ; database/018_sprint4_asset_manager_v2.sql:L81@asset_manager_state[qualified/rowtype field reference] ; database/018_sprint4_asset_manager_v2.sql:L81@asset_manager_state[to_jsonb(row) exposes field] ; database/019_sprint4_teacher_authority_correction.sql:L44@asset_manager_register_candidate[SELECT * INTO row] ; database/019_sprint4_teacher_authority_correction.sql:L49@asset_manager_register_candidate[qualified/rowtype field reference] ; database/019_sprint4_teacher_authority_correction.sql:L50@asset_manager_register_candidate[qualified/rowtype field reference] ; database/019_sprint4_teacher_authority_correction.sql:L70@asset_manager_activate[SELECT * INTO row] ; database/019_sprint4_teacher_authority_correction.sql:L76@asset_resolve[SELECT * INTO row] ; database/019_sprint4_teacher_authority_correction.sql:L77@asset_resolve[qualified/rowtype field reference] ; database/019_sprint4_teacher_authority_correction.sql:L81@asset_manager_state[qualified/rowtype field reference] ; database/019_sprint4_teacher_authority_correction.sql:L81@asset_manager_state[to_jsonb(row) exposes field] ; database/022_sprint4_paired_activation_gate.sql:L13@asset_manager_activate[qualified/rowtype field reference] ; database/022_sprint4_paired_activation_gate.sql:L14@asset_manager_activate[qualified/rowtype field reference] ; database/022_sprint4_paired_activation_gate.sql:L16@asset_manager_activate[qualified/rowtype field reference] ; database/022_sprint4_paired_activation_gate.sql:L18@asset_manager_activate[qualified/rowtype field reference] ; database/024_sprint4_level1_narrow_corrections.sql:L26@asset_manager_sync_registry[qualified/rowtype field reference] ; database/024_sprint4_level1_narrow_corrections.sql:L37@asset_manager_import_candidate[SELECT * INTO row] ; database/025_sprint4_two_narrow_blockers.sql:L9@asset_manager_import_candidate[SELECT * INTO row] ; database/026_sprint4_group_target_and_registry_lock.sql:L17@asset_manager_transition_group[qualified/rowtype field reference] ; database/026_sprint4_group_target_and_registry_lock.sql:L18@asset_manager_transition_group[qualified/rowtype field reference] ; database/058_sprint9_active_asset_load_failure_telemetry.sql:L13@asset_report_load_failure[qualified/rowtype field reference] ; database/058_sprint9_active_asset_load_failure_telemetry.sql:L14@asset_report_load_failure[qualified/rowtype field reference],0,,0,,0,
F0050,asset_registry_projection#02,asset_registry_projection,display_name,2,2,NO,3,database/018_sprint4_asset_manager_v2.sql:L31@asset_manager_sync_registry[INSERT explicit column]{DIRECT_OR_COMPUTED} ; database/019_sprint4_teacher_authority_correction.sql:L31@asset_manager_sync_registry[INSERT explicit column]{DIRECT_OR_COMPUTED} ; database/024_sprint4_level1_narrow_corrections.sql:L28@asset_manager_sync_registry[INSERT explicit column]{DIRECT_OR_COMPUTED},10,database/018_sprint4_asset_manager_v2.sql:L44@asset_manager_register_candidate[SELECT * INTO row] ; database/018_sprint4_asset_manager_v2.sql:L70@asset_manager_activate[SELECT * INTO row] ; database/018_sprint4_asset_manager_v2.sql:L76@asset_resolve[SELECT * INTO row] ; database/018_sprint4_asset_manager_v2.sql:L81@asset_manager_state[to_jsonb(row) exposes field] ; database/019_sprint4_teacher_authority_correction.sql:L44@asset_manager_register_candidate[SELECT * INTO row] ; database/019_sprint4_teacher_authority_correction.sql:L70@asset_manager_activate[SELECT * INTO row] ; database/019_sprint4_teacher_authority_correction.sql:L76@asset_resolve[SELECT * INTO row] ; database/019_sprint4_teacher_authority_correction.sql:L81@asset_manager_state[to_jsonb(row) exposes field] ; database/024_sprint4_level1_narrow_corrections.sql:L37@asset_manager_import_candidate[SELECT * INTO row] ; database/025_sprint4_two_narrow_blockers.sql:L9@asset_manager_import_candidate[SELECT * INTO row],0,,0,,0,
F0051,asset_registry_projection#03,asset_registry_projection,aliases,3,1,YES,3,database/018_sprint4_asset_manager_v2.sql:L31@asset_manager_sync_registry[INSERT explicit column]{DIRECT_OR_COMPUTED} ; database/019_sprint4_teacher_authority_correction.sql:L31@asset_manager_sync_registry[INSERT explicit column]{DIRECT_OR_COMPUTED} ; database/024_sprint4_level1_narrow_corrections.sql:L28@asset_manager_sync_registry[INSERT explicit column]{DIRECT_OR_COMPUTED},10,database/018_sprint4_asset_manager_v2.sql:L44@asset_manager_register_candidate[SELECT * INTO row] ; database/018_sprint4_asset_manager_v2.sql:L70@asset_manager_activate[SELECT * INTO row] ; database/018_sprint4_asset_manager_v2.sql:L76@asset_resolve[SELECT * INTO row] ; database/018_sprint4_asset_manager_v2.sql:L81@asset_manager_state[to_jsonb(row) exposes field] ; database/019_sprint4_teacher_authority_correction.sql:L44@asset_manager_register_candidate[SELECT * INTO row] ; database/019_sprint4_teacher_authority_correction.sql:L70@asset_manager_activate[SELECT * INTO row] ; database/019_sprint4_teacher_authority_correction.sql:L76@asset_resolve[SELECT * INTO row] ; database/019_sprint4_teacher_authority_correction.sql:L81@asset_manager_state[to_jsonb(row) exposes field] ; database/024_sprint4_level1_narrow_corrections.sql:L37@asset_manager_import_candidate[SELECT * INTO row] ; database/025_sprint4_two_narrow_blockers.sql:L9@asset_manager_import_candidate[SELECT * INTO row],0,,0,,0,
F0052,asset_registry_projection#04,asset_registry_projection,asset_type,4,2,NO,3,database/018_sprint4_asset_manager_v2.sql:L31@asset_manager_sync_registry[INSERT explicit column]{DIRECT_OR_COMPUTED} ; database/019_sprint4_teacher_authority_correction.sql:L31@asset_manager_sync_registry[INSERT explicit column]{DIRECT_OR_COMPUTED} ; database/024_sprint4_level1_narrow_corrections.sql:L28@asset_manager_sync_registry[INSERT explicit column]{DIRECT_OR_COMPUTED},20,database/018_sprint4_asset_manager_v2.sql:L44@asset_manager_register_candidate[SELECT * INTO row] ; database/018_sprint4_asset_manager_v2.sql:L46@asset_manager_register_candidate[qualified/rowtype field reference] ; database/018_sprint4_asset_manager_v2.sql:L49@asset_manager_register_candidate[qualified/rowtype field reference] ; database/018_sprint4_asset_manager_v2.sql:L70@asset_manager_activate[SELECT * INTO row] ; database/018_sprint4_asset_manager_v2.sql:L76@asset_resolve[SELECT * INTO row] ; database/018_sprint4_asset_manager_v2.sql:L77@asset_resolve[qualified/rowtype field reference] ; database/018_sprint4_asset_manager_v2.sql:L81@asset_manager_state[to_jsonb(row) exposes field] ; database/019_sprint4_teacher_authority_correction.sql:L44@asset_manager_register_candidate[SELECT * INTO row] ; database/019_sprint4_teacher_authority_correction.sql:L46@asset_manager_register_candidate[qualified/rowtype field reference] ; database/019_sprint4_teacher_authority_correction.sql:L49@asset_manager_register_candidate[qualified/rowtype field reference] ; database/019_sprint4_teacher_authority_correction.sql:L70@asset_manager_activate[SELECT * INTO row] ; database/019_sprint4_teacher_authority_correction.sql:L76@asset_resolve[SELECT * INTO row] ; database/019_sprint4_teacher_authority_correction.sql:L77@asset_resolve[qualified/rowtype field reference] ; database/019_sprint4_teacher_authority_correction.sql:L81@asset_manager_state[to_jsonb(row) exposes field] ; database/024_sprint4_level1_narrow_corrections.sql:L37@asset_manager_import_candidate[SELECT * INTO row] ; database/024_sprint4_level1_narrow_corrections.sql:L37@asset_manager_import_candidate[qualified/rowtype field reference] ; database/024_sprint4_level1_narrow_corrections.sql:L40@asset_manager_import_candidate[qualified/rowtype field reference] ; database/025_sprint4_two_narrow_blockers.sql:L12@asset_manager_import_candidate[qualified/rowtype field reference] ; database/025_sprint4_two_narrow_blockers.sql:L26@asset_manager_import_candidate[qualified/rowtype field reference] ; database/025_sprint4_two_narrow_blockers.sql:L9@asset_manager_import_candidate[SELECT * INTO row],0,,0,,0,
F0053,asset_registry_projection#05,asset_registry_projection,scene_id,5,11,NO,0,,10,database/018_sprint4_asset_manager_v2.sql:L44@asset_manager_register_candidate[SELECT * INTO row] ; database/018_sprint4_asset_manager_v2.sql:L70@asset_manager_activate[SELECT * INTO row] ; database/018_sprint4_asset_manager_v2.sql:L76@asset_resolve[SELECT * INTO row] ; database/018_sprint4_asset_manager_v2.sql:L81@asset_manager_state[to_jsonb(row) exposes field] ; database/019_sprint4_teacher_authority_correction.sql:L44@asset_manager_register_candidate[SELECT * INTO row] ; database/019_sprint4_teacher_authority_correction.sql:L70@asset_manager_activate[SELECT * INTO row] ; database/019_sprint4_teacher_authority_correction.sql:L76@asset_resolve[SELECT * INTO row] ; database/019_sprint4_teacher_authority_correction.sql:L81@asset_manager_state[to_jsonb(row) exposes field] ; database/024_sprint4_level1_narrow_corrections.sql:L37@asset_manager_import_candidate[SELECT * INTO row] ; database/025_sprint4_two_narrow_blockers.sql:L9@asset_manager_import_candidate[SELECT * INTO row],0,,0,,0,
F0054,asset_registry_projection#06,asset_registry_projection,assigned_to,6,2,NO,0,,10,database/018_sprint4_asset_manager_v2.sql:L44@asset_manager_register_candidate[SELECT * INTO row] ; database/018_sprint4_asset_manager_v2.sql:L70@asset_manager_activate[SELECT * INTO row] ; database/018_sprint4_asset_manager_v2.sql:L76@asset_resolve[SELECT * INTO row] ; database/018_sprint4_asset_manager_v2.sql:L81@asset_manager_state[to_jsonb(row) exposes field] ; database/019_sprint4_teacher_authority_correction.sql:L44@asset_manager_register_candidate[SELECT * INTO row] ; database/019_sprint4_teacher_authority_correction.sql:L70@asset_manager_activate[SELECT * INTO row] ; database/019_sprint4_teacher_authority_correction.sql:L76@asset_resolve[SELECT * INTO row] ; database/019_sprint4_teacher_authority_correction.sql:L81@asset_manager_state[to_jsonb(row) exposes field] ; database/024_sprint4_level1_narrow_corrections.sql:L37@asset_manager_import_candidate[SELECT * INTO row] ; database/025_sprint4_two_narrow_blockers.sql:L9@asset_manager_import_candidate[SELECT * INTO row],0,,0,,0,
F0055,asset_registry_projection#07,asset_registry_projection,latest_version,7,1,YES,3,database/018_sprint4_asset_manager_v2.sql:L31@asset_manager_sync_registry[INSERT explicit column]{DIRECT_OR_COMPUTED} ; database/019_sprint4_teacher_authority_correction.sql:L31@asset_manager_sync_registry[INSERT explicit column]{DIRECT_OR_COMPUTED} ; database/024_sprint4_level1_narrow_corrections.sql:L28@asset_manager_sync_registry[INSERT explicit column]{DIRECT_OR_COMPUTED},14,database/018_sprint4_asset_manager_v2.sql:L44@asset_manager_register_candidate[SELECT * INTO row] ; database/018_sprint4_asset_manager_v2.sql:L45@asset_manager_register_candidate[qualified/rowtype field reference] ; database/018_sprint4_asset_manager_v2.sql:L70@asset_manager_activate[SELECT * INTO row] ; database/018_sprint4_asset_manager_v2.sql:L76@asset_resolve[SELECT * INTO row] ; database/018_sprint4_asset_manager_v2.sql:L81@asset_manager_state[to_jsonb(row) exposes field] ; database/019_sprint4_teacher_authority_correction.sql:L44@asset_manager_register_candidate[SELECT * INTO row] ; database/019_sprint4_teacher_authority_correction.sql:L45@asset_manager_register_candidate[qualified/rowtype field reference] ; database/019_sprint4_teacher_authority_correction.sql:L70@asset_manager_activate[SELECT * INTO row] ; database/019_sprint4_teacher_authority_correction.sql:L76@asset_resolve[SELECT * INTO row] ; database/019_sprint4_teacher_authority_correction.sql:L81@asset_manager_state[to_jsonb(row) exposes field] ; database/024_sprint4_level1_narrow_corrections.sql:L37@asset_manager_import_candidate[SELECT * INTO row] ; database/024_sprint4_level1_narrow_corrections.sql:L37@asset_manager_import_candidate[qualified/rowtype field reference] ; database/025_sprint4_two_narrow_blockers.sql:L12@asset_manager_import_candidate[qualified/rowtype field reference] ; database/025_sprint4_two_narrow_blockers.sql:L9@asset_manager_import_candidate[SELECT * INTO row],14,MEDIUM:scripts/wp-r4a-publish-activate-images.mjs:L168@main[property-name reference] ; MEDIUM:scripts/wp-r4a-publish-activate-images.mjs:L172@main[property-name reference] ; MEDIUM:scripts/wp-r4a-publish-activate-images.mjs:L178@main[property-name reference] ; MEDIUM:scripts/wp-r4a-publish-activate-images.mjs:L186@main[property-name reference] ; MEDIUM:scripts/wp-r4a-publish-activate-images.mjs:L276@main[property-name reference] ; MEDIUM:src/teacher/teacher-console.js:L427@renderAssets[property-name reference] ; MEDIUM:src/teacher/teacher-console.js:L428@renderAssets[property-name reference] ; MEDIUM:tests/sprint9-asset-readiness-validator.test.mjs:L39@candidate[property-name reference] ; MEDIUM:tests/sprint9-asset-readiness-validator.test.mjs:L81@run[property-name reference] ; MEDIUM:tools/sprint9-asset-readiness-validator.mjs:L192@main[property-name reference] ; MEDIUM:tools/sprint9-asset-readiness-validator.mjs:L193@main[property-name reference] ; MEDIUM:tools/sprint9-asset-readiness-validator.mjs:L200@main[property-name reference] ; MEDIUM:tools/sprint9-asset-readiness-validator.mjs:L203@main[property-name reference] ; MEDIUM:tools/sprint9-asset-readiness-validator.mjs:L206@main[property-name reference],0,,0,
F0056,asset_registry_projection#08,asset_registry_projection,active_version,8,1,YES,3,database/018_sprint4_asset_manager_v2.sql:L31@asset_manager_sync_registry[INSERT explicit column]{DIRECT_OR_COMPUTED} ; database/019_sprint4_teacher_authority_correction.sql:L31@asset_manager_sync_registry[INSERT explicit column]{DIRECT_OR_COMPUTED} ; database/024_sprint4_level1_narrow_corrections.sql:L28@asset_manager_sync_registry[INSERT explicit column]{DIRECT_OR_COMPUTED},19,database/018_sprint4_asset_manager_v2.sql:L44@asset_manager_register_candidate[SELECT * INTO row] ; database/018_sprint4_asset_manager_v2.sql:L70@asset_manager_activate[SELECT * INTO row] ; database/018_sprint4_asset_manager_v2.sql:L71@asset_manager_activate[qualified/rowtype field reference] ; database/018_sprint4_asset_manager_v2.sql:L76@asset_resolve[SELECT * INTO row] ; database/018_sprint4_asset_manager_v2.sql:L77@asset_resolve[qualified/rowtype field reference] ; database/018_sprint4_asset_manager_v2.sql:L81@asset_manager_state[to_jsonb(row) exposes field] ; database/019_sprint4_teacher_authority_correction.sql:L44@asset_manager_register_candidate[SELECT * INTO row] ; database/019_sprint4_teacher_authority_correction.sql:L70@asset_manager_activate[SELECT * INTO row] ; database/019_sprint4_teacher_authority_correction.sql:L71@asset_manager_activate[qualified/rowtype field reference] ; database/019_sprint4_teacher_authority_correction.sql:L76@asset_resolve[SELECT * INTO row] ; database/019_sprint4_teacher_authority_correction.sql:L77@asset_resolve[qualified/rowtype field reference] ; database/019_sprint4_teacher_authority_correction.sql:L81@asset_manager_state[to_jsonb(row) exposes field] ; database/022_sprint4_paired_activation_gate.sql:L15@asset_manager_activate[qualified/rowtype field reference] ; database/024_sprint4_level1_narrow_corrections.sql:L37@asset_manager_import_candidate[SELECT * INTO row] ; database/024_sprint4_level1_narrow_corrections.sql:L53@asset_manager_activate_group[qualified/rowtype field reference] ; database/025_sprint4_two_narrow_blockers.sql:L48@asset_manager_transition_group[qualified/rowtype field reference] ; database/025_sprint4_two_narrow_blockers.sql:L9@asset_manager_import_candidate[SELECT * INTO row] ; database/026_sprint4_group_target_and_registry_lock.sql:L30@asset_manager_transition_group[qualified/rowtype field reference] ; database/058_sprint9_active_asset_load_failure_telemetry.sql:L13@asset_report_load_failure[qualified/rowtype field reference],7,MEDIUM:scripts/wp-r4a-publish-activate-images.mjs:L168@main[property-name reference] ; MEDIUM:scripts/wp-r4a-publish-activate-images.mjs:L187@main[property-name reference] ; MEDIUM:scripts/wp-r4a-publish-activate-images.mjs:L284@main[property-name reference] ; MEDIUM:src/teacher/teacher-console.js:L423@renderAssets[property-name reference] ; MEDIUM:src/teacher/teacher-console.js:L428@renderAssets[property-name reference] ; MEDIUM:tools/sprint9-asset-readiness-validator.mjs:L193@main[property-name reference] ; MEDIUM:tools/sprint9-asset-readiness-validator.mjs:L206@main[property-name reference],0,,0,
F0057,asset_registry_projection#09,asset_registry_projection,continuity_refs,9,2,NO,3,database/018_sprint4_asset_manager_v2.sql:L31@asset_manager_sync_registry[INSERT explicit column]{DIRECT_OR_COMPUTED} ; database/019_sprint4_teacher_authority_correction.sql:L31@asset_manager_sync_registry[INSERT explicit column]{DIRECT_OR_COMPUTED} ; database/024_sprint4_level1_narrow_corrections.sql:L28@asset_manager_sync_registry[INSERT explicit column]{DIRECT_OR_COMPUTED},14,database/018_sprint4_asset_manager_v2.sql:L44@asset_manager_register_candidate[SELECT * INTO row] ; database/018_sprint4_asset_manager_v2.sql:L49@asset_manager_register_candidate[qualified/rowtype field reference] ; database/018_sprint4_asset_manager_v2.sql:L70@asset_manager_activate[SELECT * INTO row] ; database/018_sprint4_asset_manager_v2.sql:L76@asset_resolve[SELECT * INTO row] ; database/018_sprint4_asset_manager_v2.sql:L81@asset_manager_state[to_jsonb(row) exposes field] ; database/019_sprint4_teacher_authority_correction.sql:L44@asset_manager_register_candidate[SELECT * INTO row] ; database/019_sprint4_teacher_authority_correction.sql:L49@asset_manager_register_candidate[qualified/rowtype field reference] ; database/019_sprint4_teacher_authority_correction.sql:L70@asset_manager_activate[SELECT * INTO row] ; database/019_sprint4_teacher_authority_correction.sql:L76@asset_resolve[SELECT * INTO row] ; database/019_sprint4_teacher_authority_correction.sql:L81@asset_manager_state[to_jsonb(row) exposes field] ; database/024_sprint4_level1_narrow_corrections.sql:L37@asset_manager_import_candidate[SELECT * INTO row] ; database/024_sprint4_level1_narrow_corrections.sql:L40@asset_manager_import_candidate[qualified/rowtype field reference] ; database/025_sprint4_two_narrow_blockers.sql:L26@asset_manager_import_candidate[qualified/rowtype field reference] ; database/025_sprint4_two_narrow_blockers.sql:L9@asset_manager_import_candidate[SELECT * INTO row],0,,0,,0,
F0058,asset_registry_projection#10,asset_registry_projection,paired_asset_group,10,2,NO,3,database/018_sprint4_asset_manager_v2.sql:L31@asset_manager_sync_registry[INSERT explicit column]{DIRECT_OR_COMPUTED} ; database/019_sprint4_teacher_authority_correction.sql:L31@asset_manager_sync_registry[INSERT explicit column]{DIRECT_OR_COMPUTED} ; database/024_sprint4_level1_narrow_corrections.sql:L28@asset_manager_sync_registry[INSERT explicit column]{DIRECT_OR_COMPUTED},15,database/018_sprint4_asset_manager_v2.sql:L44@asset_manager_register_candidate[SELECT * INTO row] ; database/018_sprint4_asset_manager_v2.sql:L49@asset_manager_register_candidate[qualified/rowtype field reference] ; database/018_sprint4_asset_manager_v2.sql:L70@asset_manager_activate[SELECT * INTO row] ; database/018_sprint4_asset_manager_v2.sql:L76@asset_resolve[SELECT * INTO row] ; database/018_sprint4_asset_manager_v2.sql:L81@asset_manager_state[to_jsonb(row) exposes field] ; database/019_sprint4_teacher_authority_correction.sql:L44@asset_manager_register_candidate[SELECT * INTO row] ; database/019_sprint4_teacher_authority_correction.sql:L49@asset_manager_register_candidate[qualified/rowtype field reference] ; database/019_sprint4_teacher_authority_correction.sql:L70@asset_manager_activate[SELECT * INTO row] ; database/019_sprint4_teacher_authority_correction.sql:L76@asset_resolve[SELECT * INTO row] ; database/019_sprint4_teacher_authority_correction.sql:L81@asset_manager_state[to_jsonb(row) exposes field] ; database/022_sprint4_paired_activation_gate.sql:L14@asset_manager_activate[qualified/rowtype field reference] ; database/024_sprint4_level1_narrow_corrections.sql:L37@asset_manager_import_candidate[SELECT * INTO row] ; database/024_sprint4_level1_narrow_corrections.sql:L40@asset_manager_import_candidate[qualified/rowtype field reference] ; database/025_sprint4_two_narrow_blockers.sql:L26@asset_manager_import_candidate[qualified/rowtype field reference] ; database/025_sprint4_two_narrow_blockers.sql:L9@asset_manager_import_candidate[SELECT * INTO row],0,,0,,0,
F0059,asset_registry_projection#11,asset_registry_projection,required_anchors,11,2,NO,3,database/018_sprint4_asset_manager_v2.sql:L31@asset_manager_sync_registry[INSERT explicit column]{DIRECT_OR_COMPUTED} ; database/019_sprint4_teacher_authority_correction.sql:L31@asset_manager_sync_registry[INSERT explicit column]{DIRECT_OR_COMPUTED} ; database/024_sprint4_level1_narrow_corrections.sql:L28@asset_manager_sync_registry[INSERT explicit column]{DIRECT_OR_COMPUTED},16,database/018_sprint4_asset_manager_v2.sql:L44@asset_manager_register_candidate[SELECT * INTO row] ; database/018_sprint4_asset_manager_v2.sql:L49@asset_manager_register_candidate[qualified/rowtype field reference] ; database/018_sprint4_asset_manager_v2.sql:L70@asset_manager_activate[SELECT * INTO row] ; database/018_sprint4_asset_manager_v2.sql:L72@asset_manager_activate[qualified/rowtype field reference] ; database/018_sprint4_asset_manager_v2.sql:L76@asset_resolve[SELECT * INTO row] ; database/018_sprint4_asset_manager_v2.sql:L81@asset_manager_state[to_jsonb(row) exposes field] ; database/019_sprint4_teacher_authority_correction.sql:L44@asset_manager_register_candidate[SELECT * INTO row] ; database/019_sprint4_teacher_authority_correction.sql:L49@asset_manager_register_candidate[qualified/rowtype field reference] ; database/019_sprint4_teacher_authority_correction.sql:L70@asset_manager_activate[SELECT * INTO row] ; database/019_sprint4_teacher_authority_correction.sql:L72@asset_manager_activate[qualified/rowtype field reference] ; database/019_sprint4_teacher_authority_correction.sql:L76@asset_resolve[SELECT * INTO row] ; database/019_sprint4_teacher_authority_correction.sql:L81@asset_manager_state[to_jsonb(row) exposes field] ; database/024_sprint4_level1_narrow_corrections.sql:L37@asset_manager_import_candidate[SELECT * INTO row] ; database/024_sprint4_level1_narrow_corrections.sql:L40@asset_manager_import_candidate[qualified/rowtype field reference] ; database/025_sprint4_two_narrow_blockers.sql:L26@asset_manager_import_candidate[qualified/rowtype field reference] ; database/025_sprint4_two_narrow_blockers.sql:L9@asset_manager_import_candidate[SELECT * INTO row],0,,0,,0,
F0060,asset_registry_projection#12,asset_registry_projection,runtime_required,12,1,YES,3,database/018_sprint4_asset_manager_v2.sql:L31@asset_manager_sync_registry[INSERT explicit column]{DIRECT_OR_COMPUTED} ; database/019_sprint4_teacher_authority_correction.sql:L31@asset_manager_sync_registry[INSERT explicit column]{DIRECT_OR_COMPUTED} ; database/024_sprint4_level1_narrow_corrections.sql:L28@asset_manager_sync_registry[INSERT explicit column]{DIRECT_OR_COMPUTED},10,database/018_sprint4_asset_manager_v2.sql:L44@asset_manager_register_candidate[SELECT * INTO row] ; database/018_sprint4_asset_manager_v2.sql:L70@asset_manager_activate[SELECT * INTO row] ; database/018_sprint4_asset_manager_v2.sql:L76@asset_resolve[SELECT * INTO row] ; database/018_sprint4_asset_manager_v2.sql:L81@asset_manager_state[to_jsonb(row) exposes field] ; database/019_sprint4_teacher_authority_correction.sql:L44@asset_manager_register_candidate[SELECT * INTO row] ; database/019_sprint4_teacher_authority_correction.sql:L70@asset_manager_activate[SELECT * INTO row] ; database/019_sprint4_teacher_authority_correction.sql:L76@asset_resolve[SELECT * INTO row] ; database/019_sprint4_teacher_authority_correction.sql:L81@asset_manager_state[to_jsonb(row) exposes field] ; database/024_sprint4_level1_narrow_corrections.sql:L37@asset_manager_import_candidate[SELECT * INTO row] ; database/025_sprint4_two_narrow_blockers.sql:L9@asset_manager_import_candidate[SELECT * INTO row],9,MEDIUM:src/teacher/teacher-console.js:L423@renderAssets[property-name reference] ; MEDIUM:tests/sprint9-asset-readiness-validator.test.mjs:L60@run[property-name reference] ; MEDIUM:tests/sprint9-asset-readiness-validator.test.mjs:L68@run[property-name reference] ; MEDIUM:tests/sprint9-asset-readiness-validator.test.mjs:L74@run[property-name reference] ; MEDIUM:tests/sprint9-asset-readiness-validator.test.mjs:L81@run[property-name reference] ; MEDIUM:tests/sprint9-asset-readiness-validator.test.mjs:L96@run[property-name reference] ; MEDIUM:tools/sprint9-asset-readiness-validator.mjs:L205@main[property-name reference] ; MEDIUM:tools/sprint9-asset-readiness-validator.mjs:L250@main[property-name reference] ; MEDIUM:tools/sprint9-asset-readiness-validator.mjs:L262@main[property-name reference],0,,0,
F0061,asset_registry_projection#13,asset_registry_projection,registry_sha256,13,1,YES,3,database/018_sprint4_asset_manager_v2.sql:L31@asset_manager_sync_registry[INSERT explicit column]{DIRECT_OR_COMPUTED} ; database/019_sprint4_teacher_authority_correction.sql:L31@asset_manager_sync_registry[INSERT explicit column]{DIRECT_OR_COMPUTED} ; database/024_sprint4_level1_narrow_corrections.sql:L28@asset_manager_sync_registry[INSERT explicit column]{DIRECT_OR_COMPUTED},10,database/018_sprint4_asset_manager_v2.sql:L44@asset_manager_register_candidate[SELECT * INTO row] ; database/018_sprint4_asset_manager_v2.sql:L70@asset_manager_activate[SELECT * INTO row] ; database/018_sprint4_asset_manager_v2.sql:L76@asset_resolve[SELECT * INTO row] ; database/018_sprint4_asset_manager_v2.sql:L81@asset_manager_state[to_jsonb(row) exposes field] ; database/019_sprint4_teacher_authority_correction.sql:L44@asset_manager_register_candidate[SELECT * INTO row] ; database/019_sprint4_teacher_authority_correction.sql:L70@asset_manager_activate[SELECT * INTO row] ; database/019_sprint4_teacher_authority_correction.sql:L76@asset_resolve[SELECT * INTO row] ; database/019_sprint4_teacher_authority_correction.sql:L81@asset_manager_state[to_jsonb(row) exposes field] ; database/024_sprint4_level1_narrow_corrections.sql:L37@asset_manager_import_candidate[SELECT * INTO row] ; database/025_sprint4_two_narrow_blockers.sql:L9@asset_manager_import_candidate[SELECT * INTO row],0,,0,,0,
F0062,asset_registry_projection#14,asset_registry_projection,projected_at,14,1,YES,3,database/018_sprint4_asset_manager_v2.sql:L31@asset_manager_sync_registry[INSERT explicit column]{DIRECT_OR_COMPUTED} ; database/019_sprint4_teacher_authority_correction.sql:L31@asset_manager_sync_registry[INSERT explicit column]{DIRECT_OR_COMPUTED} ; database/024_sprint4_level1_narrow_corrections.sql:L28@asset_manager_sync_registry[INSERT explicit column]{DIRECT_OR_COMPUTED},10,database/018_sprint4_asset_manager_v2.sql:L44@asset_manager_register_candidate[SELECT * INTO row] ; database/018_sprint4_asset_manager_v2.sql:L70@asset_manager_activate[SELECT * INTO row] ; database/018_sprint4_asset_manager_v2.sql:L76@asset_resolve[SELECT * INTO row] ; database/018_sprint4_asset_manager_v2.sql:L81@asset_manager_state[to_jsonb(row) exposes field] ; database/019_sprint4_teacher_authority_correction.sql:L44@asset_manager_register_candidate[SELECT * INTO row] ; database/019_sprint4_teacher_authority_correction.sql:L70@asset_manager_activate[SELECT * INTO row] ; database/019_sprint4_teacher_authority_correction.sql:L76@asset_resolve[SELECT * INTO row] ; database/019_sprint4_teacher_authority_correction.sql:L81@asset_manager_state[to_jsonb(row) exposes field] ; database/024_sprint4_level1_narrow_corrections.sql:L37@asset_manager_import_candidate[SELECT * INTO row] ; database/025_sprint4_two_narrow_blockers.sql:L9@asset_manager_import_candidate[SELECT * INTO row],0,,1,WRITE:tests/sprint4-026-db-regression.sql:L27@TEST_SQL[UPDATE SET in test]{TEST_WRITE},0,
F0063,dialogue_messages#01,dialogue_messages,message_id,1,1,YES,0,,25,database/002_runtime_runs_discussion.sql:L597@s2_send_message[qualified/rowtype field reference] ; database/002_runtime_runs_discussion.sql:L601@s2_send_message[qualified/rowtype field reference] ; database/002_runtime_runs_discussion.sql:L839@s2_get_player_state[qualified/rowtype field reference] ; database/002_runtime_runs_discussion.sql:L845@s2_get_player_state[qualified/rowtype field reference] ; database/002_runtime_runs_discussion.sql:L992@s2_get_teacher_state[qualified/rowtype field reference] ; database/002_runtime_runs_discussion.sql:L998@s2_get_teacher_state[qualified/rowtype field reference] ; database/003_sprint2_discussionroom_audit_fix.sql:L385@s2_get_player_state[qualified/rowtype field reference] ; database/003_sprint2_discussionroom_audit_fix.sql:L391@s2_get_player_state[qualified/rowtype field reference] ; database/003_sprint2_discussionroom_audit_fix.sql:L540@s2_get_teacher_state[qualified/rowtype field reference] ; database/003_sprint2_discussionroom_audit_fix.sql:L546@s2_get_teacher_state[qualified/rowtype field reference] ; database/003_sprint2_discussionroom_audit_fix.sql:L579@s2_get_teacher_state[qualified/rowtype field reference] ; database/003_sprint2_discussionroom_audit_fix.sql:L585@s2_get_teacher_state[qualified/rowtype field reference] ; database/013_sprint3b_discussion_authority_and_request_identity.sql:L223@s2_send_message[SELECT * INTO row] ; database/013_sprint3b_discussion_authority_and_request_identity.sql:L231@s2_send_message[qualified/rowtype field reference] ; database/013_sprint3b_discussion_authority_and_request_identity.sql:L257@s2_send_message[qualified/rowtype field reference] ; database/013_sprint3b_discussion_authority_and_request_identity.sql:L260@s2_send_message[qualified/rowtype field reference] ; database/029_sprint5_canonical_discussion_localization.sql:L90@s5_get_discussion_state[qualified/rowtype field reference] ; database/030_sprint5_exact_session_messages.sql:L13@s5_send_message[qualified/rowtype field reference] ; database/030_sprint5_exact_session_messages.sql:L9@s5_send_message[SELECT * INTO row] ; database/030_sprint5_exact_session_messages.sql:L9@s5_send_message[qualified/rowtype field reference] ; database/035_sprint6_focused_audit_corrections.sql:L72@s6_get_player_state[qualified/rowtype field reference] ; database/036_sprint6_four_open_findings.sql:L29@s6_get_player_state[qualified/rowtype field reference] ; database/037_level3_independent_audit_closure.sql:L179@s6_get_player_state[qualified/rowtype field reference] ; database/043_sprint7_teacher_console.sql:L61@s7_get_teacher_console[qualified/rowtype field reference] ; database/044_sprint7_focused_level1_corrections.sql:L57@s7_get_teacher_console[qualified/rowtype field reference],1,MEDIUM:tests/sprint3b-remediation-live-e2e.js:L66@main[property-name reference],0,,0,
F0064,dialogue_messages#02,dialogue_messages,run_id,2,36,NO,4,database/002_runtime_runs_discussion.sql:L586@s2_send_message[INSERT explicit column]{DIRECT_OR_COMPUTED} ; database/013_sprint3b_discussion_authority_and_request_identity.sql:L246@s2_send_message[INSERT explicit column]{DIRECT_OR_COMPUTED} ; database/030_sprint5_exact_session_messages.sql:L12@s5_send_message[INSERT explicit column]{DIRECT_OR_COMPUTED} ; database/035_sprint6_focused_audit_corrections.sql:L40@s6_send_message_guarded[INSERT explicit column]{DIRECT_OR_COMPUTED},9,database/002_runtime_runs_discussion.sql:L1002@s2_get_teacher_state[qualified/rowtype field reference] ; database/002_runtime_runs_discussion.sql:L849@s2_get_player_state[qualified/rowtype field reference] ; database/003_sprint2_discussionroom_audit_fix.sql:L395@s2_get_player_state[qualified/rowtype field reference] ; database/003_sprint2_discussionroom_audit_fix.sql:L550@s2_get_teacher_state[qualified/rowtype field reference] ; database/003_sprint2_discussionroom_audit_fix.sql:L589@s2_get_teacher_state[qualified/rowtype field reference] ; database/013_sprint3b_discussion_authority_and_request_identity.sql:L223@s2_send_message[SELECT * INTO row] ; database/030_sprint5_exact_session_messages.sql:L9@s5_send_message[SELECT * INTO row] ; database/043_sprint7_teacher_console.sql:L62@s7_get_teacher_console[qualified/rowtype field reference] ; database/044_sprint7_focused_level1_corrections.sql:L57@s7_get_teacher_console[qualified/rowtype field reference],0,,0,,0,
F0065,dialogue_messages#03,dialogue_messages,discussion_session_id,3,5,NO,4,database/002_runtime_runs_discussion.sql:L586@s2_send_message[INSERT explicit column]{DIRECT_OR_COMPUTED} ; database/013_sprint3b_discussion_authority_and_request_identity.sql:L246@s2_send_message[INSERT explicit column]{DIRECT_OR_COMPUTED} ; database/030_sprint5_exact_session_messages.sql:L12@s5_send_message[INSERT explicit column]{DIRECT_OR_COMPUTED} ; database/035_sprint6_focused_audit_corrections.sql:L40@s6_send_message_guarded[INSERT explicit column]{DIRECT_OR_COMPUTED},16,database/002_runtime_runs_discussion.sql:L840@s2_get_player_state[qualified/rowtype field reference] ; database/002_runtime_runs_discussion.sql:L993@s2_get_teacher_state[qualified/rowtype field reference] ; database/003_sprint2_discussionroom_audit_fix.sql:L386@s2_get_player_state[qualified/rowtype field reference] ; database/003_sprint2_discussionroom_audit_fix.sql:L396@s2_get_player_state[qualified/rowtype field reference] ; database/003_sprint2_discussionroom_audit_fix.sql:L541@s2_get_teacher_state[qualified/rowtype field reference] ; database/003_sprint2_discussionroom_audit_fix.sql:L551@s2_get_teacher_state[qualified/rowtype field reference] ; database/003_sprint2_discussionroom_audit_fix.sql:L580@s2_get_teacher_state[qualified/rowtype field reference] ; database/013_sprint3b_discussion_authority_and_request_identity.sql:L223@s2_send_message[SELECT * INTO row] ; database/013_sprint3b_discussion_authority_and_request_identity.sql:L227@s2_send_message[qualified/rowtype field reference] ; database/029_sprint5_canonical_discussion_localization.sql:L90@s5_get_discussion_state[qualified/rowtype field reference] ; database/030_sprint5_exact_session_messages.sql:L9@s5_send_message[SELECT * INTO row] ; database/030_sprint5_exact_session_messages.sql:L9@s5_send_message[qualified/rowtype field reference] ; database/031_sprint5_focused_reaudit_corrections.sql:L30@s5_get_teacher_discussion_state[qualified/rowtype field reference] ; database/035_sprint6_focused_audit_corrections.sql:L72@s6_get_player_state[qualified/rowtype field reference] ; database/036_sprint6_four_open_findings.sql:L29@s6_get_player_state[qualified/rowtype field reference] ; database/037_level3_independent_audit_closure.sql:L179@s6_get_player_state[qualified/rowtype field reference],0,,0,,0,
F0066,dialogue_messages#04,dialogue_messages,scene_id,4,11,NO,4,database/002_runtime_runs_discussion.sql:L586@s2_send_message[INSERT explicit column]{DIRECT_OR_COMPUTED} ; database/013_sprint3b_discussion_authority_and_request_identity.sql:L246@s2_send_message[INSERT explicit column]{DIRECT_OR_COMPUTED} ; database/030_sprint5_exact_session_messages.sql:L12@s5_send_message[INSERT explicit column]{DIRECT_OR_COMPUTED} ; database/035_sprint6_focused_audit_corrections.sql:L40@s6_send_message_guarded[INSERT explicit column]{DIRECT_OR_COMPUTED},2,database/013_sprint3b_discussion_authority_and_request_identity.sql:L223@s2_send_message[SELECT * INTO row] ; database/030_sprint5_exact_session_messages.sql:L9@s5_send_message[SELECT * INTO row],0,,0,,0,
F0067,dialogue_messages#05,dialogue_messages,phase_key,5,13,NO,4,database/002_runtime_runs_discussion.sql:L586@s2_send_message[INSERT explicit column]{DIRECT_OR_COMPUTED} ; database/013_sprint3b_discussion_authority_and_request_identity.sql:L246@s2_send_message[INSERT explicit column]{DIRECT_OR_COMPUTED} ; database/030_sprint5_exact_session_messages.sql:L12@s5_send_message[INSERT explicit column]{DIRECT_OR_COMPUTED} ; database/035_sprint6_focused_audit_corrections.sql:L40@s6_send_message_guarded[INSERT explicit column]{DIRECT_OR_COMPUTED},2,database/013_sprint3b_discussion_authority_and_request_identity.sql:L223@s2_send_message[SELECT * INTO row] ; database/030_sprint5_exact_session_messages.sql:L9@s5_send_message[SELECT * INTO row],0,,0,,0,
F0068,dialogue_messages#06,dialogue_messages,step_key,6,6,NO,4,database/002_runtime_runs_discussion.sql:L586@s2_send_message[INSERT explicit column]{DIRECT_OR_COMPUTED} ; database/013_sprint3b_discussion_authority_and_request_identity.sql:L246@s2_send_message[INSERT explicit column]{DIRECT_OR_COMPUTED} ; database/030_sprint5_exact_session_messages.sql:L12@s5_send_message[INSERT explicit column]{DIRECT_OR_COMPUTED} ; database/035_sprint6_focused_audit_corrections.sql:L40@s6_send_message_guarded[INSERT explicit column]{DIRECT_OR_COMPUTED},2,database/013_sprint3b_discussion_authority_and_request_identity.sql:L223@s2_send_message[SELECT * INTO row] ; database/030_sprint5_exact_session_messages.sql:L9@s5_send_message[SELECT * INTO row],0,,0,,0,
F0069,dialogue_messages#07,dialogue_messages,player_id,7,24,NO,4,database/002_runtime_runs_discussion.sql:L586@s2_send_message[INSERT explicit column]{DIRECT_OR_COMPUTED} ; database/013_sprint3b_discussion_authority_and_request_identity.sql:L246@s2_send_message[INSERT explicit column]{DIRECT_OR_COMPUTED} ; database/030_sprint5_exact_session_messages.sql:L12@s5_send_message[INSERT explicit column]{DIRECT_OR_COMPUTED} ; database/035_sprint6_focused_audit_corrections.sql:L40@s6_send_message_guarded[INSERT explicit column]{DIRECT_OR_COMPUTED},8,database/002_runtime_runs_discussion.sql:L1001@s2_get_teacher_state[qualified/rowtype field reference] ; database/002_runtime_runs_discussion.sql:L848@s2_get_player_state[qualified/rowtype field reference] ; database/003_sprint2_discussionroom_audit_fix.sql:L394@s2_get_player_state[qualified/rowtype field reference] ; database/003_sprint2_discussionroom_audit_fix.sql:L549@s2_get_teacher_state[qualified/rowtype field reference] ; database/003_sprint2_discussionroom_audit_fix.sql:L588@s2_get_teacher_state[qualified/rowtype field reference] ; database/013_sprint3b_discussion_authority_and_request_identity.sql:L223@s2_send_message[SELECT * INTO row] ; database/029_sprint5_canonical_discussion_localization.sql:L90@s5_get_discussion_state[qualified/rowtype field reference] ; database/030_sprint5_exact_session_messages.sql:L9@s5_send_message[SELECT * INTO row],0,,0,,0,
F0070,dialogue_messages#08,dialogue_messages,message_text,8,1,YES,4,database/002_runtime_runs_discussion.sql:L586@s2_send_message[INSERT explicit column]{DIRECT_OR_COMPUTED} ; database/013_sprint3b_discussion_authority_and_request_identity.sql:L246@s2_send_message[INSERT explicit column]{DIRECT_OR_COMPUTED} ; database/030_sprint5_exact_session_messages.sql:L12@s5_send_message[INSERT explicit column]{DIRECT_OR_COMPUTED} ; database/035_sprint6_focused_audit_corrections.sql:L40@s6_send_message_guarded[INSERT explicit column]{DIRECT_OR_COMPUTED},16,database/002_runtime_runs_discussion.sql:L843@s2_get_player_state[qualified/rowtype field reference] ; database/002_runtime_runs_discussion.sql:L996@s2_get_teacher_state[qualified/rowtype field reference] ; database/003_sprint2_discussionroom_audit_fix.sql:L389@s2_get_player_state[qualified/rowtype field reference] ; database/003_sprint2_discussionroom_audit_fix.sql:L544@s2_get_teacher_state[qualified/rowtype field reference] ; database/003_sprint2_discussionroom_audit_fix.sql:L583@s2_get_teacher_state[qualified/rowtype field reference] ; database/013_sprint3b_discussion_authority_and_request_identity.sql:L223@s2_send_message[SELECT * INTO row] ; database/013_sprint3b_discussion_authority_and_request_identity.sql:L227@s2_send_message[qualified/rowtype field reference] ; database/029_sprint5_canonical_discussion_localization.sql:L90@s5_get_discussion_state[qualified/rowtype field reference] ; database/030_sprint5_exact_session_messages.sql:L9@s5_send_message[SELECT * INTO row] ; database/030_sprint5_exact_session_messages.sql:L9@s5_send_message[qualified/rowtype field reference] ; database/031_sprint5_focused_reaudit_corrections.sql:L30@s5_get_teacher_discussion_state[qualified/rowtype field reference] ; database/035_sprint6_focused_audit_corrections.sql:L72@s6_get_player_state[qualified/rowtype field reference] ; database/036_sprint6_four_open_findings.sql:L29@s6_get_player_state[qualified/rowtype field reference] ; database/037_level3_independent_audit_closure.sql:L179@s6_get_player_state[qualified/rowtype field reference] ; database/043_sprint7_teacher_console.sql:L61@s7_get_teacher_console[qualified/rowtype field reference] ; database/044_sprint7_focused_level1_corrections.sql:L57@s7_get_teacher_console[qualified/rowtype field reference],7,MEDIUM:src/game/app.js:L436@sprint6Discussion[property-name reference] ; MEDIUM:src/game/app.js:L561@renderDiscussion[property-name reference] ; MEDIUM:src/teacher/teacher-console.js:L243@renderDiscussionState[property-name reference] ; MEDIUM:src/teacher/teacher-console.js:L272@renderOperationsState[property-name reference] ; MEDIUM:tests/sprint2-live-e2e.js:L165@testChatPrivacyAndThreeZero[property-name reference] ; MEDIUM:tests/sprint2-live-e2e.js:L283@testSingleRevoteFallbackAndIsolation[property-name reference] ; MEDIUM:tests/sprint2-live-e2e.js:L284@testSingleRevoteFallbackAndIsolation[property-name reference],0,,0,
F0071,dialogue_messages#09,dialogue_messages,created_at,9,11,NO,0,,22,database/002_runtime_runs_discussion.sql:L602@s2_send_message[qualified/rowtype field reference] ; database/002_runtime_runs_discussion.sql:L844@s2_get_player_state[qualified/rowtype field reference] ; database/002_runtime_runs_discussion.sql:L845@s2_get_player_state[qualified/rowtype field reference] ; database/002_runtime_runs_discussion.sql:L997@s2_get_teacher_state[qualified/rowtype field reference] ; database/002_runtime_runs_discussion.sql:L998@s2_get_teacher_state[qualified/rowtype field reference] ; database/003_sprint2_discussionroom_audit_fix.sql:L390@s2_get_player_state[qualified/rowtype field reference] ; database/003_sprint2_discussionroom_audit_fix.sql:L391@s2_get_player_state[qualified/rowtype field reference] ; database/003_sprint2_discussionroom_audit_fix.sql:L545@s2_get_teacher_state[qualified/rowtype field reference] ; database/003_sprint2_discussionroom_audit_fix.sql:L546@s2_get_teacher_state[qualified/rowtype field reference] ; database/003_sprint2_discussionroom_audit_fix.sql:L584@s2_get_teacher_state[qualified/rowtype field reference] ; database/003_sprint2_discussionroom_audit_fix.sql:L585@s2_get_teacher_state[qualified/rowtype field reference] ; database/013_sprint3b_discussion_authority_and_request_identity.sql:L223@s2_send_message[SELECT * INTO row] ; database/013_sprint3b_discussion_authority_and_request_identity.sql:L231@s2_send_message[qualified/rowtype field reference] ; database/013_sprint3b_discussion_authority_and_request_identity.sql:L260@s2_send_message[qualified/rowtype field reference] ; database/029_sprint5_canonical_discussion_localization.sql:L90@s5_get_discussion_state[qualified/rowtype field reference] ; database/030_sprint5_exact_session_messages.sql:L9@s5_send_message[SELECT * INTO row] ; database/031_sprint5_focused_reaudit_corrections.sql:L30@s5_get_teacher_discussion_state[qualified/rowtype field reference] ; database/035_sprint6_focused_audit_corrections.sql:L72@s6_get_player_state[qualified/rowtype field reference] ; database/036_sprint6_four_open_findings.sql:L29@s6_get_player_state[qualified/rowtype field reference] ; database/037_level3_independent_audit_closure.sql:L179@s6_get_player_state[qualified/rowtype field reference] ; database/043_sprint7_teacher_console.sql:L61@s7_get_teacher_console[qualified/rowtype field reference] ; database/044_sprint7_focused_level1_corrections.sql:L57@s7_get_teacher_console[qualified/rowtype field reference],0,,0,,0,
F0072,dialogue_messages#10,dialogue_messages,client_request_id,10,8,NO,2,database/013_sprint3b_discussion_authority_and_request_identity.sql:L246@s2_send_message[INSERT explicit column]{DIRECT_OR_COMPUTED} ; database/030_sprint5_exact_session_messages.sql:L12@s5_send_message[INSERT explicit column]{DIRECT_OR_COMPUTED},4,database/013_sprint3b_discussion_authority_and_request_identity.sql:L223@s2_send_message[SELECT * INTO row] ; database/013_sprint3b_discussion_authority_and_request_identity.sql:L232@s2_send_message[qualified/rowtype field reference] ; database/013_sprint3b_discussion_authority_and_request_identity.sql:L261@s2_send_message[qualified/rowtype field reference] ; database/030_sprint5_exact_session_messages.sql:L9@s5_send_message[SELECT * INTO row],0,,0,,0,
F0073,discussion_sessions#01,discussion_sessions,discussion_session_id,1,5,NO,4,database/028_sprint5_round_event_link.sql:L27@TOP_LEVEL[INSERT explicit column]{DIRECT_OR_COMPUTED} ; database/028_sprint5_round_event_link.sql:L5@s5_mirror_round_for_audit[INSERT explicit column]{DIRECT_OR_COMPUTED} ; database/029_sprint5_canonical_discussion_localization.sql:L20@s5_configure_discussion[INSERT explicit column]{DIRECT_OR_COMPUTED} ; database/032_sprint5_discussion_creation_restore.sql:L9@s5_configure_discussion[INSERT explicit column]{DIRECT_OR_COMPUTED},183,database/002_runtime_runs_discussion.sql:L1024@s2_get_teacher_state[qualified/rowtype field reference] ; database/002_runtime_runs_discussion.sql:L1049@s2_get_teacher_state[qualified/rowtype field reference] ; database/002_runtime_runs_discussion.sql:L1050@s2_get_teacher_state[qualified/rowtype field reference] ; database/002_runtime_runs_discussion.sql:L364@s2_open_discussion[qualified/rowtype field reference] ; database/002_runtime_runs_discussion.sql:L370@s2_open_discussion[qualified/rowtype field reference] ; database/002_runtime_runs_discussion.sql:L389@s2_refresh_discussion[SELECT * INTO row] ; database/002_runtime_runs_discussion.sql:L405@s2_refresh_discussion[qualified/rowtype field reference] ; database/002_runtime_runs_discussion.sql:L408@s2_refresh_discussion[qualified/rowtype field reference] ; database/002_runtime_runs_discussion.sql:L416@s2_refresh_discussion[qualified/rowtype field reference] ; database/002_runtime_runs_discussion.sql:L419@s2_refresh_discussion[qualified/rowtype field reference] ; database/002_runtime_runs_discussion.sql:L426@s2_refresh_discussion[qualified/rowtype field reference] ; database/002_runtime_runs_discussion.sql:L432@s2_refresh_discussion[qualified/rowtype field reference] ; database/002_runtime_runs_discussion.sql:L435@s2_refresh_discussion[qualified/rowtype field reference] ; database/002_runtime_runs_discussion.sql:L462@s2_open_vote[SELECT * INTO row] ; database/002_runtime_runs_discussion.sql:L479@s2_open_vote[qualified/rowtype field reference] ; database/002_runtime_runs_discussion.sql:L483@s2_open_vote[qualified/rowtype field reference] ; database/002_runtime_runs_discussion.sql:L489@s2_open_vote[qualified/rowtype field reference] ; database/002_runtime_runs_discussion.sql:L519@s2_add_time[SELECT * INTO row] ; database/002_runtime_runs_discussion.sql:L534@s2_add_time[qualified/rowtype field reference] ; database/002_runtime_runs_discussion.sql:L538@s2_add_time[qualified/rowtype field reference] ; database/002_runtime_runs_discussion.sql:L568@s2_send_message[SELECT * INTO row] ; database/002_runtime_runs_discussion.sql:L575@s2_send_message[qualified/rowtype field reference] ; database/002_runtime_runs_discussion.sql:L576@s2_send_message[SELECT * INTO row] ; database/002_runtime_runs_discussion.sql:L577@s2_send_message[qualified/rowtype field reference] ; database/002_runtime_runs_discussion.sql:L590@s2_send_message[qualified/rowtype field reference] ; database/002_runtime_runs_discussion.sql:L595@s2_send_message[qualified/rowtype field reference] ; database/002_runtime_runs_discussion.sql:L633@s2_submit_vote[SELECT * INTO row] ; database/002_runtime_runs_discussion.sql:L641@s2_submit_vote[qualified/rowtype field reference] ; database/002_runtime_runs_discussion.sql:L642@s2_submit_vote[SELECT * INTO row] ; database/002_runtime_runs_discussion.sql:L643@s2_submit_vote[qualified/rowtype field reference] ; database/002_runtime_runs_discussion.sql:L660@s2_submit_vote[qualified/rowtype field reference] ; database/002_runtime_runs_discussion.sql:L666@s2_submit_vote[qualified/rowtype field reference] ; database/002_runtime_runs_discussion.sql:L674@s2_submit_vote[qualified/rowtype field reference] ; database/002_runtime_runs_discussion.sql:L684@s2_submit_vote[qualified/rowtype field reference] ; database/002_runtime_runs_discussion.sql:L698@s2_submit_vote[qualified/rowtype field reference] ; database/002_runtime_runs_discussion.sql:L701@s2_submit_vote[qualified/rowtype field reference] ; database/002_runtime_runs_discussion.sql:L720@s2_submit_vote[qualified/rowtype field reference] ; database/002_runtime_runs_discussion.sql:L723@s2_submit_vote[qualified/rowtype field reference] ; database/002_runtime_runs_discussion.sql:L754@s2_submit_vote[qualified/rowtype field reference] ; database/002_runtime_runs_discussion.sql:L757@s2_submit_vote[qualified/rowtype field reference] ; database/002_runtime_runs_discussion.sql:L765@s2_submit_vote[qualified/rowtype field reference] ; database/002_runtime_runs_discussion.sql:L776@s2_submit_vote[qualified/rowtype field reference] ; database/002_runtime_runs_discussion.sql:L779@s2_submit_vote[qualified/rowtype field reference] ; database/002_runtime_runs_discussion.sql:L827@s2_get_player_state[SELECT * INTO row] ; database/002_runtime_runs_discussion.sql:L834@s2_get_player_state[qualified/rowtype field reference] ; database/002_runtime_runs_discussion.sql:L835@s2_get_player_state[SELECT * INTO row] ; database/002_runtime_runs_discussion.sql:L836@s2_get_player_state[qualified/rowtype field reference] ; database/002_runtime_runs_discussion.sql:L853@s2_get_player_state[qualified/rowtype field reference] ; database/002_runtime_runs_discussion.sql:L862@s2_get_player_state[qualified/rowtype field reference] ; database/002_runtime_runs_discussion.sql:L877@s2_get_player_state[qualified/rowtype field reference] ; database/002_runtime_runs_discussion.sql:L900@s2_get_player_state[qualified/rowtype field reference] ; database/002_runtime_runs_discussion.sql:L912@s2_get_player_state[qualified/rowtype field reference] ; database/002_runtime_runs_discussion.sql:L935@s2_get_player_state[qualified/rowtype field reference] ; database/002_runtime_runs_discussion.sql:L936@s2_get_player_state[qualified/rowtype field reference] ; database/002_runtime_runs_discussion.sql:L980@s2_get_teacher_state[SELECT * INTO row] ; database/002_runtime_runs_discussion.sql:L987@s2_get_teacher_state[qualified/rowtype field reference] ; database/002_runtime_runs_discussion.sql:L988@s2_get_teacher_state[SELECT * INTO row] ; database/002_runtime_runs_discussion.sql:L989@s2_get_teacher_state[qualified/rowtype field reference] ; database/003_sprint2_discussionroom_audit_fix.sql:L139@s2_open_discussion[qualified/rowtype field reference] ; database/003_sprint2_discussionroom_audit_fix.sql:L145@s2_open_discussion[qualified/rowtype field reference] ; database/003_sprint2_discussionroom_audit_fix.sql:L179@s2_submit_vote[SELECT * INTO row] ; database/003_sprint2_discussionroom_audit_fix.sql:L187@s2_submit_vote[qualified/rowtype field reference] ; database/003_sprint2_discussionroom_audit_fix.sql:L188@s2_submit_vote[SELECT * INTO row] ; database/003_sprint2_discussionroom_audit_fix.sql:L189@s2_submit_vote[qualified/rowtype field reference] ; database/003_sprint2_discussionroom_audit_fix.sql:L206@s2_submit_vote[qualified/rowtype field reference] ; database/003_sprint2_discussionroom_audit_fix.sql:L212@s2_submit_vote[qualified/rowtype field reference] ; database/003_sprint2_discussionroom_audit_fix.sql:L220@s2_submit_vote[qualified/rowtype field reference] ; database/003_sprint2_discussionroom_audit_fix.sql:L230@s2_submit_vote[qualified/rowtype field reference] ; database/003_sprint2_discussionroom_audit_fix.sql:L244@s2_submit_vote[qualified/rowtype field reference] ; database/003_sprint2_discussionroom_audit_fix.sql:L247@s2_submit_vote[qualified/rowtype field reference] ; database/003_sprint2_discussionroom_audit_fix.sql:L266@s2_submit_vote[qualified/rowtype field reference] ; database/003_sprint2_discussionroom_audit_fix.sql:L269@s2_submit_vote[qualified/rowtype field reference] ; database/003_sprint2_discussionroom_audit_fix.sql:L300@s2_submit_vote[qualified/rowtype field reference] ; database/003_sprint2_discussionroom_audit_fix.sql:L303@s2_submit_vote[qualified/rowtype field reference] ; database/003_sprint2_discussionroom_audit_fix.sql:L311@s2_submit_vote[qualified/rowtype field reference] ; database/003_sprint2_discussionroom_audit_fix.sql:L322@s2_submit_vote[qualified/rowtype field reference] ; database/003_sprint2_discussionroom_audit_fix.sql:L325@s2_submit_vote[qualified/rowtype field reference] ; database/003_sprint2_discussionroom_audit_fix.sql:L373@s2_get_player_state[SELECT * INTO row] ; database/003_sprint2_discussionroom_audit_fix.sql:L380@s2_get_player_state[qualified/rowtype field reference] ; database/003_sprint2_discussionroom_audit_fix.sql:L381@s2_get_player_state[SELECT * INTO row] ; database/003_sprint2_discussionroom_audit_fix.sql:L382@s2_get_player_state[qualified/rowtype field reference] ; database/003_sprint2_discussionroom_audit_fix.sql:L396@s2_get_player_state[qualified/rowtype field reference] ; database/003_sprint2_discussionroom_audit_fix.sql:L400@s2_get_player_state[qualified/rowtype field reference] ; database/003_sprint2_discussionroom_audit_fix.sql:L409@s2_get_player_state[qualified/rowtype field reference] ; database/003_sprint2_discussionroom_audit_fix.sql:L424@s2_get_player_state[qualified/rowtype field reference] ; database/003_sprint2_discussionroom_audit_fix.sql:L447@s2_get_player_state[qualified/rowtype field reference] ; database/003_sprint2_discussionroom_audit_fix.sql:L459@s2_get_player_state[qualified/rowtype field reference] ; database/003_sprint2_discussionroom_audit_fix.sql:L482@s2_get_player_state[qualified/rowtype field reference] ; database/003_sprint2_discussionroom_audit_fix.sql:L483@s2_get_player_state[qualified/rowtype field reference] ; database/003_sprint2_discussionroom_audit_fix.sql:L528@s2_get_teacher_state[SELECT * INTO row] ; database/003_sprint2_discussionroom_audit_fix.sql:L535@s2_get_teacher_state[qualified/rowtype field reference] ; database/003_sprint2_discussionroom_audit_fix.sql:L536@s2_get_teacher_state[SELECT * INTO row] ; database/003_sprint2_discussionroom_audit_fix.sql:L537@s2_get_teacher_state[qualified/rowtype field reference] ; database/003_sprint2_discussionroom_audit_fix.sql:L551@s2_get_teacher_state[qualified/rowtype field reference] ; database/003_sprint2_discussionroom_audit_fix.sql:L573@s2_get_teacher_state[qualified/rowtype field reference] ; database/003_sprint2_discussionroom_audit_fix.sql:L611@s2_get_teacher_state[qualified/rowtype field reference] ; database/003_sprint2_discussionroom_audit_fix.sql:L612@s2_get_teacher_state[qualified/rowtype field reference] ; database/004_sprint2_fallback_resolution_semantics.sql:L100@s2_submit_vote[qualified/rowtype field reference] ; database/004_sprint2_fallback_resolution_semantics.sql:L119@s2_submit_vote[qualified/rowtype field reference] ; database/004_sprint2_fallback_resolution_semantics.sql:L122@s2_submit_vote[qualified/rowtype field reference] ; database/004_sprint2_fallback_resolution_semantics.sql:L153@s2_submit_vote[qualified/rowtype field reference] ; database/004_sprint2_fallback_resolution_semantics.sql:L156@s2_submit_vote[qualified/rowtype field reference] ; database/004_sprint2_fallback_resolution_semantics.sql:L164@s2_submit_vote[qualified/rowtype field reference] ; database/004_sprint2_fallback_resolution_semantics.sql:L177@s2_submit_vote[qualified/rowtype field reference] ; database/004_sprint2_fallback_resolution_semantics.sql:L180@s2_submit_vote[qualified/rowtype field reference] ; database/004_sprint2_fallback_resolution_semantics.sql:L32@s2_submit_vote[SELECT * INTO row] ; database/004_sprint2_fallback_resolution_semantics.sql:L40@s2_submit_vote[qualified/rowtype field reference] ; database/004_sprint2_fallback_resolution_semantics.sql:L41@s2_submit_vote[SELECT * INTO row] ; database/004_sprint2_fallback_resolution_semantics.sql:L42@s2_submit_vote[qualified/rowtype field reference] ; database/004_sprint2_fallback_resolution_semantics.sql:L59@s2_submit_vote[qualified/rowtype field reference] ; database/004_sprint2_fallback_resolution_semantics.sql:L65@s2_submit_vote[qualified/rowtype field reference] ; database/004_sprint2_fallback_resolution_semantics.sql:L73@s2_submit_vote[qualified/rowtype field reference] ; database/004_sprint2_fallback_resolution_semantics.sql:L83@s2_submit_vote[qualified/rowtype field reference] ; database/004_sprint2_fallback_resolution_semantics.sql:L97@s2_submit_vote[qualified/rowtype field reference] ; database/013_sprint3b_discussion_authority_and_request_identity.sql:L214@s2_send_message[SELECT * INTO row] ; database/013_sprint3b_discussion_authority_and_request_identity.sql:L227@s2_send_message[qualified/rowtype field reference] ; database/013_sprint3b_discussion_authority_and_request_identity.sql:L236@s2_send_message[qualified/rowtype field reference] ; database/013_sprint3b_discussion_authority_and_request_identity.sql:L237@s2_send_message[SELECT * INTO row] ; database/013_sprint3b_discussion_authority_and_request_identity.sql:L250@s2_send_message[qualified/rowtype field reference] ; database/013_sprint3b_discussion_authority_and_request_identity.sql:L255@s2_send_message[qualified/rowtype field reference] ; database/013_sprint3b_discussion_authority_and_request_identity.sql:L295@s2_submit_vote[SELECT * INTO row] ; database/013_sprint3b_discussion_authority_and_request_identity.sql:L304@s2_submit_vote[qualified/rowtype field reference] ; database/013_sprint3b_discussion_authority_and_request_identity.sql:L305@s2_submit_vote[SELECT * INTO row] ; database/013_sprint3b_discussion_authority_and_request_identity.sql:L315@s2_submit_vote[qualified/rowtype field reference] ; database/013_sprint3b_discussion_authority_and_request_identity.sql:L331@s2_submit_vote[qualified/rowtype field reference] ; database/013_sprint3b_discussion_authority_and_request_identity.sql:L336@s2_submit_vote[qualified/rowtype field reference] ; database/013_sprint3b_discussion_authority_and_request_identity.sql:L343@s2_submit_vote[qualified/rowtype field reference] ; database/013_sprint3b_discussion_authority_and_request_identity.sql:L351@s2_submit_vote[qualified/rowtype field reference] ; database/013_sprint3b_discussion_authority_and_request_identity.sql:L364@s2_submit_vote[qualified/rowtype field reference] ; database/013_sprint3b_discussion_authority_and_request_identity.sql:L366@s2_submit_vote[qualified/rowtype field reference] ; database/013_sprint3b_discussion_authority_and_request_identity.sql:L371@s2_submit_vote[qualified/rowtype field reference] ; database/013_sprint3b_discussion_authority_and_request_identity.sql:L386@s2_submit_vote[qualified/rowtype field reference] ; database/013_sprint3b_discussion_authority_and_request_identity.sql:L388@s2_submit_vote[qualified/rowtype field reference] ; database/013_sprint3b_discussion_authority_and_request_identity.sql:L414@s2_submit_vote[qualified/rowtype field reference] ; database/013_sprint3b_discussion_authority_and_request_identity.sql:L417@s2_submit_vote[qualified/rowtype field reference] ; database/013_sprint3b_discussion_authority_and_request_identity.sql:L424@s2_submit_vote[qualified/rowtype field reference] ; database/013_sprint3b_discussion_authority_and_request_identity.sql:L435@s2_submit_vote[qualified/rowtype field reference] ; database/013_sprint3b_discussion_authority_and_request_identity.sql:L437@s2_submit_vote[qualified/rowtype field reference] ; database/013_sprint3b_discussion_authority_and_request_identity.sql:L445@s2_submit_vote[qualified/rowtype field reference] ; database/013_sprint3b_discussion_authority_and_request_identity.sql:L94@s3b_apply_resolved_discussion_internal[SELECT * INTO row] ; database/014a_sprint3b_inspect_reconnect_idempotency_fix.sql:L20@s3b_apply_resolved_discussion_internal[SELECT * INTO row] ; database/029_sprint5_canonical_discussion_localization.sql:L54@s5_submit_vote[SELECT * INTO row] ; database/029_sprint5_canonical_discussion_localization.sql:L85@s5_get_player_state[to_jsonb(row) exposes field] ; database/029_sprint5_canonical_discussion_localization.sql:L89@s5_get_discussion_state[SELECT * INTO row] ; database/029_sprint5_canonical_discussion_localization.sql:L89@s5_get_discussion_state[qualified/rowtype field reference] ; database/029_sprint5_canonical_discussion_localization.sql:L90@s5_get_discussion_state[qualified/rowtype field reference] ; database/029_sprint5_canonical_discussion_localization.sql:L93@s5_get_discussion_state[qualified/rowtype field reference] ; database/030_sprint5_exact_session_messages.sql:L10@s5_send_message[qualified/rowtype field reference] ; database/030_sprint5_exact_session_messages.sql:L12@s5_send_message[qualified/rowtype field reference] ; database/030_sprint5_exact_session_messages.sql:L13@s5_send_message[qualified/rowtype field reference] ; database/031_sprint5_focused_reaudit_corrections.sql:L30@s5_get_teacher_discussion_state[qualified/rowtype field reference] ; database/031_sprint5_focused_reaudit_corrections.sql:L31@s5_get_teacher_discussion_state[qualified/rowtype field reference] ; database/035_sprint6_focused_audit_corrections.sql:L40@s6_send_message_guarded[qualified/rowtype field reference] ; database/035_sprint6_focused_audit_corrections.sql:L42@s6_close_discussion_guarded[qualified/rowtype field reference] ; database/035_sprint6_focused_audit_corrections.sql:L72@s6_get_player_state[qualified/rowtype field reference] ; database/036_sprint6_four_open_findings.sql:L29@s6_get_player_state[qualified/rowtype field reference] ; database/037_level3_independent_audit_closure.sql:L146@s6_refresh_owned_discussion[SELECT * INTO row] ; database/037_level3_independent_audit_closure.sql:L149@s6_refresh_owned_discussion[qualified/rowtype field reference] ; database/037_level3_independent_audit_closure.sql:L151@s6_refresh_owned_discussion[qualified/rowtype field reference] ; database/037_level3_independent_audit_closure.sql:L159@s2_refresh_discussion[SELECT * INTO row] ; database/037_level3_independent_audit_closure.sql:L179@s6_get_player_state[qualified/rowtype field reference] ; database/040_level2_closure_verification_support.sql:L14@s6_verify_expire_discussion[SELECT * INTO row] ; database/040_level2_closure_verification_support.sql:L19@s6_verify_expire_discussion[qualified/rowtype field reference] ; database/040_level2_closure_verification_support.sql:L20@s6_verify_expire_discussion[qualified/rowtype field reference] ; database/041_level2_normal_s5_verification_support.sql:L14@s5_verify_expire_discussion[SELECT * INTO row] ; database/041_level2_normal_s5_verification_support.sql:L19@s5_verify_expire_discussion[qualified/rowtype field reference] ; database/041_level2_normal_s5_verification_support.sql:L20@s5_verify_expire_discussion[qualified/rowtype field reference] ; database/041_level2_normal_s5_verification_support.sql:L21@s5_verify_expire_discussion[qualified/rowtype field reference] ; database/043_sprint7_teacher_console.sql:L40@s7_get_teacher_console[SELECT * INTO row] ; database/043_sprint7_teacher_console.sql:L78@s7_get_teacher_console[qualified/rowtype field reference] ; database/043_sprint7_teacher_console.sql:L79@s7_get_teacher_console[qualified/rowtype field reference] ; database/044_sprint7_focused_level1_corrections.sql:L29@s7_get_teacher_console[SELECT * INTO row] ; database/044_sprint7_focused_level1_corrections.sql:L65@s7_get_teacher_console[qualified/rowtype field reference] ; database/050_sprint8_act2_verifier_projection_fix.sql:L15@s8_verify_integrity[qualified/rowtype field reference] ; database/050_sprint8_act2_verifier_projection_fix.sql:L22@s8_verify_integrity[qualified/rowtype field reference] ; database/050_sprint8_act2_verifier_projection_fix.sql:L27@s8_verify_integrity[qualified/rowtype field reference] ; database/054_level3_integrated_closure.sql:L134@s8_verify_integrity[qualified/rowtype field reference] ; database/054_level3_integrated_closure.sql:L59@teacher_apply_override[SELECT * INTO row] ; database/054_level3_integrated_closure.sql:L60@teacher_apply_override[qualified/rowtype field reference] ; database/054_level3_integrated_closure.sql:L63@teacher_apply_override[qualified/rowtype field reference] ; database/054_level3_integrated_closure.sql:L91@teacher_apply_override[SELECT * INTO row] ; database/054_level3_integrated_closure.sql:L92@teacher_apply_override[qualified/rowtype field reference] ; database/055_level2_override_export_residual_closure.sql:L30@teacher_apply_override[qualified/rowtype field reference],0,,3,READ:tests/level2-residual-integrity-transaction.sql:L13@TEST_SQL[bare field in single test statement] ; READ:tests/level2-residual-integrity-transaction.sql:L23@TEST_SQL[bare field in single test statement] ; READ:tests/level2-residual-integrity-transaction.sql:L35@TEST_SQL[bare field in single test statement],0,
F0074,discussion_sessions#02,discussion_sessions,run_id,2,36,NO,15,database/002_runtime_runs_discussion.sql:L342@s2_open_discussion[INSERT explicit column]{DIRECT_OR_COMPUTED} ; database/002_runtime_runs_discussion.sql:L735@s2_submit_vote[INSERT explicit column]{DIRECT_OR_COMPUTED} ; database/003_sprint2_discussionroom_audit_fix.sql:L117@s2_open_discussion[INSERT explicit column]{DIRECT_OR_COMPUTED} ; database/003_sprint2_discussionroom_audit_fix.sql:L281@s2_submit_vote[INSERT explicit column]{DIRECT_OR_COMPUTED} ; database/004_sprint2_fallback_resolution_semantics.sql:L134@s2_submit_vote[INSERT explicit column]{DIRECT_OR_COMPUTED} ; database/007_sprint3b_act1_5_placeholder_flow.sql:L140@s3b_leave_start_room[INSERT explicit column]{DIRECT_OR_COMPUTED} ; database/007_sprint3b_act1_5_placeholder_flow.sql:L249@s3b_submit_act4_choice[INSERT explicit column]{DIRECT_OR_COMPUTED} ; database/013_sprint3b_discussion_authority_and_request_identity.sql:L397@s2_submit_vote[INSERT explicit column]{DIRECT_OR_COMPUTED} ; database/028_sprint5_round_event_link.sql:L27@TOP_LEVEL[INSERT explicit column]{DIRECT_OR_COMPUTED} ; database/028_sprint5_round_event_link.sql:L5@s5_mirror_round_for_audit[INSERT explicit column]{DIRECT_OR_COMPUTED} ; database/029_sprint5_canonical_discussion_localization.sql:L20@s5_configure_discussion[INSERT explicit column]{DIRECT_OR_COMPUTED} ; database/032_sprint5_discussion_creation_restore.sql:L9@s5_configure_discussion[INSERT explicit column]{DIRECT_OR_COMPUTED} ; database/035_sprint6_focused_audit_corrections.sql:L32@s6_open_discussion[INSERT explicit column]{DIRECT_OR_COMPUTED} ; database/054_level3_integrated_closure.sql:L55@teacher_apply_override[INSERT explicit column]{DIRECT_OR_COMPUTED} ; database/054_level3_integrated_closure.sql:L85@teacher_apply_override[INSERT explicit column]{DIRECT_OR_COMPUTED},48,database/002_runtime_runs_discussion.sql:L389@s2_refresh_discussion[SELECT * INTO row] ; database/002_runtime_runs_discussion.sql:L398@s2_refresh_discussion[qualified/rowtype field reference] ; database/002_runtime_runs_discussion.sql:L462@s2_open_vote[SELECT * INTO row] ; database/002_runtime_runs_discussion.sql:L519@s2_add_time[SELECT * INTO row] ; database/002_runtime_runs_discussion.sql:L568@s2_send_message[SELECT * INTO row] ; database/002_runtime_runs_discussion.sql:L576@s2_send_message[SELECT * INTO row] ; database/002_runtime_runs_discussion.sql:L633@s2_submit_vote[SELECT * INTO row] ; database/002_runtime_runs_discussion.sql:L642@s2_submit_vote[SELECT * INTO row] ; database/002_runtime_runs_discussion.sql:L742@s2_submit_vote[qualified/rowtype field reference] ; database/002_runtime_runs_discussion.sql:L827@s2_get_player_state[SELECT * INTO row] ; database/002_runtime_runs_discussion.sql:L835@s2_get_player_state[SELECT * INTO row] ; database/002_runtime_runs_discussion.sql:L918@s2_get_player_state[qualified/rowtype field reference] ; database/002_runtime_runs_discussion.sql:L980@s2_get_teacher_state[SELECT * INTO row] ; database/002_runtime_runs_discussion.sql:L988@s2_get_teacher_state[SELECT * INTO row] ; database/003_sprint2_discussionroom_audit_fix.sql:L179@s2_submit_vote[SELECT * INTO row] ; database/003_sprint2_discussionroom_audit_fix.sql:L188@s2_submit_vote[SELECT * INTO row] ; database/003_sprint2_discussionroom_audit_fix.sql:L288@s2_submit_vote[qualified/rowtype field reference] ; database/003_sprint2_discussionroom_audit_fix.sql:L373@s2_get_player_state[SELECT * INTO row] ; database/003_sprint2_discussionroom_audit_fix.sql:L381@s2_get_player_state[SELECT * INTO row] ; database/003_sprint2_discussionroom_audit_fix.sql:L465@s2_get_player_state[qualified/rowtype field reference] ; database/003_sprint2_discussionroom_audit_fix.sql:L528@s2_get_teacher_state[SELECT * INTO row] ; database/003_sprint2_discussionroom_audit_fix.sql:L536@s2_get_teacher_state[SELECT * INTO row] ; database/004_sprint2_fallback_resolution_semantics.sql:L141@s2_submit_vote[qualified/rowtype field reference] ; database/004_sprint2_fallback_resolution_semantics.sql:L32@s2_submit_vote[SELECT * INTO row] ; database/004_sprint2_fallback_resolution_semantics.sql:L41@s2_submit_vote[SELECT * INTO row] ; database/013_sprint3b_discussion_authority_and_request_identity.sql:L214@s2_send_message[SELECT * INTO row] ; database/013_sprint3b_discussion_authority_and_request_identity.sql:L237@s2_send_message[SELECT * INTO row] ; database/013_sprint3b_discussion_authority_and_request_identity.sql:L295@s2_submit_vote[SELECT * INTO row] ; database/013_sprint3b_discussion_authority_and_request_identity.sql:L305@s2_submit_vote[SELECT * INTO row] ; database/013_sprint3b_discussion_authority_and_request_identity.sql:L404@s2_submit_vote[qualified/rowtype field reference] ; database/013_sprint3b_discussion_authority_and_request_identity.sql:L94@s3b_apply_resolved_discussion_internal[SELECT * INTO row] ; database/014a_sprint3b_inspect_reconnect_idempotency_fix.sql:L20@s3b_apply_resolved_discussion_internal[SELECT * INTO row] ; database/029_sprint5_canonical_discussion_localization.sql:L54@s5_submit_vote[SELECT * INTO row] ; database/029_sprint5_canonical_discussion_localization.sql:L85@s5_get_player_state[to_jsonb(row) exposes field] ; database/029_sprint5_canonical_discussion_localization.sql:L89@s5_get_discussion_state[SELECT * INTO row] ; database/037_level3_independent_audit_closure.sql:L146@s6_refresh_owned_discussion[SELECT * INTO row] ; database/037_level3_independent_audit_closure.sql:L159@s2_refresh_discussion[SELECT * INTO row] ; database/037_level3_independent_audit_closure.sql:L160@s2_refresh_discussion[qualified/rowtype field reference] ; database/040_level2_closure_verification_support.sql:L14@s6_verify_expire_discussion[SELECT * INTO row] ; database/041_level2_normal_s5_verification_support.sql:L14@s5_verify_expire_discussion[SELECT * INTO row] ; database/043_sprint7_teacher_console.sql:L40@s7_get_teacher_console[SELECT * INTO row] ; database/044_sprint7_focused_level1_corrections.sql:L29@s7_get_teacher_console[SELECT * INTO row] ; database/050_sprint8_act2_verifier_projection_fix.sql:L22@s8_verify_integrity[qualified/rowtype field reference] ; database/050_sprint8_act2_verifier_projection_fix.sql:L24@s8_verify_integrity[qualified/rowtype field reference] ; database/054_level3_integrated_closure.sql:L135@s8_verify_integrity[qualified/rowtype field reference] ; database/054_level3_integrated_closure.sql:L59@teacher_apply_override[SELECT * INTO row] ; database/054_level3_integrated_closure.sql:L91@teacher_apply_override[SELECT * INTO row] ; database/055_level2_override_export_residual_closure.sql:L32@teacher_apply_override[qualified/rowtype field reference],0,,3,READ:tests/level2-residual-integrity-transaction.sql:L13@TEST_SQL[bare field in single test statement] ; READ:tests/level2-residual-integrity-transaction.sql:L23@TEST_SQL[bare field in single test statement] ; READ:tests/level2-residual-integrity-transaction.sql:L35@TEST_SQL[bare field in single test statement],0,
F0075,discussion_sessions#03,discussion_sessions,scene_id,3,11,NO,16,database/002_runtime_runs_discussion.sql:L342@s2_open_discussion[INSERT explicit column]{DIRECT_OR_COMPUTED} ; database/002_runtime_runs_discussion.sql:L735@s2_submit_vote[INSERT explicit column]{DIRECT_OR_COMPUTED} ; database/003_sprint2_discussionroom_audit_fix.sql:L117@s2_open_discussion[INSERT explicit column]{DIRECT_OR_COMPUTED} ; database/003_sprint2_discussionroom_audit_fix.sql:L281@s2_submit_vote[INSERT explicit column]{DIRECT_OR_COMPUTED} ; database/004_sprint2_fallback_resolution_semantics.sql:L134@s2_submit_vote[INSERT explicit column]{DIRECT_OR_COMPUTED} ; database/007_sprint3b_act1_5_placeholder_flow.sql:L140@s3b_leave_start_room[INSERT explicit column]{DIRECT_OR_COMPUTED} ; database/007_sprint3b_act1_5_placeholder_flow.sql:L249@s3b_submit_act4_choice[INSERT explicit column]{DIRECT_OR_COMPUTED} ; database/013_sprint3b_discussion_authority_and_request_identity.sql:L397@s2_submit_vote[INSERT explicit column]{DIRECT_OR_COMPUTED} ; database/028_sprint5_round_event_link.sql:L27@TOP_LEVEL[INSERT explicit column]{DIRECT_OR_COMPUTED} ; database/028_sprint5_round_event_link.sql:L5@s5_mirror_round_for_audit[INSERT explicit column]{DIRECT_OR_COMPUTED} ; database/029_sprint5_canonical_discussion_localization.sql:L20@s5_configure_discussion[INSERT explicit column]{DIRECT_OR_COMPUTED} ; database/029_sprint5_canonical_discussion_localization.sql:L30@s5_configure_discussion[UPDATE SET]{DIRECT_OR_COMPUTED} ; database/032_sprint5_discussion_creation_restore.sql:L9@s5_configure_discussion[INSERT explicit column]{DIRECT_OR_COMPUTED} ; database/035_sprint6_focused_audit_corrections.sql:L32@s6_open_discussion[INSERT explicit column]{DIRECT_OR_COMPUTED} ; database/054_level3_integrated_closure.sql:L55@teacher_apply_override[INSERT explicit column]{DIRECT_OR_COMPUTED} ; database/054_level3_integrated_closure.sql:L85@teacher_apply_override[INSERT explicit column]{DIRECT_OR_COMPUTED},58,database/002_runtime_runs_discussion.sql:L389@s2_refresh_discussion[SELECT * INTO row] ; database/002_runtime_runs_discussion.sql:L462@s2_open_vote[SELECT * INTO row] ; database/002_runtime_runs_discussion.sql:L519@s2_add_time[SELECT * INTO row] ; database/002_runtime_runs_discussion.sql:L568@s2_send_message[SELECT * INTO row] ; database/002_runtime_runs_discussion.sql:L576@s2_send_message[SELECT * INTO row] ; database/002_runtime_runs_discussion.sql:L590@s2_send_message[qualified/rowtype field reference] ; database/002_runtime_runs_discussion.sql:L633@s2_submit_vote[SELECT * INTO row] ; database/002_runtime_runs_discussion.sql:L642@s2_submit_vote[SELECT * INTO row] ; database/002_runtime_runs_discussion.sql:L660@s2_submit_vote[qualified/rowtype field reference] ; database/002_runtime_runs_discussion.sql:L742@s2_submit_vote[qualified/rowtype field reference] ; database/002_runtime_runs_discussion.sql:L827@s2_get_player_state[SELECT * INTO row] ; database/002_runtime_runs_discussion.sql:L835@s2_get_player_state[SELECT * INTO row] ; database/002_runtime_runs_discussion.sql:L980@s2_get_teacher_state[SELECT * INTO row] ; database/002_runtime_runs_discussion.sql:L988@s2_get_teacher_state[SELECT * INTO row] ; database/003_sprint2_discussionroom_audit_fix.sql:L179@s2_submit_vote[SELECT * INTO row] ; database/003_sprint2_discussionroom_audit_fix.sql:L188@s2_submit_vote[SELECT * INTO row] ; database/003_sprint2_discussionroom_audit_fix.sql:L206@s2_submit_vote[qualified/rowtype field reference] ; database/003_sprint2_discussionroom_audit_fix.sql:L288@s2_submit_vote[qualified/rowtype field reference] ; database/003_sprint2_discussionroom_audit_fix.sql:L373@s2_get_player_state[SELECT * INTO row] ; database/003_sprint2_discussionroom_audit_fix.sql:L381@s2_get_player_state[SELECT * INTO row] ; database/003_sprint2_discussionroom_audit_fix.sql:L528@s2_get_teacher_state[SELECT * INTO row] ; database/003_sprint2_discussionroom_audit_fix.sql:L536@s2_get_teacher_state[SELECT * INTO row] ; database/004_sprint2_fallback_resolution_semantics.sql:L141@s2_submit_vote[qualified/rowtype field reference] ; database/004_sprint2_fallback_resolution_semantics.sql:L32@s2_submit_vote[SELECT * INTO row] ; database/004_sprint2_fallback_resolution_semantics.sql:L41@s2_submit_vote[SELECT * INTO row] ; database/004_sprint2_fallback_resolution_semantics.sql:L59@s2_submit_vote[qualified/rowtype field reference] ; database/013_sprint3b_discussion_authority_and_request_identity.sql:L111@s3b_apply_resolved_discussion_internal[qualified/rowtype field reference] ; database/013_sprint3b_discussion_authority_and_request_identity.sql:L134@s3b_apply_resolved_discussion_internal[qualified/rowtype field reference] ; database/013_sprint3b_discussion_authority_and_request_identity.sql:L173@s3b_apply_resolved_discussion_internal[qualified/rowtype field reference] ; database/013_sprint3b_discussion_authority_and_request_identity.sql:L214@s2_send_message[SELECT * INTO row] ; database/013_sprint3b_discussion_authority_and_request_identity.sql:L237@s2_send_message[SELECT * INTO row] ; database/013_sprint3b_discussion_authority_and_request_identity.sql:L250@s2_send_message[qualified/rowtype field reference] ; database/013_sprint3b_discussion_authority_and_request_identity.sql:L295@s2_submit_vote[SELECT * INTO row] ; database/013_sprint3b_discussion_authority_and_request_identity.sql:L305@s2_submit_vote[SELECT * INTO row] ; database/013_sprint3b_discussion_authority_and_request_identity.sql:L331@s2_submit_vote[qualified/rowtype field reference] ; database/013_sprint3b_discussion_authority_and_request_identity.sql:L404@s2_submit_vote[qualified/rowtype field reference] ; database/013_sprint3b_discussion_authority_and_request_identity.sql:L94@s3b_apply_resolved_discussion_internal[SELECT * INTO row] ; database/014a_sprint3b_inspect_reconnect_idempotency_fix.sql:L20@s3b_apply_resolved_discussion_internal[SELECT * INTO row] ; database/014a_sprint3b_inspect_reconnect_idempotency_fix.sql:L37@s3b_apply_resolved_discussion_internal[qualified/rowtype field reference] ; database/014a_sprint3b_inspect_reconnect_idempotency_fix.sql:L60@s3b_apply_resolved_discussion_internal[qualified/rowtype field reference] ; database/014a_sprint3b_inspect_reconnect_idempotency_fix.sql:L99@s3b_apply_resolved_discussion_internal[qualified/rowtype field reference] ; database/029_sprint5_canonical_discussion_localization.sql:L54@s5_submit_vote[SELECT * INTO row] ; database/029_sprint5_canonical_discussion_localization.sql:L85@s5_get_player_state[to_jsonb(row) exposes field] ; database/029_sprint5_canonical_discussion_localization.sql:L89@s5_get_discussion_state[SELECT * INTO row] ; database/030_sprint5_exact_session_messages.sql:L12@s5_send_message[qualified/rowtype field reference] ; database/035_sprint6_focused_audit_corrections.sql:L40@s6_send_message_guarded[qualified/rowtype field reference] ; database/037_level3_independent_audit_closure.sql:L146@s6_refresh_owned_discussion[SELECT * INTO row] ; database/037_level3_independent_audit_closure.sql:L159@s2_refresh_discussion[SELECT * INTO row] ; database/037_level3_independent_audit_closure.sql:L160@s2_refresh_discussion[qualified/rowtype field reference] ; database/040_level2_closure_verification_support.sql:L14@s6_verify_expire_discussion[SELECT * INTO row] ; database/041_level2_normal_s5_verification_support.sql:L14@s5_verify_expire_discussion[SELECT * INTO row] ; database/043_sprint7_teacher_console.sql:L40@s7_get_teacher_console[SELECT * INTO row] ; database/044_sprint7_focused_level1_corrections.sql:L29@s7_get_teacher_console[SELECT * INTO row] ; database/050_sprint8_act2_verifier_projection_fix.sql:L24@s8_verify_integrity[qualified/rowtype field reference] ; database/054_level3_integrated_closure.sql:L135@s8_verify_integrity[qualified/rowtype field reference] ; database/054_level3_integrated_closure.sql:L59@teacher_apply_override[SELECT * INTO row] ; database/054_level3_integrated_closure.sql:L91@teacher_apply_override[SELECT * INTO row] ; database/055_level2_override_export_residual_closure.sql:L32@teacher_apply_override[qualified/rowtype field reference],0,,3,READ:tests/level2-residual-integrity-transaction.sql:L13@TEST_SQL[bare field in single test statement] ; READ:tests/level2-residual-integrity-transaction.sql:L23@TEST_SQL[bare field in single test statement] ; READ:tests/level2-residual-integrity-transaction.sql:L35@TEST_SQL[bare field in single test statement],0,
F0076,discussion_sessions#04,discussion_sessions,phase_key,4,13,NO,18,database/002_runtime_runs_discussion.sql:L342@s2_open_discussion[INSERT explicit column]{DIRECT_OR_COMPUTED} ; database/002_runtime_runs_discussion.sql:L735@s2_submit_vote[INSERT explicit column]{DIRECT_OR_COMPUTED} ; database/003_sprint2_discussionroom_audit_fix.sql:L117@s2_open_discussion[INSERT explicit column]{DIRECT_OR_COMPUTED} ; database/003_sprint2_discussionroom_audit_fix.sql:L281@s2_submit_vote[INSERT explicit column]{DIRECT_OR_COMPUTED} ; database/004_sprint2_fallback_resolution_semantics.sql:L134@s2_submit_vote[INSERT explicit column]{DIRECT_OR_COMPUTED} ; database/007_sprint3b_act1_5_placeholder_flow.sql:L140@s3b_leave_start_room[INSERT explicit column]{DIRECT_OR_COMPUTED} ; database/007_sprint3b_act1_5_placeholder_flow.sql:L249@s3b_submit_act4_choice[INSERT explicit column]{DIRECT_OR_COMPUTED} ; database/013_sprint3b_discussion_authority_and_request_identity.sql:L397@s2_submit_vote[INSERT explicit column]{DIRECT_OR_COMPUTED} ; database/028_sprint5_round_event_link.sql:L27@TOP_LEVEL[INSERT explicit column]{DIRECT_OR_COMPUTED} ; database/028_sprint5_round_event_link.sql:L5@s5_mirror_round_for_audit[INSERT explicit column]{DIRECT_OR_COMPUTED} ; database/029_sprint5_canonical_discussion_localization.sql:L20@s5_configure_discussion[INSERT explicit column]{DIRECT_OR_COMPUTED} ; database/029_sprint5_canonical_discussion_localization.sql:L30@s5_configure_discussion[UPDATE SET]{DIRECT_OR_COMPUTED} ; database/031_sprint5_focused_reaudit_corrections.sql:L9@s5_configure_discussion[UPDATE SET]{DIRECT_OR_COMPUTED} ; database/032_sprint5_discussion_creation_restore.sql:L11@s5_configure_discussion[UPDATE SET]{DIRECT_OR_COMPUTED} ; database/032_sprint5_discussion_creation_restore.sql:L9@s5_configure_discussion[INSERT explicit column]{DIRECT_OR_COMPUTED} ; database/035_sprint6_focused_audit_corrections.sql:L32@s6_open_discussion[INSERT explicit column]{DIRECT_OR_COMPUTED} ; database/054_level3_integrated_closure.sql:L55@teacher_apply_override[INSERT explicit column]{DIRECT_OR_COMPUTED} ; database/054_level3_integrated_closure.sql:L85@teacher_apply_override[INSERT explicit column]{DIRECT_OR_COMPUTED},59,database/002_runtime_runs_discussion.sql:L389@s2_refresh_discussion[SELECT * INTO row] ; database/002_runtime_runs_discussion.sql:L462@s2_open_vote[SELECT * INTO row] ; database/002_runtime_runs_discussion.sql:L519@s2_add_time[SELECT * INTO row] ; database/002_runtime_runs_discussion.sql:L568@s2_send_message[SELECT * INTO row] ; database/002_runtime_runs_discussion.sql:L576@s2_send_message[SELECT * INTO row] ; database/002_runtime_runs_discussion.sql:L591@s2_send_message[qualified/rowtype field reference] ; database/002_runtime_runs_discussion.sql:L633@s2_submit_vote[SELECT * INTO row] ; database/002_runtime_runs_discussion.sql:L642@s2_submit_vote[SELECT * INTO row] ; database/002_runtime_runs_discussion.sql:L661@s2_submit_vote[qualified/rowtype field reference] ; database/002_runtime_runs_discussion.sql:L742@s2_submit_vote[qualified/rowtype field reference] ; database/002_runtime_runs_discussion.sql:L827@s2_get_player_state[SELECT * INTO row] ; database/002_runtime_runs_discussion.sql:L835@s2_get_player_state[SELECT * INTO row] ; database/002_runtime_runs_discussion.sql:L980@s2_get_teacher_state[SELECT * INTO row] ; database/002_runtime_runs_discussion.sql:L988@s2_get_teacher_state[SELECT * INTO row] ; database/003_sprint2_discussionroom_audit_fix.sql:L179@s2_submit_vote[SELECT * INTO row] ; database/003_sprint2_discussionroom_audit_fix.sql:L188@s2_submit_vote[SELECT * INTO row] ; database/003_sprint2_discussionroom_audit_fix.sql:L207@s2_submit_vote[qualified/rowtype field reference] ; database/003_sprint2_discussionroom_audit_fix.sql:L288@s2_submit_vote[qualified/rowtype field reference] ; database/003_sprint2_discussionroom_audit_fix.sql:L373@s2_get_player_state[SELECT * INTO row] ; database/003_sprint2_discussionroom_audit_fix.sql:L381@s2_get_player_state[SELECT * INTO row] ; database/003_sprint2_discussionroom_audit_fix.sql:L528@s2_get_teacher_state[SELECT * INTO row] ; database/003_sprint2_discussionroom_audit_fix.sql:L536@s2_get_teacher_state[SELECT * INTO row] ; database/004_sprint2_fallback_resolution_semantics.sql:L141@s2_submit_vote[qualified/rowtype field reference] ; database/004_sprint2_fallback_resolution_semantics.sql:L32@s2_submit_vote[SELECT * INTO row] ; database/004_sprint2_fallback_resolution_semantics.sql:L41@s2_submit_vote[SELECT * INTO row] ; database/004_sprint2_fallback_resolution_semantics.sql:L60@s2_submit_vote[qualified/rowtype field reference] ; database/013_sprint3b_discussion_authority_and_request_identity.sql:L174@s3b_apply_resolved_discussion_internal[qualified/rowtype field reference] ; database/013_sprint3b_discussion_authority_and_request_identity.sql:L214@s2_send_message[SELECT * INTO row] ; database/013_sprint3b_discussion_authority_and_request_identity.sql:L237@s2_send_message[SELECT * INTO row] ; database/013_sprint3b_discussion_authority_and_request_identity.sql:L251@s2_send_message[qualified/rowtype field reference] ; database/013_sprint3b_discussion_authority_and_request_identity.sql:L295@s2_submit_vote[SELECT * INTO row] ; database/013_sprint3b_discussion_authority_and_request_identity.sql:L305@s2_submit_vote[SELECT * INTO row] ; database/013_sprint3b_discussion_authority_and_request_identity.sql:L332@s2_submit_vote[qualified/rowtype field reference] ; database/013_sprint3b_discussion_authority_and_request_identity.sql:L404@s2_submit_vote[qualified/rowtype field reference] ; database/013_sprint3b_discussion_authority_and_request_identity.sql:L94@s3b_apply_resolved_discussion_internal[SELECT * INTO row] ; database/014a_sprint3b_inspect_reconnect_idempotency_fix.sql:L100@s3b_apply_resolved_discussion_internal[qualified/rowtype field reference] ; database/014a_sprint3b_inspect_reconnect_idempotency_fix.sql:L20@s3b_apply_resolved_discussion_internal[SELECT * INTO row] ; database/029_sprint5_canonical_discussion_localization.sql:L54@s5_submit_vote[SELECT * INTO row] ; database/029_sprint5_canonical_discussion_localization.sql:L85@s5_get_player_state[to_jsonb(row) exposes field] ; database/029_sprint5_canonical_discussion_localization.sql:L89@s5_get_discussion_state[SELECT * INTO row] ; database/030_sprint5_exact_session_messages.sql:L12@s5_send_message[qualified/rowtype field reference] ; database/035_sprint6_focused_audit_corrections.sql:L40@s6_send_message_guarded[qualified/rowtype field reference] ; database/035_sprint6_focused_audit_corrections.sql:L42@s6_close_discussion_guarded[qualified/rowtype field reference] ; database/035_sprint6_focused_audit_corrections.sql:L72@s6_get_player_state[qualified/rowtype field reference] ; database/036_sprint6_four_open_findings.sql:L29@s6_get_player_state[qualified/rowtype field reference] ; database/037_level3_independent_audit_closure.sql:L146@s6_refresh_owned_discussion[SELECT * INTO row] ; database/037_level3_independent_audit_closure.sql:L159@s2_refresh_discussion[SELECT * INTO row] ; database/037_level3_independent_audit_closure.sql:L179@s6_get_player_state[qualified/rowtype field reference] ; database/040_level2_closure_verification_support.sql:L14@s6_verify_expire_discussion[SELECT * INTO row] ; database/040_level2_closure_verification_support.sql:L20@s6_verify_expire_discussion[qualified/rowtype field reference] ; database/041_level2_normal_s5_verification_support.sql:L14@s5_verify_expire_discussion[SELECT * INTO row] ; database/041_level2_normal_s5_verification_support.sql:L21@s5_verify_expire_discussion[qualified/rowtype field reference] ; database/043_sprint7_teacher_console.sql:L40@s7_get_teacher_console[SELECT * INTO row] ; database/044_sprint7_focused_level1_corrections.sql:L29@s7_get_teacher_console[SELECT * INTO row] ; database/050_sprint8_act2_verifier_projection_fix.sql:L25@s8_verify_integrity[qualified/rowtype field reference] ; database/054_level3_integrated_closure.sql:L135@s8_verify_integrity[qualified/rowtype field reference] ; database/054_level3_integrated_closure.sql:L59@teacher_apply_override[SELECT * INTO row] ; database/054_level3_integrated_closure.sql:L91@teacher_apply_override[SELECT * INTO row] ; database/055_level2_override_export_residual_closure.sql:L32@teacher_apply_override[qualified/rowtype field reference],0,,3,READ:tests/level2-residual-integrity-transaction.sql:L13@TEST_SQL[bare field in single test statement] ; READ:tests/level2-residual-integrity-transaction.sql:L23@TEST_SQL[bare field in single test statement] ; READ:tests/level2-residual-integrity-transaction.sql:L35@TEST_SQL[bare field in single test statement],0,
F0077,discussion_sessions#05,discussion_sessions,step_key,5,6,NO,16,database/002_runtime_runs_discussion.sql:L342@s2_open_discussion[INSERT explicit column]{DIRECT_OR_COMPUTED} ; database/002_runtime_runs_discussion.sql:L735@s2_submit_vote[INSERT explicit column]{DIRECT_OR_COMPUTED} ; database/003_sprint2_discussionroom_audit_fix.sql:L117@s2_open_discussion[INSERT explicit column]{DIRECT_OR_COMPUTED} ; database/003_sprint2_discussionroom_audit_fix.sql:L281@s2_submit_vote[INSERT explicit column]{DIRECT_OR_COMPUTED} ; database/004_sprint2_fallback_resolution_semantics.sql:L134@s2_submit_vote[INSERT explicit column]{DIRECT_OR_COMPUTED} ; database/007_sprint3b_act1_5_placeholder_flow.sql:L140@s3b_leave_start_room[INSERT explicit column]{DIRECT_OR_COMPUTED} ; database/007_sprint3b_act1_5_placeholder_flow.sql:L249@s3b_submit_act4_choice[INSERT explicit column]{DIRECT_OR_COMPUTED} ; database/013_sprint3b_discussion_authority_and_request_identity.sql:L397@s2_submit_vote[INSERT explicit column]{DIRECT_OR_COMPUTED} ; database/028_sprint5_round_event_link.sql:L27@TOP_LEVEL[INSERT explicit column]{DIRECT_OR_COMPUTED} ; database/028_sprint5_round_event_link.sql:L5@s5_mirror_round_for_audit[INSERT explicit column]{DIRECT_OR_COMPUTED} ; database/029_sprint5_canonical_discussion_localization.sql:L20@s5_configure_discussion[INSERT explicit column]{DIRECT_OR_COMPUTED} ; database/029_sprint5_canonical_discussion_localization.sql:L31@s5_configure_discussion[UPDATE SET]{DIRECT_OR_COMPUTED} ; database/032_sprint5_discussion_creation_restore.sql:L9@s5_configure_discussion[INSERT explicit column]{DIRECT_OR_COMPUTED} ; database/035_sprint6_focused_audit_corrections.sql:L32@s6_open_discussion[INSERT explicit column]{DIRECT_OR_COMPUTED} ; database/054_level3_integrated_closure.sql:L55@teacher_apply_override[INSERT explicit column]{DIRECT_OR_COMPUTED} ; database/054_level3_integrated_closure.sql:L85@teacher_apply_override[INSERT explicit column]{DIRECT_OR_COMPUTED},54,database/002_runtime_runs_discussion.sql:L389@s2_refresh_discussion[SELECT * INTO row] ; database/002_runtime_runs_discussion.sql:L462@s2_open_vote[SELECT * INTO row] ; database/002_runtime_runs_discussion.sql:L519@s2_add_time[SELECT * INTO row] ; database/002_runtime_runs_discussion.sql:L568@s2_send_message[SELECT * INTO row] ; database/002_runtime_runs_discussion.sql:L576@s2_send_message[SELECT * INTO row] ; database/002_runtime_runs_discussion.sql:L591@s2_send_message[qualified/rowtype field reference] ; database/002_runtime_runs_discussion.sql:L633@s2_submit_vote[SELECT * INTO row] ; database/002_runtime_runs_discussion.sql:L642@s2_submit_vote[SELECT * INTO row] ; database/002_runtime_runs_discussion.sql:L661@s2_submit_vote[qualified/rowtype field reference] ; database/002_runtime_runs_discussion.sql:L742@s2_submit_vote[qualified/rowtype field reference] ; database/002_runtime_runs_discussion.sql:L827@s2_get_player_state[SELECT * INTO row] ; database/002_runtime_runs_discussion.sql:L835@s2_get_player_state[SELECT * INTO row] ; database/002_runtime_runs_discussion.sql:L980@s2_get_teacher_state[SELECT * INTO row] ; database/002_runtime_runs_discussion.sql:L988@s2_get_teacher_state[SELECT * INTO row] ; database/003_sprint2_discussionroom_audit_fix.sql:L179@s2_submit_vote[SELECT * INTO row] ; database/003_sprint2_discussionroom_audit_fix.sql:L188@s2_submit_vote[SELECT * INTO row] ; database/003_sprint2_discussionroom_audit_fix.sql:L207@s2_submit_vote[qualified/rowtype field reference] ; database/003_sprint2_discussionroom_audit_fix.sql:L288@s2_submit_vote[qualified/rowtype field reference] ; database/003_sprint2_discussionroom_audit_fix.sql:L373@s2_get_player_state[SELECT * INTO row] ; database/003_sprint2_discussionroom_audit_fix.sql:L381@s2_get_player_state[SELECT * INTO row] ; database/003_sprint2_discussionroom_audit_fix.sql:L528@s2_get_teacher_state[SELECT * INTO row] ; database/003_sprint2_discussionroom_audit_fix.sql:L536@s2_get_teacher_state[SELECT * INTO row] ; database/004_sprint2_fallback_resolution_semantics.sql:L141@s2_submit_vote[qualified/rowtype field reference] ; database/004_sprint2_fallback_resolution_semantics.sql:L32@s2_submit_vote[SELECT * INTO row] ; database/004_sprint2_fallback_resolution_semantics.sql:L41@s2_submit_vote[SELECT * INTO row] ; database/004_sprint2_fallback_resolution_semantics.sql:L60@s2_submit_vote[qualified/rowtype field reference] ; database/013_sprint3b_discussion_authority_and_request_identity.sql:L175@s3b_apply_resolved_discussion_internal[qualified/rowtype field reference] ; database/013_sprint3b_discussion_authority_and_request_identity.sql:L214@s2_send_message[SELECT * INTO row] ; database/013_sprint3b_discussion_authority_and_request_identity.sql:L237@s2_send_message[SELECT * INTO row] ; database/013_sprint3b_discussion_authority_and_request_identity.sql:L251@s2_send_message[qualified/rowtype field reference] ; database/013_sprint3b_discussion_authority_and_request_identity.sql:L295@s2_submit_vote[SELECT * INTO row] ; database/013_sprint3b_discussion_authority_and_request_identity.sql:L305@s2_submit_vote[SELECT * INTO row] ; database/013_sprint3b_discussion_authority_and_request_identity.sql:L332@s2_submit_vote[qualified/rowtype field reference] ; database/013_sprint3b_discussion_authority_and_request_identity.sql:L404@s2_submit_vote[qualified/rowtype field reference] ; database/013_sprint3b_discussion_authority_and_request_identity.sql:L94@s3b_apply_resolved_discussion_internal[SELECT * INTO row] ; database/014a_sprint3b_inspect_reconnect_idempotency_fix.sql:L101@s3b_apply_resolved_discussion_internal[qualified/rowtype field reference] ; database/014a_sprint3b_inspect_reconnect_idempotency_fix.sql:L20@s3b_apply_resolved_discussion_internal[SELECT * INTO row] ; database/029_sprint5_canonical_discussion_localization.sql:L54@s5_submit_vote[SELECT * INTO row] ; database/029_sprint5_canonical_discussion_localization.sql:L85@s5_get_player_state[to_jsonb(row) exposes field] ; database/029_sprint5_canonical_discussion_localization.sql:L89@s5_get_discussion_state[SELECT * INTO row] ; database/030_sprint5_exact_session_messages.sql:L12@s5_send_message[qualified/rowtype field reference] ; database/035_sprint6_focused_audit_corrections.sql:L40@s6_send_message_guarded[qualified/rowtype field reference] ; database/035_sprint6_focused_audit_corrections.sql:L72@s6_get_player_state[qualified/rowtype field reference] ; database/036_sprint6_four_open_findings.sql:L29@s6_get_player_state[qualified/rowtype field reference] ; database/037_level3_independent_audit_closure.sql:L146@s6_refresh_owned_discussion[SELECT * INTO row] ; database/037_level3_independent_audit_closure.sql:L159@s2_refresh_discussion[SELECT * INTO row] ; database/037_level3_independent_audit_closure.sql:L179@s6_get_player_state[qualified/rowtype field reference] ; database/040_level2_closure_verification_support.sql:L14@s6_verify_expire_discussion[SELECT * INTO row] ; database/041_level2_normal_s5_verification_support.sql:L14@s5_verify_expire_discussion[SELECT * INTO row] ; database/043_sprint7_teacher_console.sql:L40@s7_get_teacher_console[SELECT * INTO row] ; database/044_sprint7_focused_level1_corrections.sql:L29@s7_get_teacher_console[SELECT * INTO row] ; database/050_sprint8_act2_verifier_projection_fix.sql:L25@s8_verify_integrity[qualified/rowtype field reference] ; database/054_level3_integrated_closure.sql:L59@teacher_apply_override[SELECT * INTO row] ; database/054_level3_integrated_closure.sql:L91@teacher_apply_override[SELECT * INTO row],0,,0,,0,
F0078,discussion_sessions#06,discussion_sessions,round_no,6,4,NO,15,database/002_runtime_runs_discussion.sql:L342@s2_open_discussion[INSERT explicit column]{DIRECT_OR_COMPUTED} ; database/002_runtime_runs_discussion.sql:L735@s2_submit_vote[INSERT explicit column]{DIRECT_OR_COMPUTED} ; database/003_sprint2_discussionroom_audit_fix.sql:L117@s2_open_discussion[INSERT explicit column]{DIRECT_OR_COMPUTED} ; database/003_sprint2_discussionroom_audit_fix.sql:L281@s2_submit_vote[INSERT explicit column]{DIRECT_OR_COMPUTED} ; database/004_sprint2_fallback_resolution_semantics.sql:L134@s2_submit_vote[INSERT explicit column]{DIRECT_OR_COMPUTED} ; database/007_sprint3b_act1_5_placeholder_flow.sql:L140@s3b_leave_start_room[INSERT explicit column]{DIRECT_OR_COMPUTED} ; database/007_sprint3b_act1_5_placeholder_flow.sql:L249@s3b_submit_act4_choice[INSERT explicit column]{DIRECT_OR_COMPUTED} ; database/013_sprint3b_discussion_authority_and_request_identity.sql:L397@s2_submit_vote[INSERT explicit column]{DIRECT_OR_COMPUTED} ; database/028_sprint5_round_event_link.sql:L27@TOP_LEVEL[INSERT explicit column]{DIRECT_OR_COMPUTED} ; database/028_sprint5_round_event_link.sql:L5@s5_mirror_round_for_audit[INSERT explicit column]{DIRECT_OR_COMPUTED} ; database/029_sprint5_canonical_discussion_localization.sql:L20@s5_configure_discussion[INSERT explicit column]{DIRECT_OR_COMPUTED} ; database/032_sprint5_discussion_creation_restore.sql:L9@s5_configure_discussion[INSERT explicit column]{DIRECT_OR_COMPUTED} ; database/035_sprint6_focused_audit_corrections.sql:L32@s6_open_discussion[INSERT explicit column]{DIRECT_OR_COMPUTED} ; database/054_level3_integrated_closure.sql:L55@teacher_apply_override[INSERT explicit column]{DIRECT_OR_COMPUTED} ; database/054_level3_integrated_closure.sql:L85@teacher_apply_override[INSERT explicit column]{DIRECT_OR_COMPUTED},48,database/002_runtime_runs_discussion.sql:L1054@s2_get_teacher_state[qualified/rowtype field reference] ; database/002_runtime_runs_discussion.sql:L389@s2_refresh_discussion[SELECT * INTO row] ; database/002_runtime_runs_discussion.sql:L462@s2_open_vote[SELECT * INTO row] ; database/002_runtime_runs_discussion.sql:L519@s2_add_time[SELECT * INTO row] ; database/002_runtime_runs_discussion.sql:L568@s2_send_message[SELECT * INTO row] ; database/002_runtime_runs_discussion.sql:L576@s2_send_message[SELECT * INTO row] ; database/002_runtime_runs_discussion.sql:L633@s2_submit_vote[SELECT * INTO row] ; database/002_runtime_runs_discussion.sql:L642@s2_submit_vote[SELECT * INTO row] ; database/002_runtime_runs_discussion.sql:L731@s2_submit_vote[qualified/rowtype field reference] ; database/002_runtime_runs_discussion.sql:L743@s2_submit_vote[qualified/rowtype field reference] ; database/002_runtime_runs_discussion.sql:L827@s2_get_player_state[SELECT * INTO row] ; database/002_runtime_runs_discussion.sql:L835@s2_get_player_state[SELECT * INTO row] ; database/002_runtime_runs_discussion.sql:L940@s2_get_player_state[qualified/rowtype field reference] ; database/002_runtime_runs_discussion.sql:L980@s2_get_teacher_state[SELECT * INTO row] ; database/002_runtime_runs_discussion.sql:L988@s2_get_teacher_state[SELECT * INTO row] ; database/003_sprint2_discussionroom_audit_fix.sql:L179@s2_submit_vote[SELECT * INTO row] ; database/003_sprint2_discussionroom_audit_fix.sql:L188@s2_submit_vote[SELECT * INTO row] ; database/003_sprint2_discussionroom_audit_fix.sql:L277@s2_submit_vote[qualified/rowtype field reference] ; database/003_sprint2_discussionroom_audit_fix.sql:L289@s2_submit_vote[qualified/rowtype field reference] ; database/003_sprint2_discussionroom_audit_fix.sql:L373@s2_get_player_state[SELECT * INTO row] ; database/003_sprint2_discussionroom_audit_fix.sql:L381@s2_get_player_state[SELECT * INTO row] ; database/003_sprint2_discussionroom_audit_fix.sql:L487@s2_get_player_state[qualified/rowtype field reference] ; database/003_sprint2_discussionroom_audit_fix.sql:L528@s2_get_teacher_state[SELECT * INTO row] ; database/003_sprint2_discussionroom_audit_fix.sql:L536@s2_get_teacher_state[SELECT * INTO row] ; database/003_sprint2_discussionroom_audit_fix.sql:L616@s2_get_teacher_state[qualified/rowtype field reference] ; database/004_sprint2_fallback_resolution_semantics.sql:L130@s2_submit_vote[qualified/rowtype field reference] ; database/004_sprint2_fallback_resolution_semantics.sql:L142@s2_submit_vote[qualified/rowtype field reference] ; database/004_sprint2_fallback_resolution_semantics.sql:L32@s2_submit_vote[SELECT * INTO row] ; database/004_sprint2_fallback_resolution_semantics.sql:L41@s2_submit_vote[SELECT * INTO row] ; database/013_sprint3b_discussion_authority_and_request_identity.sql:L214@s2_send_message[SELECT * INTO row] ; database/013_sprint3b_discussion_authority_and_request_identity.sql:L237@s2_send_message[SELECT * INTO row] ; database/013_sprint3b_discussion_authority_and_request_identity.sql:L295@s2_submit_vote[SELECT * INTO row] ; database/013_sprint3b_discussion_authority_and_request_identity.sql:L305@s2_submit_vote[SELECT * INTO row] ; database/013_sprint3b_discussion_authority_and_request_identity.sql:L395@s2_submit_vote[qualified/rowtype field reference] ; database/013_sprint3b_discussion_authority_and_request_identity.sql:L405@s2_submit_vote[qualified/rowtype field reference] ; database/013_sprint3b_discussion_authority_and_request_identity.sql:L94@s3b_apply_resolved_discussion_internal[SELECT * INTO row] ; database/014a_sprint3b_inspect_reconnect_idempotency_fix.sql:L20@s3b_apply_resolved_discussion_internal[SELECT * INTO row] ; database/029_sprint5_canonical_discussion_localization.sql:L54@s5_submit_vote[SELECT * INTO row] ; database/029_sprint5_canonical_discussion_localization.sql:L85@s5_get_player_state[to_jsonb(row) exposes field] ; database/029_sprint5_canonical_discussion_localization.sql:L89@s5_get_discussion_state[SELECT * INTO row] ; database/037_level3_independent_audit_closure.sql:L146@s6_refresh_owned_discussion[SELECT * INTO row] ; database/037_level3_independent_audit_closure.sql:L159@s2_refresh_discussion[SELECT * INTO row] ; database/040_level2_closure_verification_support.sql:L14@s6_verify_expire_discussion[SELECT * INTO row] ; database/041_level2_normal_s5_verification_support.sql:L14@s5_verify_expire_discussion[SELECT * INTO row] ; database/043_sprint7_teacher_console.sql:L40@s7_get_teacher_console[SELECT * INTO row] ; database/044_sprint7_focused_level1_corrections.sql:L29@s7_get_teacher_console[SELECT * INTO row] ; database/054_level3_integrated_closure.sql:L59@teacher_apply_override[SELECT * INTO row] ; database/054_level3_integrated_closure.sql:L91@teacher_apply_override[SELECT * INTO row],0,,0,,0,
F0079,discussion_sessions#07,discussion_sessions,vote_round,7,5,NO,15,database/002_runtime_runs_discussion.sql:L342@s2_open_discussion[INSERT explicit column]{DIRECT_OR_COMPUTED} ; database/002_runtime_runs_discussion.sql:L735@s2_submit_vote[INSERT explicit column]{DIRECT_OR_COMPUTED} ; database/003_sprint2_discussionroom_audit_fix.sql:L117@s2_open_discussion[INSERT explicit column]{DIRECT_OR_COMPUTED} ; database/003_sprint2_discussionroom_audit_fix.sql:L281@s2_submit_vote[INSERT explicit column]{DIRECT_OR_COMPUTED} ; database/004_sprint2_fallback_resolution_semantics.sql:L134@s2_submit_vote[INSERT explicit column]{DIRECT_OR_COMPUTED} ; database/007_sprint3b_act1_5_placeholder_flow.sql:L140@s3b_leave_start_room[INSERT explicit column]{DIRECT_OR_COMPUTED} ; database/007_sprint3b_act1_5_placeholder_flow.sql:L249@s3b_submit_act4_choice[INSERT explicit column]{DIRECT_OR_COMPUTED} ; database/013_sprint3b_discussion_authority_and_request_identity.sql:L397@s2_submit_vote[INSERT explicit column]{DIRECT_OR_COMPUTED} ; database/028_sprint5_round_event_link.sql:L27@TOP_LEVEL[INSERT explicit column]{DIRECT_OR_COMPUTED} ; database/028_sprint5_round_event_link.sql:L5@s5_mirror_round_for_audit[INSERT explicit column]{DIRECT_OR_COMPUTED} ; database/029_sprint5_canonical_discussion_localization.sql:L20@s5_configure_discussion[INSERT explicit column]{DIRECT_OR_COMPUTED} ; database/032_sprint5_discussion_creation_restore.sql:L9@s5_configure_discussion[INSERT explicit column]{DIRECT_OR_COMPUTED} ; database/035_sprint6_focused_audit_corrections.sql:L32@s6_open_discussion[INSERT explicit column]{DIRECT_OR_COMPUTED} ; database/054_level3_integrated_closure.sql:L55@teacher_apply_override[INSERT explicit column]{DIRECT_OR_COMPUTED} ; database/054_level3_integrated_closure.sql:L85@teacher_apply_override[INSERT explicit column]{DIRECT_OR_COMPUTED},91,database/002_runtime_runs_discussion.sql:L1053@s2_get_teacher_state[qualified/rowtype field reference] ; database/002_runtime_runs_discussion.sql:L366@s2_open_discussion[qualified/rowtype field reference] ; database/002_runtime_runs_discussion.sql:L371@s2_open_discussion[qualified/rowtype field reference] ; database/002_runtime_runs_discussion.sql:L389@s2_refresh_discussion[SELECT * INTO row] ; database/002_runtime_runs_discussion.sql:L410@s2_refresh_discussion[qualified/rowtype field reference] ; database/002_runtime_runs_discussion.sql:L462@s2_open_vote[SELECT * INTO row] ; database/002_runtime_runs_discussion.sql:L485@s2_open_vote[qualified/rowtype field reference] ; database/002_runtime_runs_discussion.sql:L519@s2_add_time[SELECT * INTO row] ; database/002_runtime_runs_discussion.sql:L568@s2_send_message[SELECT * INTO row] ; database/002_runtime_runs_discussion.sql:L576@s2_send_message[SELECT * INTO row] ; database/002_runtime_runs_discussion.sql:L633@s2_submit_vote[SELECT * INTO row] ; database/002_runtime_runs_discussion.sql:L642@s2_submit_vote[SELECT * INTO row] ; database/002_runtime_runs_discussion.sql:L661@s2_submit_vote[qualified/rowtype field reference] ; database/002_runtime_runs_discussion.sql:L668@s2_submit_vote[qualified/rowtype field reference] ; database/002_runtime_runs_discussion.sql:L696@s2_submit_vote[qualified/rowtype field reference] ; database/002_runtime_runs_discussion.sql:L718@s2_submit_vote[qualified/rowtype field reference] ; database/002_runtime_runs_discussion.sql:L725@s2_submit_vote[qualified/rowtype field reference] ; database/002_runtime_runs_discussion.sql:L743@s2_submit_vote[qualified/rowtype field reference] ; database/002_runtime_runs_discussion.sql:L758@s2_submit_vote[qualified/rowtype field reference] ; database/002_runtime_runs_discussion.sql:L766@s2_submit_vote[qualified/rowtype field reference] ; database/002_runtime_runs_discussion.sql:L774@s2_submit_vote[qualified/rowtype field reference] ; database/002_runtime_runs_discussion.sql:L827@s2_get_player_state[SELECT * INTO row] ; database/002_runtime_runs_discussion.sql:L835@s2_get_player_state[SELECT * INTO row] ; database/002_runtime_runs_discussion.sql:L901@s2_get_player_state[qualified/rowtype field reference] ; database/002_runtime_runs_discussion.sql:L915@s2_get_player_state[qualified/rowtype field reference] ; database/002_runtime_runs_discussion.sql:L939@s2_get_player_state[qualified/rowtype field reference] ; database/002_runtime_runs_discussion.sql:L980@s2_get_teacher_state[SELECT * INTO row] ; database/002_runtime_runs_discussion.sql:L988@s2_get_teacher_state[SELECT * INTO row] ; database/003_sprint2_discussionroom_audit_fix.sql:L141@s2_open_discussion[qualified/rowtype field reference] ; database/003_sprint2_discussionroom_audit_fix.sql:L146@s2_open_discussion[qualified/rowtype field reference] ; database/003_sprint2_discussionroom_audit_fix.sql:L179@s2_submit_vote[SELECT * INTO row] ; database/003_sprint2_discussionroom_audit_fix.sql:L188@s2_submit_vote[SELECT * INTO row] ; database/003_sprint2_discussionroom_audit_fix.sql:L207@s2_submit_vote[qualified/rowtype field reference] ; database/003_sprint2_discussionroom_audit_fix.sql:L214@s2_submit_vote[qualified/rowtype field reference] ; database/003_sprint2_discussionroom_audit_fix.sql:L242@s2_submit_vote[qualified/rowtype field reference] ; database/003_sprint2_discussionroom_audit_fix.sql:L264@s2_submit_vote[qualified/rowtype field reference] ; database/003_sprint2_discussionroom_audit_fix.sql:L271@s2_submit_vote[qualified/rowtype field reference] ; database/003_sprint2_discussionroom_audit_fix.sql:L289@s2_submit_vote[qualified/rowtype field reference] ; database/003_sprint2_discussionroom_audit_fix.sql:L304@s2_submit_vote[qualified/rowtype field reference] ; database/003_sprint2_discussionroom_audit_fix.sql:L312@s2_submit_vote[qualified/rowtype field reference] ; database/003_sprint2_discussionroom_audit_fix.sql:L320@s2_submit_vote[qualified/rowtype field reference] ; database/003_sprint2_discussionroom_audit_fix.sql:L373@s2_get_player_state[SELECT * INTO row] ; database/003_sprint2_discussionroom_audit_fix.sql:L381@s2_get_player_state[SELECT * INTO row] ; database/003_sprint2_discussionroom_audit_fix.sql:L448@s2_get_player_state[qualified/rowtype field reference] ; database/003_sprint2_discussionroom_audit_fix.sql:L462@s2_get_player_state[qualified/rowtype field reference] ; database/003_sprint2_discussionroom_audit_fix.sql:L486@s2_get_player_state[qualified/rowtype field reference] ; database/003_sprint2_discussionroom_audit_fix.sql:L528@s2_get_teacher_state[SELECT * INTO row] ; database/003_sprint2_discussionroom_audit_fix.sql:L536@s2_get_teacher_state[SELECT * INTO row] ; database/003_sprint2_discussionroom_audit_fix.sql:L615@s2_get_teacher_state[qualified/rowtype field reference] ; database/004_sprint2_fallback_resolution_semantics.sql:L117@s2_submit_vote[qualified/rowtype field reference] ; database/004_sprint2_fallback_resolution_semantics.sql:L124@s2_submit_vote[qualified/rowtype field reference] ; database/004_sprint2_fallback_resolution_semantics.sql:L142@s2_submit_vote[qualified/rowtype field reference] ; database/004_sprint2_fallback_resolution_semantics.sql:L157@s2_submit_vote[qualified/rowtype field reference] ; database/004_sprint2_fallback_resolution_semantics.sql:L165@s2_submit_vote[qualified/rowtype field reference] ; database/004_sprint2_fallback_resolution_semantics.sql:L175@s2_submit_vote[qualified/rowtype field reference] ; database/004_sprint2_fallback_resolution_semantics.sql:L32@s2_submit_vote[SELECT * INTO row] ; database/004_sprint2_fallback_resolution_semantics.sql:L41@s2_submit_vote[SELECT * INTO row] ; database/004_sprint2_fallback_resolution_semantics.sql:L60@s2_submit_vote[qualified/rowtype field reference] ; database/004_sprint2_fallback_resolution_semantics.sql:L67@s2_submit_vote[qualified/rowtype field reference] ; database/004_sprint2_fallback_resolution_semantics.sql:L95@s2_submit_vote[qualified/rowtype field reference] ; database/013_sprint3b_discussion_authority_and_request_identity.sql:L214@s2_send_message[SELECT * INTO row] ; database/013_sprint3b_discussion_authority_and_request_identity.sql:L221@s2_send_message[qualified/rowtype field reference] ; database/013_sprint3b_discussion_authority_and_request_identity.sql:L237@s2_send_message[SELECT * INTO row] ; database/013_sprint3b_discussion_authority_and_request_identity.sql:L295@s2_submit_vote[SELECT * INTO row] ; database/013_sprint3b_discussion_authority_and_request_identity.sql:L302@s2_submit_vote[qualified/rowtype field reference] ; database/013_sprint3b_discussion_authority_and_request_identity.sql:L305@s2_submit_vote[SELECT * INTO row] ; database/013_sprint3b_discussion_authority_and_request_identity.sql:L332@s2_submit_vote[qualified/rowtype field reference] ; database/013_sprint3b_discussion_authority_and_request_identity.sql:L338@s2_submit_vote[qualified/rowtype field reference] ; database/013_sprint3b_discussion_authority_and_request_identity.sql:L362@s2_submit_vote[qualified/rowtype field reference] ; database/013_sprint3b_discussion_authority_and_request_identity.sql:L384@s2_submit_vote[qualified/rowtype field reference] ; database/013_sprint3b_discussion_authority_and_request_identity.sql:L390@s2_submit_vote[qualified/rowtype field reference] ; database/013_sprint3b_discussion_authority_and_request_identity.sql:L405@s2_submit_vote[qualified/rowtype field reference] ; database/013_sprint3b_discussion_authority_and_request_identity.sql:L418@s2_submit_vote[qualified/rowtype field reference] ; database/013_sprint3b_discussion_authority_and_request_identity.sql:L425@s2_submit_vote[qualified/rowtype field reference] ; database/013_sprint3b_discussion_authority_and_request_identity.sql:L434@s2_submit_vote[qualified/rowtype field reference] ; database/013_sprint3b_discussion_authority_and_request_identity.sql:L94@s3b_apply_resolved_discussion_internal[SELECT * INTO row] ; database/014a_sprint3b_inspect_reconnect_idempotency_fix.sql:L20@s3b_apply_resolved_discussion_internal[SELECT * INTO row] ; database/029_sprint5_canonical_discussion_localization.sql:L54@s5_submit_vote[SELECT * INTO row] ; database/029_sprint5_canonical_discussion_localization.sql:L85@s5_get_player_state[to_jsonb(row) exposes field] ; database/029_sprint5_canonical_discussion_localization.sql:L89@s5_get_discussion_state[SELECT * INTO row] ; database/035_sprint6_focused_audit_corrections.sql:L72@s6_get_player_state[qualified/rowtype field reference] ; database/036_sprint6_four_open_findings.sql:L29@s6_get_player_state[qualified/rowtype field reference] ; database/037_level3_independent_audit_closure.sql:L146@s6_refresh_owned_discussion[SELECT * INTO row] ; database/037_level3_independent_audit_closure.sql:L159@s2_refresh_discussion[SELECT * INTO row] ; database/037_level3_independent_audit_closure.sql:L179@s6_get_player_state[qualified/rowtype field reference] ; database/040_level2_closure_verification_support.sql:L14@s6_verify_expire_discussion[SELECT * INTO row] ; database/041_level2_normal_s5_verification_support.sql:L14@s5_verify_expire_discussion[SELECT * INTO row] ; database/043_sprint7_teacher_console.sql:L40@s7_get_teacher_console[SELECT * INTO row] ; database/044_sprint7_focused_level1_corrections.sql:L29@s7_get_teacher_console[SELECT * INTO row] ; database/054_level3_integrated_closure.sql:L59@teacher_apply_override[SELECT * INTO row] ; database/054_level3_integrated_closure.sql:L91@teacher_apply_override[SELECT * INTO row],0,,0,,0,
F0080,discussion_sessions#08,discussion_sessions,topic,8,1,YES,15,database/002_runtime_runs_discussion.sql:L342@s2_open_discussion[INSERT explicit column]{DIRECT_OR_COMPUTED} ; database/002_runtime_runs_discussion.sql:L735@s2_submit_vote[INSERT explicit column]{DIRECT_OR_COMPUTED} ; database/003_sprint2_discussionroom_audit_fix.sql:L117@s2_open_discussion[INSERT explicit column]{DIRECT_OR_COMPUTED} ; database/003_sprint2_discussionroom_audit_fix.sql:L281@s2_submit_vote[INSERT explicit column]{DIRECT_OR_COMPUTED} ; database/004_sprint2_fallback_resolution_semantics.sql:L134@s2_submit_vote[INSERT explicit column]{DIRECT_OR_COMPUTED} ; database/007_sprint3b_act1_5_placeholder_flow.sql:L140@s3b_leave_start_room[INSERT explicit column]{DIRECT_OR_COMPUTED} ; database/007_sprint3b_act1_5_placeholder_flow.sql:L249@s3b_submit_act4_choice[INSERT explicit column]{DIRECT_OR_COMPUTED} ; database/013_sprint3b_discussion_authority_and_request_identity.sql:L397@s2_submit_vote[INSERT explicit column]{DIRECT_OR_COMPUTED} ; database/028_sprint5_round_event_link.sql:L27@TOP_LEVEL[INSERT explicit column]{DIRECT_OR_COMPUTED} ; database/028_sprint5_round_event_link.sql:L5@s5_mirror_round_for_audit[INSERT explicit column]{DIRECT_OR_COMPUTED} ; database/029_sprint5_canonical_discussion_localization.sql:L20@s5_configure_discussion[INSERT explicit column]{DIRECT_OR_COMPUTED} ; database/032_sprint5_discussion_creation_restore.sql:L9@s5_configure_discussion[INSERT explicit column]{DIRECT_OR_COMPUTED} ; database/035_sprint6_focused_audit_corrections.sql:L32@s6_open_discussion[INSERT explicit column]{DIRECT_OR_COMPUTED} ; database/054_level3_integrated_closure.sql:L55@teacher_apply_override[INSERT explicit column]{DIRECT_OR_COMPUTED} ; database/054_level3_integrated_closure.sql:L85@teacher_apply_override[INSERT explicit column]{DIRECT_OR_COMPUTED},50,database/002_runtime_runs_discussion.sql:L1051@s2_get_teacher_state[qualified/rowtype field reference] ; database/002_runtime_runs_discussion.sql:L366@s2_open_discussion[qualified/rowtype field reference] ; database/002_runtime_runs_discussion.sql:L389@s2_refresh_discussion[SELECT * INTO row] ; database/002_runtime_runs_discussion.sql:L462@s2_open_vote[SELECT * INTO row] ; database/002_runtime_runs_discussion.sql:L519@s2_add_time[SELECT * INTO row] ; database/002_runtime_runs_discussion.sql:L568@s2_send_message[SELECT * INTO row] ; database/002_runtime_runs_discussion.sql:L576@s2_send_message[SELECT * INTO row] ; database/002_runtime_runs_discussion.sql:L633@s2_submit_vote[SELECT * INTO row] ; database/002_runtime_runs_discussion.sql:L642@s2_submit_vote[SELECT * INTO row] ; database/002_runtime_runs_discussion.sql:L744@s2_submit_vote[qualified/rowtype field reference] ; database/002_runtime_runs_discussion.sql:L827@s2_get_player_state[SELECT * INTO row] ; database/002_runtime_runs_discussion.sql:L835@s2_get_player_state[SELECT * INTO row] ; database/002_runtime_runs_discussion.sql:L937@s2_get_player_state[qualified/rowtype field reference] ; database/002_runtime_runs_discussion.sql:L980@s2_get_teacher_state[SELECT * INTO row] ; database/002_runtime_runs_discussion.sql:L988@s2_get_teacher_state[SELECT * INTO row] ; database/003_sprint2_discussionroom_audit_fix.sql:L141@s2_open_discussion[qualified/rowtype field reference] ; database/003_sprint2_discussionroom_audit_fix.sql:L179@s2_submit_vote[SELECT * INTO row] ; database/003_sprint2_discussionroom_audit_fix.sql:L188@s2_submit_vote[SELECT * INTO row] ; database/003_sprint2_discussionroom_audit_fix.sql:L290@s2_submit_vote[qualified/rowtype field reference] ; database/003_sprint2_discussionroom_audit_fix.sql:L373@s2_get_player_state[SELECT * INTO row] ; database/003_sprint2_discussionroom_audit_fix.sql:L381@s2_get_player_state[SELECT * INTO row] ; database/003_sprint2_discussionroom_audit_fix.sql:L484@s2_get_player_state[qualified/rowtype field reference] ; database/003_sprint2_discussionroom_audit_fix.sql:L528@s2_get_teacher_state[SELECT * INTO row] ; database/003_sprint2_discussionroom_audit_fix.sql:L536@s2_get_teacher_state[SELECT * INTO row] ; database/003_sprint2_discussionroom_audit_fix.sql:L613@s2_get_teacher_state[qualified/rowtype field reference] ; database/004_sprint2_fallback_resolution_semantics.sql:L143@s2_submit_vote[qualified/rowtype field reference] ; database/004_sprint2_fallback_resolution_semantics.sql:L32@s2_submit_vote[SELECT * INTO row] ; database/004_sprint2_fallback_resolution_semantics.sql:L41@s2_submit_vote[SELECT * INTO row] ; database/013_sprint3b_discussion_authority_and_request_identity.sql:L214@s2_send_message[SELECT * INTO row] ; database/013_sprint3b_discussion_authority_and_request_identity.sql:L237@s2_send_message[SELECT * INTO row] ; database/013_sprint3b_discussion_authority_and_request_identity.sql:L295@s2_submit_vote[SELECT * INTO row] ; database/013_sprint3b_discussion_authority_and_request_identity.sql:L305@s2_submit_vote[SELECT * INTO row] ; database/013_sprint3b_discussion_authority_and_request_identity.sql:L405@s2_submit_vote[qualified/rowtype field reference] ; database/013_sprint3b_discussion_authority_and_request_identity.sql:L94@s3b_apply_resolved_discussion_internal[SELECT * INTO row] ; database/014a_sprint3b_inspect_reconnect_idempotency_fix.sql:L20@s3b_apply_resolved_discussion_internal[SELECT * INTO row] ; database/029_sprint5_canonical_discussion_localization.sql:L54@s5_submit_vote[SELECT * INTO row] ; database/029_sprint5_canonical_discussion_localization.sql:L85@s5_get_player_state[to_jsonb(row) exposes field] ; database/029_sprint5_canonical_discussion_localization.sql:L89@s5_get_discussion_state[SELECT * INTO row] ; database/029_sprint5_canonical_discussion_localization.sql:L93@s5_get_discussion_state[qualified/rowtype field reference] ; database/031_sprint5_focused_reaudit_corrections.sql:L31@s5_get_teacher_discussion_state[qualified/rowtype field reference] ; database/037_level3_independent_audit_closure.sql:L146@s6_refresh_owned_discussion[SELECT * INTO row] ; database/037_level3_independent_audit_closure.sql:L159@s2_refresh_discussion[SELECT * INTO row] ; database/040_level2_closure_verification_support.sql:L14@s6_verify_expire_discussion[SELECT * INTO row] ; database/041_level2_normal_s5_verification_support.sql:L14@s5_verify_expire_discussion[SELECT * INTO row] ; database/043_sprint7_teacher_console.sql:L40@s7_get_teacher_console[SELECT * INTO row] ; database/043_sprint7_teacher_console.sql:L79@s7_get_teacher_console[qualified/rowtype field reference] ; database/044_sprint7_focused_level1_corrections.sql:L29@s7_get_teacher_console[SELECT * INTO row] ; database/044_sprint7_focused_level1_corrections.sql:L65@s7_get_teacher_console[qualified/rowtype field reference] ; database/054_level3_integrated_closure.sql:L59@teacher_apply_override[SELECT * INTO row] ; database/054_level3_integrated_closure.sql:L91@teacher_apply_override[SELECT * INTO row],3,MEDIUM:src/game/app.js:L546@renderDiscussion[property-name reference] ; MEDIUM:src/teacher/teacher-console.js:L241@renderDiscussionState[property-name reference] ; MEDIUM:tests/sprint2-live-e2e.js:L82@openDiscussion[property-name reference],0,,0,
F0081,discussion_sessions#09,discussion_sessions,status,9,4,NO,29,database/002_runtime_runs_discussion.sql:L403@s2_refresh_discussion[UPDATE SET]{DIRECT_OR_COMPUTED} ; database/002_runtime_runs_discussion.sql:L414@s2_refresh_discussion[UPDATE SET]{DIRECT_OR_COMPUTED} ; database/002_runtime_runs_discussion.sql:L431@s2_refresh_discussion[UPDATE SET]{DIRECT_OR_COMPUTED} ; database/002_runtime_runs_discussion.sql:L477@s2_open_vote[UPDATE SET]{DIRECT_OR_COMPUTED} ; database/002_runtime_runs_discussion.sql:L531@s2_add_time[UPDATE SET]{DIRECT_OR_COMPUTED} ; database/002_runtime_runs_discussion.sql:L692@s2_submit_vote[UPDATE SET]{DIRECT_OR_COMPUTED} ; database/002_runtime_runs_discussion.sql:L715@s2_submit_vote[UPDATE SET]{DIRECT_OR_COMPUTED} ; database/003_sprint2_discussionroom_audit_fix.sql:L238@s2_submit_vote[UPDATE SET]{DIRECT_OR_COMPUTED} ; database/003_sprint2_discussionroom_audit_fix.sql:L261@s2_submit_vote[UPDATE SET]{DIRECT_OR_COMPUTED} ; database/004_sprint2_fallback_resolution_semantics.sql:L114@s2_submit_vote[UPDATE SET]{DIRECT_OR_COMPUTED} ; database/004_sprint2_fallback_resolution_semantics.sql:L91@s2_submit_vote[UPDATE SET]{DIRECT_OR_COMPUTED} ; database/013_sprint3b_discussion_authority_and_request_identity.sql:L358@s2_submit_vote[UPDATE SET]{DIRECT_OR_COMPUTED} ; database/013_sprint3b_discussion_authority_and_request_identity.sql:L381@s2_submit_vote[UPDATE SET]{DIRECT_OR_COMPUTED} ; database/028_sprint5_round_event_link.sql:L27@TOP_LEVEL[INSERT explicit column]{DIRECT_OR_COMPUTED} ; database/028_sprint5_round_event_link.sql:L5@s5_mirror_round_for_audit[INSERT explicit column]{DIRECT_OR_COMPUTED} ; database/029_sprint5_canonical_discussion_localization.sql:L20@s5_configure_discussion[INSERT explicit column]{DIRECT_OR_COMPUTED} ; database/029_sprint5_canonical_discussion_localization.sql:L31@s5_configure_discussion[UPDATE SET]{DIRECT_OR_COMPUTED} ; database/029_sprint5_canonical_discussion_localization.sql:L59@s5_submit_vote[UPDATE SET]{DIRECT_OR_COMPUTED} ; database/031_sprint5_focused_reaudit_corrections.sql:L33@s5_teacher_open_vote[UPDATE SET]{DIRECT_OR_COMPUTED} ; database/031_sprint5_focused_reaudit_corrections.sql:L9@s5_configure_discussion[UPDATE SET]{DIRECT_OR_COMPUTED} ; database/032_sprint5_discussion_creation_restore.sql:L11@s5_configure_discussion[UPDATE SET]{DIRECT_OR_COMPUTED} ; database/032_sprint5_discussion_creation_restore.sql:L9@s5_configure_discussion[INSERT explicit column]{DIRECT_OR_COMPUTED} ; database/035_sprint6_focused_audit_corrections.sql:L32@s6_open_discussion[INSERT explicit column]{DIRECT_OR_COMPUTED} ; database/035_sprint6_focused_audit_corrections.sql:L32@s6_open_discussion[UPDATE SET]{DIRECT_OR_COMPUTED} ; database/035_sprint6_focused_audit_corrections.sql:L42@s6_close_discussion_guarded[UPDATE SET]{DIRECT_OR_COMPUTED} ; database/037_level3_independent_audit_closure.sql:L149@s6_refresh_owned_discussion[UPDATE SET]{DIRECT_OR_COMPUTED} ; database/045_sprint7_teacher_intervention_provenance.sql:L25@s5_teacher_open_vote[UPDATE SET]{DIRECT_OR_COMPUTED} ; database/054_level3_integrated_closure.sql:L63@teacher_apply_override[UPDATE SET]{DIRECT_OR_COMPUTED} ; database/054_level3_integrated_closure.sql:L92@teacher_apply_override[UPDATE SET]{DIRECT_OR_COMPUTED},75,database/002_runtime_runs_discussion.sql:L1005@s2_get_teacher_state[qualified/rowtype field reference] ; database/002_runtime_runs_discussion.sql:L1052@s2_get_teacher_state[qualified/rowtype field reference] ; database/002_runtime_runs_discussion.sql:L373@s2_open_discussion[qualified/rowtype field reference] ; database/002_runtime_runs_discussion.sql:L389@s2_refresh_discussion[SELECT * INTO row] ; database/002_runtime_runs_discussion.sql:L400@s2_refresh_discussion[qualified/rowtype field reference] ; database/002_runtime_runs_discussion.sql:L423@s2_refresh_discussion[qualified/rowtype field reference] ; database/002_runtime_runs_discussion.sql:L462@s2_open_vote[SELECT * INTO row] ; database/002_runtime_runs_discussion.sql:L469@s2_open_vote[qualified/rowtype field reference] ; database/002_runtime_runs_discussion.sql:L490@s2_open_vote[qualified/rowtype field reference] ; database/002_runtime_runs_discussion.sql:L519@s2_add_time[SELECT * INTO row] ; database/002_runtime_runs_discussion.sql:L526@s2_add_time[qualified/rowtype field reference] ; database/002_runtime_runs_discussion.sql:L542@s2_add_time[qualified/rowtype field reference] ; database/002_runtime_runs_discussion.sql:L568@s2_send_message[SELECT * INTO row] ; database/002_runtime_runs_discussion.sql:L576@s2_send_message[SELECT * INTO row] ; database/002_runtime_runs_discussion.sql:L579@s2_send_message[qualified/rowtype field reference] ; database/002_runtime_runs_discussion.sql:L633@s2_submit_vote[SELECT * INTO row] ; database/002_runtime_runs_discussion.sql:L642@s2_submit_vote[SELECT * INTO row] ; database/002_runtime_runs_discussion.sql:L646@s2_submit_vote[qualified/rowtype field reference] ; database/002_runtime_runs_discussion.sql:L827@s2_get_player_state[SELECT * INTO row] ; database/002_runtime_runs_discussion.sql:L835@s2_get_player_state[SELECT * INTO row] ; database/002_runtime_runs_discussion.sql:L866@s2_get_player_state[qualified/rowtype field reference] ; database/002_runtime_runs_discussion.sql:L918@s2_get_player_state[qualified/rowtype field reference] ; database/002_runtime_runs_discussion.sql:L938@s2_get_player_state[qualified/rowtype field reference] ; database/002_runtime_runs_discussion.sql:L980@s2_get_teacher_state[SELECT * INTO row] ; database/002_runtime_runs_discussion.sql:L988@s2_get_teacher_state[SELECT * INTO row] ; database/003_sprint2_discussionroom_audit_fix.sql:L148@s2_open_discussion[qualified/rowtype field reference] ; database/003_sprint2_discussionroom_audit_fix.sql:L179@s2_submit_vote[SELECT * INTO row] ; database/003_sprint2_discussionroom_audit_fix.sql:L188@s2_submit_vote[SELECT * INTO row] ; database/003_sprint2_discussionroom_audit_fix.sql:L192@s2_submit_vote[qualified/rowtype field reference] ; database/003_sprint2_discussionroom_audit_fix.sql:L373@s2_get_player_state[SELECT * INTO row] ; database/003_sprint2_discussionroom_audit_fix.sql:L381@s2_get_player_state[SELECT * INTO row] ; database/003_sprint2_discussionroom_audit_fix.sql:L413@s2_get_player_state[qualified/rowtype field reference] ; database/003_sprint2_discussionroom_audit_fix.sql:L465@s2_get_player_state[qualified/rowtype field reference] ; database/003_sprint2_discussionroom_audit_fix.sql:L485@s2_get_player_state[qualified/rowtype field reference] ; database/003_sprint2_discussionroom_audit_fix.sql:L528@s2_get_teacher_state[SELECT * INTO row] ; database/003_sprint2_discussionroom_audit_fix.sql:L536@s2_get_teacher_state[SELECT * INTO row] ; database/003_sprint2_discussionroom_audit_fix.sql:L554@s2_get_teacher_state[qualified/rowtype field reference] ; database/003_sprint2_discussionroom_audit_fix.sql:L614@s2_get_teacher_state[qualified/rowtype field reference] ; database/004_sprint2_fallback_resolution_semantics.sql:L32@s2_submit_vote[SELECT * INTO row] ; database/004_sprint2_fallback_resolution_semantics.sql:L41@s2_submit_vote[SELECT * INTO row] ; database/004_sprint2_fallback_resolution_semantics.sql:L45@s2_submit_vote[qualified/rowtype field reference] ; database/013_sprint3b_discussion_authority_and_request_identity.sql:L214@s2_send_message[SELECT * INTO row] ; database/013_sprint3b_discussion_authority_and_request_identity.sql:L237@s2_send_message[SELECT * INTO row] ; database/013_sprint3b_discussion_authority_and_request_identity.sql:L239@s2_send_message[qualified/rowtype field reference] ; database/013_sprint3b_discussion_authority_and_request_identity.sql:L295@s2_submit_vote[SELECT * INTO row] ; database/013_sprint3b_discussion_authority_and_request_identity.sql:L305@s2_submit_vote[SELECT * INTO row] ; database/013_sprint3b_discussion_authority_and_request_identity.sql:L307@s2_submit_vote[qualified/rowtype field reference] ; database/013_sprint3b_discussion_authority_and_request_identity.sql:L322@s2_submit_vote[qualified/rowtype field reference] ; database/013_sprint3b_discussion_authority_and_request_identity.sql:L94@s3b_apply_resolved_discussion_internal[SELECT * INTO row] ; database/013_sprint3b_discussion_authority_and_request_identity.sql:L97@s3b_apply_resolved_discussion_internal[qualified/rowtype field reference] ; database/014a_sprint3b_inspect_reconnect_idempotency_fix.sql:L20@s3b_apply_resolved_discussion_internal[SELECT * INTO row] ; database/014a_sprint3b_inspect_reconnect_idempotency_fix.sql:L23@s3b_apply_resolved_discussion_internal[qualified/rowtype field reference] ; database/029_sprint5_canonical_discussion_localization.sql:L54@s5_submit_vote[SELECT * INTO row] ; database/029_sprint5_canonical_discussion_localization.sql:L55@s5_submit_vote[qualified/rowtype field reference] ; database/029_sprint5_canonical_discussion_localization.sql:L85@s5_get_player_state[to_jsonb(row) exposes field] ; database/029_sprint5_canonical_discussion_localization.sql:L89@s5_get_discussion_state[SELECT * INTO row] ; database/029_sprint5_canonical_discussion_localization.sql:L93@s5_get_discussion_state[qualified/rowtype field reference] ; database/030_sprint5_exact_session_messages.sql:L11@s5_send_message[qualified/rowtype field reference] ; database/031_sprint5_focused_reaudit_corrections.sql:L30@s5_get_teacher_discussion_state[qualified/rowtype field reference] ; database/031_sprint5_focused_reaudit_corrections.sql:L31@s5_get_teacher_discussion_state[qualified/rowtype field reference] ; database/035_sprint6_focused_audit_corrections.sql:L40@s6_send_message_guarded[qualified/rowtype field reference] ; database/035_sprint6_focused_audit_corrections.sql:L42@s6_close_discussion_guarded[qualified/rowtype field reference] ; database/037_level3_independent_audit_closure.sql:L146@s6_refresh_owned_discussion[SELECT * INTO row] ; database/037_level3_independent_audit_closure.sql:L159@s2_refresh_discussion[SELECT * INTO row] ; database/040_level2_closure_verification_support.sql:L14@s6_verify_expire_discussion[SELECT * INTO row] ; database/041_level2_normal_s5_verification_support.sql:L14@s5_verify_expire_discussion[SELECT * INTO row] ; database/043_sprint7_teacher_console.sql:L40@s7_get_teacher_console[SELECT * INTO row] ; database/043_sprint7_teacher_console.sql:L78@s7_get_teacher_console[qualified/rowtype field reference] ; database/043_sprint7_teacher_console.sql:L79@s7_get_teacher_console[qualified/rowtype field reference] ; database/044_sprint7_focused_level1_corrections.sql:L29@s7_get_teacher_console[SELECT * INTO row] ; database/044_sprint7_focused_level1_corrections.sql:L65@s7_get_teacher_console[qualified/rowtype field reference] ; database/050_sprint8_act2_verifier_projection_fix.sql:L26@s8_verify_integrity[qualified/rowtype field reference] ; database/054_level3_integrated_closure.sql:L135@s8_verify_integrity[qualified/rowtype field reference] ; database/054_level3_integrated_closure.sql:L59@teacher_apply_override[SELECT * INTO row] ; database/054_level3_integrated_closure.sql:L91@teacher_apply_override[SELECT * INTO row],0,,0,,0,
F0082,discussion_sessions#10,discussion_sessions,started_at,10,1,YES,3,database/029_sprint5_canonical_discussion_localization.sql:L31@s5_configure_discussion[UPDATE SET]{DIRECT_OR_COMPUTED} ; database/031_sprint5_focused_reaudit_corrections.sql:L9@s5_configure_discussion[UPDATE SET]{DIRECT_OR_COMPUTED} ; database/032_sprint5_discussion_creation_restore.sql:L11@s5_configure_discussion[UPDATE SET]{DIRECT_OR_COMPUTED},37,database/002_runtime_runs_discussion.sql:L389@s2_refresh_discussion[SELECT * INTO row] ; database/002_runtime_runs_discussion.sql:L462@s2_open_vote[SELECT * INTO row] ; database/002_runtime_runs_discussion.sql:L519@s2_add_time[SELECT * INTO row] ; database/002_runtime_runs_discussion.sql:L568@s2_send_message[SELECT * INTO row] ; database/002_runtime_runs_discussion.sql:L576@s2_send_message[SELECT * INTO row] ; database/002_runtime_runs_discussion.sql:L633@s2_submit_vote[SELECT * INTO row] ; database/002_runtime_runs_discussion.sql:L642@s2_submit_vote[SELECT * INTO row] ; database/002_runtime_runs_discussion.sql:L827@s2_get_player_state[SELECT * INTO row] ; database/002_runtime_runs_discussion.sql:L835@s2_get_player_state[SELECT * INTO row] ; database/002_runtime_runs_discussion.sql:L980@s2_get_teacher_state[SELECT * INTO row] ; database/002_runtime_runs_discussion.sql:L988@s2_get_teacher_state[SELECT * INTO row] ; database/003_sprint2_discussionroom_audit_fix.sql:L179@s2_submit_vote[SELECT * INTO row] ; database/003_sprint2_discussionroom_audit_fix.sql:L188@s2_submit_vote[SELECT * INTO row] ; database/003_sprint2_discussionroom_audit_fix.sql:L373@s2_get_player_state[SELECT * INTO row] ; database/003_sprint2_discussionroom_audit_fix.sql:L381@s2_get_player_state[SELECT * INTO row] ; database/003_sprint2_discussionroom_audit_fix.sql:L528@s2_get_teacher_state[SELECT * INTO row] ; database/003_sprint2_discussionroom_audit_fix.sql:L536@s2_get_teacher_state[SELECT * INTO row] ; database/004_sprint2_fallback_resolution_semantics.sql:L32@s2_submit_vote[SELECT * INTO row] ; database/004_sprint2_fallback_resolution_semantics.sql:L41@s2_submit_vote[SELECT * INTO row] ; database/013_sprint3b_discussion_authority_and_request_identity.sql:L214@s2_send_message[SELECT * INTO row] ; database/013_sprint3b_discussion_authority_and_request_identity.sql:L237@s2_send_message[SELECT * INTO row] ; database/013_sprint3b_discussion_authority_and_request_identity.sql:L295@s2_submit_vote[SELECT * INTO row] ; database/013_sprint3b_discussion_authority_and_request_identity.sql:L305@s2_submit_vote[SELECT * INTO row] ; database/013_sprint3b_discussion_authority_and_request_identity.sql:L94@s3b_apply_resolved_discussion_internal[SELECT * INTO row] ; database/014a_sprint3b_inspect_reconnect_idempotency_fix.sql:L20@s3b_apply_resolved_discussion_internal[SELECT * INTO row] ; database/029_sprint5_canonical_discussion_localization.sql:L54@s5_submit_vote[SELECT * INTO row] ; database/029_sprint5_canonical_discussion_localization.sql:L85@s5_get_player_state[to_jsonb(row) exposes field] ; database/029_sprint5_canonical_discussion_localization.sql:L89@s5_get_discussion_state[SELECT * INTO row] ; database/037_level3_independent_audit_closure.sql:L146@s6_refresh_owned_discussion[SELECT * INTO row] ; database/037_level3_independent_audit_closure.sql:L159@s2_refresh_discussion[SELECT * INTO row] ; database/040_level2_closure_verification_support.sql:L14@s6_verify_expire_discussion[SELECT * INTO row] ; database/041_level2_normal_s5_verification_support.sql:L14@s5_verify_expire_discussion[SELECT * INTO row] ; database/043_sprint7_teacher_console.sql:L40@s7_get_teacher_console[SELECT * INTO row] ; database/044_sprint7_focused_level1_corrections.sql:L29@s7_get_teacher_console[SELECT * INTO row] ; database/054_level3_integrated_closure.sql:L59@teacher_apply_override[SELECT * INTO row] ; database/054_level3_integrated_closure.sql:L91@teacher_apply_override[SELECT * INTO row] ; database/055_level2_override_export_residual_closure.sql:L33@teacher_apply_override[qualified/rowtype field reference],1,MEDIUM:scripts/wp-r4a-post-smoke-verify.mjs:L59@main[property-name reference],3,READ:tests/level2-residual-integrity-transaction.sql:L13@TEST_SQL[bare field in single test statement] ; READ:tests/level2-residual-integrity-transaction.sql:L23@TEST_SQL[bare field in single test statement] ; READ:tests/level2-residual-integrity-transaction.sql:L35@TEST_SQL[bare field in single test statement],0,
F0083,discussion_sessions#11,discussion_sessions,phase_deadline,11,1,YES,38,database/002_runtime_runs_discussion.sql:L342@s2_open_discussion[INSERT explicit column]{DIRECT_OR_COMPUTED} ; database/002_runtime_runs_discussion.sql:L403@s2_refresh_discussion[UPDATE SET]{DERIVED_OR_COPY} ; database/002_runtime_runs_discussion.sql:L414@s2_refresh_discussion[UPDATE SET]{DIRECT_OR_COMPUTED} ; database/002_runtime_runs_discussion.sql:L431@s2_refresh_discussion[UPDATE SET]{DIRECT_OR_COMPUTED} ; database/002_runtime_runs_discussion.sql:L477@s2_open_vote[UPDATE SET]{DERIVED_OR_COPY} ; database/002_runtime_runs_discussion.sql:L531@s2_add_time[UPDATE SET]{DIRECT_OR_COMPUTED} ; database/002_runtime_runs_discussion.sql:L692@s2_submit_vote[UPDATE SET]{DIRECT_OR_COMPUTED} ; database/002_runtime_runs_discussion.sql:L715@s2_submit_vote[UPDATE SET]{DIRECT_OR_COMPUTED} ; database/002_runtime_runs_discussion.sql:L735@s2_submit_vote[INSERT explicit column]{DIRECT_OR_COMPUTED} ; database/003_sprint2_discussionroom_audit_fix.sql:L117@s2_open_discussion[INSERT explicit column]{DIRECT_OR_COMPUTED} ; database/003_sprint2_discussionroom_audit_fix.sql:L238@s2_submit_vote[UPDATE SET]{DIRECT_OR_COMPUTED} ; database/003_sprint2_discussionroom_audit_fix.sql:L261@s2_submit_vote[UPDATE SET]{DIRECT_OR_COMPUTED} ; database/003_sprint2_discussionroom_audit_fix.sql:L281@s2_submit_vote[INSERT explicit column]{DIRECT_OR_COMPUTED} ; database/004_sprint2_fallback_resolution_semantics.sql:L114@s2_submit_vote[UPDATE SET]{DIRECT_OR_COMPUTED} ; database/004_sprint2_fallback_resolution_semantics.sql:L134@s2_submit_vote[INSERT explicit column]{DIRECT_OR_COMPUTED} ; database/004_sprint2_fallback_resolution_semantics.sql:L91@s2_submit_vote[UPDATE SET]{DIRECT_OR_COMPUTED} ; database/007_sprint3b_act1_5_placeholder_flow.sql:L140@s3b_leave_start_room[INSERT explicit column]{DIRECT_OR_COMPUTED} ; database/007_sprint3b_act1_5_placeholder_flow.sql:L249@s3b_submit_act4_choice[INSERT explicit column]{DIRECT_OR_COMPUTED} ; database/013_sprint3b_discussion_authority_and_request_identity.sql:L358@s2_submit_vote[UPDATE SET]{DIRECT_OR_COMPUTED} ; database/013_sprint3b_discussion_authority_and_request_identity.sql:L381@s2_submit_vote[UPDATE SET]{DIRECT_OR_COMPUTED} ; database/013_sprint3b_discussion_authority_and_request_identity.sql:L397@s2_submit_vote[INSERT explicit column]{DIRECT_OR_COMPUTED} ; database/029_sprint5_canonical_discussion_localization.sql:L31@s5_configure_discussion[UPDATE SET]{DIRECT_OR_COMPUTED} ; database/029_sprint5_canonical_discussion_localization.sql:L59@s5_submit_vote[UPDATE SET]{DIRECT_OR_COMPUTED} ; database/029_sprint5_canonical_discussion_localization.sql:L98@s5_audit_expire_discussion[UPDATE SET]{DIRECT_OR_COMPUTED} ; database/031_sprint5_focused_reaudit_corrections.sql:L33@s5_teacher_open_vote[UPDATE SET]{DIRECT_OR_COMPUTED} ; database/031_sprint5_focused_reaudit_corrections.sql:L34@s5_teacher_add_time[UPDATE SET]{DIRECT_OR_COMPUTED} ; database/031_sprint5_focused_reaudit_corrections.sql:L9@s5_configure_discussion[UPDATE SET]{DIRECT_OR_COMPUTED} ; database/032_sprint5_discussion_creation_restore.sql:L11@s5_configure_discussion[UPDATE SET]{DIRECT_OR_COMPUTED} ; database/035_sprint6_focused_audit_corrections.sql:L32@s6_open_discussion[INSERT explicit column]{DIRECT_OR_COMPUTED} ; database/035_sprint6_focused_audit_corrections.sql:L32@s6_open_discussion[UPDATE SET]{DIRECT_OR_COMPUTED} ; database/035_sprint6_focused_audit_corrections.sql:L42@s6_close_discussion_guarded[UPDATE SET]{DIRECT_OR_COMPUTED} ; database/037_level3_independent_audit_closure.sql:L149@s6_refresh_owned_discussion[UPDATE SET]{DIRECT_OR_COMPUTED} ; database/040_level2_closure_verification_support.sql:L18@s6_verify_expire_discussion[UPDATE SET]{DIRECT_OR_COMPUTED} ; database/041_level2_normal_s5_verification_support.sql:L18@s5_verify_expire_discussion[UPDATE SET]{DIRECT_OR_COMPUTED} ; database/045_sprint7_teacher_intervention_provenance.sql:L25@s5_teacher_open_vote[UPDATE SET]{DIRECT_OR_COMPUTED} ; database/045_sprint7_teacher_intervention_provenance.sql:L31@s5_teacher_add_time[UPDATE SET]{DIRECT_OR_COMPUTED} ; database/054_level3_integrated_closure.sql:L55@teacher_apply_override[INSERT explicit column]{DIRECT_OR_COMPUTED} ; database/054_level3_integrated_closure.sql:L85@teacher_apply_override[INSERT explicit column]{DIRECT_OR_COMPUTED},55,database/002_runtime_runs_discussion.sql:L1055@s2_get_teacher_state[qualified/rowtype field reference] ; database/002_runtime_runs_discussion.sql:L372@s2_open_discussion[qualified/rowtype field reference] ; database/002_runtime_runs_discussion.sql:L389@s2_refresh_discussion[SELECT * INTO row] ; database/002_runtime_runs_discussion.sql:L394@s2_refresh_discussion[qualified/rowtype field reference] ; database/002_runtime_runs_discussion.sql:L462@s2_open_vote[SELECT * INTO row] ; database/002_runtime_runs_discussion.sql:L491@s2_open_vote[qualified/rowtype field reference] ; database/002_runtime_runs_discussion.sql:L519@s2_add_time[SELECT * INTO row] ; database/002_runtime_runs_discussion.sql:L542@s2_add_time[qualified/rowtype field reference] ; database/002_runtime_runs_discussion.sql:L568@s2_send_message[SELECT * INTO row] ; database/002_runtime_runs_discussion.sql:L576@s2_send_message[SELECT * INTO row] ; database/002_runtime_runs_discussion.sql:L633@s2_submit_vote[SELECT * INTO row] ; database/002_runtime_runs_discussion.sql:L642@s2_submit_vote[SELECT * INTO row] ; database/002_runtime_runs_discussion.sql:L827@s2_get_player_state[SELECT * INTO row] ; database/002_runtime_runs_discussion.sql:L835@s2_get_player_state[SELECT * INTO row] ; database/002_runtime_runs_discussion.sql:L941@s2_get_player_state[qualified/rowtype field reference] ; database/002_runtime_runs_discussion.sql:L980@s2_get_teacher_state[SELECT * INTO row] ; database/002_runtime_runs_discussion.sql:L988@s2_get_teacher_state[SELECT * INTO row] ; database/003_sprint2_discussionroom_audit_fix.sql:L147@s2_open_discussion[qualified/rowtype field reference] ; database/003_sprint2_discussionroom_audit_fix.sql:L179@s2_submit_vote[SELECT * INTO row] ; database/003_sprint2_discussionroom_audit_fix.sql:L188@s2_submit_vote[SELECT * INTO row] ; database/003_sprint2_discussionroom_audit_fix.sql:L373@s2_get_player_state[SELECT * INTO row] ; database/003_sprint2_discussionroom_audit_fix.sql:L381@s2_get_player_state[SELECT * INTO row] ; database/003_sprint2_discussionroom_audit_fix.sql:L488@s2_get_player_state[qualified/rowtype field reference] ; database/003_sprint2_discussionroom_audit_fix.sql:L528@s2_get_teacher_state[SELECT * INTO row] ; database/003_sprint2_discussionroom_audit_fix.sql:L536@s2_get_teacher_state[SELECT * INTO row] ; database/003_sprint2_discussionroom_audit_fix.sql:L617@s2_get_teacher_state[qualified/rowtype field reference] ; database/004_sprint2_fallback_resolution_semantics.sql:L32@s2_submit_vote[SELECT * INTO row] ; database/004_sprint2_fallback_resolution_semantics.sql:L41@s2_submit_vote[SELECT * INTO row] ; database/013_sprint3b_discussion_authority_and_request_identity.sql:L214@s2_send_message[SELECT * INTO row] ; database/013_sprint3b_discussion_authority_and_request_identity.sql:L237@s2_send_message[SELECT * INTO row] ; database/013_sprint3b_discussion_authority_and_request_identity.sql:L295@s2_submit_vote[SELECT * INTO row] ; database/013_sprint3b_discussion_authority_and_request_identity.sql:L305@s2_submit_vote[SELECT * INTO row] ; database/013_sprint3b_discussion_authority_and_request_identity.sql:L94@s3b_apply_resolved_discussion_internal[SELECT * INTO row] ; database/014a_sprint3b_inspect_reconnect_idempotency_fix.sql:L20@s3b_apply_resolved_discussion_internal[SELECT * INTO row] ; database/029_sprint5_canonical_discussion_localization.sql:L54@s5_submit_vote[SELECT * INTO row] ; database/029_sprint5_canonical_discussion_localization.sql:L85@s5_get_player_state[to_jsonb(row) exposes field] ; database/029_sprint5_canonical_discussion_localization.sql:L89@s5_get_discussion_state[SELECT * INTO row] ; database/029_sprint5_canonical_discussion_localization.sql:L93@s5_get_discussion_state[qualified/rowtype field reference] ; database/031_sprint5_focused_reaudit_corrections.sql:L31@s5_get_teacher_discussion_state[qualified/rowtype field reference] ; database/035_sprint6_focused_audit_corrections.sql:L40@s6_send_message_guarded[qualified/rowtype field reference] ; database/035_sprint6_focused_audit_corrections.sql:L42@s6_close_discussion_guarded[qualified/rowtype field reference] ; database/035_sprint6_focused_audit_corrections.sql:L72@s6_get_player_state[qualified/rowtype field reference] ; database/036_sprint6_four_open_findings.sql:L29@s6_get_player_state[qualified/rowtype field reference] ; database/037_level3_independent_audit_closure.sql:L146@s6_refresh_owned_discussion[SELECT * INTO row] ; database/037_level3_independent_audit_closure.sql:L147@s6_refresh_owned_discussion[qualified/rowtype field reference] ; database/037_level3_independent_audit_closure.sql:L159@s2_refresh_discussion[SELECT * INTO row] ; database/037_level3_independent_audit_closure.sql:L179@s6_get_player_state[qualified/rowtype field reference] ; database/040_level2_closure_verification_support.sql:L14@s6_verify_expire_discussion[SELECT * INTO row] ; database/041_level2_normal_s5_verification_support.sql:L14@s5_verify_expire_discussion[SELECT * INTO row] ; database/043_sprint7_teacher_console.sql:L40@s7_get_teacher_console[SELECT * INTO row] ; database/043_sprint7_teacher_console.sql:L78@s7_get_teacher_console[qualified/rowtype field reference] ; database/044_sprint7_focused_level1_corrections.sql:L29@s7_get_teacher_console[SELECT * INTO row] ; database/044_sprint7_focused_level1_corrections.sql:L65@s7_get_teacher_console[qualified/rowtype field reference] ; database/054_level3_integrated_closure.sql:L59@teacher_apply_override[SELECT * INTO row] ; database/054_level3_integrated_closure.sql:L91@teacher_apply_override[SELECT * INTO row],6,MEDIUM:src/game/app.js:L436@sprint6Discussion[property-name reference] ; MEDIUM:src/game/app.js:L548@renderDiscussion[property-name reference] ; MEDIUM:src/teacher/teacher-console.js:L240@renderDiscussionState[property-name reference] ; MEDIUM:tests/package-a-ca-a-corrections-live-e2e.js:L47@main[property-name reference] ; MEDIUM:tests/sprint2-live-e2e.js:L247@testDeadlineAndAudit[property-name reference] ; MEDIUM:tests/sprint5-live-e2e.js:L15@s6close[property-name reference],0,,0,
F0084,discussion_sessions#12,discussion_sessions,ended_at,12,1,YES,20,database/002_runtime_runs_discussion.sql:L414@s2_refresh_discussion[UPDATE SET]{DIRECT_OR_COMPUTED} ; database/002_runtime_runs_discussion.sql:L692@s2_submit_vote[UPDATE SET]{DIRECT_OR_COMPUTED} ; database/002_runtime_runs_discussion.sql:L715@s2_submit_vote[UPDATE SET]{DIRECT_OR_COMPUTED} ; database/003_sprint2_discussionroom_audit_fix.sql:L238@s2_submit_vote[UPDATE SET]{DIRECT_OR_COMPUTED} ; database/003_sprint2_discussionroom_audit_fix.sql:L261@s2_submit_vote[UPDATE SET]{DIRECT_OR_COMPUTED} ; database/004_sprint2_fallback_resolution_semantics.sql:L114@s2_submit_vote[UPDATE SET]{DIRECT_OR_COMPUTED} ; database/004_sprint2_fallback_resolution_semantics.sql:L91@s2_submit_vote[UPDATE SET]{DIRECT_OR_COMPUTED} ; database/013_sprint3b_discussion_authority_and_request_identity.sql:L358@s2_submit_vote[UPDATE SET]{DIRECT_OR_COMPUTED} ; database/013_sprint3b_discussion_authority_and_request_identity.sql:L381@s2_submit_vote[UPDATE SET]{DIRECT_OR_COMPUTED} ; database/028_sprint5_round_event_link.sql:L27@TOP_LEVEL[INSERT explicit column]{DIRECT_OR_COMPUTED} ; database/028_sprint5_round_event_link.sql:L5@s5_mirror_round_for_audit[INSERT explicit column]{DIRECT_OR_COMPUTED} ; database/029_sprint5_canonical_discussion_localization.sql:L31@s5_configure_discussion[UPDATE SET]{DIRECT_OR_COMPUTED} ; database/029_sprint5_canonical_discussion_localization.sql:L59@s5_submit_vote[UPDATE SET]{DIRECT_OR_COMPUTED} ; database/031_sprint5_focused_reaudit_corrections.sql:L9@s5_configure_discussion[UPDATE SET]{DIRECT_OR_COMPUTED} ; database/032_sprint5_discussion_creation_restore.sql:L11@s5_configure_discussion[UPDATE SET]{DIRECT_OR_COMPUTED} ; database/035_sprint6_focused_audit_corrections.sql:L32@s6_open_discussion[UPDATE SET]{DIRECT_OR_COMPUTED} ; database/035_sprint6_focused_audit_corrections.sql:L42@s6_close_discussion_guarded[UPDATE SET]{DIRECT_OR_COMPUTED} ; database/037_level3_independent_audit_closure.sql:L149@s6_refresh_owned_discussion[UPDATE SET]{DIRECT_OR_COMPUTED} ; database/054_level3_integrated_closure.sql:L63@teacher_apply_override[UPDATE SET]{DIRECT_OR_COMPUTED} ; database/054_level3_integrated_closure.sql:L92@teacher_apply_override[UPDATE SET]{DIRECT_OR_COMPUTED},37,database/002_runtime_runs_discussion.sql:L389@s2_refresh_discussion[SELECT * INTO row] ; database/002_runtime_runs_discussion.sql:L462@s2_open_vote[SELECT * INTO row] ; database/002_runtime_runs_discussion.sql:L519@s2_add_time[SELECT * INTO row] ; database/002_runtime_runs_discussion.sql:L568@s2_send_message[SELECT * INTO row] ; database/002_runtime_runs_discussion.sql:L576@s2_send_message[SELECT * INTO row] ; database/002_runtime_runs_discussion.sql:L633@s2_submit_vote[SELECT * INTO row] ; database/002_runtime_runs_discussion.sql:L642@s2_submit_vote[SELECT * INTO row] ; database/002_runtime_runs_discussion.sql:L827@s2_get_player_state[SELECT * INTO row] ; database/002_runtime_runs_discussion.sql:L835@s2_get_player_state[SELECT * INTO row] ; database/002_runtime_runs_discussion.sql:L980@s2_get_teacher_state[SELECT * INTO row] ; database/002_runtime_runs_discussion.sql:L988@s2_get_teacher_state[SELECT * INTO row] ; database/003_sprint2_discussionroom_audit_fix.sql:L179@s2_submit_vote[SELECT * INTO row] ; database/003_sprint2_discussionroom_audit_fix.sql:L188@s2_submit_vote[SELECT * INTO row] ; database/003_sprint2_discussionroom_audit_fix.sql:L373@s2_get_player_state[SELECT * INTO row] ; database/003_sprint2_discussionroom_audit_fix.sql:L381@s2_get_player_state[SELECT * INTO row] ; database/003_sprint2_discussionroom_audit_fix.sql:L528@s2_get_teacher_state[SELECT * INTO row] ; database/003_sprint2_discussionroom_audit_fix.sql:L536@s2_get_teacher_state[SELECT * INTO row] ; database/004_sprint2_fallback_resolution_semantics.sql:L32@s2_submit_vote[SELECT * INTO row] ; database/004_sprint2_fallback_resolution_semantics.sql:L41@s2_submit_vote[SELECT * INTO row] ; database/013_sprint3b_discussion_authority_and_request_identity.sql:L214@s2_send_message[SELECT * INTO row] ; database/013_sprint3b_discussion_authority_and_request_identity.sql:L237@s2_send_message[SELECT * INTO row] ; database/013_sprint3b_discussion_authority_and_request_identity.sql:L295@s2_submit_vote[SELECT * INTO row] ; database/013_sprint3b_discussion_authority_and_request_identity.sql:L305@s2_submit_vote[SELECT * INTO row] ; database/013_sprint3b_discussion_authority_and_request_identity.sql:L94@s3b_apply_resolved_discussion_internal[SELECT * INTO row] ; database/014a_sprint3b_inspect_reconnect_idempotency_fix.sql:L20@s3b_apply_resolved_discussion_internal[SELECT * INTO row] ; database/029_sprint5_canonical_discussion_localization.sql:L54@s5_submit_vote[SELECT * INTO row] ; database/029_sprint5_canonical_discussion_localization.sql:L85@s5_get_player_state[to_jsonb(row) exposes field] ; database/029_sprint5_canonical_discussion_localization.sql:L89@s5_get_discussion_state[SELECT * INTO row] ; database/037_level3_independent_audit_closure.sql:L146@s6_refresh_owned_discussion[SELECT * INTO row] ; database/037_level3_independent_audit_closure.sql:L159@s2_refresh_discussion[SELECT * INTO row] ; database/040_level2_closure_verification_support.sql:L14@s6_verify_expire_discussion[SELECT * INTO row] ; database/041_level2_normal_s5_verification_support.sql:L14@s5_verify_expire_discussion[SELECT * INTO row] ; database/043_sprint7_teacher_console.sql:L40@s7_get_teacher_console[SELECT * INTO row] ; database/044_sprint7_focused_level1_corrections.sql:L29@s7_get_teacher_console[SELECT * INTO row] ; database/054_level3_integrated_closure.sql:L135@s8_verify_integrity[qualified/rowtype field reference] ; database/054_level3_integrated_closure.sql:L59@teacher_apply_override[SELECT * INTO row] ; database/054_level3_integrated_closure.sql:L91@teacher_apply_override[SELECT * INTO row],0,,0,,0,
F0085,discussion_sessions#13,discussion_sessions,outcome,13,2,NO,24,database/002_runtime_runs_discussion.sql:L414@s2_refresh_discussion[UPDATE SET]{DIRECT_OR_COMPUTED} ; database/002_runtime_runs_discussion.sql:L692@s2_submit_vote[UPDATE SET]{DIRECT_OR_COMPUTED} ; database/002_runtime_runs_discussion.sql:L715@s2_submit_vote[UPDATE SET]{DIRECT_OR_COMPUTED} ; database/002_runtime_runs_discussion.sql:L772@s2_submit_vote[UPDATE SET]{DIRECT_OR_COMPUTED} ; database/003_sprint2_discussionroom_audit_fix.sql:L238@s2_submit_vote[UPDATE SET]{DIRECT_OR_COMPUTED} ; database/003_sprint2_discussionroom_audit_fix.sql:L261@s2_submit_vote[UPDATE SET]{DIRECT_OR_COMPUTED} ; database/003_sprint2_discussionroom_audit_fix.sql:L318@s2_submit_vote[UPDATE SET]{DIRECT_OR_COMPUTED} ; database/004_sprint2_fallback_resolution_semantics.sql:L114@s2_submit_vote[UPDATE SET]{DIRECT_OR_COMPUTED} ; database/004_sprint2_fallback_resolution_semantics.sql:L171@s2_submit_vote[UPDATE SET]{DIRECT_OR_COMPUTED} ; database/004_sprint2_fallback_resolution_semantics.sql:L91@s2_submit_vote[UPDATE SET]{DIRECT_OR_COMPUTED} ; database/013_sprint3b_discussion_authority_and_request_identity.sql:L358@s2_submit_vote[UPDATE SET]{DIRECT_OR_COMPUTED} ; database/013_sprint3b_discussion_authority_and_request_identity.sql:L381@s2_submit_vote[UPDATE SET]{DIRECT_OR_COMPUTED} ; database/013_sprint3b_discussion_authority_and_request_identity.sql:L431@s2_submit_vote[UPDATE SET]{DIRECT_OR_COMPUTED} ; database/028_sprint5_round_event_link.sql:L27@TOP_LEVEL[INSERT explicit column]{DIRECT_OR_COMPUTED} ; database/028_sprint5_round_event_link.sql:L5@s5_mirror_round_for_audit[INSERT explicit column]{DIRECT_OR_COMPUTED} ; database/029_sprint5_canonical_discussion_localization.sql:L31@s5_configure_discussion[UPDATE SET]{DIRECT_OR_COMPUTED} ; database/029_sprint5_canonical_discussion_localization.sql:L59@s5_submit_vote[UPDATE SET]{DIRECT_OR_COMPUTED} ; database/031_sprint5_focused_reaudit_corrections.sql:L9@s5_configure_discussion[UPDATE SET]{DIRECT_OR_COMPUTED} ; database/032_sprint5_discussion_creation_restore.sql:L11@s5_configure_discussion[UPDATE SET]{DIRECT_OR_COMPUTED} ; database/035_sprint6_focused_audit_corrections.sql:L32@s6_open_discussion[UPDATE SET]{DIRECT_OR_COMPUTED} ; database/035_sprint6_focused_audit_corrections.sql:L42@s6_close_discussion_guarded[UPDATE SET]{DIRECT_OR_COMPUTED} ; database/037_level3_independent_audit_closure.sql:L149@s6_refresh_owned_discussion[UPDATE SET]{DIRECT_OR_COMPUTED} ; database/054_level3_integrated_closure.sql:L63@teacher_apply_override[UPDATE SET]{DIRECT_OR_COMPUTED} ; database/054_level3_integrated_closure.sql:L92@teacher_apply_override[UPDATE SET]{DIRECT_OR_COMPUTED},55,database/002_runtime_runs_discussion.sql:L1061@s2_get_teacher_state[qualified/rowtype field reference] ; database/002_runtime_runs_discussion.sql:L389@s2_refresh_discussion[SELECT * INTO row] ; database/002_runtime_runs_discussion.sql:L462@s2_open_vote[SELECT * INTO row] ; database/002_runtime_runs_discussion.sql:L519@s2_add_time[SELECT * INTO row] ; database/002_runtime_runs_discussion.sql:L568@s2_send_message[SELECT * INTO row] ; database/002_runtime_runs_discussion.sql:L576@s2_send_message[SELECT * INTO row] ; database/002_runtime_runs_discussion.sql:L633@s2_submit_vote[SELECT * INTO row] ; database/002_runtime_runs_discussion.sql:L642@s2_submit_vote[SELECT * INTO row] ; database/002_runtime_runs_discussion.sql:L827@s2_get_player_state[SELECT * INTO row] ; database/002_runtime_runs_discussion.sql:L835@s2_get_player_state[SELECT * INTO row] ; database/002_runtime_runs_discussion.sql:L902@s2_get_player_state[qualified/rowtype field reference] ; database/002_runtime_runs_discussion.sql:L947@s2_get_player_state[qualified/rowtype field reference] ; database/002_runtime_runs_discussion.sql:L980@s2_get_teacher_state[SELECT * INTO row] ; database/002_runtime_runs_discussion.sql:L988@s2_get_teacher_state[SELECT * INTO row] ; database/003_sprint2_discussionroom_audit_fix.sql:L179@s2_submit_vote[SELECT * INTO row] ; database/003_sprint2_discussionroom_audit_fix.sql:L188@s2_submit_vote[SELECT * INTO row] ; database/003_sprint2_discussionroom_audit_fix.sql:L373@s2_get_player_state[SELECT * INTO row] ; database/003_sprint2_discussionroom_audit_fix.sql:L381@s2_get_player_state[SELECT * INTO row] ; database/003_sprint2_discussionroom_audit_fix.sql:L449@s2_get_player_state[qualified/rowtype field reference] ; database/003_sprint2_discussionroom_audit_fix.sql:L494@s2_get_player_state[qualified/rowtype field reference] ; database/003_sprint2_discussionroom_audit_fix.sql:L528@s2_get_teacher_state[SELECT * INTO row] ; database/003_sprint2_discussionroom_audit_fix.sql:L536@s2_get_teacher_state[SELECT * INTO row] ; database/003_sprint2_discussionroom_audit_fix.sql:L623@s2_get_teacher_state[qualified/rowtype field reference] ; database/004_sprint2_fallback_resolution_semantics.sql:L32@s2_submit_vote[SELECT * INTO row] ; database/004_sprint2_fallback_resolution_semantics.sql:L41@s2_submit_vote[SELECT * INTO row] ; database/013_sprint3b_discussion_authority_and_request_identity.sql:L101@s3b_apply_resolved_discussion_internal[qualified/rowtype field reference] ; database/013_sprint3b_discussion_authority_and_request_identity.sql:L177@s3b_apply_resolved_discussion_internal[qualified/rowtype field reference] ; database/013_sprint3b_discussion_authority_and_request_identity.sql:L214@s2_send_message[SELECT * INTO row] ; database/013_sprint3b_discussion_authority_and_request_identity.sql:L237@s2_send_message[SELECT * INTO row] ; database/013_sprint3b_discussion_authority_and_request_identity.sql:L295@s2_submit_vote[SELECT * INTO row] ; database/013_sprint3b_discussion_authority_and_request_identity.sql:L305@s2_submit_vote[SELECT * INTO row] ; database/013_sprint3b_discussion_authority_and_request_identity.sql:L94@s3b_apply_resolved_discussion_internal[SELECT * INTO row] ; database/014a_sprint3b_inspect_reconnect_idempotency_fix.sql:L103@s3b_apply_resolved_discussion_internal[qualified/rowtype field reference] ; database/014a_sprint3b_inspect_reconnect_idempotency_fix.sql:L20@s3b_apply_resolved_discussion_internal[SELECT * INTO row] ; database/014a_sprint3b_inspect_reconnect_idempotency_fix.sql:L27@s3b_apply_resolved_discussion_internal[qualified/rowtype field reference] ; database/029_sprint5_canonical_discussion_localization.sql:L54@s5_submit_vote[SELECT * INTO row] ; database/029_sprint5_canonical_discussion_localization.sql:L85@s5_get_player_state[to_jsonb(row) exposes field] ; database/029_sprint5_canonical_discussion_localization.sql:L89@s5_get_discussion_state[SELECT * INTO row] ; database/031_sprint5_focused_reaudit_corrections.sql:L31@s5_get_teacher_discussion_state[qualified/rowtype field reference] ; database/037_level3_independent_audit_closure.sql:L146@s6_refresh_owned_discussion[SELECT * INTO row] ; database/037_level3_independent_audit_closure.sql:L159@s2_refresh_discussion[SELECT * INTO row] ; database/040_level2_closure_verification_support.sql:L14@s6_verify_expire_discussion[SELECT * INTO row] ; database/041_level2_normal_s5_verification_support.sql:L14@s5_verify_expire_discussion[SELECT * INTO row] ; database/043_sprint7_teacher_console.sql:L40@s7_get_teacher_console[SELECT * INTO row] ; database/044_sprint7_focused_level1_corrections.sql:L29@s7_get_teacher_console[SELECT * INTO row] ; database/050_sprint8_act2_verifier_projection_fix.sql:L16@s8_verify_integrity[qualified/rowtype field reference] ; database/050_sprint8_act2_verifier_projection_fix.sql:L18@s8_verify_integrity[qualified/rowtype field reference] ; database/050_sprint8_act2_verifier_projection_fix.sql:L23@s8_verify_integrity[qualified/rowtype field reference] ; database/050_sprint8_act2_verifier_projection_fix.sql:L26@s8_verify_integrity[qualified/rowtype field reference] ; database/050_sprint8_act2_verifier_projection_fix.sql:L27@s8_verify_integrity[qualified/rowtype field reference] ; database/050_sprint8_act2_verifier_projection_fix.sql:L29@s8_verify_integrity[qualified/rowtype field reference] ; database/054_level3_integrated_closure.sql:L134@s8_verify_integrity[qualified/rowtype field reference] ; database/054_level3_integrated_closure.sql:L135@s8_verify_integrity[qualified/rowtype field reference] ; database/054_level3_integrated_closure.sql:L59@teacher_apply_override[SELECT * INTO row] ; database/054_level3_integrated_closure.sql:L91@teacher_apply_override[SELECT * INTO row],0,,1,WRITE:tests/sprint8-final-closure-integrity-transaction.sql:L98@TEST_SQL[UPDATE SET in test]{TEST_WRITE},0,
F0086,discussion_sessions#14,discussion_sessions,show_initial_choices,14,1,YES,18,database/002_runtime_runs_discussion.sql:L342@s2_open_discussion[INSERT explicit column]{DIRECT_OR_COMPUTED} ; database/002_runtime_runs_discussion.sql:L735@s2_submit_vote[INSERT explicit column]{DIRECT_OR_COMPUTED} ; database/003_sprint2_discussionroom_audit_fix.sql:L117@s2_open_discussion[INSERT explicit column]{DIRECT_OR_COMPUTED} ; database/003_sprint2_discussionroom_audit_fix.sql:L281@s2_submit_vote[INSERT explicit column]{DIRECT_OR_COMPUTED} ; database/004_sprint2_fallback_resolution_semantics.sql:L134@s2_submit_vote[INSERT explicit column]{DIRECT_OR_COMPUTED} ; database/007_sprint3b_act1_5_placeholder_flow.sql:L140@s3b_leave_start_room[INSERT explicit column]{DIRECT_OR_COMPUTED} ; database/007_sprint3b_act1_5_placeholder_flow.sql:L249@s3b_submit_act4_choice[INSERT explicit column]{DIRECT_OR_COMPUTED} ; database/013_sprint3b_discussion_authority_and_request_identity.sql:L397@s2_submit_vote[INSERT explicit column]{DIRECT_OR_COMPUTED} ; database/028_sprint5_round_event_link.sql:L27@TOP_LEVEL[INSERT explicit column]{DIRECT_OR_COMPUTED} ; database/028_sprint5_round_event_link.sql:L5@s5_mirror_round_for_audit[INSERT explicit column]{DIRECT_OR_COMPUTED} ; database/029_sprint5_canonical_discussion_localization.sql:L20@s5_configure_discussion[INSERT explicit column]{DIRECT_OR_COMPUTED} ; database/029_sprint5_canonical_discussion_localization.sql:L31@s5_configure_discussion[UPDATE SET]{DIRECT_OR_COMPUTED} ; database/031_sprint5_focused_reaudit_corrections.sql:L9@s5_configure_discussion[UPDATE SET]{DIRECT_OR_COMPUTED} ; database/032_sprint5_discussion_creation_restore.sql:L11@s5_configure_discussion[UPDATE SET]{DIRECT_OR_COMPUTED} ; database/032_sprint5_discussion_creation_restore.sql:L9@s5_configure_discussion[INSERT explicit column]{DIRECT_OR_COMPUTED} ; database/035_sprint6_focused_audit_corrections.sql:L32@s6_open_discussion[INSERT explicit column]{DIRECT_OR_COMPUTED} ; database/054_level3_integrated_closure.sql:L55@teacher_apply_override[INSERT explicit column]{DIRECT_OR_COMPUTED} ; database/054_level3_integrated_closure.sql:L85@teacher_apply_override[INSERT explicit column]{DIRECT_OR_COMPUTED},48,database/002_runtime_runs_discussion.sql:L1056@s2_get_teacher_state[qualified/rowtype field reference] ; database/002_runtime_runs_discussion.sql:L389@s2_refresh_discussion[SELECT * INTO row] ; database/002_runtime_runs_discussion.sql:L462@s2_open_vote[SELECT * INTO row] ; database/002_runtime_runs_discussion.sql:L519@s2_add_time[SELECT * INTO row] ; database/002_runtime_runs_discussion.sql:L568@s2_send_message[SELECT * INTO row] ; database/002_runtime_runs_discussion.sql:L576@s2_send_message[SELECT * INTO row] ; database/002_runtime_runs_discussion.sql:L633@s2_submit_vote[SELECT * INTO row] ; database/002_runtime_runs_discussion.sql:L642@s2_submit_vote[SELECT * INTO row] ; database/002_runtime_runs_discussion.sql:L746@s2_submit_vote[qualified/rowtype field reference] ; database/002_runtime_runs_discussion.sql:L827@s2_get_player_state[SELECT * INTO row] ; database/002_runtime_runs_discussion.sql:L835@s2_get_player_state[SELECT * INTO row] ; database/002_runtime_runs_discussion.sql:L881@s2_get_player_state[qualified/rowtype field reference] ; database/002_runtime_runs_discussion.sql:L942@s2_get_player_state[qualified/rowtype field reference] ; database/002_runtime_runs_discussion.sql:L980@s2_get_teacher_state[SELECT * INTO row] ; database/002_runtime_runs_discussion.sql:L988@s2_get_teacher_state[SELECT * INTO row] ; database/003_sprint2_discussionroom_audit_fix.sql:L179@s2_submit_vote[SELECT * INTO row] ; database/003_sprint2_discussionroom_audit_fix.sql:L188@s2_submit_vote[SELECT * INTO row] ; database/003_sprint2_discussionroom_audit_fix.sql:L292@s2_submit_vote[qualified/rowtype field reference] ; database/003_sprint2_discussionroom_audit_fix.sql:L373@s2_get_player_state[SELECT * INTO row] ; database/003_sprint2_discussionroom_audit_fix.sql:L381@s2_get_player_state[SELECT * INTO row] ; database/003_sprint2_discussionroom_audit_fix.sql:L428@s2_get_player_state[qualified/rowtype field reference] ; database/003_sprint2_discussionroom_audit_fix.sql:L489@s2_get_player_state[qualified/rowtype field reference] ; database/003_sprint2_discussionroom_audit_fix.sql:L528@s2_get_teacher_state[SELECT * INTO row] ; database/003_sprint2_discussionroom_audit_fix.sql:L536@s2_get_teacher_state[SELECT * INTO row] ; database/003_sprint2_discussionroom_audit_fix.sql:L618@s2_get_teacher_state[qualified/rowtype field reference] ; database/004_sprint2_fallback_resolution_semantics.sql:L145@s2_submit_vote[qualified/rowtype field reference] ; database/004_sprint2_fallback_resolution_semantics.sql:L32@s2_submit_vote[SELECT * INTO row] ; database/004_sprint2_fallback_resolution_semantics.sql:L41@s2_submit_vote[SELECT * INTO row] ; database/013_sprint3b_discussion_authority_and_request_identity.sql:L214@s2_send_message[SELECT * INTO row] ; database/013_sprint3b_discussion_authority_and_request_identity.sql:L237@s2_send_message[SELECT * INTO row] ; database/013_sprint3b_discussion_authority_and_request_identity.sql:L295@s2_submit_vote[SELECT * INTO row] ; database/013_sprint3b_discussion_authority_and_request_identity.sql:L305@s2_submit_vote[SELECT * INTO row] ; database/013_sprint3b_discussion_authority_and_request_identity.sql:L407@s2_submit_vote[qualified/rowtype field reference] ; database/013_sprint3b_discussion_authority_and_request_identity.sql:L94@s3b_apply_resolved_discussion_internal[SELECT * INTO row] ; database/014a_sprint3b_inspect_reconnect_idempotency_fix.sql:L20@s3b_apply_resolved_discussion_internal[SELECT * INTO row] ; database/029_sprint5_canonical_discussion_localization.sql:L54@s5_submit_vote[SELECT * INTO row] ; database/029_sprint5_canonical_discussion_localization.sql:L85@s5_get_player_state[to_jsonb(row) exposes field] ; database/029_sprint5_canonical_discussion_localization.sql:L89@s5_get_discussion_state[SELECT * INTO row] ; database/029_sprint5_canonical_discussion_localization.sql:L92@s5_get_discussion_state[qualified/rowtype field reference] ; database/029_sprint5_canonical_discussion_localization.sql:L93@s5_get_discussion_state[qualified/rowtype field reference] ; database/037_level3_independent_audit_closure.sql:L146@s6_refresh_owned_discussion[SELECT * INTO row] ; database/037_level3_independent_audit_closure.sql:L159@s2_refresh_discussion[SELECT * INTO row] ; database/040_level2_closure_verification_support.sql:L14@s6_verify_expire_discussion[SELECT * INTO row] ; database/041_level2_normal_s5_verification_support.sql:L14@s5_verify_expire_discussion[SELECT * INTO row] ; database/043_sprint7_teacher_console.sql:L40@s7_get_teacher_console[SELECT * INTO row] ; database/044_sprint7_focused_level1_corrections.sql:L29@s7_get_teacher_console[SELECT * INTO row] ; database/054_level3_integrated_closure.sql:L59@teacher_apply_override[SELECT * INTO row] ; database/054_level3_integrated_closure.sql:L91@teacher_apply_override[SELECT * INTO row],0,,0,,0,
F0087,discussion_sessions#15,discussion_sessions,allow_free_text,15,1,YES,8,database/028_sprint5_round_event_link.sql:L27@TOP_LEVEL[INSERT explicit column]{DIRECT_OR_COMPUTED} ; database/028_sprint5_round_event_link.sql:L5@s5_mirror_round_for_audit[INSERT explicit column]{DIRECT_OR_COMPUTED} ; database/029_sprint5_canonical_discussion_localization.sql:L20@s5_configure_discussion[INSERT explicit column]{DIRECT_OR_COMPUTED} ; database/029_sprint5_canonical_discussion_localization.sql:L32@s5_configure_discussion[UPDATE SET]{DIRECT_OR_COMPUTED} ; database/031_sprint5_focused_reaudit_corrections.sql:L9@s5_configure_discussion[UPDATE SET]{DIRECT_OR_COMPUTED} ; database/032_sprint5_discussion_creation_restore.sql:L11@s5_configure_discussion[UPDATE SET]{DIRECT_OR_COMPUTED} ; database/032_sprint5_discussion_creation_restore.sql:L9@s5_configure_discussion[INSERT explicit column]{DIRECT_OR_COMPUTED} ; database/035_sprint6_focused_audit_corrections.sql:L32@s6_open_discussion[INSERT explicit column]{DIRECT_OR_COMPUTED},39,database/002_runtime_runs_discussion.sql:L389@s2_refresh_discussion[SELECT * INTO row] ; database/002_runtime_runs_discussion.sql:L462@s2_open_vote[SELECT * INTO row] ; database/002_runtime_runs_discussion.sql:L519@s2_add_time[SELECT * INTO row] ; database/002_runtime_runs_discussion.sql:L568@s2_send_message[SELECT * INTO row] ; database/002_runtime_runs_discussion.sql:L576@s2_send_message[SELECT * INTO row] ; database/002_runtime_runs_discussion.sql:L579@s2_send_message[qualified/rowtype field reference] ; database/002_runtime_runs_discussion.sql:L633@s2_submit_vote[SELECT * INTO row] ; database/002_runtime_runs_discussion.sql:L642@s2_submit_vote[SELECT * INTO row] ; database/002_runtime_runs_discussion.sql:L827@s2_get_player_state[SELECT * INTO row] ; database/002_runtime_runs_discussion.sql:L835@s2_get_player_state[SELECT * INTO row] ; database/002_runtime_runs_discussion.sql:L980@s2_get_teacher_state[SELECT * INTO row] ; database/002_runtime_runs_discussion.sql:L988@s2_get_teacher_state[SELECT * INTO row] ; database/003_sprint2_discussionroom_audit_fix.sql:L179@s2_submit_vote[SELECT * INTO row] ; database/003_sprint2_discussionroom_audit_fix.sql:L188@s2_submit_vote[SELECT * INTO row] ; database/003_sprint2_discussionroom_audit_fix.sql:L373@s2_get_player_state[SELECT * INTO row] ; database/003_sprint2_discussionroom_audit_fix.sql:L381@s2_get_player_state[SELECT * INTO row] ; database/003_sprint2_discussionroom_audit_fix.sql:L528@s2_get_teacher_state[SELECT * INTO row] ; database/003_sprint2_discussionroom_audit_fix.sql:L536@s2_get_teacher_state[SELECT * INTO row] ; database/004_sprint2_fallback_resolution_semantics.sql:L32@s2_submit_vote[SELECT * INTO row] ; database/004_sprint2_fallback_resolution_semantics.sql:L41@s2_submit_vote[SELECT * INTO row] ; database/013_sprint3b_discussion_authority_and_request_identity.sql:L214@s2_send_message[SELECT * INTO row] ; database/013_sprint3b_discussion_authority_and_request_identity.sql:L237@s2_send_message[SELECT * INTO row] ; database/013_sprint3b_discussion_authority_and_request_identity.sql:L239@s2_send_message[qualified/rowtype field reference] ; database/013_sprint3b_discussion_authority_and_request_identity.sql:L295@s2_submit_vote[SELECT * INTO row] ; database/013_sprint3b_discussion_authority_and_request_identity.sql:L305@s2_submit_vote[SELECT * INTO row] ; database/013_sprint3b_discussion_authority_and_request_identity.sql:L94@s3b_apply_resolved_discussion_internal[SELECT * INTO row] ; database/014a_sprint3b_inspect_reconnect_idempotency_fix.sql:L20@s3b_apply_resolved_discussion_internal[SELECT * INTO row] ; database/029_sprint5_canonical_discussion_localization.sql:L54@s5_submit_vote[SELECT * INTO row] ; database/029_sprint5_canonical_discussion_localization.sql:L85@s5_get_player_state[to_jsonb(row) exposes field] ; database/029_sprint5_canonical_discussion_localization.sql:L89@s5_get_discussion_state[SELECT * INTO row] ; database/030_sprint5_exact_session_messages.sql:L11@s5_send_message[qualified/rowtype field reference] ; database/037_level3_independent_audit_closure.sql:L146@s6_refresh_owned_discussion[SELECT * INTO row] ; database/037_level3_independent_audit_closure.sql:L159@s2_refresh_discussion[SELECT * INTO row] ; database/040_level2_closure_verification_support.sql:L14@s6_verify_expire_discussion[SELECT * INTO row] ; database/041_level2_normal_s5_verification_support.sql:L14@s5_verify_expire_discussion[SELECT * INTO row] ; database/043_sprint7_teacher_console.sql:L40@s7_get_teacher_console[SELECT * INTO row] ; database/044_sprint7_focused_level1_corrections.sql:L29@s7_get_teacher_console[SELECT * INTO row] ; database/054_level3_integrated_closure.sql:L59@teacher_apply_override[SELECT * INTO row] ; database/054_level3_integrated_closure.sql:L91@teacher_apply_override[SELECT * INTO row],0,,0,,0,
F0088,discussion_sessions#16,discussion_sessions,require_final_vote,16,1,YES,18,database/002_runtime_runs_discussion.sql:L342@s2_open_discussion[INSERT explicit column]{DIRECT_OR_COMPUTED} ; database/002_runtime_runs_discussion.sql:L735@s2_submit_vote[INSERT explicit column]{DIRECT_OR_COMPUTED} ; database/003_sprint2_discussionroom_audit_fix.sql:L117@s2_open_discussion[INSERT explicit column]{DIRECT_OR_COMPUTED} ; database/003_sprint2_discussionroom_audit_fix.sql:L281@s2_submit_vote[INSERT explicit column]{DIRECT_OR_COMPUTED} ; database/004_sprint2_fallback_resolution_semantics.sql:L134@s2_submit_vote[INSERT explicit column]{DIRECT_OR_COMPUTED} ; database/007_sprint3b_act1_5_placeholder_flow.sql:L140@s3b_leave_start_room[INSERT explicit column]{DIRECT_OR_COMPUTED} ; database/007_sprint3b_act1_5_placeholder_flow.sql:L249@s3b_submit_act4_choice[INSERT explicit column]{DIRECT_OR_COMPUTED} ; database/013_sprint3b_discussion_authority_and_request_identity.sql:L397@s2_submit_vote[INSERT explicit column]{DIRECT_OR_COMPUTED} ; database/028_sprint5_round_event_link.sql:L27@TOP_LEVEL[INSERT explicit column]{DIRECT_OR_COMPUTED} ; database/028_sprint5_round_event_link.sql:L5@s5_mirror_round_for_audit[INSERT explicit column]{DIRECT_OR_COMPUTED} ; database/029_sprint5_canonical_discussion_localization.sql:L20@s5_configure_discussion[INSERT explicit column]{DIRECT_OR_COMPUTED} ; database/029_sprint5_canonical_discussion_localization.sql:L33@s5_configure_discussion[UPDATE SET]{DIRECT_OR_COMPUTED} ; database/031_sprint5_focused_reaudit_corrections.sql:L9@s5_configure_discussion[UPDATE SET]{DIRECT_OR_COMPUTED} ; database/032_sprint5_discussion_creation_restore.sql:L11@s5_configure_discussion[UPDATE SET]{DIRECT_OR_COMPUTED} ; database/032_sprint5_discussion_creation_restore.sql:L9@s5_configure_discussion[INSERT explicit column]{DIRECT_OR_COMPUTED} ; database/035_sprint6_focused_audit_corrections.sql:L32@s6_open_discussion[INSERT explicit column]{DIRECT_OR_COMPUTED} ; database/054_level3_integrated_closure.sql:L55@teacher_apply_override[INSERT explicit column]{DIRECT_OR_COMPUTED} ; database/054_level3_integrated_closure.sql:L85@teacher_apply_override[INSERT explicit column]{DIRECT_OR_COMPUTED},46,database/002_runtime_runs_discussion.sql:L1057@s2_get_teacher_state[qualified/rowtype field reference] ; database/002_runtime_runs_discussion.sql:L389@s2_refresh_discussion[SELECT * INTO row] ; database/002_runtime_runs_discussion.sql:L401@s2_refresh_discussion[qualified/rowtype field reference] ; database/002_runtime_runs_discussion.sql:L462@s2_open_vote[SELECT * INTO row] ; database/002_runtime_runs_discussion.sql:L472@s2_open_vote[qualified/rowtype field reference] ; database/002_runtime_runs_discussion.sql:L519@s2_add_time[SELECT * INTO row] ; database/002_runtime_runs_discussion.sql:L568@s2_send_message[SELECT * INTO row] ; database/002_runtime_runs_discussion.sql:L576@s2_send_message[SELECT * INTO row] ; database/002_runtime_runs_discussion.sql:L633@s2_submit_vote[SELECT * INTO row] ; database/002_runtime_runs_discussion.sql:L642@s2_submit_vote[SELECT * INTO row] ; database/002_runtime_runs_discussion.sql:L746@s2_submit_vote[qualified/rowtype field reference] ; database/002_runtime_runs_discussion.sql:L827@s2_get_player_state[SELECT * INTO row] ; database/002_runtime_runs_discussion.sql:L835@s2_get_player_state[SELECT * INTO row] ; database/002_runtime_runs_discussion.sql:L943@s2_get_player_state[qualified/rowtype field reference] ; database/002_runtime_runs_discussion.sql:L980@s2_get_teacher_state[SELECT * INTO row] ; database/002_runtime_runs_discussion.sql:L988@s2_get_teacher_state[SELECT * INTO row] ; database/003_sprint2_discussionroom_audit_fix.sql:L179@s2_submit_vote[SELECT * INTO row] ; database/003_sprint2_discussionroom_audit_fix.sql:L188@s2_submit_vote[SELECT * INTO row] ; database/003_sprint2_discussionroom_audit_fix.sql:L292@s2_submit_vote[qualified/rowtype field reference] ; database/003_sprint2_discussionroom_audit_fix.sql:L373@s2_get_player_state[SELECT * INTO row] ; database/003_sprint2_discussionroom_audit_fix.sql:L381@s2_get_player_state[SELECT * INTO row] ; database/003_sprint2_discussionroom_audit_fix.sql:L490@s2_get_player_state[qualified/rowtype field reference] ; database/003_sprint2_discussionroom_audit_fix.sql:L528@s2_get_teacher_state[SELECT * INTO row] ; database/003_sprint2_discussionroom_audit_fix.sql:L536@s2_get_teacher_state[SELECT * INTO row] ; database/003_sprint2_discussionroom_audit_fix.sql:L619@s2_get_teacher_state[qualified/rowtype field reference] ; database/004_sprint2_fallback_resolution_semantics.sql:L145@s2_submit_vote[qualified/rowtype field reference] ; database/004_sprint2_fallback_resolution_semantics.sql:L32@s2_submit_vote[SELECT * INTO row] ; database/004_sprint2_fallback_resolution_semantics.sql:L41@s2_submit_vote[SELECT * INTO row] ; database/013_sprint3b_discussion_authority_and_request_identity.sql:L214@s2_send_message[SELECT * INTO row] ; database/013_sprint3b_discussion_authority_and_request_identity.sql:L237@s2_send_message[SELECT * INTO row] ; database/013_sprint3b_discussion_authority_and_request_identity.sql:L295@s2_submit_vote[SELECT * INTO row] ; database/013_sprint3b_discussion_authority_and_request_identity.sql:L305@s2_submit_vote[SELECT * INTO row] ; database/013_sprint3b_discussion_authority_and_request_identity.sql:L407@s2_submit_vote[qualified/rowtype field reference] ; database/013_sprint3b_discussion_authority_and_request_identity.sql:L94@s3b_apply_resolved_discussion_internal[SELECT * INTO row] ; database/014a_sprint3b_inspect_reconnect_idempotency_fix.sql:L20@s3b_apply_resolved_discussion_internal[SELECT * INTO row] ; database/029_sprint5_canonical_discussion_localization.sql:L54@s5_submit_vote[SELECT * INTO row] ; database/029_sprint5_canonical_discussion_localization.sql:L85@s5_get_player_state[to_jsonb(row) exposes field] ; database/029_sprint5_canonical_discussion_localization.sql:L89@s5_get_discussion_state[SELECT * INTO row] ; database/037_level3_independent_audit_closure.sql:L146@s6_refresh_owned_discussion[SELECT * INTO row] ; database/037_level3_independent_audit_closure.sql:L159@s2_refresh_discussion[SELECT * INTO row] ; database/040_level2_closure_verification_support.sql:L14@s6_verify_expire_discussion[SELECT * INTO row] ; database/041_level2_normal_s5_verification_support.sql:L14@s5_verify_expire_discussion[SELECT * INTO row] ; database/043_sprint7_teacher_console.sql:L40@s7_get_teacher_console[SELECT * INTO row] ; database/044_sprint7_focused_level1_corrections.sql:L29@s7_get_teacher_console[SELECT * INTO row] ; database/054_level3_integrated_closure.sql:L59@teacher_apply_override[SELECT * INTO row] ; database/054_level3_integrated_closure.sql:L91@teacher_apply_override[SELECT * INTO row],1,MEDIUM:src/game/app.js:L573@renderVote[property-name reference],0,,0,
F0089,discussion_sessions#17,discussion_sessions,vote_options,17,1,YES,18,database/002_runtime_runs_discussion.sql:L342@s2_open_discussion[INSERT explicit column]{DIRECT_OR_COMPUTED} ; database/002_runtime_runs_discussion.sql:L735@s2_submit_vote[INSERT explicit column]{DIRECT_OR_COMPUTED} ; database/003_sprint2_discussionroom_audit_fix.sql:L117@s2_open_discussion[INSERT explicit column]{DIRECT_OR_COMPUTED} ; database/003_sprint2_discussionroom_audit_fix.sql:L281@s2_submit_vote[INSERT explicit column]{DIRECT_OR_COMPUTED} ; database/004_sprint2_fallback_resolution_semantics.sql:L134@s2_submit_vote[INSERT explicit column]{DIRECT_OR_COMPUTED} ; database/007_sprint3b_act1_5_placeholder_flow.sql:L140@s3b_leave_start_room[INSERT explicit column]{DIRECT_OR_COMPUTED} ; database/007_sprint3b_act1_5_placeholder_flow.sql:L249@s3b_submit_act4_choice[INSERT explicit column]{DIRECT_OR_COMPUTED} ; database/013_sprint3b_discussion_authority_and_request_identity.sql:L397@s2_submit_vote[INSERT explicit column]{DIRECT_OR_COMPUTED} ; database/028_sprint5_round_event_link.sql:L27@TOP_LEVEL[INSERT explicit column]{DIRECT_OR_COMPUTED} ; database/028_sprint5_round_event_link.sql:L5@s5_mirror_round_for_audit[INSERT explicit column]{DIRECT_OR_COMPUTED} ; database/029_sprint5_canonical_discussion_localization.sql:L20@s5_configure_discussion[INSERT explicit column]{DIRECT_OR_COMPUTED} ; database/029_sprint5_canonical_discussion_localization.sql:L33@s5_configure_discussion[UPDATE SET]{DIRECT_OR_COMPUTED} ; database/031_sprint5_focused_reaudit_corrections.sql:L9@s5_configure_discussion[UPDATE SET]{DIRECT_OR_COMPUTED} ; database/032_sprint5_discussion_creation_restore.sql:L11@s5_configure_discussion[UPDATE SET]{DIRECT_OR_COMPUTED} ; database/032_sprint5_discussion_creation_restore.sql:L9@s5_configure_discussion[INSERT explicit column]{DIRECT_OR_COMPUTED} ; database/035_sprint6_focused_audit_corrections.sql:L32@s6_open_discussion[INSERT explicit column]{DIRECT_OR_COMPUTED} ; database/054_level3_integrated_closure.sql:L55@teacher_apply_override[INSERT explicit column]{DIRECT_OR_COMPUTED} ; database/054_level3_integrated_closure.sql:L85@teacher_apply_override[INSERT explicit column]{DIRECT_OR_COMPUTED},49,database/002_runtime_runs_discussion.sql:L1058@s2_get_teacher_state[qualified/rowtype field reference] ; database/002_runtime_runs_discussion.sql:L389@s2_refresh_discussion[SELECT * INTO row] ; database/002_runtime_runs_discussion.sql:L462@s2_open_vote[SELECT * INTO row] ; database/002_runtime_runs_discussion.sql:L519@s2_add_time[SELECT * INTO row] ; database/002_runtime_runs_discussion.sql:L568@s2_send_message[SELECT * INTO row] ; database/002_runtime_runs_discussion.sql:L576@s2_send_message[SELECT * INTO row] ; database/002_runtime_runs_discussion.sql:L633@s2_submit_vote[SELECT * INTO row] ; database/002_runtime_runs_discussion.sql:L642@s2_submit_vote[SELECT * INTO row] ; database/002_runtime_runs_discussion.sql:L651@s2_submit_vote[qualified/rowtype field reference] ; database/002_runtime_runs_discussion.sql:L747@s2_submit_vote[qualified/rowtype field reference] ; database/002_runtime_runs_discussion.sql:L827@s2_get_player_state[SELECT * INTO row] ; database/002_runtime_runs_discussion.sql:L835@s2_get_player_state[SELECT * INTO row] ; database/002_runtime_runs_discussion.sql:L944@s2_get_player_state[qualified/rowtype field reference] ; database/002_runtime_runs_discussion.sql:L980@s2_get_teacher_state[SELECT * INTO row] ; database/002_runtime_runs_discussion.sql:L988@s2_get_teacher_state[SELECT * INTO row] ; database/003_sprint2_discussionroom_audit_fix.sql:L179@s2_submit_vote[SELECT * INTO row] ; database/003_sprint2_discussionroom_audit_fix.sql:L188@s2_submit_vote[SELECT * INTO row] ; database/003_sprint2_discussionroom_audit_fix.sql:L197@s2_submit_vote[qualified/rowtype field reference] ; database/003_sprint2_discussionroom_audit_fix.sql:L293@s2_submit_vote[qualified/rowtype field reference] ; database/003_sprint2_discussionroom_audit_fix.sql:L373@s2_get_player_state[SELECT * INTO row] ; database/003_sprint2_discussionroom_audit_fix.sql:L381@s2_get_player_state[SELECT * INTO row] ; database/003_sprint2_discussionroom_audit_fix.sql:L491@s2_get_player_state[qualified/rowtype field reference] ; database/003_sprint2_discussionroom_audit_fix.sql:L528@s2_get_teacher_state[SELECT * INTO row] ; database/003_sprint2_discussionroom_audit_fix.sql:L536@s2_get_teacher_state[SELECT * INTO row] ; database/003_sprint2_discussionroom_audit_fix.sql:L620@s2_get_teacher_state[qualified/rowtype field reference] ; database/004_sprint2_fallback_resolution_semantics.sql:L146@s2_submit_vote[qualified/rowtype field reference] ; database/004_sprint2_fallback_resolution_semantics.sql:L32@s2_submit_vote[SELECT * INTO row] ; database/004_sprint2_fallback_resolution_semantics.sql:L41@s2_submit_vote[SELECT * INTO row] ; database/004_sprint2_fallback_resolution_semantics.sql:L50@s2_submit_vote[qualified/rowtype field reference] ; database/013_sprint3b_discussion_authority_and_request_identity.sql:L214@s2_send_message[SELECT * INTO row] ; database/013_sprint3b_discussion_authority_and_request_identity.sql:L237@s2_send_message[SELECT * INTO row] ; database/013_sprint3b_discussion_authority_and_request_identity.sql:L295@s2_submit_vote[SELECT * INTO row] ; database/013_sprint3b_discussion_authority_and_request_identity.sql:L305@s2_submit_vote[SELECT * INTO row] ; database/013_sprint3b_discussion_authority_and_request_identity.sql:L310@s2_submit_vote[qualified/rowtype field reference] ; database/013_sprint3b_discussion_authority_and_request_identity.sql:L408@s2_submit_vote[qualified/rowtype field reference] ; database/013_sprint3b_discussion_authority_and_request_identity.sql:L94@s3b_apply_resolved_discussion_internal[SELECT * INTO row] ; database/014a_sprint3b_inspect_reconnect_idempotency_fix.sql:L20@s3b_apply_resolved_discussion_internal[SELECT * INTO row] ; database/029_sprint5_canonical_discussion_localization.sql:L54@s5_submit_vote[SELECT * INTO row] ; database/029_sprint5_canonical_discussion_localization.sql:L85@s5_get_player_state[to_jsonb(row) exposes field] ; database/029_sprint5_canonical_discussion_localization.sql:L89@s5_get_discussion_state[SELECT * INTO row] ; database/029_sprint5_canonical_discussion_localization.sql:L93@s5_get_discussion_state[qualified/rowtype field reference] ; database/037_level3_independent_audit_closure.sql:L146@s6_refresh_owned_discussion[SELECT * INTO row] ; database/037_level3_independent_audit_closure.sql:L159@s2_refresh_discussion[SELECT * INTO row] ; database/040_level2_closure_verification_support.sql:L14@s6_verify_expire_discussion[SELECT * INTO row] ; database/041_level2_normal_s5_verification_support.sql:L14@s5_verify_expire_discussion[SELECT * INTO row] ; database/043_sprint7_teacher_console.sql:L40@s7_get_teacher_console[SELECT * INTO row] ; database/044_sprint7_focused_level1_corrections.sql:L29@s7_get_teacher_console[SELECT * INTO row] ; database/054_level3_integrated_closure.sql:L59@teacher_apply_override[SELECT * INTO row] ; database/054_level3_integrated_closure.sql:L91@teacher_apply_override[SELECT * INTO row],1,MEDIUM:src/game/app.js:L602@renderVote[property-name reference],0,,0,
F0090,discussion_sessions#18,discussion_sessions,tie_policy,18,1,YES,18,database/002_runtime_runs_discussion.sql:L342@s2_open_discussion[INSERT explicit column]{DIRECT_OR_COMPUTED} ; database/002_runtime_runs_discussion.sql:L735@s2_submit_vote[INSERT explicit column]{DIRECT_OR_COMPUTED} ; database/003_sprint2_discussionroom_audit_fix.sql:L117@s2_open_discussion[INSERT explicit column]{DIRECT_OR_COMPUTED} ; database/003_sprint2_discussionroom_audit_fix.sql:L281@s2_submit_vote[INSERT explicit column]{DIRECT_OR_COMPUTED} ; database/004_sprint2_fallback_resolution_semantics.sql:L134@s2_submit_vote[INSERT explicit column]{DIRECT_OR_COMPUTED} ; database/007_sprint3b_act1_5_placeholder_flow.sql:L140@s3b_leave_start_room[INSERT explicit column]{DIRECT_OR_COMPUTED} ; database/007_sprint3b_act1_5_placeholder_flow.sql:L249@s3b_submit_act4_choice[INSERT explicit column]{DIRECT_OR_COMPUTED} ; database/013_sprint3b_discussion_authority_and_request_identity.sql:L397@s2_submit_vote[INSERT explicit column]{DIRECT_OR_COMPUTED} ; database/028_sprint5_round_event_link.sql:L27@TOP_LEVEL[INSERT explicit column]{DIRECT_OR_COMPUTED} ; database/028_sprint5_round_event_link.sql:L5@s5_mirror_round_for_audit[INSERT explicit column]{DIRECT_OR_COMPUTED} ; database/029_sprint5_canonical_discussion_localization.sql:L20@s5_configure_discussion[INSERT explicit column]{DIRECT_OR_COMPUTED} ; database/029_sprint5_canonical_discussion_localization.sql:L34@s5_configure_discussion[UPDATE SET]{DIRECT_OR_COMPUTED} ; database/031_sprint5_focused_reaudit_corrections.sql:L9@s5_configure_discussion[UPDATE SET]{DIRECT_OR_COMPUTED} ; database/032_sprint5_discussion_creation_restore.sql:L11@s5_configure_discussion[UPDATE SET]{DIRECT_OR_COMPUTED} ; database/032_sprint5_discussion_creation_restore.sql:L9@s5_configure_discussion[INSERT explicit column]{DIRECT_OR_COMPUTED} ; database/035_sprint6_focused_audit_corrections.sql:L32@s6_open_discussion[INSERT explicit column]{DIRECT_OR_COMPUTED} ; database/054_level3_integrated_closure.sql:L55@teacher_apply_override[INSERT explicit column]{DIRECT_OR_COMPUTED} ; database/054_level3_integrated_closure.sql:L85@teacher_apply_override[INSERT explicit column]{DIRECT_OR_COMPUTED},53,database/002_runtime_runs_discussion.sql:L1059@s2_get_teacher_state[qualified/rowtype field reference] ; database/002_runtime_runs_discussion.sql:L389@s2_refresh_discussion[SELECT * INTO row] ; database/002_runtime_runs_discussion.sql:L462@s2_open_vote[SELECT * INTO row] ; database/002_runtime_runs_discussion.sql:L519@s2_add_time[SELECT * INTO row] ; database/002_runtime_runs_discussion.sql:L568@s2_send_message[SELECT * INTO row] ; database/002_runtime_runs_discussion.sql:L576@s2_send_message[SELECT * INTO row] ; database/002_runtime_runs_discussion.sql:L633@s2_submit_vote[SELECT * INTO row] ; database/002_runtime_runs_discussion.sql:L642@s2_submit_vote[SELECT * INTO row] ; database/002_runtime_runs_discussion.sql:L728@s2_submit_vote[qualified/rowtype field reference] ; database/002_runtime_runs_discussion.sql:L730@s2_submit_vote[qualified/rowtype field reference] ; database/002_runtime_runs_discussion.sql:L747@s2_submit_vote[qualified/rowtype field reference] ; database/002_runtime_runs_discussion.sql:L827@s2_get_player_state[SELECT * INTO row] ; database/002_runtime_runs_discussion.sql:L835@s2_get_player_state[SELECT * INTO row] ; database/002_runtime_runs_discussion.sql:L945@s2_get_player_state[qualified/rowtype field reference] ; database/002_runtime_runs_discussion.sql:L980@s2_get_teacher_state[SELECT * INTO row] ; database/002_runtime_runs_discussion.sql:L988@s2_get_teacher_state[SELECT * INTO row] ; database/003_sprint2_discussionroom_audit_fix.sql:L179@s2_submit_vote[SELECT * INTO row] ; database/003_sprint2_discussionroom_audit_fix.sql:L188@s2_submit_vote[SELECT * INTO row] ; database/003_sprint2_discussionroom_audit_fix.sql:L274@s2_submit_vote[qualified/rowtype field reference] ; database/003_sprint2_discussionroom_audit_fix.sql:L276@s2_submit_vote[qualified/rowtype field reference] ; database/003_sprint2_discussionroom_audit_fix.sql:L293@s2_submit_vote[qualified/rowtype field reference] ; database/003_sprint2_discussionroom_audit_fix.sql:L373@s2_get_player_state[SELECT * INTO row] ; database/003_sprint2_discussionroom_audit_fix.sql:L381@s2_get_player_state[SELECT * INTO row] ; database/003_sprint2_discussionroom_audit_fix.sql:L492@s2_get_player_state[qualified/rowtype field reference] ; database/003_sprint2_discussionroom_audit_fix.sql:L528@s2_get_teacher_state[SELECT * INTO row] ; database/003_sprint2_discussionroom_audit_fix.sql:L536@s2_get_teacher_state[SELECT * INTO row] ; database/003_sprint2_discussionroom_audit_fix.sql:L621@s2_get_teacher_state[qualified/rowtype field reference] ; database/004_sprint2_fallback_resolution_semantics.sql:L127@s2_submit_vote[qualified/rowtype field reference] ; database/004_sprint2_fallback_resolution_semantics.sql:L129@s2_submit_vote[qualified/rowtype field reference] ; database/004_sprint2_fallback_resolution_semantics.sql:L146@s2_submit_vote[qualified/rowtype field reference] ; database/004_sprint2_fallback_resolution_semantics.sql:L32@s2_submit_vote[SELECT * INTO row] ; database/004_sprint2_fallback_resolution_semantics.sql:L41@s2_submit_vote[SELECT * INTO row] ; database/013_sprint3b_discussion_authority_and_request_identity.sql:L214@s2_send_message[SELECT * INTO row] ; database/013_sprint3b_discussion_authority_and_request_identity.sql:L237@s2_send_message[SELECT * INTO row] ; database/013_sprint3b_discussion_authority_and_request_identity.sql:L295@s2_submit_vote[SELECT * INTO row] ; database/013_sprint3b_discussion_authority_and_request_identity.sql:L305@s2_submit_vote[SELECT * INTO row] ; database/013_sprint3b_discussion_authority_and_request_identity.sql:L393@s2_submit_vote[qualified/rowtype field reference] ; database/013_sprint3b_discussion_authority_and_request_identity.sql:L394@s2_submit_vote[qualified/rowtype field reference] ; database/013_sprint3b_discussion_authority_and_request_identity.sql:L408@s2_submit_vote[qualified/rowtype field reference] ; database/013_sprint3b_discussion_authority_and_request_identity.sql:L94@s3b_apply_resolved_discussion_internal[SELECT * INTO row] ; database/014a_sprint3b_inspect_reconnect_idempotency_fix.sql:L20@s3b_apply_resolved_discussion_internal[SELECT * INTO row] ; database/029_sprint5_canonical_discussion_localization.sql:L54@s5_submit_vote[SELECT * INTO row] ; database/029_sprint5_canonical_discussion_localization.sql:L85@s5_get_player_state[to_jsonb(row) exposes field] ; database/029_sprint5_canonical_discussion_localization.sql:L89@s5_get_discussion_state[SELECT * INTO row] ; database/029_sprint5_canonical_discussion_localization.sql:L93@s5_get_discussion_state[qualified/rowtype field reference] ; database/037_level3_independent_audit_closure.sql:L146@s6_refresh_owned_discussion[SELECT * INTO row] ; database/037_level3_independent_audit_closure.sql:L159@s2_refresh_discussion[SELECT * INTO row] ; database/040_level2_closure_verification_support.sql:L14@s6_verify_expire_discussion[SELECT * INTO row] ; database/041_level2_normal_s5_verification_support.sql:L14@s5_verify_expire_discussion[SELECT * INTO row] ; database/043_sprint7_teacher_console.sql:L40@s7_get_teacher_console[SELECT * INTO row] ; database/044_sprint7_focused_level1_corrections.sql:L29@s7_get_teacher_console[SELECT * INTO row] ; database/054_level3_integrated_closure.sql:L59@teacher_apply_override[SELECT * INTO row] ; database/054_level3_integrated_closure.sql:L91@teacher_apply_override[SELECT * INTO row],0,,0,,0,
F0091,discussion_sessions#19,discussion_sessions,revote_window_sec,19,1,YES,13,database/002_runtime_runs_discussion.sql:L342@s2_open_discussion[INSERT explicit column]{DIRECT_OR_COMPUTED} ; database/002_runtime_runs_discussion.sql:L735@s2_submit_vote[INSERT explicit column]{DIRECT_OR_COMPUTED} ; database/003_sprint2_discussionroom_audit_fix.sql:L117@s2_open_discussion[INSERT explicit column]{DIRECT_OR_COMPUTED} ; database/003_sprint2_discussionroom_audit_fix.sql:L281@s2_submit_vote[INSERT explicit column]{DIRECT_OR_COMPUTED} ; database/004_sprint2_fallback_resolution_semantics.sql:L134@s2_submit_vote[INSERT explicit column]{DIRECT_OR_COMPUTED} ; database/007_sprint3b_act1_5_placeholder_flow.sql:L140@s3b_leave_start_room[INSERT explicit column]{DIRECT_OR_COMPUTED} ; database/007_sprint3b_act1_5_placeholder_flow.sql:L249@s3b_submit_act4_choice[INSERT explicit column]{DIRECT_OR_COMPUTED} ; database/013_sprint3b_discussion_authority_and_request_identity.sql:L397@s2_submit_vote[INSERT explicit column]{DIRECT_OR_COMPUTED} ; database/029_sprint5_canonical_discussion_localization.sql:L34@s5_configure_discussion[UPDATE SET]{DIRECT_OR_COMPUTED} ; database/031_sprint5_focused_reaudit_corrections.sql:L9@s5_configure_discussion[UPDATE SET]{DIRECT_OR_COMPUTED} ; database/032_sprint5_discussion_creation_restore.sql:L11@s5_configure_discussion[UPDATE SET]{DIRECT_OR_COMPUTED} ; database/054_level3_integrated_closure.sql:L55@teacher_apply_override[INSERT explicit column]{DIRECT_OR_COMPUTED} ; database/054_level3_integrated_closure.sql:L85@teacher_apply_override[INSERT explicit column]{DIRECT_OR_COMPUTED},44,database/002_runtime_runs_discussion.sql:L389@s2_refresh_discussion[SELECT * INTO row] ; database/002_runtime_runs_discussion.sql:L462@s2_open_vote[SELECT * INTO row] ; database/002_runtime_runs_discussion.sql:L519@s2_add_time[SELECT * INTO row] ; database/002_runtime_runs_discussion.sql:L568@s2_send_message[SELECT * INTO row] ; database/002_runtime_runs_discussion.sql:L576@s2_send_message[SELECT * INTO row] ; database/002_runtime_runs_discussion.sql:L633@s2_submit_vote[SELECT * INTO row] ; database/002_runtime_runs_discussion.sql:L642@s2_submit_vote[SELECT * INTO row] ; database/002_runtime_runs_discussion.sql:L745@s2_submit_vote[qualified/rowtype field reference] ; database/002_runtime_runs_discussion.sql:L747@s2_submit_vote[qualified/rowtype field reference] ; database/002_runtime_runs_discussion.sql:L827@s2_get_player_state[SELECT * INTO row] ; database/002_runtime_runs_discussion.sql:L835@s2_get_player_state[SELECT * INTO row] ; database/002_runtime_runs_discussion.sql:L980@s2_get_teacher_state[SELECT * INTO row] ; database/002_runtime_runs_discussion.sql:L988@s2_get_teacher_state[SELECT * INTO row] ; database/003_sprint2_discussionroom_audit_fix.sql:L179@s2_submit_vote[SELECT * INTO row] ; database/003_sprint2_discussionroom_audit_fix.sql:L188@s2_submit_vote[SELECT * INTO row] ; database/003_sprint2_discussionroom_audit_fix.sql:L291@s2_submit_vote[qualified/rowtype field reference] ; database/003_sprint2_discussionroom_audit_fix.sql:L293@s2_submit_vote[qualified/rowtype field reference] ; database/003_sprint2_discussionroom_audit_fix.sql:L373@s2_get_player_state[SELECT * INTO row] ; database/003_sprint2_discussionroom_audit_fix.sql:L381@s2_get_player_state[SELECT * INTO row] ; database/003_sprint2_discussionroom_audit_fix.sql:L528@s2_get_teacher_state[SELECT * INTO row] ; database/003_sprint2_discussionroom_audit_fix.sql:L536@s2_get_teacher_state[SELECT * INTO row] ; database/004_sprint2_fallback_resolution_semantics.sql:L144@s2_submit_vote[qualified/rowtype field reference] ; database/004_sprint2_fallback_resolution_semantics.sql:L146@s2_submit_vote[qualified/rowtype field reference] ; database/004_sprint2_fallback_resolution_semantics.sql:L32@s2_submit_vote[SELECT * INTO row] ; database/004_sprint2_fallback_resolution_semantics.sql:L41@s2_submit_vote[SELECT * INTO row] ; database/013_sprint3b_discussion_authority_and_request_identity.sql:L214@s2_send_message[SELECT * INTO row] ; database/013_sprint3b_discussion_authority_and_request_identity.sql:L237@s2_send_message[SELECT * INTO row] ; database/013_sprint3b_discussion_authority_and_request_identity.sql:L295@s2_submit_vote[SELECT * INTO row] ; database/013_sprint3b_discussion_authority_and_request_identity.sql:L305@s2_submit_vote[SELECT * INTO row] ; database/013_sprint3b_discussion_authority_and_request_identity.sql:L406@s2_submit_vote[qualified/rowtype field reference] ; database/013_sprint3b_discussion_authority_and_request_identity.sql:L408@s2_submit_vote[qualified/rowtype field reference] ; database/013_sprint3b_discussion_authority_and_request_identity.sql:L94@s3b_apply_resolved_discussion_internal[SELECT * INTO row] ; database/014a_sprint3b_inspect_reconnect_idempotency_fix.sql:L20@s3b_apply_resolved_discussion_internal[SELECT * INTO row] ; database/029_sprint5_canonical_discussion_localization.sql:L54@s5_submit_vote[SELECT * INTO row] ; database/029_sprint5_canonical_discussion_localization.sql:L85@s5_get_player_state[to_jsonb(row) exposes field] ; database/029_sprint5_canonical_discussion_localization.sql:L89@s5_get_discussion_state[SELECT * INTO row] ; database/037_level3_independent_audit_closure.sql:L146@s6_refresh_owned_discussion[SELECT * INTO row] ; database/037_level3_independent_audit_closure.sql:L159@s2_refresh_discussion[SELECT * INTO row] ; database/040_level2_closure_verification_support.sql:L14@s6_verify_expire_discussion[SELECT * INTO row] ; database/041_level2_normal_s5_verification_support.sql:L14@s5_verify_expire_discussion[SELECT * INTO row] ; database/043_sprint7_teacher_console.sql:L40@s7_get_teacher_console[SELECT * INTO row] ; database/044_sprint7_focused_level1_corrections.sql:L29@s7_get_teacher_console[SELECT * INTO row] ; database/054_level3_integrated_closure.sql:L59@teacher_apply_override[SELECT * INTO row] ; database/054_level3_integrated_closure.sql:L91@teacher_apply_override[SELECT * INTO row],0,,0,,0,
F0092,discussion_sessions#20,discussion_sessions,max_revotes,20,1,YES,13,database/002_runtime_runs_discussion.sql:L342@s2_open_discussion[INSERT explicit column]{DIRECT_OR_COMPUTED} ; database/002_runtime_runs_discussion.sql:L735@s2_submit_vote[INSERT explicit column]{DIRECT_OR_COMPUTED} ; database/003_sprint2_discussionroom_audit_fix.sql:L117@s2_open_discussion[INSERT explicit column]{DIRECT_OR_COMPUTED} ; database/003_sprint2_discussionroom_audit_fix.sql:L281@s2_submit_vote[INSERT explicit column]{DIRECT_OR_COMPUTED} ; database/004_sprint2_fallback_resolution_semantics.sql:L134@s2_submit_vote[INSERT explicit column]{DIRECT_OR_COMPUTED} ; database/007_sprint3b_act1_5_placeholder_flow.sql:L140@s3b_leave_start_room[INSERT explicit column]{DIRECT_OR_COMPUTED} ; database/007_sprint3b_act1_5_placeholder_flow.sql:L249@s3b_submit_act4_choice[INSERT explicit column]{DIRECT_OR_COMPUTED} ; database/013_sprint3b_discussion_authority_and_request_identity.sql:L397@s2_submit_vote[INSERT explicit column]{DIRECT_OR_COMPUTED} ; database/029_sprint5_canonical_discussion_localization.sql:L34@s5_configure_discussion[UPDATE SET]{DIRECT_OR_COMPUTED} ; database/031_sprint5_focused_reaudit_corrections.sql:L9@s5_configure_discussion[UPDATE SET]{DIRECT_OR_COMPUTED} ; database/032_sprint5_discussion_creation_restore.sql:L11@s5_configure_discussion[UPDATE SET]{DIRECT_OR_COMPUTED} ; database/054_level3_integrated_closure.sql:L55@teacher_apply_override[INSERT explicit column]{DIRECT_OR_COMPUTED} ; database/054_level3_integrated_closure.sql:L85@teacher_apply_override[INSERT explicit column]{DIRECT_OR_COMPUTED},44,database/002_runtime_runs_discussion.sql:L389@s2_refresh_discussion[SELECT * INTO row] ; database/002_runtime_runs_discussion.sql:L462@s2_open_vote[SELECT * INTO row] ; database/002_runtime_runs_discussion.sql:L519@s2_add_time[SELECT * INTO row] ; database/002_runtime_runs_discussion.sql:L568@s2_send_message[SELECT * INTO row] ; database/002_runtime_runs_discussion.sql:L576@s2_send_message[SELECT * INTO row] ; database/002_runtime_runs_discussion.sql:L633@s2_submit_vote[SELECT * INTO row] ; database/002_runtime_runs_discussion.sql:L642@s2_submit_vote[SELECT * INTO row] ; database/002_runtime_runs_discussion.sql:L731@s2_submit_vote[qualified/rowtype field reference] ; database/002_runtime_runs_discussion.sql:L748@s2_submit_vote[qualified/rowtype field reference] ; database/002_runtime_runs_discussion.sql:L827@s2_get_player_state[SELECT * INTO row] ; database/002_runtime_runs_discussion.sql:L835@s2_get_player_state[SELECT * INTO row] ; database/002_runtime_runs_discussion.sql:L980@s2_get_teacher_state[SELECT * INTO row] ; database/002_runtime_runs_discussion.sql:L988@s2_get_teacher_state[SELECT * INTO row] ; database/003_sprint2_discussionroom_audit_fix.sql:L179@s2_submit_vote[SELECT * INTO row] ; database/003_sprint2_discussionroom_audit_fix.sql:L188@s2_submit_vote[SELECT * INTO row] ; database/003_sprint2_discussionroom_audit_fix.sql:L277@s2_submit_vote[qualified/rowtype field reference] ; database/003_sprint2_discussionroom_audit_fix.sql:L294@s2_submit_vote[qualified/rowtype field reference] ; database/003_sprint2_discussionroom_audit_fix.sql:L373@s2_get_player_state[SELECT * INTO row] ; database/003_sprint2_discussionroom_audit_fix.sql:L381@s2_get_player_state[SELECT * INTO row] ; database/003_sprint2_discussionroom_audit_fix.sql:L528@s2_get_teacher_state[SELECT * INTO row] ; database/003_sprint2_discussionroom_audit_fix.sql:L536@s2_get_teacher_state[SELECT * INTO row] ; database/004_sprint2_fallback_resolution_semantics.sql:L130@s2_submit_vote[qualified/rowtype field reference] ; database/004_sprint2_fallback_resolution_semantics.sql:L147@s2_submit_vote[qualified/rowtype field reference] ; database/004_sprint2_fallback_resolution_semantics.sql:L32@s2_submit_vote[SELECT * INTO row] ; database/004_sprint2_fallback_resolution_semantics.sql:L41@s2_submit_vote[SELECT * INTO row] ; database/013_sprint3b_discussion_authority_and_request_identity.sql:L214@s2_send_message[SELECT * INTO row] ; database/013_sprint3b_discussion_authority_and_request_identity.sql:L237@s2_send_message[SELECT * INTO row] ; database/013_sprint3b_discussion_authority_and_request_identity.sql:L295@s2_submit_vote[SELECT * INTO row] ; database/013_sprint3b_discussion_authority_and_request_identity.sql:L305@s2_submit_vote[SELECT * INTO row] ; database/013_sprint3b_discussion_authority_and_request_identity.sql:L395@s2_submit_vote[qualified/rowtype field reference] ; database/013_sprint3b_discussion_authority_and_request_identity.sql:L409@s2_submit_vote[qualified/rowtype field reference] ; database/013_sprint3b_discussion_authority_and_request_identity.sql:L94@s3b_apply_resolved_discussion_internal[SELECT * INTO row] ; database/014a_sprint3b_inspect_reconnect_idempotency_fix.sql:L20@s3b_apply_resolved_discussion_internal[SELECT * INTO row] ; database/029_sprint5_canonical_discussion_localization.sql:L54@s5_submit_vote[SELECT * INTO row] ; database/029_sprint5_canonical_discussion_localization.sql:L85@s5_get_player_state[to_jsonb(row) exposes field] ; database/029_sprint5_canonical_discussion_localization.sql:L89@s5_get_discussion_state[SELECT * INTO row] ; database/037_level3_independent_audit_closure.sql:L146@s6_refresh_owned_discussion[SELECT * INTO row] ; database/037_level3_independent_audit_closure.sql:L159@s2_refresh_discussion[SELECT * INTO row] ; database/040_level2_closure_verification_support.sql:L14@s6_verify_expire_discussion[SELECT * INTO row] ; database/041_level2_normal_s5_verification_support.sql:L14@s5_verify_expire_discussion[SELECT * INTO row] ; database/043_sprint7_teacher_console.sql:L40@s7_get_teacher_console[SELECT * INTO row] ; database/044_sprint7_focused_level1_corrections.sql:L29@s7_get_teacher_console[SELECT * INTO row] ; database/054_level3_integrated_closure.sql:L59@teacher_apply_override[SELECT * INTO row] ; database/054_level3_integrated_closure.sql:L91@teacher_apply_override[SELECT * INTO row],0,,0,,0,
F0093,discussion_sessions#21,discussion_sessions,fallback_resolution,21,1,YES,13,database/002_runtime_runs_discussion.sql:L342@s2_open_discussion[INSERT explicit column]{DIRECT_OR_COMPUTED} ; database/002_runtime_runs_discussion.sql:L735@s2_submit_vote[INSERT explicit column]{DIRECT_OR_COMPUTED} ; database/003_sprint2_discussionroom_audit_fix.sql:L117@s2_open_discussion[INSERT explicit column]{DIRECT_OR_COMPUTED} ; database/003_sprint2_discussionroom_audit_fix.sql:L281@s2_submit_vote[INSERT explicit column]{DIRECT_OR_COMPUTED} ; database/004_sprint2_fallback_resolution_semantics.sql:L134@s2_submit_vote[INSERT explicit column]{DIRECT_OR_COMPUTED} ; database/007_sprint3b_act1_5_placeholder_flow.sql:L140@s3b_leave_start_room[INSERT explicit column]{DIRECT_OR_COMPUTED} ; database/007_sprint3b_act1_5_placeholder_flow.sql:L249@s3b_submit_act4_choice[INSERT explicit column]{DIRECT_OR_COMPUTED} ; database/013_sprint3b_discussion_authority_and_request_identity.sql:L397@s2_submit_vote[INSERT explicit column]{DIRECT_OR_COMPUTED} ; database/029_sprint5_canonical_discussion_localization.sql:L34@s5_configure_discussion[UPDATE SET]{DIRECT_OR_COMPUTED} ; database/031_sprint5_focused_reaudit_corrections.sql:L9@s5_configure_discussion[UPDATE SET]{DIRECT_OR_COMPUTED} ; database/032_sprint5_discussion_creation_restore.sql:L11@s5_configure_discussion[UPDATE SET]{DIRECT_OR_COMPUTED} ; database/054_level3_integrated_closure.sql:L55@teacher_apply_override[INSERT explicit column]{DIRECT_OR_COMPUTED} ; database/054_level3_integrated_closure.sql:L85@teacher_apply_override[INSERT explicit column]{DIRECT_OR_COMPUTED},62,database/002_runtime_runs_discussion.sql:L389@s2_refresh_discussion[SELECT * INTO row] ; database/002_runtime_runs_discussion.sql:L462@s2_open_vote[SELECT * INTO row] ; database/002_runtime_runs_discussion.sql:L519@s2_add_time[SELECT * INTO row] ; database/002_runtime_runs_discussion.sql:L568@s2_send_message[SELECT * INTO row] ; database/002_runtime_runs_discussion.sql:L576@s2_send_message[SELECT * INTO row] ; database/002_runtime_runs_discussion.sql:L633@s2_submit_vote[SELECT * INTO row] ; database/002_runtime_runs_discussion.sql:L642@s2_submit_vote[SELECT * INTO row] ; database/002_runtime_runs_discussion.sql:L748@s2_submit_vote[qualified/rowtype field reference] ; database/002_runtime_runs_discussion.sql:L770@s2_submit_vote[qualified/rowtype field reference] ; database/002_runtime_runs_discussion.sql:L773@s2_submit_vote[qualified/rowtype field reference] ; database/002_runtime_runs_discussion.sql:L781@s2_submit_vote[qualified/rowtype field reference] ; database/002_runtime_runs_discussion.sql:L787@s2_submit_vote[qualified/rowtype field reference] ; database/002_runtime_runs_discussion.sql:L788@s2_submit_vote[qualified/rowtype field reference] ; database/002_runtime_runs_discussion.sql:L827@s2_get_player_state[SELECT * INTO row] ; database/002_runtime_runs_discussion.sql:L835@s2_get_player_state[SELECT * INTO row] ; database/002_runtime_runs_discussion.sql:L980@s2_get_teacher_state[SELECT * INTO row] ; database/002_runtime_runs_discussion.sql:L988@s2_get_teacher_state[SELECT * INTO row] ; database/003_sprint2_discussionroom_audit_fix.sql:L179@s2_submit_vote[SELECT * INTO row] ; database/003_sprint2_discussionroom_audit_fix.sql:L188@s2_submit_vote[SELECT * INTO row] ; database/003_sprint2_discussionroom_audit_fix.sql:L294@s2_submit_vote[qualified/rowtype field reference] ; database/003_sprint2_discussionroom_audit_fix.sql:L316@s2_submit_vote[qualified/rowtype field reference] ; database/003_sprint2_discussionroom_audit_fix.sql:L319@s2_submit_vote[qualified/rowtype field reference] ; database/003_sprint2_discussionroom_audit_fix.sql:L327@s2_submit_vote[qualified/rowtype field reference] ; database/003_sprint2_discussionroom_audit_fix.sql:L333@s2_submit_vote[qualified/rowtype field reference] ; database/003_sprint2_discussionroom_audit_fix.sql:L334@s2_submit_vote[qualified/rowtype field reference] ; database/003_sprint2_discussionroom_audit_fix.sql:L373@s2_get_player_state[SELECT * INTO row] ; database/003_sprint2_discussionroom_audit_fix.sql:L381@s2_get_player_state[SELECT * INTO row] ; database/003_sprint2_discussionroom_audit_fix.sql:L528@s2_get_teacher_state[SELECT * INTO row] ; database/003_sprint2_discussionroom_audit_fix.sql:L536@s2_get_teacher_state[SELECT * INTO row] ; database/004_sprint2_fallback_resolution_semantics.sql:L147@s2_submit_vote[qualified/rowtype field reference] ; database/004_sprint2_fallback_resolution_semantics.sql:L169@s2_submit_vote[qualified/rowtype field reference] ; database/004_sprint2_fallback_resolution_semantics.sql:L173@s2_submit_vote[qualified/rowtype field reference] ; database/004_sprint2_fallback_resolution_semantics.sql:L183@s2_submit_vote[qualified/rowtype field reference] ; database/004_sprint2_fallback_resolution_semantics.sql:L191@s2_submit_vote[qualified/rowtype field reference] ; database/004_sprint2_fallback_resolution_semantics.sql:L192@s2_submit_vote[qualified/rowtype field reference] ; database/004_sprint2_fallback_resolution_semantics.sql:L193@s2_submit_vote[qualified/rowtype field reference] ; database/004_sprint2_fallback_resolution_semantics.sql:L32@s2_submit_vote[SELECT * INTO row] ; database/004_sprint2_fallback_resolution_semantics.sql:L41@s2_submit_vote[SELECT * INTO row] ; database/013_sprint3b_discussion_authority_and_request_identity.sql:L214@s2_send_message[SELECT * INTO row] ; database/013_sprint3b_discussion_authority_and_request_identity.sql:L237@s2_send_message[SELECT * INTO row] ; database/013_sprint3b_discussion_authority_and_request_identity.sql:L295@s2_submit_vote[SELECT * INTO row] ; database/013_sprint3b_discussion_authority_and_request_identity.sql:L305@s2_submit_vote[SELECT * INTO row] ; database/013_sprint3b_discussion_authority_and_request_identity.sql:L409@s2_submit_vote[qualified/rowtype field reference] ; database/013_sprint3b_discussion_authority_and_request_identity.sql:L429@s2_submit_vote[qualified/rowtype field reference] ; database/013_sprint3b_discussion_authority_and_request_identity.sql:L432@s2_submit_vote[qualified/rowtype field reference] ; database/013_sprint3b_discussion_authority_and_request_identity.sql:L440@s2_submit_vote[qualified/rowtype field reference] ; database/013_sprint3b_discussion_authority_and_request_identity.sql:L450@s2_submit_vote[qualified/rowtype field reference] ; database/013_sprint3b_discussion_authority_and_request_identity.sql:L451@s2_submit_vote[qualified/rowtype field reference] ; database/013_sprint3b_discussion_authority_and_request_identity.sql:L452@s2_submit_vote[qualified/rowtype field reference] ; database/013_sprint3b_discussion_authority_and_request_identity.sql:L94@s3b_apply_resolved_discussion_internal[SELECT * INTO row] ; database/014a_sprint3b_inspect_reconnect_idempotency_fix.sql:L20@s3b_apply_resolved_discussion_internal[SELECT * INTO row] ; database/029_sprint5_canonical_discussion_localization.sql:L54@s5_submit_vote[SELECT * INTO row] ; database/029_sprint5_canonical_discussion_localization.sql:L85@s5_get_player_state[to_jsonb(row) exposes field] ; database/029_sprint5_canonical_discussion_localization.sql:L89@s5_get_discussion_state[SELECT * INTO row] ; database/037_level3_independent_audit_closure.sql:L146@s6_refresh_owned_discussion[SELECT * INTO row] ; database/037_level3_independent_audit_closure.sql:L159@s2_refresh_discussion[SELECT * INTO row] ; database/040_level2_closure_verification_support.sql:L14@s6_verify_expire_discussion[SELECT * INTO row] ; database/041_level2_normal_s5_verification_support.sql:L14@s5_verify_expire_discussion[SELECT * INTO row] ; database/043_sprint7_teacher_console.sql:L40@s7_get_teacher_console[SELECT * INTO row] ; database/044_sprint7_focused_level1_corrections.sql:L29@s7_get_teacher_console[SELECT * INTO row] ; database/054_level3_integrated_closure.sql:L59@teacher_apply_override[SELECT * INTO row] ; database/054_level3_integrated_closure.sql:L91@teacher_apply_override[SELECT * INTO row],3,MEDIUM:tests/sprint2-static-check.js:L76@TOP_LEVEL[property-name reference] ; MEDIUM:tests/sprint2-static-check.js:L83@TOP_LEVEL[property-name reference] ; MEDIUM:tests/sprint2-static-check.js:L86@TOP_LEVEL[property-name reference],0,,0,
F0094,discussion_sessions#22,discussion_sessions,discussion_timeout_policy,22,1,YES,0,,36,database/002_runtime_runs_discussion.sql:L389@s2_refresh_discussion[SELECT * INTO row] ; database/002_runtime_runs_discussion.sql:L462@s2_open_vote[SELECT * INTO row] ; database/002_runtime_runs_discussion.sql:L519@s2_add_time[SELECT * INTO row] ; database/002_runtime_runs_discussion.sql:L568@s2_send_message[SELECT * INTO row] ; database/002_runtime_runs_discussion.sql:L576@s2_send_message[SELECT * INTO row] ; database/002_runtime_runs_discussion.sql:L633@s2_submit_vote[SELECT * INTO row] ; database/002_runtime_runs_discussion.sql:L642@s2_submit_vote[SELECT * INTO row] ; database/002_runtime_runs_discussion.sql:L827@s2_get_player_state[SELECT * INTO row] ; database/002_runtime_runs_discussion.sql:L835@s2_get_player_state[SELECT * INTO row] ; database/002_runtime_runs_discussion.sql:L980@s2_get_teacher_state[SELECT * INTO row] ; database/002_runtime_runs_discussion.sql:L988@s2_get_teacher_state[SELECT * INTO row] ; database/003_sprint2_discussionroom_audit_fix.sql:L179@s2_submit_vote[SELECT * INTO row] ; database/003_sprint2_discussionroom_audit_fix.sql:L188@s2_submit_vote[SELECT * INTO row] ; database/003_sprint2_discussionroom_audit_fix.sql:L373@s2_get_player_state[SELECT * INTO row] ; database/003_sprint2_discussionroom_audit_fix.sql:L381@s2_get_player_state[SELECT * INTO row] ; database/003_sprint2_discussionroom_audit_fix.sql:L528@s2_get_teacher_state[SELECT * INTO row] ; database/003_sprint2_discussionroom_audit_fix.sql:L536@s2_get_teacher_state[SELECT * INTO row] ; database/004_sprint2_fallback_resolution_semantics.sql:L32@s2_submit_vote[SELECT * INTO row] ; database/004_sprint2_fallback_resolution_semantics.sql:L41@s2_submit_vote[SELECT * INTO row] ; database/013_sprint3b_discussion_authority_and_request_identity.sql:L214@s2_send_message[SELECT * INTO row] ; database/013_sprint3b_discussion_authority_and_request_identity.sql:L237@s2_send_message[SELECT * INTO row] ; database/013_sprint3b_discussion_authority_and_request_identity.sql:L295@s2_submit_vote[SELECT * INTO row] ; database/013_sprint3b_discussion_authority_and_request_identity.sql:L305@s2_submit_vote[SELECT * INTO row] ; database/013_sprint3b_discussion_authority_and_request_identity.sql:L94@s3b_apply_resolved_discussion_internal[SELECT * INTO row] ; database/014a_sprint3b_inspect_reconnect_idempotency_fix.sql:L20@s3b_apply_resolved_discussion_internal[SELECT * INTO row] ; database/029_sprint5_canonical_discussion_localization.sql:L54@s5_submit_vote[SELECT * INTO row] ; database/029_sprint5_canonical_discussion_localization.sql:L85@s5_get_player_state[to_jsonb(row) exposes field] ; database/029_sprint5_canonical_discussion_localization.sql:L89@s5_get_discussion_state[SELECT * INTO row] ; database/037_level3_independent_audit_closure.sql:L146@s6_refresh_owned_discussion[SELECT * INTO row] ; database/037_level3_independent_audit_closure.sql:L159@s2_refresh_discussion[SELECT * INTO row] ; database/040_level2_closure_verification_support.sql:L14@s6_verify_expire_discussion[SELECT * INTO row] ; database/041_level2_normal_s5_verification_support.sql:L14@s5_verify_expire_discussion[SELECT * INTO row] ; database/043_sprint7_teacher_console.sql:L40@s7_get_teacher_console[SELECT * INTO row] ; database/044_sprint7_focused_level1_corrections.sql:L29@s7_get_teacher_console[SELECT * INTO row] ; database/054_level3_integrated_closure.sql:L59@teacher_apply_override[SELECT * INTO row] ; database/054_level3_integrated_closure.sql:L91@teacher_apply_override[SELECT * INTO row],0,,0,,0,
F0095,discussion_sessions#23,discussion_sessions,vote_timeout_policy,23,1,YES,0,,36,database/002_runtime_runs_discussion.sql:L389@s2_refresh_discussion[SELECT * INTO row] ; database/002_runtime_runs_discussion.sql:L462@s2_open_vote[SELECT * INTO row] ; database/002_runtime_runs_discussion.sql:L519@s2_add_time[SELECT * INTO row] ; database/002_runtime_runs_discussion.sql:L568@s2_send_message[SELECT * INTO row] ; database/002_runtime_runs_discussion.sql:L576@s2_send_message[SELECT * INTO row] ; database/002_runtime_runs_discussion.sql:L633@s2_submit_vote[SELECT * INTO row] ; database/002_runtime_runs_discussion.sql:L642@s2_submit_vote[SELECT * INTO row] ; database/002_runtime_runs_discussion.sql:L827@s2_get_player_state[SELECT * INTO row] ; database/002_runtime_runs_discussion.sql:L835@s2_get_player_state[SELECT * INTO row] ; database/002_runtime_runs_discussion.sql:L980@s2_get_teacher_state[SELECT * INTO row] ; database/002_runtime_runs_discussion.sql:L988@s2_get_teacher_state[SELECT * INTO row] ; database/003_sprint2_discussionroom_audit_fix.sql:L179@s2_submit_vote[SELECT * INTO row] ; database/003_sprint2_discussionroom_audit_fix.sql:L188@s2_submit_vote[SELECT * INTO row] ; database/003_sprint2_discussionroom_audit_fix.sql:L373@s2_get_player_state[SELECT * INTO row] ; database/003_sprint2_discussionroom_audit_fix.sql:L381@s2_get_player_state[SELECT * INTO row] ; database/003_sprint2_discussionroom_audit_fix.sql:L528@s2_get_teacher_state[SELECT * INTO row] ; database/003_sprint2_discussionroom_audit_fix.sql:L536@s2_get_teacher_state[SELECT * INTO row] ; database/004_sprint2_fallback_resolution_semantics.sql:L32@s2_submit_vote[SELECT * INTO row] ; database/004_sprint2_fallback_resolution_semantics.sql:L41@s2_submit_vote[SELECT * INTO row] ; database/013_sprint3b_discussion_authority_and_request_identity.sql:L214@s2_send_message[SELECT * INTO row] ; database/013_sprint3b_discussion_authority_and_request_identity.sql:L237@s2_send_message[SELECT * INTO row] ; database/013_sprint3b_discussion_authority_and_request_identity.sql:L295@s2_submit_vote[SELECT * INTO row] ; database/013_sprint3b_discussion_authority_and_request_identity.sql:L305@s2_submit_vote[SELECT * INTO row] ; database/013_sprint3b_discussion_authority_and_request_identity.sql:L94@s3b_apply_resolved_discussion_internal[SELECT * INTO row] ; database/014a_sprint3b_inspect_reconnect_idempotency_fix.sql:L20@s3b_apply_resolved_discussion_internal[SELECT * INTO row] ; database/029_sprint5_canonical_discussion_localization.sql:L54@s5_submit_vote[SELECT * INTO row] ; database/029_sprint5_canonical_discussion_localization.sql:L85@s5_get_player_state[to_jsonb(row) exposes field] ; database/029_sprint5_canonical_discussion_localization.sql:L89@s5_get_discussion_state[SELECT * INTO row] ; database/037_level3_independent_audit_closure.sql:L146@s6_refresh_owned_discussion[SELECT * INTO row] ; database/037_level3_independent_audit_closure.sql:L159@s2_refresh_discussion[SELECT * INTO row] ; database/040_level2_closure_verification_support.sql:L14@s6_verify_expire_discussion[SELECT * INTO row] ; database/041_level2_normal_s5_verification_support.sql:L14@s5_verify_expire_discussion[SELECT * INTO row] ; database/043_sprint7_teacher_console.sql:L40@s7_get_teacher_console[SELECT * INTO row] ; database/044_sprint7_focused_level1_corrections.sql:L29@s7_get_teacher_console[SELECT * INTO row] ; database/054_level3_integrated_closure.sql:L59@teacher_apply_override[SELECT * INTO row] ; database/054_level3_integrated_closure.sql:L91@teacher_apply_override[SELECT * INTO row],0,,0,,0,
F0096,discussion_sessions#24,discussion_sessions,discussion_time_limit_sec,24,1,YES,18,database/002_runtime_runs_discussion.sql:L342@s2_open_discussion[INSERT explicit column]{DIRECT_OR_COMPUTED} ; database/002_runtime_runs_discussion.sql:L735@s2_submit_vote[INSERT explicit column]{DIRECT_OR_COMPUTED} ; database/003_sprint2_discussionroom_audit_fix.sql:L117@s2_open_discussion[INSERT explicit column]{DIRECT_OR_COMPUTED} ; database/003_sprint2_discussionroom_audit_fix.sql:L281@s2_submit_vote[INSERT explicit column]{DIRECT_OR_COMPUTED} ; database/004_sprint2_fallback_resolution_semantics.sql:L134@s2_submit_vote[INSERT explicit column]{DIRECT_OR_COMPUTED} ; database/007_sprint3b_act1_5_placeholder_flow.sql:L140@s3b_leave_start_room[INSERT explicit column]{DIRECT_OR_COMPUTED} ; database/007_sprint3b_act1_5_placeholder_flow.sql:L249@s3b_submit_act4_choice[INSERT explicit column]{DIRECT_OR_COMPUTED} ; database/013_sprint3b_discussion_authority_and_request_identity.sql:L397@s2_submit_vote[INSERT explicit column]{DIRECT_OR_COMPUTED} ; database/028_sprint5_round_event_link.sql:L27@TOP_LEVEL[INSERT explicit column]{DIRECT_OR_COMPUTED} ; database/028_sprint5_round_event_link.sql:L5@s5_mirror_round_for_audit[INSERT explicit column]{DIRECT_OR_COMPUTED} ; database/029_sprint5_canonical_discussion_localization.sql:L20@s5_configure_discussion[INSERT explicit column]{DIRECT_OR_COMPUTED} ; database/029_sprint5_canonical_discussion_localization.sql:L35@s5_configure_discussion[UPDATE SET]{DIRECT_OR_COMPUTED} ; database/031_sprint5_focused_reaudit_corrections.sql:L9@s5_configure_discussion[UPDATE SET]{DIRECT_OR_COMPUTED} ; database/032_sprint5_discussion_creation_restore.sql:L11@s5_configure_discussion[UPDATE SET]{DIRECT_OR_COMPUTED} ; database/032_sprint5_discussion_creation_restore.sql:L9@s5_configure_discussion[INSERT explicit column]{DIRECT_OR_COMPUTED} ; database/035_sprint6_focused_audit_corrections.sql:L32@s6_open_discussion[INSERT explicit column]{DIRECT_OR_COMPUTED} ; database/054_level3_integrated_closure.sql:L55@teacher_apply_override[INSERT explicit column]{DIRECT_OR_COMPUTED} ; database/054_level3_integrated_closure.sql:L85@teacher_apply_override[INSERT explicit column]{DIRECT_OR_COMPUTED},44,database/002_runtime_runs_discussion.sql:L389@s2_refresh_discussion[SELECT * INTO row] ; database/002_runtime_runs_discussion.sql:L462@s2_open_vote[SELECT * INTO row] ; database/002_runtime_runs_discussion.sql:L519@s2_add_time[SELECT * INTO row] ; database/002_runtime_runs_discussion.sql:L568@s2_send_message[SELECT * INTO row] ; database/002_runtime_runs_discussion.sql:L576@s2_send_message[SELECT * INTO row] ; database/002_runtime_runs_discussion.sql:L633@s2_submit_vote[SELECT * INTO row] ; database/002_runtime_runs_discussion.sql:L642@s2_submit_vote[SELECT * INTO row] ; database/002_runtime_runs_discussion.sql:L745@s2_submit_vote[qualified/rowtype field reference] ; database/002_runtime_runs_discussion.sql:L749@s2_submit_vote[qualified/rowtype field reference] ; database/002_runtime_runs_discussion.sql:L827@s2_get_player_state[SELECT * INTO row] ; database/002_runtime_runs_discussion.sql:L835@s2_get_player_state[SELECT * INTO row] ; database/002_runtime_runs_discussion.sql:L980@s2_get_teacher_state[SELECT * INTO row] ; database/002_runtime_runs_discussion.sql:L988@s2_get_teacher_state[SELECT * INTO row] ; database/003_sprint2_discussionroom_audit_fix.sql:L179@s2_submit_vote[SELECT * INTO row] ; database/003_sprint2_discussionroom_audit_fix.sql:L188@s2_submit_vote[SELECT * INTO row] ; database/003_sprint2_discussionroom_audit_fix.sql:L291@s2_submit_vote[qualified/rowtype field reference] ; database/003_sprint2_discussionroom_audit_fix.sql:L295@s2_submit_vote[qualified/rowtype field reference] ; database/003_sprint2_discussionroom_audit_fix.sql:L373@s2_get_player_state[SELECT * INTO row] ; database/003_sprint2_discussionroom_audit_fix.sql:L381@s2_get_player_state[SELECT * INTO row] ; database/003_sprint2_discussionroom_audit_fix.sql:L528@s2_get_teacher_state[SELECT * INTO row] ; database/003_sprint2_discussionroom_audit_fix.sql:L536@s2_get_teacher_state[SELECT * INTO row] ; database/004_sprint2_fallback_resolution_semantics.sql:L144@s2_submit_vote[qualified/rowtype field reference] ; database/004_sprint2_fallback_resolution_semantics.sql:L148@s2_submit_vote[qualified/rowtype field reference] ; database/004_sprint2_fallback_resolution_semantics.sql:L32@s2_submit_vote[SELECT * INTO row] ; database/004_sprint2_fallback_resolution_semantics.sql:L41@s2_submit_vote[SELECT * INTO row] ; database/013_sprint3b_discussion_authority_and_request_identity.sql:L214@s2_send_message[SELECT * INTO row] ; database/013_sprint3b_discussion_authority_and_request_identity.sql:L237@s2_send_message[SELECT * INTO row] ; database/013_sprint3b_discussion_authority_and_request_identity.sql:L295@s2_submit_vote[SELECT * INTO row] ; database/013_sprint3b_discussion_authority_and_request_identity.sql:L305@s2_submit_vote[SELECT * INTO row] ; database/013_sprint3b_discussion_authority_and_request_identity.sql:L406@s2_submit_vote[qualified/rowtype field reference] ; database/013_sprint3b_discussion_authority_and_request_identity.sql:L410@s2_submit_vote[qualified/rowtype field reference] ; database/013_sprint3b_discussion_authority_and_request_identity.sql:L94@s3b_apply_resolved_discussion_internal[SELECT * INTO row] ; database/014a_sprint3b_inspect_reconnect_idempotency_fix.sql:L20@s3b_apply_resolved_discussion_internal[SELECT * INTO row] ; database/029_sprint5_canonical_discussion_localization.sql:L54@s5_submit_vote[SELECT * INTO row] ; database/029_sprint5_canonical_discussion_localization.sql:L85@s5_get_player_state[to_jsonb(row) exposes field] ; database/029_sprint5_canonical_discussion_localization.sql:L89@s5_get_discussion_state[SELECT * INTO row] ; database/037_level3_independent_audit_closure.sql:L146@s6_refresh_owned_discussion[SELECT * INTO row] ; database/037_level3_independent_audit_closure.sql:L159@s2_refresh_discussion[SELECT * INTO row] ; database/040_level2_closure_verification_support.sql:L14@s6_verify_expire_discussion[SELECT * INTO row] ; database/041_level2_normal_s5_verification_support.sql:L14@s5_verify_expire_discussion[SELECT * INTO row] ; database/043_sprint7_teacher_console.sql:L40@s7_get_teacher_console[SELECT * INTO row] ; database/044_sprint7_focused_level1_corrections.sql:L29@s7_get_teacher_console[SELECT * INTO row] ; database/054_level3_integrated_closure.sql:L59@teacher_apply_override[SELECT * INTO row] ; database/054_level3_integrated_closure.sql:L91@teacher_apply_override[SELECT * INTO row],0,,0,,0,
F0097,discussion_sessions#25,discussion_sessions,vote_time_limit_sec,25,1,YES,18,database/002_runtime_runs_discussion.sql:L342@s2_open_discussion[INSERT explicit column]{DIRECT_OR_COMPUTED} ; database/002_runtime_runs_discussion.sql:L735@s2_submit_vote[INSERT explicit column]{DIRECT_OR_COMPUTED} ; database/003_sprint2_discussionroom_audit_fix.sql:L117@s2_open_discussion[INSERT explicit column]{DIRECT_OR_COMPUTED} ; database/003_sprint2_discussionroom_audit_fix.sql:L281@s2_submit_vote[INSERT explicit column]{DIRECT_OR_COMPUTED} ; database/004_sprint2_fallback_resolution_semantics.sql:L134@s2_submit_vote[INSERT explicit column]{DIRECT_OR_COMPUTED} ; database/007_sprint3b_act1_5_placeholder_flow.sql:L140@s3b_leave_start_room[INSERT explicit column]{DIRECT_OR_COMPUTED} ; database/007_sprint3b_act1_5_placeholder_flow.sql:L249@s3b_submit_act4_choice[INSERT explicit column]{DIRECT_OR_COMPUTED} ; database/013_sprint3b_discussion_authority_and_request_identity.sql:L397@s2_submit_vote[INSERT explicit column]{DIRECT_OR_COMPUTED} ; database/028_sprint5_round_event_link.sql:L27@TOP_LEVEL[INSERT explicit column]{DIRECT_OR_COMPUTED} ; database/028_sprint5_round_event_link.sql:L5@s5_mirror_round_for_audit[INSERT explicit column]{DIRECT_OR_COMPUTED} ; database/029_sprint5_canonical_discussion_localization.sql:L20@s5_configure_discussion[INSERT explicit column]{DIRECT_OR_COMPUTED} ; database/029_sprint5_canonical_discussion_localization.sql:L35@s5_configure_discussion[UPDATE SET]{DIRECT_OR_COMPUTED} ; database/031_sprint5_focused_reaudit_corrections.sql:L9@s5_configure_discussion[UPDATE SET]{DIRECT_OR_COMPUTED} ; database/032_sprint5_discussion_creation_restore.sql:L11@s5_configure_discussion[UPDATE SET]{DIRECT_OR_COMPUTED} ; database/032_sprint5_discussion_creation_restore.sql:L9@s5_configure_discussion[INSERT explicit column]{DIRECT_OR_COMPUTED} ; database/035_sprint6_focused_audit_corrections.sql:L32@s6_open_discussion[INSERT explicit column]{DIRECT_OR_COMPUTED} ; database/054_level3_integrated_closure.sql:L55@teacher_apply_override[INSERT explicit column]{DIRECT_OR_COMPUTED} ; database/054_level3_integrated_closure.sql:L85@teacher_apply_override[INSERT explicit column]{DIRECT_OR_COMPUTED},42,database/002_runtime_runs_discussion.sql:L389@s2_refresh_discussion[SELECT * INTO row] ; database/002_runtime_runs_discussion.sql:L404@s2_refresh_discussion[qualified/rowtype field reference] ; database/002_runtime_runs_discussion.sql:L462@s2_open_vote[SELECT * INTO row] ; database/002_runtime_runs_discussion.sql:L478@s2_open_vote[qualified/rowtype field reference] ; database/002_runtime_runs_discussion.sql:L519@s2_add_time[SELECT * INTO row] ; database/002_runtime_runs_discussion.sql:L568@s2_send_message[SELECT * INTO row] ; database/002_runtime_runs_discussion.sql:L576@s2_send_message[SELECT * INTO row] ; database/002_runtime_runs_discussion.sql:L633@s2_submit_vote[SELECT * INTO row] ; database/002_runtime_runs_discussion.sql:L642@s2_submit_vote[SELECT * INTO row] ; database/002_runtime_runs_discussion.sql:L749@s2_submit_vote[qualified/rowtype field reference] ; database/002_runtime_runs_discussion.sql:L827@s2_get_player_state[SELECT * INTO row] ; database/002_runtime_runs_discussion.sql:L835@s2_get_player_state[SELECT * INTO row] ; database/002_runtime_runs_discussion.sql:L980@s2_get_teacher_state[SELECT * INTO row] ; database/002_runtime_runs_discussion.sql:L988@s2_get_teacher_state[SELECT * INTO row] ; database/003_sprint2_discussionroom_audit_fix.sql:L179@s2_submit_vote[SELECT * INTO row] ; database/003_sprint2_discussionroom_audit_fix.sql:L188@s2_submit_vote[SELECT * INTO row] ; database/003_sprint2_discussionroom_audit_fix.sql:L295@s2_submit_vote[qualified/rowtype field reference] ; database/003_sprint2_discussionroom_audit_fix.sql:L373@s2_get_player_state[SELECT * INTO row] ; database/003_sprint2_discussionroom_audit_fix.sql:L381@s2_get_player_state[SELECT * INTO row] ; database/003_sprint2_discussionroom_audit_fix.sql:L528@s2_get_teacher_state[SELECT * INTO row] ; database/003_sprint2_discussionroom_audit_fix.sql:L536@s2_get_teacher_state[SELECT * INTO row] ; database/004_sprint2_fallback_resolution_semantics.sql:L148@s2_submit_vote[qualified/rowtype field reference] ; database/004_sprint2_fallback_resolution_semantics.sql:L32@s2_submit_vote[SELECT * INTO row] ; database/004_sprint2_fallback_resolution_semantics.sql:L41@s2_submit_vote[SELECT * INTO row] ; database/013_sprint3b_discussion_authority_and_request_identity.sql:L214@s2_send_message[SELECT * INTO row] ; database/013_sprint3b_discussion_authority_and_request_identity.sql:L237@s2_send_message[SELECT * INTO row] ; database/013_sprint3b_discussion_authority_and_request_identity.sql:L295@s2_submit_vote[SELECT * INTO row] ; database/013_sprint3b_discussion_authority_and_request_identity.sql:L305@s2_submit_vote[SELECT * INTO row] ; database/013_sprint3b_discussion_authority_and_request_identity.sql:L410@s2_submit_vote[qualified/rowtype field reference] ; database/013_sprint3b_discussion_authority_and_request_identity.sql:L94@s3b_apply_resolved_discussion_internal[SELECT * INTO row] ; database/014a_sprint3b_inspect_reconnect_idempotency_fix.sql:L20@s3b_apply_resolved_discussion_internal[SELECT * INTO row] ; database/029_sprint5_canonical_discussion_localization.sql:L54@s5_submit_vote[SELECT * INTO row] ; database/029_sprint5_canonical_discussion_localization.sql:L85@s5_get_player_state[to_jsonb(row) exposes field] ; database/029_sprint5_canonical_discussion_localization.sql:L89@s5_get_discussion_state[SELECT * INTO row] ; database/037_level3_independent_audit_closure.sql:L146@s6_refresh_owned_discussion[SELECT * INTO row] ; database/037_level3_independent_audit_closure.sql:L159@s2_refresh_discussion[SELECT * INTO row] ; database/040_level2_closure_verification_support.sql:L14@s6_verify_expire_discussion[SELECT * INTO row] ; database/041_level2_normal_s5_verification_support.sql:L14@s5_verify_expire_discussion[SELECT * INTO row] ; database/043_sprint7_teacher_console.sql:L40@s7_get_teacher_console[SELECT * INTO row] ; database/044_sprint7_focused_level1_corrections.sql:L29@s7_get_teacher_console[SELECT * INTO row] ; database/054_level3_integrated_closure.sql:L59@teacher_apply_override[SELECT * INTO row] ; database/054_level3_integrated_closure.sql:L91@teacher_apply_override[SELECT * INTO row],0,,0,,0,
F0098,discussion_sessions#26,discussion_sessions,silent_texting_mode,26,2,NO,18,database/002_runtime_runs_discussion.sql:L342@s2_open_discussion[INSERT explicit column]{DIRECT_OR_COMPUTED} ; database/002_runtime_runs_discussion.sql:L735@s2_submit_vote[INSERT explicit column]{DIRECT_OR_COMPUTED} ; database/003_sprint2_discussionroom_audit_fix.sql:L117@s2_open_discussion[INSERT explicit column]{DIRECT_OR_COMPUTED} ; database/003_sprint2_discussionroom_audit_fix.sql:L281@s2_submit_vote[INSERT explicit column]{DIRECT_OR_COMPUTED} ; database/004_sprint2_fallback_resolution_semantics.sql:L134@s2_submit_vote[INSERT explicit column]{DIRECT_OR_COMPUTED} ; database/007_sprint3b_act1_5_placeholder_flow.sql:L140@s3b_leave_start_room[INSERT explicit column]{DIRECT_OR_COMPUTED} ; database/007_sprint3b_act1_5_placeholder_flow.sql:L249@s3b_submit_act4_choice[INSERT explicit column]{DIRECT_OR_COMPUTED} ; database/013_sprint3b_discussion_authority_and_request_identity.sql:L397@s2_submit_vote[INSERT explicit column]{DIRECT_OR_COMPUTED} ; database/028_sprint5_round_event_link.sql:L27@TOP_LEVEL[INSERT explicit column]{DIRECT_OR_COMPUTED} ; database/028_sprint5_round_event_link.sql:L5@s5_mirror_round_for_audit[INSERT explicit column]{DIRECT_OR_COMPUTED} ; database/029_sprint5_canonical_discussion_localization.sql:L20@s5_configure_discussion[INSERT explicit column]{DIRECT_OR_COMPUTED} ; database/029_sprint5_canonical_discussion_localization.sql:L35@s5_configure_discussion[UPDATE SET]{DIRECT_OR_COMPUTED} ; database/031_sprint5_focused_reaudit_corrections.sql:L9@s5_configure_discussion[UPDATE SET]{DIRECT_OR_COMPUTED} ; database/032_sprint5_discussion_creation_restore.sql:L11@s5_configure_discussion[UPDATE SET]{DIRECT_OR_COMPUTED} ; database/032_sprint5_discussion_creation_restore.sql:L9@s5_configure_discussion[INSERT explicit column]{DIRECT_OR_COMPUTED} ; database/035_sprint6_focused_audit_corrections.sql:L32@s6_open_discussion[INSERT explicit column]{DIRECT_OR_COMPUTED} ; database/054_level3_integrated_closure.sql:L55@teacher_apply_override[INSERT explicit column]{DIRECT_OR_COMPUTED} ; database/054_level3_integrated_closure.sql:L85@teacher_apply_override[INSERT explicit column]{DIRECT_OR_COMPUTED},49,database/002_runtime_runs_discussion.sql:L1060@s2_get_teacher_state[qualified/rowtype field reference] ; database/002_runtime_runs_discussion.sql:L360@s2_open_discussion[qualified/rowtype field reference] ; database/002_runtime_runs_discussion.sql:L389@s2_refresh_discussion[SELECT * INTO row] ; database/002_runtime_runs_discussion.sql:L462@s2_open_vote[SELECT * INTO row] ; database/002_runtime_runs_discussion.sql:L519@s2_add_time[SELECT * INTO row] ; database/002_runtime_runs_discussion.sql:L568@s2_send_message[SELECT * INTO row] ; database/002_runtime_runs_discussion.sql:L576@s2_send_message[SELECT * INTO row] ; database/002_runtime_runs_discussion.sql:L633@s2_submit_vote[SELECT * INTO row] ; database/002_runtime_runs_discussion.sql:L642@s2_submit_vote[SELECT * INTO row] ; database/002_runtime_runs_discussion.sql:L750@s2_submit_vote[qualified/rowtype field reference] ; database/002_runtime_runs_discussion.sql:L827@s2_get_player_state[SELECT * INTO row] ; database/002_runtime_runs_discussion.sql:L835@s2_get_player_state[SELECT * INTO row] ; database/002_runtime_runs_discussion.sql:L946@s2_get_player_state[qualified/rowtype field reference] ; database/002_runtime_runs_discussion.sql:L980@s2_get_teacher_state[SELECT * INTO row] ; database/002_runtime_runs_discussion.sql:L988@s2_get_teacher_state[SELECT * INTO row] ; database/003_sprint2_discussionroom_audit_fix.sql:L135@s2_open_discussion[qualified/rowtype field reference] ; database/003_sprint2_discussionroom_audit_fix.sql:L179@s2_submit_vote[SELECT * INTO row] ; database/003_sprint2_discussionroom_audit_fix.sql:L188@s2_submit_vote[SELECT * INTO row] ; database/003_sprint2_discussionroom_audit_fix.sql:L296@s2_submit_vote[qualified/rowtype field reference] ; database/003_sprint2_discussionroom_audit_fix.sql:L373@s2_get_player_state[SELECT * INTO row] ; database/003_sprint2_discussionroom_audit_fix.sql:L381@s2_get_player_state[SELECT * INTO row] ; database/003_sprint2_discussionroom_audit_fix.sql:L493@s2_get_player_state[qualified/rowtype field reference] ; database/003_sprint2_discussionroom_audit_fix.sql:L528@s2_get_teacher_state[SELECT * INTO row] ; database/003_sprint2_discussionroom_audit_fix.sql:L536@s2_get_teacher_state[SELECT * INTO row] ; database/003_sprint2_discussionroom_audit_fix.sql:L622@s2_get_teacher_state[qualified/rowtype field reference] ; database/004_sprint2_fallback_resolution_semantics.sql:L149@s2_submit_vote[qualified/rowtype field reference] ; database/004_sprint2_fallback_resolution_semantics.sql:L32@s2_submit_vote[SELECT * INTO row] ; database/004_sprint2_fallback_resolution_semantics.sql:L41@s2_submit_vote[SELECT * INTO row] ; database/013_sprint3b_discussion_authority_and_request_identity.sql:L214@s2_send_message[SELECT * INTO row] ; database/013_sprint3b_discussion_authority_and_request_identity.sql:L237@s2_send_message[SELECT * INTO row] ; database/013_sprint3b_discussion_authority_and_request_identity.sql:L295@s2_submit_vote[SELECT * INTO row] ; database/013_sprint3b_discussion_authority_and_request_identity.sql:L305@s2_submit_vote[SELECT * INTO row] ; database/013_sprint3b_discussion_authority_and_request_identity.sql:L411@s2_submit_vote[qualified/rowtype field reference] ; database/013_sprint3b_discussion_authority_and_request_identity.sql:L94@s3b_apply_resolved_discussion_internal[SELECT * INTO row] ; database/014a_sprint3b_inspect_reconnect_idempotency_fix.sql:L20@s3b_apply_resolved_discussion_internal[SELECT * INTO row] ; database/029_sprint5_canonical_discussion_localization.sql:L54@s5_submit_vote[SELECT * INTO row] ; database/029_sprint5_canonical_discussion_localization.sql:L85@s5_get_player_state[to_jsonb(row) exposes field] ; database/029_sprint5_canonical_discussion_localization.sql:L89@s5_get_discussion_state[SELECT * INTO row] ; database/035_sprint6_focused_audit_corrections.sql:L72@s6_get_player_state[qualified/rowtype field reference] ; database/036_sprint6_four_open_findings.sql:L29@s6_get_player_state[qualified/rowtype field reference] ; database/037_level3_independent_audit_closure.sql:L146@s6_refresh_owned_discussion[SELECT * INTO row] ; database/037_level3_independent_audit_closure.sql:L159@s2_refresh_discussion[SELECT * INTO row] ; database/037_level3_independent_audit_closure.sql:L179@s6_get_player_state[qualified/rowtype field reference] ; database/040_level2_closure_verification_support.sql:L14@s6_verify_expire_discussion[SELECT * INTO row] ; database/041_level2_normal_s5_verification_support.sql:L14@s5_verify_expire_discussion[SELECT * INTO row] ; database/043_sprint7_teacher_console.sql:L40@s7_get_teacher_console[SELECT * INTO row] ; database/044_sprint7_focused_level1_corrections.sql:L29@s7_get_teacher_console[SELECT * INTO row] ; database/054_level3_integrated_closure.sql:L59@teacher_apply_override[SELECT * INTO row] ; database/054_level3_integrated_closure.sql:L91@teacher_apply_override[SELECT * INTO row],0,,0,,0,
F0099,discussion_sessions#27,discussion_sessions,allow_pocket,27,1,YES,3,database/029_sprint5_canonical_discussion_localization.sql:L32@s5_configure_discussion[UPDATE SET]{DIRECT_OR_COMPUTED} ; database/031_sprint5_focused_reaudit_corrections.sql:L9@s5_configure_discussion[UPDATE SET]{DIRECT_OR_COMPUTED} ; database/032_sprint5_discussion_creation_restore.sql:L11@s5_configure_discussion[UPDATE SET]{DIRECT_OR_COMPUTED},36,database/002_runtime_runs_discussion.sql:L389@s2_refresh_discussion[SELECT * INTO row] ; database/002_runtime_runs_discussion.sql:L462@s2_open_vote[SELECT * INTO row] ; database/002_runtime_runs_discussion.sql:L519@s2_add_time[SELECT * INTO row] ; database/002_runtime_runs_discussion.sql:L568@s2_send_message[SELECT * INTO row] ; database/002_runtime_runs_discussion.sql:L576@s2_send_message[SELECT * INTO row] ; database/002_runtime_runs_discussion.sql:L633@s2_submit_vote[SELECT * INTO row] ; database/002_runtime_runs_discussion.sql:L642@s2_submit_vote[SELECT * INTO row] ; database/002_runtime_runs_discussion.sql:L827@s2_get_player_state[SELECT * INTO row] ; database/002_runtime_runs_discussion.sql:L835@s2_get_player_state[SELECT * INTO row] ; database/002_runtime_runs_discussion.sql:L980@s2_get_teacher_state[SELECT * INTO row] ; database/002_runtime_runs_discussion.sql:L988@s2_get_teacher_state[SELECT * INTO row] ; database/003_sprint2_discussionroom_audit_fix.sql:L179@s2_submit_vote[SELECT * INTO row] ; database/003_sprint2_discussionroom_audit_fix.sql:L188@s2_submit_vote[SELECT * INTO row] ; database/003_sprint2_discussionroom_audit_fix.sql:L373@s2_get_player_state[SELECT * INTO row] ; database/003_sprint2_discussionroom_audit_fix.sql:L381@s2_get_player_state[SELECT * INTO row] ; database/003_sprint2_discussionroom_audit_fix.sql:L528@s2_get_teacher_state[SELECT * INTO row] ; database/003_sprint2_discussionroom_audit_fix.sql:L536@s2_get_teacher_state[SELECT * INTO row] ; database/004_sprint2_fallback_resolution_semantics.sql:L32@s2_submit_vote[SELECT * INTO row] ; database/004_sprint2_fallback_resolution_semantics.sql:L41@s2_submit_vote[SELECT * INTO row] ; database/013_sprint3b_discussion_authority_and_request_identity.sql:L214@s2_send_message[SELECT * INTO row] ; database/013_sprint3b_discussion_authority_and_request_identity.sql:L237@s2_send_message[SELECT * INTO row] ; database/013_sprint3b_discussion_authority_and_request_identity.sql:L295@s2_submit_vote[SELECT * INTO row] ; database/013_sprint3b_discussion_authority_and_request_identity.sql:L305@s2_submit_vote[SELECT * INTO row] ; database/013_sprint3b_discussion_authority_and_request_identity.sql:L94@s3b_apply_resolved_discussion_internal[SELECT * INTO row] ; database/014a_sprint3b_inspect_reconnect_idempotency_fix.sql:L20@s3b_apply_resolved_discussion_internal[SELECT * INTO row] ; database/029_sprint5_canonical_discussion_localization.sql:L54@s5_submit_vote[SELECT * INTO row] ; database/029_sprint5_canonical_discussion_localization.sql:L85@s5_get_player_state[to_jsonb(row) exposes field] ; database/029_sprint5_canonical_discussion_localization.sql:L89@s5_get_discussion_state[SELECT * INTO row] ; database/037_level3_independent_audit_closure.sql:L146@s6_refresh_owned_discussion[SELECT * INTO row] ; database/037_level3_independent_audit_closure.sql:L159@s2_refresh_discussion[SELECT * INTO row] ; database/040_level2_closure_verification_support.sql:L14@s6_verify_expire_discussion[SELECT * INTO row] ; database/041_level2_normal_s5_verification_support.sql:L14@s5_verify_expire_discussion[SELECT * INTO row] ; database/043_sprint7_teacher_console.sql:L40@s7_get_teacher_console[SELECT * INTO row] ; database/044_sprint7_focused_level1_corrections.sql:L29@s7_get_teacher_console[SELECT * INTO row] ; database/054_level3_integrated_closure.sql:L59@teacher_apply_override[SELECT * INTO row] ; database/054_level3_integrated_closure.sql:L91@teacher_apply_override[SELECT * INTO row],0,,0,,0,
F0100,discussion_sessions#28,discussion_sessions,allow_memories_observations,28,1,YES,3,database/029_sprint5_canonical_discussion_localization.sql:L32@s5_configure_discussion[UPDATE SET]{DIRECT_OR_COMPUTED} ; database/031_sprint5_focused_reaudit_corrections.sql:L9@s5_configure_discussion[UPDATE SET]{DIRECT_OR_COMPUTED} ; database/032_sprint5_discussion_creation_restore.sql:L11@s5_configure_discussion[UPDATE SET]{DIRECT_OR_COMPUTED},36,database/002_runtime_runs_discussion.sql:L389@s2_refresh_discussion[SELECT * INTO row] ; database/002_runtime_runs_discussion.sql:L462@s2_open_vote[SELECT * INTO row] ; database/002_runtime_runs_discussion.sql:L519@s2_add_time[SELECT * INTO row] ; database/002_runtime_runs_discussion.sql:L568@s2_send_message[SELECT * INTO row] ; database/002_runtime_runs_discussion.sql:L576@s2_send_message[SELECT * INTO row] ; database/002_runtime_runs_discussion.sql:L633@s2_submit_vote[SELECT * INTO row] ; database/002_runtime_runs_discussion.sql:L642@s2_submit_vote[SELECT * INTO row] ; database/002_runtime_runs_discussion.sql:L827@s2_get_player_state[SELECT * INTO row] ; database/002_runtime_runs_discussion.sql:L835@s2_get_player_state[SELECT * INTO row] ; database/002_runtime_runs_discussion.sql:L980@s2_get_teacher_state[SELECT * INTO row] ; database/002_runtime_runs_discussion.sql:L988@s2_get_teacher_state[SELECT * INTO row] ; database/003_sprint2_discussionroom_audit_fix.sql:L179@s2_submit_vote[SELECT * INTO row] ; database/003_sprint2_discussionroom_audit_fix.sql:L188@s2_submit_vote[SELECT * INTO row] ; database/003_sprint2_discussionroom_audit_fix.sql:L373@s2_get_player_state[SELECT * INTO row] ; database/003_sprint2_discussionroom_audit_fix.sql:L381@s2_get_player_state[SELECT * INTO row] ; database/003_sprint2_discussionroom_audit_fix.sql:L528@s2_get_teacher_state[SELECT * INTO row] ; database/003_sprint2_discussionroom_audit_fix.sql:L536@s2_get_teacher_state[SELECT * INTO row] ; database/004_sprint2_fallback_resolution_semantics.sql:L32@s2_submit_vote[SELECT * INTO row] ; database/004_sprint2_fallback_resolution_semantics.sql:L41@s2_submit_vote[SELECT * INTO row] ; database/013_sprint3b_discussion_authority_and_request_identity.sql:L214@s2_send_message[SELECT * INTO row] ; database/013_sprint3b_discussion_authority_and_request_identity.sql:L237@s2_send_message[SELECT * INTO row] ; database/013_sprint3b_discussion_authority_and_request_identity.sql:L295@s2_submit_vote[SELECT * INTO row] ; database/013_sprint3b_discussion_authority_and_request_identity.sql:L305@s2_submit_vote[SELECT * INTO row] ; database/013_sprint3b_discussion_authority_and_request_identity.sql:L94@s3b_apply_resolved_discussion_internal[SELECT * INTO row] ; database/014a_sprint3b_inspect_reconnect_idempotency_fix.sql:L20@s3b_apply_resolved_discussion_internal[SELECT * INTO row] ; database/029_sprint5_canonical_discussion_localization.sql:L54@s5_submit_vote[SELECT * INTO row] ; database/029_sprint5_canonical_discussion_localization.sql:L85@s5_get_player_state[to_jsonb(row) exposes field] ; database/029_sprint5_canonical_discussion_localization.sql:L89@s5_get_discussion_state[SELECT * INTO row] ; database/037_level3_independent_audit_closure.sql:L146@s6_refresh_owned_discussion[SELECT * INTO row] ; database/037_level3_independent_audit_closure.sql:L159@s2_refresh_discussion[SELECT * INTO row] ; database/040_level2_closure_verification_support.sql:L14@s6_verify_expire_discussion[SELECT * INTO row] ; database/041_level2_normal_s5_verification_support.sql:L14@s5_verify_expire_discussion[SELECT * INTO row] ; database/043_sprint7_teacher_console.sql:L40@s7_get_teacher_console[SELECT * INTO row] ; database/044_sprint7_focused_level1_corrections.sql:L29@s7_get_teacher_console[SELECT * INTO row] ; database/054_level3_integrated_closure.sql:L59@teacher_apply_override[SELECT * INTO row] ; database/054_level3_integrated_closure.sql:L91@teacher_apply_override[SELECT * INTO row],0,,0,,0,
F0101,discussion_sessions#29,discussion_sessions,allow_share_photo,29,2,NO,3,database/029_sprint5_canonical_discussion_localization.sql:L33@s5_configure_discussion[UPDATE SET]{DIRECT_OR_COMPUTED} ; database/031_sprint5_focused_reaudit_corrections.sql:L9@s5_configure_discussion[UPDATE SET]{DIRECT_OR_COMPUTED} ; database/032_sprint5_discussion_creation_restore.sql:L11@s5_configure_discussion[UPDATE SET]{DIRECT_OR_COMPUTED},36,database/002_runtime_runs_discussion.sql:L389@s2_refresh_discussion[SELECT * INTO row] ; database/002_runtime_runs_discussion.sql:L462@s2_open_vote[SELECT * INTO row] ; database/002_runtime_runs_discussion.sql:L519@s2_add_time[SELECT * INTO row] ; database/002_runtime_runs_discussion.sql:L568@s2_send_message[SELECT * INTO row] ; database/002_runtime_runs_discussion.sql:L576@s2_send_message[SELECT * INTO row] ; database/002_runtime_runs_discussion.sql:L633@s2_submit_vote[SELECT * INTO row] ; database/002_runtime_runs_discussion.sql:L642@s2_submit_vote[SELECT * INTO row] ; database/002_runtime_runs_discussion.sql:L827@s2_get_player_state[SELECT * INTO row] ; database/002_runtime_runs_discussion.sql:L835@s2_get_player_state[SELECT * INTO row] ; database/002_runtime_runs_discussion.sql:L980@s2_get_teacher_state[SELECT * INTO row] ; database/002_runtime_runs_discussion.sql:L988@s2_get_teacher_state[SELECT * INTO row] ; database/003_sprint2_discussionroom_audit_fix.sql:L179@s2_submit_vote[SELECT * INTO row] ; database/003_sprint2_discussionroom_audit_fix.sql:L188@s2_submit_vote[SELECT * INTO row] ; database/003_sprint2_discussionroom_audit_fix.sql:L373@s2_get_player_state[SELECT * INTO row] ; database/003_sprint2_discussionroom_audit_fix.sql:L381@s2_get_player_state[SELECT * INTO row] ; database/003_sprint2_discussionroom_audit_fix.sql:L528@s2_get_teacher_state[SELECT * INTO row] ; database/003_sprint2_discussionroom_audit_fix.sql:L536@s2_get_teacher_state[SELECT * INTO row] ; database/004_sprint2_fallback_resolution_semantics.sql:L32@s2_submit_vote[SELECT * INTO row] ; database/004_sprint2_fallback_resolution_semantics.sql:L41@s2_submit_vote[SELECT * INTO row] ; database/013_sprint3b_discussion_authority_and_request_identity.sql:L214@s2_send_message[SELECT * INTO row] ; database/013_sprint3b_discussion_authority_and_request_identity.sql:L237@s2_send_message[SELECT * INTO row] ; database/013_sprint3b_discussion_authority_and_request_identity.sql:L295@s2_submit_vote[SELECT * INTO row] ; database/013_sprint3b_discussion_authority_and_request_identity.sql:L305@s2_submit_vote[SELECT * INTO row] ; database/013_sprint3b_discussion_authority_and_request_identity.sql:L94@s3b_apply_resolved_discussion_internal[SELECT * INTO row] ; database/014a_sprint3b_inspect_reconnect_idempotency_fix.sql:L20@s3b_apply_resolved_discussion_internal[SELECT * INTO row] ; database/029_sprint5_canonical_discussion_localization.sql:L54@s5_submit_vote[SELECT * INTO row] ; database/029_sprint5_canonical_discussion_localization.sql:L85@s5_get_player_state[to_jsonb(row) exposes field] ; database/029_sprint5_canonical_discussion_localization.sql:L89@s5_get_discussion_state[SELECT * INTO row] ; database/037_level3_independent_audit_closure.sql:L146@s6_refresh_owned_discussion[SELECT * INTO row] ; database/037_level3_independent_audit_closure.sql:L159@s2_refresh_discussion[SELECT * INTO row] ; database/040_level2_closure_verification_support.sql:L14@s6_verify_expire_discussion[SELECT * INTO row] ; database/041_level2_normal_s5_verification_support.sql:L14@s5_verify_expire_discussion[SELECT * INTO row] ; database/043_sprint7_teacher_console.sql:L40@s7_get_teacher_console[SELECT * INTO row] ; database/044_sprint7_focused_level1_corrections.sql:L29@s7_get_teacher_console[SELECT * INTO row] ; database/054_level3_integrated_closure.sql:L59@teacher_apply_override[SELECT * INTO row] ; database/054_level3_integrated_closure.sql:L91@teacher_apply_override[SELECT * INTO row],0,,0,,0,
F0102,game_runs#01,game_runs,run_id,1,36,NO,0,,835,database/002_runtime_runs_discussion.sql:L1002@s2_get_teacher_state[qualified/rowtype field reference] ; database/002_runtime_runs_discussion.sql:L1038@s2_get_teacher_state[qualified/rowtype field reference] ; database/002_runtime_runs_discussion.sql:L1043@s2_get_teacher_state[qualified/rowtype field reference] ; database/002_runtime_runs_discussion.sql:L113@s2_protect_run_identity[OLD.field trigger reference] ; database/002_runtime_runs_discussion.sql:L213@s2_start_run[qualified/rowtype field reference] ; database/002_runtime_runs_discussion.sql:L221@s2_start_run[qualified/rowtype field reference] ; database/002_runtime_runs_discussion.sql:L262@s2_open_discussion[SELECT * INTO row] ; database/002_runtime_runs_discussion.sql:L273@s2_open_discussion[qualified/rowtype field reference] ; database/002_runtime_runs_discussion.sql:L340@s2_open_discussion[qualified/rowtype field reference] ; database/002_runtime_runs_discussion.sql:L349@s2_open_discussion[qualified/rowtype field reference] ; database/002_runtime_runs_discussion.sql:L361@s2_open_discussion[qualified/rowtype field reference] ; database/002_runtime_runs_discussion.sql:L364@s2_open_discussion[qualified/rowtype field reference] ; database/002_runtime_runs_discussion.sql:L398@s2_refresh_discussion[SELECT * INTO row] ; database/002_runtime_runs_discussion.sql:L408@s2_refresh_discussion[qualified/rowtype field reference] ; database/002_runtime_runs_discussion.sql:L419@s2_refresh_discussion[qualified/rowtype field reference] ; database/002_runtime_runs_discussion.sql:L435@s2_refresh_discussion[qualified/rowtype field reference] ; database/002_runtime_runs_discussion.sql:L460@s2_open_vote[qualified/rowtype field reference] ; database/002_runtime_runs_discussion.sql:L464@s2_open_vote[qualified/rowtype field reference] ; database/002_runtime_runs_discussion.sql:L483@s2_open_vote[qualified/rowtype field reference] ; database/002_runtime_runs_discussion.sql:L517@s2_add_time[qualified/rowtype field reference] ; database/002_runtime_runs_discussion.sql:L521@s2_add_time[qualified/rowtype field reference] ; database/002_runtime_runs_discussion.sql:L538@s2_add_time[qualified/rowtype field reference] ; database/002_runtime_runs_discussion.sql:L566@s2_send_message[qualified/rowtype field reference] ; database/002_runtime_runs_discussion.sql:L570@s2_send_message[qualified/rowtype field reference] ; database/002_runtime_runs_discussion.sql:L590@s2_send_message[qualified/rowtype field reference] ; database/002_runtime_runs_discussion.sql:L595@s2_send_message[qualified/rowtype field reference] ; database/002_runtime_runs_discussion.sql:L631@s2_submit_vote[qualified/rowtype field reference] ; database/002_runtime_runs_discussion.sql:L635@s2_submit_vote[qualified/rowtype field reference] ; database/002_runtime_runs_discussion.sql:L660@s2_submit_vote[qualified/rowtype field reference] ; database/002_runtime_runs_discussion.sql:L666@s2_submit_vote[qualified/rowtype field reference] ; database/002_runtime_runs_discussion.sql:L701@s2_submit_vote[qualified/rowtype field reference] ; database/002_runtime_runs_discussion.sql:L723@s2_submit_vote[qualified/rowtype field reference] ; database/002_runtime_runs_discussion.sql:L754@s2_submit_vote[qualified/rowtype field reference] ; database/002_runtime_runs_discussion.sql:L779@s2_submit_vote[qualified/rowtype field reference] ; database/002_runtime_runs_discussion.sql:L823@s2_get_player_state[qualified/rowtype field reference] ; database/002_runtime_runs_discussion.sql:L829@s2_get_player_state[qualified/rowtype field reference] ; database/002_runtime_runs_discussion.sql:L849@s2_get_player_state[qualified/rowtype field reference] ; database/002_runtime_runs_discussion.sql:L918@s2_get_player_state[qualified/rowtype field reference] ; database/002_runtime_runs_discussion.sql:L924@s2_get_player_state[qualified/rowtype field reference] ; database/002_runtime_runs_discussion.sql:L978@s2_get_teacher_state[qualified/rowtype field reference] ; database/002_runtime_runs_discussion.sql:L982@s2_get_teacher_state[qualified/rowtype field reference] ; database/003_sprint2_discussionroom_audit_fix.sql:L115@s2_open_discussion[qualified/rowtype field reference] ; database/003_sprint2_discussionroom_audit_fix.sql:L124@s2_open_discussion[qualified/rowtype field reference] ; database/003_sprint2_discussionroom_audit_fix.sql:L136@s2_open_discussion[qualified/rowtype field reference] ; database/003_sprint2_discussionroom_audit_fix.sql:L139@s2_open_discussion[qualified/rowtype field reference] ; database/003_sprint2_discussionroom_audit_fix.sql:L177@s2_submit_vote[qualified/rowtype field reference] ; database/003_sprint2_discussionroom_audit_fix.sql:L181@s2_submit_vote[qualified/rowtype field reference] ; database/003_sprint2_discussionroom_audit_fix.sql:L206@s2_submit_vote[qualified/rowtype field reference] ; database/003_sprint2_discussionroom_audit_fix.sql:L212@s2_submit_vote[qualified/rowtype field reference] ; database/003_sprint2_discussionroom_audit_fix.sql:L247@s2_submit_vote[qualified/rowtype field reference] ; database/003_sprint2_discussionroom_audit_fix.sql:L269@s2_submit_vote[qualified/rowtype field reference] ; database/003_sprint2_discussionroom_audit_fix.sql:L300@s2_submit_vote[qualified/rowtype field reference] ; database/003_sprint2_discussionroom_audit_fix.sql:L325@s2_submit_vote[qualified/rowtype field reference] ; database/003_sprint2_discussionroom_audit_fix.sql:L369@s2_get_player_state[qualified/rowtype field reference] ; database/003_sprint2_discussionroom_audit_fix.sql:L375@s2_get_player_state[qualified/rowtype field reference] ; database/003_sprint2_discussionroom_audit_fix.sql:L395@s2_get_player_state[qualified/rowtype field reference] ; database/003_sprint2_discussionroom_audit_fix.sql:L45@s2_open_discussion[SELECT * INTO row] ; database/003_sprint2_discussionroom_audit_fix.sql:L465@s2_get_player_state[qualified/rowtype field reference] ; database/003_sprint2_discussionroom_audit_fix.sql:L471@s2_get_player_state[qualified/rowtype field reference] ; database/003_sprint2_discussionroom_audit_fix.sql:L526@s2_get_teacher_state[qualified/rowtype field reference] ; database/003_sprint2_discussionroom_audit_fix.sql:L530@s2_get_teacher_state[qualified/rowtype field reference] ; database/003_sprint2_discussionroom_audit_fix.sql:L550@s2_get_teacher_state[qualified/rowtype field reference] ; database/003_sprint2_discussionroom_audit_fix.sql:L56@s2_open_discussion[qualified/rowtype field reference] ; database/003_sprint2_discussionroom_audit_fix.sql:L589@s2_get_teacher_state[qualified/rowtype field reference] ; database/003_sprint2_discussionroom_audit_fix.sql:L600@s2_get_teacher_state[qualified/rowtype field reference] ; database/003_sprint2_discussionroom_audit_fix.sql:L605@s2_get_teacher_state[qualified/rowtype field reference] ; database/004_sprint2_fallback_resolution_semantics.sql:L100@s2_submit_vote[qualified/rowtype field reference] ; database/004_sprint2_fallback_resolution_semantics.sql:L122@s2_submit_vote[qualified/rowtype field reference] ; database/004_sprint2_fallback_resolution_semantics.sql:L153@s2_submit_vote[qualified/rowtype field reference] ; database/004_sprint2_fallback_resolution_semantics.sql:L180@s2_submit_vote[qualified/rowtype field reference] ; database/004_sprint2_fallback_resolution_semantics.sql:L30@s2_submit_vote[qualified/rowtype field reference] ; database/004_sprint2_fallback_resolution_semantics.sql:L34@s2_submit_vote[qualified/rowtype field reference] ; database/004_sprint2_fallback_resolution_semantics.sql:L59@s2_submit_vote[qualified/rowtype field reference] ; database/004_sprint2_fallback_resolution_semantics.sql:L65@s2_submit_vote[qualified/rowtype field reference] ; database/005_sprint3a_scene_pocket_knowledge_foundation.sql:L166@s3_initialize_audit_fixture[qualified/rowtype field reference] ; database/005_sprint3a_scene_pocket_knowledge_foundation.sql:L174@s3_initialize_audit_fixture[qualified/rowtype field reference] ; database/005_sprint3a_scene_pocket_knowledge_foundation.sql:L180@s3_initialize_audit_fixture[qualified/rowtype field reference] ; database/005_sprint3a_scene_pocket_knowledge_foundation.sql:L182@s3_initialize_audit_fixture[qualified/rowtype field reference] ; database/005_sprint3a_scene_pocket_knowledge_foundation.sql:L183@s3_initialize_audit_fixture[qualified/rowtype field reference] ; database/005_sprint3a_scene_pocket_knowledge_foundation.sql:L184@s3_initialize_audit_fixture[qualified/rowtype field reference] ; database/005_sprint3a_scene_pocket_knowledge_foundation.sql:L185@s3_initialize_audit_fixture[qualified/rowtype field reference] ; database/005_sprint3a_scene_pocket_knowledge_foundation.sql:L186@s3_initialize_audit_fixture[qualified/rowtype field reference] ; database/005_sprint3a_scene_pocket_knowledge_foundation.sql:L188@s3_initialize_audit_fixture[qualified/rowtype field reference] ; database/005_sprint3a_scene_pocket_knowledge_foundation.sql:L207@s3_share_photo[qualified/rowtype field reference] ; database/005_sprint3a_scene_pocket_knowledge_foundation.sql:L208@s3_share_photo[qualified/rowtype field reference] ; database/005_sprint3a_scene_pocket_knowledge_foundation.sql:L218@s3_share_photo[qualified/rowtype field reference] ; database/005_sprint3a_scene_pocket_knowledge_foundation.sql:L221@s3_share_photo[qualified/rowtype field reference] ; database/005_sprint3a_scene_pocket_knowledge_foundation.sql:L232@s3_get_player_state[qualified/rowtype field reference] ; database/005_sprint3a_scene_pocket_knowledge_foundation.sql:L233@s3_get_player_state[qualified/rowtype field reference] ; database/005_sprint3a_scene_pocket_knowledge_foundation.sql:L234@s3_get_player_state[qualified/rowtype field reference] ; database/005_sprint3a_scene_pocket_knowledge_foundation.sql:L235@s3_get_player_state[qualified/rowtype field reference] ; database/005_sprint3a_scene_pocket_knowledge_foundation.sql:L236@s3_get_player_state[qualified/rowtype field reference] ; database/005_sprint3a_scene_pocket_knowledge_foundation.sql:L237@s3_get_player_state[qualified/rowtype field reference] ; database/005_sprint3a_scene_pocket_knowledge_foundation.sql:L238@s3_get_player_state[qualified/rowtype field reference] ; database/005_sprint3a_scene_pocket_knowledge_foundation.sql:L239@s3_get_player_state[qualified/rowtype field reference] ; database/005_sprint3a_scene_pocket_knowledge_foundation.sql:L247@s3_get_teacher_state[qualified/rowtype field reference] ; database/005_sprint3a_scene_pocket_knowledge_foundation.sql:L248@s3_get_teacher_state[qualified/rowtype field reference] ; database/005_sprint3a_scene_pocket_knowledge_foundation.sql:L249@s3_get_teacher_state[qualified/rowtype field reference] ; database/005_sprint3a_scene_pocket_knowledge_foundation.sql:L251@s3_get_teacher_state[qualified/rowtype field reference] ; database/005_sprint3a_scene_pocket_knowledge_foundation.sql:L252@s3_get_teacher_state[qualified/rowtype field reference] ; database/005_sprint3a_scene_pocket_knowledge_foundation.sql:L253@s3_get_teacher_state[qualified/rowtype field reference] ; database/005_sprint3a_scene_pocket_knowledge_foundation.sql:L254@s3_get_teacher_state[qualified/rowtype field reference] ; database/005_sprint3a_scene_pocket_knowledge_foundation.sql:L255@s3_get_teacher_state[qualified/rowtype field reference] ; database/006_sprint3a_provenance_view_integrity_fix.sql:L105@s3_initialize_audit_fixture[qualified/rowtype field reference] ; database/006_sprint3a_provenance_view_integrity_fix.sql:L109@s3_initialize_audit_fixture[qualified/rowtype field reference] ; database/006_sprint3a_provenance_view_integrity_fix.sql:L110@s3_initialize_audit_fixture[qualified/rowtype field reference] ; database/006_sprint3a_provenance_view_integrity_fix.sql:L111@s3_initialize_audit_fixture[qualified/rowtype field reference] ; database/006_sprint3a_provenance_view_integrity_fix.sql:L112@s3_initialize_audit_fixture[qualified/rowtype field reference] ; database/006_sprint3a_provenance_view_integrity_fix.sql:L113@s3_initialize_audit_fixture[qualified/rowtype field reference] ; database/006_sprint3a_provenance_view_integrity_fix.sql:L114@s3_initialize_audit_fixture[qualified/rowtype field reference] ; database/006_sprint3a_provenance_view_integrity_fix.sql:L115@s3_initialize_audit_fixture[qualified/rowtype field reference] ; database/006_sprint3a_provenance_view_integrity_fix.sql:L116@s3_initialize_audit_fixture[qualified/rowtype field reference] ; database/006_sprint3a_provenance_view_integrity_fix.sql:L127@s3_audit_provenance_probe[qualified/rowtype field reference] ; database/006_sprint3a_provenance_view_integrity_fix.sql:L128@s3_audit_provenance_probe[qualified/rowtype field reference] ; database/006_sprint3a_provenance_view_integrity_fix.sql:L129@s3_audit_provenance_probe[qualified/rowtype field reference] ; database/006_sprint3a_provenance_view_integrity_fix.sql:L130@s3_audit_provenance_probe[qualified/rowtype field reference] ; database/006_sprint3a_provenance_view_integrity_fix.sql:L131@s3_audit_provenance_probe[qualified/rowtype field reference] ; database/006_sprint3a_provenance_view_integrity_fix.sql:L141@s3_get_player_state[qualified/rowtype field reference] ; database/006_sprint3a_provenance_view_integrity_fix.sql:L142@s3_get_player_state[qualified/rowtype field reference] ; database/006_sprint3a_provenance_view_integrity_fix.sql:L143@s3_get_player_state[qualified/rowtype field reference] ; database/006_sprint3a_provenance_view_integrity_fix.sql:L144@s3_get_player_state[qualified/rowtype field reference] ; database/006_sprint3a_provenance_view_integrity_fix.sql:L145@s3_get_player_state[qualified/rowtype field reference] ; database/006_sprint3a_provenance_view_integrity_fix.sql:L146@s3_get_player_state[qualified/rowtype field reference] ; database/006_sprint3a_provenance_view_integrity_fix.sql:L147@s3_get_player_state[qualified/rowtype field reference] ; database/006_sprint3a_provenance_view_integrity_fix.sql:L148@s3_get_player_state[qualified/rowtype field reference] ; database/006_sprint3a_provenance_view_integrity_fix.sql:L68@s3_set_item_view[qualified/rowtype field reference] ; database/006_sprint3a_provenance_view_integrity_fix.sql:L69@s3_set_item_view[qualified/rowtype field reference] ; database/006_sprint3a_provenance_view_integrity_fix.sql:L71@s3_set_item_view[qualified/rowtype field reference] ; database/006_sprint3a_provenance_view_integrity_fix.sql:L75@s3_set_item_view[qualified/rowtype field reference] ; database/006_sprint3a_provenance_view_integrity_fix.sql:L85@s3_share_photo[qualified/rowtype field reference] ; database/006_sprint3a_provenance_view_integrity_fix.sql:L86@s3_share_photo[qualified/rowtype field reference] ; database/006_sprint3a_provenance_view_integrity_fix.sql:L87@s3_share_photo[qualified/rowtype field reference] ; database/006_sprint3a_provenance_view_integrity_fix.sql:L95@s3_share_photo[qualified/rowtype field reference] ; database/007_sprint3b_act1_5_placeholder_flow.sql:L108@s3b_submit_first_meeting[qualified/rowtype field reference] ; database/007_sprint3b_act1_5_placeholder_flow.sql:L110@s3b_submit_first_meeting[qualified/rowtype field reference] ; database/007_sprint3b_act1_5_placeholder_flow.sql:L120@s3b_grab[qualified/rowtype field reference] ; database/007_sprint3b_act1_5_placeholder_flow.sql:L122@s3b_grab[qualified/rowtype field reference] ; database/007_sprint3b_act1_5_placeholder_flow.sql:L123@s3b_grab[qualified/rowtype field reference] ; database/007_sprint3b_act1_5_placeholder_flow.sql:L125@s3b_grab[qualified/rowtype field reference] ; database/007_sprint3b_act1_5_placeholder_flow.sql:L135@s3b_leave_start_room[qualified/rowtype field reference] ; database/007_sprint3b_act1_5_placeholder_flow.sql:L137@s3b_leave_start_room[qualified/rowtype field reference] ; database/007_sprint3b_act1_5_placeholder_flow.sql:L138@s3b_leave_start_room[qualified/rowtype field reference] ; database/007_sprint3b_act1_5_placeholder_flow.sql:L139@s3b_leave_start_room[qualified/rowtype field reference] ; database/007_sprint3b_act1_5_placeholder_flow.sql:L141@s3b_leave_start_room[qualified/rowtype field reference] ; database/007_sprint3b_act1_5_placeholder_flow.sql:L144@s3b_leave_start_room[qualified/rowtype field reference] ; database/007_sprint3b_act1_5_placeholder_flow.sql:L154@s3b_apply_meeting_resolution[qualified/rowtype field reference] ; database/007_sprint3b_act1_5_placeholder_flow.sql:L158@s3b_apply_meeting_resolution[qualified/rowtype field reference] ; database/007_sprint3b_act1_5_placeholder_flow.sql:L159@s3b_apply_meeting_resolution[qualified/rowtype field reference] ; database/007_sprint3b_act1_5_placeholder_flow.sql:L160@s3b_apply_meeting_resolution[qualified/rowtype field reference] ; database/007_sprint3b_act1_5_placeholder_flow.sql:L169@s3b_complete_foldback[qualified/rowtype field reference] ; database/007_sprint3b_act1_5_placeholder_flow.sql:L172@s3b_complete_foldback[qualified/rowtype field reference] ; database/007_sprint3b_act1_5_placeholder_flow.sql:L173@s3b_complete_foldback[qualified/rowtype field reference] ; database/007_sprint3b_act1_5_placeholder_flow.sql:L175@s3b_complete_foldback[qualified/rowtype field reference] ; database/007_sprint3b_act1_5_placeholder_flow.sql:L176@s3b_complete_foldback[qualified/rowtype field reference] ; database/007_sprint3b_act1_5_placeholder_flow.sql:L185@s3b_follow_sign[qualified/rowtype field reference] ; database/007_sprint3b_act1_5_placeholder_flow.sql:L186@s3b_follow_sign[qualified/rowtype field reference] ; database/007_sprint3b_act1_5_placeholder_flow.sql:L188@s3b_follow_sign[qualified/rowtype field reference] ; database/007_sprint3b_act1_5_placeholder_flow.sql:L189@s3b_follow_sign[qualified/rowtype field reference] ; database/007_sprint3b_act1_5_placeholder_flow.sql:L190@s3b_follow_sign[qualified/rowtype field reference] ; database/007_sprint3b_act1_5_placeholder_flow.sql:L207@s3b_audit_expire_puzzle[qualified/rowtype field reference] ; database/007_sprint3b_act1_5_placeholder_flow.sql:L208@s3b_audit_expire_puzzle[qualified/rowtype field reference] ; database/007_sprint3b_act1_5_placeholder_flow.sql:L209@s3b_audit_expire_puzzle[qualified/rowtype field reference] ; database/007_sprint3b_act1_5_placeholder_flow.sql:L216@s3b_submit_library_code[qualified/rowtype field reference] ; database/007_sprint3b_act1_5_placeholder_flow.sql:L217@s3b_submit_library_code[qualified/rowtype field reference] ; database/007_sprint3b_act1_5_placeholder_flow.sql:L222@s3b_submit_library_code[qualified/rowtype field reference] ; database/007_sprint3b_act1_5_placeholder_flow.sql:L223@s3b_submit_library_code[qualified/rowtype field reference] ; database/007_sprint3b_act1_5_placeholder_flow.sql:L225@s3b_submit_library_code[qualified/rowtype field reference] ; database/007_sprint3b_act1_5_placeholder_flow.sql:L226@s3b_submit_library_code[qualified/rowtype field reference] ; database/007_sprint3b_act1_5_placeholder_flow.sql:L228@s3b_submit_library_code[qualified/rowtype field reference] ; database/007_sprint3b_act1_5_placeholder_flow.sql:L239@s3b_submit_act4_choice[qualified/rowtype field reference] ; database/007_sprint3b_act1_5_placeholder_flow.sql:L240@s3b_submit_act4_choice[qualified/rowtype field reference] ; database/007_sprint3b_act1_5_placeholder_flow.sql:L242@s3b_submit_act4_choice[qualified/rowtype field reference] ; database/007_sprint3b_act1_5_placeholder_flow.sql:L244@s3b_submit_act4_choice[qualified/rowtype field reference] ; database/007_sprint3b_act1_5_placeholder_flow.sql:L245@s3b_submit_act4_choice[qualified/rowtype field reference] ; database/007_sprint3b_act1_5_placeholder_flow.sql:L248@s3b_submit_act4_choice[qualified/rowtype field reference] ; database/007_sprint3b_act1_5_placeholder_flow.sql:L250@s3b_submit_act4_choice[qualified/rowtype field reference] ; database/007_sprint3b_act1_5_placeholder_flow.sql:L254@s3b_submit_act4_choice[qualified/rowtype field reference] ; database/007_sprint3b_act1_5_placeholder_flow.sql:L265@s3b_apply_act5_resolution[qualified/rowtype field reference] ; database/007_sprint3b_act1_5_placeholder_flow.sql:L272@s3b_apply_act5_resolution[qualified/rowtype field reference] ; database/007_sprint3b_act1_5_placeholder_flow.sql:L273@s3b_apply_act5_resolution[qualified/rowtype field reference] ; database/007_sprint3b_act1_5_placeholder_flow.sql:L282@s3b_get_player_state[qualified/rowtype field reference] ; database/007_sprint3b_act1_5_placeholder_flow.sql:L283@s3b_get_player_state[qualified/rowtype field reference] ; database/007_sprint3b_act1_5_placeholder_flow.sql:L284@s3b_get_player_state[qualified/rowtype field reference] ; database/007_sprint3b_act1_5_placeholder_flow.sql:L285@s3b_get_player_state[qualified/rowtype field reference] ; database/007_sprint3b_act1_5_placeholder_flow.sql:L286@s3b_get_player_state[qualified/rowtype field reference] ; database/007_sprint3b_act1_5_placeholder_flow.sql:L287@s3b_get_player_state[qualified/rowtype field reference] ; database/007_sprint3b_act1_5_placeholder_flow.sql:L288@s3b_get_player_state[qualified/rowtype field reference] ; database/007_sprint3b_act1_5_placeholder_flow.sql:L289@s3b_get_player_state[qualified/rowtype field reference] ; database/007_sprint3b_act1_5_placeholder_flow.sql:L290@s3b_get_player_state[qualified/rowtype field reference] ; database/007_sprint3b_act1_5_placeholder_flow.sql:L76@s3b_initialize_flow[qualified/rowtype field reference] ; database/007_sprint3b_act1_5_placeholder_flow.sql:L77@s3b_initialize_flow[qualified/rowtype field reference] ; database/007_sprint3b_act1_5_placeholder_flow.sql:L79@s3b_initialize_flow[qualified/rowtype field reference] ; database/007_sprint3b_act1_5_placeholder_flow.sql:L80@s3b_initialize_flow[qualified/rowtype field reference] ; database/007_sprint3b_act1_5_placeholder_flow.sql:L81@s3b_initialize_flow[qualified/rowtype field reference] ; database/007_sprint3b_act1_5_placeholder_flow.sql:L82@s3b_initialize_flow[qualified/rowtype field reference] ; database/007_sprint3b_act1_5_placeholder_flow.sql:L95@s3b_submit_act1_choice[qualified/rowtype field reference] ; database/007_sprint3b_act1_5_placeholder_flow.sql:L97@s3b_submit_act1_choice[qualified/rowtype field reference] ; database/007_sprint3b_act1_5_placeholder_flow.sql:L98@s3b_submit_act1_choice[qualified/rowtype field reference] ; database/009_sprint3b_act1_consequence_integrity.sql:L76@s3b_get_my_facts[qualified/rowtype field reference] ; database/010_sprint3b_flow_integrity_and_inspect_fix.sql:L110@s3b_audit_set_puzzle_elapsed[qualified/rowtype field reference] ; database/010_sprint3b_flow_integrity_and_inspect_fix.sql:L111@s3b_audit_set_puzzle_elapsed[qualified/rowtype field reference] ; database/010_sprint3b_flow_integrity_and_inspect_fix.sql:L112@s3b_audit_set_puzzle_elapsed[qualified/rowtype field reference] ; database/010_sprint3b_flow_integrity_and_inspect_fix.sql:L120@s3b_apply_act5_resolution[qualified/rowtype field reference] ; database/010_sprint3b_flow_integrity_and_inspect_fix.sql:L122@s3b_apply_act5_resolution[qualified/rowtype field reference] ; database/010_sprint3b_flow_integrity_and_inspect_fix.sql:L126@s3b_apply_act5_resolution[qualified/rowtype field reference] ; database/010_sprint3b_flow_integrity_and_inspect_fix.sql:L127@s3b_apply_act5_resolution[qualified/rowtype field reference] ; database/010_sprint3b_flow_integrity_and_inspect_fix.sql:L131@s3b_apply_act5_resolution[qualified/rowtype field reference] ; database/010_sprint3b_flow_integrity_and_inspect_fix.sql:L132@s3b_apply_act5_resolution[qualified/rowtype field reference] ; database/010_sprint3b_flow_integrity_and_inspect_fix.sql:L142@s3b_choose_post_inspection_route[qualified/rowtype field reference] ; database/010_sprint3b_flow_integrity_and_inspect_fix.sql:L145@s3b_choose_post_inspection_route[qualified/rowtype field reference] ; database/010_sprint3b_flow_integrity_and_inspect_fix.sql:L147@s3b_choose_post_inspection_route[qualified/rowtype field reference] ; database/010_sprint3b_flow_integrity_and_inspect_fix.sql:L148@s3b_choose_post_inspection_route[qualified/rowtype field reference] ; database/010_sprint3b_flow_integrity_and_inspect_fix.sql:L157@s3b_complete_foldback[qualified/rowtype field reference] ; database/010_sprint3b_flow_integrity_and_inspect_fix.sql:L159@s3b_complete_foldback[qualified/rowtype field reference] ; database/010_sprint3b_flow_integrity_and_inspect_fix.sql:L162@s3b_complete_foldback[qualified/rowtype field reference] ; database/010_sprint3b_flow_integrity_and_inspect_fix.sql:L163@s3b_complete_foldback[qualified/rowtype field reference] ; database/010_sprint3b_flow_integrity_and_inspect_fix.sql:L165@s3b_complete_foldback[qualified/rowtype field reference] ; database/010_sprint3b_flow_integrity_and_inspect_fix.sql:L166@s3b_complete_foldback[qualified/rowtype field reference] ; database/011_sprint3b_transition_and_act1_delivery_integrity.sql:L103@s3b_audit_set_puzzle_elapsed[qualified/rowtype field reference] ; database/011_sprint3b_transition_and_act1_delivery_integrity.sql:L110@s3b_get_player_state[qualified/rowtype field reference] ; database/011_sprint3b_transition_and_act1_delivery_integrity.sql:L111@s3b_get_player_state[qualified/rowtype field reference] ; database/011_sprint3b_transition_and_act1_delivery_integrity.sql:L26@s3b_initialize_flow[qualified/rowtype field reference] ; database/011_sprint3b_transition_and_act1_delivery_integrity.sql:L32@s3b_initialize_flow[qualified/rowtype field reference] ; database/011_sprint3b_transition_and_act1_delivery_integrity.sql:L41@s3b_ack_act1_opening[qualified/rowtype field reference] ; database/011_sprint3b_transition_and_act1_delivery_integrity.sql:L42@s3b_ack_act1_opening[qualified/rowtype field reference] ; database/011_sprint3b_transition_and_act1_delivery_integrity.sql:L52@s3b_submit_act1_choice[qualified/rowtype field reference] ; database/011_sprint3b_transition_and_act1_delivery_integrity.sql:L55@s3b_submit_act1_choice[qualified/rowtype field reference] ; database/011_sprint3b_transition_and_act1_delivery_integrity.sql:L65@s3b_complete_act1[qualified/rowtype field reference] ; database/011_sprint3b_transition_and_act1_delivery_integrity.sql:L66@s3b_complete_act1[qualified/rowtype field reference] ; database/011_sprint3b_transition_and_act1_delivery_integrity.sql:L68@s3b_complete_act1[qualified/rowtype field reference] ; database/011_sprint3b_transition_and_act1_delivery_integrity.sql:L69@s3b_complete_act1[qualified/rowtype field reference] ; database/011_sprint3b_transition_and_act1_delivery_integrity.sql:L74@s3b_submit_first_meeting[qualified/rowtype field reference] ; database/011_sprint3b_transition_and_act1_delivery_integrity.sql:L75@s3b_grab[qualified/rowtype field reference] ; database/011_sprint3b_transition_and_act1_delivery_integrity.sql:L76@s3b_leave_start_room[qualified/rowtype field reference] ; database/011_sprint3b_transition_and_act1_delivery_integrity.sql:L77@s3b_apply_meeting_resolution[qualified/rowtype field reference] ; database/011_sprint3b_transition_and_act1_delivery_integrity.sql:L83@s3b_ack_route_update[qualified/rowtype field reference] ; database/011_sprint3b_transition_and_act1_delivery_integrity.sql:L84@s3b_ack_route_update[qualified/rowtype field reference] ; database/011_sprint3b_transition_and_act1_delivery_integrity.sql:L85@s3b_ack_route_update[qualified/rowtype field reference] ; database/011_sprint3b_transition_and_act1_delivery_integrity.sql:L87@s3b_ack_route_update[qualified/rowtype field reference] ; database/011_sprint3b_transition_and_act1_delivery_integrity.sql:L91@s3b_follow_sign[qualified/rowtype field reference] ; database/011_sprint3b_transition_and_act1_delivery_integrity.sql:L92@s3b_submit_library_code[qualified/rowtype field reference] ; database/011_sprint3b_transition_and_act1_delivery_integrity.sql:L93@s3b_submit_act4_choice[qualified/rowtype field reference] ; database/011_sprint3b_transition_and_act1_delivery_integrity.sql:L94@s3b_apply_act5_resolution[qualified/rowtype field reference] ; database/011_sprint3b_transition_and_act1_delivery_integrity.sql:L95@s3b_choose_post_inspection_route[qualified/rowtype field reference] ; database/012_sprint3b_internal_wrapper_lockdown_and_route_delivery.sql:L33@s3b_ack_route_update[qualified/rowtype field reference] ; database/012_sprint3b_internal_wrapper_lockdown_and_route_delivery.sql:L37@s3b_ack_route_update[qualified/rowtype field reference] ; database/012_sprint3b_internal_wrapper_lockdown_and_route_delivery.sql:L44@s3b_ack_route_update[qualified/rowtype field reference] ; database/012_sprint3b_internal_wrapper_lockdown_and_route_delivery.sql:L51@s3b_ack_route_update[qualified/rowtype field reference] ; database/012_sprint3b_internal_wrapper_lockdown_and_route_delivery.sql:L54@s3b_ack_route_update[qualified/rowtype field reference] ; database/012_sprint3b_internal_wrapper_lockdown_and_route_delivery.sql:L64@s3b_ack_route_update[qualified/rowtype field reference] ; database/013_sprint3b_discussion_authority_and_request_identity.sql:L212@s2_send_message[qualified/rowtype field reference] ; database/013_sprint3b_discussion_authority_and_request_identity.sql:L215@s2_send_message[qualified/rowtype field reference] ; database/013_sprint3b_discussion_authority_and_request_identity.sql:L220@s2_send_message[qualified/rowtype field reference] ; database/013_sprint3b_discussion_authority_and_request_identity.sql:L224@s2_send_message[qualified/rowtype field reference] ; database/013_sprint3b_discussion_authority_and_request_identity.sql:L250@s2_send_message[qualified/rowtype field reference] ; database/013_sprint3b_discussion_authority_and_request_identity.sql:L255@s2_send_message[qualified/rowtype field reference] ; database/013_sprint3b_discussion_authority_and_request_identity.sql:L291@s2_submit_vote[SELECT * INTO row] ; database/013_sprint3b_discussion_authority_and_request_identity.sql:L296@s2_submit_vote[qualified/rowtype field reference] ; database/013_sprint3b_discussion_authority_and_request_identity.sql:L301@s2_submit_vote[qualified/rowtype field reference] ; database/013_sprint3b_discussion_authority_and_request_identity.sql:L331@s2_submit_vote[qualified/rowtype field reference] ; database/013_sprint3b_discussion_authority_and_request_identity.sql:L336@s2_submit_vote[qualified/rowtype field reference] ; database/013_sprint3b_discussion_authority_and_request_identity.sql:L366@s2_submit_vote[qualified/rowtype field reference] ; database/013_sprint3b_discussion_authority_and_request_identity.sql:L371@s2_submit_vote[qualified/rowtype field reference] ; database/013_sprint3b_discussion_authority_and_request_identity.sql:L388@s2_submit_vote[qualified/rowtype field reference] ; database/013_sprint3b_discussion_authority_and_request_identity.sql:L414@s2_submit_vote[qualified/rowtype field reference] ; database/013_sprint3b_discussion_authority_and_request_identity.sql:L437@s2_submit_vote[qualified/rowtype field reference] ; database/013_sprint3b_discussion_authority_and_request_identity.sql:L445@s2_submit_vote[qualified/rowtype field reference] ; database/013_sprint3b_discussion_authority_and_request_identity.sql:L476@s3b_get_player_state[qualified/rowtype field reference] ; database/013_sprint3b_discussion_authority_and_request_identity.sql:L479@s3b_get_player_state[qualified/rowtype field reference] ; database/013_sprint3b_discussion_authority_and_request_identity.sql:L484@s3b_get_player_state[qualified/rowtype field reference] ; database/013_sprint3b_discussion_authority_and_request_identity.sql:L510@s2_get_teacher_state[qualified/rowtype field reference] ; database/013_sprint3b_discussion_authority_and_request_identity.sql:L512@s2_get_teacher_state[qualified/rowtype field reference] ; database/013_sprint3b_discussion_authority_and_request_identity.sql:L61@s2_open_discussion[SELECT * INTO row] ; database/013_sprint3b_discussion_authority_and_request_identity.sql:L64@s2_open_discussion[qualified/rowtype field reference] ; database/013_sprint3b_discussion_authority_and_request_identity.sql:L91@s3b_apply_resolved_discussion_internal[SELECT * INTO row] ; database/014_sprint3b_evidence_and_puzzle_integrity.sql:L261@s3b_ack_act1_opening[qualified/rowtype field reference] ; database/014_sprint3b_evidence_and_puzzle_integrity.sql:L262@s3b_ack_act1_opening[qualified/rowtype field reference] ; database/014_sprint3b_evidence_and_puzzle_integrity.sql:L273@s3b_submit_act1_choice[qualified/rowtype field reference] ; database/014_sprint3b_evidence_and_puzzle_integrity.sql:L275@s3b_submit_act1_choice[qualified/rowtype field reference] ; database/014_sprint3b_evidence_and_puzzle_integrity.sql:L276@s3b_submit_act1_choice[qualified/rowtype field reference] ; database/014_sprint3b_evidence_and_puzzle_integrity.sql:L286@s3b_complete_act1[qualified/rowtype field reference] ; database/014_sprint3b_evidence_and_puzzle_integrity.sql:L297@s3b_submit_first_meeting[qualified/rowtype field reference] ; database/014_sprint3b_evidence_and_puzzle_integrity.sql:L299@s3b_submit_first_meeting[qualified/rowtype field reference] ; database/014_sprint3b_evidence_and_puzzle_integrity.sql:L300@s3b_submit_first_meeting[qualified/rowtype field reference] ; database/014_sprint3b_evidence_and_puzzle_integrity.sql:L310@s3b_grab[qualified/rowtype field reference] ; database/014_sprint3b_evidence_and_puzzle_integrity.sql:L320@s3b_leave_start_room[qualified/rowtype field reference] ; database/014_sprint3b_evidence_and_puzzle_integrity.sql:L330@s3b_ack_route_update[qualified/rowtype field reference] ; database/014_sprint3b_evidence_and_puzzle_integrity.sql:L340@s3b_complete_foldback[qualified/rowtype field reference] ; database/014_sprint3b_evidence_and_puzzle_integrity.sql:L350@s3b_follow_sign[qualified/rowtype field reference] ; database/014_sprint3b_evidence_and_puzzle_integrity.sql:L361@s3b_submit_act4_choice[qualified/rowtype field reference] ; database/014_sprint3b_evidence_and_puzzle_integrity.sql:L363@s3b_submit_act4_choice[qualified/rowtype field reference] ; database/014_sprint3b_evidence_and_puzzle_integrity.sql:L364@s3b_submit_act4_choice[qualified/rowtype field reference] ; database/014_sprint3b_evidence_and_puzzle_integrity.sql:L386@s3b_submit_library_code[SELECT * INTO row] ; database/014_sprint3b_evidence_and_puzzle_integrity.sql:L390@s3b_submit_library_code[qualified/rowtype field reference] ; database/014_sprint3b_evidence_and_puzzle_integrity.sql:L403@s3b_submit_library_code[qualified/rowtype field reference] ; database/014_sprint3b_evidence_and_puzzle_integrity.sql:L406@s3b_submit_library_code[qualified/rowtype field reference] ; database/014_sprint3b_evidence_and_puzzle_integrity.sql:L407@s3b_submit_library_code[qualified/rowtype field reference] ; database/014_sprint3b_evidence_and_puzzle_integrity.sql:L421@s3b_submit_library_code[qualified/rowtype field reference] ; database/014_sprint3b_evidence_and_puzzle_integrity.sql:L426@s3b_submit_library_code[qualified/rowtype field reference] ; database/014_sprint3b_evidence_and_puzzle_integrity.sql:L428@s3b_submit_library_code[qualified/rowtype field reference] ; database/014_sprint3b_evidence_and_puzzle_integrity.sql:L435@s3b_submit_library_code[qualified/rowtype field reference] ; database/014_sprint3b_evidence_and_puzzle_integrity.sql:L436@s3b_submit_library_code[qualified/rowtype field reference] ; database/014_sprint3b_evidence_and_puzzle_integrity.sql:L438@s3b_submit_library_code[qualified/rowtype field reference] ; database/014_sprint3b_evidence_and_puzzle_integrity.sql:L441@s3b_submit_library_code[qualified/rowtype field reference] ; database/014_sprint3b_evidence_and_puzzle_integrity.sql:L466@s3b_submit_post_inspection_route_vote[SELECT * INTO row] ; database/014_sprint3b_evidence_and_puzzle_integrity.sql:L468@s3b_submit_post_inspection_route_vote[qualified/rowtype field reference] ; database/014_sprint3b_evidence_and_puzzle_integrity.sql:L471@s3b_submit_post_inspection_route_vote[qualified/rowtype field reference] ; database/014_sprint3b_evidence_and_puzzle_integrity.sql:L476@s3b_submit_post_inspection_route_vote[qualified/rowtype field reference] ; database/014_sprint3b_evidence_and_puzzle_integrity.sql:L477@s3b_submit_post_inspection_route_vote[qualified/rowtype field reference] ; database/014_sprint3b_evidence_and_puzzle_integrity.sql:L482@s3b_submit_post_inspection_route_vote[qualified/rowtype field reference] ; database/014_sprint3b_evidence_and_puzzle_integrity.sql:L484@s3b_submit_post_inspection_route_vote[qualified/rowtype field reference] ; database/014_sprint3b_evidence_and_puzzle_integrity.sql:L489@s3b_submit_post_inspection_route_vote[qualified/rowtype field reference] ; database/014_sprint3b_evidence_and_puzzle_integrity.sql:L491@s3b_submit_post_inspection_route_vote[qualified/rowtype field reference] ; database/014_sprint3b_evidence_and_puzzle_integrity.sql:L495@s3b_submit_post_inspection_route_vote[qualified/rowtype field reference] ; database/014_sprint3b_evidence_and_puzzle_integrity.sql:L500@s3b_submit_post_inspection_route_vote[qualified/rowtype field reference] ; database/014_sprint3b_evidence_and_puzzle_integrity.sql:L505@s3b_submit_post_inspection_route_vote[qualified/rowtype field reference] ; database/014_sprint3b_evidence_and_puzzle_integrity.sql:L508@s3b_submit_post_inspection_route_vote[qualified/rowtype field reference] ; database/014_sprint3b_evidence_and_puzzle_integrity.sql:L513@s3b_submit_post_inspection_route_vote[qualified/rowtype field reference] ; database/014_sprint3b_evidence_and_puzzle_integrity.sql:L539@s3_share_photo[qualified/rowtype field reference] ; database/014_sprint3b_evidence_and_puzzle_integrity.sql:L540@s3_share_photo[qualified/rowtype field reference] ; database/014_sprint3b_evidence_and_puzzle_integrity.sql:L543@s3_share_photo[qualified/rowtype field reference] ; database/014_sprint3b_evidence_and_puzzle_integrity.sql:L547@s3_share_photo[qualified/rowtype field reference] ; database/014_sprint3b_evidence_and_puzzle_integrity.sql:L551@s3_share_photo[qualified/rowtype field reference] ; database/014_sprint3b_evidence_and_puzzle_integrity.sql:L562@s3_share_photo[qualified/rowtype field reference] ; database/014_sprint3b_evidence_and_puzzle_integrity.sql:L567@s3_share_photo[qualified/rowtype field reference] ; database/014_sprint3b_evidence_and_puzzle_integrity.sql:L596@s3b_get_player_state[qualified/rowtype field reference] ; database/014_sprint3b_evidence_and_puzzle_integrity.sql:L599@s3b_get_player_state[qualified/rowtype field reference] ; database/014_sprint3b_evidence_and_puzzle_integrity.sql:L600@s3b_get_player_state[qualified/rowtype field reference] ; database/014_sprint3b_evidence_and_puzzle_integrity.sql:L601@s3b_get_player_state[qualified/rowtype field reference] ; database/014_sprint3b_evidence_and_puzzle_integrity.sql:L608@s3b_get_player_state[qualified/rowtype field reference] ; database/014_sprint3b_evidence_and_puzzle_integrity.sql:L634@s2_get_teacher_state[qualified/rowtype field reference] ; database/014_sprint3b_evidence_and_puzzle_integrity.sql:L643@s2_get_teacher_state[qualified/rowtype field reference] ; database/014a_sprint3b_inspect_reconnect_idempotency_fix.sql:L17@s3b_apply_resolved_discussion_internal[SELECT * INTO row] ; database/014b_sprint3b_targeted_closure_corrections.sql:L106@s3b_complete_act1[SELECT * INTO row] ; database/014b_sprint3b_targeted_closure_corrections.sql:L106@s3b_complete_act1[qualified/rowtype field reference] ; database/014b_sprint3b_targeted_closure_corrections.sql:L112@s3b_submit_first_meeting[SELECT * INTO row] ; database/014b_sprint3b_targeted_closure_corrections.sql:L112@s3b_submit_first_meeting[qualified/rowtype field reference] ; database/014b_sprint3b_targeted_closure_corrections.sql:L114@s3b_submit_first_meeting[qualified/rowtype field reference] ; database/014b_sprint3b_targeted_closure_corrections.sql:L115@s3b_submit_first_meeting[qualified/rowtype field reference] ; database/014b_sprint3b_targeted_closure_corrections.sql:L121@s3b_grab[SELECT * INTO row] ; database/014b_sprint3b_targeted_closure_corrections.sql:L121@s3b_grab[qualified/rowtype field reference] ; database/014b_sprint3b_targeted_closure_corrections.sql:L126@s3b_leave_start_room[SELECT * INTO row] ; database/014b_sprint3b_targeted_closure_corrections.sql:L126@s3b_leave_start_room[qualified/rowtype field reference] ; database/014b_sprint3b_targeted_closure_corrections.sql:L131@s3b_ack_route_update[SELECT * INTO row] ; database/014b_sprint3b_targeted_closure_corrections.sql:L131@s3b_ack_route_update[qualified/rowtype field reference] ; database/014b_sprint3b_targeted_closure_corrections.sql:L136@s3b_complete_foldback[SELECT * INTO row] ; database/014b_sprint3b_targeted_closure_corrections.sql:L136@s3b_complete_foldback[qualified/rowtype field reference] ; database/014b_sprint3b_targeted_closure_corrections.sql:L141@s3b_follow_sign[SELECT * INTO row] ; database/014b_sprint3b_targeted_closure_corrections.sql:L141@s3b_follow_sign[qualified/rowtype field reference] ; database/014b_sprint3b_targeted_closure_corrections.sql:L147@s3b_submit_act4_choice[SELECT * INTO row] ; database/014b_sprint3b_targeted_closure_corrections.sql:L147@s3b_submit_act4_choice[qualified/rowtype field reference] ; database/014b_sprint3b_targeted_closure_corrections.sql:L149@s3b_submit_act4_choice[qualified/rowtype field reference] ; database/014b_sprint3b_targeted_closure_corrections.sql:L150@s3b_submit_act4_choice[qualified/rowtype field reference] ; database/014b_sprint3b_targeted_closure_corrections.sql:L167@s2_get_teacher_state[qualified/rowtype field reference] ; database/014b_sprint3b_targeted_closure_corrections.sql:L177@s2_get_teacher_state[qualified/rowtype field reference] ; database/014b_sprint3b_targeted_closure_corrections.sql:L18@s3b_initialize_flow[SELECT * INTO row] ; database/014b_sprint3b_targeted_closure_corrections.sql:L194@s3b_audit_set_private_debug_view[SELECT * INTO row] ; database/014b_sprint3b_targeted_closure_corrections.sql:L197@s3b_audit_set_private_debug_view[qualified/rowtype field reference] ; database/014b_sprint3b_targeted_closure_corrections.sql:L21@s3b_initialize_flow[qualified/rowtype field reference] ; database/014b_sprint3b_targeted_closure_corrections.sql:L25@s3b_initialize_flow[qualified/rowtype field reference] ; database/014b_sprint3b_targeted_closure_corrections.sql:L34@s3b_initialize_flow[qualified/rowtype field reference] ; database/014b_sprint3b_targeted_closure_corrections.sql:L83@s3b_ack_act1_opening[SELECT * INTO row] ; database/014b_sprint3b_targeted_closure_corrections.sql:L83@s3b_ack_act1_opening[qualified/rowtype field reference] ; database/014b_sprint3b_targeted_closure_corrections.sql:L84@s3b_ack_act1_opening[qualified/rowtype field reference] ; database/014b_sprint3b_targeted_closure_corrections.sql:L86@s3b_ack_act1_opening[qualified/rowtype field reference] ; database/014b_sprint3b_targeted_closure_corrections.sql:L94@s3b_submit_act1_choice[SELECT * INTO row] ; database/014b_sprint3b_targeted_closure_corrections.sql:L94@s3b_submit_act1_choice[qualified/rowtype field reference] ; database/014b_sprint3b_targeted_closure_corrections.sql:L95@s3b_submit_act1_choice[qualified/rowtype field reference] ; database/014b_sprint3b_targeted_closure_corrections.sql:L97@s3b_submit_act1_choice[qualified/rowtype field reference] ; database/014b_sprint3b_targeted_closure_corrections.sql:L99@s3b_submit_act1_choice[qualified/rowtype field reference] ; database/015_sprint3c_minimal_safe_teacher_override.sql:L100@teacher_apply_override[qualified/rowtype field reference] ; database/015_sprint3c_minimal_safe_teacher_override.sql:L101@teacher_apply_override[qualified/rowtype field reference] ; database/015_sprint3c_minimal_safe_teacher_override.sql:L102@teacher_apply_override[qualified/rowtype field reference] ; database/015_sprint3c_minimal_safe_teacher_override.sql:L103@teacher_apply_override[qualified/rowtype field reference] ; database/015_sprint3c_minimal_safe_teacher_override.sql:L108@teacher_apply_override[qualified/rowtype field reference] ; database/015_sprint3c_minimal_safe_teacher_override.sql:L121@s2_get_teacher_state[qualified/rowtype field reference] ; database/015_sprint3c_minimal_safe_teacher_override.sql:L127@s2_get_teacher_state[qualified/rowtype field reference] ; database/015_sprint3c_minimal_safe_teacher_override.sql:L46@s3b_log_formal_event_at_context[qualified/rowtype field reference] ; database/015_sprint3c_minimal_safe_teacher_override.sql:L69@teacher_apply_override[SELECT * INTO row] ; database/015_sprint3c_minimal_safe_teacher_override.sql:L71@teacher_apply_override[qualified/rowtype field reference] ; database/015_sprint3c_minimal_safe_teacher_override.sql:L76@teacher_apply_override[qualified/rowtype field reference] ; database/015_sprint3c_minimal_safe_teacher_override.sql:L77@teacher_apply_override[qualified/rowtype field reference] ; database/015_sprint3c_minimal_safe_teacher_override.sql:L79@teacher_apply_override[qualified/rowtype field reference] ; database/015_sprint3c_minimal_safe_teacher_override.sql:L81@teacher_apply_override[qualified/rowtype field reference] ; database/015_sprint3c_minimal_safe_teacher_override.sql:L82@teacher_apply_override[qualified/rowtype field reference] ; database/015_sprint3c_minimal_safe_teacher_override.sql:L84@teacher_apply_override[qualified/rowtype field reference] ; database/015_sprint3c_minimal_safe_teacher_override.sql:L85@teacher_apply_override[qualified/rowtype field reference] ; database/015_sprint3c_minimal_safe_teacher_override.sql:L87@teacher_apply_override[qualified/rowtype field reference] ; database/015_sprint3c_minimal_safe_teacher_override.sql:L90@teacher_apply_override[qualified/rowtype field reference] ; database/015_sprint3c_minimal_safe_teacher_override.sql:L92@teacher_apply_override[qualified/rowtype field reference] ; database/015_sprint3c_minimal_safe_teacher_override.sql:L93@teacher_apply_override[qualified/rowtype field reference] ; database/015_sprint3c_minimal_safe_teacher_override.sql:L95@teacher_apply_override[qualified/rowtype field reference] ; database/015_sprint3c_minimal_safe_teacher_override.sql:L98@teacher_apply_override[qualified/rowtype field reference] ; database/016_sprint3c_level1_narrow_corrections.sql:L57@s2_log_event[qualified/rowtype field reference] ; database/017_sprint3c_override_act2_entry_correction.sql:L20@s3b_submit_first_meeting[SELECT * INTO row] ; database/017_sprint3c_override_act2_entry_correction.sql:L23@s3b_submit_first_meeting[qualified/rowtype field reference] ; database/017_sprint3c_override_act2_entry_correction.sql:L28@s3b_submit_first_meeting[qualified/rowtype field reference] ; database/017_sprint3c_override_act2_entry_correction.sql:L37@s3b_submit_first_meeting[qualified/rowtype field reference] ; database/017_sprint3c_override_act2_entry_correction.sql:L44@s3b_submit_first_meeting[qualified/rowtype field reference] ; database/027_sprint5_act6_8_runtime.sql:L39@s5_initialize[qualified/rowtype field reference] ; database/027_sprint5_act6_8_runtime.sql:L40@s5_initialize[qualified/rowtype field reference] ; database/027_sprint5_act6_8_runtime.sql:L41@s5_initialize[qualified/rowtype field reference] ; database/027_sprint5_act6_8_runtime.sql:L42@s5_initialize[qualified/rowtype field reference] ; database/027_sprint5_act6_8_runtime.sql:L43@s5_initialize[qualified/rowtype field reference] ; database/027_sprint5_act6_8_runtime.sql:L47@s5_submit_vote[qualified/rowtype field reference] ; database/027_sprint5_act6_8_runtime.sql:L48@s5_submit_vote[qualified/rowtype field reference] ; database/027_sprint5_act6_8_runtime.sql:L49@s5_submit_vote[qualified/rowtype field reference] ; database/027_sprint5_act6_8_runtime.sql:L52@s5_submit_vote[qualified/rowtype field reference] ; database/027_sprint5_act6_8_runtime.sql:L53@s5_submit_vote[qualified/rowtype field reference] ; database/027_sprint5_act6_8_runtime.sql:L54@s5_submit_vote[qualified/rowtype field reference] ; database/027_sprint5_act6_8_runtime.sql:L55@s5_submit_vote[qualified/rowtype field reference] ; database/027_sprint5_act6_8_runtime.sql:L56@s5_submit_vote[qualified/rowtype field reference] ; database/027_sprint5_act6_8_runtime.sql:L58@s5_submit_vote[qualified/rowtype field reference] ; database/027_sprint5_act6_8_runtime.sql:L59@s5_submit_vote[qualified/rowtype field reference] ; database/027_sprint5_act6_8_runtime.sql:L63@s5_submit_vote[qualified/rowtype field reference] ; database/027_sprint5_act6_8_runtime.sql:L64@s5_submit_vote[qualified/rowtype field reference] ; database/027_sprint5_act6_8_runtime.sql:L65@s5_submit_vote[qualified/rowtype field reference] ; database/027_sprint5_act6_8_runtime.sql:L66@s5_submit_vote[qualified/rowtype field reference] ; database/027_sprint5_act6_8_runtime.sql:L71@s5_advance[qualified/rowtype field reference] ; database/027_sprint5_act6_8_runtime.sql:L72@s5_advance[qualified/rowtype field reference] ; database/027_sprint5_act6_8_runtime.sql:L73@s5_advance[qualified/rowtype field reference] ; database/027_sprint5_act6_8_runtime.sql:L74@s5_advance[qualified/rowtype field reference] ; database/027_sprint5_act6_8_runtime.sql:L79@s5_submit_private_choice[qualified/rowtype field reference] ; database/027_sprint5_act6_8_runtime.sql:L81@s5_submit_private_choice[qualified/rowtype field reference] ; database/027_sprint5_act6_8_runtime.sql:L82@s5_submit_private_choice[qualified/rowtype field reference] ; database/027_sprint5_act6_8_runtime.sql:L86@s5_get_player_state[qualified/rowtype field reference] ; database/027_sprint5_act6_8_runtime.sql:L87@s5_get_player_state[qualified/rowtype field reference] ; database/027_sprint5_act6_8_runtime.sql:L88@s5_get_player_state[qualified/rowtype field reference] ; database/027_sprint5_act6_8_runtime.sql:L89@s5_get_player_state[qualified/rowtype field reference] ; database/029_sprint5_canonical_discussion_localization.sql:L57@s5_submit_vote[qualified/rowtype field reference] ; database/029_sprint5_canonical_discussion_localization.sql:L64@s5_submit_vote[qualified/rowtype field reference] ; database/029_sprint5_canonical_discussion_localization.sql:L73@s5_advance[qualified/rowtype field reference] ; database/029_sprint5_canonical_discussion_localization.sql:L79@s5_submit_private_choice[qualified/rowtype field reference] ; database/029_sprint5_canonical_discussion_localization.sql:L85@s5_get_player_state[qualified/rowtype field reference] ; database/029_sprint5_canonical_discussion_localization.sql:L89@s5_get_discussion_state[qualified/rowtype field reference] ; database/029_sprint5_canonical_discussion_localization.sql:L91@s5_get_discussion_state[qualified/rowtype field reference] ; database/029_sprint5_canonical_discussion_localization.sql:L92@s5_get_discussion_state[qualified/rowtype field reference] ; database/029_sprint5_canonical_discussion_localization.sql:L98@s5_audit_expire_discussion[qualified/rowtype field reference] ; database/030_sprint5_exact_session_messages.sql:L10@s5_send_message[qualified/rowtype field reference] ; database/030_sprint5_exact_session_messages.sql:L12@s5_send_message[qualified/rowtype field reference] ; database/030_sprint5_exact_session_messages.sql:L13@s5_send_message[qualified/rowtype field reference] ; database/030_sprint5_exact_session_messages.sql:L8@s5_send_message[qualified/rowtype field reference] ; database/030_sprint5_exact_session_messages.sql:L9@s5_send_message[qualified/rowtype field reference] ; database/031_sprint5_focused_reaudit_corrections.sql:L19@s5_advance[qualified/rowtype field reference] ; database/031_sprint5_focused_reaudit_corrections.sql:L25@s5_submit_vote[qualified/rowtype field reference] ; database/031_sprint5_focused_reaudit_corrections.sql:L29@s5_get_teacher_discussion_state[qualified/rowtype field reference] ; database/031_sprint5_focused_reaudit_corrections.sql:L30@s5_get_teacher_discussion_state[qualified/rowtype field reference] ; database/031_sprint5_focused_reaudit_corrections.sql:L31@s5_get_teacher_discussion_state[qualified/rowtype field reference] ; database/031_sprint5_focused_reaudit_corrections.sql:L33@s5_teacher_open_vote[qualified/rowtype field reference] ; database/031_sprint5_focused_reaudit_corrections.sql:L34@s5_teacher_add_time[qualified/rowtype field reference] ; database/033_sprint6_act9_13_runtime.sql:L33@s6_initialize[qualified/rowtype field reference] ; database/033_sprint6_act9_13_runtime.sql:L35@s6_open_act9_console[qualified/rowtype field reference] ; database/033_sprint6_act9_13_runtime.sql:L39@s6_submit_group_choice[qualified/rowtype field reference] ; database/033_sprint6_act9_13_runtime.sql:L40@s6_submit_group_choice[qualified/rowtype field reference] ; database/033_sprint6_act9_13_runtime.sql:L41@s6_submit_group_choice[qualified/rowtype field reference] ; database/033_sprint6_act9_13_runtime.sql:L42@s6_submit_group_choice[qualified/rowtype field reference] ; database/033_sprint6_act9_13_runtime.sql:L43@s6_submit_group_choice[qualified/rowtype field reference] ; database/033_sprint6_act9_13_runtime.sql:L45@s6_submit_group_choice[qualified/rowtype field reference] ; database/033_sprint6_act9_13_runtime.sql:L46@s6_submit_group_choice[qualified/rowtype field reference] ; database/033_sprint6_act9_13_runtime.sql:L47@s6_submit_group_choice[qualified/rowtype field reference] ; database/033_sprint6_act9_13_runtime.sql:L49@s6_submit_private_choice[qualified/rowtype field reference] ; database/033_sprint6_act9_13_runtime.sql:L51@s6_advance[qualified/rowtype field reference] ; database/033_sprint6_act9_13_runtime.sql:L53@s6_submit_allocation[qualified/rowtype field reference] ; database/033_sprint6_act9_13_runtime.sql:L55@s6_engage[qualified/rowtype field reference] ; database/033_sprint6_act9_13_runtime.sql:L57@s6_get_player_state[qualified/rowtype field reference] ; database/034_sprint6_contract_hardening.sql:L10@s6_submit_group_choice[qualified/rowtype field reference] ; database/034_sprint6_contract_hardening.sql:L11@s6_submit_group_choice[qualified/rowtype field reference] ; database/034_sprint6_contract_hardening.sql:L12@s6_submit_group_choice[qualified/rowtype field reference] ; database/034_sprint6_contract_hardening.sql:L13@s6_submit_group_choice[qualified/rowtype field reference] ; database/034_sprint6_contract_hardening.sql:L15@s6_submit_group_choice[qualified/rowtype field reference] ; database/034_sprint6_contract_hardening.sql:L16@s6_submit_group_choice[qualified/rowtype field reference] ; database/034_sprint6_contract_hardening.sql:L17@s6_submit_group_choice[qualified/rowtype field reference] ; database/034_sprint6_contract_hardening.sql:L19@s6_submit_private_choice[qualified/rowtype field reference] ; database/034_sprint6_contract_hardening.sql:L20@s6_submit_private_choice[qualified/rowtype field reference] ; database/034_sprint6_contract_hardening.sql:L22@s6_submit_allocation[qualified/rowtype field reference] ; database/034_sprint6_contract_hardening.sql:L23@s6_submit_allocation[qualified/rowtype field reference] ; database/034_sprint6_contract_hardening.sql:L25@s6_get_player_state[qualified/rowtype field reference] ; database/034_sprint6_contract_hardening.sql:L6@s6_submit_group_choice[qualified/rowtype field reference] ; database/035_sprint6_focused_audit_corrections.sql:L38@s6_initialize[qualified/rowtype field reference] ; database/035_sprint6_focused_audit_corrections.sql:L40@s6_send_message_guarded[qualified/rowtype field reference] ; database/035_sprint6_focused_audit_corrections.sql:L42@s6_close_discussion_guarded[qualified/rowtype field reference] ; database/035_sprint6_focused_audit_corrections.sql:L46@s6_submit_group_choice_guarded[qualified/rowtype field reference] ; database/035_sprint6_focused_audit_corrections.sql:L47@s6_submit_group_choice_guarded[qualified/rowtype field reference] ; database/035_sprint6_focused_audit_corrections.sql:L48@s6_submit_group_choice_guarded[qualified/rowtype field reference] ; database/035_sprint6_focused_audit_corrections.sql:L49@s6_submit_group_choice_guarded[qualified/rowtype field reference] ; database/035_sprint6_focused_audit_corrections.sql:L51@s6_submit_group_choice_guarded[qualified/rowtype field reference] ; database/035_sprint6_focused_audit_corrections.sql:L52@s6_submit_group_choice_guarded[qualified/rowtype field reference] ; database/035_sprint6_focused_audit_corrections.sql:L53@s6_submit_group_choice_guarded[qualified/rowtype field reference] ; database/035_sprint6_focused_audit_corrections.sql:L54@s6_submit_group_choice_guarded[qualified/rowtype field reference] ; database/035_sprint6_focused_audit_corrections.sql:L55@s6_submit_group_choice_guarded[qualified/rowtype field reference] ; database/035_sprint6_focused_audit_corrections.sql:L57@s6_submit_private_choice_guarded[qualified/rowtype field reference] ; database/035_sprint6_focused_audit_corrections.sql:L59@s6_advance_guarded[qualified/rowtype field reference] ; database/035_sprint6_focused_audit_corrections.sql:L61@s6_submit_allocation_guarded[qualified/rowtype field reference] ; database/035_sprint6_focused_audit_corrections.sql:L63@s6_complete_station_guarded[qualified/rowtype field reference] ; database/035_sprint6_focused_audit_corrections.sql:L65@s6_engage[qualified/rowtype field reference] ; database/035_sprint6_focused_audit_corrections.sql:L67@s6_engage_guarded[qualified/rowtype field reference] ; database/035_sprint6_focused_audit_corrections.sql:L72@s6_get_player_state[qualified/rowtype field reference] ; database/036_sprint6_four_open_findings.sql:L14@s6_send_message_v2[qualified/rowtype field reference] ; database/036_sprint6_four_open_findings.sql:L16@s6_close_discussion_v2[qualified/rowtype field reference] ; database/036_sprint6_four_open_findings.sql:L18@s6_submit_group_choice_v2[qualified/rowtype field reference] ; database/036_sprint6_four_open_findings.sql:L19@s6_submit_private_choice_v2[qualified/rowtype field reference] ; database/036_sprint6_four_open_findings.sql:L20@s6_submit_allocation_v2[qualified/rowtype field reference] ; database/036_sprint6_four_open_findings.sql:L21@s6_engage_v2[qualified/rowtype field reference] ; database/036_sprint6_four_open_findings.sql:L23@s6_advance_v2[qualified/rowtype field reference] ; database/036_sprint6_four_open_findings.sql:L25@s6_complete_station_v2[qualified/rowtype field reference] ; database/036_sprint6_four_open_findings.sql:L29@s6_get_player_state[qualified/rowtype field reference] ; database/037_level3_independent_audit_closure.sql:L135@s5_initialize[qualified/rowtype field reference] ; database/037_level3_independent_audit_closure.sql:L139@s6_initialize[qualified/rowtype field reference] ; database/037_level3_independent_audit_closure.sql:L170@s6_mark_audio_consumed[qualified/rowtype field reference] ; database/037_level3_independent_audit_closure.sql:L174@s6_mark_audio_consumed[qualified/rowtype field reference] ; database/037_level3_independent_audit_closure.sql:L179@s6_get_player_state[qualified/rowtype field reference] ; database/037_level3_independent_audit_closure.sql:L183@act6_13_get_timeline[qualified/rowtype field reference] ; database/040_level2_closure_verification_support.sql:L15@s6_verify_expire_discussion[qualified/rowtype field reference] ; database/041_level2_normal_s5_verification_support.sql:L15@s5_verify_expire_discussion[qualified/rowtype field reference] ; database/043_sprint7_teacher_console.sql:L14@s7_set_audit_private_debug[SELECT * INTO row] ; database/043_sprint7_teacher_console.sql:L17@s7_set_audit_private_debug[qualified/rowtype field reference] ; database/043_sprint7_teacher_console.sql:L18@s7_set_audit_private_debug[qualified/rowtype field reference] ; database/043_sprint7_teacher_console.sql:L20@s7_set_audit_private_debug[qualified/rowtype field reference] ; database/043_sprint7_teacher_console.sql:L33@s7_get_teacher_console[SELECT * INTO row] ; database/043_sprint7_teacher_console.sql:L35@s7_get_teacher_console[qualified/rowtype field reference] ; database/043_sprint7_teacher_console.sql:L36@s7_get_teacher_console[qualified/rowtype field reference] ; database/043_sprint7_teacher_console.sql:L37@s7_get_teacher_console[qualified/rowtype field reference] ; database/043_sprint7_teacher_console.sql:L40@s7_get_teacher_console[qualified/rowtype field reference] ; database/043_sprint7_teacher_console.sql:L45@s7_get_teacher_console[qualified/rowtype field reference] ; database/043_sprint7_teacher_console.sql:L49@s7_get_teacher_console[qualified/rowtype field reference] ; database/043_sprint7_teacher_console.sql:L50@s7_get_teacher_console[qualified/rowtype field reference] ; database/043_sprint7_teacher_console.sql:L51@s7_get_teacher_console[qualified/rowtype field reference] ; database/043_sprint7_teacher_console.sql:L52@s7_get_teacher_console[qualified/rowtype field reference] ; database/043_sprint7_teacher_console.sql:L53@s7_get_teacher_console[qualified/rowtype field reference] ; database/043_sprint7_teacher_console.sql:L55@s7_get_teacher_console[qualified/rowtype field reference] ; database/043_sprint7_teacher_console.sql:L56@s7_get_teacher_console[qualified/rowtype field reference] ; database/043_sprint7_teacher_console.sql:L59@s7_get_teacher_console[qualified/rowtype field reference] ; database/043_sprint7_teacher_console.sql:L62@s7_get_teacher_console[qualified/rowtype field reference] ; database/043_sprint7_teacher_console.sql:L65@s7_get_teacher_console[qualified/rowtype field reference] ; database/043_sprint7_teacher_console.sql:L66@s7_get_teacher_console[qualified/rowtype field reference] ; database/043_sprint7_teacher_console.sql:L67@s7_get_teacher_console[qualified/rowtype field reference] ; database/043_sprint7_teacher_console.sql:L70@s7_get_teacher_console[qualified/rowtype field reference] ; database/043_sprint7_teacher_console.sql:L71@s7_get_teacher_console[qualified/rowtype field reference] ; database/043_sprint7_teacher_console.sql:L72@s7_get_teacher_console[qualified/rowtype field reference] ; database/043_sprint7_teacher_console.sql:L74@s7_get_teacher_console[qualified/rowtype field reference] ; database/043_sprint7_teacher_console.sql:L76@s7_get_teacher_console[qualified/rowtype field reference] ; database/043_sprint7_teacher_console.sql:L77@s7_get_teacher_console[qualified/rowtype field reference] ; database/043_sprint7_teacher_console.sql:L81@s7_get_teacher_console[qualified/rowtype field reference] ; database/043_sprint7_teacher_console.sql:L82@s7_get_teacher_console[qualified/rowtype field reference] ; database/044_sprint7_focused_level1_corrections.sql:L22@s7_get_teacher_console[SELECT * INTO row] ; database/044_sprint7_focused_level1_corrections.sql:L24@s7_get_teacher_console[qualified/rowtype field reference] ; database/044_sprint7_focused_level1_corrections.sql:L25@s7_get_teacher_console[qualified/rowtype field reference] ; database/044_sprint7_focused_level1_corrections.sql:L26@s7_get_teacher_console[qualified/rowtype field reference] ; database/044_sprint7_focused_level1_corrections.sql:L29@s7_get_teacher_console[qualified/rowtype field reference] ; database/044_sprint7_focused_level1_corrections.sql:L30@s7_get_teacher_console[qualified/rowtype field reference] ; database/044_sprint7_focused_level1_corrections.sql:L35@s7_get_teacher_console[qualified/rowtype field reference] ; database/044_sprint7_focused_level1_corrections.sql:L39@s7_get_teacher_console[qualified/rowtype field reference] ; database/044_sprint7_focused_level1_corrections.sql:L40@s7_get_teacher_console[qualified/rowtype field reference] ; database/044_sprint7_focused_level1_corrections.sql:L41@s7_get_teacher_console[qualified/rowtype field reference] ; database/044_sprint7_focused_level1_corrections.sql:L42@s7_get_teacher_console[qualified/rowtype field reference] ; database/044_sprint7_focused_level1_corrections.sql:L43@s7_get_teacher_console[qualified/rowtype field reference] ; database/044_sprint7_focused_level1_corrections.sql:L46@s7_get_teacher_console[qualified/rowtype field reference] ; database/044_sprint7_focused_level1_corrections.sql:L47@s7_get_teacher_console[qualified/rowtype field reference] ; database/044_sprint7_focused_level1_corrections.sql:L50@s7_get_teacher_console[qualified/rowtype field reference] ; database/044_sprint7_focused_level1_corrections.sql:L51@s7_get_teacher_console[qualified/rowtype field reference] ; database/044_sprint7_focused_level1_corrections.sql:L55@s7_get_teacher_console[qualified/rowtype field reference] ; database/044_sprint7_focused_level1_corrections.sql:L57@s7_get_teacher_console[qualified/rowtype field reference] ; database/044_sprint7_focused_level1_corrections.sql:L58@s7_get_teacher_console[qualified/rowtype field reference] ; database/044_sprint7_focused_level1_corrections.sql:L59@s7_get_teacher_console[qualified/rowtype field reference] ; database/044_sprint7_focused_level1_corrections.sql:L60@s7_get_teacher_console[qualified/rowtype field reference] ; database/044_sprint7_focused_level1_corrections.sql:L61@s7_get_teacher_console[qualified/rowtype field reference] ; database/044_sprint7_focused_level1_corrections.sql:L62@s7_get_teacher_console[qualified/rowtype field reference] ; database/044_sprint7_focused_level1_corrections.sql:L63@s7_get_teacher_console[qualified/rowtype field reference] ; database/044_sprint7_focused_level1_corrections.sql:L65@s7_get_teacher_console[qualified/rowtype field reference] ; database/045_sprint7_teacher_intervention_provenance.sql:L25@s5_teacher_open_vote[qualified/rowtype field reference] ; database/045_sprint7_teacher_intervention_provenance.sql:L26@s5_teacher_open_vote[qualified/rowtype field reference] ; database/045_sprint7_teacher_intervention_provenance.sql:L31@s5_teacher_add_time[qualified/rowtype field reference] ; database/045_sprint7_teacher_intervention_provenance.sql:L32@s5_teacher_add_time[qualified/rowtype field reference] ; database/046_sprint8_act14_finalization_export.sql:L100@s8_export_session[qualified/rowtype field reference] ; database/046_sprint8_act14_finalization_export.sql:L28@s8_finalize[qualified/rowtype field reference] ; database/046_sprint8_act14_finalization_export.sql:L30@s8_finalize[qualified/rowtype field reference] ; database/046_sprint8_act14_finalization_export.sql:L31@s8_finalize[qualified/rowtype field reference] ; database/046_sprint8_act14_finalization_export.sql:L33@s8_finalize[qualified/rowtype field reference] ; database/046_sprint8_act14_finalization_export.sql:L34@s8_finalize[qualified/rowtype field reference] ; database/046_sprint8_act14_finalization_export.sql:L37@s8_finalize[qualified/rowtype field reference] ; database/046_sprint8_act14_finalization_export.sql:L38@s8_finalize[qualified/rowtype field reference] ; database/046_sprint8_act14_finalization_export.sql:L39@s8_finalize[qualified/rowtype field reference] ; database/046_sprint8_act14_finalization_export.sql:L40@s8_finalize[qualified/rowtype field reference] ; database/046_sprint8_act14_finalization_export.sql:L41@s8_finalize[qualified/rowtype field reference] ; database/046_sprint8_act14_finalization_export.sql:L42@s8_finalize[qualified/rowtype field reference] ; database/046_sprint8_act14_finalization_export.sql:L54@s8_finalize[qualified/rowtype field reference] ; database/046_sprint8_act14_finalization_export.sql:L55@s8_finalize[qualified/rowtype field reference] ; database/046_sprint8_act14_finalization_export.sql:L56@s8_finalize[qualified/rowtype field reference] ; database/046_sprint8_act14_finalization_export.sql:L58@s8_finalize[qualified/rowtype field reference] ; database/046_sprint8_act14_finalization_export.sql:L59@s8_finalize[qualified/rowtype field reference] ; database/046_sprint8_act14_finalization_export.sql:L67@s8_get_player_state[qualified/rowtype field reference] ; database/046_sprint8_act14_finalization_export.sql:L68@s8_get_player_state[qualified/rowtype field reference] ; database/046_sprint8_act14_finalization_export.sql:L77@s8_get_finalization_state[qualified/rowtype field reference] ; database/046_sprint8_act14_finalization_export.sql:L84@s8_export_session[qualified/rowtype field reference] ; database/046_sprint8_act14_finalization_export.sql:L88@s8_export_session[qualified/rowtype field reference] ; database/046_sprint8_act14_finalization_export.sql:L91@s8_export_session[qualified/rowtype field reference] ; database/046_sprint8_act14_finalization_export.sql:L92@s8_export_session[qualified/rowtype field reference] ; database/046_sprint8_act14_finalization_export.sql:L93@s8_export_session[qualified/rowtype field reference] ; database/046_sprint8_act14_finalization_export.sql:L94@s8_export_session[qualified/rowtype field reference] ; database/046_sprint8_act14_finalization_export.sql:L95@s8_export_session[qualified/rowtype field reference] ; database/046_sprint8_act14_finalization_export.sql:L96@s8_export_session[qualified/rowtype field reference] ; database/046_sprint8_act14_finalization_export.sql:L99@s8_export_session[qualified/rowtype field reference] ; database/047_sprint8_export_completeness.sql:L11@s8_export_session[qualified/rowtype field reference] ; database/047_sprint8_export_completeness.sql:L15@s8_export_session[qualified/rowtype field reference] ; database/047_sprint8_export_completeness.sql:L16@s8_export_session[qualified/rowtype field reference] ; database/047_sprint8_export_completeness.sql:L17@s8_export_session[qualified/rowtype field reference] ; database/047_sprint8_export_completeness.sql:L18@s8_export_session[qualified/rowtype field reference] ; database/047_sprint8_export_completeness.sql:L20@s8_export_session[qualified/rowtype field reference] ; database/047_sprint8_export_completeness.sql:L21@s8_export_session[qualified/rowtype field reference] ; database/047_sprint8_export_completeness.sql:L22@s8_export_session[qualified/rowtype field reference] ; database/047_sprint8_export_completeness.sql:L24@s8_export_session[qualified/rowtype field reference] ; database/047_sprint8_export_completeness.sql:L25@s8_export_session[qualified/rowtype field reference] ; database/047_sprint8_export_completeness.sql:L28@s8_export_session[qualified/rowtype field reference] ; database/047_sprint8_export_completeness.sql:L29@s8_export_session[qualified/rowtype field reference] ; database/047_sprint8_export_completeness.sql:L30@s8_export_session[qualified/rowtype field reference] ; database/047_sprint8_export_completeness.sql:L31@s8_export_session[qualified/rowtype field reference] ; database/047_sprint8_export_completeness.sql:L32@s8_export_session[qualified/rowtype field reference] ; database/047_sprint8_export_completeness.sql:L34@s8_export_session[qualified/rowtype field reference] ; database/047_sprint8_export_completeness.sql:L35@s8_export_session[qualified/rowtype field reference] ; database/047_sprint8_export_completeness.sql:L36@s8_export_session[qualified/rowtype field reference] ; database/047_sprint8_export_completeness.sql:L39@s8_export_session[qualified/rowtype field reference] ; database/047_sprint8_export_completeness.sql:L41@s8_export_session[qualified/rowtype field reference] ; database/047_sprint8_export_completeness.sql:L44@s8_export_session[qualified/rowtype field reference] ; database/047_sprint8_export_completeness.sql:L7@s8_export_session[qualified/rowtype field reference] ; database/048_sprint8_focused_level1_corrections.sql:L103@s8_export_session[qualified/rowtype field reference] ; database/048_sprint8_focused_level1_corrections.sql:L104@s8_export_session[qualified/rowtype field reference] ; database/048_sprint8_focused_level1_corrections.sql:L107@s8_export_session[qualified/rowtype field reference] ; database/048_sprint8_focused_level1_corrections.sql:L110@s8_export_session[qualified/rowtype field reference] ; database/048_sprint8_focused_level1_corrections.sql:L111@s8_export_session[qualified/rowtype field reference] ; database/048_sprint8_focused_level1_corrections.sql:L112@s8_export_session[qualified/rowtype field reference] ; database/048_sprint8_focused_level1_corrections.sql:L113@s8_export_session[qualified/rowtype field reference] ; database/048_sprint8_focused_level1_corrections.sql:L114@s8_export_session[qualified/rowtype field reference] ; database/048_sprint8_focused_level1_corrections.sql:L115@s8_export_session[qualified/rowtype field reference] ; database/048_sprint8_focused_level1_corrections.sql:L116@s8_export_session[qualified/rowtype field reference] ; database/048_sprint8_focused_level1_corrections.sql:L117@s8_export_session[qualified/rowtype field reference] ; database/048_sprint8_focused_level1_corrections.sql:L118@s8_export_session[qualified/rowtype field reference] ; database/048_sprint8_focused_level1_corrections.sql:L119@s8_export_session[qualified/rowtype field reference] ; database/048_sprint8_focused_level1_corrections.sql:L120@s8_export_session[qualified/rowtype field reference] ; database/048_sprint8_focused_level1_corrections.sql:L124@s8_export_session[qualified/rowtype field reference] ; database/048_sprint8_focused_level1_corrections.sql:L128@s8_export_session[qualified/rowtype field reference] ; database/048_sprint8_focused_level1_corrections.sql:L130@s8_export_session[qualified/rowtype field reference] ; database/048_sprint8_focused_level1_corrections.sql:L22@s8_finalize[SELECT * INTO row] ; database/048_sprint8_focused_level1_corrections.sql:L25@s8_finalize[qualified/rowtype field reference] ; database/048_sprint8_focused_level1_corrections.sql:L26@s8_finalize[qualified/rowtype field reference] ; database/048_sprint8_focused_level1_corrections.sql:L27@s8_finalize[qualified/rowtype field reference] ; database/048_sprint8_focused_level1_corrections.sql:L30@s8_finalize[qualified/rowtype field reference] ; database/048_sprint8_focused_level1_corrections.sql:L31@s8_finalize[qualified/rowtype field reference] ; database/048_sprint8_focused_level1_corrections.sql:L32@s8_finalize[qualified/rowtype field reference] ; database/048_sprint8_focused_level1_corrections.sql:L33@s8_finalize[qualified/rowtype field reference] ; database/048_sprint8_focused_level1_corrections.sql:L35@s8_finalize[qualified/rowtype field reference] ; database/048_sprint8_focused_level1_corrections.sql:L38@s8_finalize[qualified/rowtype field reference] ; database/048_sprint8_focused_level1_corrections.sql:L39@s8_finalize[qualified/rowtype field reference] ; database/048_sprint8_focused_level1_corrections.sql:L40@s8_finalize[qualified/rowtype field reference] ; database/048_sprint8_focused_level1_corrections.sql:L41@s8_finalize[qualified/rowtype field reference] ; database/048_sprint8_focused_level1_corrections.sql:L42@s8_finalize[qualified/rowtype field reference] ; database/048_sprint8_focused_level1_corrections.sql:L43@s8_finalize[qualified/rowtype field reference] ; database/048_sprint8_focused_level1_corrections.sql:L44@s8_finalize[qualified/rowtype field reference] ; database/048_sprint8_focused_level1_corrections.sql:L45@s8_finalize[qualified/rowtype field reference] ; database/048_sprint8_focused_level1_corrections.sql:L46@s8_finalize[qualified/rowtype field reference] ; database/048_sprint8_focused_level1_corrections.sql:L47@s8_finalize[qualified/rowtype field reference] ; database/048_sprint8_focused_level1_corrections.sql:L48@s8_finalize[qualified/rowtype field reference] ; database/048_sprint8_focused_level1_corrections.sql:L49@s8_finalize[qualified/rowtype field reference] ; database/048_sprint8_focused_level1_corrections.sql:L50@s8_finalize[qualified/rowtype field reference] ; database/048_sprint8_focused_level1_corrections.sql:L70@s8_finalize[qualified/rowtype field reference] ; database/048_sprint8_focused_level1_corrections.sql:L71@s8_finalize[qualified/rowtype field reference] ; database/048_sprint8_focused_level1_corrections.sql:L72@s8_finalize[qualified/rowtype field reference] ; database/048_sprint8_focused_level1_corrections.sql:L74@s8_finalize[qualified/rowtype field reference] ; database/048_sprint8_focused_level1_corrections.sql:L75@s8_finalize[qualified/rowtype field reference] ; database/048_sprint8_focused_level1_corrections.sql:L83@s8_get_player_state[qualified/rowtype field reference] ; database/048_sprint8_focused_level1_corrections.sql:L84@s8_get_player_state[qualified/rowtype field reference] ; database/048_sprint8_focused_level1_corrections.sql:L85@s8_get_player_state[qualified/rowtype field reference] ; database/048_sprint8_focused_level1_corrections.sql:L86@s8_get_player_state[qualified/rowtype field reference] ; database/048_sprint8_focused_level1_corrections.sql:L93@s8_get_finalization_state[qualified/rowtype field reference] ; database/048_sprint8_focused_level1_corrections.sql:L94@s8_get_finalization_state[qualified/rowtype field reference] ; database/048_sprint8_focused_level1_corrections.sql:L96@s8_get_finalization_state[qualified/rowtype field reference] ; database/049_sprint8_final_closure.sql:L156@s8_finalize[SELECT * INTO row] ; database/049_sprint8_final_closure.sql:L179@s8_get_finalization_state[qualified/rowtype field reference] ; database/049_sprint8_final_closure.sql:L180@s8_get_finalization_state[qualified/rowtype field reference] ; database/049_sprint8_final_closure.sql:L182@s8_get_finalization_state[qualified/rowtype field reference] ; database/049_sprint8_final_closure.sql:L70@s8_verify_integrity[SELECT * INTO row] ; database/054_level3_integrated_closure.sql:L103@teacher_apply_override[qualified/rowtype field reference] ; database/054_level3_integrated_closure.sql:L104@teacher_apply_override[qualified/rowtype field reference] ; database/054_level3_integrated_closure.sql:L115@s2_get_teacher_state[qualified/rowtype field reference] ; database/054_level3_integrated_closure.sql:L116@s2_get_teacher_state[qualified/rowtype field reference] ; database/054_level3_integrated_closure.sql:L153@s8_latest_completed_run[qualified/rowtype field reference] ; database/054_level3_integrated_closure.sql:L164@s8_get_finalization_state[qualified/rowtype field reference] ; database/054_level3_integrated_closure.sql:L17@teacher_apply_override[qualified/rowtype field reference] ; database/054_level3_integrated_closure.sql:L20@teacher_apply_override[SELECT * INTO row] ; database/054_level3_integrated_closure.sql:L22@teacher_apply_override[qualified/rowtype field reference] ; database/054_level3_integrated_closure.sql:L23@teacher_apply_override[qualified/rowtype field reference] ; database/054_level3_integrated_closure.sql:L27@teacher_apply_override[qualified/rowtype field reference] ; database/054_level3_integrated_closure.sql:L28@teacher_apply_override[qualified/rowtype field reference] ; database/054_level3_integrated_closure.sql:L30@teacher_apply_override[qualified/rowtype field reference] ; database/054_level3_integrated_closure.sql:L31@teacher_apply_override[qualified/rowtype field reference] ; database/054_level3_integrated_closure.sql:L32@teacher_apply_override[qualified/rowtype field reference] ; database/054_level3_integrated_closure.sql:L33@teacher_apply_override[qualified/rowtype field reference] ; database/054_level3_integrated_closure.sql:L41@teacher_apply_override[qualified/rowtype field reference] ; database/054_level3_integrated_closure.sql:L42@teacher_apply_override[qualified/rowtype field reference] ; database/054_level3_integrated_closure.sql:L44@teacher_apply_override[qualified/rowtype field reference] ; database/054_level3_integrated_closure.sql:L45@teacher_apply_override[qualified/rowtype field reference] ; database/054_level3_integrated_closure.sql:L47@teacher_apply_override[qualified/rowtype field reference] ; database/054_level3_integrated_closure.sql:L48@teacher_apply_override[qualified/rowtype field reference] ; database/054_level3_integrated_closure.sql:L50@teacher_apply_override[qualified/rowtype field reference] ; database/054_level3_integrated_closure.sql:L53@teacher_apply_override[qualified/rowtype field reference] ; database/054_level3_integrated_closure.sql:L54@teacher_apply_override[qualified/rowtype field reference] ; database/054_level3_integrated_closure.sql:L56@teacher_apply_override[qualified/rowtype field reference] ; database/054_level3_integrated_closure.sql:L57@teacher_apply_override[qualified/rowtype field reference] ; database/054_level3_integrated_closure.sql:L59@teacher_apply_override[qualified/rowtype field reference] ; database/054_level3_integrated_closure.sql:L62@teacher_apply_override[qualified/rowtype field reference] ; database/054_level3_integrated_closure.sql:L64@teacher_apply_override[qualified/rowtype field reference] ; database/054_level3_integrated_closure.sql:L65@teacher_apply_override[qualified/rowtype field reference] ; database/054_level3_integrated_closure.sql:L67@teacher_apply_override[qualified/rowtype field reference] ; database/054_level3_integrated_closure.sql:L69@teacher_apply_override[qualified/rowtype field reference] ; database/054_level3_integrated_closure.sql:L70@teacher_apply_override[qualified/rowtype field reference] ; database/054_level3_integrated_closure.sql:L71@teacher_apply_override[qualified/rowtype field reference] ; database/054_level3_integrated_closure.sql:L72@teacher_apply_override[qualified/rowtype field reference] ; database/054_level3_integrated_closure.sql:L74@teacher_apply_override[qualified/rowtype field reference] ; database/054_level3_integrated_closure.sql:L75@teacher_apply_override[qualified/rowtype field reference] ; database/054_level3_integrated_closure.sql:L76@teacher_apply_override[qualified/rowtype field reference] ; database/054_level3_integrated_closure.sql:L77@teacher_apply_override[qualified/rowtype field reference] ; database/054_level3_integrated_closure.sql:L78@teacher_apply_override[qualified/rowtype field reference] ; database/054_level3_integrated_closure.sql:L80@teacher_apply_override[qualified/rowtype field reference] ; database/054_level3_integrated_closure.sql:L81@teacher_apply_override[qualified/rowtype field reference] ; database/054_level3_integrated_closure.sql:L83@teacher_apply_override[qualified/rowtype field reference] ; database/054_level3_integrated_closure.sql:L84@teacher_apply_override[qualified/rowtype field reference] ; database/054_level3_integrated_closure.sql:L86@teacher_apply_override[qualified/rowtype field reference] ; database/054_level3_integrated_closure.sql:L87@teacher_apply_override[qualified/rowtype field reference] ; database/054_level3_integrated_closure.sql:L90@teacher_apply_override[qualified/rowtype field reference] ; database/054_level3_integrated_closure.sql:L91@teacher_apply_override[qualified/rowtype field reference] ; database/054_level3_integrated_closure.sql:L93@teacher_apply_override[qualified/rowtype field reference] ; database/054_level3_integrated_closure.sql:L94@teacher_apply_override[qualified/rowtype field reference] ; database/054_level3_integrated_closure.sql:L97@teacher_apply_override[qualified/rowtype field reference] ; database/054_level3_integrated_closure.sql:L98@teacher_apply_override[qualified/rowtype field reference] ; database/054_level3_integrated_closure.sql:L99@teacher_apply_override[qualified/rowtype field reference] ; database/059_structural_lifecycle_transition_spine.sql:L57@s9_enter_act6[qualified/rowtype field reference] ; database/059_structural_lifecycle_transition_spine.sql:L60@s9_enter_act6[qualified/rowtype field reference] ; database/059_structural_lifecycle_transition_spine.sql:L61@s9_enter_act6[qualified/rowtype field reference] ; database/059_structural_lifecycle_transition_spine.sql:L64@s9_enter_act6[qualified/rowtype field reference] ; database/059_structural_lifecycle_transition_spine.sql:L67@s9_enter_act6[qualified/rowtype field reference] ; database/059_structural_lifecycle_transition_spine.sql:L68@s9_enter_act6[qualified/rowtype field reference] ; database/059_structural_lifecycle_transition_spine.sql:L71@s9_enter_act6[qualified/rowtype field reference] ; database/060_package_a_ca_a_bounded_corrections.sql:L37@s9_observe_act5_handoff[qualified/rowtype field reference] ; database/060_package_a_ca_a_bounded_corrections.sql:L40@s9_observe_act5_handoff[qualified/rowtype field reference] ; database/060_package_a_ca_a_bounded_corrections.sql:L41@s9_observe_act5_handoff[qualified/rowtype field reference] ; database/060_package_a_ca_a_bounded_corrections.sql:L42@s9_observe_act5_handoff[qualified/rowtype field reference] ; database/060_package_a_ca_a_bounded_corrections.sql:L47@s9_observe_act5_handoff[qualified/rowtype field reference] ; database/060_package_a_ca_a_bounded_corrections.sql:L48@s9_observe_act5_handoff[qualified/rowtype field reference] ; database/060_package_a_ca_a_bounded_corrections.sql:L51@s9_observe_act5_handoff[qualified/rowtype field reference] ; database/060_package_a_ca_a_bounded_corrections.sql:L76@s9_enter_act6[qualified/rowtype field reference] ; database/060_package_a_ca_a_bounded_corrections.sql:L79@s9_enter_act6[qualified/rowtype field reference] ; database/060_package_a_ca_a_bounded_corrections.sql:L80@s9_enter_act6[qualified/rowtype field reference] ; database/060_package_a_ca_a_bounded_corrections.sql:L81@s9_enter_act6[qualified/rowtype field reference] ; database/060_package_a_ca_a_bounded_corrections.sql:L85@s9_enter_act6[qualified/rowtype field reference] ; database/060_package_a_ca_a_bounded_corrections.sql:L92@s9_enter_act6[qualified/rowtype field reference] ; database/060_package_a_ca_a_bounded_corrections.sql:L93@s9_enter_act6[qualified/rowtype field reference] ; database/060_package_a_ca_a_bounded_corrections.sql:L96@s9_enter_act6[qualified/rowtype field reference] ; database/061_package_a_act6_entry_timer_barrier.sql:L50@s9_enter_act6[qualified/rowtype field reference] ; database/061_package_a_act6_entry_timer_barrier.sql:L53@s9_enter_act6[qualified/rowtype field reference] ; database/061_package_a_act6_entry_timer_barrier.sql:L54@s9_enter_act6[qualified/rowtype field reference] ; database/061_package_a_act6_entry_timer_barrier.sql:L57@s9_enter_act6[qualified/rowtype field reference] ; database/061_package_a_act6_entry_timer_barrier.sql:L60@s9_enter_act6[qualified/rowtype field reference] ; database/061_package_a_act6_entry_timer_barrier.sql:L67@s9_enter_act6[qualified/rowtype field reference] ; database/061_package_a_act6_entry_timer_barrier.sql:L68@s9_enter_act6[qualified/rowtype field reference] ; database/061_package_a_act6_entry_timer_barrier.sql:L72@s9_enter_act6[qualified/rowtype field reference] ; database/061_package_a_act6_entry_timer_barrier.sql:L75@s9_enter_act6[qualified/rowtype field reference] ; database/061_package_a_act6_entry_timer_barrier.sql:L78@s9_enter_act6[qualified/rowtype field reference] ; database/061_package_a_act6_entry_timer_barrier.sql:L79@s9_enter_act6[qualified/rowtype field reference] ; database/061_package_a_act6_entry_timer_barrier.sql:L80@s9_enter_act6[qualified/rowtype field reference] ; database/061_package_a_act6_entry_timer_barrier.sql:L83@s9_enter_act6[qualified/rowtype field reference] ; database/063_package_a_player_entry_column_fix.sql:L25@s9_enter_act6[qualified/rowtype field reference] ; database/063_package_a_player_entry_column_fix.sql:L28@s9_enter_act6[qualified/rowtype field reference] ; database/063_package_a_player_entry_column_fix.sql:L29@s9_enter_act6[qualified/rowtype field reference] ; database/063_package_a_player_entry_column_fix.sql:L32@s9_enter_act6[qualified/rowtype field reference] ; database/063_package_a_player_entry_column_fix.sql:L35@s9_enter_act6[qualified/rowtype field reference] ; database/063_package_a_player_entry_column_fix.sql:L42@s9_enter_act6[qualified/rowtype field reference] ; database/063_package_a_player_entry_column_fix.sql:L43@s9_enter_act6[qualified/rowtype field reference] ; database/063_package_a_player_entry_column_fix.sql:L47@s9_enter_act6[qualified/rowtype field reference] ; database/063_package_a_player_entry_column_fix.sql:L50@s9_enter_act6[qualified/rowtype field reference] ; database/063_package_a_player_entry_column_fix.sql:L53@s9_enter_act6[qualified/rowtype field reference] ; database/063_package_a_player_entry_column_fix.sql:L54@s9_enter_act6[qualified/rowtype field reference] ; database/063_package_a_player_entry_column_fix.sql:L55@s9_enter_act6[qualified/rowtype field reference] ; database/063_package_a_player_entry_column_fix.sql:L58@s9_enter_act6[qualified/rowtype field reference] ; database/064_package_a_handoff_observation_column_fix.sql:L22@s9_observe_act5_handoff[qualified/rowtype field reference] ; database/064_package_a_handoff_observation_column_fix.sql:L25@s9_observe_act5_handoff[qualified/rowtype field reference] ; database/064_package_a_handoff_observation_column_fix.sql:L26@s9_observe_act5_handoff[qualified/rowtype field reference] ; database/064_package_a_handoff_observation_column_fix.sql:L27@s9_observe_act5_handoff[qualified/rowtype field reference] ; database/064_package_a_handoff_observation_column_fix.sql:L32@s9_observe_act5_handoff[qualified/rowtype field reference] ; database/064_package_a_handoff_observation_column_fix.sql:L33@s9_observe_act5_handoff[qualified/rowtype field reference] ; database/064_package_a_handoff_observation_column_fix.sql:L36@s9_observe_act5_handoff[qualified/rowtype field reference] ; database/065_package_b_player_wait_projection.sql:L11@s9_get_player_wait_state[qualified/rowtype field reference] ; database/065_package_b_player_wait_projection.sql:L12@s9_get_player_wait_state[qualified/rowtype field reference] ; database/065_package_b_player_wait_projection.sql:L13@s9_get_player_wait_state[qualified/rowtype field reference] ; database/065_package_b_player_wait_projection.sql:L14@s9_get_player_wait_state[qualified/rowtype field reference] ; database/065_package_b_player_wait_projection.sql:L18@s9_get_player_wait_state[qualified/rowtype field reference] ; database/065_package_b_player_wait_projection.sql:L9@s9_get_player_wait_state[qualified/rowtype field reference] ; database/066_package_b_wait_projection_locked_at_fix.sql:L11@s9_get_player_wait_state[qualified/rowtype field reference] ; database/066_package_b_wait_projection_locked_at_fix.sql:L12@s9_get_player_wait_state[qualified/rowtype field reference] ; database/066_package_b_wait_projection_locked_at_fix.sql:L13@s9_get_player_wait_state[qualified/rowtype field reference] ; database/066_package_b_wait_projection_locked_at_fix.sql:L14@s9_get_player_wait_state[qualified/rowtype field reference] ; database/066_package_b_wait_projection_locked_at_fix.sql:L18@s9_get_player_wait_state[qualified/rowtype field reference] ; database/066_package_b_wait_projection_locked_at_fix.sql:L9@s9_get_player_wait_state[qualified/rowtype field reference] ; database/067_package_b_allocation_progress_fix.sql:L11@s9_get_player_wait_state[qualified/rowtype field reference] ; database/067_package_b_allocation_progress_fix.sql:L13@s9_get_player_wait_state[qualified/rowtype field reference] ; database/067_package_b_allocation_progress_fix.sql:L15@s9_get_player_wait_state[qualified/rowtype field reference] ; database/067_package_b_allocation_progress_fix.sql:L17@s9_get_player_wait_state[qualified/rowtype field reference] ; database/067_package_b_allocation_progress_fix.sql:L18@s9_get_player_wait_state[qualified/rowtype field reference] ; database/067_package_b_allocation_progress_fix.sql:L22@s9_get_player_wait_state[qualified/rowtype field reference] ; database/067_package_b_allocation_progress_fix.sql:L9@s9_get_player_wait_state[qualified/rowtype field reference] ; database/068_package_c_authoritative_pocket_inspection.sql:L23@s9_inspect_pocket_item[qualified/rowtype field reference] ; database/068_package_c_authoritative_pocket_inspection.sql:L24@s9_inspect_pocket_item[qualified/rowtype field reference] ; database/068_package_c_authoritative_pocket_inspection.sql:L25@s9_inspect_pocket_item[qualified/rowtype field reference] ; database/068_package_c_authoritative_pocket_inspection.sql:L27@s9_inspect_pocket_item[qualified/rowtype field reference] ; database/068_package_c_authoritative_pocket_inspection.sql:L29@s9_inspect_pocket_item[qualified/rowtype field reference] ; database/068_package_c_authoritative_pocket_inspection.sql:L31@s9_inspect_pocket_item[qualified/rowtype field reference] ; database/068_package_c_authoritative_pocket_inspection.sql:L32@s9_inspect_pocket_item[qualified/rowtype field reference] ; database/068_package_c_authoritative_pocket_inspection.sql:L34@s9_inspect_pocket_item[qualified/rowtype field reference] ; database/068_package_c_authoritative_pocket_inspection.sql:L35@s9_inspect_pocket_item[qualified/rowtype field reference] ; database/068_package_c_authoritative_pocket_inspection.sql:L45@s3_set_item_view[qualified/rowtype field reference] ; database/068_package_c_authoritative_pocket_inspection.sql:L46@s3_set_item_view[qualified/rowtype field reference] ; database/068_package_c_authoritative_pocket_inspection.sql:L48@s3_set_item_view[qualified/rowtype field reference] ; database/068_package_c_authoritative_pocket_inspection.sql:L51@s3_set_item_view[qualified/rowtype field reference] ; database/068_package_c_authoritative_pocket_inspection.sql:L52@s3_set_item_view[qualified/rowtype field reference] ; database/068_package_c_authoritative_pocket_inspection.sql:L54@s3_set_item_view[qualified/rowtype field reference] ; database/068_package_c_authoritative_pocket_inspection.sql:L55@s3_set_item_view[qualified/rowtype field reference] ; database/068_package_c_authoritative_pocket_inspection.sql:L57@s3_set_item_view[qualified/rowtype field reference] ; database/068_package_c_authoritative_pocket_inspection.sql:L58@s3_set_item_view[qualified/rowtype field reference] ; database/068_package_c_authoritative_pocket_inspection.sql:L68@s3_get_player_state[qualified/rowtype field reference] ; database/068_package_c_authoritative_pocket_inspection.sql:L69@s3_get_player_state[qualified/rowtype field reference] ; database/068_package_c_authoritative_pocket_inspection.sql:L70@s3_get_player_state[qualified/rowtype field reference] ; database/068_package_c_authoritative_pocket_inspection.sql:L71@s3_get_player_state[qualified/rowtype field reference] ; database/068_package_c_authoritative_pocket_inspection.sql:L72@s3_get_player_state[qualified/rowtype field reference] ; database/068_package_c_authoritative_pocket_inspection.sql:L73@s3_get_player_state[qualified/rowtype field reference] ; database/068_package_c_authoritative_pocket_inspection.sql:L74@s3_get_player_state[qualified/rowtype field reference] ; database/068_package_c_authoritative_pocket_inspection.sql:L75@s3_get_player_state[qualified/rowtype field reference] ; database/068_package_c_authoritative_pocket_inspection.sql:L76@s3_get_player_state[qualified/rowtype field reference],0,,0,,1,database/002_runtime_runs_discussion.sql:L113@s2_protect_run_identity[NEW.field trigger reference; read/write not mechanically determined]
F0103,game_runs#02,game_runs,room_code,2,7,NO,1,database/002_runtime_runs_discussion.sql:L206@s2_start_run[INSERT explicit column]{DIRECT_OR_COMPUTED},44,database/002_runtime_runs_discussion.sql:L114@s2_protect_run_identity[OLD.field trigger reference] ; database/002_runtime_runs_discussion.sql:L138@s2_get_active_run[qualified/rowtype field reference] ; database/002_runtime_runs_discussion.sql:L262@s2_open_discussion[SELECT * INTO row] ; database/002_runtime_runs_discussion.sql:L398@s2_refresh_discussion[SELECT * INTO row] ; database/002_runtime_runs_discussion.sql:L408@s2_refresh_discussion[qualified/rowtype field reference] ; database/002_runtime_runs_discussion.sql:L419@s2_refresh_discussion[qualified/rowtype field reference] ; database/002_runtime_runs_discussion.sql:L435@s2_refresh_discussion[qualified/rowtype field reference] ; database/003_sprint2_discussionroom_audit_fix.sql:L45@s2_open_discussion[SELECT * INTO row] ; database/013_sprint3b_discussion_authority_and_request_identity.sql:L170@s3b_apply_resolved_discussion_internal[qualified/rowtype field reference] ; database/013_sprint3b_discussion_authority_and_request_identity.sql:L291@s2_submit_vote[SELECT * INTO row] ; database/013_sprint3b_discussion_authority_and_request_identity.sql:L61@s2_open_discussion[SELECT * INTO row] ; database/013_sprint3b_discussion_authority_and_request_identity.sql:L91@s3b_apply_resolved_discussion_internal[SELECT * INTO row] ; database/014_sprint3b_evidence_and_puzzle_integrity.sql:L386@s3b_submit_library_code[SELECT * INTO row] ; database/014_sprint3b_evidence_and_puzzle_integrity.sql:L466@s3b_submit_post_inspection_route_vote[SELECT * INTO row] ; database/014a_sprint3b_inspect_reconnect_idempotency_fix.sql:L17@s3b_apply_resolved_discussion_internal[SELECT * INTO row] ; database/014a_sprint3b_inspect_reconnect_idempotency_fix.sql:L96@s3b_apply_resolved_discussion_internal[qualified/rowtype field reference] ; database/014b_sprint3b_targeted_closure_corrections.sql:L106@s3b_complete_act1[SELECT * INTO row] ; database/014b_sprint3b_targeted_closure_corrections.sql:L112@s3b_submit_first_meeting[SELECT * INTO row] ; database/014b_sprint3b_targeted_closure_corrections.sql:L121@s3b_grab[SELECT * INTO row] ; database/014b_sprint3b_targeted_closure_corrections.sql:L126@s3b_leave_start_room[SELECT * INTO row] ; database/014b_sprint3b_targeted_closure_corrections.sql:L131@s3b_ack_route_update[SELECT * INTO row] ; database/014b_sprint3b_targeted_closure_corrections.sql:L136@s3b_complete_foldback[SELECT * INTO row] ; database/014b_sprint3b_targeted_closure_corrections.sql:L141@s3b_follow_sign[SELECT * INTO row] ; database/014b_sprint3b_targeted_closure_corrections.sql:L147@s3b_submit_act4_choice[SELECT * INTO row] ; database/014b_sprint3b_targeted_closure_corrections.sql:L18@s3b_initialize_flow[SELECT * INTO row] ; database/014b_sprint3b_targeted_closure_corrections.sql:L194@s3b_audit_set_private_debug_view[SELECT * INTO row] ; database/014b_sprint3b_targeted_closure_corrections.sql:L83@s3b_ack_act1_opening[SELECT * INTO row] ; database/014b_sprint3b_targeted_closure_corrections.sql:L94@s3b_submit_act1_choice[SELECT * INTO row] ; database/015_sprint3c_minimal_safe_teacher_override.sql:L69@teacher_apply_override[SELECT * INTO row] ; database/017_sprint3c_override_act2_entry_correction.sql:L20@s3b_submit_first_meeting[SELECT * INTO row] ; database/043_sprint7_teacher_console.sql:L14@s7_set_audit_private_debug[SELECT * INTO row] ; database/043_sprint7_teacher_console.sql:L33@s7_get_teacher_console[SELECT * INTO row] ; database/044_sprint7_focused_level1_corrections.sql:L22@s7_get_teacher_console[SELECT * INTO row] ; database/046_sprint8_act14_finalization_export.sql:L88@s8_export_session[qualified/rowtype field reference] ; database/047_sprint8_export_completeness.sql:L11@s8_export_session[qualified/rowtype field reference] ; database/048_sprint8_focused_level1_corrections.sql:L107@s8_export_session[qualified/rowtype field reference] ; database/048_sprint8_focused_level1_corrections.sql:L22@s8_finalize[SELECT * INTO row] ; database/048_sprint8_focused_level1_corrections.sql:L8@s8_latest_completed_run[qualified/rowtype field reference] ; database/049_sprint8_final_closure.sql:L156@s8_finalize[SELECT * INTO row] ; database/049_sprint8_final_closure.sql:L70@s8_verify_integrity[SELECT * INTO row] ; database/054_level3_integrated_closure.sql:L152@s8_latest_completed_run[qualified/rowtype field reference] ; database/054_level3_integrated_closure.sql:L165@s8_get_finalization_state[qualified/rowtype field reference] ; database/054_level3_integrated_closure.sql:L17@teacher_apply_override[qualified/rowtype field reference] ; database/054_level3_integrated_closure.sql:L20@teacher_apply_override[SELECT * INTO row],0,,0,,1,database/002_runtime_runs_discussion.sql:L114@s2_protect_run_identity[NEW.field trigger reference; read/write not mechanically determined]
F0104,game_runs#03,game_runs,run_started_at,3,1,YES,0,,50,database/002_runtime_runs_discussion.sql:L1044@s2_get_teacher_state[qualified/rowtype field reference] ; database/002_runtime_runs_discussion.sql:L115@s2_protect_run_identity[OLD.field trigger reference] ; database/002_runtime_runs_discussion.sql:L140@s2_get_active_run[qualified/rowtype field reference] ; database/002_runtime_runs_discussion.sql:L222@s2_start_run[qualified/rowtype field reference] ; database/002_runtime_runs_discussion.sql:L262@s2_open_discussion[SELECT * INTO row] ; database/002_runtime_runs_discussion.sql:L398@s2_refresh_discussion[SELECT * INTO row] ; database/002_runtime_runs_discussion.sql:L925@s2_get_player_state[qualified/rowtype field reference] ; database/003_sprint2_discussionroom_audit_fix.sql:L45@s2_open_discussion[SELECT * INTO row] ; database/003_sprint2_discussionroom_audit_fix.sql:L472@s2_get_player_state[qualified/rowtype field reference] ; database/003_sprint2_discussionroom_audit_fix.sql:L606@s2_get_teacher_state[qualified/rowtype field reference] ; database/013_sprint3b_discussion_authority_and_request_identity.sql:L291@s2_submit_vote[SELECT * INTO row] ; database/013_sprint3b_discussion_authority_and_request_identity.sql:L61@s2_open_discussion[SELECT * INTO row] ; database/013_sprint3b_discussion_authority_and_request_identity.sql:L91@s3b_apply_resolved_discussion_internal[SELECT * INTO row] ; database/014_sprint3b_evidence_and_puzzle_integrity.sql:L386@s3b_submit_library_code[SELECT * INTO row] ; database/014_sprint3b_evidence_and_puzzle_integrity.sql:L466@s3b_submit_post_inspection_route_vote[SELECT * INTO row] ; database/014a_sprint3b_inspect_reconnect_idempotency_fix.sql:L17@s3b_apply_resolved_discussion_internal[SELECT * INTO row] ; database/014b_sprint3b_targeted_closure_corrections.sql:L106@s3b_complete_act1[SELECT * INTO row] ; database/014b_sprint3b_targeted_closure_corrections.sql:L112@s3b_submit_first_meeting[SELECT * INTO row] ; database/014b_sprint3b_targeted_closure_corrections.sql:L121@s3b_grab[SELECT * INTO row] ; database/014b_sprint3b_targeted_closure_corrections.sql:L126@s3b_leave_start_room[SELECT * INTO row] ; database/014b_sprint3b_targeted_closure_corrections.sql:L131@s3b_ack_route_update[SELECT * INTO row] ; database/014b_sprint3b_targeted_closure_corrections.sql:L136@s3b_complete_foldback[SELECT * INTO row] ; database/014b_sprint3b_targeted_closure_corrections.sql:L141@s3b_follow_sign[SELECT * INTO row] ; database/014b_sprint3b_targeted_closure_corrections.sql:L147@s3b_submit_act4_choice[SELECT * INTO row] ; database/014b_sprint3b_targeted_closure_corrections.sql:L18@s3b_initialize_flow[SELECT * INTO row] ; database/014b_sprint3b_targeted_closure_corrections.sql:L194@s3b_audit_set_private_debug_view[SELECT * INTO row] ; database/014b_sprint3b_targeted_closure_corrections.sql:L83@s3b_ack_act1_opening[SELECT * INTO row] ; database/014b_sprint3b_targeted_closure_corrections.sql:L94@s3b_submit_act1_choice[SELECT * INTO row] ; database/015_sprint3c_minimal_safe_teacher_override.sql:L69@teacher_apply_override[SELECT * INTO row] ; database/017_sprint3c_override_act2_entry_correction.sql:L20@s3b_submit_first_meeting[SELECT * INTO row] ; database/043_sprint7_teacher_console.sql:L14@s7_set_audit_private_debug[SELECT * INTO row] ; database/043_sprint7_teacher_console.sql:L33@s7_get_teacher_console[SELECT * INTO row] ; database/044_sprint7_focused_level1_corrections.sql:L22@s7_get_teacher_console[SELECT * INTO row] ; database/044_sprint7_focused_level1_corrections.sql:L30@s7_get_teacher_console[qualified/rowtype field reference] ; database/046_sprint8_act14_finalization_export.sql:L76@s8_get_finalization_state[qualified/rowtype field reference] ; database/046_sprint8_act14_finalization_export.sql:L86@s8_export_session[qualified/rowtype field reference] ; database/046_sprint8_act14_finalization_export.sql:L88@s8_export_session[qualified/rowtype field reference] ; database/047_sprint8_export_completeness.sql:L11@s8_export_session[qualified/rowtype field reference] ; database/047_sprint8_export_completeness.sql:L9@s8_export_session[qualified/rowtype field reference] ; database/048_sprint8_focused_level1_corrections.sql:L105@s8_export_session[qualified/rowtype field reference] ; database/048_sprint8_focused_level1_corrections.sql:L107@s8_export_session[qualified/rowtype field reference] ; database/048_sprint8_focused_level1_corrections.sql:L10@s8_latest_completed_run[qualified/rowtype field reference] ; database/048_sprint8_focused_level1_corrections.sql:L22@s8_finalize[SELECT * INTO row] ; database/048_sprint8_focused_level1_corrections.sql:L95@s8_get_finalization_state[qualified/rowtype field reference] ; database/049_sprint8_final_closure.sql:L156@s8_finalize[SELECT * INTO row] ; database/049_sprint8_final_closure.sql:L181@s8_get_finalization_state[qualified/rowtype field reference] ; database/049_sprint8_final_closure.sql:L70@s8_verify_integrity[SELECT * INTO row] ; database/054_level3_integrated_closure.sql:L154@s8_latest_completed_run[qualified/rowtype field reference] ; database/054_level3_integrated_closure.sql:L164@s8_get_finalization_state[qualified/rowtype field reference] ; database/054_level3_integrated_closure.sql:L20@teacher_apply_override[SELECT * INTO row],0,,0,,1,database/002_runtime_runs_discussion.sql:L115@s2_protect_run_identity[NEW.field trigger reference; read/write not mechanically determined]
F0105,game_runs#04,game_runs,run_mode,4,1,YES,1,database/002_runtime_runs_discussion.sql:L206@s2_start_run[INSERT explicit column]{DIRECT_OR_COMPUTED},67,database/002_runtime_runs_discussion.sql:L1045@s2_get_teacher_state[qualified/rowtype field reference] ; database/002_runtime_runs_discussion.sql:L116@s2_protect_run_identity[OLD.field trigger reference] ; database/002_runtime_runs_discussion.sql:L215@s2_start_run[qualified/rowtype field reference] ; database/002_runtime_runs_discussion.sql:L223@s2_start_run[qualified/rowtype field reference] ; database/002_runtime_runs_discussion.sql:L262@s2_open_discussion[SELECT * INTO row] ; database/002_runtime_runs_discussion.sql:L398@s2_refresh_discussion[SELECT * INTO row] ; database/002_runtime_runs_discussion.sql:L926@s2_get_player_state[qualified/rowtype field reference] ; database/003_sprint2_discussionroom_audit_fix.sql:L45@s2_open_discussion[SELECT * INTO row] ; database/003_sprint2_discussionroom_audit_fix.sql:L473@s2_get_player_state[qualified/rowtype field reference] ; database/003_sprint2_discussionroom_audit_fix.sql:L607@s2_get_teacher_state[qualified/rowtype field reference] ; database/005_sprint3a_scene_pocket_knowledge_foundation.sql:L167@s3_initialize_audit_fixture[qualified/rowtype field reference] ; database/005_sprint3a_scene_pocket_knowledge_foundation.sql:L248@s3_get_teacher_state[qualified/rowtype field reference] ; database/006_sprint3a_provenance_view_integrity_fix.sql:L106@s3_initialize_audit_fixture[qualified/rowtype field reference] ; database/006_sprint3a_provenance_view_integrity_fix.sql:L124@s3_audit_provenance_probe[qualified/rowtype field reference] ; database/007_sprint3b_act1_5_placeholder_flow.sql:L206@s3b_audit_expire_puzzle[qualified/rowtype field reference] ; database/010_sprint3b_flow_integrity_and_inspect_fix.sql:L108@s3b_audit_set_puzzle_elapsed[qualified/rowtype field reference] ; database/011_sprint3b_transition_and_act1_delivery_integrity.sql:L103@s3b_audit_set_puzzle_elapsed[qualified/rowtype field reference] ; database/013_sprint3b_discussion_authority_and_request_identity.sql:L291@s2_submit_vote[SELECT * INTO row] ; database/013_sprint3b_discussion_authority_and_request_identity.sql:L61@s2_open_discussion[SELECT * INTO row] ; database/013_sprint3b_discussion_authority_and_request_identity.sql:L91@s3b_apply_resolved_discussion_internal[SELECT * INTO row] ; database/014_sprint3b_evidence_and_puzzle_integrity.sql:L386@s3b_submit_library_code[SELECT * INTO row] ; database/014_sprint3b_evidence_and_puzzle_integrity.sql:L466@s3b_submit_post_inspection_route_vote[SELECT * INTO row] ; database/014a_sprint3b_inspect_reconnect_idempotency_fix.sql:L17@s3b_apply_resolved_discussion_internal[SELECT * INTO row] ; database/014b_sprint3b_targeted_closure_corrections.sql:L106@s3b_complete_act1[SELECT * INTO row] ; database/014b_sprint3b_targeted_closure_corrections.sql:L112@s3b_submit_first_meeting[SELECT * INTO row] ; database/014b_sprint3b_targeted_closure_corrections.sql:L121@s3b_grab[SELECT * INTO row] ; database/014b_sprint3b_targeted_closure_corrections.sql:L126@s3b_leave_start_room[SELECT * INTO row] ; database/014b_sprint3b_targeted_closure_corrections.sql:L131@s3b_ack_route_update[SELECT * INTO row] ; database/014b_sprint3b_targeted_closure_corrections.sql:L136@s3b_complete_foldback[SELECT * INTO row] ; database/014b_sprint3b_targeted_closure_corrections.sql:L141@s3b_follow_sign[SELECT * INTO row] ; database/014b_sprint3b_targeted_closure_corrections.sql:L147@s3b_submit_act4_choice[SELECT * INTO row] ; database/014b_sprint3b_targeted_closure_corrections.sql:L179@s2_get_teacher_state[qualified/rowtype field reference] ; database/014b_sprint3b_targeted_closure_corrections.sql:L18@s3b_initialize_flow[SELECT * INTO row] ; database/014b_sprint3b_targeted_closure_corrections.sql:L194@s3b_audit_set_private_debug_view[SELECT * INTO row] ; database/014b_sprint3b_targeted_closure_corrections.sql:L196@s3b_audit_set_private_debug_view[qualified/rowtype field reference] ; database/014b_sprint3b_targeted_closure_corrections.sql:L83@s3b_ack_act1_opening[SELECT * INTO row] ; database/014b_sprint3b_targeted_closure_corrections.sql:L94@s3b_submit_act1_choice[SELECT * INTO row] ; database/015_sprint3c_minimal_safe_teacher_override.sql:L69@teacher_apply_override[SELECT * INTO row] ; database/017_sprint3c_override_act2_entry_correction.sql:L20@s3b_submit_first_meeting[SELECT * INTO row] ; database/029_sprint5_canonical_discussion_localization.sql:L98@s5_audit_expire_discussion[qualified/rowtype field reference] ; database/031_sprint5_focused_reaudit_corrections.sql:L31@s5_get_teacher_discussion_state[qualified/rowtype field reference] ; database/040_level2_closure_verification_support.sql:L13@s6_verify_expire_discussion[qualified/rowtype field reference] ; database/041_level2_normal_s5_verification_support.sql:L13@s5_verify_expire_discussion[qualified/rowtype field reference] ; database/043_sprint7_teacher_console.sql:L14@s7_set_audit_private_debug[SELECT * INTO row] ; database/043_sprint7_teacher_console.sql:L16@s7_set_audit_private_debug[qualified/rowtype field reference] ; database/043_sprint7_teacher_console.sql:L21@s7_set_audit_private_debug[qualified/rowtype field reference] ; database/043_sprint7_teacher_console.sql:L33@s7_get_teacher_console[SELECT * INTO row] ; database/043_sprint7_teacher_console.sql:L54@s7_get_teacher_console[qualified/rowtype field reference] ; database/043_sprint7_teacher_console.sql:L76@s7_get_teacher_console[qualified/rowtype field reference] ; database/044_sprint7_focused_level1_corrections.sql:L22@s7_get_teacher_console[SELECT * INTO row] ; database/044_sprint7_focused_level1_corrections.sql:L30@s7_get_teacher_console[qualified/rowtype field reference] ; database/044_sprint7_focused_level1_corrections.sql:L53@s7_get_teacher_console[qualified/rowtype field reference] ; database/044_sprint7_focused_level1_corrections.sql:L65@s7_get_teacher_console[qualified/rowtype field reference] ; database/046_sprint8_act14_finalization_export.sql:L76@s8_get_finalization_state[qualified/rowtype field reference] ; database/046_sprint8_act14_finalization_export.sql:L86@s8_export_session[qualified/rowtype field reference] ; database/046_sprint8_act14_finalization_export.sql:L88@s8_export_session[qualified/rowtype field reference] ; database/047_sprint8_export_completeness.sql:L11@s8_export_session[qualified/rowtype field reference] ; database/047_sprint8_export_completeness.sql:L9@s8_export_session[qualified/rowtype field reference] ; database/048_sprint8_focused_level1_corrections.sql:L105@s8_export_session[qualified/rowtype field reference] ; database/048_sprint8_focused_level1_corrections.sql:L107@s8_export_session[qualified/rowtype field reference] ; database/048_sprint8_focused_level1_corrections.sql:L22@s8_finalize[SELECT * INTO row] ; database/048_sprint8_focused_level1_corrections.sql:L95@s8_get_finalization_state[qualified/rowtype field reference] ; database/049_sprint8_final_closure.sql:L156@s8_finalize[SELECT * INTO row] ; database/049_sprint8_final_closure.sql:L181@s8_get_finalization_state[qualified/rowtype field reference] ; database/049_sprint8_final_closure.sql:L70@s8_verify_integrity[SELECT * INTO row] ; database/054_level3_integrated_closure.sql:L164@s8_get_finalization_state[qualified/rowtype field reference] ; database/054_level3_integrated_closure.sql:L20@teacher_apply_override[SELECT * INTO row],10,MEDIUM:src/teacher/teacher-console.js:L221@renderDiscussionState[property-name reference] ; MEDIUM:src/teacher/teacher-console.js:L268@renderOperationsState[property-name reference] ; MEDIUM:src/teacher/teacher-console.js:L269@renderOperationsState[property-name reference] ; MEDIUM:tests/level3-closure-static-check.js:L65@requireAll[property-name reference] ; MEDIUM:tests/level3-closure-static-check.js:L71@requireAll[property-name reference] ; MEDIUM:tests/sprint2-live-e2e.js:L146@testChatPrivacyAndThreeZero[property-name reference] ; MEDIUM:tests/sprint2-live-e2e.js:L232@testDeadlineAndAudit[property-name reference] ; MEDIUM:tests/sprint2-static-check.js:L94@TOP_LEVEL[property-name reference] ; MEDIUM:tests/sprint3b-remediation-static-check.js:L72@requireFragments[property-name reference] ; MEDIUM:tests/sprint8-live-e2e.js:L39@main[property-name reference],0,,1,database/002_runtime_runs_discussion.sql:L116@s2_protect_run_identity[NEW.field trigger reference; read/write not mechanically determined]
F0106,game_runs#05,game_runs,behavior_dataset_eligible,5,1,YES,1,database/002_runtime_runs_discussion.sql:L206@s2_start_run[INSERT explicit column]{DIRECT_OR_COMPUTED},43,database/002_runtime_runs_discussion.sql:L1046@s2_get_teacher_state[qualified/rowtype field reference] ; database/002_runtime_runs_discussion.sql:L117@s2_protect_run_identity[OLD.field trigger reference] ; database/002_runtime_runs_discussion.sql:L216@s2_start_run[qualified/rowtype field reference] ; database/002_runtime_runs_discussion.sql:L224@s2_start_run[qualified/rowtype field reference] ; database/002_runtime_runs_discussion.sql:L262@s2_open_discussion[SELECT * INTO row] ; database/002_runtime_runs_discussion.sql:L398@s2_refresh_discussion[SELECT * INTO row] ; database/002_runtime_runs_discussion.sql:L927@s2_get_player_state[qualified/rowtype field reference] ; database/003_sprint2_discussionroom_audit_fix.sql:L45@s2_open_discussion[SELECT * INTO row] ; database/003_sprint2_discussionroom_audit_fix.sql:L474@s2_get_player_state[qualified/rowtype field reference] ; database/003_sprint2_discussionroom_audit_fix.sql:L608@s2_get_teacher_state[qualified/rowtype field reference] ; database/013_sprint3b_discussion_authority_and_request_identity.sql:L291@s2_submit_vote[SELECT * INTO row] ; database/013_sprint3b_discussion_authority_and_request_identity.sql:L61@s2_open_discussion[SELECT * INTO row] ; database/013_sprint3b_discussion_authority_and_request_identity.sql:L91@s3b_apply_resolved_discussion_internal[SELECT * INTO row] ; database/014_sprint3b_evidence_and_puzzle_integrity.sql:L386@s3b_submit_library_code[SELECT * INTO row] ; database/014_sprint3b_evidence_and_puzzle_integrity.sql:L466@s3b_submit_post_inspection_route_vote[SELECT * INTO row] ; database/014a_sprint3b_inspect_reconnect_idempotency_fix.sql:L17@s3b_apply_resolved_discussion_internal[SELECT * INTO row] ; database/014b_sprint3b_targeted_closure_corrections.sql:L106@s3b_complete_act1[SELECT * INTO row] ; database/014b_sprint3b_targeted_closure_corrections.sql:L112@s3b_submit_first_meeting[SELECT * INTO row] ; database/014b_sprint3b_targeted_closure_corrections.sql:L121@s3b_grab[SELECT * INTO row] ; database/014b_sprint3b_targeted_closure_corrections.sql:L126@s3b_leave_start_room[SELECT * INTO row] ; database/014b_sprint3b_targeted_closure_corrections.sql:L131@s3b_ack_route_update[SELECT * INTO row] ; database/014b_sprint3b_targeted_closure_corrections.sql:L136@s3b_complete_foldback[SELECT * INTO row] ; database/014b_sprint3b_targeted_closure_corrections.sql:L141@s3b_follow_sign[SELECT * INTO row] ; database/014b_sprint3b_targeted_closure_corrections.sql:L147@s3b_submit_act4_choice[SELECT * INTO row] ; database/014b_sprint3b_targeted_closure_corrections.sql:L18@s3b_initialize_flow[SELECT * INTO row] ; database/014b_sprint3b_targeted_closure_corrections.sql:L194@s3b_audit_set_private_debug_view[SELECT * INTO row] ; database/014b_sprint3b_targeted_closure_corrections.sql:L83@s3b_ack_act1_opening[SELECT * INTO row] ; database/014b_sprint3b_targeted_closure_corrections.sql:L94@s3b_submit_act1_choice[SELECT * INTO row] ; database/015_sprint3c_minimal_safe_teacher_override.sql:L69@teacher_apply_override[SELECT * INTO row] ; database/017_sprint3c_override_act2_entry_correction.sql:L20@s3b_submit_first_meeting[SELECT * INTO row] ; database/031_sprint5_focused_reaudit_corrections.sql:L31@s5_get_teacher_discussion_state[qualified/rowtype field reference] ; database/043_sprint7_teacher_console.sql:L14@s7_set_audit_private_debug[SELECT * INTO row] ; database/043_sprint7_teacher_console.sql:L33@s7_get_teacher_console[SELECT * INTO row] ; database/043_sprint7_teacher_console.sql:L76@s7_get_teacher_console[qualified/rowtype field reference] ; database/044_sprint7_focused_level1_corrections.sql:L22@s7_get_teacher_console[SELECT * INTO row] ; database/044_sprint7_focused_level1_corrections.sql:L65@s7_get_teacher_console[qualified/rowtype field reference] ; database/046_sprint8_act14_finalization_export.sql:L88@s8_export_session[qualified/rowtype field reference] ; database/047_sprint8_export_completeness.sql:L11@s8_export_session[qualified/rowtype field reference] ; database/048_sprint8_focused_level1_corrections.sql:L107@s8_export_session[qualified/rowtype field reference] ; database/048_sprint8_focused_level1_corrections.sql:L22@s8_finalize[SELECT * INTO row] ; database/049_sprint8_final_closure.sql:L156@s8_finalize[SELECT * INTO row] ; database/049_sprint8_final_closure.sql:L70@s8_verify_integrity[SELECT * INTO row] ; database/054_level3_integrated_closure.sql:L20@teacher_apply_override[SELECT * INTO row],5,MEDIUM:src/teacher/teacher-console.js:L238@renderDiscussionState[property-name reference] ; MEDIUM:tests/sprint2-live-e2e.js:L146@testChatPrivacyAndThreeZero[property-name reference] ; MEDIUM:tests/sprint2-live-e2e.js:L232@testDeadlineAndAudit[property-name reference] ; MEDIUM:tests/sprint2-static-check.js:L94@TOP_LEVEL[property-name reference] ; MEDIUM:tests/sprint8-live-e2e.js:L39@main[property-name reference],0,,1,database/002_runtime_runs_discussion.sql:L117@s2_protect_run_identity[NEW.field trigger reference; read/write not mechanically determined]
F0107,game_runs#06,game_runs,status,6,4,NO,2,database/048_sprint8_focused_level1_corrections.sql:L72@s8_finalize[UPDATE SET]{DIRECT_OR_COMPUTED} ; database/049_sprint8_final_closure.sql:L169@s8_finalize[UPDATE SET]{DIRECT_OR_COMPUTED},38,database/002_runtime_runs_discussion.sql:L139@s2_get_active_run[qualified/rowtype field reference] ; database/002_runtime_runs_discussion.sql:L262@s2_open_discussion[SELECT * INTO row] ; database/002_runtime_runs_discussion.sql:L398@s2_refresh_discussion[SELECT * INTO row] ; database/003_sprint2_discussionroom_audit_fix.sql:L45@s2_open_discussion[SELECT * INTO row] ; database/013_sprint3b_discussion_authority_and_request_identity.sql:L291@s2_submit_vote[SELECT * INTO row] ; database/013_sprint3b_discussion_authority_and_request_identity.sql:L61@s2_open_discussion[SELECT * INTO row] ; database/013_sprint3b_discussion_authority_and_request_identity.sql:L91@s3b_apply_resolved_discussion_internal[SELECT * INTO row] ; database/014_sprint3b_evidence_and_puzzle_integrity.sql:L386@s3b_submit_library_code[SELECT * INTO row] ; database/014_sprint3b_evidence_and_puzzle_integrity.sql:L466@s3b_submit_post_inspection_route_vote[SELECT * INTO row] ; database/014a_sprint3b_inspect_reconnect_idempotency_fix.sql:L17@s3b_apply_resolved_discussion_internal[SELECT * INTO row] ; database/014b_sprint3b_targeted_closure_corrections.sql:L106@s3b_complete_act1[SELECT * INTO row] ; database/014b_sprint3b_targeted_closure_corrections.sql:L112@s3b_submit_first_meeting[SELECT * INTO row] ; database/014b_sprint3b_targeted_closure_corrections.sql:L121@s3b_grab[SELECT * INTO row] ; database/014b_sprint3b_targeted_closure_corrections.sql:L126@s3b_leave_start_room[SELECT * INTO row] ; database/014b_sprint3b_targeted_closure_corrections.sql:L131@s3b_ack_route_update[SELECT * INTO row] ; database/014b_sprint3b_targeted_closure_corrections.sql:L136@s3b_complete_foldback[SELECT * INTO row] ; database/014b_sprint3b_targeted_closure_corrections.sql:L141@s3b_follow_sign[SELECT * INTO row] ; database/014b_sprint3b_targeted_closure_corrections.sql:L147@s3b_submit_act4_choice[SELECT * INTO row] ; database/014b_sprint3b_targeted_closure_corrections.sql:L18@s3b_initialize_flow[SELECT * INTO row] ; database/014b_sprint3b_targeted_closure_corrections.sql:L194@s3b_audit_set_private_debug_view[SELECT * INTO row] ; database/014b_sprint3b_targeted_closure_corrections.sql:L83@s3b_ack_act1_opening[SELECT * INTO row] ; database/014b_sprint3b_targeted_closure_corrections.sql:L94@s3b_submit_act1_choice[SELECT * INTO row] ; database/015_sprint3c_minimal_safe_teacher_override.sql:L69@teacher_apply_override[SELECT * INTO row] ; database/017_sprint3c_override_act2_entry_correction.sql:L20@s3b_submit_first_meeting[SELECT * INTO row] ; database/043_sprint7_teacher_console.sql:L14@s7_set_audit_private_debug[SELECT * INTO row] ; database/043_sprint7_teacher_console.sql:L33@s7_get_teacher_console[SELECT * INTO row] ; database/043_sprint7_teacher_console.sql:L76@s7_get_teacher_console[qualified/rowtype field reference] ; database/044_sprint7_focused_level1_corrections.sql:L22@s7_get_teacher_console[SELECT * INTO row] ; database/044_sprint7_focused_level1_corrections.sql:L65@s7_get_teacher_console[qualified/rowtype field reference] ; database/048_sprint8_focused_level1_corrections.sql:L22@s8_finalize[SELECT * INTO row] ; database/048_sprint8_focused_level1_corrections.sql:L8@s8_latest_completed_run[qualified/rowtype field reference] ; database/049_sprint8_final_closure.sql:L156@s8_finalize[SELECT * INTO row] ; database/049_sprint8_final_closure.sql:L160@s8_finalize[qualified/rowtype field reference] ; database/049_sprint8_final_closure.sql:L70@s8_verify_integrity[SELECT * INTO row] ; database/054_level3_integrated_closure.sql:L152@s8_latest_completed_run[qualified/rowtype field reference] ; database/054_level3_integrated_closure.sql:L165@s8_get_finalization_state[qualified/rowtype field reference] ; database/054_level3_integrated_closure.sql:L17@teacher_apply_override[qualified/rowtype field reference] ; database/054_level3_integrated_closure.sql:L20@teacher_apply_override[SELECT * INTO row],0,,0,,0,
F0108,game_runs#07,game_runs,scene_id,7,11,NO,3,database/046_sprint8_act14_finalization_export.sql:L56@s8_finalize[UPDATE SET]{DIRECT_OR_COMPUTED} ; database/048_sprint8_focused_level1_corrections.sql:L72@s8_finalize[UPDATE SET]{DIRECT_OR_COMPUTED} ; database/049_sprint8_final_closure.sql:L169@s8_finalize[UPDATE SET]{DIRECT_OR_COMPUTED},39,database/002_runtime_runs_discussion.sql:L262@s2_open_discussion[SELECT * INTO row] ; database/002_runtime_runs_discussion.sql:L349@s2_open_discussion[qualified/rowtype field reference] ; database/002_runtime_runs_discussion.sql:L398@s2_refresh_discussion[SELECT * INTO row] ; database/003_sprint2_discussionroom_audit_fix.sql:L124@s2_open_discussion[qualified/rowtype field reference] ; database/003_sprint2_discussionroom_audit_fix.sql:L45@s2_open_discussion[SELECT * INTO row] ; database/013_sprint3b_discussion_authority_and_request_identity.sql:L291@s2_submit_vote[SELECT * INTO row] ; database/013_sprint3b_discussion_authority_and_request_identity.sql:L61@s2_open_discussion[SELECT * INTO row] ; database/013_sprint3b_discussion_authority_and_request_identity.sql:L91@s3b_apply_resolved_discussion_internal[SELECT * INTO row] ; database/014_sprint3b_evidence_and_puzzle_integrity.sql:L386@s3b_submit_library_code[SELECT * INTO row] ; database/014_sprint3b_evidence_and_puzzle_integrity.sql:L466@s3b_submit_post_inspection_route_vote[SELECT * INTO row] ; database/014a_sprint3b_inspect_reconnect_idempotency_fix.sql:L17@s3b_apply_resolved_discussion_internal[SELECT * INTO row] ; database/014b_sprint3b_targeted_closure_corrections.sql:L106@s3b_complete_act1[SELECT * INTO row] ; database/014b_sprint3b_targeted_closure_corrections.sql:L112@s3b_submit_first_meeting[SELECT * INTO row] ; database/014b_sprint3b_targeted_closure_corrections.sql:L121@s3b_grab[SELECT * INTO row] ; database/014b_sprint3b_targeted_closure_corrections.sql:L126@s3b_leave_start_room[SELECT * INTO row] ; database/014b_sprint3b_targeted_closure_corrections.sql:L131@s3b_ack_route_update[SELECT * INTO row] ; database/014b_sprint3b_targeted_closure_corrections.sql:L136@s3b_complete_foldback[SELECT * INTO row] ; database/014b_sprint3b_targeted_closure_corrections.sql:L141@s3b_follow_sign[SELECT * INTO row] ; database/014b_sprint3b_targeted_closure_corrections.sql:L147@s3b_submit_act4_choice[SELECT * INTO row] ; database/014b_sprint3b_targeted_closure_corrections.sql:L18@s3b_initialize_flow[SELECT * INTO row] ; database/014b_sprint3b_targeted_closure_corrections.sql:L194@s3b_audit_set_private_debug_view[SELECT * INTO row] ; database/014b_sprint3b_targeted_closure_corrections.sql:L83@s3b_ack_act1_opening[SELECT * INTO row] ; database/014b_sprint3b_targeted_closure_corrections.sql:L94@s3b_submit_act1_choice[SELECT * INTO row] ; database/015_sprint3c_minimal_safe_teacher_override.sql:L69@teacher_apply_override[SELECT * INTO row] ; database/017_sprint3c_override_act2_entry_correction.sql:L20@s3b_submit_first_meeting[SELECT * INTO row] ; database/043_sprint7_teacher_console.sql:L14@s7_set_audit_private_debug[SELECT * INTO row] ; database/043_sprint7_teacher_console.sql:L33@s7_get_teacher_console[SELECT * INTO row] ; database/043_sprint7_teacher_console.sql:L39@s7_get_teacher_console[qualified/rowtype field reference] ; database/043_sprint7_teacher_console.sql:L77@s7_get_teacher_console[qualified/rowtype field reference] ; database/044_sprint7_focused_level1_corrections.sql:L22@s7_get_teacher_console[SELECT * INTO row] ; database/044_sprint7_focused_level1_corrections.sql:L28@s7_get_teacher_console[qualified/rowtype field reference] ; database/044_sprint7_focused_level1_corrections.sql:L65@s7_get_teacher_console[qualified/rowtype field reference] ; database/046_sprint8_act14_finalization_export.sql:L89@s8_export_session[qualified/rowtype field reference] ; database/047_sprint8_export_completeness.sql:L12@s8_export_session[qualified/rowtype field reference] ; database/048_sprint8_focused_level1_corrections.sql:L108@s8_export_session[qualified/rowtype field reference] ; database/048_sprint8_focused_level1_corrections.sql:L22@s8_finalize[SELECT * INTO row] ; database/049_sprint8_final_closure.sql:L156@s8_finalize[SELECT * INTO row] ; database/049_sprint8_final_closure.sql:L70@s8_verify_integrity[SELECT * INTO row] ; database/054_level3_integrated_closure.sql:L20@teacher_apply_override[SELECT * INTO row],0,,0,,0,
F0109,game_runs#08,game_runs,phase_key,8,13,NO,3,database/046_sprint8_act14_finalization_export.sql:L56@s8_finalize[UPDATE SET]{DIRECT_OR_COMPUTED} ; database/048_sprint8_focused_level1_corrections.sql:L72@s8_finalize[UPDATE SET]{DIRECT_OR_COMPUTED} ; database/049_sprint8_final_closure.sql:L169@s8_finalize[UPDATE SET]{DIRECT_OR_COMPUTED},41,database/002_runtime_runs_discussion.sql:L262@s2_open_discussion[SELECT * INTO row] ; database/002_runtime_runs_discussion.sql:L349@s2_open_discussion[qualified/rowtype field reference] ; database/002_runtime_runs_discussion.sql:L398@s2_refresh_discussion[SELECT * INTO row] ; database/003_sprint2_discussionroom_audit_fix.sql:L124@s2_open_discussion[qualified/rowtype field reference] ; database/003_sprint2_discussionroom_audit_fix.sql:L45@s2_open_discussion[SELECT * INTO row] ; database/013_sprint3b_discussion_authority_and_request_identity.sql:L291@s2_submit_vote[SELECT * INTO row] ; database/013_sprint3b_discussion_authority_and_request_identity.sql:L61@s2_open_discussion[SELECT * INTO row] ; database/013_sprint3b_discussion_authority_and_request_identity.sql:L91@s3b_apply_resolved_discussion_internal[SELECT * INTO row] ; database/014_sprint3b_evidence_and_puzzle_integrity.sql:L386@s3b_submit_library_code[SELECT * INTO row] ; database/014_sprint3b_evidence_and_puzzle_integrity.sql:L466@s3b_submit_post_inspection_route_vote[SELECT * INTO row] ; database/014a_sprint3b_inspect_reconnect_idempotency_fix.sql:L17@s3b_apply_resolved_discussion_internal[SELECT * INTO row] ; database/014b_sprint3b_targeted_closure_corrections.sql:L106@s3b_complete_act1[SELECT * INTO row] ; database/014b_sprint3b_targeted_closure_corrections.sql:L112@s3b_submit_first_meeting[SELECT * INTO row] ; database/014b_sprint3b_targeted_closure_corrections.sql:L121@s3b_grab[SELECT * INTO row] ; database/014b_sprint3b_targeted_closure_corrections.sql:L126@s3b_leave_start_room[SELECT * INTO row] ; database/014b_sprint3b_targeted_closure_corrections.sql:L131@s3b_ack_route_update[SELECT * INTO row] ; database/014b_sprint3b_targeted_closure_corrections.sql:L136@s3b_complete_foldback[SELECT * INTO row] ; database/014b_sprint3b_targeted_closure_corrections.sql:L141@s3b_follow_sign[SELECT * INTO row] ; database/014b_sprint3b_targeted_closure_corrections.sql:L147@s3b_submit_act4_choice[SELECT * INTO row] ; database/014b_sprint3b_targeted_closure_corrections.sql:L18@s3b_initialize_flow[SELECT * INTO row] ; database/014b_sprint3b_targeted_closure_corrections.sql:L194@s3b_audit_set_private_debug_view[SELECT * INTO row] ; database/014b_sprint3b_targeted_closure_corrections.sql:L83@s3b_ack_act1_opening[SELECT * INTO row] ; database/014b_sprint3b_targeted_closure_corrections.sql:L94@s3b_submit_act1_choice[SELECT * INTO row] ; database/015_sprint3c_minimal_safe_teacher_override.sql:L69@teacher_apply_override[SELECT * INTO row] ; database/017_sprint3c_override_act2_entry_correction.sql:L20@s3b_submit_first_meeting[SELECT * INTO row] ; database/043_sprint7_teacher_console.sql:L14@s7_set_audit_private_debug[SELECT * INTO row] ; database/043_sprint7_teacher_console.sql:L33@s7_get_teacher_console[SELECT * INTO row] ; database/043_sprint7_teacher_console.sql:L45@s7_get_teacher_console[qualified/rowtype field reference] ; database/043_sprint7_teacher_console.sql:L77@s7_get_teacher_console[qualified/rowtype field reference] ; database/044_sprint7_focused_level1_corrections.sql:L22@s7_get_teacher_console[SELECT * INTO row] ; database/044_sprint7_focused_level1_corrections.sql:L35@s7_get_teacher_console[qualified/rowtype field reference] ; database/044_sprint7_focused_level1_corrections.sql:L44@s7_get_teacher_console[qualified/rowtype field reference] ; database/044_sprint7_focused_level1_corrections.sql:L48@s7_get_teacher_console[qualified/rowtype field reference] ; database/044_sprint7_focused_level1_corrections.sql:L65@s7_get_teacher_console[qualified/rowtype field reference] ; database/046_sprint8_act14_finalization_export.sql:L89@s8_export_session[qualified/rowtype field reference] ; database/047_sprint8_export_completeness.sql:L12@s8_export_session[qualified/rowtype field reference] ; database/048_sprint8_focused_level1_corrections.sql:L108@s8_export_session[qualified/rowtype field reference] ; database/048_sprint8_focused_level1_corrections.sql:L22@s8_finalize[SELECT * INTO row] ; database/049_sprint8_final_closure.sql:L156@s8_finalize[SELECT * INTO row] ; database/049_sprint8_final_closure.sql:L70@s8_verify_integrity[SELECT * INTO row] ; database/054_level3_integrated_closure.sql:L20@teacher_apply_override[SELECT * INTO row],0,,0,,0,
F0110,game_runs#09,game_runs,step_key,9,6,NO,3,database/046_sprint8_act14_finalization_export.sql:L56@s8_finalize[UPDATE SET]{DIRECT_OR_COMPUTED} ; database/048_sprint8_focused_level1_corrections.sql:L72@s8_finalize[UPDATE SET]{DIRECT_OR_COMPUTED} ; database/049_sprint8_final_closure.sql:L169@s8_finalize[UPDATE SET]{DIRECT_OR_COMPUTED},37,database/002_runtime_runs_discussion.sql:L262@s2_open_discussion[SELECT * INTO row] ; database/002_runtime_runs_discussion.sql:L349@s2_open_discussion[qualified/rowtype field reference] ; database/002_runtime_runs_discussion.sql:L398@s2_refresh_discussion[SELECT * INTO row] ; database/003_sprint2_discussionroom_audit_fix.sql:L124@s2_open_discussion[qualified/rowtype field reference] ; database/003_sprint2_discussionroom_audit_fix.sql:L45@s2_open_discussion[SELECT * INTO row] ; database/013_sprint3b_discussion_authority_and_request_identity.sql:L291@s2_submit_vote[SELECT * INTO row] ; database/013_sprint3b_discussion_authority_and_request_identity.sql:L61@s2_open_discussion[SELECT * INTO row] ; database/013_sprint3b_discussion_authority_and_request_identity.sql:L91@s3b_apply_resolved_discussion_internal[SELECT * INTO row] ; database/014_sprint3b_evidence_and_puzzle_integrity.sql:L386@s3b_submit_library_code[SELECT * INTO row] ; database/014_sprint3b_evidence_and_puzzle_integrity.sql:L466@s3b_submit_post_inspection_route_vote[SELECT * INTO row] ; database/014a_sprint3b_inspect_reconnect_idempotency_fix.sql:L17@s3b_apply_resolved_discussion_internal[SELECT * INTO row] ; database/014b_sprint3b_targeted_closure_corrections.sql:L106@s3b_complete_act1[SELECT * INTO row] ; database/014b_sprint3b_targeted_closure_corrections.sql:L112@s3b_submit_first_meeting[SELECT * INTO row] ; database/014b_sprint3b_targeted_closure_corrections.sql:L121@s3b_grab[SELECT * INTO row] ; database/014b_sprint3b_targeted_closure_corrections.sql:L126@s3b_leave_start_room[SELECT * INTO row] ; database/014b_sprint3b_targeted_closure_corrections.sql:L131@s3b_ack_route_update[SELECT * INTO row] ; database/014b_sprint3b_targeted_closure_corrections.sql:L136@s3b_complete_foldback[SELECT * INTO row] ; database/014b_sprint3b_targeted_closure_corrections.sql:L141@s3b_follow_sign[SELECT * INTO row] ; database/014b_sprint3b_targeted_closure_corrections.sql:L147@s3b_submit_act4_choice[SELECT * INTO row] ; database/014b_sprint3b_targeted_closure_corrections.sql:L18@s3b_initialize_flow[SELECT * INTO row] ; database/014b_sprint3b_targeted_closure_corrections.sql:L194@s3b_audit_set_private_debug_view[SELECT * INTO row] ; database/014b_sprint3b_targeted_closure_corrections.sql:L83@s3b_ack_act1_opening[SELECT * INTO row] ; database/014b_sprint3b_targeted_closure_corrections.sql:L94@s3b_submit_act1_choice[SELECT * INTO row] ; database/015_sprint3c_minimal_safe_teacher_override.sql:L69@teacher_apply_override[SELECT * INTO row] ; database/017_sprint3c_override_act2_entry_correction.sql:L20@s3b_submit_first_meeting[SELECT * INTO row] ; database/043_sprint7_teacher_console.sql:L14@s7_set_audit_private_debug[SELECT * INTO row] ; database/043_sprint7_teacher_console.sql:L33@s7_get_teacher_console[SELECT * INTO row] ; database/043_sprint7_teacher_console.sql:L77@s7_get_teacher_console[qualified/rowtype field reference] ; database/044_sprint7_focused_level1_corrections.sql:L22@s7_get_teacher_console[SELECT * INTO row] ; database/044_sprint7_focused_level1_corrections.sql:L65@s7_get_teacher_console[qualified/rowtype field reference] ; database/046_sprint8_act14_finalization_export.sql:L89@s8_export_session[qualified/rowtype field reference] ; database/047_sprint8_export_completeness.sql:L12@s8_export_session[qualified/rowtype field reference] ; database/048_sprint8_focused_level1_corrections.sql:L108@s8_export_session[qualified/rowtype field reference] ; database/048_sprint8_focused_level1_corrections.sql:L22@s8_finalize[SELECT * INTO row] ; database/049_sprint8_final_closure.sql:L156@s8_finalize[SELECT * INTO row] ; database/049_sprint8_final_closure.sql:L70@s8_verify_integrity[SELECT * INTO row] ; database/054_level3_integrated_closure.sql:L20@teacher_apply_override[SELECT * INTO row],0,,0,,0,
F0111,game_runs#10,game_runs,silent_texting_mode,10,2,NO,4,database/002_runtime_runs_discussion.sql:L360@s2_open_discussion[UPDATE SET]{EXPLICIT_COPY} ; database/003_sprint2_discussionroom_audit_fix.sql:L135@s2_open_discussion[UPDATE SET]{EXPLICIT_COPY} ; database/007_sprint3b_act1_5_placeholder_flow.sql:L189@s3b_follow_sign[UPDATE SET]{DIRECT_OR_COMPUTED} ; database/054_level3_integrated_closure.sql:L77@teacher_apply_override[UPDATE SET]{DIRECT_OR_COMPUTED},34,database/002_runtime_runs_discussion.sql:L1047@s2_get_teacher_state[qualified/rowtype field reference] ; database/002_runtime_runs_discussion.sql:L262@s2_open_discussion[SELECT * INTO row] ; database/002_runtime_runs_discussion.sql:L398@s2_refresh_discussion[SELECT * INTO row] ; database/002_runtime_runs_discussion.sql:L928@s2_get_player_state[qualified/rowtype field reference] ; database/003_sprint2_discussionroom_audit_fix.sql:L45@s2_open_discussion[SELECT * INTO row] ; database/003_sprint2_discussionroom_audit_fix.sql:L475@s2_get_player_state[qualified/rowtype field reference] ; database/003_sprint2_discussionroom_audit_fix.sql:L609@s2_get_teacher_state[qualified/rowtype field reference] ; database/013_sprint3b_discussion_authority_and_request_identity.sql:L291@s2_submit_vote[SELECT * INTO row] ; database/013_sprint3b_discussion_authority_and_request_identity.sql:L61@s2_open_discussion[SELECT * INTO row] ; database/013_sprint3b_discussion_authority_and_request_identity.sql:L91@s3b_apply_resolved_discussion_internal[SELECT * INTO row] ; database/014_sprint3b_evidence_and_puzzle_integrity.sql:L386@s3b_submit_library_code[SELECT * INTO row] ; database/014_sprint3b_evidence_and_puzzle_integrity.sql:L466@s3b_submit_post_inspection_route_vote[SELECT * INTO row] ; database/014a_sprint3b_inspect_reconnect_idempotency_fix.sql:L17@s3b_apply_resolved_discussion_internal[SELECT * INTO row] ; database/014b_sprint3b_targeted_closure_corrections.sql:L106@s3b_complete_act1[SELECT * INTO row] ; database/014b_sprint3b_targeted_closure_corrections.sql:L112@s3b_submit_first_meeting[SELECT * INTO row] ; database/014b_sprint3b_targeted_closure_corrections.sql:L121@s3b_grab[SELECT * INTO row] ; database/014b_sprint3b_targeted_closure_corrections.sql:L126@s3b_leave_start_room[SELECT * INTO row] ; database/014b_sprint3b_targeted_closure_corrections.sql:L131@s3b_ack_route_update[SELECT * INTO row] ; database/014b_sprint3b_targeted_closure_corrections.sql:L136@s3b_complete_foldback[SELECT * INTO row] ; database/014b_sprint3b_targeted_closure_corrections.sql:L141@s3b_follow_sign[SELECT * INTO row] ; database/014b_sprint3b_targeted_closure_corrections.sql:L147@s3b_submit_act4_choice[SELECT * INTO row] ; database/014b_sprint3b_targeted_closure_corrections.sql:L18@s3b_initialize_flow[SELECT * INTO row] ; database/014b_sprint3b_targeted_closure_corrections.sql:L194@s3b_audit_set_private_debug_view[SELECT * INTO row] ; database/014b_sprint3b_targeted_closure_corrections.sql:L83@s3b_ack_act1_opening[SELECT * INTO row] ; database/014b_sprint3b_targeted_closure_corrections.sql:L94@s3b_submit_act1_choice[SELECT * INTO row] ; database/015_sprint3c_minimal_safe_teacher_override.sql:L69@teacher_apply_override[SELECT * INTO row] ; database/017_sprint3c_override_act2_entry_correction.sql:L20@s3b_submit_first_meeting[SELECT * INTO row] ; database/043_sprint7_teacher_console.sql:L14@s7_set_audit_private_debug[SELECT * INTO row] ; database/043_sprint7_teacher_console.sql:L33@s7_get_teacher_console[SELECT * INTO row] ; database/044_sprint7_focused_level1_corrections.sql:L22@s7_get_teacher_console[SELECT * INTO row] ; database/048_sprint8_focused_level1_corrections.sql:L22@s8_finalize[SELECT * INTO row] ; database/049_sprint8_final_closure.sql:L156@s8_finalize[SELECT * INTO row] ; database/049_sprint8_final_closure.sql:L70@s8_verify_integrity[SELECT * INTO row] ; database/054_level3_integrated_closure.sql:L20@teacher_apply_override[SELECT * INTO row],0,,0,,0,
F0112,game_runs#11,game_runs,created_at,11,11,NO,0,,30,database/002_runtime_runs_discussion.sql:L262@s2_open_discussion[SELECT * INTO row] ; database/002_runtime_runs_discussion.sql:L398@s2_refresh_discussion[SELECT * INTO row] ; database/003_sprint2_discussionroom_audit_fix.sql:L45@s2_open_discussion[SELECT * INTO row] ; database/013_sprint3b_discussion_authority_and_request_identity.sql:L291@s2_submit_vote[SELECT * INTO row] ; database/013_sprint3b_discussion_authority_and_request_identity.sql:L61@s2_open_discussion[SELECT * INTO row] ; database/013_sprint3b_discussion_authority_and_request_identity.sql:L91@s3b_apply_resolved_discussion_internal[SELECT * INTO row] ; database/014_sprint3b_evidence_and_puzzle_integrity.sql:L386@s3b_submit_library_code[SELECT * INTO row] ; database/014_sprint3b_evidence_and_puzzle_integrity.sql:L466@s3b_submit_post_inspection_route_vote[SELECT * INTO row] ; database/014a_sprint3b_inspect_reconnect_idempotency_fix.sql:L17@s3b_apply_resolved_discussion_internal[SELECT * INTO row] ; database/014b_sprint3b_targeted_closure_corrections.sql:L106@s3b_complete_act1[SELECT * INTO row] ; database/014b_sprint3b_targeted_closure_corrections.sql:L112@s3b_submit_first_meeting[SELECT * INTO row] ; database/014b_sprint3b_targeted_closure_corrections.sql:L121@s3b_grab[SELECT * INTO row] ; database/014b_sprint3b_targeted_closure_corrections.sql:L126@s3b_leave_start_room[SELECT * INTO row] ; database/014b_sprint3b_targeted_closure_corrections.sql:L131@s3b_ack_route_update[SELECT * INTO row] ; database/014b_sprint3b_targeted_closure_corrections.sql:L136@s3b_complete_foldback[SELECT * INTO row] ; database/014b_sprint3b_targeted_closure_corrections.sql:L141@s3b_follow_sign[SELECT * INTO row] ; database/014b_sprint3b_targeted_closure_corrections.sql:L147@s3b_submit_act4_choice[SELECT * INTO row] ; database/014b_sprint3b_targeted_closure_corrections.sql:L18@s3b_initialize_flow[SELECT * INTO row] ; database/014b_sprint3b_targeted_closure_corrections.sql:L194@s3b_audit_set_private_debug_view[SELECT * INTO row] ; database/014b_sprint3b_targeted_closure_corrections.sql:L83@s3b_ack_act1_opening[SELECT * INTO row] ; database/014b_sprint3b_targeted_closure_corrections.sql:L94@s3b_submit_act1_choice[SELECT * INTO row] ; database/015_sprint3c_minimal_safe_teacher_override.sql:L69@teacher_apply_override[SELECT * INTO row] ; database/017_sprint3c_override_act2_entry_correction.sql:L20@s3b_submit_first_meeting[SELECT * INTO row] ; database/043_sprint7_teacher_console.sql:L14@s7_set_audit_private_debug[SELECT * INTO row] ; database/043_sprint7_teacher_console.sql:L33@s7_get_teacher_console[SELECT * INTO row] ; database/044_sprint7_focused_level1_corrections.sql:L22@s7_get_teacher_console[SELECT * INTO row] ; database/048_sprint8_focused_level1_corrections.sql:L22@s8_finalize[SELECT * INTO row] ; database/049_sprint8_final_closure.sql:L156@s8_finalize[SELECT * INTO row] ; database/049_sprint8_final_closure.sql:L70@s8_verify_integrity[SELECT * INTO row] ; database/054_level3_integrated_closure.sql:L20@teacher_apply_override[SELECT * INTO row],0,,0,,0,
F0113,game_runs#12,game_runs,audit_private_debug_view,12,1,YES,2,database/014b_sprint3b_targeted_closure_corrections.sql:L197@s3b_audit_set_private_debug_view[UPDATE SET]{DIRECT_OR_COMPUTED} ; database/043_sprint7_teacher_console.sql:L17@s7_set_audit_private_debug[UPDATE SET]{DIRECT_OR_COMPUTED},36,database/002_runtime_runs_discussion.sql:L262@s2_open_discussion[SELECT * INTO row] ; database/002_runtime_runs_discussion.sql:L398@s2_refresh_discussion[SELECT * INTO row] ; database/003_sprint2_discussionroom_audit_fix.sql:L45@s2_open_discussion[SELECT * INTO row] ; database/013_sprint3b_discussion_authority_and_request_identity.sql:L291@s2_submit_vote[SELECT * INTO row] ; database/013_sprint3b_discussion_authority_and_request_identity.sql:L61@s2_open_discussion[SELECT * INTO row] ; database/013_sprint3b_discussion_authority_and_request_identity.sql:L91@s3b_apply_resolved_discussion_internal[SELECT * INTO row] ; database/014_sprint3b_evidence_and_puzzle_integrity.sql:L386@s3b_submit_library_code[SELECT * INTO row] ; database/014_sprint3b_evidence_and_puzzle_integrity.sql:L466@s3b_submit_post_inspection_route_vote[SELECT * INTO row] ; database/014a_sprint3b_inspect_reconnect_idempotency_fix.sql:L17@s3b_apply_resolved_discussion_internal[SELECT * INTO row] ; database/014b_sprint3b_targeted_closure_corrections.sql:L106@s3b_complete_act1[SELECT * INTO row] ; database/014b_sprint3b_targeted_closure_corrections.sql:L112@s3b_submit_first_meeting[SELECT * INTO row] ; database/014b_sprint3b_targeted_closure_corrections.sql:L121@s3b_grab[SELECT * INTO row] ; database/014b_sprint3b_targeted_closure_corrections.sql:L126@s3b_leave_start_room[SELECT * INTO row] ; database/014b_sprint3b_targeted_closure_corrections.sql:L131@s3b_ack_route_update[SELECT * INTO row] ; database/014b_sprint3b_targeted_closure_corrections.sql:L136@s3b_complete_foldback[SELECT * INTO row] ; database/014b_sprint3b_targeted_closure_corrections.sql:L141@s3b_follow_sign[SELECT * INTO row] ; database/014b_sprint3b_targeted_closure_corrections.sql:L147@s3b_submit_act4_choice[SELECT * INTO row] ; database/014b_sprint3b_targeted_closure_corrections.sql:L179@s2_get_teacher_state[qualified/rowtype field reference] ; database/014b_sprint3b_targeted_closure_corrections.sql:L182@s2_get_teacher_state[qualified/rowtype field reference] ; database/014b_sprint3b_targeted_closure_corrections.sql:L18@s3b_initialize_flow[SELECT * INTO row] ; database/014b_sprint3b_targeted_closure_corrections.sql:L194@s3b_audit_set_private_debug_view[SELECT * INTO row] ; database/014b_sprint3b_targeted_closure_corrections.sql:L83@s3b_ack_act1_opening[SELECT * INTO row] ; database/014b_sprint3b_targeted_closure_corrections.sql:L94@s3b_submit_act1_choice[SELECT * INTO row] ; database/015_sprint3c_minimal_safe_teacher_override.sql:L69@teacher_apply_override[SELECT * INTO row] ; database/017_sprint3c_override_act2_entry_correction.sql:L20@s3b_submit_first_meeting[SELECT * INTO row] ; database/043_sprint7_teacher_console.sql:L14@s7_set_audit_private_debug[SELECT * INTO row] ; database/043_sprint7_teacher_console.sql:L33@s7_get_teacher_console[SELECT * INTO row] ; database/043_sprint7_teacher_console.sql:L54@s7_get_teacher_console[qualified/rowtype field reference] ; database/043_sprint7_teacher_console.sql:L76@s7_get_teacher_console[qualified/rowtype field reference] ; database/044_sprint7_focused_level1_corrections.sql:L22@s7_get_teacher_console[SELECT * INTO row] ; database/044_sprint7_focused_level1_corrections.sql:L53@s7_get_teacher_console[qualified/rowtype field reference] ; database/044_sprint7_focused_level1_corrections.sql:L65@s7_get_teacher_console[qualified/rowtype field reference] ; database/048_sprint8_focused_level1_corrections.sql:L22@s8_finalize[SELECT * INTO row] ; database/049_sprint8_final_closure.sql:L156@s8_finalize[SELECT * INTO row] ; database/049_sprint8_final_closure.sql:L70@s8_verify_integrity[SELECT * INTO row] ; database/054_level3_integrated_closure.sql:L20@teacher_apply_override[SELECT * INTO row],4,MEDIUM:src/teacher/teacher-console.js:L269@renderOperationsState[property-name reference] ; MEDIUM:src/teacher/teacher-console.js:L270@renderOperationsState[property-name reference] ; MEDIUM:src/teacher/teacher-console.js:L276@renderOperationsState[property-name reference] ; MEDIUM:tests/sprint3b-remediation-static-check.js:L72@requireFragments[property-name reference],0,,0,
F0114,game_runs#13,game_runs,active_override_id,13,1,YES,2,database/015_sprint3c_minimal_safe_teacher_override.sql:L108@teacher_apply_override[UPDATE SET]{DIRECT_OR_COMPUTED} ; database/054_level3_integrated_closure.sql:L104@teacher_apply_override[UPDATE SET]{DIRECT_OR_COMPUTED},32,database/002_runtime_runs_discussion.sql:L262@s2_open_discussion[SELECT * INTO row] ; database/002_runtime_runs_discussion.sql:L398@s2_refresh_discussion[SELECT * INTO row] ; database/003_sprint2_discussionroom_audit_fix.sql:L45@s2_open_discussion[SELECT * INTO row] ; database/013_sprint3b_discussion_authority_and_request_identity.sql:L291@s2_submit_vote[SELECT * INTO row] ; database/013_sprint3b_discussion_authority_and_request_identity.sql:L61@s2_open_discussion[SELECT * INTO row] ; database/013_sprint3b_discussion_authority_and_request_identity.sql:L91@s3b_apply_resolved_discussion_internal[SELECT * INTO row] ; database/014_sprint3b_evidence_and_puzzle_integrity.sql:L386@s3b_submit_library_code[SELECT * INTO row] ; database/014_sprint3b_evidence_and_puzzle_integrity.sql:L466@s3b_submit_post_inspection_route_vote[SELECT * INTO row] ; database/014a_sprint3b_inspect_reconnect_idempotency_fix.sql:L17@s3b_apply_resolved_discussion_internal[SELECT * INTO row] ; database/014b_sprint3b_targeted_closure_corrections.sql:L106@s3b_complete_act1[SELECT * INTO row] ; database/014b_sprint3b_targeted_closure_corrections.sql:L112@s3b_submit_first_meeting[SELECT * INTO row] ; database/014b_sprint3b_targeted_closure_corrections.sql:L121@s3b_grab[SELECT * INTO row] ; database/014b_sprint3b_targeted_closure_corrections.sql:L126@s3b_leave_start_room[SELECT * INTO row] ; database/014b_sprint3b_targeted_closure_corrections.sql:L131@s3b_ack_route_update[SELECT * INTO row] ; database/014b_sprint3b_targeted_closure_corrections.sql:L136@s3b_complete_foldback[SELECT * INTO row] ; database/014b_sprint3b_targeted_closure_corrections.sql:L141@s3b_follow_sign[SELECT * INTO row] ; database/014b_sprint3b_targeted_closure_corrections.sql:L147@s3b_submit_act4_choice[SELECT * INTO row] ; database/014b_sprint3b_targeted_closure_corrections.sql:L18@s3b_initialize_flow[SELECT * INTO row] ; database/014b_sprint3b_targeted_closure_corrections.sql:L194@s3b_audit_set_private_debug_view[SELECT * INTO row] ; database/014b_sprint3b_targeted_closure_corrections.sql:L83@s3b_ack_act1_opening[SELECT * INTO row] ; database/014b_sprint3b_targeted_closure_corrections.sql:L94@s3b_submit_act1_choice[SELECT * INTO row] ; database/015_sprint3c_minimal_safe_teacher_override.sql:L46@s3b_log_formal_event_at_context[qualified/rowtype field reference] ; database/015_sprint3c_minimal_safe_teacher_override.sql:L69@teacher_apply_override[SELECT * INTO row] ; database/016_sprint3c_level1_narrow_corrections.sql:L56@s2_log_event[qualified/rowtype field reference] ; database/017_sprint3c_override_act2_entry_correction.sql:L20@s3b_submit_first_meeting[SELECT * INTO row] ; database/043_sprint7_teacher_console.sql:L14@s7_set_audit_private_debug[SELECT * INTO row] ; database/043_sprint7_teacher_console.sql:L33@s7_get_teacher_console[SELECT * INTO row] ; database/044_sprint7_focused_level1_corrections.sql:L22@s7_get_teacher_console[SELECT * INTO row] ; database/048_sprint8_focused_level1_corrections.sql:L22@s8_finalize[SELECT * INTO row] ; database/049_sprint8_final_closure.sql:L156@s8_finalize[SELECT * INTO row] ; database/049_sprint8_final_closure.sql:L70@s8_verify_integrity[SELECT * INTO row] ; database/054_level3_integrated_closure.sql:L20@teacher_apply_override[SELECT * INTO row],0,,0,,0,
F0115,game_runs#14,game_runs,session_integrity_verified,14,1,YES,3,database/046_sprint8_act14_finalization_export.sql:L56@s8_finalize[UPDATE SET]{DIRECT_OR_COMPUTED} ; database/048_sprint8_focused_level1_corrections.sql:L72@s8_finalize[UPDATE SET]{DIRECT_OR_COMPUTED} ; database/049_sprint8_final_closure.sql:L169@s8_finalize[UPDATE SET]{DIRECT_OR_COMPUTED},44,database/002_runtime_runs_discussion.sql:L262@s2_open_discussion[SELECT * INTO row] ; database/002_runtime_runs_discussion.sql:L398@s2_refresh_discussion[SELECT * INTO row] ; database/003_sprint2_discussionroom_audit_fix.sql:L45@s2_open_discussion[SELECT * INTO row] ; database/013_sprint3b_discussion_authority_and_request_identity.sql:L291@s2_submit_vote[SELECT * INTO row] ; database/013_sprint3b_discussion_authority_and_request_identity.sql:L61@s2_open_discussion[SELECT * INTO row] ; database/013_sprint3b_discussion_authority_and_request_identity.sql:L91@s3b_apply_resolved_discussion_internal[SELECT * INTO row] ; database/014_sprint3b_evidence_and_puzzle_integrity.sql:L386@s3b_submit_library_code[SELECT * INTO row] ; database/014_sprint3b_evidence_and_puzzle_integrity.sql:L466@s3b_submit_post_inspection_route_vote[SELECT * INTO row] ; database/014a_sprint3b_inspect_reconnect_idempotency_fix.sql:L17@s3b_apply_resolved_discussion_internal[SELECT * INTO row] ; database/014b_sprint3b_targeted_closure_corrections.sql:L106@s3b_complete_act1[SELECT * INTO row] ; database/014b_sprint3b_targeted_closure_corrections.sql:L112@s3b_submit_first_meeting[SELECT * INTO row] ; database/014b_sprint3b_targeted_closure_corrections.sql:L121@s3b_grab[SELECT * INTO row] ; database/014b_sprint3b_targeted_closure_corrections.sql:L126@s3b_leave_start_room[SELECT * INTO row] ; database/014b_sprint3b_targeted_closure_corrections.sql:L131@s3b_ack_route_update[SELECT * INTO row] ; database/014b_sprint3b_targeted_closure_corrections.sql:L136@s3b_complete_foldback[SELECT * INTO row] ; database/014b_sprint3b_targeted_closure_corrections.sql:L141@s3b_follow_sign[SELECT * INTO row] ; database/014b_sprint3b_targeted_closure_corrections.sql:L147@s3b_submit_act4_choice[SELECT * INTO row] ; database/014b_sprint3b_targeted_closure_corrections.sql:L18@s3b_initialize_flow[SELECT * INTO row] ; database/014b_sprint3b_targeted_closure_corrections.sql:L194@s3b_audit_set_private_debug_view[SELECT * INTO row] ; database/014b_sprint3b_targeted_closure_corrections.sql:L83@s3b_ack_act1_opening[SELECT * INTO row] ; database/014b_sprint3b_targeted_closure_corrections.sql:L94@s3b_submit_act1_choice[SELECT * INTO row] ; database/015_sprint3c_minimal_safe_teacher_override.sql:L69@teacher_apply_override[SELECT * INTO row] ; database/017_sprint3c_override_act2_entry_correction.sql:L20@s3b_submit_first_meeting[SELECT * INTO row] ; database/043_sprint7_teacher_console.sql:L14@s7_set_audit_private_debug[SELECT * INTO row] ; database/043_sprint7_teacher_console.sql:L33@s7_get_teacher_console[SELECT * INTO row] ; database/044_sprint7_focused_level1_corrections.sql:L22@s7_get_teacher_console[SELECT * INTO row] ; database/046_sprint8_act14_finalization_export.sql:L68@s8_get_player_state[qualified/rowtype field reference] ; database/046_sprint8_act14_finalization_export.sql:L77@s8_get_finalization_state[qualified/rowtype field reference] ; database/046_sprint8_act14_finalization_export.sql:L85@s8_export_session[qualified/rowtype field reference] ; database/046_sprint8_act14_finalization_export.sql:L88@s8_export_session[qualified/rowtype field reference] ; database/047_sprint8_export_completeness.sql:L11@s8_export_session[qualified/rowtype field reference] ; database/047_sprint8_export_completeness.sql:L8@s8_export_session[qualified/rowtype field reference] ; database/048_sprint8_focused_level1_corrections.sql:L104@s8_export_session[qualified/rowtype field reference] ; database/048_sprint8_focused_level1_corrections.sql:L107@s8_export_session[qualified/rowtype field reference] ; database/048_sprint8_focused_level1_corrections.sql:L22@s8_finalize[SELECT * INTO row] ; database/048_sprint8_focused_level1_corrections.sql:L86@s8_get_player_state[qualified/rowtype field reference] ; database/048_sprint8_focused_level1_corrections.sql:L96@s8_get_finalization_state[qualified/rowtype field reference] ; database/048_sprint8_focused_level1_corrections.sql:L9@s8_latest_completed_run[qualified/rowtype field reference] ; database/049_sprint8_final_closure.sql:L156@s8_finalize[SELECT * INTO row] ; database/049_sprint8_final_closure.sql:L182@s8_get_finalization_state[qualified/rowtype field reference] ; database/049_sprint8_final_closure.sql:L70@s8_verify_integrity[SELECT * INTO row] ; database/054_level3_integrated_closure.sql:L152@s8_latest_completed_run[qualified/rowtype field reference] ; database/054_level3_integrated_closure.sql:L165@s8_get_finalization_state[qualified/rowtype field reference] ; database/054_level3_integrated_closure.sql:L20@teacher_apply_override[SELECT * INTO row],6,MEDIUM:tests/sprint8-final-closure-live-e2e.js:L104@main[property-name reference] ; MEDIUM:tests/sprint8-final-closure-live-e2e.js:L141@main[property-name reference] ; MEDIUM:tests/sprint8-live-e2e.js:L22@main[property-name reference] ; MEDIUM:tests/sprint8-live-e2e.js:L23@main[property-name reference] ; MEDIUM:tests/sprint8-live-e2e.js:L33@main[property-name reference] ; MEDIUM:tests/sprint8-static-check.js:L11@TOP_LEVEL[property-name reference],0,,0,
F0116,game_runs#15,game_runs,game_completed,15,1,YES,3,database/046_sprint8_act14_finalization_export.sql:L56@s8_finalize[UPDATE SET]{DIRECT_OR_COMPUTED} ; database/048_sprint8_focused_level1_corrections.sql:L72@s8_finalize[UPDATE SET]{DIRECT_OR_COMPUTED} ; database/049_sprint8_final_closure.sql:L169@s8_finalize[UPDATE SET]{DIRECT_OR_COMPUTED},41,database/002_runtime_runs_discussion.sql:L262@s2_open_discussion[SELECT * INTO row] ; database/002_runtime_runs_discussion.sql:L398@s2_refresh_discussion[SELECT * INTO row] ; database/003_sprint2_discussionroom_audit_fix.sql:L45@s2_open_discussion[SELECT * INTO row] ; database/013_sprint3b_discussion_authority_and_request_identity.sql:L291@s2_submit_vote[SELECT * INTO row] ; database/013_sprint3b_discussion_authority_and_request_identity.sql:L61@s2_open_discussion[SELECT * INTO row] ; database/013_sprint3b_discussion_authority_and_request_identity.sql:L91@s3b_apply_resolved_discussion_internal[SELECT * INTO row] ; database/014_sprint3b_evidence_and_puzzle_integrity.sql:L386@s3b_submit_library_code[SELECT * INTO row] ; database/014_sprint3b_evidence_and_puzzle_integrity.sql:L466@s3b_submit_post_inspection_route_vote[SELECT * INTO row] ; database/014a_sprint3b_inspect_reconnect_idempotency_fix.sql:L17@s3b_apply_resolved_discussion_internal[SELECT * INTO row] ; database/014b_sprint3b_targeted_closure_corrections.sql:L106@s3b_complete_act1[SELECT * INTO row] ; database/014b_sprint3b_targeted_closure_corrections.sql:L112@s3b_submit_first_meeting[SELECT * INTO row] ; database/014b_sprint3b_targeted_closure_corrections.sql:L121@s3b_grab[SELECT * INTO row] ; database/014b_sprint3b_targeted_closure_corrections.sql:L126@s3b_leave_start_room[SELECT * INTO row] ; database/014b_sprint3b_targeted_closure_corrections.sql:L131@s3b_ack_route_update[SELECT * INTO row] ; database/014b_sprint3b_targeted_closure_corrections.sql:L136@s3b_complete_foldback[SELECT * INTO row] ; database/014b_sprint3b_targeted_closure_corrections.sql:L141@s3b_follow_sign[SELECT * INTO row] ; database/014b_sprint3b_targeted_closure_corrections.sql:L147@s3b_submit_act4_choice[SELECT * INTO row] ; database/014b_sprint3b_targeted_closure_corrections.sql:L18@s3b_initialize_flow[SELECT * INTO row] ; database/014b_sprint3b_targeted_closure_corrections.sql:L194@s3b_audit_set_private_debug_view[SELECT * INTO row] ; database/014b_sprint3b_targeted_closure_corrections.sql:L83@s3b_ack_act1_opening[SELECT * INTO row] ; database/014b_sprint3b_targeted_closure_corrections.sql:L94@s3b_submit_act1_choice[SELECT * INTO row] ; database/015_sprint3c_minimal_safe_teacher_override.sql:L69@teacher_apply_override[SELECT * INTO row] ; database/017_sprint3c_override_act2_entry_correction.sql:L20@s3b_submit_first_meeting[SELECT * INTO row] ; database/043_sprint7_teacher_console.sql:L14@s7_set_audit_private_debug[SELECT * INTO row] ; database/043_sprint7_teacher_console.sql:L33@s7_get_teacher_console[SELECT * INTO row] ; database/044_sprint7_focused_level1_corrections.sql:L22@s7_get_teacher_console[SELECT * INTO row] ; database/046_sprint8_act14_finalization_export.sql:L68@s8_get_player_state[qualified/rowtype field reference] ; database/046_sprint8_act14_finalization_export.sql:L77@s8_get_finalization_state[qualified/rowtype field reference] ; database/046_sprint8_act14_finalization_export.sql:L89@s8_export_session[qualified/rowtype field reference] ; database/047_sprint8_export_completeness.sql:L12@s8_export_session[qualified/rowtype field reference] ; database/048_sprint8_focused_level1_corrections.sql:L108@s8_export_session[qualified/rowtype field reference] ; database/048_sprint8_focused_level1_corrections.sql:L22@s8_finalize[SELECT * INTO row] ; database/048_sprint8_focused_level1_corrections.sql:L86@s8_get_player_state[qualified/rowtype field reference] ; database/048_sprint8_focused_level1_corrections.sql:L96@s8_get_finalization_state[qualified/rowtype field reference] ; database/048_sprint8_focused_level1_corrections.sql:L9@s8_latest_completed_run[qualified/rowtype field reference] ; database/049_sprint8_final_closure.sql:L156@s8_finalize[SELECT * INTO row] ; database/049_sprint8_final_closure.sql:L182@s8_get_finalization_state[qualified/rowtype field reference] ; database/049_sprint8_final_closure.sql:L70@s8_verify_integrity[SELECT * INTO row] ; database/054_level3_integrated_closure.sql:L152@s8_latest_completed_run[qualified/rowtype field reference] ; database/054_level3_integrated_closure.sql:L165@s8_get_finalization_state[qualified/rowtype field reference] ; database/054_level3_integrated_closure.sql:L20@teacher_apply_override[SELECT * INTO row],4,MEDIUM:src/game/app.js:L148@refreshState[property-name reference] ; MEDIUM:tests/sprint5-live-e2e.js:L18@sprint6[property-name reference] ; MEDIUM:tests/sprint8-final-closure-live-e2e.js:L141@main[property-name reference] ; MEDIUM:tests/sprint8-live-e2e.js:L23@main[property-name reference],0,,0,
F0117,game_runs#16,game_runs,export_ready,16,1,YES,3,database/046_sprint8_act14_finalization_export.sql:L56@s8_finalize[UPDATE SET]{DIRECT_OR_COMPUTED} ; database/048_sprint8_focused_level1_corrections.sql:L72@s8_finalize[UPDATE SET]{DIRECT_OR_COMPUTED} ; database/049_sprint8_final_closure.sql:L169@s8_finalize[UPDATE SET]{DIRECT_OR_COMPUTED},45,database/002_runtime_runs_discussion.sql:L262@s2_open_discussion[SELECT * INTO row] ; database/002_runtime_runs_discussion.sql:L398@s2_refresh_discussion[SELECT * INTO row] ; database/003_sprint2_discussionroom_audit_fix.sql:L45@s2_open_discussion[SELECT * INTO row] ; database/013_sprint3b_discussion_authority_and_request_identity.sql:L291@s2_submit_vote[SELECT * INTO row] ; database/013_sprint3b_discussion_authority_and_request_identity.sql:L61@s2_open_discussion[SELECT * INTO row] ; database/013_sprint3b_discussion_authority_and_request_identity.sql:L91@s3b_apply_resolved_discussion_internal[SELECT * INTO row] ; database/014_sprint3b_evidence_and_puzzle_integrity.sql:L386@s3b_submit_library_code[SELECT * INTO row] ; database/014_sprint3b_evidence_and_puzzle_integrity.sql:L466@s3b_submit_post_inspection_route_vote[SELECT * INTO row] ; database/014a_sprint3b_inspect_reconnect_idempotency_fix.sql:L17@s3b_apply_resolved_discussion_internal[SELECT * INTO row] ; database/014b_sprint3b_targeted_closure_corrections.sql:L106@s3b_complete_act1[SELECT * INTO row] ; database/014b_sprint3b_targeted_closure_corrections.sql:L112@s3b_submit_first_meeting[SELECT * INTO row] ; database/014b_sprint3b_targeted_closure_corrections.sql:L121@s3b_grab[SELECT * INTO row] ; database/014b_sprint3b_targeted_closure_corrections.sql:L126@s3b_leave_start_room[SELECT * INTO row] ; database/014b_sprint3b_targeted_closure_corrections.sql:L131@s3b_ack_route_update[SELECT * INTO row] ; database/014b_sprint3b_targeted_closure_corrections.sql:L136@s3b_complete_foldback[SELECT * INTO row] ; database/014b_sprint3b_targeted_closure_corrections.sql:L141@s3b_follow_sign[SELECT * INTO row] ; database/014b_sprint3b_targeted_closure_corrections.sql:L147@s3b_submit_act4_choice[SELECT * INTO row] ; database/014b_sprint3b_targeted_closure_corrections.sql:L18@s3b_initialize_flow[SELECT * INTO row] ; database/014b_sprint3b_targeted_closure_corrections.sql:L194@s3b_audit_set_private_debug_view[SELECT * INTO row] ; database/014b_sprint3b_targeted_closure_corrections.sql:L83@s3b_ack_act1_opening[SELECT * INTO row] ; database/014b_sprint3b_targeted_closure_corrections.sql:L94@s3b_submit_act1_choice[SELECT * INTO row] ; database/015_sprint3c_minimal_safe_teacher_override.sql:L69@teacher_apply_override[SELECT * INTO row] ; database/017_sprint3c_override_act2_entry_correction.sql:L20@s3b_submit_first_meeting[SELECT * INTO row] ; database/043_sprint7_teacher_console.sql:L14@s7_set_audit_private_debug[SELECT * INTO row] ; database/043_sprint7_teacher_console.sql:L33@s7_get_teacher_console[SELECT * INTO row] ; database/044_sprint7_focused_level1_corrections.sql:L22@s7_get_teacher_console[SELECT * INTO row] ; database/046_sprint8_act14_finalization_export.sql:L68@s8_get_player_state[qualified/rowtype field reference] ; database/046_sprint8_act14_finalization_export.sql:L77@s8_get_finalization_state[qualified/rowtype field reference] ; database/046_sprint8_act14_finalization_export.sql:L85@s8_export_session[qualified/rowtype field reference] ; database/046_sprint8_act14_finalization_export.sql:L89@s8_export_session[qualified/rowtype field reference] ; database/047_sprint8_export_completeness.sql:L12@s8_export_session[qualified/rowtype field reference] ; database/047_sprint8_export_completeness.sql:L8@s8_export_session[qualified/rowtype field reference] ; database/048_sprint8_focused_level1_corrections.sql:L104@s8_export_session[qualified/rowtype field reference] ; database/048_sprint8_focused_level1_corrections.sql:L108@s8_export_session[qualified/rowtype field reference] ; database/048_sprint8_focused_level1_corrections.sql:L22@s8_finalize[SELECT * INTO row] ; database/048_sprint8_focused_level1_corrections.sql:L86@s8_get_player_state[qualified/rowtype field reference] ; database/048_sprint8_focused_level1_corrections.sql:L96@s8_get_finalization_state[qualified/rowtype field reference] ; database/048_sprint8_focused_level1_corrections.sql:L9@s8_latest_completed_run[qualified/rowtype field reference] ; database/049_sprint8_final_closure.sql:L156@s8_finalize[SELECT * INTO row] ; database/049_sprint8_final_closure.sql:L182@s8_get_finalization_state[qualified/rowtype field reference] ; database/049_sprint8_final_closure.sql:L70@s8_verify_integrity[SELECT * INTO row] ; database/054_level3_integrated_closure.sql:L152@s8_latest_completed_run[qualified/rowtype field reference] ; database/054_level3_integrated_closure.sql:L164@s8_get_finalization_state[qualified/rowtype field reference] ; database/054_level3_integrated_closure.sql:L165@s8_get_finalization_state[qualified/rowtype field reference] ; database/054_level3_integrated_closure.sql:L20@teacher_apply_override[SELECT * INTO row],7,MEDIUM:src/teacher/teacher-console.js:L265@renderOperationsState[property-name reference] ; MEDIUM:src/teacher/teacher-console.js:L266@renderOperationsState[property-name reference] ; MEDIUM:src/teacher/teacher-console.js:L281@renderOperationsState[property-name reference] ; MEDIUM:tests/sprint5-live-e2e.js:L18@sprint6[property-name reference] ; MEDIUM:tests/sprint7-live-e2e.js:L17@main[property-name reference] ; MEDIUM:tests/sprint8-final-closure-live-e2e.js:L141@main[property-name reference] ; MEDIUM:tests/sprint8-live-e2e.js:L23@main[property-name reference],0,,0,
F0118,game_runs#17,game_runs,completed_at,17,3,NO,3,database/046_sprint8_act14_finalization_export.sql:L56@s8_finalize[UPDATE SET]{DIRECT_OR_COMPUTED} ; database/048_sprint8_focused_level1_corrections.sql:L72@s8_finalize[UPDATE SET]{DIRECT_OR_COMPUTED} ; database/049_sprint8_final_closure.sql:L169@s8_finalize[UPDATE SET]{DIRECT_OR_COMPUTED},36,database/002_runtime_runs_discussion.sql:L262@s2_open_discussion[SELECT * INTO row] ; database/002_runtime_runs_discussion.sql:L398@s2_refresh_discussion[SELECT * INTO row] ; database/003_sprint2_discussionroom_audit_fix.sql:L45@s2_open_discussion[SELECT * INTO row] ; database/013_sprint3b_discussion_authority_and_request_identity.sql:L291@s2_submit_vote[SELECT * INTO row] ; database/013_sprint3b_discussion_authority_and_request_identity.sql:L61@s2_open_discussion[SELECT * INTO row] ; database/013_sprint3b_discussion_authority_and_request_identity.sql:L91@s3b_apply_resolved_discussion_internal[SELECT * INTO row] ; database/014_sprint3b_evidence_and_puzzle_integrity.sql:L386@s3b_submit_library_code[SELECT * INTO row] ; database/014_sprint3b_evidence_and_puzzle_integrity.sql:L466@s3b_submit_post_inspection_route_vote[SELECT * INTO row] ; database/014a_sprint3b_inspect_reconnect_idempotency_fix.sql:L17@s3b_apply_resolved_discussion_internal[SELECT * INTO row] ; database/014b_sprint3b_targeted_closure_corrections.sql:L106@s3b_complete_act1[SELECT * INTO row] ; database/014b_sprint3b_targeted_closure_corrections.sql:L112@s3b_submit_first_meeting[SELECT * INTO row] ; database/014b_sprint3b_targeted_closure_corrections.sql:L121@s3b_grab[SELECT * INTO row] ; database/014b_sprint3b_targeted_closure_corrections.sql:L126@s3b_leave_start_room[SELECT * INTO row] ; database/014b_sprint3b_targeted_closure_corrections.sql:L131@s3b_ack_route_update[SELECT * INTO row] ; database/014b_sprint3b_targeted_closure_corrections.sql:L136@s3b_complete_foldback[SELECT * INTO row] ; database/014b_sprint3b_targeted_closure_corrections.sql:L141@s3b_follow_sign[SELECT * INTO row] ; database/014b_sprint3b_targeted_closure_corrections.sql:L147@s3b_submit_act4_choice[SELECT * INTO row] ; database/014b_sprint3b_targeted_closure_corrections.sql:L18@s3b_initialize_flow[SELECT * INTO row] ; database/014b_sprint3b_targeted_closure_corrections.sql:L194@s3b_audit_set_private_debug_view[SELECT * INTO row] ; database/014b_sprint3b_targeted_closure_corrections.sql:L83@s3b_ack_act1_opening[SELECT * INTO row] ; database/014b_sprint3b_targeted_closure_corrections.sql:L94@s3b_submit_act1_choice[SELECT * INTO row] ; database/015_sprint3c_minimal_safe_teacher_override.sql:L69@teacher_apply_override[SELECT * INTO row] ; database/017_sprint3c_override_act2_entry_correction.sql:L20@s3b_submit_first_meeting[SELECT * INTO row] ; database/043_sprint7_teacher_console.sql:L14@s7_set_audit_private_debug[SELECT * INTO row] ; database/043_sprint7_teacher_console.sql:L33@s7_get_teacher_console[SELECT * INTO row] ; database/044_sprint7_focused_level1_corrections.sql:L22@s7_get_teacher_console[SELECT * INTO row] ; database/046_sprint8_act14_finalization_export.sql:L89@s8_export_session[qualified/rowtype field reference] ; database/047_sprint8_export_completeness.sql:L12@s8_export_session[qualified/rowtype field reference] ; database/048_sprint8_focused_level1_corrections.sql:L108@s8_export_session[qualified/rowtype field reference] ; database/048_sprint8_focused_level1_corrections.sql:L10@s8_latest_completed_run[qualified/rowtype field reference] ; database/048_sprint8_focused_level1_corrections.sql:L22@s8_finalize[SELECT * INTO row] ; database/049_sprint8_final_closure.sql:L156@s8_finalize[SELECT * INTO row] ; database/049_sprint8_final_closure.sql:L70@s8_verify_integrity[SELECT * INTO row] ; database/054_level3_integrated_closure.sql:L154@s8_latest_completed_run[qualified/rowtype field reference] ; database/054_level3_integrated_closure.sql:L164@s8_get_finalization_state[qualified/rowtype field reference] ; database/054_level3_integrated_closure.sql:L20@teacher_apply_override[SELECT * INTO row],0,,0,,0,
F0119,runtime_events#01,runtime_events,event_id,1,4,NO,0,,6,database/002_runtime_runs_discussion.sql:L1030@s2_get_teacher_state[qualified/rowtype field reference] ; database/002_runtime_runs_discussion.sql:L1035@s2_get_teacher_state[qualified/rowtype field reference] ; database/003_sprint2_discussionroom_audit_fix.sql:L592@s2_get_teacher_state[qualified/rowtype field reference] ; database/003_sprint2_discussionroom_audit_fix.sql:L597@s2_get_teacher_state[qualified/rowtype field reference] ; database/014b_sprint3b_targeted_closure_corrections.sql:L169@s2_get_teacher_state[qualified/rowtype field reference] ; database/014b_sprint3b_targeted_closure_corrections.sql:L175@s2_get_teacher_state[qualified/rowtype field reference],0,,0,,1,database/045_sprint7_teacher_intervention_provenance.sql:L10@s7_mirror_teacher_discussion_event[NEW.field trigger reference; read/write not mechanically determined]
F0120,runtime_events#02,runtime_events,run_id,2,36,NO,19,database/002_runtime_runs_discussion.sql:L158@s2_log_event[INSERT explicit column]{DIRECT_OR_COMPUTED} ; database/014_sprint3b_evidence_and_puzzle_integrity.sql:L114@s2_log_event[INSERT explicit column]{DIRECT_OR_COMPUTED} ; database/014_sprint3b_evidence_and_puzzle_integrity.sql:L154@s3b_log_formal_event[INSERT explicit column]{DIRECT_OR_COMPUTED} ; database/014_sprint3b_evidence_and_puzzle_integrity.sql:L214@s3b_set_scene[INSERT explicit column]{DIRECT_OR_COMPUTED} ; database/014b_sprint3b_targeted_closure_corrections.sql:L63@s3b_log_formal_event_at_context[INSERT explicit column]{DIRECT_OR_COMPUTED} ; database/015_sprint3c_minimal_safe_teacher_override.sql:L53@s3b_log_formal_event_at_context[INSERT explicit column]{DIRECT_OR_COMPUTED} ; database/015_sprint3c_minimal_safe_teacher_override.sql:L78@teacher_apply_override[INSERT explicit column]{DIRECT_OR_COMPUTED} ; database/015_sprint3c_minimal_safe_teacher_override.sql:L91@teacher_apply_override[INSERT explicit column]{DIRECT_OR_COMPUTED} ; database/015_sprint3c_minimal_safe_teacher_override.sql:L99@teacher_apply_override[INSERT explicit column]{DIRECT_OR_COMPUTED} ; database/016_sprint3c_level1_narrow_corrections.sql:L65@s2_log_event[INSERT explicit column]{DIRECT_OR_COMPUTED} ; database/043_sprint7_teacher_console.sql:L19@s7_set_audit_private_debug[INSERT explicit column]{DIRECT_OR_COMPUTED} ; database/045_sprint7_teacher_intervention_provenance.sql:L18@TOP_LEVEL[INSERT explicit column]{DIRECT_OR_COMPUTED} ; database/045_sprint7_teacher_intervention_provenance.sql:L26@s5_teacher_open_vote[INSERT explicit column]{DIRECT_OR_COMPUTED} ; database/045_sprint7_teacher_intervention_provenance.sql:L32@s5_teacher_add_time[INSERT explicit column]{DIRECT_OR_COMPUTED} ; database/045_sprint7_teacher_intervention_provenance.sql:L8@s7_mirror_teacher_discussion_event[INSERT explicit column]{DIRECT_OR_COMPUTED} ; database/046_sprint8_act14_finalization_export.sql:L57@s8_finalize[INSERT explicit column]{DIRECT_OR_COMPUTED} ; database/048_sprint8_focused_level1_corrections.sql:L73@s8_finalize[INSERT explicit column]{DIRECT_OR_COMPUTED} ; database/049_sprint8_final_closure.sql:L170@s8_finalize[INSERT explicit column]{DIRECT_OR_COMPUTED} ; database/054_level3_integrated_closure.sql:L102@teacher_apply_override[INSERT explicit column]{DIRECT_OR_COMPUTED},4,database/002_runtime_runs_discussion.sql:L1038@s2_get_teacher_state[qualified/rowtype field reference] ; database/003_sprint2_discussionroom_audit_fix.sql:L600@s2_get_teacher_state[qualified/rowtype field reference] ; database/014b_sprint3b_targeted_closure_corrections.sql:L177@s2_get_teacher_state[qualified/rowtype field reference] ; database/043_sprint7_teacher_console.sql:L72@s7_get_teacher_console[qualified/rowtype field reference],0,,0,,1,database/045_sprint7_teacher_intervention_provenance.sql:L9@s7_mirror_teacher_discussion_event[NEW.field trigger reference; read/write not mechanically determined]
F0121,runtime_events#03,runtime_events,room_code,3,7,NO,19,database/002_runtime_runs_discussion.sql:L158@s2_log_event[INSERT explicit column]{DIRECT_OR_COMPUTED} ; database/014_sprint3b_evidence_and_puzzle_integrity.sql:L114@s2_log_event[INSERT explicit column]{DIRECT_OR_COMPUTED} ; database/014_sprint3b_evidence_and_puzzle_integrity.sql:L154@s3b_log_formal_event[INSERT explicit column]{DIRECT_OR_COMPUTED} ; database/014_sprint3b_evidence_and_puzzle_integrity.sql:L214@s3b_set_scene[INSERT explicit column]{DIRECT_OR_COMPUTED} ; database/014b_sprint3b_targeted_closure_corrections.sql:L63@s3b_log_formal_event_at_context[INSERT explicit column]{DIRECT_OR_COMPUTED} ; database/015_sprint3c_minimal_safe_teacher_override.sql:L53@s3b_log_formal_event_at_context[INSERT explicit column]{DIRECT_OR_COMPUTED} ; database/015_sprint3c_minimal_safe_teacher_override.sql:L78@teacher_apply_override[INSERT explicit column]{DIRECT_OR_COMPUTED} ; database/015_sprint3c_minimal_safe_teacher_override.sql:L91@teacher_apply_override[INSERT explicit column]{DIRECT_OR_COMPUTED} ; database/015_sprint3c_minimal_safe_teacher_override.sql:L99@teacher_apply_override[INSERT explicit column]{DIRECT_OR_COMPUTED} ; database/016_sprint3c_level1_narrow_corrections.sql:L65@s2_log_event[INSERT explicit column]{DIRECT_OR_COMPUTED} ; database/043_sprint7_teacher_console.sql:L19@s7_set_audit_private_debug[INSERT explicit column]{DIRECT_OR_COMPUTED} ; database/045_sprint7_teacher_intervention_provenance.sql:L18@TOP_LEVEL[INSERT explicit column]{DIRECT_OR_COMPUTED} ; database/045_sprint7_teacher_intervention_provenance.sql:L26@s5_teacher_open_vote[INSERT explicit column]{DIRECT_OR_COMPUTED} ; database/045_sprint7_teacher_intervention_provenance.sql:L32@s5_teacher_add_time[INSERT explicit column]{DIRECT_OR_COMPUTED} ; database/045_sprint7_teacher_intervention_provenance.sql:L8@s7_mirror_teacher_discussion_event[INSERT explicit column]{DIRECT_OR_COMPUTED} ; database/046_sprint8_act14_finalization_export.sql:L57@s8_finalize[INSERT explicit column]{DIRECT_OR_COMPUTED} ; database/048_sprint8_focused_level1_corrections.sql:L73@s8_finalize[INSERT explicit column]{DIRECT_OR_COMPUTED} ; database/049_sprint8_final_closure.sql:L170@s8_finalize[INSERT explicit column]{DIRECT_OR_COMPUTED} ; database/054_level3_integrated_closure.sql:L102@teacher_apply_override[INSERT explicit column]{DIRECT_OR_COMPUTED},0,,0,,0,,1,database/045_sprint7_teacher_intervention_provenance.sql:L9@s7_mirror_teacher_discussion_event[NEW.field trigger reference; read/write not mechanically determined]
F0122,runtime_events#04,runtime_events,discussion_session_id,4,5,NO,10,database/002_runtime_runs_discussion.sql:L158@s2_log_event[INSERT explicit column]{DIRECT_OR_COMPUTED} ; database/014_sprint3b_evidence_and_puzzle_integrity.sql:L114@s2_log_event[INSERT explicit column]{DIRECT_OR_COMPUTED} ; database/014_sprint3b_evidence_and_puzzle_integrity.sql:L154@s3b_log_formal_event[INSERT explicit column]{DIRECT_OR_COMPUTED} ; database/014b_sprint3b_targeted_closure_corrections.sql:L63@s3b_log_formal_event_at_context[INSERT explicit column]{DIRECT_OR_COMPUTED} ; database/015_sprint3c_minimal_safe_teacher_override.sql:L53@s3b_log_formal_event_at_context[INSERT explicit column]{DIRECT_OR_COMPUTED} ; database/016_sprint3c_level1_narrow_corrections.sql:L65@s2_log_event[INSERT explicit column]{DIRECT_OR_COMPUTED} ; database/045_sprint7_teacher_intervention_provenance.sql:L18@TOP_LEVEL[INSERT explicit column]{DIRECT_OR_COMPUTED} ; database/045_sprint7_teacher_intervention_provenance.sql:L26@s5_teacher_open_vote[INSERT explicit column]{DIRECT_OR_COMPUTED} ; database/045_sprint7_teacher_intervention_provenance.sql:L32@s5_teacher_add_time[INSERT explicit column]{DIRECT_OR_COMPUTED} ; database/045_sprint7_teacher_intervention_provenance.sql:L8@s7_mirror_teacher_discussion_event[INSERT explicit column]{DIRECT_OR_COMPUTED},3,database/002_runtime_runs_discussion.sql:L1032@s2_get_teacher_state[qualified/rowtype field reference] ; database/003_sprint2_discussionroom_audit_fix.sql:L594@s2_get_teacher_state[qualified/rowtype field reference] ; database/014b_sprint3b_targeted_closure_corrections.sql:L170@s2_get_teacher_state[qualified/rowtype field reference],0,,0,,1,database/045_sprint7_teacher_intervention_provenance.sql:L9@s7_mirror_teacher_discussion_event[NEW.field trigger reference; read/write not mechanically determined]
F0123,runtime_events#05,runtime_events,event_type,5,4,NO,19,database/002_runtime_runs_discussion.sql:L158@s2_log_event[INSERT explicit column]{DIRECT_OR_COMPUTED} ; database/014_sprint3b_evidence_and_puzzle_integrity.sql:L114@s2_log_event[INSERT explicit column]{DIRECT_OR_COMPUTED} ; database/014_sprint3b_evidence_and_puzzle_integrity.sql:L154@s3b_log_formal_event[INSERT explicit column]{DIRECT_OR_COMPUTED} ; database/014_sprint3b_evidence_and_puzzle_integrity.sql:L214@s3b_set_scene[INSERT explicit column]{DIRECT_OR_COMPUTED} ; database/014b_sprint3b_targeted_closure_corrections.sql:L63@s3b_log_formal_event_at_context[INSERT explicit column]{DIRECT_OR_COMPUTED} ; database/015_sprint3c_minimal_safe_teacher_override.sql:L53@s3b_log_formal_event_at_context[INSERT explicit column]{DIRECT_OR_COMPUTED} ; database/015_sprint3c_minimal_safe_teacher_override.sql:L78@teacher_apply_override[INSERT explicit column]{DIRECT_OR_COMPUTED} ; database/015_sprint3c_minimal_safe_teacher_override.sql:L91@teacher_apply_override[INSERT explicit column]{DIRECT_OR_COMPUTED} ; database/015_sprint3c_minimal_safe_teacher_override.sql:L99@teacher_apply_override[INSERT explicit column]{DIRECT_OR_COMPUTED} ; database/016_sprint3c_level1_narrow_corrections.sql:L65@s2_log_event[INSERT explicit column]{DIRECT_OR_COMPUTED} ; database/043_sprint7_teacher_console.sql:L19@s7_set_audit_private_debug[INSERT explicit column]{DIRECT_OR_COMPUTED} ; database/045_sprint7_teacher_intervention_provenance.sql:L18@TOP_LEVEL[INSERT explicit column]{DIRECT_OR_COMPUTED} ; database/045_sprint7_teacher_intervention_provenance.sql:L26@s5_teacher_open_vote[INSERT explicit column]{DIRECT_OR_COMPUTED} ; database/045_sprint7_teacher_intervention_provenance.sql:L32@s5_teacher_add_time[INSERT explicit column]{DIRECT_OR_COMPUTED} ; database/045_sprint7_teacher_intervention_provenance.sql:L8@s7_mirror_teacher_discussion_event[INSERT explicit column]{DIRECT_OR_COMPUTED} ; database/046_sprint8_act14_finalization_export.sql:L57@s8_finalize[INSERT explicit column]{DIRECT_OR_COMPUTED} ; database/048_sprint8_focused_level1_corrections.sql:L73@s8_finalize[INSERT explicit column]{DIRECT_OR_COMPUTED} ; database/049_sprint8_final_closure.sql:L170@s8_finalize[INSERT explicit column]{DIRECT_OR_COMPUTED} ; database/054_level3_integrated_closure.sql:L102@teacher_apply_override[INSERT explicit column]{DIRECT_OR_COMPUTED},4,database/002_runtime_runs_discussion.sql:L1031@s2_get_teacher_state[qualified/rowtype field reference] ; database/003_sprint2_discussionroom_audit_fix.sql:L593@s2_get_teacher_state[qualified/rowtype field reference] ; database/014b_sprint3b_targeted_closure_corrections.sql:L169@s2_get_teacher_state[qualified/rowtype field reference] ; database/057_teacher_override_event_scope_consistency.sql:L24@teacher_apply_override[qualified/rowtype field reference],0,,3,READ:tests/level2-residual-integrity-transaction.sql:L19@TEST_SQL[bare field in single test statement] ; READ:tests/level2-residual-integrity-transaction.sql:L29@TEST_SQL[bare field in single test statement] ; READ:tests/level2-residual-integrity-transaction.sql:L40@TEST_SQL[bare field in single test statement],2,database/045_sprint7_teacher_intervention_provenance.sql:L7@s7_mirror_teacher_discussion_event[NEW.field trigger reference; read/write not mechanically determined] ; database/045_sprint7_teacher_intervention_provenance.sql:L9@s7_mirror_teacher_discussion_event[NEW.field trigger reference; read/write not mechanically determined]
F0124,runtime_events#06,runtime_events,actor_player_id,6,2,NO,9,database/002_runtime_runs_discussion.sql:L158@s2_log_event[INSERT explicit column]{DIRECT_OR_COMPUTED} ; database/014_sprint3b_evidence_and_puzzle_integrity.sql:L114@s2_log_event[INSERT explicit column]{DIRECT_OR_COMPUTED} ; database/014_sprint3b_evidence_and_puzzle_integrity.sql:L154@s3b_log_formal_event[INSERT explicit column]{DIRECT_OR_COMPUTED} ; database/014b_sprint3b_targeted_closure_corrections.sql:L63@s3b_log_formal_event_at_context[INSERT explicit column]{DIRECT_OR_COMPUTED} ; database/015_sprint3c_minimal_safe_teacher_override.sql:L53@s3b_log_formal_event_at_context[INSERT explicit column]{DIRECT_OR_COMPUTED} ; database/016_sprint3c_level1_narrow_corrections.sql:L65@s2_log_event[INSERT explicit column]{DIRECT_OR_COMPUTED} ; database/046_sprint8_act14_finalization_export.sql:L57@s8_finalize[INSERT explicit column]{DIRECT_OR_COMPUTED} ; database/048_sprint8_focused_level1_corrections.sql:L73@s8_finalize[INSERT explicit column]{DIRECT_OR_COMPUTED} ; database/049_sprint8_final_closure.sql:L170@s8_finalize[INSERT explicit column]{DIRECT_OR_COMPUTED},1,database/014b_sprint3b_targeted_closure_corrections.sql:L171@s2_get_teacher_state[qualified/rowtype field reference],0,,0,,0,
F0125,runtime_events#07,runtime_events,details,7,4,NO,20,database/002_runtime_runs_discussion.sql:L158@s2_log_event[INSERT explicit column]{DIRECT_OR_COMPUTED} ; database/014_sprint3b_evidence_and_puzzle_integrity.sql:L114@s2_log_event[INSERT explicit column]{DIRECT_OR_COMPUTED} ; database/014_sprint3b_evidence_and_puzzle_integrity.sql:L154@s3b_log_formal_event[INSERT explicit column]{DIRECT_OR_COMPUTED} ; database/014_sprint3b_evidence_and_puzzle_integrity.sql:L214@s3b_set_scene[INSERT explicit column]{DIRECT_OR_COMPUTED} ; database/014b_sprint3b_targeted_closure_corrections.sql:L63@s3b_log_formal_event_at_context[INSERT explicit column]{DIRECT_OR_COMPUTED} ; database/015_sprint3c_minimal_safe_teacher_override.sql:L53@s3b_log_formal_event_at_context[INSERT explicit column]{DIRECT_OR_COMPUTED} ; database/015_sprint3c_minimal_safe_teacher_override.sql:L78@teacher_apply_override[INSERT explicit column]{DIRECT_OR_COMPUTED} ; database/015_sprint3c_minimal_safe_teacher_override.sql:L91@teacher_apply_override[INSERT explicit column]{DIRECT_OR_COMPUTED} ; database/015_sprint3c_minimal_safe_teacher_override.sql:L99@teacher_apply_override[INSERT explicit column]{DIRECT_OR_COMPUTED} ; database/016_sprint3c_level1_narrow_corrections.sql:L65@s2_log_event[INSERT explicit column]{DIRECT_OR_COMPUTED} ; database/043_sprint7_teacher_console.sql:L19@s7_set_audit_private_debug[INSERT explicit column]{DIRECT_OR_COMPUTED} ; database/045_sprint7_teacher_intervention_provenance.sql:L18@TOP_LEVEL[INSERT explicit column]{DIRECT_OR_COMPUTED} ; database/045_sprint7_teacher_intervention_provenance.sql:L26@s5_teacher_open_vote[INSERT explicit column]{DIRECT_OR_COMPUTED} ; database/045_sprint7_teacher_intervention_provenance.sql:L32@s5_teacher_add_time[INSERT explicit column]{DIRECT_OR_COMPUTED} ; database/045_sprint7_teacher_intervention_provenance.sql:L8@s7_mirror_teacher_discussion_event[INSERT explicit column]{DIRECT_OR_COMPUTED} ; database/046_sprint8_act14_finalization_export.sql:L57@s8_finalize[INSERT explicit column]{DIRECT_OR_COMPUTED} ; database/048_sprint8_focused_level1_corrections.sql:L73@s8_finalize[INSERT explicit column]{DIRECT_OR_COMPUTED} ; database/049_sprint8_final_closure.sql:L170@s8_finalize[INSERT explicit column]{DIRECT_OR_COMPUTED} ; database/054_level3_integrated_closure.sql:L102@teacher_apply_override[INSERT explicit column]{DIRECT_OR_COMPUTED} ; database/057_teacher_override_event_scope_consistency.sql:L23@teacher_apply_override[UPDATE SET]{DERIVED_OR_COPY},4,database/002_runtime_runs_discussion.sql:L1033@s2_get_teacher_state[qualified/rowtype field reference] ; database/003_sprint2_discussionroom_audit_fix.sql:L595@s2_get_teacher_state[qualified/rowtype field reference] ; database/014b_sprint3b_targeted_closure_corrections.sql:L174@s2_get_teacher_state[qualified/rowtype field reference] ; database/057_teacher_override_event_scope_consistency.sql:L23@teacher_apply_override[qualified/rowtype field reference],0,,3,READ:tests/level2-residual-integrity-transaction.sql:L19@TEST_SQL[bare field in single test statement] ; READ:tests/level2-residual-integrity-transaction.sql:L29@TEST_SQL[bare field in single test statement] ; READ:tests/level2-residual-integrity-transaction.sql:L40@TEST_SQL[bare field in single test statement],1,database/045_sprint7_teacher_intervention_provenance.sql:L10@s7_mirror_teacher_discussion_event[NEW.field trigger reference; read/write not mechanically determined]
F0126,runtime_events#08,runtime_events,created_at,8,11,NO,0,,6,database/002_runtime_runs_discussion.sql:L1034@s2_get_teacher_state[qualified/rowtype field reference] ; database/002_runtime_runs_discussion.sql:L1035@s2_get_teacher_state[qualified/rowtype field reference] ; database/003_sprint2_discussionroom_audit_fix.sql:L596@s2_get_teacher_state[qualified/rowtype field reference] ; database/003_sprint2_discussionroom_audit_fix.sql:L597@s2_get_teacher_state[qualified/rowtype field reference] ; database/014b_sprint3b_targeted_closure_corrections.sql:L174@s2_get_teacher_state[qualified/rowtype field reference] ; database/014b_sprint3b_targeted_closure_corrections.sql:L175@s2_get_teacher_state[qualified/rowtype field reference],0,,0,,0,
F0127,runtime_events#09,runtime_events,scene_id,9,11,NO,19,database/014_sprint3b_evidence_and_puzzle_integrity.sql:L114@s2_log_event[INSERT explicit column]{DIRECT_OR_COMPUTED} ; database/014_sprint3b_evidence_and_puzzle_integrity.sql:L154@s3b_log_formal_event[INSERT explicit column]{DIRECT_OR_COMPUTED} ; database/014_sprint3b_evidence_and_puzzle_integrity.sql:L214@s3b_set_scene[INSERT explicit column]{DIRECT_OR_COMPUTED} ; database/014_sprint3b_evidence_and_puzzle_integrity.sql:L57@TOP_LEVEL[UPDATE SET]{DERIVED_OR_COPY} ; database/014b_sprint3b_targeted_closure_corrections.sql:L63@s3b_log_formal_event_at_context[INSERT explicit column]{DIRECT_OR_COMPUTED} ; database/015_sprint3c_minimal_safe_teacher_override.sql:L53@s3b_log_formal_event_at_context[INSERT explicit column]{DIRECT_OR_COMPUTED} ; database/015_sprint3c_minimal_safe_teacher_override.sql:L78@teacher_apply_override[INSERT explicit column]{DIRECT_OR_COMPUTED} ; database/015_sprint3c_minimal_safe_teacher_override.sql:L91@teacher_apply_override[INSERT explicit column]{DIRECT_OR_COMPUTED} ; database/015_sprint3c_minimal_safe_teacher_override.sql:L99@teacher_apply_override[INSERT explicit column]{DIRECT_OR_COMPUTED} ; database/016_sprint3c_level1_narrow_corrections.sql:L65@s2_log_event[INSERT explicit column]{DIRECT_OR_COMPUTED} ; database/043_sprint7_teacher_console.sql:L19@s7_set_audit_private_debug[INSERT explicit column]{DIRECT_OR_COMPUTED} ; database/045_sprint7_teacher_intervention_provenance.sql:L18@TOP_LEVEL[INSERT explicit column]{DIRECT_OR_COMPUTED} ; database/045_sprint7_teacher_intervention_provenance.sql:L26@s5_teacher_open_vote[INSERT explicit column]{DIRECT_OR_COMPUTED} ; database/045_sprint7_teacher_intervention_provenance.sql:L32@s5_teacher_add_time[INSERT explicit column]{DIRECT_OR_COMPUTED} ; database/045_sprint7_teacher_intervention_provenance.sql:L8@s7_mirror_teacher_discussion_event[INSERT explicit column]{DIRECT_OR_COMPUTED} ; database/046_sprint8_act14_finalization_export.sql:L57@s8_finalize[INSERT explicit column]{DIRECT_OR_COMPUTED} ; database/048_sprint8_focused_level1_corrections.sql:L73@s8_finalize[INSERT explicit column]{DIRECT_OR_COMPUTED} ; database/049_sprint8_final_closure.sql:L170@s8_finalize[INSERT explicit column]{DIRECT_OR_COMPUTED} ; database/054_level3_integrated_closure.sql:L102@teacher_apply_override[INSERT explicit column]{DIRECT_OR_COMPUTED},1,database/014b_sprint3b_targeted_closure_corrections.sql:L170@s2_get_teacher_state[qualified/rowtype field reference],0,,0,,1,database/045_sprint7_teacher_intervention_provenance.sql:L10@s7_mirror_teacher_discussion_event[NEW.field trigger reference; read/write not mechanically determined]
F0128,runtime_events#10,runtime_events,phase_key,10,13,NO,19,database/014_sprint3b_evidence_and_puzzle_integrity.sql:L114@s2_log_event[INSERT explicit column]{DIRECT_OR_COMPUTED} ; database/014_sprint3b_evidence_and_puzzle_integrity.sql:L154@s3b_log_formal_event[INSERT explicit column]{DIRECT_OR_COMPUTED} ; database/014_sprint3b_evidence_and_puzzle_integrity.sql:L214@s3b_set_scene[INSERT explicit column]{DIRECT_OR_COMPUTED} ; database/014_sprint3b_evidence_and_puzzle_integrity.sql:L57@TOP_LEVEL[UPDATE SET]{DERIVED_OR_COPY} ; database/014b_sprint3b_targeted_closure_corrections.sql:L63@s3b_log_formal_event_at_context[INSERT explicit column]{DIRECT_OR_COMPUTED} ; database/015_sprint3c_minimal_safe_teacher_override.sql:L53@s3b_log_formal_event_at_context[INSERT explicit column]{DIRECT_OR_COMPUTED} ; database/015_sprint3c_minimal_safe_teacher_override.sql:L78@teacher_apply_override[INSERT explicit column]{DIRECT_OR_COMPUTED} ; database/015_sprint3c_minimal_safe_teacher_override.sql:L91@teacher_apply_override[INSERT explicit column]{DIRECT_OR_COMPUTED} ; database/015_sprint3c_minimal_safe_teacher_override.sql:L99@teacher_apply_override[INSERT explicit column]{DIRECT_OR_COMPUTED} ; database/016_sprint3c_level1_narrow_corrections.sql:L65@s2_log_event[INSERT explicit column]{DIRECT_OR_COMPUTED} ; database/043_sprint7_teacher_console.sql:L19@s7_set_audit_private_debug[INSERT explicit column]{DIRECT_OR_COMPUTED} ; database/045_sprint7_teacher_intervention_provenance.sql:L18@TOP_LEVEL[INSERT explicit column]{DIRECT_OR_COMPUTED} ; database/045_sprint7_teacher_intervention_provenance.sql:L26@s5_teacher_open_vote[INSERT explicit column]{DIRECT_OR_COMPUTED} ; database/045_sprint7_teacher_intervention_provenance.sql:L32@s5_teacher_add_time[INSERT explicit column]{DIRECT_OR_COMPUTED} ; database/045_sprint7_teacher_intervention_provenance.sql:L8@s7_mirror_teacher_discussion_event[INSERT explicit column]{DIRECT_OR_COMPUTED} ; database/046_sprint8_act14_finalization_export.sql:L57@s8_finalize[INSERT explicit column]{DIRECT_OR_COMPUTED} ; database/048_sprint8_focused_level1_corrections.sql:L73@s8_finalize[INSERT explicit column]{DIRECT_OR_COMPUTED} ; database/049_sprint8_final_closure.sql:L170@s8_finalize[INSERT explicit column]{DIRECT_OR_COMPUTED} ; database/054_level3_integrated_closure.sql:L102@teacher_apply_override[INSERT explicit column]{DIRECT_OR_COMPUTED},2,database/014b_sprint3b_targeted_closure_corrections.sql:L171@s2_get_teacher_state[qualified/rowtype field reference] ; database/014b_sprint3b_targeted_closure_corrections.sql:L178@s2_get_teacher_state[qualified/rowtype field reference],0,,0,,1,database/045_sprint7_teacher_intervention_provenance.sql:L10@s7_mirror_teacher_discussion_event[NEW.field trigger reference; read/write not mechanically determined]
F0129,runtime_events#11,runtime_events,step_key,11,6,NO,19,database/014_sprint3b_evidence_and_puzzle_integrity.sql:L114@s2_log_event[INSERT explicit column]{DIRECT_OR_COMPUTED} ; database/014_sprint3b_evidence_and_puzzle_integrity.sql:L154@s3b_log_formal_event[INSERT explicit column]{DIRECT_OR_COMPUTED} ; database/014_sprint3b_evidence_and_puzzle_integrity.sql:L214@s3b_set_scene[INSERT explicit column]{DIRECT_OR_COMPUTED} ; database/014_sprint3b_evidence_and_puzzle_integrity.sql:L58@TOP_LEVEL[UPDATE SET]{DERIVED_OR_COPY} ; database/014b_sprint3b_targeted_closure_corrections.sql:L63@s3b_log_formal_event_at_context[INSERT explicit column]{DIRECT_OR_COMPUTED} ; database/015_sprint3c_minimal_safe_teacher_override.sql:L53@s3b_log_formal_event_at_context[INSERT explicit column]{DIRECT_OR_COMPUTED} ; database/015_sprint3c_minimal_safe_teacher_override.sql:L78@teacher_apply_override[INSERT explicit column]{DIRECT_OR_COMPUTED} ; database/015_sprint3c_minimal_safe_teacher_override.sql:L91@teacher_apply_override[INSERT explicit column]{DIRECT_OR_COMPUTED} ; database/015_sprint3c_minimal_safe_teacher_override.sql:L99@teacher_apply_override[INSERT explicit column]{DIRECT_OR_COMPUTED} ; database/016_sprint3c_level1_narrow_corrections.sql:L65@s2_log_event[INSERT explicit column]{DIRECT_OR_COMPUTED} ; database/043_sprint7_teacher_console.sql:L19@s7_set_audit_private_debug[INSERT explicit column]{DIRECT_OR_COMPUTED} ; database/045_sprint7_teacher_intervention_provenance.sql:L18@TOP_LEVEL[INSERT explicit column]{DIRECT_OR_COMPUTED} ; database/045_sprint7_teacher_intervention_provenance.sql:L26@s5_teacher_open_vote[INSERT explicit column]{DIRECT_OR_COMPUTED} ; database/045_sprint7_teacher_intervention_provenance.sql:L32@s5_teacher_add_time[INSERT explicit column]{DIRECT_OR_COMPUTED} ; database/045_sprint7_teacher_intervention_provenance.sql:L8@s7_mirror_teacher_discussion_event[INSERT explicit column]{DIRECT_OR_COMPUTED} ; database/046_sprint8_act14_finalization_export.sql:L57@s8_finalize[INSERT explicit column]{DIRECT_OR_COMPUTED} ; database/048_sprint8_focused_level1_corrections.sql:L73@s8_finalize[INSERT explicit column]{DIRECT_OR_COMPUTED} ; database/049_sprint8_final_closure.sql:L170@s8_finalize[INSERT explicit column]{DIRECT_OR_COMPUTED} ; database/054_level3_integrated_closure.sql:L102@teacher_apply_override[INSERT explicit column]{DIRECT_OR_COMPUTED},1,database/014b_sprint3b_targeted_closure_corrections.sql:L171@s2_get_teacher_state[qualified/rowtype field reference],0,,0,,1,database/045_sprint7_teacher_intervention_provenance.sql:L10@s7_mirror_teacher_discussion_event[NEW.field trigger reference; read/write not mechanically determined]
F0130,runtime_events#12,runtime_events,event_source,12,1,YES,20,database/014_sprint3b_evidence_and_puzzle_integrity.sql:L114@s2_log_event[INSERT explicit column]{DIRECT_OR_COMPUTED} ; database/014_sprint3b_evidence_and_puzzle_integrity.sql:L154@s3b_log_formal_event[INSERT explicit column]{DIRECT_OR_COMPUTED} ; database/014_sprint3b_evidence_and_puzzle_integrity.sql:L214@s3b_set_scene[INSERT explicit column]{DIRECT_OR_COMPUTED} ; database/014_sprint3b_evidence_and_puzzle_integrity.sql:L59@TOP_LEVEL[UPDATE SET]{DERIVED_OR_COPY} ; database/014_sprint3b_evidence_and_puzzle_integrity.sql:L69@TOP_LEVEL[UPDATE SET]{DIRECT_OR_COMPUTED} ; database/014b_sprint3b_targeted_closure_corrections.sql:L63@s3b_log_formal_event_at_context[INSERT explicit column]{DIRECT_OR_COMPUTED} ; database/015_sprint3c_minimal_safe_teacher_override.sql:L53@s3b_log_formal_event_at_context[INSERT explicit column]{DIRECT_OR_COMPUTED} ; database/015_sprint3c_minimal_safe_teacher_override.sql:L78@teacher_apply_override[INSERT explicit column]{DIRECT_OR_COMPUTED} ; database/015_sprint3c_minimal_safe_teacher_override.sql:L91@teacher_apply_override[INSERT explicit column]{DIRECT_OR_COMPUTED} ; database/015_sprint3c_minimal_safe_teacher_override.sql:L99@teacher_apply_override[INSERT explicit column]{DIRECT_OR_COMPUTED} ; database/016_sprint3c_level1_narrow_corrections.sql:L65@s2_log_event[INSERT explicit column]{DIRECT_OR_COMPUTED} ; database/043_sprint7_teacher_console.sql:L19@s7_set_audit_private_debug[INSERT explicit column]{DIRECT_OR_COMPUTED} ; database/045_sprint7_teacher_intervention_provenance.sql:L18@TOP_LEVEL[INSERT explicit column]{DIRECT_OR_COMPUTED} ; database/045_sprint7_teacher_intervention_provenance.sql:L26@s5_teacher_open_vote[INSERT explicit column]{DIRECT_OR_COMPUTED} ; database/045_sprint7_teacher_intervention_provenance.sql:L32@s5_teacher_add_time[INSERT explicit column]{DIRECT_OR_COMPUTED} ; database/045_sprint7_teacher_intervention_provenance.sql:L8@s7_mirror_teacher_discussion_event[INSERT explicit column]{DIRECT_OR_COMPUTED} ; database/046_sprint8_act14_finalization_export.sql:L57@s8_finalize[INSERT explicit column]{DIRECT_OR_COMPUTED} ; database/048_sprint8_focused_level1_corrections.sql:L73@s8_finalize[INSERT explicit column]{DIRECT_OR_COMPUTED} ; database/049_sprint8_final_closure.sql:L170@s8_finalize[INSERT explicit column]{DIRECT_OR_COMPUTED} ; database/054_level3_integrated_closure.sql:L102@teacher_apply_override[INSERT explicit column]{DIRECT_OR_COMPUTED},1,database/014b_sprint3b_targeted_closure_corrections.sql:L172@s2_get_teacher_state[qualified/rowtype field reference],2,MEDIUM:tests/sprint3b-remediation-live-e2e.js:L117@exactVote[property-name reference] ; MEDIUM:tests/sprint3c-live-e2e.js:L18@main[property-name reference],0,,0,
F0131,runtime_events#13,runtime_events,validity,13,4,NO,20,database/014_sprint3b_evidence_and_puzzle_integrity.sql:L114@s2_log_event[INSERT explicit column]{DIRECT_OR_COMPUTED} ; database/014_sprint3b_evidence_and_puzzle_integrity.sql:L154@s3b_log_formal_event[INSERT explicit column]{DIRECT_OR_COMPUTED} ; database/014_sprint3b_evidence_and_puzzle_integrity.sql:L214@s3b_set_scene[INSERT explicit column]{DIRECT_OR_COMPUTED} ; database/014_sprint3b_evidence_and_puzzle_integrity.sql:L60@TOP_LEVEL[UPDATE SET]{DERIVED_OR_COPY} ; database/014_sprint3b_evidence_and_puzzle_integrity.sql:L69@TOP_LEVEL[UPDATE SET]{DIRECT_OR_COMPUTED} ; database/014b_sprint3b_targeted_closure_corrections.sql:L63@s3b_log_formal_event_at_context[INSERT explicit column]{DIRECT_OR_COMPUTED} ; database/015_sprint3c_minimal_safe_teacher_override.sql:L53@s3b_log_formal_event_at_context[INSERT explicit column]{DIRECT_OR_COMPUTED} ; database/015_sprint3c_minimal_safe_teacher_override.sql:L78@teacher_apply_override[INSERT explicit column]{DIRECT_OR_COMPUTED} ; database/015_sprint3c_minimal_safe_teacher_override.sql:L91@teacher_apply_override[INSERT explicit column]{DIRECT_OR_COMPUTED} ; database/015_sprint3c_minimal_safe_teacher_override.sql:L99@teacher_apply_override[INSERT explicit column]{DIRECT_OR_COMPUTED} ; database/016_sprint3c_level1_narrow_corrections.sql:L65@s2_log_event[INSERT explicit column]{DIRECT_OR_COMPUTED} ; database/043_sprint7_teacher_console.sql:L19@s7_set_audit_private_debug[INSERT explicit column]{DIRECT_OR_COMPUTED} ; database/045_sprint7_teacher_intervention_provenance.sql:L18@TOP_LEVEL[INSERT explicit column]{DIRECT_OR_COMPUTED} ; database/045_sprint7_teacher_intervention_provenance.sql:L26@s5_teacher_open_vote[INSERT explicit column]{DIRECT_OR_COMPUTED} ; database/045_sprint7_teacher_intervention_provenance.sql:L32@s5_teacher_add_time[INSERT explicit column]{DIRECT_OR_COMPUTED} ; database/045_sprint7_teacher_intervention_provenance.sql:L8@s7_mirror_teacher_discussion_event[INSERT explicit column]{DIRECT_OR_COMPUTED} ; database/046_sprint8_act14_finalization_export.sql:L57@s8_finalize[INSERT explicit column]{DIRECT_OR_COMPUTED} ; database/048_sprint8_focused_level1_corrections.sql:L73@s8_finalize[INSERT explicit column]{DIRECT_OR_COMPUTED} ; database/049_sprint8_final_closure.sql:L170@s8_finalize[INSERT explicit column]{DIRECT_OR_COMPUTED} ; database/054_level3_integrated_closure.sql:L102@teacher_apply_override[INSERT explicit column]{DIRECT_OR_COMPUTED},2,database/014b_sprint3b_targeted_closure_corrections.sql:L172@s2_get_teacher_state[qualified/rowtype field reference] ; database/043_sprint7_teacher_console.sql:L72@s7_get_teacher_console[qualified/rowtype field reference],0,,0,,0,
F0132,runtime_events#14,runtime_events,behavior_scoring,14,3,NO,19,database/014_sprint3b_evidence_and_puzzle_integrity.sql:L114@s2_log_event[INSERT explicit column]{DIRECT_OR_COMPUTED} ; database/014_sprint3b_evidence_and_puzzle_integrity.sql:L154@s3b_log_formal_event[INSERT explicit column]{DIRECT_OR_COMPUTED} ; database/014_sprint3b_evidence_and_puzzle_integrity.sql:L214@s3b_set_scene[INSERT explicit column]{DIRECT_OR_COMPUTED} ; database/014_sprint3b_evidence_and_puzzle_integrity.sql:L61@TOP_LEVEL[UPDATE SET]{DERIVED_OR_COPY} ; database/014b_sprint3b_targeted_closure_corrections.sql:L63@s3b_log_formal_event_at_context[INSERT explicit column]{DIRECT_OR_COMPUTED} ; database/015_sprint3c_minimal_safe_teacher_override.sql:L53@s3b_log_formal_event_at_context[INSERT explicit column]{DIRECT_OR_COMPUTED} ; database/015_sprint3c_minimal_safe_teacher_override.sql:L78@teacher_apply_override[INSERT explicit column]{DIRECT_OR_COMPUTED} ; database/015_sprint3c_minimal_safe_teacher_override.sql:L91@teacher_apply_override[INSERT explicit column]{DIRECT_OR_COMPUTED} ; database/015_sprint3c_minimal_safe_teacher_override.sql:L99@teacher_apply_override[INSERT explicit column]{DIRECT_OR_COMPUTED} ; database/016_sprint3c_level1_narrow_corrections.sql:L65@s2_log_event[INSERT explicit column]{DIRECT_OR_COMPUTED} ; database/043_sprint7_teacher_console.sql:L19@s7_set_audit_private_debug[INSERT explicit column]{DIRECT_OR_COMPUTED} ; database/045_sprint7_teacher_intervention_provenance.sql:L18@TOP_LEVEL[INSERT explicit column]{DIRECT_OR_COMPUTED} ; database/045_sprint7_teacher_intervention_provenance.sql:L26@s5_teacher_open_vote[INSERT explicit column]{DIRECT_OR_COMPUTED} ; database/045_sprint7_teacher_intervention_provenance.sql:L32@s5_teacher_add_time[INSERT explicit column]{DIRECT_OR_COMPUTED} ; database/045_sprint7_teacher_intervention_provenance.sql:L8@s7_mirror_teacher_discussion_event[INSERT explicit column]{DIRECT_OR_COMPUTED} ; database/046_sprint8_act14_finalization_export.sql:L57@s8_finalize[INSERT explicit column]{DIRECT_OR_COMPUTED} ; database/048_sprint8_focused_level1_corrections.sql:L73@s8_finalize[INSERT explicit column]{DIRECT_OR_COMPUTED} ; database/049_sprint8_final_closure.sql:L170@s8_finalize[INSERT explicit column]{DIRECT_OR_COMPUTED} ; database/054_level3_integrated_closure.sql:L102@teacher_apply_override[INSERT explicit column]{DIRECT_OR_COMPUTED},1,database/014b_sprint3b_targeted_closure_corrections.sql:L173@s2_get_teacher_state[qualified/rowtype field reference],0,,0,,0,
F0133,runtime_events#15,runtime_events,interaction_id,15,1,YES,14,database/014_sprint3b_evidence_and_puzzle_integrity.sql:L114@s2_log_event[INSERT explicit column]{DIRECT_OR_COMPUTED} ; database/014_sprint3b_evidence_and_puzzle_integrity.sql:L154@s3b_log_formal_event[INSERT explicit column]{DIRECT_OR_COMPUTED} ; database/014_sprint3b_evidence_and_puzzle_integrity.sql:L63@TOP_LEVEL[UPDATE SET]{DERIVED_OR_COPY} ; database/014b_sprint3b_targeted_closure_corrections.sql:L63@s3b_log_formal_event_at_context[INSERT explicit column]{DIRECT_OR_COMPUTED} ; database/015_sprint3c_minimal_safe_teacher_override.sql:L53@s3b_log_formal_event_at_context[INSERT explicit column]{DIRECT_OR_COMPUTED} ; database/015_sprint3c_minimal_safe_teacher_override.sql:L78@teacher_apply_override[INSERT explicit column]{DIRECT_OR_COMPUTED} ; database/015_sprint3c_minimal_safe_teacher_override.sql:L91@teacher_apply_override[INSERT explicit column]{DIRECT_OR_COMPUTED} ; database/015_sprint3c_minimal_safe_teacher_override.sql:L99@teacher_apply_override[INSERT explicit column]{DIRECT_OR_COMPUTED} ; database/016_sprint3c_level1_narrow_corrections.sql:L65@s2_log_event[INSERT explicit column]{DIRECT_OR_COMPUTED} ; database/045_sprint7_teacher_intervention_provenance.sql:L18@TOP_LEVEL[INSERT explicit column]{DIRECT_OR_COMPUTED} ; database/045_sprint7_teacher_intervention_provenance.sql:L26@s5_teacher_open_vote[INSERT explicit column]{DIRECT_OR_COMPUTED} ; database/045_sprint7_teacher_intervention_provenance.sql:L32@s5_teacher_add_time[INSERT explicit column]{DIRECT_OR_COMPUTED} ; database/045_sprint7_teacher_intervention_provenance.sql:L8@s7_mirror_teacher_discussion_event[INSERT explicit column]{DIRECT_OR_COMPUTED} ; database/054_level3_integrated_closure.sql:L102@teacher_apply_override[INSERT explicit column]{DIRECT_OR_COMPUTED},2,database/014b_sprint3b_targeted_closure_corrections.sql:L173@s2_get_teacher_state[qualified/rowtype field reference] ; database/057_teacher_override_event_scope_consistency.sql:L24@teacher_apply_override[qualified/rowtype field reference],0,,3,READ:tests/level2-residual-integrity-transaction.sql:L19@TEST_SQL[bare field in single test statement] ; READ:tests/level2-residual-integrity-transaction.sql:L29@TEST_SQL[bare field in single test statement] ; READ:tests/level2-residual-integrity-transaction.sql:L40@TEST_SQL[bare field in single test statement],1,database/045_sprint7_teacher_intervention_provenance.sql:L10@s7_mirror_teacher_discussion_event[NEW.field trigger reference; read/write not mechanically determined]
F0134,runtime_events#16,runtime_events,client_request_id,16,8,NO,8,database/014_sprint3b_evidence_and_puzzle_integrity.sql:L114@s2_log_event[INSERT explicit column]{DIRECT_OR_COMPUTED} ; database/014_sprint3b_evidence_and_puzzle_integrity.sql:L154@s3b_log_formal_event[INSERT explicit column]{DIRECT_OR_COMPUTED} ; database/014b_sprint3b_targeted_closure_corrections.sql:L63@s3b_log_formal_event_at_context[INSERT explicit column]{DIRECT_OR_COMPUTED} ; database/015_sprint3c_minimal_safe_teacher_override.sql:L53@s3b_log_formal_event_at_context[INSERT explicit column]{DIRECT_OR_COMPUTED} ; database/016_sprint3c_level1_narrow_corrections.sql:L65@s2_log_event[INSERT explicit column]{DIRECT_OR_COMPUTED} ; database/046_sprint8_act14_finalization_export.sql:L57@s8_finalize[INSERT explicit column]{DIRECT_OR_COMPUTED} ; database/048_sprint8_focused_level1_corrections.sql:L73@s8_finalize[INSERT explicit column]{DIRECT_OR_COMPUTED} ; database/049_sprint8_final_closure.sql:L170@s8_finalize[INSERT explicit column]{DIRECT_OR_COMPUTED},1,database/014b_sprint3b_targeted_closure_corrections.sql:L174@s2_get_teacher_state[qualified/rowtype field reference],0,,0,,0,
F0135,runtime_player_decisions#01,runtime_player_decisions,decision_id,1,2,NO,0,,7,database/002_runtime_runs_discussion.sql:L1005@s2_get_teacher_state[qualified/rowtype field reference] ; database/002_runtime_runs_discussion.sql:L1015@s2_get_teacher_state[qualified/rowtype field reference] ; database/003_sprint2_discussionroom_audit_fix.sql:L554@s2_get_teacher_state[qualified/rowtype field reference] ; database/003_sprint2_discussionroom_audit_fix.sql:L564@s2_get_teacher_state[qualified/rowtype field reference] ; database/013_sprint3b_discussion_authority_and_request_identity.sql:L314@s2_submit_vote[SELECT * INTO row] ; database/050_sprint8_act2_verifier_projection_fix.sql:L17@s8_verify_integrity[qualified/rowtype field reference] ; database/050_sprint8_act2_verifier_projection_fix.sql:L28@s8_verify_integrity[qualified/rowtype field reference],0,,0,,0,
F0136,runtime_player_decisions#02,runtime_player_decisions,run_id,2,36,NO,4,database/002_runtime_runs_discussion.sql:L656@s2_submit_vote[INSERT explicit column]{DIRECT_OR_COMPUTED} ; database/003_sprint2_discussionroom_audit_fix.sql:L202@s2_submit_vote[INSERT explicit column]{DIRECT_OR_COMPUTED} ; database/004_sprint2_fallback_resolution_semantics.sql:L55@s2_submit_vote[INSERT explicit column]{DIRECT_OR_COMPUTED} ; database/013_sprint3b_discussion_authority_and_request_identity.sql:L327@s2_submit_vote[INSERT explicit column]{DIRECT_OR_COMPUTED},7,database/013_sprint3b_discussion_authority_and_request_identity.sql:L314@s2_submit_vote[SELECT * INTO row] ; database/050_sprint8_act2_verifier_projection_fix.sql:L22@s8_verify_integrity[qualified/rowtype field reference] ; database/055_level2_override_export_residual_closure.sql:L41@teacher_apply_override[qualified/rowtype field reference] ; database/055_level2_override_export_residual_closure.sql:L50@teacher_apply_override[qualified/rowtype field reference] ; database/056_level2_override_validity_binding_fix.sql:L32@teacher_apply_override[qualified/rowtype field reference] ; database/056_level2_override_validity_binding_fix.sql:L41@teacher_apply_override[qualified/rowtype field reference] ; database/056_level2_override_validity_binding_fix.sql:L50@teacher_apply_override[qualified/rowtype field reference],0,,3,READ:tests/level2-residual-integrity-transaction.sql:L14@TEST_SQL[bare field in single test statement] ; READ:tests/level2-residual-integrity-transaction.sql:L24@TEST_SQL[bare field in single test statement] ; READ:tests/level2-residual-integrity-transaction.sql:L36@TEST_SQL[bare field in single test statement],0,
F0137,runtime_player_decisions#03,runtime_player_decisions,discussion_session_id,3,5,NO,4,database/002_runtime_runs_discussion.sql:L656@s2_submit_vote[INSERT explicit column]{DIRECT_OR_COMPUTED} ; database/003_sprint2_discussionroom_audit_fix.sql:L202@s2_submit_vote[INSERT explicit column]{DIRECT_OR_COMPUTED} ; database/004_sprint2_fallback_resolution_semantics.sql:L55@s2_submit_vote[INSERT explicit column]{DIRECT_OR_COMPUTED} ; database/013_sprint3b_discussion_authority_and_request_identity.sql:L327@s2_submit_vote[INSERT explicit column]{DIRECT_OR_COMPUTED},15,database/002_runtime_runs_discussion.sql:L1024@s2_get_teacher_state[qualified/rowtype field reference] ; database/002_runtime_runs_discussion.sql:L862@s2_get_player_state[qualified/rowtype field reference] ; database/002_runtime_runs_discussion.sql:L877@s2_get_player_state[qualified/rowtype field reference] ; database/002_runtime_runs_discussion.sql:L912@s2_get_player_state[qualified/rowtype field reference] ; database/003_sprint2_discussionroom_audit_fix.sql:L409@s2_get_player_state[qualified/rowtype field reference] ; database/003_sprint2_discussionroom_audit_fix.sql:L424@s2_get_player_state[qualified/rowtype field reference] ; database/003_sprint2_discussionroom_audit_fix.sql:L459@s2_get_player_state[qualified/rowtype field reference] ; database/003_sprint2_discussionroom_audit_fix.sql:L573@s2_get_teacher_state[qualified/rowtype field reference] ; database/013_sprint3b_discussion_authority_and_request_identity.sql:L314@s2_submit_vote[SELECT * INTO row] ; database/050_sprint8_act2_verifier_projection_fix.sql:L22@s8_verify_integrity[qualified/rowtype field reference] ; database/055_level2_override_export_residual_closure.sql:L41@teacher_apply_override[qualified/rowtype field reference] ; database/055_level2_override_export_residual_closure.sql:L50@teacher_apply_override[qualified/rowtype field reference] ; database/056_level2_override_validity_binding_fix.sql:L30@teacher_apply_override[qualified/rowtype field reference] ; database/056_level2_override_validity_binding_fix.sql:L41@teacher_apply_override[qualified/rowtype field reference] ; database/056_level2_override_validity_binding_fix.sql:L50@teacher_apply_override[qualified/rowtype field reference],0,,3,READ:tests/level2-residual-integrity-transaction.sql:L14@TEST_SQL[bare field in single test statement] ; READ:tests/level2-residual-integrity-transaction.sql:L24@TEST_SQL[bare field in single test statement] ; READ:tests/level2-residual-integrity-transaction.sql:L36@TEST_SQL[bare field in single test statement],0,
F0138,runtime_player_decisions#04,runtime_player_decisions,scene_id,4,11,NO,4,database/002_runtime_runs_discussion.sql:L656@s2_submit_vote[INSERT explicit column]{DIRECT_OR_COMPUTED} ; database/003_sprint2_discussionroom_audit_fix.sql:L202@s2_submit_vote[INSERT explicit column]{DIRECT_OR_COMPUTED} ; database/004_sprint2_fallback_resolution_semantics.sql:L55@s2_submit_vote[INSERT explicit column]{DIRECT_OR_COMPUTED} ; database/013_sprint3b_discussion_authority_and_request_identity.sql:L327@s2_submit_vote[INSERT explicit column]{DIRECT_OR_COMPUTED},4,database/002_runtime_runs_discussion.sql:L894@s2_get_player_state[qualified/rowtype field reference] ; database/003_sprint2_discussionroom_audit_fix.sql:L441@s2_get_player_state[qualified/rowtype field reference] ; database/013_sprint3b_discussion_authority_and_request_identity.sql:L314@s2_submit_vote[SELECT * INTO row] ; database/056_level2_override_validity_binding_fix.sql:L32@teacher_apply_override[qualified/rowtype field reference],0,,0,,0,
F0139,runtime_player_decisions#05,runtime_player_decisions,phase_key,5,13,NO,4,database/002_runtime_runs_discussion.sql:L656@s2_submit_vote[INSERT explicit column]{DIRECT_OR_COMPUTED} ; database/003_sprint2_discussionroom_audit_fix.sql:L202@s2_submit_vote[INSERT explicit column]{DIRECT_OR_COMPUTED} ; database/004_sprint2_fallback_resolution_semantics.sql:L55@s2_submit_vote[INSERT explicit column]{DIRECT_OR_COMPUTED} ; database/013_sprint3b_discussion_authority_and_request_identity.sql:L327@s2_submit_vote[INSERT explicit column]{DIRECT_OR_COMPUTED},2,database/013_sprint3b_discussion_authority_and_request_identity.sql:L314@s2_submit_vote[SELECT * INTO row] ; database/056_level2_override_validity_binding_fix.sql:L32@teacher_apply_override[qualified/rowtype field reference],0,,0,,0,
F0140,runtime_player_decisions#06,runtime_player_decisions,step_key,6,6,NO,4,database/002_runtime_runs_discussion.sql:L656@s2_submit_vote[INSERT explicit column]{DIRECT_OR_COMPUTED} ; database/003_sprint2_discussionroom_audit_fix.sql:L202@s2_submit_vote[INSERT explicit column]{DIRECT_OR_COMPUTED} ; database/004_sprint2_fallback_resolution_semantics.sql:L55@s2_submit_vote[INSERT explicit column]{DIRECT_OR_COMPUTED} ; database/013_sprint3b_discussion_authority_and_request_identity.sql:L327@s2_submit_vote[INSERT explicit column]{DIRECT_OR_COMPUTED},1,database/013_sprint3b_discussion_authority_and_request_identity.sql:L314@s2_submit_vote[SELECT * INTO row],0,,0,,0,
F0141,runtime_player_decisions#07,runtime_player_decisions,vote_round,7,5,NO,4,database/002_runtime_runs_discussion.sql:L656@s2_submit_vote[INSERT explicit column]{DIRECT_OR_COMPUTED} ; database/003_sprint2_discussionroom_audit_fix.sql:L202@s2_submit_vote[INSERT explicit column]{DIRECT_OR_COMPUTED} ; database/004_sprint2_fallback_resolution_semantics.sql:L55@s2_submit_vote[INSERT explicit column]{DIRECT_OR_COMPUTED} ; database/013_sprint3b_discussion_authority_and_request_identity.sql:L327@s2_submit_vote[INSERT explicit column]{DIRECT_OR_COMPUTED},2,database/013_sprint3b_discussion_authority_and_request_identity.sql:L314@s2_submit_vote[SELECT * INTO row] ; database/050_sprint8_act2_verifier_projection_fix.sql:L23@s8_verify_integrity[qualified/rowtype field reference],0,,0,,0,
F0142,runtime_player_decisions#08,runtime_player_decisions,player_id,8,24,NO,4,database/002_runtime_runs_discussion.sql:L656@s2_submit_vote[INSERT explicit column]{DIRECT_OR_COMPUTED} ; database/003_sprint2_discussionroom_audit_fix.sql:L202@s2_submit_vote[INSERT explicit column]{DIRECT_OR_COMPUTED} ; database/004_sprint2_fallback_resolution_semantics.sql:L55@s2_submit_vote[INSERT explicit column]{DIRECT_OR_COMPUTED} ; database/013_sprint3b_discussion_authority_and_request_identity.sql:L327@s2_submit_vote[INSERT explicit column]{DIRECT_OR_COMPUTED},16,database/002_runtime_runs_discussion.sql:L1023@s2_get_teacher_state[qualified/rowtype field reference] ; database/002_runtime_runs_discussion.sql:L863@s2_get_player_state[qualified/rowtype field reference] ; database/002_runtime_runs_discussion.sql:L876@s2_get_player_state[qualified/rowtype field reference] ; database/002_runtime_runs_discussion.sql:L891@s2_get_player_state[qualified/rowtype field reference] ; database/002_runtime_runs_discussion.sql:L911@s2_get_player_state[qualified/rowtype field reference] ; database/003_sprint2_discussionroom_audit_fix.sql:L410@s2_get_player_state[qualified/rowtype field reference] ; database/003_sprint2_discussionroom_audit_fix.sql:L423@s2_get_player_state[qualified/rowtype field reference] ; database/003_sprint2_discussionroom_audit_fix.sql:L438@s2_get_player_state[qualified/rowtype field reference] ; database/003_sprint2_discussionroom_audit_fix.sql:L458@s2_get_player_state[qualified/rowtype field reference] ; database/003_sprint2_discussionroom_audit_fix.sql:L572@s2_get_teacher_state[qualified/rowtype field reference] ; database/013_sprint3b_discussion_authority_and_request_identity.sql:L314@s2_submit_vote[SELECT * INTO row] ; database/050_sprint8_act2_verifier_projection_fix.sql:L28@s8_verify_integrity[qualified/rowtype field reference] ; database/055_level2_override_export_residual_closure.sql:L41@teacher_apply_override[qualified/rowtype field reference] ; database/055_level2_override_export_residual_closure.sql:L50@teacher_apply_override[qualified/rowtype field reference] ; database/056_level2_override_validity_binding_fix.sql:L41@teacher_apply_override[qualified/rowtype field reference] ; database/056_level2_override_validity_binding_fix.sql:L50@teacher_apply_override[qualified/rowtype field reference],0,,0,,0,
F0143,runtime_player_decisions#09,runtime_player_decisions,decision_type,9,3,NO,4,database/002_runtime_runs_discussion.sql:L656@s2_submit_vote[INSERT explicit column]{DIRECT_OR_COMPUTED} ; database/003_sprint2_discussionroom_audit_fix.sql:L202@s2_submit_vote[INSERT explicit column]{DIRECT_OR_COMPUTED} ; database/004_sprint2_fallback_resolution_semantics.sql:L55@s2_submit_vote[INSERT explicit column]{DIRECT_OR_COMPUTED} ; database/013_sprint3b_discussion_authority_and_request_identity.sql:L327@s2_submit_vote[INSERT explicit column]{DIRECT_OR_COMPUTED},11,database/002_runtime_runs_discussion.sql:L1025@s2_get_teacher_state[qualified/rowtype field reference] ; database/002_runtime_runs_discussion.sql:L864@s2_get_player_state[qualified/rowtype field reference] ; database/002_runtime_runs_discussion.sql:L878@s2_get_player_state[qualified/rowtype field reference] ; database/002_runtime_runs_discussion.sql:L895@s2_get_player_state[qualified/rowtype field reference] ; database/002_runtime_runs_discussion.sql:L913@s2_get_player_state[qualified/rowtype field reference] ; database/003_sprint2_discussionroom_audit_fix.sql:L411@s2_get_player_state[qualified/rowtype field reference] ; database/003_sprint2_discussionroom_audit_fix.sql:L425@s2_get_player_state[qualified/rowtype field reference] ; database/003_sprint2_discussionroom_audit_fix.sql:L442@s2_get_player_state[qualified/rowtype field reference] ; database/003_sprint2_discussionroom_audit_fix.sql:L460@s2_get_player_state[qualified/rowtype field reference] ; database/003_sprint2_discussionroom_audit_fix.sql:L574@s2_get_teacher_state[qualified/rowtype field reference] ; database/013_sprint3b_discussion_authority_and_request_identity.sql:L314@s2_submit_vote[SELECT * INTO row],0,,0,,0,
F0144,runtime_player_decisions#10,runtime_player_decisions,choice_id,10,7,NO,4,database/002_runtime_runs_discussion.sql:L656@s2_submit_vote[INSERT explicit column]{DIRECT_OR_COMPUTED} ; database/003_sprint2_discussionroom_audit_fix.sql:L202@s2_submit_vote[INSERT explicit column]{DIRECT_OR_COMPUTED} ; database/004_sprint2_fallback_resolution_semantics.sql:L55@s2_submit_vote[INSERT explicit column]{DIRECT_OR_COMPUTED} ; database/013_sprint3b_discussion_authority_and_request_identity.sql:L327@s2_submit_vote[INSERT explicit column]{DIRECT_OR_COMPUTED},13,database/002_runtime_runs_discussion.sql:L1009@s2_get_teacher_state[qualified/rowtype field reference] ; database/002_runtime_runs_discussion.sql:L857@s2_get_player_state[qualified/rowtype field reference] ; database/002_runtime_runs_discussion.sql:L870@s2_get_player_state[qualified/rowtype field reference] ; database/002_runtime_runs_discussion.sql:L885@s2_get_player_state[qualified/rowtype field reference] ; database/002_runtime_runs_discussion.sql:L907@s2_get_player_state[qualified/rowtype field reference] ; database/003_sprint2_discussionroom_audit_fix.sql:L404@s2_get_player_state[qualified/rowtype field reference] ; database/003_sprint2_discussionroom_audit_fix.sql:L417@s2_get_player_state[qualified/rowtype field reference] ; database/003_sprint2_discussionroom_audit_fix.sql:L432@s2_get_player_state[qualified/rowtype field reference] ; database/003_sprint2_discussionroom_audit_fix.sql:L454@s2_get_player_state[qualified/rowtype field reference] ; database/003_sprint2_discussionroom_audit_fix.sql:L558@s2_get_teacher_state[qualified/rowtype field reference] ; database/013_sprint3b_discussion_authority_and_request_identity.sql:L314@s2_submit_vote[SELECT * INTO row] ; database/013_sprint3b_discussion_authority_and_request_identity.sql:L318@s2_submit_vote[qualified/rowtype field reference] ; database/013_sprint3b_discussion_authority_and_request_identity.sql:L322@s2_submit_vote[qualified/rowtype field reference],0,,0,,0,
F0145,runtime_player_decisions#11,runtime_player_decisions,choice_label,11,3,NO,4,database/002_runtime_runs_discussion.sql:L656@s2_submit_vote[INSERT explicit column]{DIRECT_OR_COMPUTED} ; database/003_sprint2_discussionroom_audit_fix.sql:L202@s2_submit_vote[INSERT explicit column]{DIRECT_OR_COMPUTED} ; database/004_sprint2_fallback_resolution_semantics.sql:L55@s2_submit_vote[INSERT explicit column]{DIRECT_OR_COMPUTED} ; database/013_sprint3b_discussion_authority_and_request_identity.sql:L327@s2_submit_vote[INSERT explicit column]{DIRECT_OR_COMPUTED},11,database/002_runtime_runs_discussion.sql:L1009@s2_get_teacher_state[qualified/rowtype field reference] ; database/002_runtime_runs_discussion.sql:L858@s2_get_player_state[qualified/rowtype field reference] ; database/002_runtime_runs_discussion.sql:L871@s2_get_player_state[qualified/rowtype field reference] ; database/002_runtime_runs_discussion.sql:L886@s2_get_player_state[qualified/rowtype field reference] ; database/002_runtime_runs_discussion.sql:L908@s2_get_player_state[qualified/rowtype field reference] ; database/003_sprint2_discussionroom_audit_fix.sql:L405@s2_get_player_state[qualified/rowtype field reference] ; database/003_sprint2_discussionroom_audit_fix.sql:L418@s2_get_player_state[qualified/rowtype field reference] ; database/003_sprint2_discussionroom_audit_fix.sql:L433@s2_get_player_state[qualified/rowtype field reference] ; database/003_sprint2_discussionroom_audit_fix.sql:L455@s2_get_player_state[qualified/rowtype field reference] ; database/003_sprint2_discussionroom_audit_fix.sql:L558@s2_get_teacher_state[qualified/rowtype field reference] ; database/013_sprint3b_discussion_authority_and_request_identity.sql:L314@s2_submit_vote[SELECT * INTO row],0,,0,,0,
F0146,runtime_player_decisions#12,runtime_player_decisions,locked_at,12,7,NO,0,,11,database/002_runtime_runs_discussion.sql:L1010@s2_get_teacher_state[qualified/rowtype field reference] ; database/002_runtime_runs_discussion.sql:L1016@s2_get_teacher_state[qualified/rowtype field reference] ; database/002_runtime_runs_discussion.sql:L859@s2_get_player_state[qualified/rowtype field reference] ; database/002_runtime_runs_discussion.sql:L872@s2_get_player_state[qualified/rowtype field reference] ; database/002_runtime_runs_discussion.sql:L887@s2_get_player_state[qualified/rowtype field reference] ; database/003_sprint2_discussionroom_audit_fix.sql:L406@s2_get_player_state[qualified/rowtype field reference] ; database/003_sprint2_discussionroom_audit_fix.sql:L419@s2_get_player_state[qualified/rowtype field reference] ; database/003_sprint2_discussionroom_audit_fix.sql:L434@s2_get_player_state[qualified/rowtype field reference] ; database/003_sprint2_discussionroom_audit_fix.sql:L559@s2_get_teacher_state[qualified/rowtype field reference] ; database/003_sprint2_discussionroom_audit_fix.sql:L565@s2_get_teacher_state[qualified/rowtype field reference] ; database/013_sprint3b_discussion_authority_and_request_identity.sql:L314@s2_submit_vote[SELECT * INTO row],0,,0,,0,
F0147,runtime_player_decisions#13,runtime_player_decisions,validity,13,4,NO,0,,1,database/013_sprint3b_discussion_authority_and_request_identity.sql:L314@s2_submit_vote[SELECT * INTO row],0,,0,,0,
F0148,runtime_player_decisions#14,runtime_player_decisions,context_provenance,14,1,YES,0,,1,database/013_sprint3b_discussion_authority_and_request_identity.sql:L314@s2_submit_vote[SELECT * INTO row],2,MEDIUM:tests/sprint3c-live-e2e.js:L18@main[property-name reference] ; MEDIUM:tests/sprint3c-live-e2e.js:L19@main[property-name reference],0,,0,
F0149,s1_game_events#01,s1_game_events,event_id,1,4,NO,0,,0,,0,,0,,0,
F0150,s1_game_events#02,s1_game_events,room_code,2,7,NO,7,database/001_sprint1_core.sql:L190@s1_create_room[INSERT explicit column]{DIRECT_OR_COMPUTED} ; database/001_sprint1_core.sql:L233@s1_join_player[INSERT explicit column]{DIRECT_OR_COMPUTED} ; database/001_sprint1_core.sql:L384@s1_submit_private_choice[INSERT explicit column]{DIRECT_OR_COMPUTED} ; database/001_sprint1_core.sql:L400@s1_submit_private_choice[INSERT explicit column]{DIRECT_OR_COMPUTED} ; database/001_sprint1_core.sql:L512@s1_advance_scene[INSERT explicit column]{DIRECT_OR_COMPUTED} ; database/001_sprint1_core.sql:L552@s1_release_player_session[INSERT explicit column]{DIRECT_OR_COMPUTED} ; database/001_sprint1_core.sql:L577@s1_reset_room[INSERT explicit column]{DIRECT_OR_COMPUTED},0,,0,,0,,0,
F0151,s1_game_events#03,s1_game_events,event_type,3,4,NO,7,database/001_sprint1_core.sql:L190@s1_create_room[INSERT explicit column]{DIRECT_OR_COMPUTED} ; database/001_sprint1_core.sql:L233@s1_join_player[INSERT explicit column]{DIRECT_OR_COMPUTED} ; database/001_sprint1_core.sql:L384@s1_submit_private_choice[INSERT explicit column]{DIRECT_OR_COMPUTED} ; database/001_sprint1_core.sql:L400@s1_submit_private_choice[INSERT explicit column]{DIRECT_OR_COMPUTED} ; database/001_sprint1_core.sql:L512@s1_advance_scene[INSERT explicit column]{DIRECT_OR_COMPUTED} ; database/001_sprint1_core.sql:L552@s1_release_player_session[INSERT explicit column]{DIRECT_OR_COMPUTED} ; database/001_sprint1_core.sql:L577@s1_reset_room[INSERT explicit column]{DIRECT_OR_COMPUTED},0,,0,,0,,0,
F0152,s1_game_events#04,s1_game_events,actor_player_id,4,2,NO,3,database/001_sprint1_core.sql:L233@s1_join_player[INSERT explicit column]{DIRECT_OR_COMPUTED} ; database/001_sprint1_core.sql:L384@s1_submit_private_choice[INSERT explicit column]{DIRECT_OR_COMPUTED} ; database/001_sprint1_core.sql:L552@s1_release_player_session[INSERT explicit column]{DIRECT_OR_COMPUTED},0,,0,,0,,0,
F0153,s1_game_events#05,s1_game_events,details,5,4,NO,7,database/001_sprint1_core.sql:L190@s1_create_room[INSERT explicit column]{DIRECT_OR_COMPUTED} ; database/001_sprint1_core.sql:L233@s1_join_player[INSERT explicit column]{DIRECT_OR_COMPUTED} ; database/001_sprint1_core.sql:L384@s1_submit_private_choice[INSERT explicit column]{DIRECT_OR_COMPUTED} ; database/001_sprint1_core.sql:L400@s1_submit_private_choice[INSERT explicit column]{DIRECT_OR_COMPUTED} ; database/001_sprint1_core.sql:L512@s1_advance_scene[INSERT explicit column]{DIRECT_OR_COMPUTED} ; database/001_sprint1_core.sql:L552@s1_release_player_session[INSERT explicit column]{DIRECT_OR_COMPUTED} ; database/001_sprint1_core.sql:L577@s1_reset_room[INSERT explicit column]{DIRECT_OR_COMPUTED},0,,0,,0,,0,
F0154,s1_game_events#06,s1_game_events,created_at,6,11,NO,0,,0,,0,,0,,0,
F0155,s1_player_decisions#01,s1_player_decisions,decision_id,1,2,NO,0,,1,database/001_sprint1_core.sql:L301@s1_get_player_state[to_jsonb(row) exposes field],0,,0,,0,
F0156,s1_player_decisions#02,s1_player_decisions,room_code,2,7,NO,1,database/001_sprint1_core.sql:L381@s1_submit_private_choice[INSERT explicit column]{DIRECT_OR_COMPUTED},3,database/001_sprint1_core.sql:L301@s1_get_player_state[to_jsonb(row) exposes field] ; database/001_sprint1_core.sql:L304@s1_get_player_state[qualified/rowtype field reference] ; database/001_sprint1_core.sql:L321@s1_get_player_state[qualified/rowtype field reference],0,,0,,0,
F0157,s1_player_decisions#03,s1_player_decisions,scene_id,3,11,NO,1,database/001_sprint1_core.sql:L381@s1_submit_private_choice[INSERT explicit column]{DIRECT_OR_COMPUTED},3,database/001_sprint1_core.sql:L301@s1_get_player_state[to_jsonb(row) exposes field] ; database/001_sprint1_core.sql:L305@s1_get_player_state[qualified/rowtype field reference] ; database/001_sprint1_core.sql:L322@s1_get_player_state[qualified/rowtype field reference],0,,0,,0,
F0158,s1_player_decisions#04,s1_player_decisions,player_id,4,24,NO,1,database/001_sprint1_core.sql:L381@s1_submit_private_choice[INSERT explicit column]{DIRECT_OR_COMPUTED},3,database/001_sprint1_core.sql:L301@s1_get_player_state[to_jsonb(row) exposes field] ; database/001_sprint1_core.sql:L306@s1_get_player_state[qualified/rowtype field reference] ; database/001_sprint1_core.sql:L320@s1_get_player_state[qualified/rowtype field reference],0,,0,,0,
F0159,s1_player_decisions#05,s1_player_decisions,decision_type,5,3,NO,1,database/001_sprint1_core.sql:L381@s1_submit_private_choice[INSERT explicit column]{DIRECT_OR_COMPUTED},3,database/001_sprint1_core.sql:L301@s1_get_player_state[to_jsonb(row) exposes field] ; database/001_sprint1_core.sql:L307@s1_get_player_state[qualified/rowtype field reference] ; database/001_sprint1_core.sql:L323@s1_get_player_state[qualified/rowtype field reference],0,,0,,0,
F0160,s1_player_decisions#06,s1_player_decisions,choice_id,6,7,NO,1,database/001_sprint1_core.sql:L381@s1_submit_private_choice[INSERT explicit column]{DIRECT_OR_COMPUTED},2,database/001_sprint1_core.sql:L301@s1_get_player_state[to_jsonb(row) exposes field] ; database/001_sprint1_core.sql:L314@s1_get_player_state[qualified/rowtype field reference],0,,0,,0,
F0161,s1_player_decisions#07,s1_player_decisions,choice_label,7,3,NO,1,database/001_sprint1_core.sql:L381@s1_submit_private_choice[INSERT explicit column]{DIRECT_OR_COMPUTED},2,database/001_sprint1_core.sql:L301@s1_get_player_state[to_jsonb(row) exposes field] ; database/001_sprint1_core.sql:L315@s1_get_player_state[qualified/rowtype field reference],0,,0,,0,
F0162,s1_player_decisions#08,s1_player_decisions,locked_at,8,7,NO,0,,2,database/001_sprint1_core.sql:L301@s1_get_player_state[to_jsonb(row) exposes field] ; database/001_sprint1_core.sql:L316@s1_get_player_state[qualified/rowtype field reference],0,,0,,0,
F0163,s1_room_players#01,s1_room_players,player_id,1,24,NO,0,,280,database/001_sprint1_core.sql:L212@s1_join_player[SELECT * INTO row] ; database/001_sprint1_core.sql:L231@s1_join_player[qualified/rowtype field reference] ; database/001_sprint1_core.sql:L234@s1_join_player[qualified/rowtype field reference] ; database/001_sprint1_core.sql:L238@s1_join_player[qualified/rowtype field reference] ; database/001_sprint1_core.sql:L255@s1_get_player_by_session[SELECT * INTO row] ; database/001_sprint1_core.sql:L267@s1_get_player_by_session[qualified/rowtype field reference] ; database/001_sprint1_core.sql:L306@s1_get_player_state[qualified/rowtype field reference] ; database/001_sprint1_core.sql:L311@s1_get_player_state[qualified/rowtype field reference] ; database/001_sprint1_core.sql:L320@s1_get_player_state[qualified/rowtype field reference] ; database/001_sprint1_core.sql:L328@s1_get_player_state[qualified/rowtype field reference] ; database/001_sprint1_core.sql:L382@s1_submit_private_choice[qualified/rowtype field reference] ; database/001_sprint1_core.sql:L385@s1_submit_private_choice[qualified/rowtype field reference] ; database/002_runtime_runs_discussion.sql:L1001@s2_get_teacher_state[qualified/rowtype field reference] ; database/002_runtime_runs_discussion.sql:L1007@s2_get_teacher_state[qualified/rowtype field reference] ; database/002_runtime_runs_discussion.sql:L1014@s2_get_teacher_state[qualified/rowtype field reference] ; database/002_runtime_runs_discussion.sql:L1023@s2_get_teacher_state[qualified/rowtype field reference] ; database/002_runtime_runs_discussion.sql:L591@s2_send_message[qualified/rowtype field reference] ; database/002_runtime_runs_discussion.sql:L596@s2_send_message[qualified/rowtype field reference] ; database/002_runtime_runs_discussion.sql:L662@s2_submit_vote[qualified/rowtype field reference] ; database/002_runtime_runs_discussion.sql:L667@s2_submit_vote[qualified/rowtype field reference] ; database/002_runtime_runs_discussion.sql:L848@s2_get_player_state[qualified/rowtype field reference] ; database/002_runtime_runs_discussion.sql:L863@s2_get_player_state[qualified/rowtype field reference] ; database/002_runtime_runs_discussion.sql:L876@s2_get_player_state[qualified/rowtype field reference] ; database/002_runtime_runs_discussion.sql:L891@s2_get_player_state[qualified/rowtype field reference] ; database/002_runtime_runs_discussion.sql:L911@s2_get_player_state[qualified/rowtype field reference] ; database/002_runtime_runs_discussion.sql:L931@s2_get_player_state[qualified/rowtype field reference] ; database/003_sprint2_discussionroom_audit_fix.sql:L208@s2_submit_vote[qualified/rowtype field reference] ; database/003_sprint2_discussionroom_audit_fix.sql:L213@s2_submit_vote[qualified/rowtype field reference] ; database/003_sprint2_discussionroom_audit_fix.sql:L394@s2_get_player_state[qualified/rowtype field reference] ; database/003_sprint2_discussionroom_audit_fix.sql:L410@s2_get_player_state[qualified/rowtype field reference] ; database/003_sprint2_discussionroom_audit_fix.sql:L423@s2_get_player_state[qualified/rowtype field reference] ; database/003_sprint2_discussionroom_audit_fix.sql:L438@s2_get_player_state[qualified/rowtype field reference] ; database/003_sprint2_discussionroom_audit_fix.sql:L458@s2_get_player_state[qualified/rowtype field reference] ; database/003_sprint2_discussionroom_audit_fix.sql:L478@s2_get_player_state[qualified/rowtype field reference] ; database/003_sprint2_discussionroom_audit_fix.sql:L549@s2_get_teacher_state[qualified/rowtype field reference] ; database/003_sprint2_discussionroom_audit_fix.sql:L556@s2_get_teacher_state[qualified/rowtype field reference] ; database/003_sprint2_discussionroom_audit_fix.sql:L563@s2_get_teacher_state[qualified/rowtype field reference] ; database/003_sprint2_discussionroom_audit_fix.sql:L572@s2_get_teacher_state[qualified/rowtype field reference] ; database/003_sprint2_discussionroom_audit_fix.sql:L588@s2_get_teacher_state[qualified/rowtype field reference] ; database/004_sprint2_fallback_resolution_semantics.sql:L61@s2_submit_vote[qualified/rowtype field reference] ; database/004_sprint2_fallback_resolution_semantics.sql:L66@s2_submit_vote[qualified/rowtype field reference] ; database/005_sprint3a_scene_pocket_knowledge_foundation.sql:L208@s3_share_photo[qualified/rowtype field reference] ; database/005_sprint3a_scene_pocket_knowledge_foundation.sql:L216@s3_share_photo[qualified/rowtype field reference] ; database/005_sprint3a_scene_pocket_knowledge_foundation.sql:L218@s3_share_photo[qualified/rowtype field reference] ; database/005_sprint3a_scene_pocket_knowledge_foundation.sql:L221@s3_share_photo[qualified/rowtype field reference] ; database/005_sprint3a_scene_pocket_knowledge_foundation.sql:L235@s3_get_player_state[qualified/rowtype field reference] ; database/005_sprint3a_scene_pocket_knowledge_foundation.sql:L236@s3_get_player_state[qualified/rowtype field reference] ; database/005_sprint3a_scene_pocket_knowledge_foundation.sql:L237@s3_get_player_state[qualified/rowtype field reference] ; database/005_sprint3a_scene_pocket_knowledge_foundation.sql:L239@s3_get_player_state[qualified/rowtype field reference] ; database/006_sprint3a_provenance_view_integrity_fix.sql:L144@s3_get_player_state[qualified/rowtype field reference] ; database/006_sprint3a_provenance_view_integrity_fix.sql:L145@s3_get_player_state[qualified/rowtype field reference] ; database/006_sprint3a_provenance_view_integrity_fix.sql:L146@s3_get_player_state[qualified/rowtype field reference] ; database/006_sprint3a_provenance_view_integrity_fix.sql:L148@s3_get_player_state[qualified/rowtype field reference] ; database/006_sprint3a_provenance_view_integrity_fix.sql:L69@s3_set_item_view[qualified/rowtype field reference] ; database/006_sprint3a_provenance_view_integrity_fix.sql:L71@s3_set_item_view[qualified/rowtype field reference] ; database/006_sprint3a_provenance_view_integrity_fix.sql:L75@s3_set_item_view[qualified/rowtype field reference] ; database/006_sprint3a_provenance_view_integrity_fix.sql:L86@s3_share_photo[qualified/rowtype field reference] ; database/006_sprint3a_provenance_view_integrity_fix.sql:L87@s3_share_photo[qualified/rowtype field reference] ; database/006_sprint3a_provenance_view_integrity_fix.sql:L93@s3_share_photo[qualified/rowtype field reference] ; database/006_sprint3a_provenance_view_integrity_fix.sql:L95@s3_share_photo[qualified/rowtype field reference] ; database/007_sprint3b_act1_5_placeholder_flow.sql:L108@s3b_submit_first_meeting[qualified/rowtype field reference] ; database/007_sprint3b_act1_5_placeholder_flow.sql:L110@s3b_submit_first_meeting[qualified/rowtype field reference] ; database/007_sprint3b_act1_5_placeholder_flow.sql:L120@s3b_grab[qualified/rowtype field reference] ; database/007_sprint3b_act1_5_placeholder_flow.sql:L122@s3b_grab[qualified/rowtype field reference] ; database/007_sprint3b_act1_5_placeholder_flow.sql:L123@s3b_grab[qualified/rowtype field reference] ; database/007_sprint3b_act1_5_placeholder_flow.sql:L125@s3b_grab[qualified/rowtype field reference] ; database/007_sprint3b_act1_5_placeholder_flow.sql:L135@s3b_leave_start_room[qualified/rowtype field reference] ; database/007_sprint3b_act1_5_placeholder_flow.sql:L185@s3b_follow_sign[qualified/rowtype field reference] ; database/007_sprint3b_act1_5_placeholder_flow.sql:L223@s3b_submit_library_code[qualified/rowtype field reference] ; database/007_sprint3b_act1_5_placeholder_flow.sql:L228@s3b_submit_library_code[qualified/rowtype field reference] ; database/007_sprint3b_act1_5_placeholder_flow.sql:L240@s3b_submit_act4_choice[qualified/rowtype field reference] ; database/007_sprint3b_act1_5_placeholder_flow.sql:L286@s3b_get_player_state[qualified/rowtype field reference] ; database/007_sprint3b_act1_5_placeholder_flow.sql:L95@s3b_submit_act1_choice[qualified/rowtype field reference] ; database/009_sprint3b_act1_consequence_integrity.sql:L76@s3b_get_my_facts[qualified/rowtype field reference] ; database/010_sprint3b_flow_integrity_and_inspect_fix.sql:L147@s3b_choose_post_inspection_route[qualified/rowtype field reference] ; database/011_sprint3b_transition_and_act1_delivery_integrity.sql:L32@s3b_initialize_flow[qualified/rowtype field reference] ; database/011_sprint3b_transition_and_act1_delivery_integrity.sql:L42@s3b_ack_act1_opening[qualified/rowtype field reference] ; database/011_sprint3b_transition_and_act1_delivery_integrity.sql:L55@s3b_submit_act1_choice[qualified/rowtype field reference] ; database/011_sprint3b_transition_and_act1_delivery_integrity.sql:L66@s3b_complete_act1[qualified/rowtype field reference] ; database/011_sprint3b_transition_and_act1_delivery_integrity.sql:L74@s3b_submit_first_meeting[qualified/rowtype field reference] ; database/011_sprint3b_transition_and_act1_delivery_integrity.sql:L75@s3b_grab[qualified/rowtype field reference] ; database/011_sprint3b_transition_and_act1_delivery_integrity.sql:L76@s3b_leave_start_room[qualified/rowtype field reference] ; database/011_sprint3b_transition_and_act1_delivery_integrity.sql:L91@s3b_follow_sign[qualified/rowtype field reference] ; database/011_sprint3b_transition_and_act1_delivery_integrity.sql:L93@s3b_submit_act4_choice[qualified/rowtype field reference] ; database/012_sprint3b_internal_wrapper_lockdown_and_route_delivery.sql:L44@s3b_ack_route_update[qualified/rowtype field reference] ; database/013_sprint3b_discussion_authority_and_request_identity.sql:L224@s2_send_message[qualified/rowtype field reference] ; database/013_sprint3b_discussion_authority_and_request_identity.sql:L251@s2_send_message[qualified/rowtype field reference] ; database/013_sprint3b_discussion_authority_and_request_identity.sql:L256@s2_send_message[qualified/rowtype field reference] ; database/013_sprint3b_discussion_authority_and_request_identity.sql:L316@s2_submit_vote[qualified/rowtype field reference] ; database/013_sprint3b_discussion_authority_and_request_identity.sql:L333@s2_submit_vote[qualified/rowtype field reference] ; database/013_sprint3b_discussion_authority_and_request_identity.sql:L337@s2_submit_vote[qualified/rowtype field reference] ; database/014_sprint3b_evidence_and_puzzle_integrity.sql:L261@s3b_ack_act1_opening[qualified/rowtype field reference] ; database/014_sprint3b_evidence_and_puzzle_integrity.sql:L262@s3b_ack_act1_opening[qualified/rowtype field reference] ; database/014_sprint3b_evidence_and_puzzle_integrity.sql:L273@s3b_submit_act1_choice[qualified/rowtype field reference] ; database/014_sprint3b_evidence_and_puzzle_integrity.sql:L275@s3b_submit_act1_choice[qualified/rowtype field reference] ; database/014_sprint3b_evidence_and_puzzle_integrity.sql:L276@s3b_submit_act1_choice[qualified/rowtype field reference] ; database/014_sprint3b_evidence_and_puzzle_integrity.sql:L286@s3b_complete_act1[qualified/rowtype field reference] ; database/014_sprint3b_evidence_and_puzzle_integrity.sql:L297@s3b_submit_first_meeting[qualified/rowtype field reference] ; database/014_sprint3b_evidence_and_puzzle_integrity.sql:L299@s3b_submit_first_meeting[qualified/rowtype field reference] ; database/014_sprint3b_evidence_and_puzzle_integrity.sql:L300@s3b_submit_first_meeting[qualified/rowtype field reference] ; database/014_sprint3b_evidence_and_puzzle_integrity.sql:L310@s3b_grab[qualified/rowtype field reference] ; database/014_sprint3b_evidence_and_puzzle_integrity.sql:L320@s3b_leave_start_room[qualified/rowtype field reference] ; database/014_sprint3b_evidence_and_puzzle_integrity.sql:L330@s3b_ack_route_update[qualified/rowtype field reference] ; database/014_sprint3b_evidence_and_puzzle_integrity.sql:L340@s3b_complete_foldback[qualified/rowtype field reference] ; database/014_sprint3b_evidence_and_puzzle_integrity.sql:L350@s3b_follow_sign[qualified/rowtype field reference] ; database/014_sprint3b_evidence_and_puzzle_integrity.sql:L361@s3b_submit_act4_choice[qualified/rowtype field reference] ; database/014_sprint3b_evidence_and_puzzle_integrity.sql:L363@s3b_submit_act4_choice[qualified/rowtype field reference] ; database/014_sprint3b_evidence_and_puzzle_integrity.sql:L364@s3b_submit_act4_choice[qualified/rowtype field reference] ; database/014_sprint3b_evidence_and_puzzle_integrity.sql:L390@s3b_submit_library_code[qualified/rowtype field reference] ; database/014_sprint3b_evidence_and_puzzle_integrity.sql:L426@s3b_submit_library_code[qualified/rowtype field reference] ; database/014_sprint3b_evidence_and_puzzle_integrity.sql:L428@s3b_submit_library_code[qualified/rowtype field reference] ; database/014_sprint3b_evidence_and_puzzle_integrity.sql:L441@s3b_submit_library_code[qualified/rowtype field reference] ; database/014_sprint3b_evidence_and_puzzle_integrity.sql:L471@s3b_submit_post_inspection_route_vote[qualified/rowtype field reference] ; database/014_sprint3b_evidence_and_puzzle_integrity.sql:L489@s3b_submit_post_inspection_route_vote[qualified/rowtype field reference] ; database/014_sprint3b_evidence_and_puzzle_integrity.sql:L491@s3b_submit_post_inspection_route_vote[qualified/rowtype field reference] ; database/014_sprint3b_evidence_and_puzzle_integrity.sql:L547@s3_share_photo[qualified/rowtype field reference] ; database/014_sprint3b_evidence_and_puzzle_integrity.sql:L551@s3_share_photo[qualified/rowtype field reference] ; database/014_sprint3b_evidence_and_puzzle_integrity.sql:L559@s3_share_photo[qualified/rowtype field reference] ; database/014_sprint3b_evidence_and_puzzle_integrity.sql:L562@s3_share_photo[qualified/rowtype field reference] ; database/014_sprint3b_evidence_and_puzzle_integrity.sql:L567@s3_share_photo[qualified/rowtype field reference] ; database/014_sprint3b_evidence_and_puzzle_integrity.sql:L599@s3b_get_player_state[qualified/rowtype field reference] ; database/014_sprint3b_evidence_and_puzzle_integrity.sql:L607@s3b_get_player_state[qualified/rowtype field reference] ; database/014b_sprint3b_targeted_closure_corrections.sql:L106@s3b_complete_act1[qualified/rowtype field reference] ; database/014b_sprint3b_targeted_closure_corrections.sql:L112@s3b_submit_first_meeting[qualified/rowtype field reference] ; database/014b_sprint3b_targeted_closure_corrections.sql:L114@s3b_submit_first_meeting[qualified/rowtype field reference] ; database/014b_sprint3b_targeted_closure_corrections.sql:L115@s3b_submit_first_meeting[qualified/rowtype field reference] ; database/014b_sprint3b_targeted_closure_corrections.sql:L121@s3b_grab[qualified/rowtype field reference] ; database/014b_sprint3b_targeted_closure_corrections.sql:L126@s3b_leave_start_room[qualified/rowtype field reference] ; database/014b_sprint3b_targeted_closure_corrections.sql:L131@s3b_ack_route_update[qualified/rowtype field reference] ; database/014b_sprint3b_targeted_closure_corrections.sql:L136@s3b_complete_foldback[qualified/rowtype field reference] ; database/014b_sprint3b_targeted_closure_corrections.sql:L141@s3b_follow_sign[qualified/rowtype field reference] ; database/014b_sprint3b_targeted_closure_corrections.sql:L147@s3b_submit_act4_choice[qualified/rowtype field reference] ; database/014b_sprint3b_targeted_closure_corrections.sql:L149@s3b_submit_act4_choice[qualified/rowtype field reference] ; database/014b_sprint3b_targeted_closure_corrections.sql:L150@s3b_submit_act4_choice[qualified/rowtype field reference] ; database/014b_sprint3b_targeted_closure_corrections.sql:L34@s3b_initialize_flow[qualified/rowtype field reference] ; database/014b_sprint3b_targeted_closure_corrections.sql:L84@s3b_ack_act1_opening[qualified/rowtype field reference] ; database/014b_sprint3b_targeted_closure_corrections.sql:L86@s3b_ack_act1_opening[qualified/rowtype field reference] ; database/014b_sprint3b_targeted_closure_corrections.sql:L95@s3b_submit_act1_choice[qualified/rowtype field reference] ; database/014b_sprint3b_targeted_closure_corrections.sql:L97@s3b_submit_act1_choice[qualified/rowtype field reference] ; database/014b_sprint3b_targeted_closure_corrections.sql:L99@s3b_submit_act1_choice[qualified/rowtype field reference] ; database/017_sprint3c_override_act2_entry_correction.sql:L28@s3b_submit_first_meeting[qualified/rowtype field reference] ; database/017_sprint3c_override_act2_entry_correction.sql:L37@s3b_submit_first_meeting[qualified/rowtype field reference] ; database/017_sprint3c_override_act2_entry_correction.sql:L44@s3b_submit_first_meeting[qualified/rowtype field reference] ; database/027_sprint5_act6_8_runtime.sql:L48@s5_submit_vote[qualified/rowtype field reference] ; database/027_sprint5_act6_8_runtime.sql:L52@s5_submit_vote[qualified/rowtype field reference] ; database/027_sprint5_act6_8_runtime.sql:L53@s5_submit_vote[qualified/rowtype field reference] ; database/027_sprint5_act6_8_runtime.sql:L79@s5_submit_private_choice[qualified/rowtype field reference] ; database/027_sprint5_act6_8_runtime.sql:L81@s5_submit_private_choice[qualified/rowtype field reference] ; database/027_sprint5_act6_8_runtime.sql:L87@s5_get_player_state[qualified/rowtype field reference] ; database/027_sprint5_act6_8_runtime.sql:L89@s5_get_player_state[qualified/rowtype field reference] ; database/029_sprint5_canonical_discussion_localization.sql:L90@s5_get_discussion_state[qualified/rowtype field reference] ; database/029_sprint5_canonical_discussion_localization.sql:L91@s5_get_discussion_state[qualified/rowtype field reference] ; database/030_sprint5_exact_session_messages.sql:L12@s5_send_message[qualified/rowtype field reference] ; database/030_sprint5_exact_session_messages.sql:L13@s5_send_message[qualified/rowtype field reference] ; database/030_sprint5_exact_session_messages.sql:L9@s5_send_message[qualified/rowtype field reference] ; database/031_sprint5_focused_reaudit_corrections.sql:L25@s5_submit_vote[qualified/rowtype field reference] ; database/031_sprint5_focused_reaudit_corrections.sql:L30@s5_get_teacher_discussion_state[qualified/rowtype field reference] ; database/033_sprint6_act9_13_runtime.sql:L39@s6_submit_group_choice[qualified/rowtype field reference] ; database/033_sprint6_act9_13_runtime.sql:L40@s6_submit_group_choice[qualified/rowtype field reference] ; database/033_sprint6_act9_13_runtime.sql:L46@s6_submit_group_choice[qualified/rowtype field reference] ; database/033_sprint6_act9_13_runtime.sql:L49@s6_submit_private_choice[qualified/rowtype field reference] ; database/033_sprint6_act9_13_runtime.sql:L53@s6_submit_allocation[qualified/rowtype field reference] ; database/033_sprint6_act9_13_runtime.sql:L55@s6_engage[qualified/rowtype field reference] ; database/033_sprint6_act9_13_runtime.sql:L57@s6_get_player_state[qualified/rowtype field reference] ; database/034_sprint6_contract_hardening.sql:L10@s6_submit_group_choice[qualified/rowtype field reference] ; database/034_sprint6_contract_hardening.sql:L16@s6_submit_group_choice[qualified/rowtype field reference] ; database/034_sprint6_contract_hardening.sql:L19@s6_submit_private_choice[qualified/rowtype field reference] ; database/034_sprint6_contract_hardening.sql:L20@s6_submit_private_choice[qualified/rowtype field reference] ; database/034_sprint6_contract_hardening.sql:L22@s6_submit_allocation[qualified/rowtype field reference] ; database/034_sprint6_contract_hardening.sql:L23@s6_submit_allocation[qualified/rowtype field reference] ; database/034_sprint6_contract_hardening.sql:L25@s6_get_player_state[qualified/rowtype field reference] ; database/034_sprint6_contract_hardening.sql:L6@s6_submit_group_choice[qualified/rowtype field reference] ; database/035_sprint6_focused_audit_corrections.sql:L40@s6_send_message_guarded[qualified/rowtype field reference] ; database/035_sprint6_focused_audit_corrections.sql:L46@s6_submit_group_choice_guarded[qualified/rowtype field reference] ; database/035_sprint6_focused_audit_corrections.sql:L55@s6_submit_group_choice_guarded[qualified/rowtype field reference] ; database/035_sprint6_focused_audit_corrections.sql:L57@s6_submit_private_choice_guarded[qualified/rowtype field reference] ; database/035_sprint6_focused_audit_corrections.sql:L59@s6_advance_guarded[qualified/rowtype field reference] ; database/035_sprint6_focused_audit_corrections.sql:L61@s6_submit_allocation_guarded[qualified/rowtype field reference] ; database/035_sprint6_focused_audit_corrections.sql:L63@s6_complete_station_guarded[qualified/rowtype field reference] ; database/035_sprint6_focused_audit_corrections.sql:L65@s6_engage[qualified/rowtype field reference] ; database/035_sprint6_focused_audit_corrections.sql:L67@s6_engage_guarded[qualified/rowtype field reference] ; database/035_sprint6_focused_audit_corrections.sql:L72@s6_get_player_state[qualified/rowtype field reference] ; database/036_sprint6_four_open_findings.sql:L14@s6_send_message_v2[qualified/rowtype field reference] ; database/036_sprint6_four_open_findings.sql:L16@s6_close_discussion_v2[qualified/rowtype field reference] ; database/036_sprint6_four_open_findings.sql:L18@s6_submit_group_choice_v2[qualified/rowtype field reference] ; database/036_sprint6_four_open_findings.sql:L19@s6_submit_private_choice_v2[qualified/rowtype field reference] ; database/036_sprint6_four_open_findings.sql:L20@s6_submit_allocation_v2[qualified/rowtype field reference] ; database/036_sprint6_four_open_findings.sql:L21@s6_engage_v2[qualified/rowtype field reference] ; database/036_sprint6_four_open_findings.sql:L23@s6_advance_v2[qualified/rowtype field reference] ; database/036_sprint6_four_open_findings.sql:L25@s6_complete_station_v2[qualified/rowtype field reference] ; database/036_sprint6_four_open_findings.sql:L29@s6_get_player_state[qualified/rowtype field reference] ; database/037_level3_independent_audit_closure.sql:L173@s6_mark_audio_consumed[qualified/rowtype field reference] ; database/037_level3_independent_audit_closure.sql:L174@s6_mark_audio_consumed[qualified/rowtype field reference] ; database/037_level3_independent_audit_closure.sql:L179@s6_get_player_state[qualified/rowtype field reference] ; database/043_sprint7_teacher_console.sql:L43@s7_get_teacher_console[qualified/rowtype field reference] ; database/043_sprint7_teacher_console.sql:L45@s7_get_teacher_console[qualified/rowtype field reference] ; database/043_sprint7_teacher_console.sql:L49@s7_get_teacher_console[qualified/rowtype field reference] ; database/043_sprint7_teacher_console.sql:L50@s7_get_teacher_console[qualified/rowtype field reference] ; database/043_sprint7_teacher_console.sql:L51@s7_get_teacher_console[qualified/rowtype field reference] ; database/043_sprint7_teacher_console.sql:L52@s7_get_teacher_console[qualified/rowtype field reference] ; database/043_sprint7_teacher_console.sql:L53@s7_get_teacher_console[qualified/rowtype field reference] ; database/043_sprint7_teacher_console.sql:L55@s7_get_teacher_console[qualified/rowtype field reference] ; database/043_sprint7_teacher_console.sql:L56@s7_get_teacher_console[qualified/rowtype field reference] ; database/043_sprint7_teacher_console.sql:L59@s7_get_teacher_console[qualified/rowtype field reference] ; database/043_sprint7_teacher_console.sql:L64@s7_get_teacher_console[qualified/rowtype field reference] ; database/043_sprint7_teacher_console.sql:L65@s7_get_teacher_console[qualified/rowtype field reference] ; database/043_sprint7_teacher_console.sql:L66@s7_get_teacher_console[qualified/rowtype field reference] ; database/043_sprint7_teacher_console.sql:L67@s7_get_teacher_console[qualified/rowtype field reference] ; database/044_sprint7_focused_level1_corrections.sql:L33@s7_get_teacher_console[qualified/rowtype field reference] ; database/044_sprint7_focused_level1_corrections.sql:L35@s7_get_teacher_console[qualified/rowtype field reference] ; database/044_sprint7_focused_level1_corrections.sql:L39@s7_get_teacher_console[qualified/rowtype field reference] ; database/044_sprint7_focused_level1_corrections.sql:L40@s7_get_teacher_console[qualified/rowtype field reference] ; database/044_sprint7_focused_level1_corrections.sql:L41@s7_get_teacher_console[qualified/rowtype field reference] ; database/044_sprint7_focused_level1_corrections.sql:L42@s7_get_teacher_console[qualified/rowtype field reference] ; database/044_sprint7_focused_level1_corrections.sql:L43@s7_get_teacher_console[qualified/rowtype field reference] ; database/044_sprint7_focused_level1_corrections.sql:L46@s7_get_teacher_console[qualified/rowtype field reference] ; database/044_sprint7_focused_level1_corrections.sql:L47@s7_get_teacher_console[qualified/rowtype field reference] ; database/044_sprint7_focused_level1_corrections.sql:L50@s7_get_teacher_console[qualified/rowtype field reference] ; database/044_sprint7_focused_level1_corrections.sql:L51@s7_get_teacher_console[qualified/rowtype field reference] ; database/044_sprint7_focused_level1_corrections.sql:L55@s7_get_teacher_console[qualified/rowtype field reference] ; database/044_sprint7_focused_level1_corrections.sql:L58@s7_get_teacher_console[qualified/rowtype field reference] ; database/046_sprint8_act14_finalization_export.sql:L54@s8_finalize[qualified/rowtype field reference] ; database/046_sprint8_act14_finalization_export.sql:L58@s8_finalize[qualified/rowtype field reference] ; database/048_sprint8_focused_level1_corrections.sql:L70@s8_finalize[qualified/rowtype field reference] ; database/048_sprint8_focused_level1_corrections.sql:L74@s8_finalize[qualified/rowtype field reference] ; database/049_sprint8_final_closure.sql:L167@s8_finalize[qualified/rowtype field reference] ; database/049_sprint8_final_closure.sql:L171@s8_finalize[qualified/rowtype field reference] ; database/054_level3_integrated_closure.sql:L50@teacher_apply_override[qualified/rowtype field reference] ; database/055_level2_override_export_residual_closure.sql:L35@teacher_apply_override[qualified/rowtype field reference] ; database/055_level2_override_export_residual_closure.sql:L41@teacher_apply_override[qualified/rowtype field reference] ; database/055_level2_override_export_residual_closure.sql:L45@teacher_apply_override[qualified/rowtype field reference] ; database/055_level2_override_export_residual_closure.sql:L50@teacher_apply_override[qualified/rowtype field reference] ; database/056_level2_override_validity_binding_fix.sql:L35@teacher_apply_override[qualified/rowtype field reference] ; database/056_level2_override_validity_binding_fix.sql:L41@teacher_apply_override[qualified/rowtype field reference] ; database/056_level2_override_validity_binding_fix.sql:L45@teacher_apply_override[qualified/rowtype field reference] ; database/056_level2_override_validity_binding_fix.sql:L50@teacher_apply_override[qualified/rowtype field reference] ; database/059_structural_lifecycle_transition_spine.sql:L68@s9_enter_act6[qualified/rowtype field reference] ; database/060_package_a_ca_a_bounded_corrections.sql:L47@s9_observe_act5_handoff[qualified/rowtype field reference] ; database/060_package_a_ca_a_bounded_corrections.sql:L48@s9_observe_act5_handoff[qualified/rowtype field reference] ; database/060_package_a_ca_a_bounded_corrections.sql:L85@s9_enter_act6[qualified/rowtype field reference] ; database/060_package_a_ca_a_bounded_corrections.sql:L92@s9_enter_act6[qualified/rowtype field reference] ; database/060_package_a_ca_a_bounded_corrections.sql:L93@s9_enter_act6[qualified/rowtype field reference] ; database/061_package_a_act6_entry_timer_barrier.sql:L60@s9_enter_act6[qualified/rowtype field reference] ; database/061_package_a_act6_entry_timer_barrier.sql:L67@s9_enter_act6[qualified/rowtype field reference] ; database/061_package_a_act6_entry_timer_barrier.sql:L68@s9_enter_act6[qualified/rowtype field reference] ; database/063_package_a_player_entry_column_fix.sql:L35@s9_enter_act6[qualified/rowtype field reference] ; database/063_package_a_player_entry_column_fix.sql:L42@s9_enter_act6[qualified/rowtype field reference] ; database/063_package_a_player_entry_column_fix.sql:L43@s9_enter_act6[qualified/rowtype field reference] ; database/064_package_a_handoff_observation_column_fix.sql:L32@s9_observe_act5_handoff[qualified/rowtype field reference] ; database/064_package_a_handoff_observation_column_fix.sql:L33@s9_observe_act5_handoff[qualified/rowtype field reference] ; database/065_package_b_player_wait_projection.sql:L11@s9_get_player_wait_state[qualified/rowtype field reference] ; database/065_package_b_player_wait_projection.sql:L13@s9_get_player_wait_state[qualified/rowtype field reference] ; database/065_package_b_player_wait_projection.sql:L14@s9_get_player_wait_state[qualified/rowtype field reference] ; database/066_package_b_wait_projection_locked_at_fix.sql:L11@s9_get_player_wait_state[qualified/rowtype field reference] ; database/066_package_b_wait_projection_locked_at_fix.sql:L13@s9_get_player_wait_state[qualified/rowtype field reference] ; database/066_package_b_wait_projection_locked_at_fix.sql:L14@s9_get_player_wait_state[qualified/rowtype field reference] ; database/067_package_b_allocation_progress_fix.sql:L11@s9_get_player_wait_state[qualified/rowtype field reference] ; database/067_package_b_allocation_progress_fix.sql:L17@s9_get_player_wait_state[qualified/rowtype field reference] ; database/067_package_b_allocation_progress_fix.sql:L18@s9_get_player_wait_state[qualified/rowtype field reference] ; database/068_package_c_authoritative_pocket_inspection.sql:L23@s9_inspect_pocket_item[qualified/rowtype field reference] ; database/068_package_c_authoritative_pocket_inspection.sql:L25@s9_inspect_pocket_item[qualified/rowtype field reference] ; database/068_package_c_authoritative_pocket_inspection.sql:L27@s9_inspect_pocket_item[qualified/rowtype field reference] ; database/068_package_c_authoritative_pocket_inspection.sql:L29@s9_inspect_pocket_item[qualified/rowtype field reference] ; database/068_package_c_authoritative_pocket_inspection.sql:L31@s9_inspect_pocket_item[qualified/rowtype field reference] ; database/068_package_c_authoritative_pocket_inspection.sql:L32@s9_inspect_pocket_item[qualified/rowtype field reference] ; database/068_package_c_authoritative_pocket_inspection.sql:L34@s9_inspect_pocket_item[qualified/rowtype field reference] ; database/068_package_c_authoritative_pocket_inspection.sql:L35@s9_inspect_pocket_item[qualified/rowtype field reference] ; database/068_package_c_authoritative_pocket_inspection.sql:L45@s3_set_item_view[qualified/rowtype field reference] ; database/068_package_c_authoritative_pocket_inspection.sql:L46@s3_set_item_view[qualified/rowtype field reference] ; database/068_package_c_authoritative_pocket_inspection.sql:L48@s3_set_item_view[qualified/rowtype field reference] ; database/068_package_c_authoritative_pocket_inspection.sql:L51@s3_set_item_view[qualified/rowtype field reference] ; database/068_package_c_authoritative_pocket_inspection.sql:L54@s3_set_item_view[qualified/rowtype field reference] ; database/068_package_c_authoritative_pocket_inspection.sql:L55@s3_set_item_view[qualified/rowtype field reference] ; database/068_package_c_authoritative_pocket_inspection.sql:L57@s3_set_item_view[qualified/rowtype field reference] ; database/068_package_c_authoritative_pocket_inspection.sql:L58@s3_set_item_view[qualified/rowtype field reference] ; database/068_package_c_authoritative_pocket_inspection.sql:L71@s3_get_player_state[qualified/rowtype field reference] ; database/068_package_c_authoritative_pocket_inspection.sql:L72@s3_get_player_state[qualified/rowtype field reference] ; database/068_package_c_authoritative_pocket_inspection.sql:L73@s3_get_player_state[qualified/rowtype field reference] ; database/068_package_c_authoritative_pocket_inspection.sql:L74@s3_get_player_state[qualified/rowtype field reference] ; database/068_package_c_authoritative_pocket_inspection.sql:L76@s3_get_player_state[qualified/rowtype field reference],0,,0,,0,
F0164,s1_room_players#02,s1_room_players,room_code,2,7,NO,1,database/001_sprint1_core.sql:L184@s1_create_room[INSERT explicit column]{DIRECT_OR_COMPUTED},14,database/001_sprint1_core.sql:L212@s1_join_player[SELECT * INTO row] ; database/001_sprint1_core.sql:L255@s1_get_player_by_session[SELECT * INTO row] ; database/002_runtime_runs_discussion.sql:L1026@s2_get_teacher_state[qualified/rowtype field reference] ; database/003_sprint2_discussionroom_audit_fix.sql:L575@s2_get_teacher_state[qualified/rowtype field reference] ; database/031_sprint5_focused_reaudit_corrections.sql:L30@s5_get_teacher_discussion_state[qualified/rowtype field reference] ; database/043_sprint7_teacher_console.sql:L59@s7_get_teacher_console[qualified/rowtype field reference] ; database/043_sprint7_teacher_console.sql:L68@s7_get_teacher_console[qualified/rowtype field reference] ; database/044_sprint7_focused_level1_corrections.sql:L55@s7_get_teacher_console[qualified/rowtype field reference] ; database/044_sprint7_focused_level1_corrections.sql:L58@s7_get_teacher_console[qualified/rowtype field reference] ; database/054_level3_integrated_closure.sql:L51@teacher_apply_override[qualified/rowtype field reference] ; database/055_level2_override_export_residual_closure.sql:L38@teacher_apply_override[qualified/rowtype field reference] ; database/055_level2_override_export_residual_closure.sql:L47@teacher_apply_override[qualified/rowtype field reference] ; database/056_level2_override_validity_binding_fix.sql:L38@teacher_apply_override[qualified/rowtype field reference] ; database/056_level2_override_validity_binding_fix.sql:L47@teacher_apply_override[qualified/rowtype field reference],0,,0,,0,
F0165,s1_room_players#03,s1_room_players,role_slot,3,1,YES,1,database/001_sprint1_core.sql:L184@s1_create_room[INSERT explicit column]{DIRECT_OR_COMPUTED},69,database/001_sprint1_core.sql:L212@s1_join_player[SELECT * INTO row] ; database/001_sprint1_core.sql:L234@s1_join_player[qualified/rowtype field reference] ; database/001_sprint1_core.sql:L239@s1_join_player[qualified/rowtype field reference] ; database/001_sprint1_core.sql:L255@s1_get_player_by_session[SELECT * INTO row] ; database/001_sprint1_core.sql:L313@s1_get_player_state[qualified/rowtype field reference] ; database/001_sprint1_core.sql:L317@s1_get_player_state[qualified/rowtype field reference] ; database/001_sprint1_core.sql:L330@s1_get_player_state[qualified/rowtype field reference] ; database/002_runtime_runs_discussion.sql:L1008@s2_get_teacher_state[qualified/rowtype field reference] ; database/002_runtime_runs_discussion.sql:L1015@s2_get_teacher_state[qualified/rowtype field reference] ; database/002_runtime_runs_discussion.sql:L1018@s2_get_teacher_state[qualified/rowtype field reference] ; database/002_runtime_runs_discussion.sql:L842@s2_get_player_state[qualified/rowtype field reference] ; database/002_runtime_runs_discussion.sql:L869@s2_get_player_state[qualified/rowtype field reference] ; database/002_runtime_runs_discussion.sql:L873@s2_get_player_state[qualified/rowtype field reference] ; database/002_runtime_runs_discussion.sql:L884@s2_get_player_state[qualified/rowtype field reference] ; database/002_runtime_runs_discussion.sql:L888@s2_get_player_state[qualified/rowtype field reference] ; database/002_runtime_runs_discussion.sql:L906@s2_get_player_state[qualified/rowtype field reference] ; database/002_runtime_runs_discussion.sql:L909@s2_get_player_state[qualified/rowtype field reference] ; database/002_runtime_runs_discussion.sql:L933@s2_get_player_state[qualified/rowtype field reference] ; database/002_runtime_runs_discussion.sql:L995@s2_get_teacher_state[qualified/rowtype field reference] ; database/003_sprint2_discussionroom_audit_fix.sql:L388@s2_get_player_state[qualified/rowtype field reference] ; database/003_sprint2_discussionroom_audit_fix.sql:L416@s2_get_player_state[qualified/rowtype field reference] ; database/003_sprint2_discussionroom_audit_fix.sql:L420@s2_get_player_state[qualified/rowtype field reference] ; database/003_sprint2_discussionroom_audit_fix.sql:L431@s2_get_player_state[qualified/rowtype field reference] ; database/003_sprint2_discussionroom_audit_fix.sql:L435@s2_get_player_state[qualified/rowtype field reference] ; database/003_sprint2_discussionroom_audit_fix.sql:L453@s2_get_player_state[qualified/rowtype field reference] ; database/003_sprint2_discussionroom_audit_fix.sql:L456@s2_get_player_state[qualified/rowtype field reference] ; database/003_sprint2_discussionroom_audit_fix.sql:L480@s2_get_player_state[qualified/rowtype field reference] ; database/003_sprint2_discussionroom_audit_fix.sql:L543@s2_get_teacher_state[qualified/rowtype field reference] ; database/003_sprint2_discussionroom_audit_fix.sql:L557@s2_get_teacher_state[qualified/rowtype field reference] ; database/003_sprint2_discussionroom_audit_fix.sql:L564@s2_get_teacher_state[qualified/rowtype field reference] ; database/003_sprint2_discussionroom_audit_fix.sql:L567@s2_get_teacher_state[qualified/rowtype field reference] ; database/003_sprint2_discussionroom_audit_fix.sql:L582@s2_get_teacher_state[qualified/rowtype field reference] ; database/007_sprint3b_act1_5_placeholder_flow.sql:L121@s3b_grab[qualified/rowtype field reference] ; database/007_sprint3b_act1_5_placeholder_flow.sql:L288@s3b_get_player_state[qualified/rowtype field reference] ; database/007_sprint3b_act1_5_placeholder_flow.sql:L290@s3b_get_player_state[qualified/rowtype field reference] ; database/007_sprint3b_act1_5_placeholder_flow.sql:L90@s3b_submit_act1_choice[qualified/rowtype field reference] ; database/007_sprint3b_act1_5_placeholder_flow.sql:L91@s3b_submit_act1_choice[qualified/rowtype field reference] ; database/007_sprint3b_act1_5_placeholder_flow.sql:L92@s3b_submit_act1_choice[qualified/rowtype field reference] ; database/011_sprint3b_transition_and_act1_delivery_integrity.sql:L111@s3b_get_player_state[qualified/rowtype field reference] ; database/011_sprint3b_transition_and_act1_delivery_integrity.sql:L28@s3b_initialize_flow[qualified/rowtype field reference] ; database/011_sprint3b_transition_and_act1_delivery_integrity.sql:L42@s3b_ack_act1_opening[qualified/rowtype field reference] ; database/011_sprint3b_transition_and_act1_delivery_integrity.sql:L53@s3b_submit_act1_choice[qualified/rowtype field reference] ; database/014_sprint3b_evidence_and_puzzle_integrity.sql:L604@s3b_get_player_state[qualified/rowtype field reference] ; database/014_sprint3b_evidence_and_puzzle_integrity.sql:L605@s3b_get_player_state[qualified/rowtype field reference] ; database/014b_sprint3b_targeted_closure_corrections.sql:L29@s3b_initialize_flow[qualified/rowtype field reference] ; database/027_sprint5_act6_8_runtime.sql:L88@s5_get_player_state[qualified/rowtype field reference] ; database/029_sprint5_canonical_discussion_localization.sql:L90@s5_get_discussion_state[qualified/rowtype field reference] ; database/029_sprint5_canonical_discussion_localization.sql:L92@s5_get_discussion_state[qualified/rowtype field reference] ; database/031_sprint5_focused_reaudit_corrections.sql:L30@s5_get_teacher_discussion_state[qualified/rowtype field reference] ; database/033_sprint6_act9_13_runtime.sql:L53@s6_submit_allocation[qualified/rowtype field reference] ; database/034_sprint6_contract_hardening.sql:L23@s6_submit_allocation[qualified/rowtype field reference] ; database/034_sprint6_contract_hardening.sql:L25@s6_get_player_state[qualified/rowtype field reference] ; database/035_sprint6_focused_audit_corrections.sql:L61@s6_submit_allocation_guarded[qualified/rowtype field reference] ; database/035_sprint6_focused_audit_corrections.sql:L63@s6_complete_station_guarded[qualified/rowtype field reference] ; database/035_sprint6_focused_audit_corrections.sql:L72@s6_get_player_state[qualified/rowtype field reference] ; database/036_sprint6_four_open_findings.sql:L29@s6_get_player_state[qualified/rowtype field reference] ; database/037_level3_independent_audit_closure.sql:L179@s6_get_player_state[qualified/rowtype field reference] ; database/043_sprint7_teacher_console.sql:L43@s7_get_teacher_console[qualified/rowtype field reference] ; database/043_sprint7_teacher_console.sql:L58@s7_get_teacher_console[qualified/rowtype field reference] ; database/043_sprint7_teacher_console.sql:L61@s7_get_teacher_console[qualified/rowtype field reference] ; database/043_sprint7_teacher_console.sql:L64@s7_get_teacher_console[qualified/rowtype field reference] ; database/043_sprint7_teacher_console.sql:L68@s7_get_teacher_console[qualified/rowtype field reference] ; database/044_sprint7_focused_level1_corrections.sql:L33@s7_get_teacher_console[qualified/rowtype field reference] ; database/044_sprint7_focused_level1_corrections.sql:L54@s7_get_teacher_console[qualified/rowtype field reference] ; database/044_sprint7_focused_level1_corrections.sql:L57@s7_get_teacher_console[qualified/rowtype field reference] ; database/044_sprint7_focused_level1_corrections.sql:L58@s7_get_teacher_console[qualified/rowtype field reference] ; database/054_level3_integrated_closure.sql:L50@teacher_apply_override[qualified/rowtype field reference] ; database/055_level2_override_export_residual_closure.sql:L35@teacher_apply_override[qualified/rowtype field reference] ; database/056_level2_override_validity_binding_fix.sql:L35@teacher_apply_override[qualified/rowtype field reference],21,MEDIUM:src/game/app.js:L124@joinRoom[property-name reference] ; MEDIUM:src/game/app.js:L294@act4ComparisonHtml[property-name reference] ; MEDIUM:src/game/app.js:L311@act4RevealHtml[property-name reference] ; MEDIUM:src/game/app.js:L331@renderSprint3b[property-name reference] ; MEDIUM:src/game/app.js:L338@renderSprint3b[property-name reference] ; MEDIUM:src/game/app.js:L392@pocketEvidencePanel[property-name reference] ; MEDIUM:src/game/app.js:L403@renderSprint5[property-name reference] ; MEDIUM:src/game/app.js:L461@renderSprint6[property-name reference] ; MEDIUM:src/teacher/teacher-console.js:L234@renderDiscussionState[property-name reference] ; MEDIUM:src/teacher/teacher-console.js:L384@renderTeacherState[property-name reference] ; MEDIUM:tests/manual-acceptance-public-smoke.mjs:L150@main[property-name reference] ; MEDIUM:tests/manual-acceptance-public-smoke.mjs:L156@main[property-name reference] ; MEDIUM:tests/remediation-e1-browser.mjs:L20@sessionFor[property-name reference] ; MEDIUM:tests/sprint1-live-e2e.js:L137@testThreePlayerFlow[property-name reference] ; MEDIUM:tests/sprint1-live-e2e.js:L141@testThreePlayerFlow[property-name reference] ; MEDIUM:tests/sprint1-live-e2e.js:L145@testThreePlayerFlow[property-name reference] ; MEDIUM:tests/sprint1-live-e2e.js:L359@testRecovery[property-name reference] ; MEDIUM:tests/sprint1-live-e2e.js:L366@testRecovery[property-name reference] ; MEDIUM:tests/sprint1-live-e2e.js:L395@testConcurrentJoin[property-name reference] ; MEDIUM:tests/sprint7-live-e2e.js:L14@main[property-name reference] ; MEDIUM:tests/sprint7-live-e2e.js:L19@main[property-name reference],0,,0,
F0166,s1_room_players#04,s1_room_players,display_name,4,2,NO,1,database/001_sprint1_core.sql:L184@s1_create_room[INSERT explicit column]{DIRECT_OR_COMPUTED},35,database/001_sprint1_core.sql:L212@s1_join_player[SELECT * INTO row] ; database/001_sprint1_core.sql:L240@s1_join_player[qualified/rowtype field reference] ; database/001_sprint1_core.sql:L255@s1_get_player_by_session[SELECT * INTO row] ; database/001_sprint1_core.sql:L312@s1_get_player_state[qualified/rowtype field reference] ; database/001_sprint1_core.sql:L329@s1_get_player_state[qualified/rowtype field reference] ; database/002_runtime_runs_discussion.sql:L1007@s2_get_teacher_state[qualified/rowtype field reference] ; database/002_runtime_runs_discussion.sql:L1014@s2_get_teacher_state[qualified/rowtype field reference] ; database/002_runtime_runs_discussion.sql:L841@s2_get_player_state[qualified/rowtype field reference] ; database/002_runtime_runs_discussion.sql:L868@s2_get_player_state[qualified/rowtype field reference] ; database/002_runtime_runs_discussion.sql:L883@s2_get_player_state[qualified/rowtype field reference] ; database/002_runtime_runs_discussion.sql:L905@s2_get_player_state[qualified/rowtype field reference] ; database/002_runtime_runs_discussion.sql:L932@s2_get_player_state[qualified/rowtype field reference] ; database/002_runtime_runs_discussion.sql:L994@s2_get_teacher_state[qualified/rowtype field reference] ; database/003_sprint2_discussionroom_audit_fix.sql:L387@s2_get_player_state[qualified/rowtype field reference] ; database/003_sprint2_discussionroom_audit_fix.sql:L415@s2_get_player_state[qualified/rowtype field reference] ; database/003_sprint2_discussionroom_audit_fix.sql:L430@s2_get_player_state[qualified/rowtype field reference] ; database/003_sprint2_discussionroom_audit_fix.sql:L452@s2_get_player_state[qualified/rowtype field reference] ; database/003_sprint2_discussionroom_audit_fix.sql:L479@s2_get_player_state[qualified/rowtype field reference] ; database/003_sprint2_discussionroom_audit_fix.sql:L542@s2_get_teacher_state[qualified/rowtype field reference] ; database/003_sprint2_discussionroom_audit_fix.sql:L556@s2_get_teacher_state[qualified/rowtype field reference] ; database/003_sprint2_discussionroom_audit_fix.sql:L563@s2_get_teacher_state[qualified/rowtype field reference] ; database/003_sprint2_discussionroom_audit_fix.sql:L581@s2_get_teacher_state[qualified/rowtype field reference] ; database/011_sprint3b_transition_and_act1_delivery_integrity.sql:L111@s3b_get_player_state[qualified/rowtype field reference] ; database/029_sprint5_canonical_discussion_localization.sql:L90@s5_get_discussion_state[qualified/rowtype field reference] ; database/029_sprint5_canonical_discussion_localization.sql:L92@s5_get_discussion_state[qualified/rowtype field reference] ; database/031_sprint5_focused_reaudit_corrections.sql:L30@s5_get_teacher_discussion_state[qualified/rowtype field reference] ; database/035_sprint6_focused_audit_corrections.sql:L72@s6_get_player_state[qualified/rowtype field reference] ; database/036_sprint6_four_open_findings.sql:L29@s6_get_player_state[qualified/rowtype field reference] ; database/037_level3_independent_audit_closure.sql:L179@s6_get_player_state[qualified/rowtype field reference] ; database/043_sprint7_teacher_console.sql:L43@s7_get_teacher_console[qualified/rowtype field reference] ; database/043_sprint7_teacher_console.sql:L61@s7_get_teacher_console[qualified/rowtype field reference] ; database/043_sprint7_teacher_console.sql:L64@s7_get_teacher_console[qualified/rowtype field reference] ; database/044_sprint7_focused_level1_corrections.sql:L33@s7_get_teacher_console[qualified/rowtype field reference] ; database/044_sprint7_focused_level1_corrections.sql:L57@s7_get_teacher_console[qualified/rowtype field reference] ; database/044_sprint7_focused_level1_corrections.sql:L58@s7_get_teacher_console[qualified/rowtype field reference],0,,0,,0,
F0167,s1_room_players#05,s1_room_players,join_code_hash,5,1,YES,1,database/001_sprint1_core.sql:L184@s1_create_room[INSERT explicit column]{DIRECT_OR_COMPUTED},2,database/001_sprint1_core.sql:L212@s1_join_player[SELECT * INTO row] ; database/001_sprint1_core.sql:L255@s1_get_player_by_session[SELECT * INTO row],0,,0,,0,
F0168,s1_room_players#06,s1_room_players,session_token_hash,6,1,YES,2,database/001_sprint1_core.sql:L228@s1_join_player[UPDATE SET]{DERIVED_OR_COPY} ; database/001_sprint1_core.sql:L547@s1_release_player_session[UPDATE SET]{DIRECT_OR_COMPUTED},3,database/001_sprint1_core.sql:L212@s1_join_player[SELECT * INTO row] ; database/001_sprint1_core.sql:L223@s1_join_player[qualified/rowtype field reference] ; database/001_sprint1_core.sql:L255@s1_get_player_by_session[SELECT * INTO row],0,,0,,0,
F0169,s1_room_players#07,s1_room_players,joined_at,7,1,YES,2,database/001_sprint1_core.sql:L228@s1_join_player[UPDATE SET]{DIRECT_OR_COMPUTED} ; database/001_sprint1_core.sql:L547@s1_release_player_session[UPDATE SET]{DIRECT_OR_COMPUTED},2,database/001_sprint1_core.sql:L212@s1_join_player[SELECT * INTO row] ; database/001_sprint1_core.sql:L255@s1_get_player_by_session[SELECT * INTO row],0,,0,,0,
F0170,s1_room_players#08,s1_room_players,last_seen_at,8,1,YES,3,database/001_sprint1_core.sql:L229@s1_join_player[UPDATE SET]{DIRECT_OR_COMPUTED} ; database/001_sprint1_core.sql:L266@s1_get_player_by_session[UPDATE SET]{DIRECT_OR_COMPUTED} ; database/001_sprint1_core.sql:L548@s1_release_player_session[UPDATE SET]{DIRECT_OR_COMPUTED},4,database/001_sprint1_core.sql:L212@s1_join_player[SELECT * INTO row] ; database/001_sprint1_core.sql:L255@s1_get_player_by_session[SELECT * INTO row] ; database/043_sprint7_teacher_console.sql:L44@s7_get_teacher_console[qualified/rowtype field reference] ; database/044_sprint7_focused_level1_corrections.sql:L34@s7_get_teacher_console[qualified/rowtype field reference],0,,0,,0,
F0171,s1_room_state#01,s1_room_state,room_code,1,7,NO,1,database/001_sprint1_core.sql:L181@s1_create_room[INSERT explicit column]{DIRECT_OR_COMPUTED},6,database/001_sprint1_core.sql:L289@s1_get_player_state[SELECT * INTO row] ; database/001_sprint1_core.sql:L360@s1_submit_private_choice[SELECT * INTO row] ; database/001_sprint1_core.sql:L427@s1_get_teacher_state[SELECT * INTO row] ; database/001_sprint1_core.sql:L489@s1_advance_scene[SELECT * INTO row] ; database/002_runtime_runs_discussion.sql:L892@s2_get_player_state[qualified/rowtype field reference] ; database/003_sprint2_discussionroom_audit_fix.sql:L439@s2_get_player_state[qualified/rowtype field reference],0,,0,,0,
F0172,s1_room_state#02,s1_room_state,current_scene,2,1,YES,3,database/001_sprint1_core.sql:L181@s1_create_room[INSERT explicit column]{DIRECT_OR_COMPUTED} ; database/001_sprint1_core.sql:L506@s1_advance_scene[UPDATE SET]{DIRECT_OR_COMPUTED} ; database/001_sprint1_core.sql:L572@s1_reset_room[UPDATE SET]{DIRECT_OR_COMPUTED},20,database/001_sprint1_core.sql:L289@s1_get_player_state[SELECT * INTO row] ; database/001_sprint1_core.sql:L298@s1_get_player_state[qualified/rowtype field reference] ; database/001_sprint1_core.sql:L305@s1_get_player_state[qualified/rowtype field reference] ; database/001_sprint1_core.sql:L322@s1_get_player_state[qualified/rowtype field reference] ; database/001_sprint1_core.sql:L331@s1_get_player_state[qualified/rowtype field reference] ; database/001_sprint1_core.sql:L360@s1_submit_private_choice[SELECT * INTO row] ; database/001_sprint1_core.sql:L373@s1_submit_private_choice[qualified/rowtype field reference] ; database/001_sprint1_core.sql:L382@s1_submit_private_choice[qualified/rowtype field reference] ; database/001_sprint1_core.sql:L385@s1_submit_private_choice[qualified/rowtype field reference] ; database/001_sprint1_core.sql:L391@s1_submit_private_choice[qualified/rowtype field reference] ; database/001_sprint1_core.sql:L401@s1_submit_private_choice[qualified/rowtype field reference] ; database/001_sprint1_core.sql:L427@s1_get_teacher_state[SELECT * INTO row] ; database/001_sprint1_core.sql:L453@s1_get_teacher_state[qualified/rowtype field reference] ; database/001_sprint1_core.sql:L463@s1_get_teacher_state[qualified/rowtype field reference] ; database/001_sprint1_core.sql:L469@s1_get_teacher_state[qualified/rowtype field reference] ; database/001_sprint1_core.sql:L489@s1_advance_scene[SELECT * INTO row] ; database/001_sprint1_core.sql:L499@s1_advance_scene[qualified/rowtype field reference] ; database/001_sprint1_core.sql:L513@s1_advance_scene[qualified/rowtype field reference] ; database/002_runtime_runs_discussion.sql:L894@s2_get_player_state[qualified/rowtype field reference] ; database/003_sprint2_discussionroom_audit_fix.sql:L441@s2_get_player_state[qualified/rowtype field reference],7,MEDIUM:src/game/app.js:L675@renderState[property-name reference] ; MEDIUM:src/teacher/teacher-console.js:L389@renderTeacherState[property-name reference] ; MEDIUM:tests/sprint1-live-e2e.js:L272@testThreePlayerFlow[property-name reference] ; MEDIUM:tests/sprint1-live-e2e.js:L299@testThreePlayerFlow[property-name reference] ; MEDIUM:tests/sprint1-live-e2e.js:L311@testThreePlayerFlow[property-name reference] ; MEDIUM:tests/sprint1-live-e2e.js:L319@testThreePlayerFlow[property-name reference] ; MEDIUM:tests/sprint1-live-e2e.js:L330@testThreePlayerFlow[property-name reference],0,,0,
F0173,s1_room_state#03,s1_room_state,phase,3,1,YES,5,database/001_sprint1_core.sql:L181@s1_create_room[INSERT explicit column]{DIRECT_OR_COMPUTED} ; database/001_sprint1_core.sql:L396@s1_submit_private_choice[UPDATE SET]{DIRECT_OR_COMPUTED} ; database/001_sprint1_core.sql:L501@s1_advance_scene[UPDATE SET]{DIRECT_OR_COMPUTED} ; database/001_sprint1_core.sql:L506@s1_advance_scene[UPDATE SET]{DIRECT_OR_COMPUTED} ; database/001_sprint1_core.sql:L572@s1_reset_room[UPDATE SET]{DIRECT_OR_COMPUTED},12,database/001_sprint1_core.sql:L289@s1_get_player_state[SELECT * INTO row] ; database/001_sprint1_core.sql:L309@s1_get_player_state[qualified/rowtype field reference] ; database/001_sprint1_core.sql:L332@s1_get_player_state[qualified/rowtype field reference] ; database/001_sprint1_core.sql:L360@s1_submit_private_choice[SELECT * INTO row] ; database/001_sprint1_core.sql:L366@s1_submit_private_choice[qualified/rowtype field reference] ; database/001_sprint1_core.sql:L427@s1_get_teacher_state[SELECT * INTO row] ; database/001_sprint1_core.sql:L443@s1_get_teacher_state[qualified/rowtype field reference] ; database/001_sprint1_core.sql:L470@s1_get_teacher_state[qualified/rowtype field reference] ; database/001_sprint1_core.sql:L489@s1_advance_scene[SELECT * INTO row] ; database/001_sprint1_core.sql:L495@s1_advance_scene[qualified/rowtype field reference] ; database/002_runtime_runs_discussion.sql:L896@s2_get_player_state[qualified/rowtype field reference] ; database/003_sprint2_discussionroom_audit_fix.sql:L443@s2_get_player_state[qualified/rowtype field reference],11,MEDIUM:src/game/app.js:L682@renderState[property-name reference] ; MEDIUM:src/game/app.js:L684@renderState[property-name reference] ; MEDIUM:src/teacher/teacher-console.js:L381@renderTeacherState[property-name reference] ; MEDIUM:src/teacher/teacher-console.js:L389@renderTeacherState[property-name reference] ; MEDIUM:tests/sprint1-live-e2e.js:L229@testThreePlayerFlow[property-name reference] ; MEDIUM:tests/sprint1-live-e2e.js:L239@testThreePlayerFlow[property-name reference] ; MEDIUM:tests/sprint1-live-e2e.js:L272@testThreePlayerFlow[property-name reference] ; MEDIUM:tests/sprint1-live-e2e.js:L299@testThreePlayerFlow[property-name reference] ; MEDIUM:tests/sprint1-live-e2e.js:L311@testThreePlayerFlow[property-name reference] ; MEDIUM:tests/sprint1-live-e2e.js:L319@testThreePlayerFlow[property-name reference] ; MEDIUM:tests/sprint1-live-e2e.js:L330@testThreePlayerFlow[property-name reference],0,,0,
F0174,s1_room_state#04,s1_room_state,updated_at,4,7,NO,4,database/001_sprint1_core.sql:L396@s1_submit_private_choice[UPDATE SET]{DIRECT_OR_COMPUTED} ; database/001_sprint1_core.sql:L501@s1_advance_scene[UPDATE SET]{DIRECT_OR_COMPUTED} ; database/001_sprint1_core.sql:L507@s1_advance_scene[UPDATE SET]{DIRECT_OR_COMPUTED} ; database/001_sprint1_core.sql:L573@s1_reset_room[UPDATE SET]{DIRECT_OR_COMPUTED},4,database/001_sprint1_core.sql:L289@s1_get_player_state[SELECT * INTO row] ; database/001_sprint1_core.sql:L360@s1_submit_private_choice[SELECT * INTO row] ; database/001_sprint1_core.sql:L427@s1_get_teacher_state[SELECT * INTO row] ; database/001_sprint1_core.sql:L489@s1_advance_scene[SELECT * INTO row],0,,0,,0,
F0175,s1_rooms#01,s1_rooms,room_code,1,7,NO,1,database/001_sprint1_core.sql:L178@s1_create_room[INSERT explicit column]{DIRECT_OR_COMPUTED},0,,0,,0,,0,
F0176,s1_rooms#02,s1_rooms,teacher_token_hash,2,1,YES,1,database/001_sprint1_core.sql:L178@s1_create_room[INSERT explicit column]{DIRECT_OR_COMPUTED},0,,1,MEDIUM:tests/sprint4-static-check.js:L15@TOP_LEVEL[property-name reference],0,,0,
F0177,s1_rooms#03,s1_rooms,created_at,3,11,NO,0,,0,,0,,0,,0,
F0178,s1_rooms#04,s1_rooms,updated_at,4,7,NO,1,database/001_sprint1_core.sql:L120@s1_touch_room[UPDATE SET]{DIRECT_OR_COMPUTED},0,,0,,0,,0,
F0179,s1_scene_choices#01,s1_scene_choices,scene_id,1,11,NO,1,database/001_sprint1_core.sql:L92@TOP_LEVEL[INSERT explicit column]{DIRECT_OR_COMPUTED},0,,0,,0,,0,
F0180,s1_scene_choices#02,s1_scene_choices,choice_id,2,7,NO,1,database/001_sprint1_core.sql:L92@TOP_LEVEL[INSERT explicit column]{DIRECT_OR_COMPUTED},0,,0,,0,,0,
F0181,s1_scene_choices#03,s1_scene_choices,choice_label,3,3,NO,1,database/001_sprint1_core.sql:L92@TOP_LEVEL[INSERT explicit column]{DIRECT_OR_COMPUTED},0,,0,,0,,0,
F0182,s1_scene_choices#04,s1_scene_choices,active,4,1,YES,1,database/001_sprint1_core.sql:L92@TOP_LEVEL[INSERT explicit column]{DIRECT_OR_COMPUTED},0,,28,MEDIUM:docs/prototypes/round1-ui-v4/GAL_Player_Page.html:L31@TOP_LEVEL[property-name reference] ; MEDIUM:src/game/app.js:L148@refreshState[property-name reference] ; MEDIUM:src/game/app.js:L159@refreshState[property-name reference] ; MEDIUM:src/game/app.js:L166@refreshState[property-name reference] ; MEDIUM:src/game/app.js:L167@refreshState[property-name reference] ; MEDIUM:src/game/app.js:L170@refreshState[property-name reference] ; MEDIUM:src/game/app.js:L174@refreshState[property-name reference] ; MEDIUM:src/game/app.js:L181@refreshState[property-name reference] ; MEDIUM:src/game/app.js:L188@refreshState[property-name reference] ; MEDIUM:src/game/app.js:L190@refreshState[property-name reference] ; MEDIUM:src/game/app.js:L325@renderSprint3b[property-name reference] ; MEDIUM:src/game/app.js:L533@renderDiscussion[property-name reference] ; MEDIUM:src/game/app.js:L625@sendMessage[property-name reference] ; MEDIUM:src/game/app.js:L648@submitVote[property-name reference] ; MEDIUM:src/game/app.js:L653@submitVote[property-name reference] ; MEDIUM:src/teacher/teacher-console.js:L215@renderDiscussionState[property-name reference] ; MEDIUM:src/teacher/teacher-console.js:L266@renderOperationsState[property-name reference] ; MEDIUM:tests/level3-closure-live-e2e.js:L88@completeSprint5[property-name reference] ; MEDIUM:tests/level3-remediation-static-check.js:L17@assert[property-name reference] ; MEDIUM:tests/package-a-ca-a-corrections-live-e2e.js:L24@main[property-name reference] ; MEDIUM:tests/remediation-e0-browser.mjs:L155@main[property-name reference] ; MEDIUM:tests/sprint7-live-e2e.js:L13@main[property-name reference] ; MEDIUM:tests/sprint8-final-closure-live-e2e.js:L104@main[property-name reference] ; MEDIUM:tests/sprint8-final-closure-live-e2e.js:L138@main[property-name reference] ; MEDIUM:tests/sprint8-live-e2e.js:L27@main[property-name reference] ; MEDIUM:tests/structural-package-b-live-e2e.js:L104@submitAndAssertChoiceBarrier[property-name reference] ; MEDIUM:tests/structural-package-b-live-e2e.js:L87@completeSprint5ToAct9[property-name reference] ; MEDIUM:tests/structural-package-c-static-check.js:L25@assert[property-name reference],0,,0,
F0183,s3_group_items#01,s3_group_items,run_id,1,36,NO,10,database/005_sprint3a_scene_pocket_knowledge_foundation.sql:L181@s3_initialize_audit_fixture[INSERT explicit column]{DIRECT_OR_COMPUTED} ; database/006_sprint3a_provenance_view_integrity_fix.sql:L112@s3_initialize_audit_fixture[INSERT explicit column]{DIRECT_OR_COMPUTED} ; database/007_sprint3b_act1_5_placeholder_flow.sql:L225@s3b_submit_library_code[INSERT explicit column]{DIRECT_OR_COMPUTED} ; database/010_sprint3b_flow_integrity_and_inspect_fix.sql:L97@s3b_refresh_puzzle[INSERT explicit column]{DIRECT_OR_COMPUTED} ; database/011_sprint3b_transition_and_act1_delivery_integrity.sql:L100@s3b_refresh_puzzle[INSERT explicit column]{DIRECT_OR_COMPUTED} ; database/014_sprint3b_evidence_and_puzzle_integrity.sql:L434@s3b_submit_library_code[INSERT explicit column]{DIRECT_OR_COMPUTED} ; database/015_sprint3c_minimal_safe_teacher_override.sql:L102@teacher_apply_override[INSERT explicit column]{DIRECT_OR_COMPUTED} ; database/033_sprint6_act9_13_runtime.sql:L43@s6_submit_group_choice[INSERT explicit column]{DIRECT_OR_COMPUTED} ; database/034_sprint6_contract_hardening.sql:L13@s6_submit_group_choice[INSERT explicit column]{DIRECT_OR_COMPUTED} ; database/035_sprint6_focused_audit_corrections.sql:L49@s6_submit_group_choice_guarded[INSERT explicit column]{DIRECT_OR_COMPUTED},6,database/005_sprint3a_scene_pocket_knowledge_foundation.sql:L238@s3_get_player_state[qualified/rowtype field reference] ; database/005_sprint3a_scene_pocket_knowledge_foundation.sql:L238@s3_get_player_state[to_jsonb(row) exposes field] ; database/006_sprint3a_provenance_view_integrity_fix.sql:L147@s3_get_player_state[qualified/rowtype field reference] ; database/006_sprint3a_provenance_view_integrity_fix.sql:L147@s3_get_player_state[to_jsonb(row) exposes field] ; database/068_package_c_authoritative_pocket_inspection.sql:L75@s3_get_player_state[qualified/rowtype field reference] ; database/068_package_c_authoritative_pocket_inspection.sql:L75@s3_get_player_state[to_jsonb(row) exposes field],0,,0,,0,
F0184,s3_group_items#02,s3_group_items,item_key,2,5,NO,10,database/005_sprint3a_scene_pocket_knowledge_foundation.sql:L181@s3_initialize_audit_fixture[INSERT explicit column]{DIRECT_OR_COMPUTED} ; database/006_sprint3a_provenance_view_integrity_fix.sql:L112@s3_initialize_audit_fixture[INSERT explicit column]{DIRECT_OR_COMPUTED} ; database/007_sprint3b_act1_5_placeholder_flow.sql:L225@s3b_submit_library_code[INSERT explicit column]{DIRECT_OR_COMPUTED} ; database/010_sprint3b_flow_integrity_and_inspect_fix.sql:L97@s3b_refresh_puzzle[INSERT explicit column]{DIRECT_OR_COMPUTED} ; database/011_sprint3b_transition_and_act1_delivery_integrity.sql:L100@s3b_refresh_puzzle[INSERT explicit column]{DIRECT_OR_COMPUTED} ; database/014_sprint3b_evidence_and_puzzle_integrity.sql:L434@s3b_submit_library_code[INSERT explicit column]{DIRECT_OR_COMPUTED} ; database/015_sprint3c_minimal_safe_teacher_override.sql:L102@teacher_apply_override[INSERT explicit column]{DIRECT_OR_COMPUTED} ; database/033_sprint6_act9_13_runtime.sql:L43@s6_submit_group_choice[INSERT explicit column]{DIRECT_OR_COMPUTED} ; database/034_sprint6_contract_hardening.sql:L13@s6_submit_group_choice[INSERT explicit column]{DIRECT_OR_COMPUTED} ; database/035_sprint6_focused_audit_corrections.sql:L49@s6_submit_group_choice_guarded[INSERT explicit column]{DIRECT_OR_COMPUTED},3,database/005_sprint3a_scene_pocket_knowledge_foundation.sql:L238@s3_get_player_state[to_jsonb(row) exposes field] ; database/006_sprint3a_provenance_view_integrity_fix.sql:L147@s3_get_player_state[to_jsonb(row) exposes field] ; database/068_package_c_authoritative_pocket_inspection.sql:L75@s3_get_player_state[to_jsonb(row) exposes field],0,,0,,2,database/010_sprint3b_flow_integrity_and_inspect_fix.sql:L29@s3b_canonicalize_group_item_label[NEW.field trigger reference; read/write not mechanically determined] ; database/010_sprint3b_flow_integrity_and_inspect_fix.sql:L30@s3b_canonicalize_group_item_label[NEW.field trigger reference; read/write not mechanically determined]
F0185,s3_group_items#03,s3_group_items,label_text_key,3,2,NO,12,database/005_sprint3a_scene_pocket_knowledge_foundation.sql:L181@s3_initialize_audit_fixture[INSERT explicit column]{DIRECT_OR_COMPUTED} ; database/006_sprint3a_provenance_view_integrity_fix.sql:L112@s3_initialize_audit_fixture[INSERT explicit column]{DIRECT_OR_COMPUTED} ; database/007_sprint3b_act1_5_placeholder_flow.sql:L225@s3b_submit_library_code[INSERT explicit column]{DIRECT_OR_COMPUTED} ; database/010_sprint3b_flow_integrity_and_inspect_fix.sql:L23@TOP_LEVEL[UPDATE SET]{DERIVED_OR_COPY} ; database/010_sprint3b_flow_integrity_and_inspect_fix.sql:L97@s3b_refresh_puzzle[INSERT explicit column]{DIRECT_OR_COMPUTED} ; database/011_sprint3b_transition_and_act1_delivery_integrity.sql:L100@s3b_refresh_puzzle[INSERT explicit column]{DIRECT_OR_COMPUTED} ; database/014_sprint3b_evidence_and_puzzle_integrity.sql:L434@s3b_submit_library_code[INSERT explicit column]{DIRECT_OR_COMPUTED} ; database/015_sprint3c_minimal_safe_teacher_override.sql:L102@teacher_apply_override[INSERT explicit column]{DIRECT_OR_COMPUTED} ; database/033_sprint6_act9_13_runtime.sql:L43@s6_submit_group_choice[INSERT explicit column]{DIRECT_OR_COMPUTED} ; database/034_sprint6_contract_hardening.sql:L13@s6_submit_group_choice[INSERT explicit column]{DIRECT_OR_COMPUTED} ; database/035_sprint6_focused_audit_corrections.sql:L28@TOP_LEVEL[UPDATE SET]{DERIVED_OR_COPY} ; database/035_sprint6_focused_audit_corrections.sql:L49@s6_submit_group_choice_guarded[INSERT explicit column]{DIRECT_OR_COMPUTED},3,database/005_sprint3a_scene_pocket_knowledge_foundation.sql:L238@s3_get_player_state[to_jsonb(row) exposes field] ; database/006_sprint3a_provenance_view_integrity_fix.sql:L147@s3_get_player_state[to_jsonb(row) exposes field] ; database/068_package_c_authoritative_pocket_inspection.sql:L75@s3_get_player_state[to_jsonb(row) exposes field],0,,0,,2,database/010_sprint3b_flow_integrity_and_inspect_fix.sql:L29@s3b_canonicalize_group_item_label[NEW.field trigger reference; read/write not mechanically determined] ; database/010_sprint3b_flow_integrity_and_inspect_fix.sql:L30@s3b_canonicalize_group_item_label[NEW.field trigger reference; read/write not mechanically determined]
F0186,s3_group_items#04,s3_group_items,acquired_at,4,2,NO,0,,3,database/005_sprint3a_scene_pocket_knowledge_foundation.sql:L238@s3_get_player_state[to_jsonb(row) exposes field] ; database/006_sprint3a_provenance_view_integrity_fix.sql:L147@s3_get_player_state[to_jsonb(row) exposes field] ; database/068_package_c_authoritative_pocket_inspection.sql:L75@s3_get_player_state[to_jsonb(row) exposes field],0,,0,,0,
F0187,s3_item_catalog#01,s3_item_catalog,item_key,1,5,NO,3,database/005_sprint3a_scene_pocket_knowledge_foundation.sql:L98@TOP_LEVEL[INSERT explicit column]{DIRECT_OR_COMPUTED} ; database/007_sprint3b_act1_5_placeholder_flow.sql:L49@TOP_LEVEL[INSERT explicit column]{DIRECT_OR_COMPUTED} ; database/033_sprint6_act9_13_runtime.sql:L20@TOP_LEVEL[INSERT explicit column]{DIRECT_OR_COMPUTED},0,,0,,0,,0,
F0188,s3_item_catalog#02,s3_item_catalog,name_text_key,2,1,YES,5,database/005_sprint3a_scene_pocket_knowledge_foundation.sql:L98@TOP_LEVEL[INSERT explicit column]{DIRECT_OR_COMPUTED} ; database/007_sprint3b_act1_5_placeholder_flow.sql:L49@TOP_LEVEL[INSERT explicit column]{DIRECT_OR_COMPUTED} ; database/010_sprint3b_flow_integrity_and_inspect_fix.sql:L10@TOP_LEVEL[UPDATE SET]{DERIVED_OR_COPY} ; database/033_sprint6_act9_13_runtime.sql:L20@TOP_LEVEL[INSERT explicit column]{DIRECT_OR_COMPUTED} ; database/035_sprint6_focused_audit_corrections.sql:L27@TOP_LEVEL[UPDATE SET]{DERIVED_OR_COPY},3,database/005_sprint3a_scene_pocket_knowledge_foundation.sql:L235@s3_get_player_state[qualified/rowtype field reference] ; database/006_sprint3a_provenance_view_integrity_fix.sql:L144@s3_get_player_state[qualified/rowtype field reference] ; database/068_package_c_authoritative_pocket_inspection.sql:L71@s3_get_player_state[qualified/rowtype field reference],4,MEDIUM:src/game/app.js:L387@pocketEvidencePanel[property-name reference] ; MEDIUM:src/game/app.js:L388@pocketEvidencePanel[property-name reference] ; MEDIUM:src/game/app.js:L392@pocketEvidencePanel[property-name reference] ; MEDIUM:tests/sprint3b-live-e2e.js:L66@main[property-name reference],0,,0,
F0189,s3_item_catalog#03,s3_item_catalog,shareable_views,3,1,YES,4,database/005_sprint3a_scene_pocket_knowledge_foundation.sql:L98@TOP_LEVEL[INSERT explicit column]{DIRECT_OR_COMPUTED} ; database/006_sprint3a_provenance_view_integrity_fix.sql:L15@TOP_LEVEL[UPDATE SET]{DIRECT_OR_COMPUTED} ; database/007_sprint3b_act1_5_placeholder_flow.sql:L49@TOP_LEVEL[INSERT explicit column]{DIRECT_OR_COMPUTED} ; database/033_sprint6_act9_13_runtime.sql:L20@TOP_LEVEL[INSERT explicit column]{DIRECT_OR_COMPUTED},0,,0,,0,,0,
F0190,s3_knowledge_catalog#01,s3_knowledge_catalog,knowledge_key,1,3,NO,3,database/005_sprint3a_scene_pocket_knowledge_foundation.sql:L109@TOP_LEVEL[INSERT explicit column]{DIRECT_OR_COMPUTED} ; database/033_sprint6_act9_13_runtime.sql:L19@TOP_LEVEL[INSERT explicit column]{DIRECT_OR_COMPUTED} ; database/068_package_c_authoritative_pocket_inspection.sql:L13@TOP_LEVEL[INSERT explicit column]{DIRECT_OR_COMPUTED},0,,0,,0,,0,
F0191,s3_observation_catalog#01,s3_observation_catalog,observation_key,1,2,NO,2,database/005_sprint3a_scene_pocket_knowledge_foundation.sql:L105@TOP_LEVEL[INSERT explicit column]{DIRECT_OR_COMPUTED} ; database/009_sprint3b_act1_consequence_integrity.sql:L13@TOP_LEVEL[INSERT explicit column]{DIRECT_OR_COMPUTED},0,,0,,0,,0,
F0192,s3_observation_catalog#02,s3_observation_catalog,display_text_key,2,2,NO,2,database/005_sprint3a_scene_pocket_knowledge_foundation.sql:L105@TOP_LEVEL[INSERT explicit column]{DIRECT_OR_COMPUTED} ; database/009_sprint3b_act1_consequence_integrity.sql:L13@TOP_LEVEL[INSERT explicit column]{DIRECT_OR_COMPUTED},0,,0,,0,,0,
F0193,s3_player_item_view_state#01,s3_player_item_view_state,run_id,1,36,NO,4,database/006_sprint3a_provenance_view_integrity_fix.sql:L111@s3_initialize_audit_fixture[INSERT explicit column]{DIRECT_OR_COMPUTED} ; database/007_sprint3b_act1_5_placeholder_flow.sql:L123@s3b_grab[INSERT explicit column]{DIRECT_OR_COMPUTED} ; database/009_sprint3b_act1_consequence_integrity.sql:L61@s3b_add_optional_grab_item[INSERT explicit column]{DIRECT_OR_COMPUTED} ; database/054_level3_integrated_closure.sql:L52@teacher_apply_override[INSERT explicit column]{DIRECT_OR_COMPUTED},2,database/006_sprint3a_provenance_view_integrity_fix.sql:L144@s3_get_player_state[qualified/rowtype field reference] ; database/068_package_c_authoritative_pocket_inspection.sql:L71@s3_get_player_state[qualified/rowtype field reference],0,,0,,0,
F0194,s3_player_item_view_state#02,s3_player_item_view_state,player_id,2,24,NO,4,database/006_sprint3a_provenance_view_integrity_fix.sql:L111@s3_initialize_audit_fixture[INSERT explicit column]{DIRECT_OR_COMPUTED} ; database/007_sprint3b_act1_5_placeholder_flow.sql:L123@s3b_grab[INSERT explicit column]{DIRECT_OR_COMPUTED} ; database/009_sprint3b_act1_consequence_integrity.sql:L61@s3b_add_optional_grab_item[INSERT explicit column]{DIRECT_OR_COMPUTED} ; database/054_level3_integrated_closure.sql:L52@teacher_apply_override[INSERT explicit column]{DIRECT_OR_COMPUTED},2,database/006_sprint3a_provenance_view_integrity_fix.sql:L144@s3_get_player_state[qualified/rowtype field reference] ; database/068_package_c_authoritative_pocket_inspection.sql:L71@s3_get_player_state[qualified/rowtype field reference],0,,0,,0,
F0195,s3_player_item_view_state#03,s3_player_item_view_state,item_key,3,5,NO,4,database/006_sprint3a_provenance_view_integrity_fix.sql:L111@s3_initialize_audit_fixture[INSERT explicit column]{DIRECT_OR_COMPUTED} ; database/007_sprint3b_act1_5_placeholder_flow.sql:L123@s3b_grab[INSERT explicit column]{DIRECT_OR_COMPUTED} ; database/009_sprint3b_act1_consequence_integrity.sql:L61@s3b_add_optional_grab_item[INSERT explicit column]{DIRECT_OR_COMPUTED} ; database/054_level3_integrated_closure.sql:L52@teacher_apply_override[INSERT explicit column]{DIRECT_OR_COMPUTED},2,database/006_sprint3a_provenance_view_integrity_fix.sql:L144@s3_get_player_state[qualified/rowtype field reference] ; database/068_package_c_authoritative_pocket_inspection.sql:L71@s3_get_player_state[qualified/rowtype field reference],0,,0,,0,
F0196,s3_player_item_view_state#04,s3_player_item_view_state,current_view,4,1,YES,6,database/006_sprint3a_provenance_view_integrity_fix.sql:L111@s3_initialize_audit_fixture[INSERT explicit column]{DIRECT_OR_COMPUTED} ; database/006_sprint3a_provenance_view_integrity_fix.sql:L75@s3_set_item_view[UPDATE SET]{DIRECT_OR_COMPUTED} ; database/007_sprint3b_act1_5_placeholder_flow.sql:L123@s3b_grab[INSERT explicit column]{DIRECT_OR_COMPUTED} ; database/009_sprint3b_act1_consequence_integrity.sql:L61@s3b_add_optional_grab_item[INSERT explicit column]{DIRECT_OR_COMPUTED} ; database/054_level3_integrated_closure.sql:L52@teacher_apply_override[INSERT explicit column]{DIRECT_OR_COMPUTED} ; database/068_package_c_authoritative_pocket_inspection.sql:L51@s3_set_item_view[UPDATE SET]{DIRECT_OR_COMPUTED},2,database/006_sprint3a_provenance_view_integrity_fix.sql:L144@s3_get_player_state[qualified/rowtype field reference] ; database/068_package_c_authoritative_pocket_inspection.sql:L71@s3_get_player_state[qualified/rowtype field reference],13,MEDIUM:src/game/app.js:L373@pocketItemContent[property-name reference] ; MEDIUM:src/game/app.js:L375@pocketItemContent[property-name reference] ; MEDIUM:src/game/app.js:L378@pocketItemContent[property-name reference] ; MEDIUM:src/game/app.js:L387@pocketEvidencePanel[property-name reference] ; MEDIUM:src/game/app.js:L391@pocketEvidencePanel[property-name reference] ; MEDIUM:src/game/app.js:L392@pocketEvidencePanel[property-name reference] ; MEDIUM:tests/sprint3a-live-e2e.js:L64@main[property-name reference] ; MEDIUM:tests/sprint5-live-e2e.js:L11@main[property-name reference] ; MEDIUM:tests/sprint5-static-check.js:L33@TOP_LEVEL[property-name reference] ; MEDIUM:tests/structural-package-c-live-e2e.js:L31@main[property-name reference] ; MEDIUM:tests/structural-package-c-live-e2e.js:L38@main[property-name reference] ; MEDIUM:tests/structural-package-c-live-e2e.js:L46@main[property-name reference] ; MEDIUM:tests/structural-package-c-live-e2e.js:L51@main[property-name reference],0,,0,
F0197,s3_player_item_view_state#05,s3_player_item_view_state,updated_at,5,7,NO,2,database/006_sprint3a_provenance_view_integrity_fix.sql:L75@s3_set_item_view[UPDATE SET]{DIRECT_OR_COMPUTED} ; database/068_package_c_authoritative_pocket_inspection.sql:L51@s3_set_item_view[UPDATE SET]{DIRECT_OR_COMPUTED},0,,0,,0,,0,
F0198,s3_player_items#01,s3_player_items,run_id,1,36,NO,5,database/005_sprint3a_scene_pocket_knowledge_foundation.sql:L179@s3_initialize_audit_fixture[INSERT explicit column]{DIRECT_OR_COMPUTED} ; database/006_sprint3a_provenance_view_integrity_fix.sql:L110@s3_initialize_audit_fixture[INSERT explicit column]{DIRECT_OR_COMPUTED} ; database/007_sprint3b_act1_5_placeholder_flow.sql:L122@s3b_grab[INSERT explicit column]{DIRECT_OR_COMPUTED} ; database/009_sprint3b_act1_consequence_integrity.sql:L60@s3b_add_optional_grab_item[INSERT explicit column]{DIRECT_OR_COMPUTED} ; database/054_level3_integrated_closure.sql:L49@teacher_apply_override[INSERT explicit column]{DIRECT_OR_COMPUTED},6,database/005_sprint3a_scene_pocket_knowledge_foundation.sql:L235@s3_get_player_state[qualified/rowtype field reference] ; database/006_sprint3a_provenance_view_integrity_fix.sql:L144@s3_get_player_state[qualified/rowtype field reference] ; database/043_sprint7_teacher_console.sql:L65@s7_get_teacher_console[qualified/rowtype field reference] ; database/044_sprint7_focused_level1_corrections.sql:L58@s7_get_teacher_console[qualified/rowtype field reference] ; database/054_level3_integrated_closure.sql:L54@teacher_apply_override[qualified/rowtype field reference] ; database/068_package_c_authoritative_pocket_inspection.sql:L71@s3_get_player_state[qualified/rowtype field reference],0,,0,,0,
F0199,s3_player_items#02,s3_player_items,item_key,2,5,NO,5,database/005_sprint3a_scene_pocket_knowledge_foundation.sql:L179@s3_initialize_audit_fixture[INSERT explicit column]{DIRECT_OR_COMPUTED} ; database/006_sprint3a_provenance_view_integrity_fix.sql:L110@s3_initialize_audit_fixture[INSERT explicit column]{DIRECT_OR_COMPUTED} ; database/007_sprint3b_act1_5_placeholder_flow.sql:L122@s3b_grab[INSERT explicit column]{DIRECT_OR_COMPUTED} ; database/009_sprint3b_act1_consequence_integrity.sql:L60@s3b_add_optional_grab_item[INSERT explicit column]{DIRECT_OR_COMPUTED} ; database/054_level3_integrated_closure.sql:L49@teacher_apply_override[INSERT explicit column]{DIRECT_OR_COMPUTED},6,database/005_sprint3a_scene_pocket_knowledge_foundation.sql:L235@s3_get_player_state[qualified/rowtype field reference] ; database/006_sprint3a_provenance_view_integrity_fix.sql:L144@s3_get_player_state[qualified/rowtype field reference] ; database/043_sprint7_teacher_console.sql:L65@s7_get_teacher_console[qualified/rowtype field reference] ; database/044_sprint7_focused_level1_corrections.sql:L58@s7_get_teacher_console[qualified/rowtype field reference] ; database/054_level3_integrated_closure.sql:L53@teacher_apply_override[qualified/rowtype field reference] ; database/068_package_c_authoritative_pocket_inspection.sql:L71@s3_get_player_state[qualified/rowtype field reference],0,,0,,0,
F0200,s3_player_items#03,s3_player_items,physical_owner_id,3,1,YES,5,database/005_sprint3a_scene_pocket_knowledge_foundation.sql:L179@s3_initialize_audit_fixture[INSERT explicit column]{DIRECT_OR_COMPUTED} ; database/006_sprint3a_provenance_view_integrity_fix.sql:L110@s3_initialize_audit_fixture[INSERT explicit column]{DIRECT_OR_COMPUTED} ; database/007_sprint3b_act1_5_placeholder_flow.sql:L122@s3b_grab[INSERT explicit column]{DIRECT_OR_COMPUTED} ; database/009_sprint3b_act1_consequence_integrity.sql:L60@s3b_add_optional_grab_item[INSERT explicit column]{DIRECT_OR_COMPUTED} ; database/054_level3_integrated_closure.sql:L49@teacher_apply_override[INSERT explicit column]{DIRECT_OR_COMPUTED},6,database/005_sprint3a_scene_pocket_knowledge_foundation.sql:L235@s3_get_player_state[qualified/rowtype field reference] ; database/006_sprint3a_provenance_view_integrity_fix.sql:L144@s3_get_player_state[qualified/rowtype field reference] ; database/043_sprint7_teacher_console.sql:L65@s7_get_teacher_console[qualified/rowtype field reference] ; database/044_sprint7_focused_level1_corrections.sql:L58@s7_get_teacher_console[qualified/rowtype field reference] ; database/054_level3_integrated_closure.sql:L53@teacher_apply_override[qualified/rowtype field reference] ; database/068_package_c_authoritative_pocket_inspection.sql:L71@s3_get_player_state[qualified/rowtype field reference],0,,0,,0,
F0201,s3_player_items#04,s3_player_items,acquired_at,4,2,NO,0,,3,database/043_sprint7_teacher_console.sql:L65@s7_get_teacher_console[qualified/rowtype field reference] ; database/044_sprint7_focused_level1_corrections.sql:L58@s7_get_teacher_console[qualified/rowtype field reference] ; database/068_package_c_authoritative_pocket_inspection.sql:L71@s3_get_player_state[qualified/rowtype field reference],0,,0,,0,
F0202,s3_player_knowledge#01,s3_player_knowledge,acquisition_id,1,1,YES,0,,3,database/005_sprint3a_scene_pocket_knowledge_foundation.sql:L239@s3_get_player_state[to_jsonb(row) exposes field] ; database/006_sprint3a_provenance_view_integrity_fix.sql:L148@s3_get_player_state[to_jsonb(row) exposes field] ; database/068_package_c_authoritative_pocket_inspection.sql:L76@s3_get_player_state[to_jsonb(row) exposes field],0,,0,,0,
F0203,s3_player_knowledge#02,s3_player_knowledge,run_id,2,36,NO,2,database/005_sprint3a_scene_pocket_knowledge_foundation.sql:L147@s3_record_knowledge[INSERT explicit column]{DIRECT_OR_COMPUTED} ; database/006_sprint3a_provenance_view_integrity_fix.sql:L57@s3_record_knowledge[INSERT explicit column]{DIRECT_OR_COMPUTED},6,database/005_sprint3a_scene_pocket_knowledge_foundation.sql:L239@s3_get_player_state[qualified/rowtype field reference] ; database/005_sprint3a_scene_pocket_knowledge_foundation.sql:L239@s3_get_player_state[to_jsonb(row) exposes field] ; database/006_sprint3a_provenance_view_integrity_fix.sql:L148@s3_get_player_state[qualified/rowtype field reference] ; database/006_sprint3a_provenance_view_integrity_fix.sql:L148@s3_get_player_state[to_jsonb(row) exposes field] ; database/068_package_c_authoritative_pocket_inspection.sql:L76@s3_get_player_state[qualified/rowtype field reference] ; database/068_package_c_authoritative_pocket_inspection.sql:L76@s3_get_player_state[to_jsonb(row) exposes field],0,,0,,0,
F0204,s3_player_knowledge#03,s3_player_knowledge,player_id,3,24,NO,2,database/005_sprint3a_scene_pocket_knowledge_foundation.sql:L147@s3_record_knowledge[INSERT explicit column]{DIRECT_OR_COMPUTED} ; database/006_sprint3a_provenance_view_integrity_fix.sql:L57@s3_record_knowledge[INSERT explicit column]{DIRECT_OR_COMPUTED},6,database/005_sprint3a_scene_pocket_knowledge_foundation.sql:L239@s3_get_player_state[qualified/rowtype field reference] ; database/005_sprint3a_scene_pocket_knowledge_foundation.sql:L239@s3_get_player_state[to_jsonb(row) exposes field] ; database/006_sprint3a_provenance_view_integrity_fix.sql:L148@s3_get_player_state[qualified/rowtype field reference] ; database/006_sprint3a_provenance_view_integrity_fix.sql:L148@s3_get_player_state[to_jsonb(row) exposes field] ; database/068_package_c_authoritative_pocket_inspection.sql:L76@s3_get_player_state[qualified/rowtype field reference] ; database/068_package_c_authoritative_pocket_inspection.sql:L76@s3_get_player_state[to_jsonb(row) exposes field],0,,0,,0,
F0205,s3_player_knowledge#04,s3_player_knowledge,knowledge_key,4,3,NO,2,database/005_sprint3a_scene_pocket_knowledge_foundation.sql:L147@s3_record_knowledge[INSERT explicit column]{DIRECT_OR_COMPUTED} ; database/006_sprint3a_provenance_view_integrity_fix.sql:L57@s3_record_knowledge[INSERT explicit column]{DIRECT_OR_COMPUTED},3,database/005_sprint3a_scene_pocket_knowledge_foundation.sql:L239@s3_get_player_state[to_jsonb(row) exposes field] ; database/006_sprint3a_provenance_view_integrity_fix.sql:L148@s3_get_player_state[to_jsonb(row) exposes field] ; database/068_package_c_authoritative_pocket_inspection.sql:L76@s3_get_player_state[to_jsonb(row) exposes field],0,,0,,0,
F0206,s3_player_knowledge#05,s3_player_knowledge,source,5,1,YES,2,database/005_sprint3a_scene_pocket_knowledge_foundation.sql:L147@s3_record_knowledge[INSERT explicit column]{DIRECT_OR_COMPUTED} ; database/006_sprint3a_provenance_view_integrity_fix.sql:L57@s3_record_knowledge[INSERT explicit column]{DIRECT_OR_COMPUTED},3,database/005_sprint3a_scene_pocket_knowledge_foundation.sql:L239@s3_get_player_state[to_jsonb(row) exposes field] ; database/006_sprint3a_provenance_view_integrity_fix.sql:L148@s3_get_player_state[to_jsonb(row) exposes field] ; database/068_package_c_authoritative_pocket_inspection.sql:L76@s3_get_player_state[to_jsonb(row) exposes field],1,MEDIUM:tests/sprint3a-live-e2e.js:L48@main[property-name reference],0,,0,
F0207,s3_player_knowledge#06,s3_player_knowledge,scene_id,6,11,NO,2,database/005_sprint3a_scene_pocket_knowledge_foundation.sql:L147@s3_record_knowledge[INSERT explicit column]{DIRECT_OR_COMPUTED} ; database/006_sprint3a_provenance_view_integrity_fix.sql:L57@s3_record_knowledge[INSERT explicit column]{DIRECT_OR_COMPUTED},3,database/005_sprint3a_scene_pocket_knowledge_foundation.sql:L239@s3_get_player_state[to_jsonb(row) exposes field] ; database/006_sprint3a_provenance_view_integrity_fix.sql:L148@s3_get_player_state[to_jsonb(row) exposes field] ; database/068_package_c_authoritative_pocket_inspection.sql:L76@s3_get_player_state[to_jsonb(row) exposes field],0,,0,,0,
F0208,s3_player_knowledge#07,s3_player_knowledge,source_player_id,7,1,YES,2,database/005_sprint3a_scene_pocket_knowledge_foundation.sql:L147@s3_record_knowledge[INSERT explicit column]{DIRECT_OR_COMPUTED} ; database/006_sprint3a_provenance_view_integrity_fix.sql:L57@s3_record_knowledge[INSERT explicit column]{DIRECT_OR_COMPUTED},3,database/005_sprint3a_scene_pocket_knowledge_foundation.sql:L239@s3_get_player_state[to_jsonb(row) exposes field] ; database/006_sprint3a_provenance_view_integrity_fix.sql:L148@s3_get_player_state[to_jsonb(row) exposes field] ; database/068_package_c_authoritative_pocket_inspection.sql:L76@s3_get_player_state[to_jsonb(row) exposes field],0,,0,,0,
F0209,s3_player_knowledge#08,s3_player_knowledge,source_item_key,8,2,NO,2,database/005_sprint3a_scene_pocket_knowledge_foundation.sql:L147@s3_record_knowledge[INSERT explicit column]{DIRECT_OR_COMPUTED} ; database/006_sprint3a_provenance_view_integrity_fix.sql:L57@s3_record_knowledge[INSERT explicit column]{DIRECT_OR_COMPUTED},3,database/005_sprint3a_scene_pocket_knowledge_foundation.sql:L239@s3_get_player_state[to_jsonb(row) exposes field] ; database/006_sprint3a_provenance_view_integrity_fix.sql:L148@s3_get_player_state[to_jsonb(row) exposes field] ; database/068_package_c_authoritative_pocket_inspection.sql:L76@s3_get_player_state[to_jsonb(row) exposes field],0,,0,,0,
F0210,s3_player_knowledge#09,s3_player_knowledge,delivered_at,9,2,NO,0,,3,database/005_sprint3a_scene_pocket_knowledge_foundation.sql:L239@s3_get_player_state[to_jsonb(row) exposes field] ; database/006_sprint3a_provenance_view_integrity_fix.sql:L148@s3_get_player_state[to_jsonb(row) exposes field] ; database/068_package_c_authoritative_pocket_inspection.sql:L76@s3_get_player_state[to_jsonb(row) exposes field],0,,0,,0,
F0211,s3_player_observations#01,s3_player_observations,run_id,1,36,NO,1,database/005_sprint3a_scene_pocket_knowledge_foundation.sql:L121@s3_record_observation[INSERT explicit column]{DIRECT_OR_COMPUTED},6,database/005_sprint3a_scene_pocket_knowledge_foundation.sql:L236@s3_get_player_state[qualified/rowtype field reference] ; database/005_sprint3a_scene_pocket_knowledge_foundation.sql:L236@s3_get_player_state[to_jsonb(row) exposes field] ; database/006_sprint3a_provenance_view_integrity_fix.sql:L145@s3_get_player_state[qualified/rowtype field reference] ; database/006_sprint3a_provenance_view_integrity_fix.sql:L145@s3_get_player_state[to_jsonb(row) exposes field] ; database/068_package_c_authoritative_pocket_inspection.sql:L73@s3_get_player_state[qualified/rowtype field reference] ; database/068_package_c_authoritative_pocket_inspection.sql:L73@s3_get_player_state[to_jsonb(row) exposes field],0,,0,,0,
F0212,s3_player_observations#02,s3_player_observations,player_id,2,24,NO,1,database/005_sprint3a_scene_pocket_knowledge_foundation.sql:L121@s3_record_observation[INSERT explicit column]{DIRECT_OR_COMPUTED},6,database/005_sprint3a_scene_pocket_knowledge_foundation.sql:L236@s3_get_player_state[qualified/rowtype field reference] ; database/005_sprint3a_scene_pocket_knowledge_foundation.sql:L236@s3_get_player_state[to_jsonb(row) exposes field] ; database/006_sprint3a_provenance_view_integrity_fix.sql:L145@s3_get_player_state[qualified/rowtype field reference] ; database/006_sprint3a_provenance_view_integrity_fix.sql:L145@s3_get_player_state[to_jsonb(row) exposes field] ; database/068_package_c_authoritative_pocket_inspection.sql:L73@s3_get_player_state[qualified/rowtype field reference] ; database/068_package_c_authoritative_pocket_inspection.sql:L73@s3_get_player_state[to_jsonb(row) exposes field],0,,0,,0,
F0213,s3_player_observations#03,s3_player_observations,observation_key,3,2,NO,1,database/005_sprint3a_scene_pocket_knowledge_foundation.sql:L121@s3_record_observation[INSERT explicit column]{DIRECT_OR_COMPUTED},3,database/005_sprint3a_scene_pocket_knowledge_foundation.sql:L236@s3_get_player_state[to_jsonb(row) exposes field] ; database/006_sprint3a_provenance_view_integrity_fix.sql:L145@s3_get_player_state[to_jsonb(row) exposes field] ; database/068_package_c_authoritative_pocket_inspection.sql:L73@s3_get_player_state[to_jsonb(row) exposes field],0,,0,,0,
F0214,s3_player_observations#04,s3_player_observations,display_text_key,4,2,NO,1,database/005_sprint3a_scene_pocket_knowledge_foundation.sql:L121@s3_record_observation[INSERT explicit column]{DIRECT_OR_COMPUTED},3,database/005_sprint3a_scene_pocket_knowledge_foundation.sql:L236@s3_get_player_state[to_jsonb(row) exposes field] ; database/006_sprint3a_provenance_view_integrity_fix.sql:L145@s3_get_player_state[to_jsonb(row) exposes field] ; database/068_package_c_authoritative_pocket_inspection.sql:L73@s3_get_player_state[to_jsonb(row) exposes field],0,,0,,0,
F0215,s3_player_observations#05,s3_player_observations,discovered_at_scene,5,1,YES,1,database/005_sprint3a_scene_pocket_knowledge_foundation.sql:L121@s3_record_observation[INSERT explicit column]{DIRECT_OR_COMPUTED},3,database/005_sprint3a_scene_pocket_knowledge_foundation.sql:L236@s3_get_player_state[to_jsonb(row) exposes field] ; database/006_sprint3a_provenance_view_integrity_fix.sql:L145@s3_get_player_state[to_jsonb(row) exposes field] ; database/068_package_c_authoritative_pocket_inspection.sql:L73@s3_get_player_state[to_jsonb(row) exposes field],0,,0,,0,
F0216,s3_player_observations#06,s3_player_observations,discovered_at,6,2,NO,0,,3,database/005_sprint3a_scene_pocket_knowledge_foundation.sql:L236@s3_get_player_state[to_jsonb(row) exposes field] ; database/006_sprint3a_provenance_view_integrity_fix.sql:L145@s3_get_player_state[to_jsonb(row) exposes field] ; database/068_package_c_authoritative_pocket_inspection.sql:L73@s3_get_player_state[to_jsonb(row) exposes field],0,,0,,0,
F0217,s3_runtime_scene_state#01,s3_runtime_scene_state,run_id,1,36,NO,4,database/005_sprint3a_scene_pocket_knowledge_foundation.sql:L171@s3_initialize_audit_fixture[INSERT explicit column]{DIRECT_OR_COMPUTED} ; database/006_sprint3a_provenance_view_integrity_fix.sql:L108@s3_initialize_audit_fixture[INSERT explicit column]{DIRECT_OR_COMPUTED} ; database/007_sprint3b_act1_5_placeholder_flow.sql:L65@s3b_set_scene[INSERT explicit column]{DIRECT_OR_COMPUTED} ; database/014_sprint3b_evidence_and_puzzle_integrity.sql:L190@s3b_set_scene[INSERT explicit column]{DIRECT_OR_COMPUTED},34,database/005_sprint3a_scene_pocket_knowledge_foundation.sql:L234@s3_get_player_state[qualified/rowtype field reference] ; database/005_sprint3a_scene_pocket_knowledge_foundation.sql:L234@s3_get_player_state[to_jsonb(row) exposes field] ; database/006_sprint3a_provenance_view_integrity_fix.sql:L143@s3_get_player_state[qualified/rowtype field reference] ; database/006_sprint3a_provenance_view_integrity_fix.sql:L143@s3_get_player_state[to_jsonb(row) exposes field] ; database/007_sprint3b_act1_5_placeholder_flow.sql:L284@s3b_get_player_state[to_jsonb(row) exposes field] ; database/013_sprint3b_discussion_authority_and_request_identity.sql:L511@s2_get_teacher_state[to_jsonb(row) exposes field] ; database/013_sprint3b_discussion_authority_and_request_identity.sql:L512@s2_get_teacher_state[qualified/rowtype field reference] ; database/014_sprint3b_evidence_and_puzzle_integrity.sql:L153@s3b_log_formal_event[SELECT * INTO row] ; database/014_sprint3b_evidence_and_puzzle_integrity.sql:L185@s3b_set_scene[SELECT * INTO row] ; database/014_sprint3b_evidence_and_puzzle_integrity.sql:L540@s3_share_photo[SELECT * INTO row] ; database/014b_sprint3b_targeted_closure_corrections.sql:L106@s3b_complete_act1[SELECT * INTO row] ; database/014b_sprint3b_targeted_closure_corrections.sql:L112@s3b_submit_first_meeting[SELECT * INTO row] ; database/014b_sprint3b_targeted_closure_corrections.sql:L121@s3b_grab[SELECT * INTO row] ; database/014b_sprint3b_targeted_closure_corrections.sql:L126@s3b_leave_start_room[SELECT * INTO row] ; database/014b_sprint3b_targeted_closure_corrections.sql:L131@s3b_ack_route_update[SELECT * INTO row] ; database/014b_sprint3b_targeted_closure_corrections.sql:L136@s3b_complete_foldback[SELECT * INTO row] ; database/014b_sprint3b_targeted_closure_corrections.sql:L141@s3b_follow_sign[SELECT * INTO row] ; database/014b_sprint3b_targeted_closure_corrections.sql:L147@s3b_submit_act4_choice[SELECT * INTO row] ; database/014b_sprint3b_targeted_closure_corrections.sql:L83@s3b_ack_act1_opening[SELECT * INTO row] ; database/014b_sprint3b_targeted_closure_corrections.sql:L94@s3b_submit_act1_choice[SELECT * INTO row] ; database/015_sprint3c_minimal_safe_teacher_override.sql:L121@s2_get_teacher_state[SELECT * INTO row] ; database/015_sprint3c_minimal_safe_teacher_override.sql:L71@teacher_apply_override[SELECT * INTO row] ; database/017_sprint3c_override_act2_entry_correction.sql:L23@s3b_submit_first_meeting[SELECT * INTO row] ; database/043_sprint7_teacher_console.sql:L18@s7_set_audit_private_debug[SELECT * INTO row] ; database/043_sprint7_teacher_console.sql:L35@s7_get_teacher_console[SELECT * INTO row] ; database/044_sprint7_focused_level1_corrections.sql:L24@s7_get_teacher_console[SELECT * INTO row] ; database/054_level3_integrated_closure.sql:L116@s2_get_teacher_state[SELECT * INTO row] ; database/054_level3_integrated_closure.sql:L22@teacher_apply_override[SELECT * INTO row] ; database/055_level2_override_export_residual_closure.sql:L23@teacher_apply_override[explicit table.column reference] ; database/055_level2_override_export_residual_closure.sql:L23@teacher_apply_override[qualified/rowtype field reference] ; database/056_level2_override_validity_binding_fix.sql:L23@teacher_apply_override[explicit table.column reference] ; database/056_level2_override_validity_binding_fix.sql:L23@teacher_apply_override[qualified/rowtype field reference] ; database/068_package_c_authoritative_pocket_inspection.sql:L70@s3_get_player_state[qualified/rowtype field reference] ; database/068_package_c_authoritative_pocket_inspection.sql:L70@s3_get_player_state[to_jsonb(row) exposes field],0,,1,READ:tests/level2-residual-integrity-transaction.sql:L11@TEST_SQL[bare field in single test statement],0,
F0218,s3_runtime_scene_state#02,s3_runtime_scene_state,scene_id,2,11,NO,4,database/005_sprint3a_scene_pocket_knowledge_foundation.sql:L171@s3_initialize_audit_fixture[INSERT explicit column]{DIRECT_OR_COMPUTED} ; database/006_sprint3a_provenance_view_integrity_fix.sql:L108@s3_initialize_audit_fixture[INSERT explicit column]{DIRECT_OR_COMPUTED} ; database/007_sprint3b_act1_5_placeholder_flow.sql:L65@s3b_set_scene[INSERT explicit column]{DIRECT_OR_COMPUTED} ; database/014_sprint3b_evidence_and_puzzle_integrity.sql:L190@s3b_set_scene[INSERT explicit column]{DIRECT_OR_COMPUTED},97,database/005_sprint3a_scene_pocket_knowledge_foundation.sql:L234@s3_get_player_state[to_jsonb(row) exposes field] ; database/006_sprint3a_provenance_view_integrity_fix.sql:L143@s3_get_player_state[to_jsonb(row) exposes field] ; database/007_sprint3b_act1_5_placeholder_flow.sql:L284@s3b_get_player_state[to_jsonb(row) exposes field] ; database/010_sprint3b_flow_integrity_and_inspect_fix.sql:L121@s3b_apply_act5_resolution[qualified/rowtype field reference] ; database/010_sprint3b_flow_integrity_and_inspect_fix.sql:L143@s3b_choose_post_inspection_route[qualified/rowtype field reference] ; database/010_sprint3b_flow_integrity_and_inspect_fix.sql:L158@s3b_complete_foldback[qualified/rowtype field reference] ; database/010_sprint3b_flow_integrity_and_inspect_fix.sql:L42@s3b_guard_player_progress_phase[qualified/rowtype field reference] ; database/010_sprint3b_flow_integrity_and_inspect_fix.sql:L43@s3b_guard_player_progress_phase[qualified/rowtype field reference] ; database/010_sprint3b_flow_integrity_and_inspect_fix.sql:L44@s3b_guard_player_progress_phase[qualified/rowtype field reference] ; database/010_sprint3b_flow_integrity_and_inspect_fix.sql:L45@s3b_guard_player_progress_phase[qualified/rowtype field reference] ; database/010_sprint3b_flow_integrity_and_inspect_fix.sql:L46@s3b_guard_player_progress_phase[qualified/rowtype field reference] ; database/010_sprint3b_flow_integrity_and_inspect_fix.sql:L47@s3b_guard_player_progress_phase[qualified/rowtype field reference] ; database/010_sprint3b_flow_integrity_and_inspect_fix.sql:L59@s3b_guard_run_state_phase[qualified/rowtype field reference] ; database/010_sprint3b_flow_integrity_and_inspect_fix.sql:L60@s3b_guard_run_state_phase[qualified/rowtype field reference] ; database/010_sprint3b_flow_integrity_and_inspect_fix.sql:L62@s3b_guard_run_state_phase[qualified/rowtype field reference] ; database/010_sprint3b_flow_integrity_and_inspect_fix.sql:L64@s3b_guard_run_state_phase[qualified/rowtype field reference] ; database/013_sprint3b_discussion_authority_and_request_identity.sql:L511@s2_get_teacher_state[to_jsonb(row) exposes field] ; database/014_sprint3b_evidence_and_puzzle_integrity.sql:L153@s3b_log_formal_event[SELECT * INTO row] ; database/014_sprint3b_evidence_and_puzzle_integrity.sql:L160@s3b_log_formal_event[qualified/rowtype field reference] ; database/014_sprint3b_evidence_and_puzzle_integrity.sql:L185@s3b_set_scene[SELECT * INTO row] ; database/014_sprint3b_evidence_and_puzzle_integrity.sql:L210@s3b_set_scene[qualified/rowtype field reference] ; database/014_sprint3b_evidence_and_puzzle_integrity.sql:L219@s3b_set_scene[qualified/rowtype field reference] ; database/014_sprint3b_evidence_and_puzzle_integrity.sql:L540@s3_share_photo[SELECT * INTO row] ; database/014_sprint3b_evidence_and_puzzle_integrity.sql:L543@s3_share_photo[qualified/rowtype field reference] ; database/014b_sprint3b_targeted_closure_corrections.sql:L106@s3b_complete_act1[SELECT * INTO row] ; database/014b_sprint3b_targeted_closure_corrections.sql:L106@s3b_complete_act1[qualified/rowtype field reference] ; database/014b_sprint3b_targeted_closure_corrections.sql:L112@s3b_submit_first_meeting[SELECT * INTO row] ; database/014b_sprint3b_targeted_closure_corrections.sql:L114@s3b_submit_first_meeting[qualified/rowtype field reference] ; database/014b_sprint3b_targeted_closure_corrections.sql:L121@s3b_grab[SELECT * INTO row] ; database/014b_sprint3b_targeted_closure_corrections.sql:L121@s3b_grab[qualified/rowtype field reference] ; database/014b_sprint3b_targeted_closure_corrections.sql:L126@s3b_leave_start_room[SELECT * INTO row] ; database/014b_sprint3b_targeted_closure_corrections.sql:L126@s3b_leave_start_room[qualified/rowtype field reference] ; database/014b_sprint3b_targeted_closure_corrections.sql:L131@s3b_ack_route_update[SELECT * INTO row] ; database/014b_sprint3b_targeted_closure_corrections.sql:L131@s3b_ack_route_update[qualified/rowtype field reference] ; database/014b_sprint3b_targeted_closure_corrections.sql:L136@s3b_complete_foldback[SELECT * INTO row] ; database/014b_sprint3b_targeted_closure_corrections.sql:L136@s3b_complete_foldback[qualified/rowtype field reference] ; database/014b_sprint3b_targeted_closure_corrections.sql:L141@s3b_follow_sign[SELECT * INTO row] ; database/014b_sprint3b_targeted_closure_corrections.sql:L141@s3b_follow_sign[qualified/rowtype field reference] ; database/014b_sprint3b_targeted_closure_corrections.sql:L147@s3b_submit_act4_choice[SELECT * INTO row] ; database/014b_sprint3b_targeted_closure_corrections.sql:L149@s3b_submit_act4_choice[qualified/rowtype field reference] ; database/014b_sprint3b_targeted_closure_corrections.sql:L83@s3b_ack_act1_opening[SELECT * INTO row] ; database/014b_sprint3b_targeted_closure_corrections.sql:L84@s3b_ack_act1_opening[qualified/rowtype field reference] ; database/014b_sprint3b_targeted_closure_corrections.sql:L94@s3b_submit_act1_choice[SELECT * INTO row] ; database/014b_sprint3b_targeted_closure_corrections.sql:L97@s3b_submit_act1_choice[qualified/rowtype field reference] ; database/015_sprint3c_minimal_safe_teacher_override.sql:L100@teacher_apply_override[qualified/rowtype field reference] ; database/015_sprint3c_minimal_safe_teacher_override.sql:L109@teacher_apply_override[qualified/rowtype field reference] ; database/015_sprint3c_minimal_safe_teacher_override.sql:L121@s2_get_teacher_state[SELECT * INTO row] ; database/015_sprint3c_minimal_safe_teacher_override.sql:L123@s2_get_teacher_state[qualified/rowtype field reference] ; database/015_sprint3c_minimal_safe_teacher_override.sql:L124@s2_get_teacher_state[qualified/rowtype field reference] ; database/015_sprint3c_minimal_safe_teacher_override.sql:L125@s2_get_teacher_state[qualified/rowtype field reference] ; database/015_sprint3c_minimal_safe_teacher_override.sql:L71@teacher_apply_override[SELECT * INTO row] ; database/015_sprint3c_minimal_safe_teacher_override.sql:L74@teacher_apply_override[qualified/rowtype field reference] ; database/015_sprint3c_minimal_safe_teacher_override.sql:L77@teacher_apply_override[qualified/rowtype field reference] ; database/015_sprint3c_minimal_safe_teacher_override.sql:L79@teacher_apply_override[qualified/rowtype field reference] ; database/015_sprint3c_minimal_safe_teacher_override.sql:L86@teacher_apply_override[qualified/rowtype field reference] ; database/015_sprint3c_minimal_safe_teacher_override.sql:L90@teacher_apply_override[qualified/rowtype field reference] ; database/015_sprint3c_minimal_safe_teacher_override.sql:L92@teacher_apply_override[qualified/rowtype field reference] ; database/015_sprint3c_minimal_safe_teacher_override.sql:L94@teacher_apply_override[qualified/rowtype field reference] ; database/015_sprint3c_minimal_safe_teacher_override.sql:L98@teacher_apply_override[qualified/rowtype field reference] ; database/017_sprint3c_override_act2_entry_correction.sql:L23@s3b_submit_first_meeting[SELECT * INTO row] ; database/017_sprint3c_override_act2_entry_correction.sql:L24@s3b_submit_first_meeting[qualified/rowtype field reference] ; database/017_sprint3c_override_act2_entry_correction.sql:L38@s3b_submit_first_meeting[qualified/rowtype field reference] ; database/043_sprint7_teacher_console.sql:L18@s7_set_audit_private_debug[SELECT * INTO row] ; database/043_sprint7_teacher_console.sql:L20@s7_set_audit_private_debug[qualified/rowtype field reference] ; database/043_sprint7_teacher_console.sql:L35@s7_get_teacher_console[SELECT * INTO row] ; database/043_sprint7_teacher_console.sql:L39@s7_get_teacher_console[qualified/rowtype field reference] ; database/043_sprint7_teacher_console.sql:L77@s7_get_teacher_console[qualified/rowtype field reference] ; database/044_sprint7_focused_level1_corrections.sql:L24@s7_get_teacher_console[SELECT * INTO row] ; database/044_sprint7_focused_level1_corrections.sql:L28@s7_get_teacher_console[qualified/rowtype field reference] ; database/044_sprint7_focused_level1_corrections.sql:L65@s7_get_teacher_console[qualified/rowtype field reference] ; database/054_level3_integrated_closure.sql:L103@teacher_apply_override[qualified/rowtype field reference] ; database/054_level3_integrated_closure.sql:L105@teacher_apply_override[qualified/rowtype field reference] ; database/054_level3_integrated_closure.sql:L116@s2_get_teacher_state[SELECT * INTO row] ; database/054_level3_integrated_closure.sql:L118@s2_get_teacher_state[qualified/rowtype field reference] ; database/054_level3_integrated_closure.sql:L119@s2_get_teacher_state[qualified/rowtype field reference] ; database/054_level3_integrated_closure.sql:L22@teacher_apply_override[SELECT * INTO row] ; database/054_level3_integrated_closure.sql:L23@teacher_apply_override[qualified/rowtype field reference] ; database/054_level3_integrated_closure.sql:L25@teacher_apply_override[qualified/rowtype field reference] ; database/054_level3_integrated_closure.sql:L28@teacher_apply_override[qualified/rowtype field reference] ; database/054_level3_integrated_closure.sql:L35@teacher_apply_override[qualified/rowtype field reference] ; database/054_level3_integrated_closure.sql:L39@teacher_apply_override[qualified/rowtype field reference] ; database/054_level3_integrated_closure.sql:L42@teacher_apply_override[qualified/rowtype field reference] ; database/054_level3_integrated_closure.sql:L58@teacher_apply_override[qualified/rowtype field reference] ; database/054_level3_integrated_closure.sql:L59@teacher_apply_override[qualified/rowtype field reference] ; database/054_level3_integrated_closure.sql:L62@teacher_apply_override[qualified/rowtype field reference] ; database/054_level3_integrated_closure.sql:L66@teacher_apply_override[qualified/rowtype field reference] ; database/054_level3_integrated_closure.sql:L69@teacher_apply_override[qualified/rowtype field reference] ; database/054_level3_integrated_closure.sql:L73@teacher_apply_override[qualified/rowtype field reference] ; database/054_level3_integrated_closure.sql:L74@teacher_apply_override[qualified/rowtype field reference] ; database/054_level3_integrated_closure.sql:L79@teacher_apply_override[qualified/rowtype field reference] ; database/054_level3_integrated_closure.sql:L81@teacher_apply_override[qualified/rowtype field reference] ; database/054_level3_integrated_closure.sql:L88@teacher_apply_override[qualified/rowtype field reference] ; database/054_level3_integrated_closure.sql:L90@teacher_apply_override[qualified/rowtype field reference] ; database/054_level3_integrated_closure.sql:L91@teacher_apply_override[qualified/rowtype field reference] ; database/054_level3_integrated_closure.sql:L95@teacher_apply_override[qualified/rowtype field reference] ; database/054_level3_integrated_closure.sql:L97@teacher_apply_override[qualified/rowtype field reference] ; database/068_package_c_authoritative_pocket_inspection.sql:L70@s3_get_player_state[to_jsonb(row) exposes field],0,,0,,0,
F0219,s3_runtime_scene_state#03,s3_runtime_scene_state,phase_key,3,13,NO,4,database/005_sprint3a_scene_pocket_knowledge_foundation.sql:L171@s3_initialize_audit_fixture[INSERT explicit column]{DIRECT_OR_COMPUTED} ; database/006_sprint3a_provenance_view_integrity_fix.sql:L108@s3_initialize_audit_fixture[INSERT explicit column]{DIRECT_OR_COMPUTED} ; database/007_sprint3b_act1_5_placeholder_flow.sql:L65@s3b_set_scene[INSERT explicit column]{DIRECT_OR_COMPUTED} ; database/014_sprint3b_evidence_and_puzzle_integrity.sql:L190@s3b_set_scene[INSERT explicit column]{DIRECT_OR_COMPUTED},104,database/005_sprint3a_scene_pocket_knowledge_foundation.sql:L234@s3_get_player_state[to_jsonb(row) exposes field] ; database/006_sprint3a_provenance_view_integrity_fix.sql:L143@s3_get_player_state[to_jsonb(row) exposes field] ; database/007_sprint3b_act1_5_placeholder_flow.sql:L284@s3b_get_player_state[to_jsonb(row) exposes field] ; database/010_sprint3b_flow_integrity_and_inspect_fix.sql:L121@s3b_apply_act5_resolution[qualified/rowtype field reference] ; database/010_sprint3b_flow_integrity_and_inspect_fix.sql:L143@s3b_choose_post_inspection_route[qualified/rowtype field reference] ; database/010_sprint3b_flow_integrity_and_inspect_fix.sql:L158@s3b_complete_foldback[qualified/rowtype field reference] ; database/010_sprint3b_flow_integrity_and_inspect_fix.sql:L42@s3b_guard_player_progress_phase[qualified/rowtype field reference] ; database/010_sprint3b_flow_integrity_and_inspect_fix.sql:L43@s3b_guard_player_progress_phase[qualified/rowtype field reference] ; database/010_sprint3b_flow_integrity_and_inspect_fix.sql:L44@s3b_guard_player_progress_phase[qualified/rowtype field reference] ; database/010_sprint3b_flow_integrity_and_inspect_fix.sql:L45@s3b_guard_player_progress_phase[qualified/rowtype field reference] ; database/010_sprint3b_flow_integrity_and_inspect_fix.sql:L46@s3b_guard_player_progress_phase[qualified/rowtype field reference] ; database/010_sprint3b_flow_integrity_and_inspect_fix.sql:L47@s3b_guard_player_progress_phase[qualified/rowtype field reference] ; database/010_sprint3b_flow_integrity_and_inspect_fix.sql:L59@s3b_guard_run_state_phase[qualified/rowtype field reference] ; database/010_sprint3b_flow_integrity_and_inspect_fix.sql:L60@s3b_guard_run_state_phase[qualified/rowtype field reference] ; database/010_sprint3b_flow_integrity_and_inspect_fix.sql:L62@s3b_guard_run_state_phase[qualified/rowtype field reference] ; database/013_sprint3b_discussion_authority_and_request_identity.sql:L511@s2_get_teacher_state[to_jsonb(row) exposes field] ; database/014_sprint3b_evidence_and_puzzle_integrity.sql:L153@s3b_log_formal_event[SELECT * INTO row] ; database/014_sprint3b_evidence_and_puzzle_integrity.sql:L160@s3b_log_formal_event[qualified/rowtype field reference] ; database/014_sprint3b_evidence_and_puzzle_integrity.sql:L185@s3b_set_scene[SELECT * INTO row] ; database/014_sprint3b_evidence_and_puzzle_integrity.sql:L211@s3b_set_scene[qualified/rowtype field reference] ; database/014_sprint3b_evidence_and_puzzle_integrity.sql:L219@s3b_set_scene[qualified/rowtype field reference] ; database/014_sprint3b_evidence_and_puzzle_integrity.sql:L540@s3_share_photo[SELECT * INTO row] ; database/014b_sprint3b_targeted_closure_corrections.sql:L106@s3b_complete_act1[SELECT * INTO row] ; database/014b_sprint3b_targeted_closure_corrections.sql:L106@s3b_complete_act1[qualified/rowtype field reference] ; database/014b_sprint3b_targeted_closure_corrections.sql:L112@s3b_submit_first_meeting[SELECT * INTO row] ; database/014b_sprint3b_targeted_closure_corrections.sql:L114@s3b_submit_first_meeting[qualified/rowtype field reference] ; database/014b_sprint3b_targeted_closure_corrections.sql:L121@s3b_grab[SELECT * INTO row] ; database/014b_sprint3b_targeted_closure_corrections.sql:L121@s3b_grab[qualified/rowtype field reference] ; database/014b_sprint3b_targeted_closure_corrections.sql:L126@s3b_leave_start_room[SELECT * INTO row] ; database/014b_sprint3b_targeted_closure_corrections.sql:L126@s3b_leave_start_room[qualified/rowtype field reference] ; database/014b_sprint3b_targeted_closure_corrections.sql:L131@s3b_ack_route_update[SELECT * INTO row] ; database/014b_sprint3b_targeted_closure_corrections.sql:L131@s3b_ack_route_update[qualified/rowtype field reference] ; database/014b_sprint3b_targeted_closure_corrections.sql:L136@s3b_complete_foldback[SELECT * INTO row] ; database/014b_sprint3b_targeted_closure_corrections.sql:L136@s3b_complete_foldback[qualified/rowtype field reference] ; database/014b_sprint3b_targeted_closure_corrections.sql:L141@s3b_follow_sign[SELECT * INTO row] ; database/014b_sprint3b_targeted_closure_corrections.sql:L141@s3b_follow_sign[qualified/rowtype field reference] ; database/014b_sprint3b_targeted_closure_corrections.sql:L147@s3b_submit_act4_choice[SELECT * INTO row] ; database/014b_sprint3b_targeted_closure_corrections.sql:L149@s3b_submit_act4_choice[qualified/rowtype field reference] ; database/014b_sprint3b_targeted_closure_corrections.sql:L83@s3b_ack_act1_opening[SELECT * INTO row] ; database/014b_sprint3b_targeted_closure_corrections.sql:L84@s3b_ack_act1_opening[qualified/rowtype field reference] ; database/014b_sprint3b_targeted_closure_corrections.sql:L94@s3b_submit_act1_choice[SELECT * INTO row] ; database/014b_sprint3b_targeted_closure_corrections.sql:L97@s3b_submit_act1_choice[qualified/rowtype field reference] ; database/015_sprint3c_minimal_safe_teacher_override.sql:L100@teacher_apply_override[qualified/rowtype field reference] ; database/015_sprint3c_minimal_safe_teacher_override.sql:L109@teacher_apply_override[qualified/rowtype field reference] ; database/015_sprint3c_minimal_safe_teacher_override.sql:L121@s2_get_teacher_state[SELECT * INTO row] ; database/015_sprint3c_minimal_safe_teacher_override.sql:L123@s2_get_teacher_state[qualified/rowtype field reference] ; database/015_sprint3c_minimal_safe_teacher_override.sql:L124@s2_get_teacher_state[qualified/rowtype field reference] ; database/015_sprint3c_minimal_safe_teacher_override.sql:L125@s2_get_teacher_state[qualified/rowtype field reference] ; database/015_sprint3c_minimal_safe_teacher_override.sql:L71@teacher_apply_override[SELECT * INTO row] ; database/015_sprint3c_minimal_safe_teacher_override.sql:L74@teacher_apply_override[qualified/rowtype field reference] ; database/015_sprint3c_minimal_safe_teacher_override.sql:L77@teacher_apply_override[qualified/rowtype field reference] ; database/015_sprint3c_minimal_safe_teacher_override.sql:L79@teacher_apply_override[qualified/rowtype field reference] ; database/015_sprint3c_minimal_safe_teacher_override.sql:L86@teacher_apply_override[qualified/rowtype field reference] ; database/015_sprint3c_minimal_safe_teacher_override.sql:L90@teacher_apply_override[qualified/rowtype field reference] ; database/015_sprint3c_minimal_safe_teacher_override.sql:L92@teacher_apply_override[qualified/rowtype field reference] ; database/015_sprint3c_minimal_safe_teacher_override.sql:L94@teacher_apply_override[qualified/rowtype field reference] ; database/015_sprint3c_minimal_safe_teacher_override.sql:L98@teacher_apply_override[qualified/rowtype field reference] ; database/017_sprint3c_override_act2_entry_correction.sql:L23@s3b_submit_first_meeting[SELECT * INTO row] ; database/017_sprint3c_override_act2_entry_correction.sql:L24@s3b_submit_first_meeting[qualified/rowtype field reference] ; database/017_sprint3c_override_act2_entry_correction.sql:L38@s3b_submit_first_meeting[qualified/rowtype field reference] ; database/043_sprint7_teacher_console.sql:L18@s7_set_audit_private_debug[SELECT * INTO row] ; database/043_sprint7_teacher_console.sql:L20@s7_set_audit_private_debug[qualified/rowtype field reference] ; database/043_sprint7_teacher_console.sql:L35@s7_get_teacher_console[SELECT * INTO row] ; database/043_sprint7_teacher_console.sql:L45@s7_get_teacher_console[qualified/rowtype field reference] ; database/043_sprint7_teacher_console.sql:L46@s7_get_teacher_console[qualified/rowtype field reference] ; database/043_sprint7_teacher_console.sql:L47@s7_get_teacher_console[qualified/rowtype field reference] ; database/043_sprint7_teacher_console.sql:L48@s7_get_teacher_console[qualified/rowtype field reference] ; database/043_sprint7_teacher_console.sql:L49@s7_get_teacher_console[qualified/rowtype field reference] ; database/043_sprint7_teacher_console.sql:L77@s7_get_teacher_console[qualified/rowtype field reference] ; database/044_sprint7_focused_level1_corrections.sql:L24@s7_get_teacher_console[SELECT * INTO row] ; database/044_sprint7_focused_level1_corrections.sql:L35@s7_get_teacher_console[qualified/rowtype field reference] ; database/044_sprint7_focused_level1_corrections.sql:L36@s7_get_teacher_console[qualified/rowtype field reference] ; database/044_sprint7_focused_level1_corrections.sql:L37@s7_get_teacher_console[qualified/rowtype field reference] ; database/044_sprint7_focused_level1_corrections.sql:L38@s7_get_teacher_console[qualified/rowtype field reference] ; database/044_sprint7_focused_level1_corrections.sql:L39@s7_get_teacher_console[qualified/rowtype field reference] ; database/044_sprint7_focused_level1_corrections.sql:L44@s7_get_teacher_console[qualified/rowtype field reference] ; database/044_sprint7_focused_level1_corrections.sql:L48@s7_get_teacher_console[qualified/rowtype field reference] ; database/044_sprint7_focused_level1_corrections.sql:L65@s7_get_teacher_console[qualified/rowtype field reference] ; database/054_level3_integrated_closure.sql:L103@teacher_apply_override[qualified/rowtype field reference] ; database/054_level3_integrated_closure.sql:L105@teacher_apply_override[qualified/rowtype field reference] ; database/054_level3_integrated_closure.sql:L116@s2_get_teacher_state[SELECT * INTO row] ; database/054_level3_integrated_closure.sql:L118@s2_get_teacher_state[qualified/rowtype field reference] ; database/054_level3_integrated_closure.sql:L119@s2_get_teacher_state[qualified/rowtype field reference] ; database/054_level3_integrated_closure.sql:L22@teacher_apply_override[SELECT * INTO row] ; database/054_level3_integrated_closure.sql:L23@teacher_apply_override[qualified/rowtype field reference] ; database/054_level3_integrated_closure.sql:L25@teacher_apply_override[qualified/rowtype field reference] ; database/054_level3_integrated_closure.sql:L28@teacher_apply_override[qualified/rowtype field reference] ; database/054_level3_integrated_closure.sql:L35@teacher_apply_override[qualified/rowtype field reference] ; database/054_level3_integrated_closure.sql:L39@teacher_apply_override[qualified/rowtype field reference] ; database/054_level3_integrated_closure.sql:L42@teacher_apply_override[qualified/rowtype field reference] ; database/054_level3_integrated_closure.sql:L58@teacher_apply_override[qualified/rowtype field reference] ; database/054_level3_integrated_closure.sql:L59@teacher_apply_override[qualified/rowtype field reference] ; database/054_level3_integrated_closure.sql:L62@teacher_apply_override[qualified/rowtype field reference] ; database/054_level3_integrated_closure.sql:L66@teacher_apply_override[qualified/rowtype field reference] ; database/054_level3_integrated_closure.sql:L69@teacher_apply_override[qualified/rowtype field reference] ; database/054_level3_integrated_closure.sql:L73@teacher_apply_override[qualified/rowtype field reference] ; database/054_level3_integrated_closure.sql:L74@teacher_apply_override[qualified/rowtype field reference] ; database/054_level3_integrated_closure.sql:L79@teacher_apply_override[qualified/rowtype field reference] ; database/054_level3_integrated_closure.sql:L81@teacher_apply_override[qualified/rowtype field reference] ; database/054_level3_integrated_closure.sql:L88@teacher_apply_override[qualified/rowtype field reference] ; database/054_level3_integrated_closure.sql:L90@teacher_apply_override[qualified/rowtype field reference] ; database/054_level3_integrated_closure.sql:L95@teacher_apply_override[qualified/rowtype field reference] ; database/054_level3_integrated_closure.sql:L97@teacher_apply_override[qualified/rowtype field reference] ; database/068_package_c_authoritative_pocket_inspection.sql:L70@s3_get_player_state[to_jsonb(row) exposes field],0,,0,,0,
F0220,s3_runtime_scene_state#04,s3_runtime_scene_state,step_key,4,6,NO,4,database/005_sprint3a_scene_pocket_knowledge_foundation.sql:L171@s3_initialize_audit_fixture[INSERT explicit column]{DIRECT_OR_COMPUTED} ; database/006_sprint3a_provenance_view_integrity_fix.sql:L108@s3_initialize_audit_fixture[INSERT explicit column]{DIRECT_OR_COMPUTED} ; database/007_sprint3b_act1_5_placeholder_flow.sql:L65@s3b_set_scene[INSERT explicit column]{DIRECT_OR_COMPUTED} ; database/014_sprint3b_evidence_and_puzzle_integrity.sql:L190@s3b_set_scene[INSERT explicit column]{DIRECT_OR_COMPUTED},61,database/005_sprint3a_scene_pocket_knowledge_foundation.sql:L234@s3_get_player_state[to_jsonb(row) exposes field] ; database/006_sprint3a_provenance_view_integrity_fix.sql:L143@s3_get_player_state[to_jsonb(row) exposes field] ; database/007_sprint3b_act1_5_placeholder_flow.sql:L284@s3b_get_player_state[to_jsonb(row) exposes field] ; database/013_sprint3b_discussion_authority_and_request_identity.sql:L511@s2_get_teacher_state[to_jsonb(row) exposes field] ; database/014_sprint3b_evidence_and_puzzle_integrity.sql:L153@s3b_log_formal_event[SELECT * INTO row] ; database/014_sprint3b_evidence_and_puzzle_integrity.sql:L160@s3b_log_formal_event[qualified/rowtype field reference] ; database/014_sprint3b_evidence_and_puzzle_integrity.sql:L185@s3b_set_scene[SELECT * INTO row] ; database/014_sprint3b_evidence_and_puzzle_integrity.sql:L212@s3b_set_scene[qualified/rowtype field reference] ; database/014_sprint3b_evidence_and_puzzle_integrity.sql:L220@s3b_set_scene[qualified/rowtype field reference] ; database/014_sprint3b_evidence_and_puzzle_integrity.sql:L540@s3_share_photo[SELECT * INTO row] ; database/014b_sprint3b_targeted_closure_corrections.sql:L106@s3b_complete_act1[SELECT * INTO row] ; database/014b_sprint3b_targeted_closure_corrections.sql:L106@s3b_complete_act1[qualified/rowtype field reference] ; database/014b_sprint3b_targeted_closure_corrections.sql:L112@s3b_submit_first_meeting[SELECT * INTO row] ; database/014b_sprint3b_targeted_closure_corrections.sql:L114@s3b_submit_first_meeting[qualified/rowtype field reference] ; database/014b_sprint3b_targeted_closure_corrections.sql:L121@s3b_grab[SELECT * INTO row] ; database/014b_sprint3b_targeted_closure_corrections.sql:L121@s3b_grab[qualified/rowtype field reference] ; database/014b_sprint3b_targeted_closure_corrections.sql:L126@s3b_leave_start_room[SELECT * INTO row] ; database/014b_sprint3b_targeted_closure_corrections.sql:L126@s3b_leave_start_room[qualified/rowtype field reference] ; database/014b_sprint3b_targeted_closure_corrections.sql:L131@s3b_ack_route_update[SELECT * INTO row] ; database/014b_sprint3b_targeted_closure_corrections.sql:L131@s3b_ack_route_update[qualified/rowtype field reference] ; database/014b_sprint3b_targeted_closure_corrections.sql:L136@s3b_complete_foldback[SELECT * INTO row] ; database/014b_sprint3b_targeted_closure_corrections.sql:L136@s3b_complete_foldback[qualified/rowtype field reference] ; database/014b_sprint3b_targeted_closure_corrections.sql:L141@s3b_follow_sign[SELECT * INTO row] ; database/014b_sprint3b_targeted_closure_corrections.sql:L141@s3b_follow_sign[qualified/rowtype field reference] ; database/014b_sprint3b_targeted_closure_corrections.sql:L147@s3b_submit_act4_choice[SELECT * INTO row] ; database/014b_sprint3b_targeted_closure_corrections.sql:L149@s3b_submit_act4_choice[qualified/rowtype field reference] ; database/014b_sprint3b_targeted_closure_corrections.sql:L83@s3b_ack_act1_opening[SELECT * INTO row] ; database/014b_sprint3b_targeted_closure_corrections.sql:L84@s3b_ack_act1_opening[qualified/rowtype field reference] ; database/014b_sprint3b_targeted_closure_corrections.sql:L94@s3b_submit_act1_choice[SELECT * INTO row] ; database/014b_sprint3b_targeted_closure_corrections.sql:L97@s3b_submit_act1_choice[qualified/rowtype field reference] ; database/015_sprint3c_minimal_safe_teacher_override.sql:L100@teacher_apply_override[qualified/rowtype field reference] ; database/015_sprint3c_minimal_safe_teacher_override.sql:L109@teacher_apply_override[qualified/rowtype field reference] ; database/015_sprint3c_minimal_safe_teacher_override.sql:L121@s2_get_teacher_state[SELECT * INTO row] ; database/015_sprint3c_minimal_safe_teacher_override.sql:L71@teacher_apply_override[SELECT * INTO row] ; database/015_sprint3c_minimal_safe_teacher_override.sql:L77@teacher_apply_override[qualified/rowtype field reference] ; database/015_sprint3c_minimal_safe_teacher_override.sql:L79@teacher_apply_override[qualified/rowtype field reference] ; database/015_sprint3c_minimal_safe_teacher_override.sql:L90@teacher_apply_override[qualified/rowtype field reference] ; database/015_sprint3c_minimal_safe_teacher_override.sql:L92@teacher_apply_override[qualified/rowtype field reference] ; database/015_sprint3c_minimal_safe_teacher_override.sql:L98@teacher_apply_override[qualified/rowtype field reference] ; database/017_sprint3c_override_act2_entry_correction.sql:L23@s3b_submit_first_meeting[SELECT * INTO row] ; database/017_sprint3c_override_act2_entry_correction.sql:L38@s3b_submit_first_meeting[qualified/rowtype field reference] ; database/043_sprint7_teacher_console.sql:L18@s7_set_audit_private_debug[SELECT * INTO row] ; database/043_sprint7_teacher_console.sql:L20@s7_set_audit_private_debug[qualified/rowtype field reference] ; database/043_sprint7_teacher_console.sql:L35@s7_get_teacher_console[SELECT * INTO row] ; database/043_sprint7_teacher_console.sql:L77@s7_get_teacher_console[qualified/rowtype field reference] ; database/044_sprint7_focused_level1_corrections.sql:L24@s7_get_teacher_console[SELECT * INTO row] ; database/044_sprint7_focused_level1_corrections.sql:L65@s7_get_teacher_console[qualified/rowtype field reference] ; database/054_level3_integrated_closure.sql:L103@teacher_apply_override[qualified/rowtype field reference] ; database/054_level3_integrated_closure.sql:L105@teacher_apply_override[qualified/rowtype field reference] ; database/054_level3_integrated_closure.sql:L116@s2_get_teacher_state[SELECT * INTO row] ; database/054_level3_integrated_closure.sql:L22@teacher_apply_override[SELECT * INTO row] ; database/054_level3_integrated_closure.sql:L23@teacher_apply_override[qualified/rowtype field reference] ; database/054_level3_integrated_closure.sql:L28@teacher_apply_override[qualified/rowtype field reference] ; database/054_level3_integrated_closure.sql:L42@teacher_apply_override[qualified/rowtype field reference] ; database/054_level3_integrated_closure.sql:L62@teacher_apply_override[qualified/rowtype field reference] ; database/054_level3_integrated_closure.sql:L69@teacher_apply_override[qualified/rowtype field reference] ; database/054_level3_integrated_closure.sql:L74@teacher_apply_override[qualified/rowtype field reference] ; database/054_level3_integrated_closure.sql:L81@teacher_apply_override[qualified/rowtype field reference] ; database/054_level3_integrated_closure.sql:L90@teacher_apply_override[qualified/rowtype field reference] ; database/054_level3_integrated_closure.sql:L97@teacher_apply_override[qualified/rowtype field reference] ; database/068_package_c_authoritative_pocket_inspection.sql:L70@s3_get_player_state[to_jsonb(row) exposes field],0,,0,,0,
F0221,s3_runtime_scene_state#05,s3_runtime_scene_state,display_mode,5,1,YES,4,database/005_sprint3a_scene_pocket_knowledge_foundation.sql:L171@s3_initialize_audit_fixture[INSERT explicit column]{DIRECT_OR_COMPUTED} ; database/006_sprint3a_provenance_view_integrity_fix.sql:L108@s3_initialize_audit_fixture[INSERT explicit column]{DIRECT_OR_COMPUTED} ; database/007_sprint3b_act1_5_placeholder_flow.sql:L65@s3b_set_scene[INSERT explicit column]{DIRECT_OR_COMPUTED} ; database/014_sprint3b_evidence_and_puzzle_integrity.sql:L190@s3b_set_scene[INSERT explicit column]{DIRECT_OR_COMPUTED},28,database/005_sprint3a_scene_pocket_knowledge_foundation.sql:L234@s3_get_player_state[to_jsonb(row) exposes field] ; database/006_sprint3a_provenance_view_integrity_fix.sql:L143@s3_get_player_state[to_jsonb(row) exposes field] ; database/007_sprint3b_act1_5_placeholder_flow.sql:L284@s3b_get_player_state[to_jsonb(row) exposes field] ; database/013_sprint3b_discussion_authority_and_request_identity.sql:L511@s2_get_teacher_state[to_jsonb(row) exposes field] ; database/014_sprint3b_evidence_and_puzzle_integrity.sql:L153@s3b_log_formal_event[SELECT * INTO row] ; database/014_sprint3b_evidence_and_puzzle_integrity.sql:L185@s3b_set_scene[SELECT * INTO row] ; database/014_sprint3b_evidence_and_puzzle_integrity.sql:L540@s3_share_photo[SELECT * INTO row] ; database/014b_sprint3b_targeted_closure_corrections.sql:L106@s3b_complete_act1[SELECT * INTO row] ; database/014b_sprint3b_targeted_closure_corrections.sql:L112@s3b_submit_first_meeting[SELECT * INTO row] ; database/014b_sprint3b_targeted_closure_corrections.sql:L121@s3b_grab[SELECT * INTO row] ; database/014b_sprint3b_targeted_closure_corrections.sql:L126@s3b_leave_start_room[SELECT * INTO row] ; database/014b_sprint3b_targeted_closure_corrections.sql:L131@s3b_ack_route_update[SELECT * INTO row] ; database/014b_sprint3b_targeted_closure_corrections.sql:L136@s3b_complete_foldback[SELECT * INTO row] ; database/014b_sprint3b_targeted_closure_corrections.sql:L141@s3b_follow_sign[SELECT * INTO row] ; database/014b_sprint3b_targeted_closure_corrections.sql:L147@s3b_submit_act4_choice[SELECT * INTO row] ; database/014b_sprint3b_targeted_closure_corrections.sql:L83@s3b_ack_act1_opening[SELECT * INTO row] ; database/014b_sprint3b_targeted_closure_corrections.sql:L94@s3b_submit_act1_choice[SELECT * INTO row] ; database/015_sprint3c_minimal_safe_teacher_override.sql:L121@s2_get_teacher_state[SELECT * INTO row] ; database/015_sprint3c_minimal_safe_teacher_override.sql:L71@teacher_apply_override[SELECT * INTO row] ; database/017_sprint3c_override_act2_entry_correction.sql:L23@s3b_submit_first_meeting[SELECT * INTO row] ; database/043_sprint7_teacher_console.sql:L18@s7_set_audit_private_debug[SELECT * INTO row] ; database/043_sprint7_teacher_console.sql:L35@s7_get_teacher_console[SELECT * INTO row] ; database/043_sprint7_teacher_console.sql:L77@s7_get_teacher_console[qualified/rowtype field reference] ; database/044_sprint7_focused_level1_corrections.sql:L24@s7_get_teacher_console[SELECT * INTO row] ; database/044_sprint7_focused_level1_corrections.sql:L65@s7_get_teacher_console[qualified/rowtype field reference] ; database/054_level3_integrated_closure.sql:L116@s2_get_teacher_state[SELECT * INTO row] ; database/054_level3_integrated_closure.sql:L22@teacher_apply_override[SELECT * INTO row] ; database/068_package_c_authoritative_pocket_inspection.sql:L70@s3_get_player_state[to_jsonb(row) exposes field],2,MEDIUM:src/teacher/teacher-console.js:L275@renderOperationsState[property-name reference] ; MEDIUM:tests/sprint3a-live-e2e.js:L50@main[property-name reference],0,,0,
F0222,s3_runtime_scene_state#06,s3_runtime_scene_state,text_key,6,2,NO,4,database/005_sprint3a_scene_pocket_knowledge_foundation.sql:L171@s3_initialize_audit_fixture[INSERT explicit column]{DIRECT_OR_COMPUTED} ; database/006_sprint3a_provenance_view_integrity_fix.sql:L108@s3_initialize_audit_fixture[INSERT explicit column]{DIRECT_OR_COMPUTED} ; database/007_sprint3b_act1_5_placeholder_flow.sql:L65@s3b_set_scene[INSERT explicit column]{DIRECT_OR_COMPUTED} ; database/014_sprint3b_evidence_and_puzzle_integrity.sql:L190@s3b_set_scene[INSERT explicit column]{DIRECT_OR_COMPUTED},28,database/005_sprint3a_scene_pocket_knowledge_foundation.sql:L234@s3_get_player_state[to_jsonb(row) exposes field] ; database/006_sprint3a_provenance_view_integrity_fix.sql:L143@s3_get_player_state[to_jsonb(row) exposes field] ; database/007_sprint3b_act1_5_placeholder_flow.sql:L284@s3b_get_player_state[to_jsonb(row) exposes field] ; database/013_sprint3b_discussion_authority_and_request_identity.sql:L511@s2_get_teacher_state[to_jsonb(row) exposes field] ; database/014_sprint3b_evidence_and_puzzle_integrity.sql:L153@s3b_log_formal_event[SELECT * INTO row] ; database/014_sprint3b_evidence_and_puzzle_integrity.sql:L185@s3b_set_scene[SELECT * INTO row] ; database/014_sprint3b_evidence_and_puzzle_integrity.sql:L540@s3_share_photo[SELECT * INTO row] ; database/014b_sprint3b_targeted_closure_corrections.sql:L106@s3b_complete_act1[SELECT * INTO row] ; database/014b_sprint3b_targeted_closure_corrections.sql:L112@s3b_submit_first_meeting[SELECT * INTO row] ; database/014b_sprint3b_targeted_closure_corrections.sql:L121@s3b_grab[SELECT * INTO row] ; database/014b_sprint3b_targeted_closure_corrections.sql:L126@s3b_leave_start_room[SELECT * INTO row] ; database/014b_sprint3b_targeted_closure_corrections.sql:L131@s3b_ack_route_update[SELECT * INTO row] ; database/014b_sprint3b_targeted_closure_corrections.sql:L136@s3b_complete_foldback[SELECT * INTO row] ; database/014b_sprint3b_targeted_closure_corrections.sql:L141@s3b_follow_sign[SELECT * INTO row] ; database/014b_sprint3b_targeted_closure_corrections.sql:L147@s3b_submit_act4_choice[SELECT * INTO row] ; database/014b_sprint3b_targeted_closure_corrections.sql:L83@s3b_ack_act1_opening[SELECT * INTO row] ; database/014b_sprint3b_targeted_closure_corrections.sql:L94@s3b_submit_act1_choice[SELECT * INTO row] ; database/015_sprint3c_minimal_safe_teacher_override.sql:L121@s2_get_teacher_state[SELECT * INTO row] ; database/015_sprint3c_minimal_safe_teacher_override.sql:L71@teacher_apply_override[SELECT * INTO row] ; database/017_sprint3c_override_act2_entry_correction.sql:L23@s3b_submit_first_meeting[SELECT * INTO row] ; database/043_sprint7_teacher_console.sql:L18@s7_set_audit_private_debug[SELECT * INTO row] ; database/043_sprint7_teacher_console.sql:L35@s7_get_teacher_console[SELECT * INTO row] ; database/043_sprint7_teacher_console.sql:L77@s7_get_teacher_console[qualified/rowtype field reference] ; database/044_sprint7_focused_level1_corrections.sql:L24@s7_get_teacher_console[SELECT * INTO row] ; database/044_sprint7_focused_level1_corrections.sql:L65@s7_get_teacher_console[qualified/rowtype field reference] ; database/054_level3_integrated_closure.sql:L116@s2_get_teacher_state[SELECT * INTO row] ; database/054_level3_integrated_closure.sql:L22@teacher_apply_override[SELECT * INTO row] ; database/068_package_c_authoritative_pocket_inspection.sql:L70@s3_get_player_state[to_jsonb(row) exposes field],0,,0,,0,
F0223,s3_runtime_scene_state#07,s3_runtime_scene_state,current_route_target,7,1,YES,9,database/005_sprint3a_scene_pocket_knowledge_foundation.sql:L171@s3_initialize_audit_fixture[INSERT explicit column]{DIRECT_OR_COMPUTED} ; database/007_sprint3b_act1_5_placeholder_flow.sql:L159@s3b_apply_meeting_resolution[UPDATE SET]{DIRECT_OR_COMPUTED} ; database/007_sprint3b_act1_5_placeholder_flow.sql:L175@s3b_complete_foldback[UPDATE SET]{DIRECT_OR_COMPUTED} ; database/010_sprint3b_flow_integrity_and_inspect_fix.sql:L165@s3b_complete_foldback[UPDATE SET]{DIRECT_OR_COMPUTED} ; database/013_sprint3b_discussion_authority_and_request_identity.sql:L125@s3b_apply_resolved_discussion_internal[UPDATE SET]{DIRECT_OR_COMPUTED} ; database/014a_sprint3b_inspect_reconnect_idempotency_fix.sql:L51@s3b_apply_resolved_discussion_internal[UPDATE SET]{DIRECT_OR_COMPUTED} ; database/054_level3_integrated_closure.sql:L71@teacher_apply_override[UPDATE SET]{DIRECT_OR_COMPUTED} ; database/055_level2_override_export_residual_closure.sql:L22@teacher_apply_override[UPDATE SET]{DIRECT_OR_COMPUTED} ; database/056_level2_override_validity_binding_fix.sql:L22@teacher_apply_override[UPDATE SET]{DIRECT_OR_COMPUTED},28,database/005_sprint3a_scene_pocket_knowledge_foundation.sql:L234@s3_get_player_state[to_jsonb(row) exposes field] ; database/006_sprint3a_provenance_view_integrity_fix.sql:L143@s3_get_player_state[to_jsonb(row) exposes field] ; database/007_sprint3b_act1_5_placeholder_flow.sql:L284@s3b_get_player_state[to_jsonb(row) exposes field] ; database/013_sprint3b_discussion_authority_and_request_identity.sql:L511@s2_get_teacher_state[to_jsonb(row) exposes field] ; database/014_sprint3b_evidence_and_puzzle_integrity.sql:L153@s3b_log_formal_event[SELECT * INTO row] ; database/014_sprint3b_evidence_and_puzzle_integrity.sql:L185@s3b_set_scene[SELECT * INTO row] ; database/014_sprint3b_evidence_and_puzzle_integrity.sql:L540@s3_share_photo[SELECT * INTO row] ; database/014b_sprint3b_targeted_closure_corrections.sql:L106@s3b_complete_act1[SELECT * INTO row] ; database/014b_sprint3b_targeted_closure_corrections.sql:L112@s3b_submit_first_meeting[SELECT * INTO row] ; database/014b_sprint3b_targeted_closure_corrections.sql:L121@s3b_grab[SELECT * INTO row] ; database/014b_sprint3b_targeted_closure_corrections.sql:L126@s3b_leave_start_room[SELECT * INTO row] ; database/014b_sprint3b_targeted_closure_corrections.sql:L131@s3b_ack_route_update[SELECT * INTO row] ; database/014b_sprint3b_targeted_closure_corrections.sql:L136@s3b_complete_foldback[SELECT * INTO row] ; database/014b_sprint3b_targeted_closure_corrections.sql:L141@s3b_follow_sign[SELECT * INTO row] ; database/014b_sprint3b_targeted_closure_corrections.sql:L147@s3b_submit_act4_choice[SELECT * INTO row] ; database/014b_sprint3b_targeted_closure_corrections.sql:L83@s3b_ack_act1_opening[SELECT * INTO row] ; database/014b_sprint3b_targeted_closure_corrections.sql:L94@s3b_submit_act1_choice[SELECT * INTO row] ; database/015_sprint3c_minimal_safe_teacher_override.sql:L121@s2_get_teacher_state[SELECT * INTO row] ; database/015_sprint3c_minimal_safe_teacher_override.sql:L71@teacher_apply_override[SELECT * INTO row] ; database/017_sprint3c_override_act2_entry_correction.sql:L23@s3b_submit_first_meeting[SELECT * INTO row] ; database/043_sprint7_teacher_console.sql:L18@s7_set_audit_private_debug[SELECT * INTO row] ; database/043_sprint7_teacher_console.sql:L35@s7_get_teacher_console[SELECT * INTO row] ; database/043_sprint7_teacher_console.sql:L77@s7_get_teacher_console[qualified/rowtype field reference] ; database/044_sprint7_focused_level1_corrections.sql:L24@s7_get_teacher_console[SELECT * INTO row] ; database/044_sprint7_focused_level1_corrections.sql:L65@s7_get_teacher_console[qualified/rowtype field reference] ; database/054_level3_integrated_closure.sql:L116@s2_get_teacher_state[SELECT * INTO row] ; database/054_level3_integrated_closure.sql:L22@teacher_apply_override[SELECT * INTO row] ; database/068_package_c_authoritative_pocket_inspection.sql:L70@s3_get_player_state[to_jsonb(row) exposes field],5,MEDIUM:src/game/app.js:L329@renderSprint3b[property-name reference] ; MEDIUM:tests/level2-residual-live-e2e.js:L29@main[property-name reference] ; MEDIUM:tests/sprint3b-live-e2e.js:L48@main[property-name reference] ; MEDIUM:tests/sprint3b-live-e2e.js:L49@main[property-name reference] ; MEDIUM:tests/sprint3b-live-e2e.js:L56@main[property-name reference],1,READ:tests/level2-residual-integrity-transaction.sql:L11@TEST_SQL[bare field in single test statement],0,
F0224,s3_runtime_scene_state#08,s3_runtime_scene_state,wayfinding_target,8,1,YES,9,database/005_sprint3a_scene_pocket_knowledge_foundation.sql:L171@s3_initialize_audit_fixture[INSERT explicit column]{DIRECT_OR_COMPUTED} ; database/007_sprint3b_act1_5_placeholder_flow.sql:L159@s3b_apply_meeting_resolution[UPDATE SET]{DIRECT_OR_COMPUTED} ; database/007_sprint3b_act1_5_placeholder_flow.sql:L175@s3b_complete_foldback[UPDATE SET]{DIRECT_OR_COMPUTED} ; database/010_sprint3b_flow_integrity_and_inspect_fix.sql:L165@s3b_complete_foldback[UPDATE SET]{DIRECT_OR_COMPUTED} ; database/013_sprint3b_discussion_authority_and_request_identity.sql:L125@s3b_apply_resolved_discussion_internal[UPDATE SET]{DIRECT_OR_COMPUTED} ; database/014a_sprint3b_inspect_reconnect_idempotency_fix.sql:L51@s3b_apply_resolved_discussion_internal[UPDATE SET]{DIRECT_OR_COMPUTED} ; database/054_level3_integrated_closure.sql:L71@teacher_apply_override[UPDATE SET]{DIRECT_OR_COMPUTED} ; database/055_level2_override_export_residual_closure.sql:L22@teacher_apply_override[UPDATE SET]{DIRECT_OR_COMPUTED} ; database/056_level2_override_validity_binding_fix.sql:L22@teacher_apply_override[UPDATE SET]{DIRECT_OR_COMPUTED},28,database/005_sprint3a_scene_pocket_knowledge_foundation.sql:L234@s3_get_player_state[to_jsonb(row) exposes field] ; database/006_sprint3a_provenance_view_integrity_fix.sql:L143@s3_get_player_state[to_jsonb(row) exposes field] ; database/007_sprint3b_act1_5_placeholder_flow.sql:L284@s3b_get_player_state[to_jsonb(row) exposes field] ; database/013_sprint3b_discussion_authority_and_request_identity.sql:L511@s2_get_teacher_state[to_jsonb(row) exposes field] ; database/014_sprint3b_evidence_and_puzzle_integrity.sql:L153@s3b_log_formal_event[SELECT * INTO row] ; database/014_sprint3b_evidence_and_puzzle_integrity.sql:L185@s3b_set_scene[SELECT * INTO row] ; database/014_sprint3b_evidence_and_puzzle_integrity.sql:L540@s3_share_photo[SELECT * INTO row] ; database/014b_sprint3b_targeted_closure_corrections.sql:L106@s3b_complete_act1[SELECT * INTO row] ; database/014b_sprint3b_targeted_closure_corrections.sql:L112@s3b_submit_first_meeting[SELECT * INTO row] ; database/014b_sprint3b_targeted_closure_corrections.sql:L121@s3b_grab[SELECT * INTO row] ; database/014b_sprint3b_targeted_closure_corrections.sql:L126@s3b_leave_start_room[SELECT * INTO row] ; database/014b_sprint3b_targeted_closure_corrections.sql:L131@s3b_ack_route_update[SELECT * INTO row] ; database/014b_sprint3b_targeted_closure_corrections.sql:L136@s3b_complete_foldback[SELECT * INTO row] ; database/014b_sprint3b_targeted_closure_corrections.sql:L141@s3b_follow_sign[SELECT * INTO row] ; database/014b_sprint3b_targeted_closure_corrections.sql:L147@s3b_submit_act4_choice[SELECT * INTO row] ; database/014b_sprint3b_targeted_closure_corrections.sql:L83@s3b_ack_act1_opening[SELECT * INTO row] ; database/014b_sprint3b_targeted_closure_corrections.sql:L94@s3b_submit_act1_choice[SELECT * INTO row] ; database/015_sprint3c_minimal_safe_teacher_override.sql:L121@s2_get_teacher_state[SELECT * INTO row] ; database/015_sprint3c_minimal_safe_teacher_override.sql:L71@teacher_apply_override[SELECT * INTO row] ; database/017_sprint3c_override_act2_entry_correction.sql:L23@s3b_submit_first_meeting[SELECT * INTO row] ; database/043_sprint7_teacher_console.sql:L18@s7_set_audit_private_debug[SELECT * INTO row] ; database/043_sprint7_teacher_console.sql:L35@s7_get_teacher_console[SELECT * INTO row] ; database/043_sprint7_teacher_console.sql:L77@s7_get_teacher_console[qualified/rowtype field reference] ; database/044_sprint7_focused_level1_corrections.sql:L24@s7_get_teacher_console[SELECT * INTO row] ; database/044_sprint7_focused_level1_corrections.sql:L65@s7_get_teacher_console[qualified/rowtype field reference] ; database/054_level3_integrated_closure.sql:L116@s2_get_teacher_state[SELECT * INTO row] ; database/054_level3_integrated_closure.sql:L22@teacher_apply_override[SELECT * INTO row] ; database/068_package_c_authoritative_pocket_inspection.sql:L70@s3_get_player_state[to_jsonb(row) exposes field],1,MEDIUM:tests/sprint3b-live-e2e.js:L56@main[property-name reference],0,,0,
F0225,s3_runtime_scene_state#09,s3_runtime_scene_state,updated_at,9,7,NO,7,database/007_sprint3b_act1_5_placeholder_flow.sql:L159@s3b_apply_meeting_resolution[UPDATE SET]{DIRECT_OR_COMPUTED} ; database/007_sprint3b_act1_5_placeholder_flow.sql:L175@s3b_complete_foldback[UPDATE SET]{DIRECT_OR_COMPUTED} ; database/010_sprint3b_flow_integrity_and_inspect_fix.sql:L165@s3b_complete_foldback[UPDATE SET]{DIRECT_OR_COMPUTED} ; database/013_sprint3b_discussion_authority_and_request_identity.sql:L126@s3b_apply_resolved_discussion_internal[UPDATE SET]{DIRECT_OR_COMPUTED} ; database/014a_sprint3b_inspect_reconnect_idempotency_fix.sql:L52@s3b_apply_resolved_discussion_internal[UPDATE SET]{DIRECT_OR_COMPUTED} ; database/055_level2_override_export_residual_closure.sql:L22@teacher_apply_override[UPDATE SET]{DIRECT_OR_COMPUTED} ; database/056_level2_override_validity_binding_fix.sql:L22@teacher_apply_override[UPDATE SET]{DIRECT_OR_COMPUTED},26,database/005_sprint3a_scene_pocket_knowledge_foundation.sql:L234@s3_get_player_state[to_jsonb(row) exposes field] ; database/006_sprint3a_provenance_view_integrity_fix.sql:L143@s3_get_player_state[to_jsonb(row) exposes field] ; database/007_sprint3b_act1_5_placeholder_flow.sql:L284@s3b_get_player_state[to_jsonb(row) exposes field] ; database/013_sprint3b_discussion_authority_and_request_identity.sql:L511@s2_get_teacher_state[to_jsonb(row) exposes field] ; database/014_sprint3b_evidence_and_puzzle_integrity.sql:L153@s3b_log_formal_event[SELECT * INTO row] ; database/014_sprint3b_evidence_and_puzzle_integrity.sql:L185@s3b_set_scene[SELECT * INTO row] ; database/014_sprint3b_evidence_and_puzzle_integrity.sql:L540@s3_share_photo[SELECT * INTO row] ; database/014b_sprint3b_targeted_closure_corrections.sql:L106@s3b_complete_act1[SELECT * INTO row] ; database/014b_sprint3b_targeted_closure_corrections.sql:L112@s3b_submit_first_meeting[SELECT * INTO row] ; database/014b_sprint3b_targeted_closure_corrections.sql:L121@s3b_grab[SELECT * INTO row] ; database/014b_sprint3b_targeted_closure_corrections.sql:L126@s3b_leave_start_room[SELECT * INTO row] ; database/014b_sprint3b_targeted_closure_corrections.sql:L131@s3b_ack_route_update[SELECT * INTO row] ; database/014b_sprint3b_targeted_closure_corrections.sql:L136@s3b_complete_foldback[SELECT * INTO row] ; database/014b_sprint3b_targeted_closure_corrections.sql:L141@s3b_follow_sign[SELECT * INTO row] ; database/014b_sprint3b_targeted_closure_corrections.sql:L147@s3b_submit_act4_choice[SELECT * INTO row] ; database/014b_sprint3b_targeted_closure_corrections.sql:L83@s3b_ack_act1_opening[SELECT * INTO row] ; database/014b_sprint3b_targeted_closure_corrections.sql:L94@s3b_submit_act1_choice[SELECT * INTO row] ; database/015_sprint3c_minimal_safe_teacher_override.sql:L121@s2_get_teacher_state[SELECT * INTO row] ; database/015_sprint3c_minimal_safe_teacher_override.sql:L71@teacher_apply_override[SELECT * INTO row] ; database/017_sprint3c_override_act2_entry_correction.sql:L23@s3b_submit_first_meeting[SELECT * INTO row] ; database/043_sprint7_teacher_console.sql:L18@s7_set_audit_private_debug[SELECT * INTO row] ; database/043_sprint7_teacher_console.sql:L35@s7_get_teacher_console[SELECT * INTO row] ; database/044_sprint7_focused_level1_corrections.sql:L24@s7_get_teacher_console[SELECT * INTO row] ; database/054_level3_integrated_closure.sql:L116@s2_get_teacher_state[SELECT * INTO row] ; database/054_level3_integrated_closure.sql:L22@teacher_apply_override[SELECT * INTO row] ; database/068_package_c_authoritative_pocket_inspection.sql:L70@s3_get_player_state[to_jsonb(row) exposes field],0,,0,,0,
F0226,s3_runtime_scene_state#10,s3_runtime_scene_state,allow_share_photo,10,2,NO,7,database/014_sprint3b_evidence_and_puzzle_integrity.sql:L190@s3b_set_scene[INSERT explicit column]{DIRECT_OR_COMPUTED} ; database/029_sprint5_canonical_discussion_localization.sql:L79@s5_submit_private_choice[UPDATE SET]{DIRECT_OR_COMPUTED} ; database/031_sprint5_focused_reaudit_corrections.sql:L15@s5_initialize[UPDATE SET]{DIRECT_OR_COMPUTED} ; database/031_sprint5_focused_reaudit_corrections.sql:L19@s5_advance[UPDATE SET]{DERIVED_OR_COPY} ; database/039_level3_s5_canonical_discussion_fix.sql:L17@s5_ensure_initialized[UPDATE SET]{DIRECT_OR_COMPUTED} ; database/061_package_a_act6_entry_timer_barrier.sql:L18@s5_ensure_initialized[UPDATE SET]{DIRECT_OR_COMPUTED} ; database/062_package_a_prepared_event_fk_fix.sql:L16@s5_ensure_initialized[UPDATE SET]{DIRECT_OR_COMPUTED},27,database/005_sprint3a_scene_pocket_knowledge_foundation.sql:L234@s3_get_player_state[to_jsonb(row) exposes field] ; database/006_sprint3a_provenance_view_integrity_fix.sql:L143@s3_get_player_state[to_jsonb(row) exposes field] ; database/007_sprint3b_act1_5_placeholder_flow.sql:L284@s3b_get_player_state[to_jsonb(row) exposes field] ; database/013_sprint3b_discussion_authority_and_request_identity.sql:L511@s2_get_teacher_state[to_jsonb(row) exposes field] ; database/014_sprint3b_evidence_and_puzzle_integrity.sql:L153@s3b_log_formal_event[SELECT * INTO row] ; database/014_sprint3b_evidence_and_puzzle_integrity.sql:L185@s3b_set_scene[SELECT * INTO row] ; database/014_sprint3b_evidence_and_puzzle_integrity.sql:L540@s3_share_photo[SELECT * INTO row] ; database/014_sprint3b_evidence_and_puzzle_integrity.sql:L541@s3_share_photo[qualified/rowtype field reference] ; database/014b_sprint3b_targeted_closure_corrections.sql:L106@s3b_complete_act1[SELECT * INTO row] ; database/014b_sprint3b_targeted_closure_corrections.sql:L112@s3b_submit_first_meeting[SELECT * INTO row] ; database/014b_sprint3b_targeted_closure_corrections.sql:L121@s3b_grab[SELECT * INTO row] ; database/014b_sprint3b_targeted_closure_corrections.sql:L126@s3b_leave_start_room[SELECT * INTO row] ; database/014b_sprint3b_targeted_closure_corrections.sql:L131@s3b_ack_route_update[SELECT * INTO row] ; database/014b_sprint3b_targeted_closure_corrections.sql:L136@s3b_complete_foldback[SELECT * INTO row] ; database/014b_sprint3b_targeted_closure_corrections.sql:L141@s3b_follow_sign[SELECT * INTO row] ; database/014b_sprint3b_targeted_closure_corrections.sql:L147@s3b_submit_act4_choice[SELECT * INTO row] ; database/014b_sprint3b_targeted_closure_corrections.sql:L83@s3b_ack_act1_opening[SELECT * INTO row] ; database/014b_sprint3b_targeted_closure_corrections.sql:L94@s3b_submit_act1_choice[SELECT * INTO row] ; database/015_sprint3c_minimal_safe_teacher_override.sql:L121@s2_get_teacher_state[SELECT * INTO row] ; database/015_sprint3c_minimal_safe_teacher_override.sql:L71@teacher_apply_override[SELECT * INTO row] ; database/017_sprint3c_override_act2_entry_correction.sql:L23@s3b_submit_first_meeting[SELECT * INTO row] ; database/043_sprint7_teacher_console.sql:L18@s7_set_audit_private_debug[SELECT * INTO row] ; database/043_sprint7_teacher_console.sql:L35@s7_get_teacher_console[SELECT * INTO row] ; database/044_sprint7_focused_level1_corrections.sql:L24@s7_get_teacher_console[SELECT * INTO row] ; database/054_level3_integrated_closure.sql:L116@s2_get_teacher_state[SELECT * INTO row] ; database/054_level3_integrated_closure.sql:L22@teacher_apply_override[SELECT * INTO row] ; database/068_package_c_authoritative_pocket_inspection.sql:L70@s3_get_player_state[to_jsonb(row) exposes field],0,,0,,0,
F0227,s3_shared_photos#01,s3_shared_photos,photo_copy_id,1,1,YES,0,,3,database/005_sprint3a_scene_pocket_knowledge_foundation.sql:L237@s3_get_player_state[to_jsonb(row) exposes field] ; database/006_sprint3a_provenance_view_integrity_fix.sql:L146@s3_get_player_state[to_jsonb(row) exposes field] ; database/068_package_c_authoritative_pocket_inspection.sql:L74@s3_get_player_state[to_jsonb(row) exposes field],0,,0,,0,
F0228,s3_shared_photos#02,s3_shared_photos,run_id,2,36,NO,3,database/005_sprint3a_scene_pocket_knowledge_foundation.sql:L217@s3_share_photo[INSERT explicit column]{DIRECT_OR_COMPUTED} ; database/006_sprint3a_provenance_view_integrity_fix.sql:L94@s3_share_photo[INSERT explicit column]{DIRECT_OR_COMPUTED} ; database/014_sprint3b_evidence_and_puzzle_integrity.sql:L560@s3_share_photo[INSERT explicit column]{DIRECT_OR_COMPUTED},26,database/005_sprint3a_scene_pocket_knowledge_foundation.sql:L237@s3_get_player_state[qualified/rowtype field reference] ; database/005_sprint3a_scene_pocket_knowledge_foundation.sql:L237@s3_get_player_state[to_jsonb(row) exposes field] ; database/006_sprint3a_provenance_view_integrity_fix.sql:L146@s3_get_player_state[qualified/rowtype field reference] ; database/006_sprint3a_provenance_view_integrity_fix.sql:L146@s3_get_player_state[to_jsonb(row) exposes field] ; database/043_sprint7_teacher_console.sql:L45@s7_get_teacher_console[qualified/rowtype field reference] ; database/043_sprint7_teacher_console.sql:L49@s7_get_teacher_console[qualified/rowtype field reference] ; database/043_sprint7_teacher_console.sql:L50@s7_get_teacher_console[qualified/rowtype field reference] ; database/043_sprint7_teacher_console.sql:L51@s7_get_teacher_console[qualified/rowtype field reference] ; database/043_sprint7_teacher_console.sql:L52@s7_get_teacher_console[qualified/rowtype field reference] ; database/043_sprint7_teacher_console.sql:L53@s7_get_teacher_console[qualified/rowtype field reference] ; database/043_sprint7_teacher_console.sql:L55@s7_get_teacher_console[qualified/rowtype field reference] ; database/043_sprint7_teacher_console.sql:L56@s7_get_teacher_console[qualified/rowtype field reference] ; database/043_sprint7_teacher_console.sql:L67@s7_get_teacher_console[qualified/rowtype field reference] ; database/044_sprint7_focused_level1_corrections.sql:L35@s7_get_teacher_console[qualified/rowtype field reference] ; database/044_sprint7_focused_level1_corrections.sql:L39@s7_get_teacher_console[qualified/rowtype field reference] ; database/044_sprint7_focused_level1_corrections.sql:L40@s7_get_teacher_console[qualified/rowtype field reference] ; database/044_sprint7_focused_level1_corrections.sql:L41@s7_get_teacher_console[qualified/rowtype field reference] ; database/044_sprint7_focused_level1_corrections.sql:L42@s7_get_teacher_console[qualified/rowtype field reference] ; database/044_sprint7_focused_level1_corrections.sql:L43@s7_get_teacher_console[qualified/rowtype field reference] ; database/044_sprint7_focused_level1_corrections.sql:L46@s7_get_teacher_console[qualified/rowtype field reference] ; database/044_sprint7_focused_level1_corrections.sql:L47@s7_get_teacher_console[qualified/rowtype field reference] ; database/044_sprint7_focused_level1_corrections.sql:L50@s7_get_teacher_console[qualified/rowtype field reference] ; database/044_sprint7_focused_level1_corrections.sql:L51@s7_get_teacher_console[qualified/rowtype field reference] ; database/044_sprint7_focused_level1_corrections.sql:L58@s7_get_teacher_console[qualified/rowtype field reference] ; database/068_package_c_authoritative_pocket_inspection.sql:L74@s3_get_player_state[qualified/rowtype field reference] ; database/068_package_c_authoritative_pocket_inspection.sql:L74@s3_get_player_state[to_jsonb(row) exposes field],0,,0,,0,
F0229,s3_shared_photos#03,s3_shared_photos,received_by,3,1,YES,3,database/005_sprint3a_scene_pocket_knowledge_foundation.sql:L217@s3_share_photo[INSERT explicit column]{DIRECT_OR_COMPUTED} ; database/006_sprint3a_provenance_view_integrity_fix.sql:L94@s3_share_photo[INSERT explicit column]{DIRECT_OR_COMPUTED} ; database/014_sprint3b_evidence_and_puzzle_integrity.sql:L560@s3_share_photo[INSERT explicit column]{DIRECT_OR_COMPUTED},8,database/005_sprint3a_scene_pocket_knowledge_foundation.sql:L237@s3_get_player_state[qualified/rowtype field reference] ; database/005_sprint3a_scene_pocket_knowledge_foundation.sql:L237@s3_get_player_state[to_jsonb(row) exposes field] ; database/006_sprint3a_provenance_view_integrity_fix.sql:L146@s3_get_player_state[qualified/rowtype field reference] ; database/006_sprint3a_provenance_view_integrity_fix.sql:L146@s3_get_player_state[to_jsonb(row) exposes field] ; database/043_sprint7_teacher_console.sql:L67@s7_get_teacher_console[qualified/rowtype field reference] ; database/044_sprint7_focused_level1_corrections.sql:L58@s7_get_teacher_console[qualified/rowtype field reference] ; database/068_package_c_authoritative_pocket_inspection.sql:L74@s3_get_player_state[qualified/rowtype field reference] ; database/068_package_c_authoritative_pocket_inspection.sql:L74@s3_get_player_state[to_jsonb(row) exposes field],0,,0,,0,
F0230,s3_shared_photos#04,s3_shared_photos,shared_by,4,1,YES,3,database/005_sprint3a_scene_pocket_knowledge_foundation.sql:L217@s3_share_photo[INSERT explicit column]{DIRECT_OR_COMPUTED} ; database/006_sprint3a_provenance_view_integrity_fix.sql:L94@s3_share_photo[INSERT explicit column]{DIRECT_OR_COMPUTED} ; database/014_sprint3b_evidence_and_puzzle_integrity.sql:L560@s3_share_photo[INSERT explicit column]{DIRECT_OR_COMPUTED},3,database/005_sprint3a_scene_pocket_knowledge_foundation.sql:L237@s3_get_player_state[to_jsonb(row) exposes field] ; database/006_sprint3a_provenance_view_integrity_fix.sql:L146@s3_get_player_state[to_jsonb(row) exposes field] ; database/068_package_c_authoritative_pocket_inspection.sql:L74@s3_get_player_state[to_jsonb(row) exposes field],0,,0,,0,
F0231,s3_shared_photos#05,s3_shared_photos,source_item_key,5,2,NO,3,database/005_sprint3a_scene_pocket_knowledge_foundation.sql:L217@s3_share_photo[INSERT explicit column]{DIRECT_OR_COMPUTED} ; database/006_sprint3a_provenance_view_integrity_fix.sql:L94@s3_share_photo[INSERT explicit column]{DIRECT_OR_COMPUTED} ; database/014_sprint3b_evidence_and_puzzle_integrity.sql:L560@s3_share_photo[INSERT explicit column]{DIRECT_OR_COMPUTED},5,database/005_sprint3a_scene_pocket_knowledge_foundation.sql:L237@s3_get_player_state[to_jsonb(row) exposes field] ; database/006_sprint3a_provenance_view_integrity_fix.sql:L146@s3_get_player_state[to_jsonb(row) exposes field] ; database/043_sprint7_teacher_console.sql:L67@s7_get_teacher_console[qualified/rowtype field reference] ; database/044_sprint7_focused_level1_corrections.sql:L58@s7_get_teacher_console[qualified/rowtype field reference] ; database/068_package_c_authoritative_pocket_inspection.sql:L74@s3_get_player_state[to_jsonb(row) exposes field],0,,0,,0,
F0232,s3_shared_photos#06,s3_shared_photos,source_view,6,1,YES,3,database/005_sprint3a_scene_pocket_knowledge_foundation.sql:L217@s3_share_photo[INSERT explicit column]{DIRECT_OR_COMPUTED} ; database/006_sprint3a_provenance_view_integrity_fix.sql:L94@s3_share_photo[INSERT explicit column]{DIRECT_OR_COMPUTED} ; database/014_sprint3b_evidence_and_puzzle_integrity.sql:L560@s3_share_photo[INSERT explicit column]{DIRECT_OR_COMPUTED},5,database/005_sprint3a_scene_pocket_knowledge_foundation.sql:L237@s3_get_player_state[to_jsonb(row) exposes field] ; database/006_sprint3a_provenance_view_integrity_fix.sql:L146@s3_get_player_state[to_jsonb(row) exposes field] ; database/043_sprint7_teacher_console.sql:L67@s7_get_teacher_console[qualified/rowtype field reference] ; database/044_sprint7_focused_level1_corrections.sql:L58@s7_get_teacher_console[qualified/rowtype field reference] ; database/068_package_c_authoritative_pocket_inspection.sql:L74@s3_get_player_state[to_jsonb(row) exposes field],2,MEDIUM:src/teacher/teacher-console.js:L271@renderOperationsState[property-name reference] ; MEDIUM:tests/sprint3a-live-e2e.js:L64@main[property-name reference],0,,0,
F0233,s3_shared_photos#07,s3_shared_photos,label_text_key,7,2,NO,3,database/005_sprint3a_scene_pocket_knowledge_foundation.sql:L217@s3_share_photo[INSERT explicit column]{DIRECT_OR_COMPUTED} ; database/006_sprint3a_provenance_view_integrity_fix.sql:L94@s3_share_photo[INSERT explicit column]{DIRECT_OR_COMPUTED} ; database/014_sprint3b_evidence_and_puzzle_integrity.sql:L560@s3_share_photo[INSERT explicit column]{DIRECT_OR_COMPUTED},5,database/005_sprint3a_scene_pocket_knowledge_foundation.sql:L237@s3_get_player_state[to_jsonb(row) exposes field] ; database/006_sprint3a_provenance_view_integrity_fix.sql:L146@s3_get_player_state[to_jsonb(row) exposes field] ; database/043_sprint7_teacher_console.sql:L67@s7_get_teacher_console[qualified/rowtype field reference] ; database/044_sprint7_focused_level1_corrections.sql:L58@s7_get_teacher_console[qualified/rowtype field reference] ; database/068_package_c_authoritative_pocket_inspection.sql:L74@s3_get_player_state[to_jsonb(row) exposes field],0,,0,,0,
F0234,s3_shared_photos#08,s3_shared_photos,shared_at,8,1,YES,0,,8,database/005_sprint3a_scene_pocket_knowledge_foundation.sql:L219@s3_share_photo[explicit table.column reference] ; database/005_sprint3a_scene_pocket_knowledge_foundation.sql:L237@s3_get_player_state[to_jsonb(row) exposes field] ; database/006_sprint3a_provenance_view_integrity_fix.sql:L146@s3_get_player_state[to_jsonb(row) exposes field] ; database/006_sprint3a_provenance_view_integrity_fix.sql:L96@s3_share_photo[explicit table.column reference] ; database/014_sprint3b_evidence_and_puzzle_integrity.sql:L564@s3_share_photo[explicit table.column reference] ; database/043_sprint7_teacher_console.sql:L67@s7_get_teacher_console[qualified/rowtype field reference] ; database/044_sprint7_focused_level1_corrections.sql:L58@s7_get_teacher_console[qualified/rowtype field reference] ; database/068_package_c_authoritative_pocket_inspection.sql:L74@s3_get_player_state[to_jsonb(row) exposes field],0,,0,,0,
F0235,s3b_library_attempts#01,s3b_library_attempts,run_id,1,36,NO,2,database/007_sprint3b_act1_5_placeholder_flow.sql:L223@s3b_submit_library_code[INSERT positional/all columns]{POSITIONAL_WRITE} ; database/014_sprint3b_evidence_and_puzzle_integrity.sql:L424@s3b_submit_library_code[INSERT explicit column]{DIRECT_OR_COMPUTED},1,database/014_sprint3b_evidence_and_puzzle_integrity.sql:L389@s3b_submit_library_code[SELECT * INTO row],0,,0,,1,database/010_sprint3b_flow_integrity_and_inspect_fix.sql:L74@s3b_guard_library_attempt_phase[NEW.field trigger reference; read/write not mechanically determined]
F0236,s3b_library_attempts#02,s3b_library_attempts,attempt_number,2,1,YES,2,database/007_sprint3b_act1_5_placeholder_flow.sql:L223@s3b_submit_library_code[INSERT positional/all columns]{POSITIONAL_WRITE} ; database/014_sprint3b_evidence_and_puzzle_integrity.sql:L424@s3b_submit_library_code[INSERT explicit column]{DIRECT_OR_COMPUTED},2,database/014_sprint3b_evidence_and_puzzle_integrity.sql:L389@s3b_submit_library_code[SELECT * INTO row] ; database/014_sprint3b_evidence_and_puzzle_integrity.sql:L397@s3b_submit_library_code[qualified/rowtype field reference],1,MEDIUM:tests/sprint3b-live-e2e.js:L65@main[property-name reference],0,,0,
F0237,s3b_library_attempts#03,s3b_library_attempts,submitted_by,3,1,YES,2,database/007_sprint3b_act1_5_placeholder_flow.sql:L223@s3b_submit_library_code[INSERT positional/all columns]{POSITIONAL_WRITE} ; database/014_sprint3b_evidence_and_puzzle_integrity.sql:L424@s3b_submit_library_code[INSERT explicit column]{DIRECT_OR_COMPUTED},1,database/014_sprint3b_evidence_and_puzzle_integrity.sql:L389@s3b_submit_library_code[SELECT * INTO row],0,,0,,0,
F0238,s3b_library_attempts#04,s3b_library_attempts,submitted_value,4,1,YES,2,database/007_sprint3b_act1_5_placeholder_flow.sql:L223@s3b_submit_library_code[INSERT positional/all columns]{POSITIONAL_WRITE} ; database/014_sprint3b_evidence_and_puzzle_integrity.sql:L424@s3b_submit_library_code[INSERT explicit column]{DIRECT_OR_COMPUTED},2,database/014_sprint3b_evidence_and_puzzle_integrity.sql:L389@s3b_submit_library_code[SELECT * INTO row] ; database/014_sprint3b_evidence_and_puzzle_integrity.sql:L393@s3b_submit_library_code[qualified/rowtype field reference],0,,0,,0,
F0239,s3b_library_attempts#05,s3b_library_attempts,submitted_at,5,2,NO,2,database/007_sprint3b_act1_5_placeholder_flow.sql:L223@s3b_submit_library_code[INSERT positional/all columns]{POSITIONAL_WRITE} ; database/014_sprint3b_evidence_and_puzzle_integrity.sql:L424@s3b_submit_library_code[INSERT explicit column]{DIRECT_OR_COMPUTED},1,database/014_sprint3b_evidence_and_puzzle_integrity.sql:L389@s3b_submit_library_code[SELECT * INTO row],0,,0,,0,
F0240,s3b_library_attempts#06,s3b_library_attempts,correct,6,1,YES,2,database/007_sprint3b_act1_5_placeholder_flow.sql:L223@s3b_submit_library_code[INSERT positional/all columns]{POSITIONAL_WRITE} ; database/014_sprint3b_evidence_and_puzzle_integrity.sql:L424@s3b_submit_library_code[INSERT explicit column]{DIRECT_OR_COMPUTED},2,database/014_sprint3b_evidence_and_puzzle_integrity.sql:L389@s3b_submit_library_code[SELECT * INTO row] ; database/014_sprint3b_evidence_and_puzzle_integrity.sql:L397@s3b_submit_library_code[qualified/rowtype field reference],0,,1,WRITE:tests/sprint8-final-closure-integrity-transaction.sql:L110@TEST_SQL[UPDATE SET in test]{TEST_WRITE},0,
F0241,s3b_library_attempts#07,s3b_library_attempts,client_request_id,7,8,NO,2,database/007_sprint3b_act1_5_placeholder_flow.sql:L223@s3b_submit_library_code[INSERT positional/all columns]{POSITIONAL_WRITE} ; database/014_sprint3b_evidence_and_puzzle_integrity.sql:L424@s3b_submit_library_code[INSERT explicit column]{DIRECT_OR_COMPUTED},1,database/014_sprint3b_evidence_and_puzzle_integrity.sql:L389@s3b_submit_library_code[SELECT * INTO row],0,,0,,0,
F0242,s3b_player_facts#01,s3b_player_facts,run_id,1,36,NO,19,database/009_sprint3b_act1_consequence_integrity.sql:L29@s3b_apply_act1_consequence[INSERT positional/all columns]{POSITIONAL_WRITE} ; database/009_sprint3b_act1_consequence_integrity.sql:L31@s3b_apply_act1_consequence[INSERT positional/all columns]{POSITIONAL_WRITE} ; database/009_sprint3b_act1_consequence_integrity.sql:L32@s3b_apply_act1_consequence[INSERT positional/all columns]{POSITIONAL_WRITE} ; database/009_sprint3b_act1_consequence_integrity.sql:L33@s3b_apply_act1_consequence[INSERT positional/all columns]{POSITIONAL_WRITE} ; database/009_sprint3b_act1_consequence_integrity.sql:L34@s3b_apply_act1_consequence[INSERT positional/all columns]{POSITIONAL_WRITE} ; database/009_sprint3b_act1_consequence_integrity.sql:L36@s3b_apply_act1_consequence[INSERT positional/all columns]{POSITIONAL_WRITE} ; database/009_sprint3b_act1_consequence_integrity.sql:L38@s3b_apply_act1_consequence[INSERT positional/all columns]{POSITIONAL_WRITE} ; database/009_sprint3b_act1_consequence_integrity.sql:L39@s3b_apply_act1_consequence[INSERT positional/all columns]{POSITIONAL_WRITE} ; database/009_sprint3b_act1_consequence_integrity.sql:L40@s3b_apply_act1_consequence[INSERT positional/all columns]{POSITIONAL_WRITE} ; database/009_sprint3b_act1_consequence_integrity.sql:L41@s3b_apply_act1_consequence[INSERT positional/all columns]{POSITIONAL_WRITE} ; database/009_sprint3b_act1_consequence_integrity.sql:L43@s3b_apply_act1_consequence[INSERT positional/all columns]{POSITIONAL_WRITE} ; database/009_sprint3b_act1_consequence_integrity.sql:L44@s3b_apply_act1_consequence[INSERT positional/all columns]{POSITIONAL_WRITE} ; database/009_sprint3b_act1_consequence_integrity.sql:L45@s3b_apply_act1_consequence[INSERT positional/all columns]{POSITIONAL_WRITE} ; database/009_sprint3b_act1_consequence_integrity.sql:L46@s3b_apply_act1_consequence[INSERT positional/all columns]{POSITIONAL_WRITE} ; database/009_sprint3b_act1_consequence_integrity.sql:L47@s3b_apply_act1_consequence[INSERT positional/all columns]{POSITIONAL_WRITE} ; database/068_package_c_authoritative_pocket_inspection.sql:L31@s9_inspect_pocket_item[INSERT positional/all columns]{POSITIONAL_WRITE} ; database/068_package_c_authoritative_pocket_inspection.sql:L34@s9_inspect_pocket_item[INSERT positional/all columns]{POSITIONAL_WRITE} ; database/068_package_c_authoritative_pocket_inspection.sql:L54@s3_set_item_view[INSERT positional/all columns]{POSITIONAL_WRITE} ; database/068_package_c_authoritative_pocket_inspection.sql:L57@s3_set_item_view[INSERT positional/all columns]{POSITIONAL_WRITE},0,,0,,0,,0,
F0243,s3b_player_facts#02,s3b_player_facts,player_id,2,24,NO,19,database/009_sprint3b_act1_consequence_integrity.sql:L29@s3b_apply_act1_consequence[INSERT positional/all columns]{POSITIONAL_WRITE} ; database/009_sprint3b_act1_consequence_integrity.sql:L31@s3b_apply_act1_consequence[INSERT positional/all columns]{POSITIONAL_WRITE} ; database/009_sprint3b_act1_consequence_integrity.sql:L32@s3b_apply_act1_consequence[INSERT positional/all columns]{POSITIONAL_WRITE} ; database/009_sprint3b_act1_consequence_integrity.sql:L33@s3b_apply_act1_consequence[INSERT positional/all columns]{POSITIONAL_WRITE} ; database/009_sprint3b_act1_consequence_integrity.sql:L34@s3b_apply_act1_consequence[INSERT positional/all columns]{POSITIONAL_WRITE} ; database/009_sprint3b_act1_consequence_integrity.sql:L36@s3b_apply_act1_consequence[INSERT positional/all columns]{POSITIONAL_WRITE} ; database/009_sprint3b_act1_consequence_integrity.sql:L38@s3b_apply_act1_consequence[INSERT positional/all columns]{POSITIONAL_WRITE} ; database/009_sprint3b_act1_consequence_integrity.sql:L39@s3b_apply_act1_consequence[INSERT positional/all columns]{POSITIONAL_WRITE} ; database/009_sprint3b_act1_consequence_integrity.sql:L40@s3b_apply_act1_consequence[INSERT positional/all columns]{POSITIONAL_WRITE} ; database/009_sprint3b_act1_consequence_integrity.sql:L41@s3b_apply_act1_consequence[INSERT positional/all columns]{POSITIONAL_WRITE} ; database/009_sprint3b_act1_consequence_integrity.sql:L43@s3b_apply_act1_consequence[INSERT positional/all columns]{POSITIONAL_WRITE} ; database/009_sprint3b_act1_consequence_integrity.sql:L44@s3b_apply_act1_consequence[INSERT positional/all columns]{POSITIONAL_WRITE} ; database/009_sprint3b_act1_consequence_integrity.sql:L45@s3b_apply_act1_consequence[INSERT positional/all columns]{POSITIONAL_WRITE} ; database/009_sprint3b_act1_consequence_integrity.sql:L46@s3b_apply_act1_consequence[INSERT positional/all columns]{POSITIONAL_WRITE} ; database/009_sprint3b_act1_consequence_integrity.sql:L47@s3b_apply_act1_consequence[INSERT positional/all columns]{POSITIONAL_WRITE} ; database/068_package_c_authoritative_pocket_inspection.sql:L31@s9_inspect_pocket_item[INSERT positional/all columns]{POSITIONAL_WRITE} ; database/068_package_c_authoritative_pocket_inspection.sql:L34@s9_inspect_pocket_item[INSERT positional/all columns]{POSITIONAL_WRITE} ; database/068_package_c_authoritative_pocket_inspection.sql:L54@s3_set_item_view[INSERT positional/all columns]{POSITIONAL_WRITE} ; database/068_package_c_authoritative_pocket_inspection.sql:L57@s3_set_item_view[INSERT positional/all columns]{POSITIONAL_WRITE},0,,0,,0,,0,
F0244,s3b_player_facts#03,s3b_player_facts,fact_key,3,1,YES,19,database/009_sprint3b_act1_consequence_integrity.sql:L29@s3b_apply_act1_consequence[INSERT positional/all columns]{POSITIONAL_WRITE} ; database/009_sprint3b_act1_consequence_integrity.sql:L31@s3b_apply_act1_consequence[INSERT positional/all columns]{POSITIONAL_WRITE} ; database/009_sprint3b_act1_consequence_integrity.sql:L32@s3b_apply_act1_consequence[INSERT positional/all columns]{POSITIONAL_WRITE} ; database/009_sprint3b_act1_consequence_integrity.sql:L33@s3b_apply_act1_consequence[INSERT positional/all columns]{POSITIONAL_WRITE} ; database/009_sprint3b_act1_consequence_integrity.sql:L34@s3b_apply_act1_consequence[INSERT positional/all columns]{POSITIONAL_WRITE} ; database/009_sprint3b_act1_consequence_integrity.sql:L36@s3b_apply_act1_consequence[INSERT positional/all columns]{POSITIONAL_WRITE} ; database/009_sprint3b_act1_consequence_integrity.sql:L38@s3b_apply_act1_consequence[INSERT positional/all columns]{POSITIONAL_WRITE} ; database/009_sprint3b_act1_consequence_integrity.sql:L39@s3b_apply_act1_consequence[INSERT positional/all columns]{POSITIONAL_WRITE} ; database/009_sprint3b_act1_consequence_integrity.sql:L40@s3b_apply_act1_consequence[INSERT positional/all columns]{POSITIONAL_WRITE} ; database/009_sprint3b_act1_consequence_integrity.sql:L41@s3b_apply_act1_consequence[INSERT positional/all columns]{POSITIONAL_WRITE} ; database/009_sprint3b_act1_consequence_integrity.sql:L43@s3b_apply_act1_consequence[INSERT positional/all columns]{POSITIONAL_WRITE} ; database/009_sprint3b_act1_consequence_integrity.sql:L44@s3b_apply_act1_consequence[INSERT positional/all columns]{POSITIONAL_WRITE} ; database/009_sprint3b_act1_consequence_integrity.sql:L45@s3b_apply_act1_consequence[INSERT positional/all columns]{POSITIONAL_WRITE} ; database/009_sprint3b_act1_consequence_integrity.sql:L46@s3b_apply_act1_consequence[INSERT positional/all columns]{POSITIONAL_WRITE} ; database/009_sprint3b_act1_consequence_integrity.sql:L47@s3b_apply_act1_consequence[INSERT positional/all columns]{POSITIONAL_WRITE} ; database/068_package_c_authoritative_pocket_inspection.sql:L31@s9_inspect_pocket_item[INSERT positional/all columns]{POSITIONAL_WRITE} ; database/068_package_c_authoritative_pocket_inspection.sql:L34@s9_inspect_pocket_item[INSERT positional/all columns]{POSITIONAL_WRITE} ; database/068_package_c_authoritative_pocket_inspection.sql:L54@s3_set_item_view[INSERT positional/all columns]{POSITIONAL_WRITE} ; database/068_package_c_authoritative_pocket_inspection.sql:L57@s3_set_item_view[INSERT positional/all columns]{POSITIONAL_WRITE},0,,0,,0,,0,
F0245,s3b_player_facts#04,s3b_player_facts,discovered_at,4,2,NO,19,database/009_sprint3b_act1_consequence_integrity.sql:L29@s3b_apply_act1_consequence[INSERT positional/all columns]{POSITIONAL_WRITE} ; database/009_sprint3b_act1_consequence_integrity.sql:L31@s3b_apply_act1_consequence[INSERT positional/all columns]{POSITIONAL_WRITE} ; database/009_sprint3b_act1_consequence_integrity.sql:L32@s3b_apply_act1_consequence[INSERT positional/all columns]{POSITIONAL_WRITE} ; database/009_sprint3b_act1_consequence_integrity.sql:L33@s3b_apply_act1_consequence[INSERT positional/all columns]{POSITIONAL_WRITE} ; database/009_sprint3b_act1_consequence_integrity.sql:L34@s3b_apply_act1_consequence[INSERT positional/all columns]{POSITIONAL_WRITE} ; database/009_sprint3b_act1_consequence_integrity.sql:L36@s3b_apply_act1_consequence[INSERT positional/all columns]{POSITIONAL_WRITE} ; database/009_sprint3b_act1_consequence_integrity.sql:L38@s3b_apply_act1_consequence[INSERT positional/all columns]{POSITIONAL_WRITE} ; database/009_sprint3b_act1_consequence_integrity.sql:L39@s3b_apply_act1_consequence[INSERT positional/all columns]{POSITIONAL_WRITE} ; database/009_sprint3b_act1_consequence_integrity.sql:L40@s3b_apply_act1_consequence[INSERT positional/all columns]{POSITIONAL_WRITE} ; database/009_sprint3b_act1_consequence_integrity.sql:L41@s3b_apply_act1_consequence[INSERT positional/all columns]{POSITIONAL_WRITE} ; database/009_sprint3b_act1_consequence_integrity.sql:L43@s3b_apply_act1_consequence[INSERT positional/all columns]{POSITIONAL_WRITE} ; database/009_sprint3b_act1_consequence_integrity.sql:L44@s3b_apply_act1_consequence[INSERT positional/all columns]{POSITIONAL_WRITE} ; database/009_sprint3b_act1_consequence_integrity.sql:L45@s3b_apply_act1_consequence[INSERT positional/all columns]{POSITIONAL_WRITE} ; database/009_sprint3b_act1_consequence_integrity.sql:L46@s3b_apply_act1_consequence[INSERT positional/all columns]{POSITIONAL_WRITE} ; database/009_sprint3b_act1_consequence_integrity.sql:L47@s3b_apply_act1_consequence[INSERT positional/all columns]{POSITIONAL_WRITE} ; database/068_package_c_authoritative_pocket_inspection.sql:L31@s9_inspect_pocket_item[INSERT positional/all columns]{POSITIONAL_WRITE} ; database/068_package_c_authoritative_pocket_inspection.sql:L34@s9_inspect_pocket_item[INSERT positional/all columns]{POSITIONAL_WRITE} ; database/068_package_c_authoritative_pocket_inspection.sql:L54@s3_set_item_view[INSERT positional/all columns]{POSITIONAL_WRITE} ; database/068_package_c_authoritative_pocket_inspection.sql:L57@s3_set_item_view[INSERT positional/all columns]{POSITIONAL_WRITE},0,,0,,0,,0,
F0246,s3b_player_progress#01,s3b_player_progress,run_id,1,36,NO,1,database/007_sprint3b_act1_5_placeholder_flow.sql:L78@s3b_initialize_flow[INSERT explicit column]{DIRECT_OR_COMPUTED},15,database/007_sprint3b_act1_5_placeholder_flow.sql:L286@s3b_get_player_state[to_jsonb(row) exposes field] ; database/007_sprint3b_act1_5_placeholder_flow.sql:L288@s3b_get_player_state[qualified/rowtype field reference] ; database/007_sprint3b_act1_5_placeholder_flow.sql:L290@s3b_get_player_state[qualified/rowtype field reference] ; database/011_sprint3b_transition_and_act1_delivery_integrity.sql:L111@s3b_get_player_state[qualified/rowtype field reference] ; database/011_sprint3b_transition_and_act1_delivery_integrity.sql:L32@s3b_initialize_flow[qualified/rowtype field reference] ; database/014b_sprint3b_targeted_closure_corrections.sql:L34@s3b_initialize_flow[qualified/rowtype field reference] ; database/017_sprint3c_override_act2_entry_correction.sql:L27@s3b_submit_first_meeting[SELECT * INTO row] ; database/043_sprint7_teacher_console.sql:L59@s7_get_teacher_console[qualified/rowtype field reference] ; database/044_sprint7_focused_level1_corrections.sql:L55@s7_get_teacher_console[qualified/rowtype field reference] ; database/052_sprint8_exact_player_override_accounting.sql:L20@s8_verify_integrity[qualified/rowtype field reference] ; database/052_sprint8_exact_player_override_accounting.sql:L33@s8_verify_integrity[qualified/rowtype field reference] ; database/052_sprint8_exact_player_override_accounting.sql:L46@s8_verify_integrity[qualified/rowtype field reference] ; database/060_package_a_ca_a_bounded_corrections.sql:L84@s9_enter_act6[SELECT * INTO row] ; database/061_package_a_act6_entry_timer_barrier.sql:L59@s9_enter_act6[SELECT * INTO row] ; database/063_package_a_player_entry_column_fix.sql:L34@s9_enter_act6[SELECT * INTO row],0,,2,READ:tests/sprint8-final-closure-integrity-transaction.sql:L120@TEST_SQL[bare field in single test statement] ; READ:tests/sprint8-final-closure-integrity-transaction.sql:L87@TEST_SQL[bare field in single test statement],22,database/008_sprint3b_gate_concurrency_fix.sql:L11@s3b_lock_run_for_player_progress[NEW.field trigger reference; read/write not mechanically determined] ; database/009_sprint3b_act1_consequence_integrity.sql:L29@s3b_apply_act1_consequence[NEW.field trigger reference; read/write not mechanically determined] ; database/009_sprint3b_act1_consequence_integrity.sql:L30@s3b_apply_act1_consequence[NEW.field trigger reference; read/write not mechanically determined] ; database/009_sprint3b_act1_consequence_integrity.sql:L31@s3b_apply_act1_consequence[NEW.field trigger reference; read/write not mechanically determined] ; database/009_sprint3b_act1_consequence_integrity.sql:L32@s3b_apply_act1_consequence[NEW.field trigger reference; read/write not mechanically determined] ; database/009_sprint3b_act1_consequence_integrity.sql:L33@s3b_apply_act1_consequence[NEW.field trigger reference; read/write not mechanically determined] ; database/009_sprint3b_act1_consequence_integrity.sql:L34@s3b_apply_act1_consequence[NEW.field trigger reference; read/write not mechanically determined] ; database/009_sprint3b_act1_consequence_integrity.sql:L36@s3b_apply_act1_consequence[NEW.field trigger reference; read/write not mechanically determined] ; database/009_sprint3b_act1_consequence_integrity.sql:L37@s3b_apply_act1_consequence[NEW.field trigger reference; read/write not mechanically determined] ; database/009_sprint3b_act1_consequence_integrity.sql:L38@s3b_apply_act1_consequence[NEW.field trigger reference; read/write not mechanically determined] ; database/009_sprint3b_act1_consequence_integrity.sql:L39@s3b_apply_act1_consequence[NEW.field trigger reference; read/write not mechanically determined] ; database/009_sprint3b_act1_consequence_integrity.sql:L40@s3b_apply_act1_consequence[NEW.field trigger reference; read/write not mechanically determined] ; database/009_sprint3b_act1_consequence_integrity.sql:L41@s3b_apply_act1_consequence[NEW.field trigger reference; read/write not mechanically determined] ; database/009_sprint3b_act1_consequence_integrity.sql:L43@s3b_apply_act1_consequence[NEW.field trigger reference; read/write not mechanically determined] ; database/009_sprint3b_act1_consequence_integrity.sql:L44@s3b_apply_act1_consequence[NEW.field trigger reference; read/write not mechanically determined] ; database/009_sprint3b_act1_consequence_integrity.sql:L45@s3b_apply_act1_consequence[NEW.field trigger reference; read/write not mechanically determined] ; database/009_sprint3b_act1_consequence_integrity.sql:L46@s3b_apply_act1_consequence[NEW.field trigger reference; read/write not mechanically determined] ; database/009_sprint3b_act1_consequence_integrity.sql:L47@s3b_apply_act1_consequence[NEW.field trigger reference; read/write not mechanically determined] ; database/009_sprint3b_act1_consequence_integrity.sql:L59@s3b_add_optional_grab_item[NEW.field trigger reference; read/write not mechanically determined] ; database/009_sprint3b_act1_consequence_integrity.sql:L60@s3b_add_optional_grab_item[NEW.field trigger reference; read/write not mechanically determined] ; database/009_sprint3b_act1_consequence_integrity.sql:L61@s3b_add_optional_grab_item[NEW.field trigger reference; read/write not mechanically determined] ; database/010_sprint3b_flow_integrity_and_inspect_fix.sql:L41@s3b_guard_player_progress_phase[NEW.field trigger reference; read/write not mechanically determined]
F0247,s3b_player_progress#02,s3b_player_progress,player_id,2,24,NO,1,database/007_sprint3b_act1_5_placeholder_flow.sql:L78@s3b_initialize_flow[INSERT explicit column]{DIRECT_OR_COMPUTED},15,database/007_sprint3b_act1_5_placeholder_flow.sql:L286@s3b_get_player_state[to_jsonb(row) exposes field] ; database/011_sprint3b_transition_and_act1_delivery_integrity.sql:L32@s3b_initialize_flow[qualified/rowtype field reference] ; database/014b_sprint3b_targeted_closure_corrections.sql:L34@s3b_initialize_flow[qualified/rowtype field reference] ; database/017_sprint3c_override_act2_entry_correction.sql:L27@s3b_submit_first_meeting[SELECT * INTO row] ; database/043_sprint7_teacher_console.sql:L59@s7_get_teacher_console[qualified/rowtype field reference] ; database/044_sprint7_focused_level1_corrections.sql:L55@s7_get_teacher_console[qualified/rowtype field reference] ; database/052_sprint8_exact_player_override_accounting.sql:L16@s8_verify_integrity[qualified/rowtype field reference] ; database/052_sprint8_exact_player_override_accounting.sql:L18@s8_verify_integrity[qualified/rowtype field reference] ; database/052_sprint8_exact_player_override_accounting.sql:L29@s8_verify_integrity[qualified/rowtype field reference] ; database/052_sprint8_exact_player_override_accounting.sql:L31@s8_verify_integrity[qualified/rowtype field reference] ; database/052_sprint8_exact_player_override_accounting.sql:L42@s8_verify_integrity[qualified/rowtype field reference] ; database/052_sprint8_exact_player_override_accounting.sql:L44@s8_verify_integrity[qualified/rowtype field reference] ; database/060_package_a_ca_a_bounded_corrections.sql:L84@s9_enter_act6[SELECT * INTO row] ; database/061_package_a_act6_entry_timer_barrier.sql:L59@s9_enter_act6[SELECT * INTO row] ; database/063_package_a_player_entry_column_fix.sql:L34@s9_enter_act6[SELECT * INTO row],0,,2,READ:tests/sprint8-final-closure-integrity-transaction.sql:L120@TEST_SQL[bare field in single test statement] ; READ:tests/sprint8-final-closure-integrity-transaction.sql:L87@TEST_SQL[bare field in single test statement],21,database/009_sprint3b_act1_consequence_integrity.sql:L26@s3b_apply_act1_consequence[NEW.field trigger reference; read/write not mechanically determined] ; database/009_sprint3b_act1_consequence_integrity.sql:L29@s3b_apply_act1_consequence[NEW.field trigger reference; read/write not mechanically determined] ; database/009_sprint3b_act1_consequence_integrity.sql:L30@s3b_apply_act1_consequence[NEW.field trigger reference; read/write not mechanically determined] ; database/009_sprint3b_act1_consequence_integrity.sql:L31@s3b_apply_act1_consequence[NEW.field trigger reference; read/write not mechanically determined] ; database/009_sprint3b_act1_consequence_integrity.sql:L32@s3b_apply_act1_consequence[NEW.field trigger reference; read/write not mechanically determined] ; database/009_sprint3b_act1_consequence_integrity.sql:L33@s3b_apply_act1_consequence[NEW.field trigger reference; read/write not mechanically determined] ; database/009_sprint3b_act1_consequence_integrity.sql:L34@s3b_apply_act1_consequence[NEW.field trigger reference; read/write not mechanically determined] ; database/009_sprint3b_act1_consequence_integrity.sql:L36@s3b_apply_act1_consequence[NEW.field trigger reference; read/write not mechanically determined] ; database/009_sprint3b_act1_consequence_integrity.sql:L37@s3b_apply_act1_consequence[NEW.field trigger reference; read/write not mechanically determined] ; database/009_sprint3b_act1_consequence_integrity.sql:L38@s3b_apply_act1_consequence[NEW.field trigger reference; read/write not mechanically determined] ; database/009_sprint3b_act1_consequence_integrity.sql:L39@s3b_apply_act1_consequence[NEW.field trigger reference; read/write not mechanically determined] ; database/009_sprint3b_act1_consequence_integrity.sql:L40@s3b_apply_act1_consequence[NEW.field trigger reference; read/write not mechanically determined] ; database/009_sprint3b_act1_consequence_integrity.sql:L41@s3b_apply_act1_consequence[NEW.field trigger reference; read/write not mechanically determined] ; database/009_sprint3b_act1_consequence_integrity.sql:L43@s3b_apply_act1_consequence[NEW.field trigger reference; read/write not mechanically determined] ; database/009_sprint3b_act1_consequence_integrity.sql:L44@s3b_apply_act1_consequence[NEW.field trigger reference; read/write not mechanically determined] ; database/009_sprint3b_act1_consequence_integrity.sql:L45@s3b_apply_act1_consequence[NEW.field trigger reference; read/write not mechanically determined] ; database/009_sprint3b_act1_consequence_integrity.sql:L46@s3b_apply_act1_consequence[NEW.field trigger reference; read/write not mechanically determined] ; database/009_sprint3b_act1_consequence_integrity.sql:L47@s3b_apply_act1_consequence[NEW.field trigger reference; read/write not mechanically determined] ; database/009_sprint3b_act1_consequence_integrity.sql:L59@s3b_add_optional_grab_item[NEW.field trigger reference; read/write not mechanically determined] ; database/009_sprint3b_act1_consequence_integrity.sql:L60@s3b_add_optional_grab_item[NEW.field trigger reference; read/write not mechanically determined] ; database/009_sprint3b_act1_consequence_integrity.sql:L61@s3b_add_optional_grab_item[NEW.field trigger reference; read/write not mechanically determined]
F0248,s3b_player_progress#03,s3b_player_progress,act1_choice_id,3,1,YES,2,database/007_sprint3b_act1_5_placeholder_flow.sql:L94@s3b_submit_act1_choice[UPDATE SET]{DIRECT_OR_COMPUTED} ; database/011_sprint3b_transition_and_act1_delivery_integrity.sql:L55@s3b_submit_act1_choice[UPDATE SET]{DIRECT_OR_COMPUTED},16,database/007_sprint3b_act1_5_placeholder_flow.sql:L286@s3b_get_player_state[to_jsonb(row) exposes field] ; database/009_sprint3b_act1_consequence_integrity.sql:L25@s3b_apply_act1_consequence[OLD.field trigger reference] ; database/010_sprint3b_flow_integrity_and_inspect_fix.sql:L42@s3b_guard_player_progress_phase[OLD.field trigger reference] ; database/017_sprint3c_override_act2_entry_correction.sql:L27@s3b_submit_first_meeting[SELECT * INTO row] ; database/043_sprint7_teacher_console.sql:L46@s7_get_teacher_console[qualified/rowtype field reference] ; database/043_sprint7_teacher_console.sql:L57@s7_get_teacher_console[qualified/rowtype field reference] ; database/044_sprint7_focused_level1_corrections.sql:L36@s7_get_teacher_console[qualified/rowtype field reference] ; database/044_sprint7_focused_level1_corrections.sql:L45@s7_get_teacher_console[qualified/rowtype field reference] ; database/044_sprint7_focused_level1_corrections.sql:L49@s7_get_teacher_console[qualified/rowtype field reference] ; database/044_sprint7_focused_level1_corrections.sql:L53@s7_get_teacher_console[qualified/rowtype field reference] ; database/052_sprint8_exact_player_override_accounting.sql:L14@s8_verify_integrity[qualified/rowtype field reference] ; database/052_sprint8_exact_player_override_accounting.sql:L15@s8_verify_integrity[qualified/rowtype field reference] ; database/052_sprint8_exact_player_override_accounting.sql:L17@s8_verify_integrity[qualified/rowtype field reference] ; database/060_package_a_ca_a_bounded_corrections.sql:L84@s9_enter_act6[SELECT * INTO row] ; database/061_package_a_act6_entry_timer_barrier.sql:L59@s9_enter_act6[SELECT * INTO row] ; database/063_package_a_player_entry_column_fix.sql:L34@s9_enter_act6[SELECT * INTO row],2,MEDIUM:tests/sprint3b-live-e2e.js:L31@main[property-name reference] ; MEDIUM:tests/sprint3c-live-e2e.js:L16@main[property-name reference],2,READ:tests/sprint8-final-closure-integrity-transaction.sql:L87@TEST_SQL[bare field in single test statement] ; WRITE:tests/sprint8-final-closure-integrity-transaction.sql:L84@TEST_SQL[UPDATE SET in test]{TEST_WRITE},14,database/009_sprint3b_act1_consequence_integrity.sql:L25@s3b_apply_act1_consequence[NEW.field trigger reference; read/write not mechanically determined] ; database/009_sprint3b_act1_consequence_integrity.sql:L31@s3b_apply_act1_consequence[NEW.field trigger reference; read/write not mechanically determined] ; database/009_sprint3b_act1_consequence_integrity.sql:L32@s3b_apply_act1_consequence[NEW.field trigger reference; read/write not mechanically determined] ; database/009_sprint3b_act1_consequence_integrity.sql:L33@s3b_apply_act1_consequence[NEW.field trigger reference; read/write not mechanically determined] ; database/009_sprint3b_act1_consequence_integrity.sql:L34@s3b_apply_act1_consequence[NEW.field trigger reference; read/write not mechanically determined] ; database/009_sprint3b_act1_consequence_integrity.sql:L38@s3b_apply_act1_consequence[NEW.field trigger reference; read/write not mechanically determined] ; database/009_sprint3b_act1_consequence_integrity.sql:L39@s3b_apply_act1_consequence[NEW.field trigger reference; read/write not mechanically determined] ; database/009_sprint3b_act1_consequence_integrity.sql:L40@s3b_apply_act1_consequence[NEW.field trigger reference; read/write not mechanically determined] ; database/009_sprint3b_act1_consequence_integrity.sql:L41@s3b_apply_act1_consequence[NEW.field trigger reference; read/write not mechanically determined] ; database/009_sprint3b_act1_consequence_integrity.sql:L44@s3b_apply_act1_consequence[NEW.field trigger reference; read/write not mechanically determined] ; database/009_sprint3b_act1_consequence_integrity.sql:L45@s3b_apply_act1_consequence[NEW.field trigger reference; read/write not mechanically determined] ; database/009_sprint3b_act1_consequence_integrity.sql:L46@s3b_apply_act1_consequence[NEW.field trigger reference; read/write not mechanically determined] ; database/009_sprint3b_act1_consequence_integrity.sql:L47@s3b_apply_act1_consequence[NEW.field trigger reference; read/write not mechanically determined] ; database/010_sprint3b_flow_integrity_and_inspect_fix.sql:L42@s3b_guard_player_progress_phase[NEW.field trigger reference; read/write not mechanically determined]
F0249,s3b_player_progress#04,s3b_player_progress,act1_locked_at,4,1,YES,2,database/007_sprint3b_act1_5_placeholder_flow.sql:L94@s3b_submit_act1_choice[UPDATE SET]{DIRECT_OR_COMPUTED} ; database/011_sprint3b_transition_and_act1_delivery_integrity.sql:L55@s3b_submit_act1_choice[UPDATE SET]{DIRECT_OR_COMPUTED},8,database/007_sprint3b_act1_5_placeholder_flow.sql:L286@s3b_get_player_state[to_jsonb(row) exposes field] ; database/017_sprint3c_override_act2_entry_correction.sql:L27@s3b_submit_first_meeting[SELECT * INTO row] ; database/052_sprint8_exact_player_override_accounting.sql:L14@s8_verify_integrity[qualified/rowtype field reference] ; database/052_sprint8_exact_player_override_accounting.sql:L15@s8_verify_integrity[qualified/rowtype field reference] ; database/052_sprint8_exact_player_override_accounting.sql:L17@s8_verify_integrity[qualified/rowtype field reference] ; database/060_package_a_ca_a_bounded_corrections.sql:L84@s9_enter_act6[SELECT * INTO row] ; database/061_package_a_act6_entry_timer_barrier.sql:L59@s9_enter_act6[SELECT * INTO row] ; database/063_package_a_player_entry_column_fix.sql:L34@s9_enter_act6[SELECT * INTO row],0,,2,READ:tests/sprint8-final-closure-integrity-transaction.sql:L87@TEST_SQL[bare field in single test statement] ; WRITE:tests/sprint8-final-closure-integrity-transaction.sql:L84@TEST_SQL[UPDATE SET in test]{TEST_WRITE},0,
F0250,s3b_player_progress#05,s3b_player_progress,first_meeting_choice,5,1,YES,2,database/007_sprint3b_act1_5_placeholder_flow.sql:L109@s3b_submit_first_meeting[UPDATE SET]{DIRECT_OR_COMPUTED} ; database/017_sprint3c_override_act2_entry_correction.sql:L42@s3b_submit_first_meeting[UPDATE SET]{DIRECT_OR_COMPUTED},18,database/007_sprint3b_act1_5_placeholder_flow.sql:L286@s3b_get_player_state[to_jsonb(row) exposes field] ; database/007_sprint3b_act1_5_placeholder_flow.sql:L288@s3b_get_player_state[qualified/rowtype field reference] ; database/010_sprint3b_flow_integrity_and_inspect_fix.sql:L43@s3b_guard_player_progress_phase[OLD.field trigger reference] ; database/011_sprint3b_transition_and_act1_delivery_integrity.sql:L111@s3b_get_player_state[qualified/rowtype field reference] ; database/017_sprint3c_override_act2_entry_correction.sql:L27@s3b_submit_first_meeting[SELECT * INTO row] ; database/017_sprint3c_override_act2_entry_correction.sql:L30@s3b_submit_first_meeting[qualified/rowtype field reference] ; database/043_sprint7_teacher_console.sql:L47@s7_get_teacher_console[qualified/rowtype field reference] ; database/043_sprint7_teacher_console.sql:L57@s7_get_teacher_console[qualified/rowtype field reference] ; database/044_sprint7_focused_level1_corrections.sql:L37@s7_get_teacher_console[qualified/rowtype field reference] ; database/044_sprint7_focused_level1_corrections.sql:L45@s7_get_teacher_console[qualified/rowtype field reference] ; database/044_sprint7_focused_level1_corrections.sql:L49@s7_get_teacher_console[qualified/rowtype field reference] ; database/044_sprint7_focused_level1_corrections.sql:L53@s7_get_teacher_console[qualified/rowtype field reference] ; database/052_sprint8_exact_player_override_accounting.sql:L27@s8_verify_integrity[qualified/rowtype field reference] ; database/052_sprint8_exact_player_override_accounting.sql:L28@s8_verify_integrity[qualified/rowtype field reference] ; database/052_sprint8_exact_player_override_accounting.sql:L30@s8_verify_integrity[qualified/rowtype field reference] ; database/060_package_a_ca_a_bounded_corrections.sql:L84@s9_enter_act6[SELECT * INTO row] ; database/061_package_a_act6_entry_timer_barrier.sql:L59@s9_enter_act6[SELECT * INTO row] ; database/063_package_a_player_entry_column_fix.sql:L34@s9_enter_act6[SELECT * INTO row],0,,0,,1,database/010_sprint3b_flow_integrity_and_inspect_fix.sql:L43@s3b_guard_player_progress_phase[NEW.field trigger reference; read/write not mechanically determined]
F0251,s3b_player_progress#06,s3b_player_progress,first_meeting_locked_at,6,1,YES,2,database/007_sprint3b_act1_5_placeholder_flow.sql:L109@s3b_submit_first_meeting[UPDATE SET]{DIRECT_OR_COMPUTED} ; database/017_sprint3c_override_act2_entry_correction.sql:L42@s3b_submit_first_meeting[UPDATE SET]{DIRECT_OR_COMPUTED},8,database/007_sprint3b_act1_5_placeholder_flow.sql:L286@s3b_get_player_state[to_jsonb(row) exposes field] ; database/017_sprint3c_override_act2_entry_correction.sql:L27@s3b_submit_first_meeting[SELECT * INTO row] ; database/052_sprint8_exact_player_override_accounting.sql:L27@s8_verify_integrity[qualified/rowtype field reference] ; database/052_sprint8_exact_player_override_accounting.sql:L28@s8_verify_integrity[qualified/rowtype field reference] ; database/052_sprint8_exact_player_override_accounting.sql:L30@s8_verify_integrity[qualified/rowtype field reference] ; database/060_package_a_ca_a_bounded_corrections.sql:L84@s9_enter_act6[SELECT * INTO row] ; database/061_package_a_act6_entry_timer_barrier.sql:L59@s9_enter_act6[SELECT * INTO row] ; database/063_package_a_player_entry_column_fix.sql:L34@s9_enter_act6[SELECT * INTO row],2,MEDIUM:src/game/app.js:L341@renderSprint3b[property-name reference] ; MEDIUM:tests/structural-package-b-live-e2e.js:L34@completeEarlyActs[property-name reference],0,,0,
F0252,s3b_player_progress#07,s3b_player_progress,grab_complete,7,1,YES,3,database/007_sprint3b_act1_5_placeholder_flow.sql:L125@s3b_grab[UPDATE SET]{DIRECT_OR_COMPUTED} ; database/054_level3_integrated_closure.sql:L46@teacher_apply_override[UPDATE SET]{DIRECT_OR_COMPUTED} ; database/054_level3_integrated_closure.sql:L48@teacher_apply_override[UPDATE SET]{DIRECT_OR_COMPUTED},7,database/007_sprint3b_act1_5_placeholder_flow.sql:L286@s3b_get_player_state[to_jsonb(row) exposes field] ; database/009_sprint3b_act1_consequence_integrity.sql:L59@s3b_add_optional_grab_item[OLD.field trigger reference] ; database/010_sprint3b_flow_integrity_and_inspect_fix.sql:L44@s3b_guard_player_progress_phase[OLD.field trigger reference] ; database/017_sprint3c_override_act2_entry_correction.sql:L27@s3b_submit_first_meeting[SELECT * INTO row] ; database/060_package_a_ca_a_bounded_corrections.sql:L84@s9_enter_act6[SELECT * INTO row] ; database/061_package_a_act6_entry_timer_barrier.sql:L59@s9_enter_act6[SELECT * INTO row] ; database/063_package_a_player_entry_column_fix.sql:L34@s9_enter_act6[SELECT * INTO row],2,MEDIUM:src/game/app.js:L342@renderSprint3b[property-name reference] ; MEDIUM:tests/structural-package-b-live-e2e.js:L35@completeEarlyActs[property-name reference],0,,2,database/009_sprint3b_act1_consequence_integrity.sql:L59@s3b_add_optional_grab_item[NEW.field trigger reference; read/write not mechanically determined] ; database/010_sprint3b_flow_integrity_and_inspect_fix.sql:L44@s3b_guard_player_progress_phase[NEW.field trigger reference; read/write not mechanically determined]
F0253,s3b_player_progress#08,s3b_player_progress,left_start_room,8,1,YES,3,database/007_sprint3b_act1_5_placeholder_flow.sql:L134@s3b_leave_start_room[UPDATE SET]{DIRECT_OR_COMPUTED} ; database/054_level3_integrated_closure.sql:L46@teacher_apply_override[UPDATE SET]{DIRECT_OR_COMPUTED} ; database/054_level3_integrated_closure.sql:L48@teacher_apply_override[UPDATE SET]{DIRECT_OR_COMPUTED},6,database/007_sprint3b_act1_5_placeholder_flow.sql:L286@s3b_get_player_state[to_jsonb(row) exposes field] ; database/010_sprint3b_flow_integrity_and_inspect_fix.sql:L45@s3b_guard_player_progress_phase[OLD.field trigger reference] ; database/017_sprint3c_override_act2_entry_correction.sql:L27@s3b_submit_first_meeting[SELECT * INTO row] ; database/060_package_a_ca_a_bounded_corrections.sql:L84@s9_enter_act6[SELECT * INTO row] ; database/061_package_a_act6_entry_timer_barrier.sql:L59@s9_enter_act6[SELECT * INTO row] ; database/063_package_a_player_entry_column_fix.sql:L34@s9_enter_act6[SELECT * INTO row],2,MEDIUM:src/game/app.js:L343@renderSprint3b[property-name reference] ; MEDIUM:tests/structural-package-b-live-e2e.js:L41@completeEarlyActs[property-name reference],0,,1,database/010_sprint3b_flow_integrity_and_inspect_fix.sql:L45@s3b_guard_player_progress_phase[NEW.field trigger reference; read/write not mechanically determined]
F0254,s3b_player_progress#09,s3b_player_progress,player_location,9,1,YES,8,database/007_sprint3b_act1_5_placeholder_flow.sql:L134@s3b_leave_start_room[UPDATE SET]{DIRECT_OR_COMPUTED} ; database/007_sprint3b_act1_5_placeholder_flow.sql:L185@s3b_follow_sign[UPDATE SET]{DIRECT_OR_COMPUTED} ; database/054_level3_integrated_closure.sql:L46@teacher_apply_override[UPDATE SET]{DIRECT_OR_COMPUTED} ; database/054_level3_integrated_closure.sql:L48@teacher_apply_override[UPDATE SET]{DIRECT_OR_COMPUTED} ; database/054_level3_integrated_closure.sql:L75@teacher_apply_override[UPDATE SET]{DIRECT_OR_COMPUTED} ; database/060_package_a_ca_a_bounded_corrections.sql:L91@s9_enter_act6[UPDATE SET]{DIRECT_OR_COMPUTED} ; database/061_package_a_act6_entry_timer_barrier.sql:L66@s9_enter_act6[UPDATE SET]{DIRECT_OR_COMPUTED} ; database/063_package_a_player_entry_column_fix.sql:L41@s9_enter_act6[UPDATE SET]{DIRECT_OR_COMPUTED},8,database/007_sprint3b_act1_5_placeholder_flow.sql:L286@s3b_get_player_state[to_jsonb(row) exposes field] ; database/010_sprint3b_flow_integrity_and_inspect_fix.sql:L46@s3b_guard_player_progress_phase[OLD.field trigger reference] ; database/017_sprint3c_override_act2_entry_correction.sql:L27@s3b_submit_first_meeting[SELECT * INTO row] ; database/043_sprint7_teacher_console.sql:L44@s7_get_teacher_console[qualified/rowtype field reference] ; database/044_sprint7_focused_level1_corrections.sql:L34@s7_get_teacher_console[qualified/rowtype field reference] ; database/060_package_a_ca_a_bounded_corrections.sql:L84@s9_enter_act6[SELECT * INTO row] ; database/061_package_a_act6_entry_timer_barrier.sql:L59@s9_enter_act6[SELECT * INTO row] ; database/063_package_a_player_entry_column_fix.sql:L34@s9_enter_act6[SELECT * INTO row],10,MEDIUM:src/game/app.js:L348@renderSprint3b[property-name reference] ; MEDIUM:src/game/app.js:L349@renderSprint3b[property-name reference] ; MEDIUM:src/teacher/teacher-console.js:L270@renderOperationsState[property-name reference] ; MEDIUM:tests/package-a-ca-a-corrections-live-e2e.js:L22@main[property-name reference] ; MEDIUM:tests/package-a-ca-a-corrections-live-e2e.js:L34@main[property-name reference] ; MEDIUM:tests/package-a-ca-a-corrections-live-e2e.js:L35@main[property-name reference] ; MEDIUM:tests/package-a-ca-a-corrections-live-e2e.js:L36@main[property-name reference] ; MEDIUM:tests/package-a-ca-a-corrections-live-e2e.js:L45@main[property-name reference] ; MEDIUM:tests/structural-package-b-live-e2e.js:L53@completeEarlyActs[property-name reference] ; MEDIUM:tests/structural-package-b-static-check.js:L11@assert[property-name reference],0,,1,database/010_sprint3b_flow_integrity_and_inspect_fix.sql:L46@s3b_guard_player_progress_phase[NEW.field trigger reference; read/write not mechanically determined]
F0255,s3b_player_progress#10,s3b_player_progress,act4_choice_id,10,1,YES,1,database/007_sprint3b_act1_5_placeholder_flow.sql:L240@s3b_submit_act4_choice[UPDATE SET]{DIRECT_OR_COMPUTED},16,database/007_sprint3b_act1_5_placeholder_flow.sql:L286@s3b_get_player_state[to_jsonb(row) exposes field] ; database/007_sprint3b_act1_5_placeholder_flow.sql:L290@s3b_get_player_state[qualified/rowtype field reference] ; database/010_sprint3b_flow_integrity_and_inspect_fix.sql:L47@s3b_guard_player_progress_phase[OLD.field trigger reference] ; database/017_sprint3c_override_act2_entry_correction.sql:L27@s3b_submit_first_meeting[SELECT * INTO row] ; database/043_sprint7_teacher_console.sql:L48@s7_get_teacher_console[qualified/rowtype field reference] ; database/043_sprint7_teacher_console.sql:L57@s7_get_teacher_console[qualified/rowtype field reference] ; database/044_sprint7_focused_level1_corrections.sql:L38@s7_get_teacher_console[qualified/rowtype field reference] ; database/044_sprint7_focused_level1_corrections.sql:L46@s7_get_teacher_console[qualified/rowtype field reference] ; database/044_sprint7_focused_level1_corrections.sql:L50@s7_get_teacher_console[qualified/rowtype field reference] ; database/044_sprint7_focused_level1_corrections.sql:L53@s7_get_teacher_console[qualified/rowtype field reference] ; database/052_sprint8_exact_player_override_accounting.sql:L40@s8_verify_integrity[qualified/rowtype field reference] ; database/052_sprint8_exact_player_override_accounting.sql:L41@s8_verify_integrity[qualified/rowtype field reference] ; database/052_sprint8_exact_player_override_accounting.sql:L43@s8_verify_integrity[qualified/rowtype field reference] ; database/060_package_a_ca_a_bounded_corrections.sql:L84@s9_enter_act6[SELECT * INTO row] ; database/061_package_a_act6_entry_timer_barrier.sql:L59@s9_enter_act6[SELECT * INTO row] ; database/063_package_a_player_entry_column_fix.sql:L34@s9_enter_act6[SELECT * INTO row],0,,2,READ:tests/sprint8-final-closure-integrity-transaction.sql:L120@TEST_SQL[bare field in single test statement] ; WRITE:tests/sprint8-final-closure-integrity-transaction.sql:L117@TEST_SQL[UPDATE SET in test]{TEST_WRITE},1,database/010_sprint3b_flow_integrity_and_inspect_fix.sql:L47@s3b_guard_player_progress_phase[NEW.field trigger reference; read/write not mechanically determined]
F0256,s3b_player_progress#11,s3b_player_progress,act4_locked_at,11,1,YES,1,database/007_sprint3b_act1_5_placeholder_flow.sql:L240@s3b_submit_act4_choice[UPDATE SET]{DIRECT_OR_COMPUTED},8,database/007_sprint3b_act1_5_placeholder_flow.sql:L286@s3b_get_player_state[to_jsonb(row) exposes field] ; database/017_sprint3c_override_act2_entry_correction.sql:L27@s3b_submit_first_meeting[SELECT * INTO row] ; database/052_sprint8_exact_player_override_accounting.sql:L40@s8_verify_integrity[qualified/rowtype field reference] ; database/052_sprint8_exact_player_override_accounting.sql:L41@s8_verify_integrity[qualified/rowtype field reference] ; database/052_sprint8_exact_player_override_accounting.sql:L43@s8_verify_integrity[qualified/rowtype field reference] ; database/060_package_a_ca_a_bounded_corrections.sql:L84@s9_enter_act6[SELECT * INTO row] ; database/061_package_a_act6_entry_timer_barrier.sql:L59@s9_enter_act6[SELECT * INTO row] ; database/063_package_a_player_entry_column_fix.sql:L34@s9_enter_act6[SELECT * INTO row],4,MEDIUM:src/game/app.js:L351@renderSprint3b[property-name reference] ; MEDIUM:src/game/app.js:L352@renderSprint3b[property-name reference] ; MEDIUM:tests/structural-package-b-live-e2e.js:L59@completeEarlyActs[property-name reference] ; MEDIUM:tests/structural-package-b-static-check.js:L12@assert[property-name reference],2,READ:tests/sprint8-final-closure-integrity-transaction.sql:L120@TEST_SQL[bare field in single test statement] ; WRITE:tests/sprint8-final-closure-integrity-transaction.sql:L117@TEST_SQL[UPDATE SET in test]{TEST_WRITE},0,
F0257,s3b_player_progress#12,s3b_player_progress,act1_stage,12,1,YES,7,database/011_sprint3b_transition_and_act1_delivery_integrity.sql:L42@s3b_ack_act1_opening[UPDATE SET]{DIRECT_OR_COMPUTED} ; database/011_sprint3b_transition_and_act1_delivery_integrity.sql:L55@s3b_submit_act1_choice[UPDATE SET]{DIRECT_OR_COMPUTED} ; database/011_sprint3b_transition_and_act1_delivery_integrity.sql:L66@s3b_complete_act1[UPDATE SET]{DIRECT_OR_COMPUTED} ; database/015_sprint3c_minimal_safe_teacher_override.sql:L83@teacher_apply_override[UPDATE SET]{DIRECT_OR_COMPUTED} ; database/016_sprint3c_level1_narrow_corrections.sql:L25@teacher_apply_override[UPDATE SET]{DIRECT_OR_COMPUTED} ; database/054_level3_integrated_closure.sql:L31@teacher_apply_override[UPDATE SET]{DIRECT_OR_COMPUTED} ; database/054_level3_integrated_closure.sql:L32@teacher_apply_override[UPDATE SET]{DIRECT_OR_COMPUTED},6,database/007_sprint3b_act1_5_placeholder_flow.sql:L286@s3b_get_player_state[to_jsonb(row) exposes field] ; database/017_sprint3c_override_act2_entry_correction.sql:L27@s3b_submit_first_meeting[SELECT * INTO row] ; database/017_sprint3c_override_act2_entry_correction.sql:L29@s3b_submit_first_meeting[qualified/rowtype field reference] ; database/060_package_a_ca_a_bounded_corrections.sql:L84@s9_enter_act6[SELECT * INTO row] ; database/061_package_a_act6_entry_timer_barrier.sql:L59@s9_enter_act6[SELECT * INTO row] ; database/063_package_a_player_entry_column_fix.sql:L34@s9_enter_act6[SELECT * INTO row],5,MEDIUM:src/game/app.js:L337@renderSprint3b[property-name reference] ; MEDIUM:src/game/app.js:L338@renderSprint3b[property-name reference] ; MEDIUM:src/game/app.js:L339@renderSprint3b[property-name reference] ; MEDIUM:tests/sprint3c-live-e2e.js:L16@main[property-name reference] ; MEDIUM:tests/sprint3c-static-check.js:L18@requireAll[property-name reference],0,,0,
F0258,s3b_player_progress#13,s3b_player_progress,act1_text_keys,13,1,YES,7,database/011_sprint3b_transition_and_act1_delivery_integrity.sql:L28@s3b_initialize_flow[UPDATE SET]{DERIVED_OR_COPY} ; database/011_sprint3b_transition_and_act1_delivery_integrity.sql:L42@s3b_ack_act1_opening[UPDATE SET]{DERIVED_OR_COPY} ; database/011_sprint3b_transition_and_act1_delivery_integrity.sql:L55@s3b_submit_act1_choice[UPDATE SET]{DIRECT_OR_COMPUTED} ; database/011_sprint3b_transition_and_act1_delivery_integrity.sql:L66@s3b_complete_act1[UPDATE SET]{DIRECT_OR_COMPUTED} ; database/014b_sprint3b_targeted_closure_corrections.sql:L29@s3b_initialize_flow[UPDATE SET]{DERIVED_OR_COPY} ; database/015_sprint3c_minimal_safe_teacher_override.sql:L83@teacher_apply_override[UPDATE SET]{DIRECT_OR_COMPUTED} ; database/054_level3_integrated_closure.sql:L31@teacher_apply_override[UPDATE SET]{DIRECT_OR_COMPUTED},5,database/007_sprint3b_act1_5_placeholder_flow.sql:L286@s3b_get_player_state[to_jsonb(row) exposes field] ; database/017_sprint3c_override_act2_entry_correction.sql:L27@s3b_submit_first_meeting[SELECT * INTO row] ; database/060_package_a_ca_a_bounded_corrections.sql:L84@s9_enter_act6[SELECT * INTO row] ; database/061_package_a_act6_entry_timer_barrier.sql:L59@s9_enter_act6[SELECT * INTO row] ; database/063_package_a_player_entry_column_fix.sql:L34@s9_enter_act6[SELECT * INTO row],2,MEDIUM:src/game/app.js:L337@renderSprint3b[property-name reference] ; MEDIUM:src/game/app.js:L339@renderSprint3b[property-name reference],0,,0,
F0259,s3b_player_progress#14,s3b_player_progress,route_update_ack_at,14,1,YES,1,database/012_sprint3b_internal_wrapper_lockdown_and_route_delivery.sql:L43@s3b_ack_route_update[UPDATE SET]{DIRECT_OR_COMPUTED},5,database/007_sprint3b_act1_5_placeholder_flow.sql:L286@s3b_get_player_state[to_jsonb(row) exposes field] ; database/017_sprint3c_override_act2_entry_correction.sql:L27@s3b_submit_first_meeting[SELECT * INTO row] ; database/060_package_a_ca_a_bounded_corrections.sql:L84@s9_enter_act6[SELECT * INTO row] ; database/061_package_a_act6_entry_timer_barrier.sql:L59@s9_enter_act6[SELECT * INTO row] ; database/063_package_a_player_entry_column_fix.sql:L34@s9_enter_act6[SELECT * INTO row],8,MEDIUM:src/game/app.js:L345@renderSprint3b[property-name reference] ; MEDIUM:src/game/app.js:L346@renderSprint3b[property-name reference] ; MEDIUM:tests/sprint3b-live-e2e.js:L46@main[property-name reference] ; MEDIUM:tests/sprint3b-live-e2e.js:L48@main[property-name reference] ; MEDIUM:tests/sprint3b-static-check.js:L44@TOP_LEVEL[property-name reference] ; MEDIUM:tests/sprint3c-live-e2e.js:L23@main[property-name reference] ; MEDIUM:tests/structural-package-b-live-e2e.js:L47@completeEarlyActs[property-name reference] ; MEDIUM:tests/structural-package-b-static-check.js:L10@assert[property-name reference],0,,0,
F0260,s3b_player_progress#15,s3b_player_progress,act1_action_started_at,15,1,YES,2,database/014_sprint3b_evidence_and_puzzle_integrity.sql:L260@s3b_ack_act1_opening[UPDATE SET]{DIRECT_OR_COMPUTED} ; database/014b_sprint3b_targeted_closure_corrections.sql:L86@s3b_ack_act1_opening[UPDATE SET]{DIRECT_OR_COMPUTED},5,database/007_sprint3b_act1_5_placeholder_flow.sql:L286@s3b_get_player_state[to_jsonb(row) exposes field] ; database/017_sprint3c_override_act2_entry_correction.sql:L27@s3b_submit_first_meeting[SELECT * INTO row] ; database/060_package_a_ca_a_bounded_corrections.sql:L84@s9_enter_act6[SELECT * INTO row] ; database/061_package_a_act6_entry_timer_barrier.sql:L59@s9_enter_act6[SELECT * INTO row] ; database/063_package_a_player_entry_column_fix.sql:L34@s9_enter_act6[SELECT * INTO row],1,MEDIUM:tests/sprint3b-remediation-live-e2e.js:L108@exactVote[property-name reference],0,,0,
F0261,s3b_player_progress#16,s3b_player_progress,act1_timing_validity,16,1,YES,7,database/014_sprint3b_evidence_and_puzzle_integrity.sql:L260@s3b_ack_act1_opening[UPDATE SET]{DIRECT_OR_COMPUTED} ; database/014_sprint3b_evidence_and_puzzle_integrity.sql:L272@s3b_submit_act1_choice[UPDATE SET]{DIRECT_OR_COMPUTED} ; database/014_sprint3b_evidence_and_puzzle_integrity.sql:L30@TOP_LEVEL[UPDATE SET]{DIRECT_OR_COMPUTED} ; database/014b_sprint3b_targeted_closure_corrections.sql:L86@s3b_ack_act1_opening[UPDATE SET]{DIRECT_OR_COMPUTED} ; database/014b_sprint3b_targeted_closure_corrections.sql:L99@s3b_submit_act1_choice[UPDATE SET]{DIRECT_OR_COMPUTED} ; database/015_sprint3c_minimal_safe_teacher_override.sql:L83@teacher_apply_override[UPDATE SET]{DIRECT_OR_COMPUTED} ; database/054_level3_integrated_closure.sql:L31@teacher_apply_override[UPDATE SET]{DIRECT_OR_COMPUTED},8,database/007_sprint3b_act1_5_placeholder_flow.sql:L286@s3b_get_player_state[to_jsonb(row) exposes field] ; database/017_sprint3c_override_act2_entry_correction.sql:L27@s3b_submit_first_meeting[SELECT * INTO row] ; database/052_sprint8_exact_player_override_accounting.sql:L14@s8_verify_integrity[qualified/rowtype field reference] ; database/052_sprint8_exact_player_override_accounting.sql:L15@s8_verify_integrity[qualified/rowtype field reference] ; database/052_sprint8_exact_player_override_accounting.sql:L17@s8_verify_integrity[qualified/rowtype field reference] ; database/060_package_a_ca_a_bounded_corrections.sql:L84@s9_enter_act6[SELECT * INTO row] ; database/061_package_a_act6_entry_timer_barrier.sql:L59@s9_enter_act6[SELECT * INTO row] ; database/063_package_a_player_entry_column_fix.sql:L34@s9_enter_act6[SELECT * INTO row],3,MEDIUM:tests/sprint3b-remediation-live-e2e.js:L105@exactVote[property-name reference] ; MEDIUM:tests/sprint3b-remediation-live-e2e.js:L108@exactVote[property-name reference] ; MEDIUM:tests/sprint3c-live-e2e.js:L16@main[property-name reference],2,READ:tests/sprint8-final-closure-integrity-transaction.sql:L87@TEST_SQL[bare field in single test statement] ; WRITE:tests/sprint8-final-closure-integrity-transaction.sql:L84@TEST_SQL[UPDATE SET in test]{TEST_WRITE},0,
F0262,s3b_player_progress#17,s3b_player_progress,first_meeting_started_at,17,1,YES,1,database/014_sprint3b_evidence_and_puzzle_integrity.sql:L200@s3b_set_scene[UPDATE SET]{DIRECT_OR_COMPUTED},8,database/007_sprint3b_act1_5_placeholder_flow.sql:L286@s3b_get_player_state[to_jsonb(row) exposes field] ; database/017_sprint3c_override_act2_entry_correction.sql:L27@s3b_submit_first_meeting[SELECT * INTO row] ; database/017_sprint3c_override_act2_entry_correction.sql:L33@s3b_submit_first_meeting[qualified/rowtype field reference] ; database/017_sprint3c_override_act2_entry_correction.sql:L34@s3b_submit_first_meeting[qualified/rowtype field reference] ; database/017_sprint3c_override_act2_entry_correction.sql:L35@s3b_submit_first_meeting[qualified/rowtype field reference] ; database/060_package_a_ca_a_bounded_corrections.sql:L84@s9_enter_act6[SELECT * INTO row] ; database/061_package_a_act6_entry_timer_barrier.sql:L59@s9_enter_act6[SELECT * INTO row] ; database/063_package_a_player_entry_column_fix.sql:L34@s9_enter_act6[SELECT * INTO row],0,,0,,0,
F0263,s3b_player_progress#18,s3b_player_progress,first_meeting_timing_validity,18,1,YES,6,database/014_sprint3b_evidence_and_puzzle_integrity.sql:L200@s3b_set_scene[UPDATE SET]{DIRECT_OR_COMPUTED} ; database/014_sprint3b_evidence_and_puzzle_integrity.sql:L296@s3b_submit_first_meeting[UPDATE SET]{DIRECT_OR_COMPUTED} ; database/014_sprint3b_evidence_and_puzzle_integrity.sql:L33@TOP_LEVEL[UPDATE SET]{DIRECT_OR_COMPUTED} ; database/014b_sprint3b_targeted_closure_corrections.sql:L115@s3b_submit_first_meeting[UPDATE SET]{DIRECT_OR_COMPUTED} ; database/017_sprint3c_override_act2_entry_correction.sql:L42@s3b_submit_first_meeting[UPDATE SET]{DIRECT_OR_COMPUTED} ; database/054_level3_integrated_closure.sql:L46@teacher_apply_override[UPDATE SET]{DIRECT_OR_COMPUTED},8,database/007_sprint3b_act1_5_placeholder_flow.sql:L286@s3b_get_player_state[to_jsonb(row) exposes field] ; database/017_sprint3c_override_act2_entry_correction.sql:L27@s3b_submit_first_meeting[SELECT * INTO row] ; database/052_sprint8_exact_player_override_accounting.sql:L27@s8_verify_integrity[qualified/rowtype field reference] ; database/052_sprint8_exact_player_override_accounting.sql:L28@s8_verify_integrity[qualified/rowtype field reference] ; database/052_sprint8_exact_player_override_accounting.sql:L30@s8_verify_integrity[qualified/rowtype field reference] ; database/060_package_a_ca_a_bounded_corrections.sql:L84@s9_enter_act6[SELECT * INTO row] ; database/061_package_a_act6_entry_timer_barrier.sql:L59@s9_enter_act6[SELECT * INTO row] ; database/063_package_a_player_entry_column_fix.sql:L34@s9_enter_act6[SELECT * INTO row],0,,0,,0,
F0264,s3b_player_progress#19,s3b_player_progress,act4_choice_started_at,19,1,YES,1,database/014_sprint3b_evidence_and_puzzle_integrity.sql:L205@s3b_set_scene[UPDATE SET]{DIRECT_OR_COMPUTED},5,database/007_sprint3b_act1_5_placeholder_flow.sql:L286@s3b_get_player_state[to_jsonb(row) exposes field] ; database/017_sprint3c_override_act2_entry_correction.sql:L27@s3b_submit_first_meeting[SELECT * INTO row] ; database/060_package_a_ca_a_bounded_corrections.sql:L84@s9_enter_act6[SELECT * INTO row] ; database/061_package_a_act6_entry_timer_barrier.sql:L59@s9_enter_act6[SELECT * INTO row] ; database/063_package_a_player_entry_column_fix.sql:L34@s9_enter_act6[SELECT * INTO row],0,,0,,0,
F0265,s3b_player_progress#20,s3b_player_progress,act4_timing_validity,20,1,YES,5,database/014_sprint3b_evidence_and_puzzle_integrity.sql:L205@s3b_set_scene[UPDATE SET]{DIRECT_OR_COMPUTED} ; database/014_sprint3b_evidence_and_puzzle_integrity.sql:L360@s3b_submit_act4_choice[UPDATE SET]{DIRECT_OR_COMPUTED} ; database/014_sprint3b_evidence_and_puzzle_integrity.sql:L36@TOP_LEVEL[UPDATE SET]{DIRECT_OR_COMPUTED} ; database/014b_sprint3b_targeted_closure_corrections.sql:L150@s3b_submit_act4_choice[UPDATE SET]{DIRECT_OR_COMPUTED} ; database/054_level3_integrated_closure.sql:L84@teacher_apply_override[UPDATE SET]{DIRECT_OR_COMPUTED},8,database/007_sprint3b_act1_5_placeholder_flow.sql:L286@s3b_get_player_state[to_jsonb(row) exposes field] ; database/017_sprint3c_override_act2_entry_correction.sql:L27@s3b_submit_first_meeting[SELECT * INTO row] ; database/052_sprint8_exact_player_override_accounting.sql:L40@s8_verify_integrity[qualified/rowtype field reference] ; database/052_sprint8_exact_player_override_accounting.sql:L41@s8_verify_integrity[qualified/rowtype field reference] ; database/052_sprint8_exact_player_override_accounting.sql:L43@s8_verify_integrity[qualified/rowtype field reference] ; database/060_package_a_ca_a_bounded_corrections.sql:L84@s9_enter_act6[SELECT * INTO row] ; database/061_package_a_act6_entry_timer_barrier.sql:L59@s9_enter_act6[SELECT * INTO row] ; database/063_package_a_player_entry_column_fix.sql:L34@s9_enter_act6[SELECT * INTO row],0,,2,READ:tests/sprint8-final-closure-integrity-transaction.sql:L120@TEST_SQL[bare field in single test statement] ; WRITE:tests/sprint8-final-closure-integrity-transaction.sql:L117@TEST_SQL[UPDATE SET in test]{TEST_WRITE},0,
F0266,s3b_player_progress#21,s3b_player_progress,act6_handoff_observed_at,21,1,YES,3,database/060_package_a_ca_a_bounded_corrections.sql:L15@TOP_LEVEL[UPDATE SET]{DERIVED_OR_COPY} ; database/060_package_a_ca_a_bounded_corrections.sql:L46@s9_observe_act5_handoff[UPDATE SET]{DIRECT_OR_COMPUTED} ; database/064_package_a_handoff_observation_column_fix.sql:L31@s9_observe_act5_handoff[UPDATE SET]{DIRECT_OR_COMPUTED},8,database/007_sprint3b_act1_5_placeholder_flow.sql:L286@s3b_get_player_state[to_jsonb(row) exposes field] ; database/017_sprint3c_override_act2_entry_correction.sql:L27@s3b_submit_first_meeting[SELECT * INTO row] ; database/060_package_a_ca_a_bounded_corrections.sql:L84@s9_enter_act6[SELECT * INTO row] ; database/060_package_a_ca_a_bounded_corrections.sql:L86@s9_enter_act6[qualified/rowtype field reference] ; database/061_package_a_act6_entry_timer_barrier.sql:L59@s9_enter_act6[SELECT * INTO row] ; database/061_package_a_act6_entry_timer_barrier.sql:L61@s9_enter_act6[qualified/rowtype field reference] ; database/063_package_a_player_entry_column_fix.sql:L34@s9_enter_act6[SELECT * INTO row] ; database/063_package_a_player_entry_column_fix.sql:L36@s9_enter_act6[qualified/rowtype field reference],1,MEDIUM:tests/structural-package-a-static-check.js:L48@assert[property-name reference],0,,0,
F0267,s3b_player_progress#22,s3b_player_progress,act6_entered_at,22,2,NO,4,database/060_package_a_ca_a_bounded_corrections.sql:L15@TOP_LEVEL[UPDATE SET]{DERIVED_OR_COPY} ; database/060_package_a_ca_a_bounded_corrections.sql:L91@s9_enter_act6[UPDATE SET]{DIRECT_OR_COMPUTED} ; database/061_package_a_act6_entry_timer_barrier.sql:L66@s9_enter_act6[UPDATE SET]{DIRECT_OR_COMPUTED} ; database/063_package_a_player_entry_column_fix.sql:L41@s9_enter_act6[UPDATE SET]{DIRECT_OR_COMPUTED},8,database/007_sprint3b_act1_5_placeholder_flow.sql:L286@s3b_get_player_state[to_jsonb(row) exposes field] ; database/017_sprint3c_override_act2_entry_correction.sql:L27@s3b_submit_first_meeting[SELECT * INTO row] ; database/060_package_a_ca_a_bounded_corrections.sql:L84@s9_enter_act6[SELECT * INTO row] ; database/060_package_a_ca_a_bounded_corrections.sql:L89@s9_enter_act6[qualified/rowtype field reference] ; database/061_package_a_act6_entry_timer_barrier.sql:L59@s9_enter_act6[SELECT * INTO row] ; database/061_package_a_act6_entry_timer_barrier.sql:L64@s9_enter_act6[qualified/rowtype field reference] ; database/063_package_a_player_entry_column_fix.sql:L34@s9_enter_act6[SELECT * INTO row] ; database/063_package_a_player_entry_column_fix.sql:L39@s9_enter_act6[qualified/rowtype field reference],0,,0,,0,
F0268,s3b_post_inspection_route_votes#01,s3b_post_inspection_route_votes,vote_id,1,1,YES,0,,1,database/014_sprint3b_evidence_and_puzzle_integrity.sql:L470@s3b_submit_post_inspection_route_vote[SELECT * INTO row],0,,0,,0,
F0269,s3b_post_inspection_route_votes#02,s3b_post_inspection_route_votes,run_id,2,36,NO,1,database/014_sprint3b_evidence_and_puzzle_integrity.sql:L488@s3b_submit_post_inspection_route_vote[INSERT explicit column]{DIRECT_OR_COMPUTED},2,database/014_sprint3b_evidence_and_puzzle_integrity.sql:L470@s3b_submit_post_inspection_route_vote[SELECT * INTO row] ; database/014_sprint3b_evidence_and_puzzle_integrity.sql:L608@s3b_get_player_state[qualified/rowtype field reference],0,,0,,0,
F0270,s3b_post_inspection_route_votes#03,s3b_post_inspection_route_votes,player_id,3,24,NO,1,database/014_sprint3b_evidence_and_puzzle_integrity.sql:L488@s3b_submit_post_inspection_route_vote[INSERT explicit column]{DIRECT_OR_COMPUTED},2,database/014_sprint3b_evidence_and_puzzle_integrity.sql:L470@s3b_submit_post_inspection_route_vote[SELECT * INTO row] ; database/014_sprint3b_evidence_and_puzzle_integrity.sql:L607@s3b_get_player_state[qualified/rowtype field reference],0,,0,,0,
F0271,s3b_post_inspection_route_votes#04,s3b_post_inspection_route_votes,decision_key,4,1,YES,0,,1,database/014_sprint3b_evidence_and_puzzle_integrity.sql:L470@s3b_submit_post_inspection_route_vote[SELECT * INTO row],0,,0,,0,
F0272,s3b_post_inspection_route_votes#05,s3b_post_inspection_route_votes,choice_id,5,7,NO,1,database/014_sprint3b_evidence_and_puzzle_integrity.sql:L488@s3b_submit_post_inspection_route_vote[INSERT explicit column]{DIRECT_OR_COMPUTED},3,database/014_sprint3b_evidence_and_puzzle_integrity.sql:L470@s3b_submit_post_inspection_route_vote[SELECT * INTO row] ; database/014_sprint3b_evidence_and_puzzle_integrity.sql:L473@s3b_submit_post_inspection_route_vote[qualified/rowtype field reference] ; database/014_sprint3b_evidence_and_puzzle_integrity.sql:L604@s3b_get_player_state[qualified/rowtype field reference],0,,0,,0,
F0273,s3b_post_inspection_route_votes#06,s3b_post_inspection_route_votes,decision_type,6,3,NO,0,,1,database/014_sprint3b_evidence_and_puzzle_integrity.sql:L470@s3b_submit_post_inspection_route_vote[SELECT * INTO row],0,,0,,0,
F0274,s3b_post_inspection_route_votes#07,s3b_post_inspection_route_votes,behavior_scoring,7,3,NO,0,,1,database/014_sprint3b_evidence_and_puzzle_integrity.sql:L470@s3b_submit_post_inspection_route_vote[SELECT * INTO row],0,,0,,0,
F0275,s3b_post_inspection_route_votes#08,s3b_post_inspection_route_votes,validity,8,4,NO,0,,1,database/014_sprint3b_evidence_and_puzzle_integrity.sql:L470@s3b_submit_post_inspection_route_vote[SELECT * INTO row],0,,0,,0,
F0276,s3b_post_inspection_route_votes#09,s3b_post_inspection_route_votes,locked_at,9,7,NO,0,,2,database/014_sprint3b_evidence_and_puzzle_integrity.sql:L470@s3b_submit_post_inspection_route_vote[SELECT * INTO row] ; database/014_sprint3b_evidence_and_puzzle_integrity.sql:L604@s3b_get_player_state[qualified/rowtype field reference],0,,0,,0,
F0277,s3b_run_state#01,s3b_run_state,run_id,1,36,NO,1,database/007_sprint3b_act1_5_placeholder_flow.sql:L77@s3b_initialize_flow[INSERT explicit column]{DIRECT_OR_COMPUTED},10,database/007_sprint3b_act1_5_placeholder_flow.sql:L285@s3b_get_player_state[to_jsonb(row) exposes field] ; database/010_sprint3b_flow_integrity_and_inspect_fix.sql:L85@s3b_refresh_puzzle[SELECT * INTO row] ; database/011_sprint3b_transition_and_act1_delivery_integrity.sql:L100@s3b_refresh_puzzle[SELECT * INTO row] ; database/011_sprint3b_transition_and_act1_delivery_integrity.sql:L92@s3b_submit_library_code[SELECT * INTO row] ; database/013_sprint3b_discussion_authority_and_request_identity.sql:L106@s3b_apply_resolved_discussion_internal[SELECT * INTO row] ; database/014_sprint3b_evidence_and_puzzle_integrity.sql:L407@s3b_submit_library_code[SELECT * INTO row] ; database/014a_sprint3b_inspect_reconnect_idempotency_fix.sql:L32@s3b_apply_resolved_discussion_internal[SELECT * INTO row] ; database/048_sprint8_focused_level1_corrections.sql:L35@s8_finalize[SELECT * INTO row] ; database/049_sprint8_final_closure.sql:L72@s8_verify_integrity[SELECT * INTO row] ; database/054_level3_integrated_closure.sql:L129@s8_verify_integrity[SELECT * INTO row],0,,0,,1,database/010_sprint3b_flow_integrity_and_inspect_fix.sql:L58@s3b_guard_run_state_phase[NEW.field trigger reference; read/write not mechanically determined]
F0278,s3b_run_state#02,s3b_run_state,final_meeting_result,2,1,YES,4,database/007_sprint3b_act1_5_placeholder_flow.sql:L158@s3b_apply_meeting_resolution[UPDATE SET]{DIRECT_OR_COMPUTED} ; database/013_sprint3b_discussion_authority_and_request_identity.sql:L122@s3b_apply_resolved_discussion_internal[UPDATE SET]{DIRECT_OR_COMPUTED} ; database/014a_sprint3b_inspect_reconnect_idempotency_fix.sql:L48@s3b_apply_resolved_discussion_internal[UPDATE SET]{DIRECT_OR_COMPUTED} ; database/054_level3_integrated_closure.sql:L64@teacher_apply_override[UPDATE SET]{DIRECT_OR_COMPUTED},20,database/007_sprint3b_act1_5_placeholder_flow.sql:L285@s3b_get_player_state[to_jsonb(row) exposes field] ; database/010_sprint3b_flow_integrity_and_inspect_fix.sql:L59@s3b_guard_run_state_phase[OLD.field trigger reference] ; database/010_sprint3b_flow_integrity_and_inspect_fix.sql:L85@s3b_refresh_puzzle[SELECT * INTO row] ; database/011_sprint3b_transition_and_act1_delivery_integrity.sql:L100@s3b_refresh_puzzle[SELECT * INTO row] ; database/011_sprint3b_transition_and_act1_delivery_integrity.sql:L92@s3b_submit_library_code[SELECT * INTO row] ; database/013_sprint3b_discussion_authority_and_request_identity.sql:L106@s3b_apply_resolved_discussion_internal[SELECT * INTO row] ; database/013_sprint3b_discussion_authority_and_request_identity.sql:L115@s3b_apply_resolved_discussion_internal[qualified/rowtype field reference] ; database/013_sprint3b_discussion_authority_and_request_identity.sql:L116@s3b_apply_resolved_discussion_internal[qualified/rowtype field reference] ; database/014_sprint3b_evidence_and_puzzle_integrity.sql:L407@s3b_submit_library_code[SELECT * INTO row] ; database/014a_sprint3b_inspect_reconnect_idempotency_fix.sql:L32@s3b_apply_resolved_discussion_internal[SELECT * INTO row] ; database/014a_sprint3b_inspect_reconnect_idempotency_fix.sql:L41@s3b_apply_resolved_discussion_internal[qualified/rowtype field reference] ; database/014a_sprint3b_inspect_reconnect_idempotency_fix.sql:L42@s3b_apply_resolved_discussion_internal[qualified/rowtype field reference] ; database/048_sprint8_focused_level1_corrections.sql:L35@s8_finalize[SELECT * INTO row] ; database/048_sprint8_focused_level1_corrections.sql:L52@s8_finalize[qualified/rowtype field reference] ; database/048_sprint8_focused_level1_corrections.sql:L60@s8_finalize[qualified/rowtype field reference] ; database/049_sprint8_final_closure.sql:L72@s8_verify_integrity[SELECT * INTO row] ; database/049_sprint8_final_closure.sql:L85@s8_verify_integrity[qualified/rowtype field reference] ; database/054_level3_integrated_closure.sql:L129@s8_verify_integrity[SELECT * INTO row] ; database/054_level3_integrated_closure.sql:L134@s8_verify_integrity[qualified/rowtype field reference] ; database/054_level3_integrated_closure.sql:L135@s8_verify_integrity[qualified/rowtype field reference],3,MEDIUM:tests/sprint3b-live-e2e.js:L45@main[property-name reference] ; MEDIUM:tests/sprint3b-live-e2e.js:L56@main[property-name reference] ; MEDIUM:tests/sprint3b-live-e2e.js:L67@main[property-name reference],1,WRITE:tests/sprint8-final-closure-integrity-transaction.sql:L104@TEST_SQL[UPDATE SET in test]{TEST_WRITE},1,database/010_sprint3b_flow_integrity_and_inspect_fix.sql:L59@s3b_guard_run_state_phase[NEW.field trigger reference; read/write not mechanically determined]
F0279,s3b_run_state#03,s3b_run_state,failed_rendezvous_completed,3,1,YES,3,database/007_sprint3b_act1_5_placeholder_flow.sql:L172@s3b_complete_foldback[UPDATE SET]{DIRECT_OR_COMPUTED} ; database/010_sprint3b_flow_integrity_and_inspect_fix.sql:L162@s3b_complete_foldback[UPDATE SET]{DIRECT_OR_COMPUTED} ; database/054_level3_integrated_closure.sql:L70@teacher_apply_override[UPDATE SET]{DIRECT_OR_COMPUTED},10,database/007_sprint3b_act1_5_placeholder_flow.sql:L285@s3b_get_player_state[to_jsonb(row) exposes field] ; database/010_sprint3b_flow_integrity_and_inspect_fix.sql:L85@s3b_refresh_puzzle[SELECT * INTO row] ; database/011_sprint3b_transition_and_act1_delivery_integrity.sql:L100@s3b_refresh_puzzle[SELECT * INTO row] ; database/011_sprint3b_transition_and_act1_delivery_integrity.sql:L92@s3b_submit_library_code[SELECT * INTO row] ; database/013_sprint3b_discussion_authority_and_request_identity.sql:L106@s3b_apply_resolved_discussion_internal[SELECT * INTO row] ; database/014_sprint3b_evidence_and_puzzle_integrity.sql:L407@s3b_submit_library_code[SELECT * INTO row] ; database/014a_sprint3b_inspect_reconnect_idempotency_fix.sql:L32@s3b_apply_resolved_discussion_internal[SELECT * INTO row] ; database/048_sprint8_focused_level1_corrections.sql:L35@s8_finalize[SELECT * INTO row] ; database/049_sprint8_final_closure.sql:L72@s8_verify_integrity[SELECT * INTO row] ; database/054_level3_integrated_closure.sql:L129@s8_verify_integrity[SELECT * INTO row],0,,0,,0,
F0280,s3b_run_state#04,s3b_run_state,party_physically_reunited,4,1,YES,2,database/007_sprint3b_act1_5_placeholder_flow.sql:L188@s3b_follow_sign[UPDATE SET]{DIRECT_OR_COMPUTED} ; database/054_level3_integrated_closure.sql:L76@teacher_apply_override[UPDATE SET]{DIRECT_OR_COMPUTED},12,database/007_sprint3b_act1_5_placeholder_flow.sql:L285@s3b_get_player_state[to_jsonb(row) exposes field] ; database/010_sprint3b_flow_integrity_and_inspect_fix.sql:L60@s3b_guard_run_state_phase[OLD.field trigger reference] ; database/010_sprint3b_flow_integrity_and_inspect_fix.sql:L85@s3b_refresh_puzzle[SELECT * INTO row] ; database/011_sprint3b_transition_and_act1_delivery_integrity.sql:L100@s3b_refresh_puzzle[SELECT * INTO row] ; database/011_sprint3b_transition_and_act1_delivery_integrity.sql:L92@s3b_submit_library_code[SELECT * INTO row] ; database/013_sprint3b_discussion_authority_and_request_identity.sql:L106@s3b_apply_resolved_discussion_internal[SELECT * INTO row] ; database/014_sprint3b_evidence_and_puzzle_integrity.sql:L407@s3b_submit_library_code[SELECT * INTO row] ; database/014_sprint3b_evidence_and_puzzle_integrity.sql:L408@s3b_submit_library_code[qualified/rowtype field reference] ; database/014a_sprint3b_inspect_reconnect_idempotency_fix.sql:L32@s3b_apply_resolved_discussion_internal[SELECT * INTO row] ; database/048_sprint8_focused_level1_corrections.sql:L35@s8_finalize[SELECT * INTO row] ; database/049_sprint8_final_closure.sql:L72@s8_verify_integrity[SELECT * INTO row] ; database/054_level3_integrated_closure.sql:L129@s8_verify_integrity[SELECT * INTO row],1,MEDIUM:tests/sprint3b-live-e2e.js:L51@main[property-name reference],0,,1,database/010_sprint3b_flow_integrity_and_inspect_fix.sql:L60@s3b_guard_run_state_phase[NEW.field trigger reference; read/write not mechanically determined]
F0281,s3b_run_state#05,s3b_run_state,puzzle_started_at,5,1,YES,4,database/007_sprint3b_act1_5_placeholder_flow.sql:L188@s3b_follow_sign[UPDATE SET]{DIRECT_OR_COMPUTED} ; database/010_sprint3b_flow_integrity_and_inspect_fix.sql:L110@s3b_audit_set_puzzle_elapsed[UPDATE SET]{DIRECT_OR_COMPUTED} ; database/011_sprint3b_transition_and_act1_delivery_integrity.sql:L103@s3b_audit_set_puzzle_elapsed[UPDATE SET]{DIRECT_OR_COMPUTED} ; database/054_level3_integrated_closure.sql:L76@teacher_apply_override[UPDATE SET]{DIRECT_OR_COMPUTED},10,database/007_sprint3b_act1_5_placeholder_flow.sql:L285@s3b_get_player_state[to_jsonb(row) exposes field] ; database/010_sprint3b_flow_integrity_and_inspect_fix.sql:L85@s3b_refresh_puzzle[SELECT * INTO row] ; database/011_sprint3b_transition_and_act1_delivery_integrity.sql:L100@s3b_refresh_puzzle[SELECT * INTO row] ; database/011_sprint3b_transition_and_act1_delivery_integrity.sql:L92@s3b_submit_library_code[SELECT * INTO row] ; database/013_sprint3b_discussion_authority_and_request_identity.sql:L106@s3b_apply_resolved_discussion_internal[SELECT * INTO row] ; database/014_sprint3b_evidence_and_puzzle_integrity.sql:L407@s3b_submit_library_code[SELECT * INTO row] ; database/014a_sprint3b_inspect_reconnect_idempotency_fix.sql:L32@s3b_apply_resolved_discussion_internal[SELECT * INTO row] ; database/048_sprint8_focused_level1_corrections.sql:L35@s8_finalize[SELECT * INTO row] ; database/049_sprint8_final_closure.sql:L72@s8_verify_integrity[SELECT * INTO row] ; database/054_level3_integrated_closure.sql:L129@s8_verify_integrity[SELECT * INTO row],0,,0,,0,
F0282,s3b_run_state#06,s3b_run_state,puzzle_deadline,6,1,YES,5,database/007_sprint3b_act1_5_placeholder_flow.sql:L188@s3b_follow_sign[UPDATE SET]{DIRECT_OR_COMPUTED} ; database/007_sprint3b_act1_5_placeholder_flow.sql:L207@s3b_audit_expire_puzzle[UPDATE SET]{DIRECT_OR_COMPUTED} ; database/010_sprint3b_flow_integrity_and_inspect_fix.sql:L110@s3b_audit_set_puzzle_elapsed[UPDATE SET]{DIRECT_OR_COMPUTED} ; database/011_sprint3b_transition_and_act1_delivery_integrity.sql:L103@s3b_audit_set_puzzle_elapsed[UPDATE SET]{DIRECT_OR_COMPUTED} ; database/054_level3_integrated_closure.sql:L76@teacher_apply_override[UPDATE SET]{DIRECT_OR_COMPUTED},13,database/007_sprint3b_act1_5_placeholder_flow.sql:L285@s3b_get_player_state[to_jsonb(row) exposes field] ; database/010_sprint3b_flow_integrity_and_inspect_fix.sql:L85@s3b_refresh_puzzle[SELECT * INTO row] ; database/010_sprint3b_flow_integrity_and_inspect_fix.sql:L86@s3b_refresh_puzzle[qualified/rowtype field reference] ; database/010_sprint3b_flow_integrity_and_inspect_fix.sql:L87@s3b_refresh_puzzle[qualified/rowtype field reference] ; database/011_sprint3b_transition_and_act1_delivery_integrity.sql:L100@s3b_refresh_puzzle[SELECT * INTO row] ; database/011_sprint3b_transition_and_act1_delivery_integrity.sql:L100@s3b_refresh_puzzle[qualified/rowtype field reference] ; database/011_sprint3b_transition_and_act1_delivery_integrity.sql:L92@s3b_submit_library_code[SELECT * INTO row] ; database/013_sprint3b_discussion_authority_and_request_identity.sql:L106@s3b_apply_resolved_discussion_internal[SELECT * INTO row] ; database/014_sprint3b_evidence_and_puzzle_integrity.sql:L407@s3b_submit_library_code[SELECT * INTO row] ; database/014a_sprint3b_inspect_reconnect_idempotency_fix.sql:L32@s3b_apply_resolved_discussion_internal[SELECT * INTO row] ; database/048_sprint8_focused_level1_corrections.sql:L35@s8_finalize[SELECT * INTO row] ; database/049_sprint8_final_closure.sql:L72@s8_verify_integrity[SELECT * INTO row] ; database/054_level3_integrated_closure.sql:L129@s8_verify_integrity[SELECT * INTO row],2,MEDIUM:tests/sprint3b-live-e2e.js:L51@main[property-name reference] ; MEDIUM:tests/sprint3b-live-e2e.js:L63@main[property-name reference],0,,0,
F0283,s3b_run_state#07,s3b_run_state,puzzle_attempt_number,7,1,YES,2,database/007_sprint3b_act1_5_placeholder_flow.sql:L219@s3b_submit_library_code[UPDATE SET]{DIRECT_OR_COMPUTED} ; database/014_sprint3b_evidence_and_puzzle_integrity.sql:L417@s3b_submit_library_code[UPDATE SET]{DIRECT_OR_COMPUTED},11,database/007_sprint3b_act1_5_placeholder_flow.sql:L285@s3b_get_player_state[to_jsonb(row) exposes field] ; database/010_sprint3b_flow_integrity_and_inspect_fix.sql:L61@s3b_guard_run_state_phase[OLD.field trigger reference] ; database/010_sprint3b_flow_integrity_and_inspect_fix.sql:L85@s3b_refresh_puzzle[SELECT * INTO row] ; database/011_sprint3b_transition_and_act1_delivery_integrity.sql:L100@s3b_refresh_puzzle[SELECT * INTO row] ; database/011_sprint3b_transition_and_act1_delivery_integrity.sql:L92@s3b_submit_library_code[SELECT * INTO row] ; database/013_sprint3b_discussion_authority_and_request_identity.sql:L106@s3b_apply_resolved_discussion_internal[SELECT * INTO row] ; database/014_sprint3b_evidence_and_puzzle_integrity.sql:L407@s3b_submit_library_code[SELECT * INTO row] ; database/014a_sprint3b_inspect_reconnect_idempotency_fix.sql:L32@s3b_apply_resolved_discussion_internal[SELECT * INTO row] ; database/048_sprint8_focused_level1_corrections.sql:L35@s8_finalize[SELECT * INTO row] ; database/049_sprint8_final_closure.sql:L72@s8_verify_integrity[SELECT * INTO row] ; database/054_level3_integrated_closure.sql:L129@s8_verify_integrity[SELECT * INTO row],2,MEDIUM:tests/sprint3b-live-e2e.js:L54@main[property-name reference] ; MEDIUM:tests/sprint3c-live-e2e.js:L24@main[property-name reference],0,,1,database/010_sprint3b_flow_integrity_and_inspect_fix.sql:L61@s3b_guard_run_state_phase[NEW.field trigger reference; read/write not mechanically determined]
F0284,s3b_run_state#08,s3b_run_state,puzzle_hint_stage,8,1,YES,5,database/007_sprint3b_act1_5_placeholder_flow.sql:L197@s3b_refresh_puzzle[UPDATE SET]{DIRECT_OR_COMPUTED} ; database/007_sprint3b_act1_5_placeholder_flow.sql:L219@s3b_submit_library_code[UPDATE SET]{DIRECT_OR_COMPUTED} ; database/010_sprint3b_flow_integrity_and_inspect_fix.sql:L92@s3b_refresh_puzzle[UPDATE SET]{DIRECT_OR_COMPUTED} ; database/011_sprint3b_transition_and_act1_delivery_integrity.sql:L100@s3b_refresh_puzzle[UPDATE SET]{DIRECT_OR_COMPUTED} ; database/014_sprint3b_evidence_and_puzzle_integrity.sql:L417@s3b_submit_library_code[UPDATE SET]{DIRECT_OR_COMPUTED},13,database/007_sprint3b_act1_5_placeholder_flow.sql:L285@s3b_get_player_state[to_jsonb(row) exposes field] ; database/010_sprint3b_flow_integrity_and_inspect_fix.sql:L61@s3b_guard_run_state_phase[OLD.field trigger reference] ; database/010_sprint3b_flow_integrity_and_inspect_fix.sql:L85@s3b_refresh_puzzle[SELECT * INTO row] ; database/010_sprint3b_flow_integrity_and_inspect_fix.sql:L89@s3b_refresh_puzzle[qualified/rowtype field reference] ; database/011_sprint3b_transition_and_act1_delivery_integrity.sql:L100@s3b_refresh_puzzle[SELECT * INTO row] ; database/011_sprint3b_transition_and_act1_delivery_integrity.sql:L100@s3b_refresh_puzzle[qualified/rowtype field reference] ; database/011_sprint3b_transition_and_act1_delivery_integrity.sql:L92@s3b_submit_library_code[SELECT * INTO row] ; database/013_sprint3b_discussion_authority_and_request_identity.sql:L106@s3b_apply_resolved_discussion_internal[SELECT * INTO row] ; database/014_sprint3b_evidence_and_puzzle_integrity.sql:L407@s3b_submit_library_code[SELECT * INTO row] ; database/014a_sprint3b_inspect_reconnect_idempotency_fix.sql:L32@s3b_apply_resolved_discussion_internal[SELECT * INTO row] ; database/048_sprint8_focused_level1_corrections.sql:L35@s8_finalize[SELECT * INTO row] ; database/049_sprint8_final_closure.sql:L72@s8_verify_integrity[SELECT * INTO row] ; database/054_level3_integrated_closure.sql:L129@s8_verify_integrity[SELECT * INTO row],1,MEDIUM:src/game/app.js:L350@renderSprint3b[property-name reference],0,,1,database/010_sprint3b_flow_integrity_and_inspect_fix.sql:L61@s3b_guard_run_state_phase[NEW.field trigger reference; read/write not mechanically determined]
F0285,s3b_run_state#09,s3b_run_state,puzzle_resolved_at,9,1,YES,5,database/007_sprint3b_act1_5_placeholder_flow.sql:L220@s3b_submit_library_code[UPDATE SET]{DIRECT_OR_COMPUTED} ; database/010_sprint3b_flow_integrity_and_inspect_fix.sql:L96@s3b_refresh_puzzle[UPDATE SET]{DIRECT_OR_COMPUTED} ; database/011_sprint3b_transition_and_act1_delivery_integrity.sql:L100@s3b_refresh_puzzle[UPDATE SET]{DIRECT_OR_COMPUTED} ; database/014_sprint3b_evidence_and_puzzle_integrity.sql:L418@s3b_submit_library_code[UPDATE SET]{DIRECT_OR_COMPUTED} ; database/015_sprint3c_minimal_safe_teacher_override.sql:L101@teacher_apply_override[UPDATE SET]{DIRECT_OR_COMPUTED},19,database/007_sprint3b_act1_5_placeholder_flow.sql:L285@s3b_get_player_state[to_jsonb(row) exposes field] ; database/010_sprint3b_flow_integrity_and_inspect_fix.sql:L61@s3b_guard_run_state_phase[OLD.field trigger reference] ; database/010_sprint3b_flow_integrity_and_inspect_fix.sql:L85@s3b_refresh_puzzle[SELECT * INTO row] ; database/010_sprint3b_flow_integrity_and_inspect_fix.sql:L86@s3b_refresh_puzzle[qualified/rowtype field reference] ; database/011_sprint3b_transition_and_act1_delivery_integrity.sql:L100@s3b_refresh_puzzle[SELECT * INTO row] ; database/011_sprint3b_transition_and_act1_delivery_integrity.sql:L100@s3b_refresh_puzzle[qualified/rowtype field reference] ; database/011_sprint3b_transition_and_act1_delivery_integrity.sql:L92@s3b_submit_library_code[SELECT * INTO row] ; database/011_sprint3b_transition_and_act1_delivery_integrity.sql:L92@s3b_submit_library_code[qualified/rowtype field reference] ; database/013_sprint3b_discussion_authority_and_request_identity.sql:L106@s3b_apply_resolved_discussion_internal[SELECT * INTO row] ; database/014_sprint3b_evidence_and_puzzle_integrity.sql:L407@s3b_submit_library_code[SELECT * INTO row] ; database/014_sprint3b_evidence_and_puzzle_integrity.sql:L408@s3b_submit_library_code[qualified/rowtype field reference] ; database/014a_sprint3b_inspect_reconnect_idempotency_fix.sql:L32@s3b_apply_resolved_discussion_internal[SELECT * INTO row] ; database/048_sprint8_focused_level1_corrections.sql:L35@s8_finalize[SELECT * INTO row] ; database/048_sprint8_focused_level1_corrections.sql:L53@s8_finalize[qualified/rowtype field reference] ; database/048_sprint8_focused_level1_corrections.sql:L61@s8_finalize[qualified/rowtype field reference] ; database/049_sprint8_final_closure.sql:L72@s8_verify_integrity[SELECT * INTO row] ; database/049_sprint8_final_closure.sql:L88@s8_verify_integrity[qualified/rowtype field reference] ; database/054_level3_integrated_closure.sql:L129@s8_verify_integrity[SELECT * INTO row] ; database/054_level3_integrated_closure.sql:L131@s8_verify_integrity[qualified/rowtype field reference],3,MEDIUM:src/game/app.js:L350@renderSprint3b[property-name reference] ; MEDIUM:tests/sprint3b-live-e2e.js:L54@main[property-name reference] ; MEDIUM:tests/sprint3c-live-e2e.js:L24@main[property-name reference],0,,1,database/010_sprint3b_flow_integrity_and_inspect_fix.sql:L61@s3b_guard_run_state_phase[NEW.field trigger reference; read/write not mechanically determined]
F0286,s3b_run_state#10,s3b_run_state,group_route,10,1,YES,12,database/007_sprint3b_act1_5_placeholder_flow.sql:L244@s3b_submit_act4_choice[UPDATE SET]{DIRECT_OR_COMPUTED} ; database/007_sprint3b_act1_5_placeholder_flow.sql:L270@s3b_apply_act5_resolution[UPDATE SET]{DIRECT_OR_COMPUTED} ; database/010_sprint3b_flow_integrity_and_inspect_fix.sql:L126@s3b_apply_act5_resolution[UPDATE SET]{DIRECT_OR_COMPUTED} ; database/010_sprint3b_flow_integrity_and_inspect_fix.sql:L131@s3b_apply_act5_resolution[UPDATE SET]{DIRECT_OR_COMPUTED} ; database/010_sprint3b_flow_integrity_and_inspect_fix.sql:L144@s3b_choose_post_inspection_route[UPDATE SET]{DIRECT_OR_COMPUTED} ; database/013_sprint3b_discussion_authority_and_request_identity.sql:L148@s3b_apply_resolved_discussion_internal[UPDATE SET]{DIRECT_OR_COMPUTED} ; database/013_sprint3b_discussion_authority_and_request_identity.sql:L157@s3b_apply_resolved_discussion_internal[UPDATE SET]{DIRECT_OR_COMPUTED} ; database/014_sprint3b_evidence_and_puzzle_integrity.sql:L503@s3b_submit_post_inspection_route_vote[UPDATE SET]{DIRECT_OR_COMPUTED} ; database/014a_sprint3b_inspect_reconnect_idempotency_fix.sql:L74@s3b_apply_resolved_discussion_internal[UPDATE SET]{DIRECT_OR_COMPUTED} ; database/014a_sprint3b_inspect_reconnect_idempotency_fix.sql:L83@s3b_apply_resolved_discussion_internal[UPDATE SET]{DIRECT_OR_COMPUTED} ; database/054_level3_integrated_closure.sql:L93@teacher_apply_override[UPDATE SET]{DIRECT_OR_COMPUTED} ; database/054_level3_integrated_closure.sql:L98@teacher_apply_override[UPDATE SET]{DIRECT_OR_COMPUTED},18,database/007_sprint3b_act1_5_placeholder_flow.sql:L285@s3b_get_player_state[to_jsonb(row) exposes field] ; database/010_sprint3b_flow_integrity_and_inspect_fix.sql:L63@s3b_guard_run_state_phase[OLD.field trigger reference] ; database/010_sprint3b_flow_integrity_and_inspect_fix.sql:L85@s3b_refresh_puzzle[SELECT * INTO row] ; database/011_sprint3b_transition_and_act1_delivery_integrity.sql:L100@s3b_refresh_puzzle[SELECT * INTO row] ; database/011_sprint3b_transition_and_act1_delivery_integrity.sql:L92@s3b_submit_library_code[SELECT * INTO row] ; database/013_sprint3b_discussion_authority_and_request_identity.sql:L106@s3b_apply_resolved_discussion_internal[SELECT * INTO row] ; database/013_sprint3b_discussion_authority_and_request_identity.sql:L138@s3b_apply_resolved_discussion_internal[qualified/rowtype field reference] ; database/013_sprint3b_discussion_authority_and_request_identity.sql:L141@s3b_apply_resolved_discussion_internal[qualified/rowtype field reference] ; database/014_sprint3b_evidence_and_puzzle_integrity.sql:L407@s3b_submit_library_code[SELECT * INTO row] ; database/014a_sprint3b_inspect_reconnect_idempotency_fix.sql:L32@s3b_apply_resolved_discussion_internal[SELECT * INTO row] ; database/014a_sprint3b_inspect_reconnect_idempotency_fix.sql:L64@s3b_apply_resolved_discussion_internal[qualified/rowtype field reference] ; database/014a_sprint3b_inspect_reconnect_idempotency_fix.sql:L67@s3b_apply_resolved_discussion_internal[qualified/rowtype field reference] ; database/048_sprint8_focused_level1_corrections.sql:L35@s8_finalize[SELECT * INTO row] ; database/048_sprint8_focused_level1_corrections.sql:L54@s8_finalize[qualified/rowtype field reference] ; database/048_sprint8_focused_level1_corrections.sql:L62@s8_finalize[qualified/rowtype field reference] ; database/049_sprint8_final_closure.sql:L72@s8_verify_integrity[SELECT * INTO row] ; database/049_sprint8_final_closure.sql:L91@s8_verify_integrity[qualified/rowtype field reference] ; database/054_level3_integrated_closure.sql:L129@s8_verify_integrity[SELECT * INTO row],9,MEDIUM:src/game/app.js:L232@renderAct5Handoff[property-name reference] ; MEDIUM:tests/level2-residual-live-e2e.js:L45@main[property-name reference] ; MEDIUM:tests/sprint3b-live-e2e.js:L55@main[property-name reference] ; MEDIUM:tests/sprint3b-live-e2e.js:L59@main[property-name reference] ; MEDIUM:tests/sprint3b-live-e2e.js:L60@main[property-name reference] ; MEDIUM:tests/sprint3b-live-e2e.js:L68@main[property-name reference] ; MEDIUM:tests/sprint3b-live-e2e.js:L69@main[property-name reference] ; MEDIUM:tests/sprint3b-live-e2e.js:L70@main[property-name reference] ; MEDIUM:tests/sprint3b-live-e2e.js:L72@main[property-name reference],0,,1,database/010_sprint3b_flow_integrity_and_inspect_fix.sql:L63@s3b_guard_run_state_phase[NEW.field trigger reference; read/write not mechanically determined]
F0287,s3b_run_state#11,s3b_run_state,unknown_passage_inspected,11,1,YES,5,database/007_sprint3b_act1_5_placeholder_flow.sql:L270@s3b_apply_act5_resolution[UPDATE SET]{DIRECT_OR_COMPUTED} ; database/010_sprint3b_flow_integrity_and_inspect_fix.sql:L126@s3b_apply_act5_resolution[UPDATE SET]{DIRECT_OR_COMPUTED} ; database/013_sprint3b_discussion_authority_and_request_identity.sql:L148@s3b_apply_resolved_discussion_internal[UPDATE SET]{DIRECT_OR_COMPUTED} ; database/014a_sprint3b_inspect_reconnect_idempotency_fix.sql:L74@s3b_apply_resolved_discussion_internal[UPDATE SET]{DIRECT_OR_COMPUTED} ; database/054_level3_integrated_closure.sql:L93@teacher_apply_override[UPDATE SET]{DIRECT_OR_COMPUTED},14,database/007_sprint3b_act1_5_placeholder_flow.sql:L285@s3b_get_player_state[to_jsonb(row) exposes field] ; database/010_sprint3b_flow_integrity_and_inspect_fix.sql:L85@s3b_refresh_puzzle[SELECT * INTO row] ; database/011_sprint3b_transition_and_act1_delivery_integrity.sql:L100@s3b_refresh_puzzle[SELECT * INTO row] ; database/011_sprint3b_transition_and_act1_delivery_integrity.sql:L92@s3b_submit_library_code[SELECT * INTO row] ; database/013_sprint3b_discussion_authority_and_request_identity.sql:L106@s3b_apply_resolved_discussion_internal[SELECT * INTO row] ; database/014_sprint3b_evidence_and_puzzle_integrity.sql:L407@s3b_submit_library_code[SELECT * INTO row] ; database/014a_sprint3b_inspect_reconnect_idempotency_fix.sql:L32@s3b_apply_resolved_discussion_internal[SELECT * INTO row] ; database/014a_sprint3b_inspect_reconnect_idempotency_fix.sql:L65@s3b_apply_resolved_discussion_internal[qualified/rowtype field reference] ; database/048_sprint8_focused_level1_corrections.sql:L35@s8_finalize[SELECT * INTO row] ; database/048_sprint8_focused_level1_corrections.sql:L55@s8_finalize[qualified/rowtype field reference] ; database/048_sprint8_focused_level1_corrections.sql:L63@s8_finalize[qualified/rowtype field reference] ; database/049_sprint8_final_closure.sql:L72@s8_verify_integrity[SELECT * INTO row] ; database/049_sprint8_final_closure.sql:L94@s8_verify_integrity[qualified/rowtype field reference] ; database/054_level3_integrated_closure.sql:L129@s8_verify_integrity[SELECT * INTO row],3,MEDIUM:tests/sprint3b-live-e2e.js:L59@main[property-name reference] ; MEDIUM:tests/sprint3b-remediation-static-check.js:L54@requireFragments[property-name reference] ; MEDIUM:tests/sprint3b-remediation-static-check.js:L62@requireFragments[property-name reference],0,,0,
F0288,s3b_run_state#12,s3b_run_state,terminal_state,12,1,YES,12,database/007_sprint3b_act1_5_placeholder_flow.sql:L244@s3b_submit_act4_choice[UPDATE SET]{DIRECT_OR_COMPUTED} ; database/007_sprint3b_act1_5_placeholder_flow.sql:L271@s3b_apply_act5_resolution[UPDATE SET]{DIRECT_OR_COMPUTED} ; database/010_sprint3b_flow_integrity_and_inspect_fix.sql:L126@s3b_apply_act5_resolution[UPDATE SET]{DIRECT_OR_COMPUTED} ; database/010_sprint3b_flow_integrity_and_inspect_fix.sql:L131@s3b_apply_act5_resolution[UPDATE SET]{DIRECT_OR_COMPUTED} ; database/010_sprint3b_flow_integrity_and_inspect_fix.sql:L144@s3b_choose_post_inspection_route[UPDATE SET]{DIRECT_OR_COMPUTED} ; database/013_sprint3b_discussion_authority_and_request_identity.sql:L149@s3b_apply_resolved_discussion_internal[UPDATE SET]{DIRECT_OR_COMPUTED} ; database/013_sprint3b_discussion_authority_and_request_identity.sql:L157@s3b_apply_resolved_discussion_internal[UPDATE SET]{DIRECT_OR_COMPUTED} ; database/014_sprint3b_evidence_and_puzzle_integrity.sql:L503@s3b_submit_post_inspection_route_vote[UPDATE SET]{DIRECT_OR_COMPUTED} ; database/014a_sprint3b_inspect_reconnect_idempotency_fix.sql:L75@s3b_apply_resolved_discussion_internal[UPDATE SET]{DIRECT_OR_COMPUTED} ; database/014a_sprint3b_inspect_reconnect_idempotency_fix.sql:L83@s3b_apply_resolved_discussion_internal[UPDATE SET]{DIRECT_OR_COMPUTED} ; database/054_level3_integrated_closure.sql:L93@teacher_apply_override[UPDATE SET]{DIRECT_OR_COMPUTED} ; database/054_level3_integrated_closure.sql:L98@teacher_apply_override[UPDATE SET]{DIRECT_OR_COMPUTED},10,database/007_sprint3b_act1_5_placeholder_flow.sql:L285@s3b_get_player_state[to_jsonb(row) exposes field] ; database/010_sprint3b_flow_integrity_and_inspect_fix.sql:L85@s3b_refresh_puzzle[SELECT * INTO row] ; database/011_sprint3b_transition_and_act1_delivery_integrity.sql:L100@s3b_refresh_puzzle[SELECT * INTO row] ; database/011_sprint3b_transition_and_act1_delivery_integrity.sql:L92@s3b_submit_library_code[SELECT * INTO row] ; database/013_sprint3b_discussion_authority_and_request_identity.sql:L106@s3b_apply_resolved_discussion_internal[SELECT * INTO row] ; database/014_sprint3b_evidence_and_puzzle_integrity.sql:L407@s3b_submit_library_code[SELECT * INTO row] ; database/014a_sprint3b_inspect_reconnect_idempotency_fix.sql:L32@s3b_apply_resolved_discussion_internal[SELECT * INTO row] ; database/048_sprint8_focused_level1_corrections.sql:L35@s8_finalize[SELECT * INTO row] ; database/049_sprint8_final_closure.sql:L72@s8_verify_integrity[SELECT * INTO row] ; database/054_level3_integrated_closure.sql:L129@s8_verify_integrity[SELECT * INTO row],7,MEDIUM:src/game/app.js:L174@refreshState[property-name reference] ; MEDIUM:tests/level2-residual-live-e2e.js:L45@main[property-name reference] ; MEDIUM:tests/package-a-ca-a-corrections-live-e2e.js:L21@main[property-name reference] ; MEDIUM:tests/remediation-e1-browser.mjs:L131@act4ThroughAct6[property-name reference] ; MEDIUM:tests/sprint3b-live-e2e.js:L55@main[property-name reference] ; MEDIUM:tests/sprint3b-live-e2e.js:L59@main[property-name reference] ; MEDIUM:tests/sprint3b-live-e2e.js:L60@main[property-name reference],0,,0,
F0289,s3b_run_state#13,s3b_run_state,updated_at,13,7,NO,28,database/007_sprint3b_act1_5_placeholder_flow.sql:L158@s3b_apply_meeting_resolution[UPDATE SET]{DIRECT_OR_COMPUTED} ; database/007_sprint3b_act1_5_placeholder_flow.sql:L172@s3b_complete_foldback[UPDATE SET]{DIRECT_OR_COMPUTED} ; database/007_sprint3b_act1_5_placeholder_flow.sql:L188@s3b_follow_sign[UPDATE SET]{DIRECT_OR_COMPUTED} ; database/007_sprint3b_act1_5_placeholder_flow.sql:L197@s3b_refresh_puzzle[UPDATE SET]{DIRECT_OR_COMPUTED} ; database/007_sprint3b_act1_5_placeholder_flow.sql:L221@s3b_submit_library_code[UPDATE SET]{DIRECT_OR_COMPUTED} ; database/007_sprint3b_act1_5_placeholder_flow.sql:L244@s3b_submit_act4_choice[UPDATE SET]{DIRECT_OR_COMPUTED} ; database/007_sprint3b_act1_5_placeholder_flow.sql:L272@s3b_apply_act5_resolution[UPDATE SET]{DIRECT_OR_COMPUTED} ; database/010_sprint3b_flow_integrity_and_inspect_fix.sql:L126@s3b_apply_act5_resolution[UPDATE SET]{DIRECT_OR_COMPUTED} ; database/010_sprint3b_flow_integrity_and_inspect_fix.sql:L131@s3b_apply_act5_resolution[UPDATE SET]{DIRECT_OR_COMPUTED} ; database/010_sprint3b_flow_integrity_and_inspect_fix.sql:L144@s3b_choose_post_inspection_route[UPDATE SET]{DIRECT_OR_COMPUTED} ; database/010_sprint3b_flow_integrity_and_inspect_fix.sql:L162@s3b_complete_foldback[UPDATE SET]{DIRECT_OR_COMPUTED} ; database/010_sprint3b_flow_integrity_and_inspect_fix.sql:L92@s3b_refresh_puzzle[UPDATE SET]{DIRECT_OR_COMPUTED} ; database/010_sprint3b_flow_integrity_and_inspect_fix.sql:L96@s3b_refresh_puzzle[UPDATE SET]{DIRECT_OR_COMPUTED} ; database/011_sprint3b_transition_and_act1_delivery_integrity.sql:L100@s3b_refresh_puzzle[UPDATE SET]{DIRECT_OR_COMPUTED} ; database/013_sprint3b_discussion_authority_and_request_identity.sql:L122@s3b_apply_resolved_discussion_internal[UPDATE SET]{DIRECT_OR_COMPUTED} ; database/013_sprint3b_discussion_authority_and_request_identity.sql:L149@s3b_apply_resolved_discussion_internal[UPDATE SET]{DIRECT_OR_COMPUTED} ; database/013_sprint3b_discussion_authority_and_request_identity.sql:L158@s3b_apply_resolved_discussion_internal[UPDATE SET]{DIRECT_OR_COMPUTED} ; database/014_sprint3b_evidence_and_puzzle_integrity.sql:L419@s3b_submit_library_code[UPDATE SET]{DIRECT_OR_COMPUTED} ; database/014_sprint3b_evidence_and_puzzle_integrity.sql:L504@s3b_submit_post_inspection_route_vote[UPDATE SET]{DIRECT_OR_COMPUTED} ; database/014a_sprint3b_inspect_reconnect_idempotency_fix.sql:L48@s3b_apply_resolved_discussion_internal[UPDATE SET]{DIRECT_OR_COMPUTED} ; database/014a_sprint3b_inspect_reconnect_idempotency_fix.sql:L75@s3b_apply_resolved_discussion_internal[UPDATE SET]{DIRECT_OR_COMPUTED} ; database/014a_sprint3b_inspect_reconnect_idempotency_fix.sql:L84@s3b_apply_resolved_discussion_internal[UPDATE SET]{DIRECT_OR_COMPUTED} ; database/015_sprint3c_minimal_safe_teacher_override.sql:L101@teacher_apply_override[UPDATE SET]{DIRECT_OR_COMPUTED} ; database/054_level3_integrated_closure.sql:L64@teacher_apply_override[UPDATE SET]{DIRECT_OR_COMPUTED} ; database/054_level3_integrated_closure.sql:L70@teacher_apply_override[UPDATE SET]{DIRECT_OR_COMPUTED} ; database/054_level3_integrated_closure.sql:L76@teacher_apply_override[UPDATE SET]{DIRECT_OR_COMPUTED} ; database/054_level3_integrated_closure.sql:L93@teacher_apply_override[UPDATE SET]{DIRECT_OR_COMPUTED} ; database/054_level3_integrated_closure.sql:L98@teacher_apply_override[UPDATE SET]{DIRECT_OR_COMPUTED},10,database/007_sprint3b_act1_5_placeholder_flow.sql:L285@s3b_get_player_state[to_jsonb(row) exposes field] ; database/010_sprint3b_flow_integrity_and_inspect_fix.sql:L85@s3b_refresh_puzzle[SELECT * INTO row] ; database/011_sprint3b_transition_and_act1_delivery_integrity.sql:L100@s3b_refresh_puzzle[SELECT * INTO row] ; database/011_sprint3b_transition_and_act1_delivery_integrity.sql:L92@s3b_submit_library_code[SELECT * INTO row] ; database/013_sprint3b_discussion_authority_and_request_identity.sql:L106@s3b_apply_resolved_discussion_internal[SELECT * INTO row] ; database/014_sprint3b_evidence_and_puzzle_integrity.sql:L407@s3b_submit_library_code[SELECT * INTO row] ; database/014a_sprint3b_inspect_reconnect_idempotency_fix.sql:L32@s3b_apply_resolved_discussion_internal[SELECT * INTO row] ; database/048_sprint8_focused_level1_corrections.sql:L35@s8_finalize[SELECT * INTO row] ; database/049_sprint8_final_closure.sql:L72@s8_verify_integrity[SELECT * INTO row] ; database/054_level3_integrated_closure.sql:L129@s8_verify_integrity[SELECT * INTO row],0,,0,,0,
F0290,s3b_run_state#14,s3b_run_state,pending_post_inspection_route,14,1,YES,10,database/010_sprint3b_flow_integrity_and_inspect_fix.sql:L126@s3b_apply_act5_resolution[UPDATE SET]{DIRECT_OR_COMPUTED} ; database/010_sprint3b_flow_integrity_and_inspect_fix.sql:L131@s3b_apply_act5_resolution[UPDATE SET]{DIRECT_OR_COMPUTED} ; database/010_sprint3b_flow_integrity_and_inspect_fix.sql:L144@s3b_choose_post_inspection_route[UPDATE SET]{DIRECT_OR_COMPUTED} ; database/013_sprint3b_discussion_authority_and_request_identity.sql:L148@s3b_apply_resolved_discussion_internal[UPDATE SET]{DIRECT_OR_COMPUTED} ; database/013_sprint3b_discussion_authority_and_request_identity.sql:L157@s3b_apply_resolved_discussion_internal[UPDATE SET]{DIRECT_OR_COMPUTED} ; database/014_sprint3b_evidence_and_puzzle_integrity.sql:L503@s3b_submit_post_inspection_route_vote[UPDATE SET]{DIRECT_OR_COMPUTED} ; database/014a_sprint3b_inspect_reconnect_idempotency_fix.sql:L74@s3b_apply_resolved_discussion_internal[UPDATE SET]{DIRECT_OR_COMPUTED} ; database/014a_sprint3b_inspect_reconnect_idempotency_fix.sql:L83@s3b_apply_resolved_discussion_internal[UPDATE SET]{DIRECT_OR_COMPUTED} ; database/054_level3_integrated_closure.sql:L93@teacher_apply_override[UPDATE SET]{DIRECT_OR_COMPUTED} ; database/054_level3_integrated_closure.sql:L98@teacher_apply_override[UPDATE SET]{DIRECT_OR_COMPUTED},13,database/007_sprint3b_act1_5_placeholder_flow.sql:L285@s3b_get_player_state[to_jsonb(row) exposes field] ; database/010_sprint3b_flow_integrity_and_inspect_fix.sql:L85@s3b_refresh_puzzle[SELECT * INTO row] ; database/011_sprint3b_transition_and_act1_delivery_integrity.sql:L100@s3b_refresh_puzzle[SELECT * INTO row] ; database/011_sprint3b_transition_and_act1_delivery_integrity.sql:L92@s3b_submit_library_code[SELECT * INTO row] ; database/013_sprint3b_discussion_authority_and_request_identity.sql:L106@s3b_apply_resolved_discussion_internal[SELECT * INTO row] ; database/013_sprint3b_discussion_authority_and_request_identity.sql:L138@s3b_apply_resolved_discussion_internal[qualified/rowtype field reference] ; database/013_sprint3b_discussion_authority_and_request_identity.sql:L139@s3b_apply_resolved_discussion_internal[qualified/rowtype field reference] ; database/014_sprint3b_evidence_and_puzzle_integrity.sql:L407@s3b_submit_library_code[SELECT * INTO row] ; database/014a_sprint3b_inspect_reconnect_idempotency_fix.sql:L32@s3b_apply_resolved_discussion_internal[SELECT * INTO row] ; database/014a_sprint3b_inspect_reconnect_idempotency_fix.sql:L64@s3b_apply_resolved_discussion_internal[qualified/rowtype field reference] ; database/048_sprint8_focused_level1_corrections.sql:L35@s8_finalize[SELECT * INTO row] ; database/049_sprint8_final_closure.sql:L72@s8_verify_integrity[SELECT * INTO row] ; database/054_level3_integrated_closure.sql:L129@s8_verify_integrity[SELECT * INTO row],3,MEDIUM:tests/sprint3b-live-e2e.js:L59@main[property-name reference] ; MEDIUM:tests/sprint3b-live-e2e.js:L60@main[property-name reference] ; MEDIUM:tests/sprint3b-remediation-static-check.js:L60@requireFragments[property-name reference],0,,0,
F0291,s3b_run_state#15,s3b_run_state,puzzle_locked_prefix,15,1,YES,2,database/011_sprint3b_transition_and_act1_delivery_integrity.sql:L100@s3b_refresh_puzzle[UPDATE SET]{DIRECT_OR_COMPUTED} ; database/015_sprint3c_minimal_safe_teacher_override.sql:L101@teacher_apply_override[UPDATE SET]{DIRECT_OR_COMPUTED},12,database/007_sprint3b_act1_5_placeholder_flow.sql:L285@s3b_get_player_state[to_jsonb(row) exposes field] ; database/010_sprint3b_flow_integrity_and_inspect_fix.sql:L85@s3b_refresh_puzzle[SELECT * INTO row] ; database/011_sprint3b_transition_and_act1_delivery_integrity.sql:L100@s3b_refresh_puzzle[SELECT * INTO row] ; database/011_sprint3b_transition_and_act1_delivery_integrity.sql:L92@s3b_submit_library_code[SELECT * INTO row] ; database/011_sprint3b_transition_and_act1_delivery_integrity.sql:L92@s3b_submit_library_code[qualified/rowtype field reference] ; database/013_sprint3b_discussion_authority_and_request_identity.sql:L106@s3b_apply_resolved_discussion_internal[SELECT * INTO row] ; database/014_sprint3b_evidence_and_puzzle_integrity.sql:L407@s3b_submit_library_code[SELECT * INTO row] ; database/014_sprint3b_evidence_and_puzzle_integrity.sql:L411@s3b_submit_library_code[qualified/rowtype field reference] ; database/014a_sprint3b_inspect_reconnect_idempotency_fix.sql:L32@s3b_apply_resolved_discussion_internal[SELECT * INTO row] ; database/048_sprint8_focused_level1_corrections.sql:L35@s8_finalize[SELECT * INTO row] ; database/049_sprint8_final_closure.sql:L72@s8_verify_integrity[SELECT * INTO row] ; database/054_level3_integrated_closure.sql:L129@s8_verify_integrity[SELECT * INTO row],3,MEDIUM:src/game/app.js:L350@renderSprint3b[property-name reference] ; MEDIUM:tests/sprint3b-live-e2e.js:L53@main[property-name reference] ; MEDIUM:tests/sprint3b-live-e2e.js:L64@main[property-name reference],0,,0,
F0292,s5_act8_private_choices#01,s5_act8_private_choices,run_id,1,36,NO,1,database/027_sprint5_act6_8_runtime.sql:L81@s5_submit_private_choice[INSERT explicit column]{DIRECT_OR_COMPUTED},3,database/027_sprint5_act6_8_runtime.sql:L79@s5_submit_private_choice[SELECT * INTO row] ; database/027_sprint5_act6_8_runtime.sql:L88@s5_get_player_state[qualified/rowtype field reference] ; database/029_sprint5_canonical_discussion_localization.sql:L92@s5_get_discussion_state[qualified/rowtype field reference],0,,2,READ:tests/sprint8-final-closure-integrity-transaction.sql:L157@TEST_SQL[bare field in single test statement] ; READ:tests/sprint8-final-closure-integrity-transaction.sql:L160@TEST_SQL[bare field in single test statement],0,
