kind,column,candidates,path,line,context,detail
DUPLICATE_NAME_NONSQL_REFERENCE,text_key,s3_runtime_scene_state#06|s6_private_clues#05,scripts/generate-localization.js,29,parseCsv,duplicate-name property reference
DUPLICATE_NAME_NONSQL_REFERENCE,text_key,s3_runtime_scene_state#06|s6_private_clues#05,scripts/generate-localization.js,36,parseCsv,duplicate-name property reference
DUPLICATE_NAME_NONSQL_REFERENCE,text_key,s3_runtime_scene_state#06|s6_private_clues#05,scripts/generate-localization.js,37,parseCsv,duplicate-name property reference
DUPLICATE_NAME_NONSQL_REFERENCE,text_key,s3_runtime_scene_state#06|s6_private_clues#05,scripts/generate-localization.js,38,parseCsv,duplicate-name property reference
DUPLICATE_NAME_NONSQL_REFERENCE,text_key,s3_runtime_scene_state#06|s6_private_clues#05,scripts/generate-localization.js,39,parseCsv,duplicate-name property reference
DUPLICATE_NAME_NONSQL_REFERENCE,text_key,s3_runtime_scene_state#06|s6_private_clues#05,scripts/generate-localization.js,40,parseCsv,duplicate-name property reference
DUPLICATE_NAME_NONSQL_REFERENCE,asset_key,asset_candidates#02|asset_events#02|asset_registry_projection#01,scripts/import-asset-candidate.mjs,5,rpc,duplicate-name property reference
DUPLICATE_NAME_NONSQL_REFERENCE,status,asset_candidates#09|discussion_sessions#09|game_runs#06|s5_rounds#06,scripts/import-asset-candidate.mjs,5,rpc,duplicate-name property reference
DUPLICATE_NAME_NONSQL_REFERENCE,asset_key,asset_candidates#02|asset_events#02|asset_registry_projection#01,scripts/publish-asset-candidate.mjs,5,TOP_LEVEL,duplicate-name property reference
DUPLICATE_NAME_NONSQL_REFERENCE,version,asset_candidates#03|asset_events#04,scripts/publish-asset-candidate.mjs,5,TOP_LEVEL,duplicate-name property reference
DUPLICATE_NAME_NONSQL_REFERENCE,status,asset_candidates#09|discussion_sessions#09|game_runs#06|s5_rounds#06,scripts/publish-asset-candidate.mjs,5,TOP_LEVEL,duplicate-name property reference
DUPLICATE_NAME_NONSQL_REFERENCE,asset_key,asset_candidates#02|asset_events#02|asset_registry_projection#01,scripts/publish-asset-candidate.mjs,6,TOP_LEVEL,duplicate-name property reference
DUPLICATE_NAME_NONSQL_REFERENCE,version,asset_candidates#03|asset_events#04,scripts/publish-asset-candidate.mjs,6,TOP_LEVEL,duplicate-name property reference
DUPLICATE_NAME_NONSQL_REFERENCE,asset_type,asset_candidates#04|asset_registry_projection#04,scripts/publish-asset-candidate.mjs,6,TOP_LEVEL,duplicate-name property reference
DUPLICATE_NAME_NONSQL_REFERENCE,status,asset_candidates#09|discussion_sessions#09|game_runs#06|s5_rounds#06,scripts/wp-r4a-post-smoke-verify.mjs,22,request,duplicate-name property reference
DUPLICATE_NAME_NONSQL_REFERENCE,asset_key,asset_candidates#02|asset_events#02|asset_registry_projection#01,scripts/wp-r4a-post-smoke-verify.mjs,37,main,duplicate-name property reference
DUPLICATE_NAME_NONSQL_REFERENCE,asset_key,asset_candidates#02|asset_events#02|asset_registry_projection#01,scripts/wp-r4a-post-smoke-verify.mjs,38,main,duplicate-name property reference
DUPLICATE_NAME_NONSQL_REFERENCE,asset_key,asset_candidates#02|asset_events#02|asset_registry_projection#01,scripts/wp-r4a-post-smoke-verify.mjs,40,main,duplicate-name property reference
DUPLICATE_NAME_NONSQL_REFERENCE,asset_key,asset_candidates#02|asset_events#02|asset_registry_projection#01,scripts/wp-r4a-post-smoke-verify.mjs,42,main,duplicate-name property reference
DUPLICATE_NAME_NONSQL_REFERENCE,version,asset_candidates#03|asset_events#04,scripts/wp-r4a-post-smoke-verify.mjs,43,main,duplicate-name property reference
DUPLICATE_NAME_NONSQL_REFERENCE,asset_key,asset_candidates#02|asset_events#02|asset_registry_projection#01,scripts/wp-r4a-post-smoke-verify.mjs,45,main,duplicate-name property reference
DUPLICATE_NAME_NONSQL_REFERENCE,details,act6_13_event_ledger#08|asset_events#05|runtime_events#07|s1_game_events#05,scripts/wp-r4a-post-smoke-verify.mjs,56,main,duplicate-name property reference
DUPLICATE_NAME_NONSQL_REFERENCE,status,asset_candidates#09|discussion_sessions#09|game_runs#06|s5_rounds#06,scripts/wp-r4a-publish-activate-images.mjs,63,request,duplicate-name property reference
DUPLICATE_NAME_NONSQL_REFERENCE,details,act6_13_event_ledger#08|asset_events#05|runtime_events#07|s1_game_events#05,scripts/wp-r4a-publish-activate-images.mjs,100,loadFailureEvents,duplicate-name property reference
DUPLICATE_NAME_NONSQL_REFERENCE,version,asset_candidates#03|asset_events#04,scripts/wp-r4a-publish-activate-images.mjs,125,publishCandidate,duplicate-name property reference
DUPLICATE_NAME_NONSQL_REFERENCE,asset_key,asset_candidates#02|asset_events#02|asset_registry_projection#01,scripts/wp-r4a-publish-activate-images.mjs,126,publishCandidate,duplicate-name property reference
DUPLICATE_NAME_NONSQL_REFERENCE,asset_key,asset_candidates#02|asset_events#02|asset_registry_projection#01,scripts/wp-r4a-publish-activate-images.mjs,130,publishCandidate,duplicate-name property reference
DUPLICATE_NAME_NONSQL_REFERENCE,asset_key,asset_candidates#02|asset_events#02|asset_registry_projection#01,scripts/wp-r4a-publish-activate-images.mjs,141,publishCandidate,duplicate-name property reference
DUPLICATE_NAME_NONSQL_REFERENCE,status,asset_candidates#09|discussion_sessions#09|game_runs#06|s5_rounds#06,scripts/wp-r4a-publish-activate-images.mjs,141,publishCandidate,duplicate-name property reference
DUPLICATE_NAME_NONSQL_REFERENCE,asset_key,asset_candidates#02|asset_events#02|asset_registry_projection#01,scripts/wp-r4a-publish-activate-images.mjs,145,publishCandidate,duplicate-name property reference
DUPLICATE_NAME_NONSQL_REFERENCE,status,asset_candidates#09|discussion_sessions#09|game_runs#06|s5_rounds#06,scripts/wp-r4a-publish-activate-images.mjs,145,publishCandidate,duplicate-name property reference
DUPLICATE_NAME_NONSQL_REFERENCE,asset_key,asset_candidates#02|asset_events#02|asset_registry_projection#01,scripts/wp-r4a-publish-activate-images.mjs,146,publishCandidate,duplicate-name property reference
DUPLICATE_NAME_NONSQL_REFERENCE,asset_key,asset_candidates#02|asset_events#02|asset_registry_projection#01,scripts/wp-r4a-publish-activate-images.mjs,159,publishCandidate,duplicate-name property reference
DUPLICATE_NAME_NONSQL_REFERENCE,status,asset_candidates#09|discussion_sessions#09|game_runs#06|s5_rounds#06,scripts/wp-r4a-publish-activate-images.mjs,159,publishCandidate,duplicate-name property reference
DUPLICATE_NAME_NONSQL_REFERENCE,asset_key,asset_candidates#02|asset_events#02|asset_registry_projection#01,scripts/wp-r4a-publish-activate-images.mjs,160,publishCandidate,duplicate-name property reference
DUPLICATE_NAME_NONSQL_REFERENCE,asset_type,asset_candidates#04|asset_registry_projection#04,scripts/wp-r4a-publish-activate-images.mjs,166,main,duplicate-name property reference
DUPLICATE_NAME_NONSQL_REFERENCE,asset_key,asset_candidates#02|asset_events#02|asset_registry_projection#01,scripts/wp-r4a-publish-activate-images.mjs,173,main,duplicate-name property reference
DUPLICATE_NAME_NONSQL_REFERENCE,asset_key,asset_candidates#02|asset_events#02|asset_registry_projection#01,scripts/wp-r4a-publish-activate-images.mjs,174,main,duplicate-name property reference
DUPLICATE_NAME_NONSQL_REFERENCE,asset_key,asset_candidates#02|asset_events#02|asset_registry_projection#01,scripts/wp-r4a-publish-activate-images.mjs,178,main,duplicate-name property reference
DUPLICATE_NAME_NONSQL_REFERENCE,version,asset_candidates#03|asset_events#04,scripts/wp-r4a-publish-activate-images.mjs,178,main,duplicate-name property reference
DUPLICATE_NAME_NONSQL_REFERENCE,asset_key,asset_candidates#02|asset_events#02|asset_registry_projection#01,scripts/wp-r4a-publish-activate-images.mjs,179,main,duplicate-name property reference
DUPLICATE_NAME_NONSQL_REFERENCE,status,asset_candidates#09|discussion_sessions#09|game_runs#06|s5_rounds#06,scripts/wp-r4a-publish-activate-images.mjs,179,main,duplicate-name property reference
DUPLICATE_NAME_NONSQL_REFERENCE,asset_key,asset_candidates#02|asset_events#02|asset_registry_projection#01,scripts/wp-r4a-publish-activate-images.mjs,180,main,duplicate-name property reference
DUPLICATE_NAME_NONSQL_REFERENCE,asset_key,asset_candidates#02|asset_events#02|asset_registry_projection#01,scripts/wp-r4a-publish-activate-images.mjs,182,main,duplicate-name property reference
DUPLICATE_NAME_NONSQL_REFERENCE,required_anchors,asset_candidates#27|asset_registry_projection#11,scripts/wp-r4a-publish-activate-images.mjs,182,main,duplicate-name property reference
DUPLICATE_NAME_NONSQL_REFERENCE,asset_key,asset_candidates#02|asset_events#02|asset_registry_projection#01,scripts/wp-r4a-publish-activate-images.mjs,185,main,duplicate-name property reference
DUPLICATE_NAME_NONSQL_REFERENCE,required_anchors,asset_candidates#27|asset_registry_projection#11,scripts/wp-r4a-publish-activate-images.mjs,191,main,duplicate-name property reference
DUPLICATE_NAME_NONSQL_REFERENCE,asset_key,asset_candidates#02|asset_events#02|asset_registry_projection#01,scripts/wp-r4a-publish-activate-images.mjs,200,main,duplicate-name property reference
DUPLICATE_NAME_NONSQL_REFERENCE,paired_asset_group,asset_candidates#16|asset_registry_projection#10,scripts/wp-r4a-publish-activate-images.mjs,200,main,duplicate-name property reference
DUPLICATE_NAME_NONSQL_REFERENCE,asset_key,asset_candidates#02|asset_events#02|asset_registry_projection#01,scripts/wp-r4a-publish-activate-images.mjs,202,main,duplicate-name property reference
DUPLICATE_NAME_NONSQL_REFERENCE,asset_key,asset_candidates#02|asset_events#02|asset_registry_projection#01,scripts/wp-r4a-publish-activate-images.mjs,238,main,duplicate-name property reference
DUPLICATE_NAME_NONSQL_REFERENCE,status,asset_candidates#09|discussion_sessions#09|game_runs#06|s5_rounds#06,scripts/wp-r4a-publish-activate-images.mjs,239,main,duplicate-name property reference
DUPLICATE_NAME_NONSQL_REFERENCE,status,asset_candidates#09|discussion_sessions#09|game_runs#06|s5_rounds#06,scripts/wp-r4a-publish-activate-images.mjs,240,main,duplicate-name property reference
DUPLICATE_NAME_NONSQL_REFERENCE,status,asset_candidates#09|discussion_sessions#09|game_runs#06|s5_rounds#06,scripts/wp-r4a-publish-activate-images.mjs,247,main,duplicate-name property reference
DUPLICATE_NAME_NONSQL_REFERENCE,asset_key,asset_candidates#02|asset_events#02|asset_registry_projection#01,scripts/wp-r4a-publish-activate-images.mjs,249,main,duplicate-name property reference
DUPLICATE_NAME_NONSQL_REFERENCE,asset_key,asset_candidates#02|asset_events#02|asset_registry_projection#01,scripts/wp-r4a-publish-activate-images.mjs,251,main,duplicate-name property reference
DUPLICATE_NAME_NONSQL_REFERENCE,asset_key,asset_candidates#02|asset_events#02|asset_registry_projection#01,scripts/wp-r4a-publish-activate-images.mjs,252,main,duplicate-name property reference
DUPLICATE_NAME_NONSQL_REFERENCE,status,asset_candidates#09|discussion_sessions#09|game_runs#06|s5_rounds#06,scripts/wp-r4a-publish-activate-images.mjs,260,main,duplicate-name property reference
DUPLICATE_NAME_NONSQL_REFERENCE,status,asset_candidates#09|discussion_sessions#09|game_runs#06|s5_rounds#06,scripts/wp-r4a-publish-activate-images.mjs,264,main,duplicate-name property reference
DUPLICATE_NAME_NONSQL_REFERENCE,asset_key,asset_candidates#02|asset_events#02|asset_registry_projection#01,scripts/wp-r4a-publish-activate-images.mjs,274,main,duplicate-name property reference
DUPLICATE_NAME_NONSQL_REFERENCE,asset_key,asset_candidates#02|asset_events#02|asset_registry_projection#01,scripts/wp-r4a-publish-activate-images.mjs,275,main,duplicate-name property reference
DUPLICATE_NAME_NONSQL_REFERENCE,asset_key,asset_candidates#02|asset_events#02|asset_registry_projection#01,scripts/wp-r4a-publish-activate-images.mjs,276,main,duplicate-name property reference
DUPLICATE_NAME_NONSQL_REFERENCE,version,asset_candidates#03|asset_events#04,scripts/wp-r4a-publish-activate-images.mjs,276,main,duplicate-name property reference
DUPLICATE_NAME_NONSQL_REFERENCE,asset_key,asset_candidates#02|asset_events#02|asset_registry_projection#01,scripts/wp-r4a-publish-activate-images.mjs,277,main,duplicate-name property reference
DUPLICATE_NAME_NONSQL_REFERENCE,asset_key,asset_candidates#02|asset_events#02|asset_registry_projection#01,scripts/wp-r4a-publish-activate-images.mjs,279,main,duplicate-name property reference
DUPLICATE_NAME_NONSQL_REFERENCE,required_anchors,asset_candidates#27|asset_registry_projection#11,scripts/wp-r4a-publish-activate-images.mjs,279,main,duplicate-name property reference
DUPLICATE_NAME_NONSQL_REFERENCE,asset_key,asset_candidates#02|asset_events#02|asset_registry_projection#01,scripts/wp-r4a-publish-activate-images.mjs,282,main,duplicate-name property reference
DUPLICATE_NAME_NONSQL_REFERENCE,status,asset_candidates#09|discussion_sessions#09|game_runs#06|s5_rounds#06,scripts/wp-r4a-publish-activate-images.mjs,282,main,duplicate-name property reference
DUPLICATE_NAME_NONSQL_REFERENCE,asset_key,asset_candidates#02|asset_events#02|asset_registry_projection#01,scripts/wp-r4a-publish-activate-images.mjs,283,main,duplicate-name property reference
DUPLICATE_NAME_NONSQL_REFERENCE,version,asset_candidates#03|asset_events#04,scripts/wp-r4a-publish-activate-images.mjs,284,main,duplicate-name property reference
DUPLICATE_NAME_NONSQL_REFERENCE,status,asset_candidates#09|discussion_sessions#09|game_runs#06|s5_rounds#06,scripts/wp-r4a-publish-activate-images.mjs,286,main,duplicate-name property reference
DUPLICATE_NAME_NONSQL_REFERENCE,required_anchors,asset_candidates#27|asset_registry_projection#11,scripts/wp-r4a-publish-activate-images.mjs,287,main,duplicate-name property reference
DUPLICATE_NAME_NONSQL_REFERENCE,vote_round,discussion_sessions#07|runtime_player_decisions#07|s5_rounds#04|s5_run_state#04|s5_votes#03,src/content/localization.generated.js,2328,TOP_LEVEL,duplicate-name property reference
DUPLICATE_NAME_NONSQL_REFERENCE,room_code,game_runs#02|runtime_events#03|s1_game_events#02|s1_player_decisions#02|s1_room_players#02|s1_room_state#01|s1_rooms#01,src/game/app.js,98,clearRequestIdentity,duplicate-name property reference
DUPLICATE_NAME_NONSQL_REFERENCE,room_code,game_runs#02|runtime_events#03|s1_game_events#02|s1_player_decisions#02|s1_room_players#02|s1_room_state#01|s1_rooms#01,src/game/app.js,99,clearRequestIdentity,duplicate-name property reference
DUPLICATE_NAME_NONSQL_REFERENCE,player_id,act6_13_event_ledger#07|dialogue_messages#07|runtime_player_decisions#08|s1_player_decisions#04|s1_room_players#01|s3_player_item_view_state#02|s3_player_knowledge#03|s3_player_observations#02|s3b_player_facts#02|s3b_player_progress#02|s3b_post_inspection_route_votes#03|s5_act8_private_choices#02|s5_votes#04|s6_action_receipts#02|s6_allocation_attempts#04|s6_allocations#02|s6_audio_consumptions#02|s6_choices#04|s6_engagements#03|s6_private_clues#02|s6_station_b_progress#02|s6_station_tasks#03|s9_pocket_item_inspections#02|teacher_override_validity#03,src/game/app.js,122,joinRoom,duplicate-name property reference
DUPLICATE_NAME_NONSQL_REFERENCE,display_name,asset_registry_projection#02|s1_room_players#04,src/game/app.js,123,joinRoom,duplicate-name property reference
DUPLICATE_NAME_NONSQL_REFERENCE,room_code,game_runs#02|runtime_events#03|s1_game_events#02|s1_player_decisions#02|s1_room_players#02|s1_room_state#01|s1_rooms#01,src/game/app.js,143,refreshState,duplicate-name property reference
DUPLICATE_NAME_NONSQL_REFERENCE,room_code,game_runs#02|runtime_events#03|s1_game_events#02|s1_player_decisions#02|s1_room_players#02|s1_room_state#01|s1_rooms#01,src/game/app.js,155,refreshState,duplicate-name property reference
DUPLICATE_NAME_NONSQL_REFERENCE,room_code,game_runs#02|runtime_events#03|s1_game_events#02|s1_player_decisions#02|s1_room_players#02|s1_room_state#01|s1_rooms#01,src/game/app.js,161,refreshState,duplicate-name property reference
DUPLICATE_NAME_NONSQL_REFERENCE,room_code,game_runs#02|runtime_events#03|s1_game_events#02|s1_player_decisions#02|s1_room_players#02|s1_room_state#01|s1_rooms#01,src/game/app.js,164,refreshState,duplicate-name property reference
DUPLICATE_NAME_NONSQL_REFERENCE,room_code,game_runs#02|runtime_events#03|s1_game_events#02|s1_player_decisions#02|s1_room_players#02|s1_room_state#01|s1_rooms#01,src/game/app.js,165,refreshState,duplicate-name property reference
DUPLICATE_NAME_NONSQL_REFERENCE,room_code,game_runs#02|runtime_events#03|s1_game_events#02|s1_player_decisions#02|s1_room_players#02|s1_room_state#01|s1_rooms#01,src/game/app.js,168,refreshState,duplicate-name property reference
DUPLICATE_NAME_NONSQL_REFERENCE,act6_entered_at,s3b_player_progress#22|s5_run_state#10,src/game/app.js,174,refreshState,duplicate-name property reference
DUPLICATE_NAME_NONSQL_REFERENCE,phase_key,act6_13_event_ledger#05|dialogue_messages#05|discussion_sessions#04|game_runs#08|runtime_events#10|runtime_player_decisions#05|s3_runtime_scene_state#03|s5_rounds#03|s5_run_state#03|s5_votes#02|s6_audio_occurrences#04|s6_choices#02|s6_run_state#03,src/game/app.js,181,refreshState,duplicate-name property reference
DUPLICATE_NAME_NONSQL_REFERENCE,act6_entered_at,s3b_player_progress#22|s5_run_state#10,src/game/app.js,181,refreshState,duplicate-name property reference
DUPLICATE_NAME_NONSQL_REFERENCE,phase_key,act6_13_event_ledger#05|dialogue_messages#05|discussion_sessions#04|game_runs#08|runtime_events#10|runtime_player_decisions#05|s3_runtime_scene_state#03|s5_rounds#03|s5_run_state#03|s5_votes#02|s6_audio_occurrences#04|s6_choices#02|s6_run_state#03,src/game/app.js,190,refreshState,duplicate-name property reference
DUPLICATE_NAME_NONSQL_REFERENCE,display_name,asset_registry_projection#02|s1_room_players#04,src/game/app.js,218,renderLifecycleNotice,duplicate-name property reference
DUPLICATE_NAME_NONSQL_REFERENCE,room_code,game_runs#02|runtime_events#03|s1_game_events#02|s1_player_decisions#02|s1_room_players#02|s1_room_state#01|s1_rooms#01,src/game/app.js,218,renderLifecycleNotice,duplicate-name property reference
DUPLICATE_NAME_NONSQL_REFERENCE,run_id,act6_13_event_ledger#02|dialogue_messages#02|discussion_sessions#02|game_runs#01|runtime_events#02|runtime_player_decisions#02|s3_group_items#01|s3_player_item_view_state#01|s3_player_items#01|s3_player_knowledge#02|s3_player_observations#01|s3_runtime_scene_state#01|s3_shared_photos#02|s3b_library_attempts#01|s3b_player_facts#01|s3b_player_progress#01|s3b_post_inspection_route_votes#02|s3b_run_state#01|s5_act8_private_choices#01|s5_rounds#02|s5_run_state#01|s5_votes#01|s6_action_receipts#01|s6_allocation_attempts#02|s6_allocations#01|s6_audio_occurrences#02|s6_choices#01|s6_engagements#01|s6_private_clues#01|s6_run_state#01|s6_station_b_progress#01|s6_station_tasks#01|s8_finalizations#01|s9_pocket_item_inspections#01|teacher_override_validity#02|teacher_overrides#02,src/game/app.js,237,renderAct5Handoff,duplicate-name property reference
DUPLICATE_NAME_NONSQL_REFERENCE,room_code,game_runs#02|runtime_events#03|s1_game_events#02|s1_player_decisions#02|s1_room_players#02|s1_room_state#01|s1_rooms#01,src/game/app.js,237,renderAct5Handoff,duplicate-name property reference
DUPLICATE_NAME_NONSQL_REFERENCE,run_id,act6_13_event_ledger#02|dialogue_messages#02|discussion_sessions#02|game_runs#01|runtime_events#02|runtime_player_decisions#02|s3_group_items#01|s3_player_item_view_state#01|s3_player_items#01|s3_player_knowledge#02|s3_player_observations#01|s3_runtime_scene_state#01|s3_shared_photos#02|s3b_library_attempts#01|s3b_player_facts#01|s3b_player_progress#01|s3b_post_inspection_route_votes#02|s3b_run_state#01|s5_act8_private_choices#01|s5_rounds#02|s5_run_state#01|s5_votes#01|s6_action_receipts#01|s6_allocation_attempts#02|s6_allocations#01|s6_audio_occurrences#02|s6_choices#01|s6_engagements#01|s6_private_clues#01|s6_run_state#01|s6_station_b_progress#01|s6_station_tasks#01|s8_finalizations#01|s9_pocket_item_inspections#01|teacher_override_validity#02|teacher_overrides#02,src/game/app.js,243,renderAct5Handoff,duplicate-name property reference
DUPLICATE_NAME_NONSQL_REFERENCE,room_code,game_runs#02|runtime_events#03|s1_game_events#02|s1_player_decisions#02|s1_room_players#02|s1_room_state#01|s1_rooms#01,src/game/app.js,243,renderAct5Handoff,duplicate-name property reference
DUPLICATE_NAME_NONSQL_REFERENCE,room_code,game_runs#02|runtime_events#03|s1_game_events#02|s1_player_decisions#02|s1_room_players#02|s1_room_state#01|s1_rooms#01,src/game/app.js,251,refreshSprint3b,duplicate-name property reference
DUPLICATE_NAME_NONSQL_REFERENCE,choice_id,runtime_player_decisions#10|s1_player_decisions#06|s1_scene_choices#02|s3b_post_inspection_route_votes#05|s5_act8_private_choices#03|s5_votes#05|s6_choices#05,src/game/app.js,311,act4RevealHtml,duplicate-name property reference
DUPLICATE_NAME_NONSQL_REFERENCE,scene_id,asset_candidates#05|asset_registry_projection#05|dialogue_messages#04|discussion_sessions#03|game_runs#07|runtime_events#09|runtime_player_decisions#04|s1_player_decisions#03|s1_scene_choices#01|s3_player_knowledge#06|s3_runtime_scene_state#02,src/game/app.js,330,renderSprint3b,duplicate-name property reference
DUPLICATE_NAME_NONSQL_REFERENCE,scene_id,asset_candidates#05|asset_registry_projection#05|dialogue_messages#04|discussion_sessions#03|game_runs#07|runtime_events#09|runtime_player_decisions#04|s1_player_decisions#03|s1_scene_choices#01|s3_player_knowledge#06|s3_runtime_scene_state#02,src/game/app.js,331,renderSprint3b,duplicate-name property reference
DUPLICATE_NAME_NONSQL_REFERENCE,phase_key,act6_13_event_ledger#05|dialogue_messages#05|discussion_sessions#04|game_runs#08|runtime_events#10|runtime_player_decisions#05|s3_runtime_scene_state#03|s5_rounds#03|s5_run_state#03|s5_votes#02|s6_audio_occurrences#04|s6_choices#02|s6_run_state#03,src/game/app.js,332,renderSprint3b,duplicate-name property reference
DUPLICATE_NAME_NONSQL_REFERENCE,phase_key,act6_13_event_ledger#05|dialogue_messages#05|discussion_sessions#04|game_runs#08|runtime_events#10|runtime_player_decisions#05|s3_runtime_scene_state#03|s5_rounds#03|s5_run_state#03|s5_votes#02|s6_audio_occurrences#04|s6_choices#02|s6_run_state#03,src/game/app.js,334,renderSprint3b,duplicate-name property reference
DUPLICATE_NAME_NONSQL_REFERENCE,text_key,s3_runtime_scene_state#06|s6_private_clues#05,src/game/app.js,334,renderSprint3b,duplicate-name property reference
DUPLICATE_NAME_NONSQL_REFERENCE,scene_id,asset_candidates#05|asset_registry_projection#05|dialogue_messages#04|discussion_sessions#03|game_runs#07|runtime_events#09|runtime_player_decisions#04|s1_player_decisions#03|s1_scene_choices#01|s3_player_knowledge#06|s3_runtime_scene_state#02,src/game/app.js,337,renderSprint3b,duplicate-name property reference
DUPLICATE_NAME_NONSQL_REFERENCE,scene_id,asset_candidates#05|asset_registry_projection#05|dialogue_messages#04|discussion_sessions#03|game_runs#07|runtime_events#09|runtime_player_decisions#04|s1_player_decisions#03|s1_scene_choices#01|s3_player_knowledge#06|s3_runtime_scene_state#02,src/game/app.js,338,renderSprint3b,duplicate-name property reference
DUPLICATE_NAME_NONSQL_REFERENCE,scene_id,asset_candidates#05|asset_registry_projection#05|dialogue_messages#04|discussion_sessions#03|game_runs#07|runtime_events#09|runtime_player_decisions#04|s1_player_decisions#03|s1_scene_choices#01|s3_player_knowledge#06|s3_runtime_scene_state#02,src/game/app.js,339,renderSprint3b,duplicate-name property reference
DUPLICATE_NAME_NONSQL_REFERENCE,scene_id,asset_candidates#05|asset_registry_projection#05|dialogue_messages#04|discussion_sessions#03|game_runs#07|runtime_events#09|runtime_player_decisions#04|s1_player_decisions#03|s1_scene_choices#01|s3_player_knowledge#06|s3_runtime_scene_state#02,src/game/app.js,340,renderSprint3b,duplicate-name property reference
DUPLICATE_NAME_NONSQL_REFERENCE,phase_key,act6_13_event_ledger#05|dialogue_messages#05|discussion_sessions#04|game_runs#08|runtime_events#10|runtime_player_decisions#05|s3_runtime_scene_state#03|s5_rounds#03|s5_run_state#03|s5_votes#02|s6_audio_occurrences#04|s6_choices#02|s6_run_state#03,src/game/app.js,344,renderSprint3b,duplicate-name property reference
DUPLICATE_NAME_NONSQL_REFERENCE,phase_key,act6_13_event_ledger#05|dialogue_messages#05|discussion_sessions#04|game_runs#08|runtime_events#10|runtime_player_decisions#05|s3_runtime_scene_state#03|s5_rounds#03|s5_run_state#03|s5_votes#02|s6_audio_occurrences#04|s6_choices#02|s6_run_state#03,src/game/app.js,345,renderSprint3b,duplicate-name property reference
DUPLICATE_NAME_NONSQL_REFERENCE,phase_key,act6_13_event_ledger#05|dialogue_messages#05|discussion_sessions#04|game_runs#08|runtime_events#10|runtime_player_decisions#05|s3_runtime_scene_state#03|s5_rounds#03|s5_run_state#03|s5_votes#02|s6_audio_occurrences#04|s6_choices#02|s6_run_state#03,src/game/app.js,346,renderSprint3b,duplicate-name property reference
DUPLICATE_NAME_NONSQL_REFERENCE,phase_key,act6_13_event_ledger#05|dialogue_messages#05|discussion_sessions#04|game_runs#08|runtime_events#10|runtime_player_decisions#05|s3_runtime_scene_state#03|s5_rounds#03|s5_run_state#03|s5_votes#02|s6_audio_occurrences#04|s6_choices#02|s6_run_state#03,src/game/app.js,347,renderSprint3b,duplicate-name property reference
DUPLICATE_NAME_NONSQL_REFERENCE,phase_key,act6_13_event_ledger#05|dialogue_messages#05|discussion_sessions#04|game_runs#08|runtime_events#10|runtime_player_decisions#05|s3_runtime_scene_state#03|s5_rounds#03|s5_run_state#03|s5_votes#02|s6_audio_occurrences#04|s6_choices#02|s6_run_state#03,src/game/app.js,348,renderSprint3b,duplicate-name property reference
DUPLICATE_NAME_NONSQL_REFERENCE,phase_key,act6_13_event_ledger#05|dialogue_messages#05|discussion_sessions#04|game_runs#08|runtime_events#10|runtime_player_decisions#05|s3_runtime_scene_state#03|s5_rounds#03|s5_run_state#03|s5_votes#02|s6_audio_occurrences#04|s6_choices#02|s6_run_state#03,src/game/app.js,349,renderSprint3b,duplicate-name property reference
DUPLICATE_NAME_NONSQL_REFERENCE,phase_key,act6_13_event_ledger#05|dialogue_messages#05|discussion_sessions#04|game_runs#08|runtime_events#10|runtime_player_decisions#05|s3_runtime_scene_state#03|s5_rounds#03|s5_run_state#03|s5_votes#02|s6_audio_occurrences#04|s6_choices#02|s6_run_state#03,src/game/app.js,350,renderSprint3b,duplicate-name property reference
DUPLICATE_NAME_NONSQL_REFERENCE,scene_id,asset_candidates#05|asset_registry_projection#05|dialogue_messages#04|discussion_sessions#03|game_runs#07|runtime_events#09|runtime_player_decisions#04|s1_player_decisions#03|s1_scene_choices#01|s3_player_knowledge#06|s3_runtime_scene_state#02,src/game/app.js,351,renderSprint3b,duplicate-name property reference
DUPLICATE_NAME_NONSQL_REFERENCE,scene_id,asset_candidates#05|asset_registry_projection#05|dialogue_messages#04|discussion_sessions#03|game_runs#07|runtime_events#09|runtime_player_decisions#04|s1_player_decisions#03|s1_scene_choices#01|s3_player_knowledge#06|s3_runtime_scene_state#02,src/game/app.js,352,renderSprint3b,duplicate-name property reference
DUPLICATE_NAME_NONSQL_REFERENCE,phase_key,act6_13_event_ledger#05|dialogue_messages#05|discussion_sessions#04|game_runs#08|runtime_events#10|runtime_player_decisions#05|s3_runtime_scene_state#03|s5_rounds#03|s5_run_state#03|s5_votes#02|s6_audio_occurrences#04|s6_choices#02|s6_run_state#03,src/game/app.js,353,renderSprint3b,duplicate-name property reference
DUPLICATE_NAME_NONSQL_REFERENCE,display_name,asset_registry_projection#02|s1_room_players#04,src/game/app.js,363,renderSprint3b,duplicate-name property reference
DUPLICATE_NAME_NONSQL_REFERENCE,item_key,s3_group_items#02|s3_item_catalog#01|s3_player_item_view_state#03|s3_player_items#02|s9_pocket_item_inspections#03,src/game/app.js,373,pocketItemContent,duplicate-name property reference
DUPLICATE_NAME_NONSQL_REFERENCE,item_key,s3_group_items#02|s3_item_catalog#01|s3_player_item_view_state#03|s3_player_items#02|s9_pocket_item_inspections#03,src/game/app.js,374,pocketItemContent,duplicate-name property reference
DUPLICATE_NAME_NONSQL_REFERENCE,item_key,s3_group_items#02|s3_item_catalog#01|s3_player_item_view_state#03|s3_player_items#02|s9_pocket_item_inspections#03,src/game/app.js,375,pocketItemContent,duplicate-name property reference
DUPLICATE_NAME_NONSQL_REFERENCE,item_key,s3_group_items#02|s3_item_catalog#01|s3_player_item_view_state#03|s3_player_items#02|s9_pocket_item_inspections#03,src/game/app.js,376,pocketItemContent,duplicate-name property reference
DUPLICATE_NAME_NONSQL_REFERENCE,item_key,s3_group_items#02|s3_item_catalog#01|s3_player_item_view_state#03|s3_player_items#02|s9_pocket_item_inspections#03,src/game/app.js,377,pocketItemContent,duplicate-name property reference
DUPLICATE_NAME_NONSQL_REFERENCE,item_key,s3_group_items#02|s3_item_catalog#01|s3_player_item_view_state#03|s3_player_items#02|s9_pocket_item_inspections#03,src/game/app.js,378,pocketItemContent,duplicate-name property reference
DUPLICATE_NAME_NONSQL_REFERENCE,item_key,s3_group_items#02|s3_item_catalog#01|s3_player_item_view_state#03|s3_player_items#02|s9_pocket_item_inspections#03,src/game/app.js,379,pocketItemContent,duplicate-name property reference
DUPLICATE_NAME_NONSQL_REFERENCE,item_key,s3_group_items#02|s3_item_catalog#01|s3_player_item_view_state#03|s3_player_items#02|s9_pocket_item_inspections#03,src/game/app.js,380,pocketItemContent,duplicate-name property reference
DUPLICATE_NAME_NONSQL_REFERENCE,item_key,s3_group_items#02|s3_item_catalog#01|s3_player_item_view_state#03|s3_player_items#02|s9_pocket_item_inspections#03,src/game/app.js,386,pocketEvidencePanel,duplicate-name property reference
DUPLICATE_NAME_NONSQL_REFERENCE,item_key,s3_group_items#02|s3_item_catalog#01|s3_player_item_view_state#03|s3_player_items#02|s9_pocket_item_inspections#03,src/game/app.js,388,pocketEvidencePanel,duplicate-name property reference
DUPLICATE_NAME_NONSQL_REFERENCE,item_key,s3_group_items#02|s3_item_catalog#01|s3_player_item_view_state#03|s3_player_items#02|s9_pocket_item_inspections#03,src/game/app.js,389,pocketEvidencePanel,duplicate-name property reference
DUPLICATE_NAME_NONSQL_REFERENCE,label_text_key,s3_group_items#03|s3_shared_photos#07,src/game/app.js,389,pocketEvidencePanel,duplicate-name property reference
DUPLICATE_NAME_NONSQL_REFERENCE,label_text_key,s3_group_items#03|s3_shared_photos#07,src/game/app.js,390,pocketEvidencePanel,duplicate-name property reference
DUPLICATE_NAME_NONSQL_REFERENCE,display_text_key,s3_observation_catalog#02|s3_player_observations#04,src/game/app.js,390,pocketEvidencePanel,duplicate-name property reference
DUPLICATE_NAME_NONSQL_REFERENCE,allow_share_photo,discussion_sessions#29|s3_runtime_scene_state#10,src/game/app.js,391,pocketEvidencePanel,duplicate-name property reference
DUPLICATE_NAME_NONSQL_REFERENCE,item_key,s3_group_items#02|s3_item_catalog#01|s3_player_item_view_state#03|s3_player_items#02|s9_pocket_item_inspections#03,src/game/app.js,392,pocketEvidencePanel,duplicate-name property reference
DUPLICATE_NAME_NONSQL_REFERENCE,phase_key,act6_13_event_ledger#05|dialogue_messages#05|discussion_sessions#04|game_runs#08|runtime_events#10|runtime_player_decisions#05|s3_runtime_scene_state#03|s5_rounds#03|s5_run_state#03|s5_votes#02|s6_audio_occurrences#04|s6_choices#02|s6_run_state#03,src/game/app.js,399,renderSprint5,duplicate-name property reference
DUPLICATE_NAME_NONSQL_REFERENCE,phase_key,act6_13_event_ledger#05|dialogue_messages#05|discussion_sessions#04|game_runs#08|runtime_events#10|runtime_player_decisions#05|s3_runtime_scene_state#03|s5_rounds#03|s5_run_state#03|s5_votes#02|s6_audio_occurrences#04|s6_choices#02|s6_run_state#03,src/game/app.js,400,renderSprint5,duplicate-name property reference
DUPLICATE_NAME_NONSQL_REFERENCE,phase_key,act6_13_event_ledger#05|dialogue_messages#05|discussion_sessions#04|game_runs#08|runtime_events#10|runtime_player_decisions#05|s3_runtime_scene_state#03|s5_rounds#03|s5_run_state#03|s5_votes#02|s6_audio_occurrences#04|s6_choices#02|s6_run_state#03,src/game/app.js,401,renderSprint5,duplicate-name property reference
DUPLICATE_NAME_NONSQL_REFERENCE,phase_key,act6_13_event_ledger#05|dialogue_messages#05|discussion_sessions#04|game_runs#08|runtime_events#10|runtime_player_decisions#05|s3_runtime_scene_state#03|s5_rounds#03|s5_run_state#03|s5_votes#02|s6_audio_occurrences#04|s6_choices#02|s6_run_state#03,src/game/app.js,402,renderSprint5,duplicate-name property reference
DUPLICATE_NAME_NONSQL_REFERENCE,phase_key,act6_13_event_ledger#05|dialogue_messages#05|discussion_sessions#04|game_runs#08|runtime_events#10|runtime_player_decisions#05|s3_runtime_scene_state#03|s5_rounds#03|s5_run_state#03|s5_votes#02|s6_audio_occurrences#04|s6_choices#02|s6_run_state#03,src/game/app.js,403,renderSprint5,duplicate-name property reference
DUPLICATE_NAME_NONSQL_REFERENCE,choice_id,runtime_player_decisions#10|s1_player_decisions#06|s1_scene_choices#02|s3b_post_inspection_route_votes#05|s5_act8_private_choices#03|s5_votes#05|s6_choices#05,src/game/app.js,403,renderSprint5,duplicate-name property reference
DUPLICATE_NAME_NONSQL_REFERENCE,phase_key,act6_13_event_ledger#05|dialogue_messages#05|discussion_sessions#04|game_runs#08|runtime_events#10|runtime_player_decisions#05|s3_runtime_scene_state#03|s5_rounds#03|s5_run_state#03|s5_votes#02|s6_audio_occurrences#04|s6_choices#02|s6_run_state#03,src/game/app.js,404,renderSprint5,duplicate-name property reference
DUPLICATE_NAME_NONSQL_REFERENCE,phase_key,act6_13_event_ledger#05|dialogue_messages#05|discussion_sessions#04|game_runs#08|runtime_events#10|runtime_player_decisions#05|s3_runtime_scene_state#03|s5_rounds#03|s5_run_state#03|s5_votes#02|s6_audio_occurrences#04|s6_choices#02|s6_run_state#03,src/game/app.js,405,renderSprint5,duplicate-name property reference
DUPLICATE_NAME_NONSQL_REFERENCE,phase_key,act6_13_event_ledger#05|dialogue_messages#05|discussion_sessions#04|game_runs#08|runtime_events#10|runtime_player_decisions#05|s3_runtime_scene_state#03|s5_rounds#03|s5_run_state#03|s5_votes#02|s6_audio_occurrences#04|s6_choices#02|s6_run_state#03,src/game/app.js,406,renderSprint5,duplicate-name property reference
DUPLICATE_NAME_NONSQL_REFERENCE,phase_key,act6_13_event_ledger#05|dialogue_messages#05|discussion_sessions#04|game_runs#08|runtime_events#10|runtime_player_decisions#05|s3_runtime_scene_state#03|s5_rounds#03|s5_run_state#03|s5_votes#02|s6_audio_occurrences#04|s6_choices#02|s6_run_state#03,src/game/app.js,407,renderSprint5,duplicate-name property reference
DUPLICATE_NAME_NONSQL_REFERENCE,phase_key,act6_13_event_ledger#05|dialogue_messages#05|discussion_sessions#04|game_runs#08|runtime_events#10|runtime_player_decisions#05|s3_runtime_scene_state#03|s5_rounds#03|s5_run_state#03|s5_votes#02|s6_audio_occurrences#04|s6_choices#02|s6_run_state#03,src/game/app.js,408,renderSprint5,duplicate-name property reference
DUPLICATE_NAME_NONSQL_REFERENCE,act_no,act6_13_event_ledger#04|s5_run_state#02|s6_private_clues#03|s6_run_state#02,src/game/app.js,410,renderSprint5,duplicate-name property reference
DUPLICATE_NAME_NONSQL_REFERENCE,act_no,act6_13_event_ledger#04|s5_run_state#02|s6_private_clues#03|s6_run_state#02,src/game/app.js,418,hydrateS5Assets,duplicate-name property reference
DUPLICATE_NAME_NONSQL_REFERENCE,room_code,game_runs#02|runtime_events#03|s1_game_events#02|s1_player_decisions#02|s1_room_players#02|s1_room_state#01|s1_rooms#01,src/game/app.js,419,shareSprint5Photo,duplicate-name property reference
DUPLICATE_NAME_NONSQL_REFERENCE,room_code,game_runs#02|runtime_events#03|s1_game_events#02|s1_player_decisions#02|s1_room_players#02|s1_room_state#01|s1_rooms#01,src/game/app.js,420,flipSprint5Item,duplicate-name property reference
DUPLICATE_NAME_NONSQL_REFERENCE,room_code,game_runs#02|runtime_events#03|s1_game_events#02|s1_player_decisions#02|s1_room_players#02|s1_room_state#01|s1_rooms#01,src/game/app.js,421,inspectPocketItem,duplicate-name property reference
DUPLICATE_NAME_NONSQL_REFERENCE,phase_key,act6_13_event_ledger#05|dialogue_messages#05|discussion_sessions#04|game_runs#08|runtime_events#10|runtime_player_decisions#05|s3_runtime_scene_state#03|s5_rounds#03|s5_run_state#03|s5_votes#02|s6_audio_occurrences#04|s6_choices#02|s6_run_state#03,src/game/app.js,423,sprint6Identity,duplicate-name property reference
DUPLICATE_NAME_NONSQL_REFERENCE,round_no,discussion_sessions#06|s6_allocation_attempts#03|s6_choices#03|s6_run_state#05,src/game/app.js,423,sprint6Identity,duplicate-name property reference
DUPLICATE_NAME_NONSQL_REFERENCE,room_code,game_runs#02|runtime_events#03|s1_game_events#02|s1_player_decisions#02|s1_room_players#02|s1_room_state#01|s1_rooms#01,src/game/app.js,428,flushSprint6AudioConsumptions,duplicate-name property reference
DUPLICATE_NAME_NONSQL_REFERENCE,phase_key,act6_13_event_ledger#05|dialogue_messages#05|discussion_sessions#04|game_runs#08|runtime_events#10|runtime_player_decisions#05|s3_runtime_scene_state#03|s5_rounds#03|s5_run_state#03|s5_votes#02|s6_audio_occurrences#04|s6_choices#02|s6_run_state#03,src/game/app.js,433,setSprint6CinematicMode,duplicate-name property reference
DUPLICATE_NAME_NONSQL_REFERENCE,cinematic_stage,s6_audio_occurrences#05|s6_run_state#21,src/game/app.js,433,setSprint6CinematicMode,duplicate-name property reference
DUPLICATE_NAME_NONSQL_REFERENCE,room_code,game_runs#02|runtime_events#03|s1_game_events#02|s1_player_decisions#02|s1_room_players#02|s1_room_state#01|s1_rooms#01,src/game/app.js,434,scheduleSprint6LeverCenter,duplicate-name property reference
DUPLICATE_NAME_NONSQL_REFERENCE,phase_key,act6_13_event_ledger#05|dialogue_messages#05|discussion_sessions#04|game_runs#08|runtime_events#10|runtime_player_decisions#05|s3_runtime_scene_state#03|s5_rounds#03|s5_run_state#03|s5_votes#02|s6_audio_occurrences#04|s6_choices#02|s6_run_state#03,src/game/app.js,436,sprint6Discussion,duplicate-name property reference
DUPLICATE_NAME_NONSQL_REFERENCE,display_name,asset_registry_projection#02|s1_room_players#04,src/game/app.js,436,sprint6Discussion,duplicate-name property reference
DUPLICATE_NAME_NONSQL_REFERENCE,discussion_session_id,dialogue_messages#03|discussion_sessions#01|runtime_events#04|runtime_player_decisions#03|s5_rounds#01,src/game/app.js,436,sprint6Discussion,duplicate-name property reference
DUPLICATE_NAME_NONSQL_REFERENCE,phase_key,act6_13_event_ledger#05|dialogue_messages#05|discussion_sessions#04|game_runs#08|runtime_events#10|runtime_player_decisions#05|s3_runtime_scene_state#03|s5_rounds#03|s5_run_state#03|s5_votes#02|s6_audio_occurrences#04|s6_choices#02|s6_run_state#03,src/game/app.js,439,renderSprint6AcceptedWaiting,duplicate-name property reference
DUPLICATE_NAME_NONSQL_REFERENCE,phase_key,act6_13_event_ledger#05|dialogue_messages#05|discussion_sessions#04|game_runs#08|runtime_events#10|runtime_player_decisions#05|s3_runtime_scene_state#03|s5_rounds#03|s5_run_state#03|s5_votes#02|s6_audio_occurrences#04|s6_choices#02|s6_run_state#03,src/game/app.js,440,renderSprint6AcceptedWaiting,duplicate-name property reference
DUPLICATE_NAME_NONSQL_REFERENCE,phase_key,act6_13_event_ledger#05|dialogue_messages#05|discussion_sessions#04|game_runs#08|runtime_events#10|runtime_player_decisions#05|s3_runtime_scene_state#03|s5_rounds#03|s5_run_state#03|s5_votes#02|s6_audio_occurrences#04|s6_choices#02|s6_run_state#03,src/game/app.js,441,renderSprint6AcceptedWaiting,duplicate-name property reference
DUPLICATE_NAME_NONSQL_REFERENCE,phase_key,act6_13_event_ledger#05|dialogue_messages#05|discussion_sessions#04|game_runs#08|runtime_events#10|runtime_player_decisions#05|s3_runtime_scene_state#03|s5_rounds#03|s5_run_state#03|s5_votes#02|s6_audio_occurrences#04|s6_choices#02|s6_run_state#03,src/game/app.js,442,renderSprint6AcceptedWaiting,duplicate-name property reference
DUPLICATE_NAME_NONSQL_REFERENCE,act_no,act6_13_event_ledger#04|s5_run_state#02|s6_private_clues#03|s6_run_state#02,src/game/app.js,450,mainGateOverlayHtml,duplicate-name property reference
DUPLICATE_NAME_NONSQL_REFERENCE,act_no,act6_13_event_ledger#04|s5_run_state#02|s6_private_clues#03|s6_run_state#02,src/game/app.js,457,mainGateLegendHtml,duplicate-name property reference
DUPLICATE_NAME_NONSQL_REFERENCE,act_no,act6_13_event_ledger#04|s5_run_state#02|s6_private_clues#03|s6_run_state#02,src/game/app.js,461,renderSprint6,duplicate-name property reference
DUPLICATE_NAME_NONSQL_REFERENCE,phase_key,act6_13_event_ledger#05|dialogue_messages#05|discussion_sessions#04|game_runs#08|runtime_events#10|runtime_player_decisions#05|s3_runtime_scene_state#03|s5_rounds#03|s5_run_state#03|s5_votes#02|s6_audio_occurrences#04|s6_choices#02|s6_run_state#03,src/game/app.js,461,renderSprint6,duplicate-name property reference
DUPLICATE_NAME_NONSQL_REFERENCE,choice_id,runtime_player_decisions#10|s1_player_decisions#06|s1_scene_choices#02|s3b_post_inspection_route_votes#05|s5_act8_private_choices#03|s5_votes#05|s6_choices#05,src/game/app.js,461,renderSprint6,duplicate-name property reference
DUPLICATE_NAME_NONSQL_REFERENCE,text_key,s3_runtime_scene_state#06|s6_private_clues#05,src/game/app.js,461,renderSprint6,duplicate-name property reference
DUPLICATE_NAME_NONSQL_REFERENCE,cinematic_stage,s6_audio_occurrences#05|s6_run_state#21,src/game/app.js,461,renderSprint6,duplicate-name property reference
DUPLICATE_NAME_NONSQL_REFERENCE,run_id,act6_13_event_ledger#02|dialogue_messages#02|discussion_sessions#02|game_runs#01|runtime_events#02|runtime_player_decisions#02|s3_group_items#01|s3_player_item_view_state#01|s3_player_items#01|s3_player_knowledge#02|s3_player_observations#01|s3_runtime_scene_state#01|s3_shared_photos#02|s3b_library_attempts#01|s3b_player_facts#01|s3b_player_progress#01|s3b_post_inspection_route_votes#02|s3b_run_state#01|s5_act8_private_choices#01|s5_rounds#02|s5_run_state#01|s5_votes#01|s6_action_receipts#01|s6_allocation_attempts#02|s6_allocations#01|s6_audio_occurrences#02|s6_choices#01|s6_engagements#01|s6_private_clues#01|s6_run_state#01|s6_station_b_progress#01|s6_station_tasks#01|s8_finalizations#01|s9_pocket_item_inspections#01|teacher_override_validity#02|teacher_overrides#02,src/game/app.js,463,finalizeSprint8,duplicate-name property reference
DUPLICATE_NAME_NONSQL_REFERENCE,room_code,game_runs#02|runtime_events#03|s1_game_events#02|s1_player_decisions#02|s1_room_players#02|s1_room_state#01|s1_rooms#01,src/game/app.js,463,finalizeSprint8,duplicate-name property reference
DUPLICATE_NAME_NONSQL_REFERENCE,run_id,act6_13_event_ledger#02|dialogue_messages#02|discussion_sessions#02|game_runs#01|runtime_events#02|runtime_player_decisions#02|s3_group_items#01|s3_player_item_view_state#01|s3_player_items#01|s3_player_knowledge#02|s3_player_observations#01|s3_runtime_scene_state#01|s3_shared_photos#02|s3b_library_attempts#01|s3b_player_facts#01|s3b_player_progress#01|s3b_post_inspection_route_votes#02|s3b_run_state#01|s5_act8_private_choices#01|s5_rounds#02|s5_run_state#01|s5_votes#01|s6_action_receipts#01|s6_allocation_attempts#02|s6_allocations#01|s6_audio_occurrences#02|s6_choices#01|s6_engagements#01|s6_private_clues#01|s6_run_state#01|s6_station_b_progress#01|s6_station_tasks#01|s8_finalizations#01|s9_pocket_item_inspections#01|teacher_override_validity#02|teacher_overrides#02,src/game/app.js,472,renderSprint8,duplicate-name property reference
DUPLICATE_NAME_NONSQL_REFERENCE,run_id,act6_13_event_ledger#02|dialogue_messages#02|discussion_sessions#02|game_runs#01|runtime_events#02|runtime_player_decisions#02|s3_group_items#01|s3_player_item_view_state#01|s3_player_items#01|s3_player_knowledge#02|s3_player_observations#01|s3_runtime_scene_state#01|s3_shared_photos#02|s3b_library_attempts#01|s3b_player_facts#01|s3b_player_progress#01|s3b_post_inspection_route_votes#02|s3b_run_state#01|s5_act8_private_choices#01|s5_rounds#02|s5_run_state#01|s5_votes#01|s6_action_receipts#01|s6_allocation_attempts#02|s6_allocations#01|s6_audio_occurrences#02|s6_choices#01|s6_engagements#01|s6_private_clues#01|s6_run_state#01|s6_station_b_progress#01|s6_station_tasks#01|s8_finalizations#01|s9_pocket_item_inspections#01|teacher_override_validity#02|teacher_overrides#02,src/game/app.js,473,renderSprint8,duplicate-name property reference
DUPLICATE_NAME_NONSQL_REFERENCE,act_no,act6_13_event_ledger#04|s5_run_state#02|s6_private_clues#03|s6_run_state#02,src/game/app.js,496,hydrateSprint6,duplicate-name property reference
DUPLICATE_NAME_NONSQL_REFERENCE,phase_key,act6_13_event_ledger#05|dialogue_messages#05|discussion_sessions#04|game_runs#08|runtime_events#10|runtime_player_decisions#05|s3_runtime_scene_state#03|s5_rounds#03|s5_run_state#03|s5_votes#02|s6_audio_occurrences#04|s6_choices#02|s6_run_state#03,src/game/app.js,496,hydrateSprint6,duplicate-name property reference
DUPLICATE_NAME_NONSQL_REFERENCE,cinematic_stage,s6_audio_occurrences#05|s6_run_state#21,src/game/app.js,496,hydrateSprint6,duplicate-name property reference
DUPLICATE_NAME_NONSQL_REFERENCE,discussion_session_id,dialogue_messages#03|discussion_sessions#01|runtime_events#04|runtime_player_decisions#03|s5_rounds#01,src/game/app.js,497,sendSprint6Message,duplicate-name property reference
DUPLICATE_NAME_NONSQL_REFERENCE,room_code,game_runs#02|runtime_events#03|s1_game_events#02|s1_player_decisions#02|s1_room_players#02|s1_room_state#01|s1_rooms#01,src/game/app.js,497,sendSprint6Message,duplicate-name property reference
DUPLICATE_NAME_NONSQL_REFERENCE,room_code,game_runs#02|runtime_events#03|s1_game_events#02|s1_player_decisions#02|s1_room_players#02|s1_room_state#01|s1_rooms#01,src/game/app.js,499,runSprint6Action,duplicate-name property reference
DUPLICATE_NAME_NONSQL_REFERENCE,phase_key,act6_13_event_ledger#05|dialogue_messages#05|discussion_sessions#04|game_runs#08|runtime_events#10|runtime_player_decisions#05|s3_runtime_scene_state#03|s5_rounds#03|s5_run_state#03|s5_votes#02|s6_audio_occurrences#04|s6_choices#02|s6_run_state#03,src/game/app.js,500,runSprint5Action,duplicate-name property reference
DUPLICATE_NAME_NONSQL_REFERENCE,discussion_session_id,dialogue_messages#03|discussion_sessions#01|runtime_events#04|runtime_player_decisions#03|s5_rounds#01,src/game/app.js,500,runSprint5Action,duplicate-name property reference
DUPLICATE_NAME_NONSQL_REFERENCE,vote_round,discussion_sessions#07|runtime_player_decisions#07|s5_rounds#04|s5_run_state#04|s5_votes#03,src/game/app.js,500,runSprint5Action,duplicate-name property reference
DUPLICATE_NAME_NONSQL_REFERENCE,room_code,game_runs#02|runtime_events#03|s1_game_events#02|s1_player_decisions#02|s1_room_players#02|s1_room_state#01|s1_rooms#01,src/game/app.js,500,runSprint5Action,duplicate-name property reference
DUPLICATE_NAME_NONSQL_REFERENCE,room_code,game_runs#02|runtime_events#03|s1_game_events#02|s1_player_decisions#02|s1_room_players#02|s1_room_state#01|s1_rooms#01,src/game/app.js,503,runSprint3bAction,duplicate-name property reference
DUPLICATE_NAME_NONSQL_REFERENCE,room_code,game_runs#02|runtime_events#03|s1_game_events#02|s1_player_decisions#02|s1_room_players#02|s1_room_state#01|s1_rooms#01,src/game/app.js,512,submitLibraryCode,duplicate-name property reference
DUPLICATE_NAME_NONSQL_REFERENCE,room_code,game_runs#02|runtime_events#03|s1_game_events#02|s1_player_decisions#02|s1_room_players#02|s1_room_state#01|s1_rooms#01,src/game/app.js,513,submitLibraryCode,duplicate-name property reference
DUPLICATE_NAME_NONSQL_REFERENCE,room_code,game_runs#02|runtime_events#03|s1_game_events#02|s1_player_decisions#02|s1_room_players#02|s1_room_state#01|s1_rooms#01,src/game/app.js,520,refreshDiscussion,duplicate-name property reference
DUPLICATE_NAME_NONSQL_REFERENCE,discussion_session_id,dialogue_messages#03|discussion_sessions#01|runtime_events#04|runtime_player_decisions#03|s5_rounds#01,src/game/app.js,541,renderDiscussion,duplicate-name property reference
DUPLICATE_NAME_NONSQL_REFERENCE,vote_round,discussion_sessions#07|runtime_player_decisions#07|s5_rounds#04|s5_run_state#04|s5_votes#03,src/game/app.js,542,renderDiscussion,duplicate-name property reference
DUPLICATE_NAME_NONSQL_REFERENCE,status,asset_candidates#09|discussion_sessions#09|game_runs#06|s5_rounds#06,src/game/app.js,543,renderDiscussion,duplicate-name property reference
DUPLICATE_NAME_NONSQL_REFERENCE,vote_round,discussion_sessions#07|runtime_player_decisions#07|s5_rounds#04|s5_run_state#04|s5_votes#03,src/game/app.js,547,renderDiscussion,duplicate-name property reference
DUPLICATE_NAME_NONSQL_REFERENCE,status,asset_candidates#09|discussion_sessions#09|game_runs#06|s5_rounds#06,src/game/app.js,548,renderDiscussion,duplicate-name property reference
DUPLICATE_NAME_NONSQL_REFERENCE,display_name,asset_registry_projection#02|s1_room_players#04,src/game/app.js,553,renderDiscussion,duplicate-name property reference
DUPLICATE_NAME_NONSQL_REFERENCE,choice_label,runtime_player_decisions#11|s1_player_decisions#07|s1_scene_choices#03,src/game/app.js,553,renderDiscussion,duplicate-name property reference
DUPLICATE_NAME_NONSQL_REFERENCE,created_at,asset_candidates#12|asset_events#06|asset_manager_reviewers#04|dialogue_messages#09|game_runs#11|runtime_events#08|s1_game_events#06|s1_rooms#03|s5_rounds#08|s6_action_receipts#07|teacher_overrides#12,src/game/app.js,560,renderDiscussion,duplicate-name property reference
DUPLICATE_NAME_NONSQL_REFERENCE,display_name,asset_registry_projection#02|s1_room_players#04,src/game/app.js,560,renderDiscussion,duplicate-name property reference
DUPLICATE_NAME_NONSQL_REFERENCE,status,asset_candidates#09|discussion_sessions#09|game_runs#06|s5_rounds#06,src/game/app.js,566,renderDiscussion,duplicate-name property reference
DUPLICATE_NAME_NONSQL_REFERENCE,status,asset_candidates#09|discussion_sessions#09|game_runs#06|s5_rounds#06,src/game/app.js,578,renderVote,duplicate-name property reference
DUPLICATE_NAME_NONSQL_REFERENCE,status,asset_candidates#09|discussion_sessions#09|game_runs#06|s5_rounds#06,src/game/app.js,583,renderVote,duplicate-name property reference
DUPLICATE_NAME_NONSQL_REFERENCE,status,asset_candidates#09|discussion_sessions#09|game_runs#06|s5_rounds#06,src/game/app.js,588,renderVote,duplicate-name property reference
DUPLICATE_NAME_NONSQL_REFERENCE,display_name,asset_registry_projection#02|s1_room_players#04,src/game/app.js,590,renderVote,duplicate-name property reference
DUPLICATE_NAME_NONSQL_REFERENCE,choice_label,runtime_player_decisions#11|s1_player_decisions#07|s1_scene_choices#03,src/game/app.js,590,renderVote,duplicate-name property reference
DUPLICATE_NAME_NONSQL_REFERENCE,choice_label,runtime_player_decisions#11|s1_player_decisions#07|s1_scene_choices#03,src/game/app.js,596,renderVote,duplicate-name property reference
DUPLICATE_NAME_NONSQL_REFERENCE,vote_round,discussion_sessions#07|runtime_player_decisions#07|s5_rounds#04|s5_run_state#04|s5_votes#03,src/game/app.js,614,renderVoteHistory,duplicate-name property reference
DUPLICATE_NAME_NONSQL_REFERENCE,discussion_session_id,dialogue_messages#03|discussion_sessions#01|runtime_events#04|runtime_player_decisions#03|s5_rounds#01,src/game/app.js,622,sendMessage,duplicate-name property reference
DUPLICATE_NAME_NONSQL_REFERENCE,room_code,game_runs#02|runtime_events#03|s1_game_events#02|s1_player_decisions#02|s1_room_players#02|s1_room_state#01|s1_rooms#01,src/game/app.js,626,sendMessage,duplicate-name property reference
DUPLICATE_NAME_NONSQL_REFERENCE,discussion_session_id,dialogue_messages#03|discussion_sessions#01|runtime_events#04|runtime_player_decisions#03|s5_rounds#01,src/game/app.js,628,sendMessage,duplicate-name property reference
DUPLICATE_NAME_NONSQL_REFERENCE,vote_round,discussion_sessions#07|runtime_player_decisions#07|s5_rounds#04|s5_run_state#04|s5_votes#03,src/game/app.js,629,sendMessage,duplicate-name property reference
DUPLICATE_NAME_NONSQL_REFERENCE,discussion_session_id,dialogue_messages#03|discussion_sessions#01|runtime_events#04|runtime_player_decisions#03|s5_rounds#01,src/game/app.js,647,submitVote,duplicate-name property reference
DUPLICATE_NAME_NONSQL_REFERENCE,room_code,game_runs#02|runtime_events#03|s1_game_events#02|s1_player_decisions#02|s1_room_players#02|s1_room_state#01|s1_rooms#01,src/game/app.js,649,submitVote,duplicate-name property reference
DUPLICATE_NAME_NONSQL_REFERENCE,discussion_session_id,dialogue_messages#03|discussion_sessions#01|runtime_events#04|runtime_player_decisions#03|s5_rounds#01,src/game/app.js,651,submitVote,duplicate-name property reference
DUPLICATE_NAME_NONSQL_REFERENCE,vote_round,discussion_sessions#07|runtime_player_decisions#07|s5_rounds#04|s5_run_state#04|s5_votes#03,src/game/app.js,652,submitVote,duplicate-name property reference
DUPLICATE_NAME_NONSQL_REFERENCE,display_name,asset_registry_projection#02|s1_room_players#04,src/game/app.js,676,renderState,duplicate-name property reference
DUPLICATE_NAME_NONSQL_REFERENCE,room_code,game_runs#02|runtime_events#03|s1_game_events#02|s1_player_decisions#02|s1_room_players#02|s1_room_state#01|s1_rooms#01,src/game/app.js,676,renderState,duplicate-name property reference
DUPLICATE_NAME_NONSQL_REFERENCE,choice_label,runtime_player_decisions#11|s1_player_decisions#07|s1_scene_choices#03,src/game/app.js,691,renderState,duplicate-name property reference
DUPLICATE_NAME_NONSQL_REFERENCE,display_name,asset_registry_projection#02|s1_room_players#04,src/game/app.js,703,renderState,duplicate-name property reference
DUPLICATE_NAME_NONSQL_REFERENCE,choice_label,runtime_player_decisions#11|s1_player_decisions#07|s1_scene_choices#03,src/game/app.js,703,renderState,duplicate-name property reference
DUPLICATE_NAME_NONSQL_REFERENCE,room_code,game_runs#02|runtime_events#03|s1_game_events#02|s1_player_decisions#02|s1_room_players#02|s1_room_state#01|s1_rooms#01,src/game/app.js,716,submitChoice,duplicate-name property reference
DUPLICATE_NAME_NONSQL_REFERENCE,version,asset_candidates#03|asset_events#04,src/game/asset-runtime.js,12,createAssetResolver,duplicate-name property reference
DUPLICATE_NAME_NONSQL_REFERENCE,asset_key,asset_candidates#02|asset_events#02|asset_registry_projection#01,src/game/asset-runtime.js,14,createAssetResolver,duplicate-name property reference
DUPLICATE_NAME_NONSQL_REFERENCE,version,asset_candidates#03|asset_events#04,src/game/asset-runtime.js,14,createAssetResolver,duplicate-name property reference
DUPLICATE_NAME_NONSQL_REFERENCE,details,act6_13_event_ledger#08|asset_events#05|runtime_events#07|s1_game_events#05,src/supabase/client.js,23,rpc,duplicate-name property reference
DUPLICATE_NAME_NONSQL_REFERENCE,status,asset_candidates#09|discussion_sessions#09|game_runs#06|s5_rounds#06,src/supabase/client.js,24,rpc,duplicate-name property reference
DUPLICATE_NAME_NONSQL_REFERENCE,room_code,game_runs#02|runtime_events#03|s1_game_events#02|s1_player_decisions#02|s1_room_players#02|s1_room_state#01|s1_rooms#01,src/teacher/teacher-console.js,110,loadState,duplicate-name property reference
DUPLICATE_NAME_NONSQL_REFERENCE,run_id,act6_13_event_ledger#02|dialogue_messages#02|discussion_sessions#02|game_runs#01|runtime_events#02|runtime_player_decisions#02|s3_group_items#01|s3_player_item_view_state#01|s3_player_items#01|s3_player_knowledge#02|s3_player_observations#01|s3_runtime_scene_state#01|s3_shared_photos#02|s3b_library_attempts#01|s3b_player_facts#01|s3b_player_progress#01|s3b_post_inspection_route_votes#02|s3b_run_state#01|s5_act8_private_choices#01|s5_rounds#02|s5_run_state#01|s5_votes#01|s6_action_receipts#01|s6_allocation_attempts#02|s6_allocations#01|s6_audio_occurrences#02|s6_choices#01|s6_engagements#01|s6_private_clues#01|s6_run_state#01|s6_station_b_progress#01|s6_station_tasks#01|s8_finalizations#01|s9_pocket_item_inspections#01|teacher_override_validity#02|teacher_overrides#02,src/teacher/teacher-console.js,125,startRun,duplicate-name property reference
DUPLICATE_NAME_NONSQL_REFERENCE,run_id,act6_13_event_ledger#02|dialogue_messages#02|discussion_sessions#02|game_runs#01|runtime_events#02|runtime_player_decisions#02|s3_group_items#01|s3_player_item_view_state#01|s3_player_items#01|s3_player_knowledge#02|s3_player_observations#01|s3_runtime_scene_state#01|s3_shared_photos#02|s3b_library_attempts#01|s3b_player_facts#01|s3b_player_progress#01|s3b_post_inspection_route_votes#02|s3b_run_state#01|s5_act8_private_choices#01|s5_rounds#02|s5_run_state#01|s5_votes#01|s6_action_receipts#01|s6_allocation_attempts#02|s6_allocations#01|s6_audio_occurrences#02|s6_choices#01|s6_engagements#01|s6_private_clues#01|s6_run_state#01|s6_station_b_progress#01|s6_station_tasks#01|s8_finalizations#01|s9_pocket_item_inspections#01|teacher_override_validity#02|teacher_overrides#02,src/teacher/teacher-console.js,134,initializeSprint3b,duplicate-name property reference
DUPLICATE_NAME_NONSQL_REFERENCE,run_id,act6_13_event_ledger#02|dialogue_messages#02|discussion_sessions#02|game_runs#01|runtime_events#02|runtime_player_decisions#02|s3_group_items#01|s3_player_item_view_state#01|s3_player_items#01|s3_player_knowledge#02|s3_player_observations#01|s3_runtime_scene_state#01|s3_shared_photos#02|s3b_library_attempts#01|s3b_player_facts#01|s3b_player_progress#01|s3b_post_inspection_route_votes#02|s3b_run_state#01|s5_act8_private_choices#01|s5_rounds#02|s5_run_state#01|s5_votes#01|s6_action_receipts#01|s6_allocation_attempts#02|s6_allocations#01|s6_audio_occurrences#02|s6_choices#01|s6_engagements#01|s6_private_clues#01|s6_run_state#01|s6_station_b_progress#01|s6_station_tasks#01|s8_finalizations#01|s9_pocket_item_inspections#01|teacher_override_validity#02|teacher_overrides#02,src/teacher/teacher-console.js,228,renderDiscussionState,duplicate-name property reference
DUPLICATE_NAME_NONSQL_REFERENCE,status,asset_candidates#09|discussion_sessions#09|game_runs#06|s5_rounds#06,src/teacher/teacher-console.js,234,renderDiscussionState,duplicate-name property reference
DUPLICATE_NAME_NONSQL_REFERENCE,display_name,asset_registry_projection#02|s1_room_players#04,src/teacher/teacher-console.js,234,renderDiscussionState,duplicate-name property reference
DUPLICATE_NAME_NONSQL_REFERENCE,choice_label,runtime_player_decisions#11|s1_player_decisions#07|s1_scene_choices#03,src/teacher/teacher-console.js,234,renderDiscussionState,duplicate-name property reference
DUPLICATE_NAME_NONSQL_REFERENCE,run_id,act6_13_event_ledger#02|dialogue_messages#02|discussion_sessions#02|game_runs#01|runtime_events#02|runtime_player_decisions#02|s3_group_items#01|s3_player_item_view_state#01|s3_player_items#01|s3_player_knowledge#02|s3_player_observations#01|s3_runtime_scene_state#01|s3_shared_photos#02|s3b_library_attempts#01|s3b_player_facts#01|s3b_player_progress#01|s3b_post_inspection_route_votes#02|s3b_run_state#01|s5_act8_private_choices#01|s5_rounds#02|s5_run_state#01|s5_votes#01|s6_action_receipts#01|s6_allocation_attempts#02|s6_allocations#01|s6_audio_occurrences#02|s6_choices#01|s6_engagements#01|s6_private_clues#01|s6_run_state#01|s6_station_b_progress#01|s6_station_tasks#01|s8_finalizations#01|s9_pocket_item_inspections#01|teacher_override_validity#02|teacher_overrides#02,src/teacher/teacher-console.js,238,renderDiscussionState,duplicate-name property reference
DUPLICATE_NAME_NONSQL_REFERENCE,discussion_session_id,dialogue_messages#03|discussion_sessions#01|runtime_events#04|runtime_player_decisions#03|s5_rounds#01,src/teacher/teacher-console.js,239,renderDiscussionState,duplicate-name property reference
DUPLICATE_NAME_NONSQL_REFERENCE,vote_round,discussion_sessions#07|runtime_player_decisions#07|s5_rounds#04|s5_run_state#04|s5_votes#03,src/teacher/teacher-console.js,239,renderDiscussionState,duplicate-name property reference
DUPLICATE_NAME_NONSQL_REFERENCE,status,asset_candidates#09|discussion_sessions#09|game_runs#06|s5_rounds#06,src/teacher/teacher-console.js,240,renderDiscussionState,duplicate-name property reference
DUPLICATE_NAME_NONSQL_REFERENCE,created_at,asset_candidates#12|asset_events#06|asset_manager_reviewers#04|dialogue_messages#09|game_runs#11|runtime_events#08|s1_game_events#06|s1_rooms#03|s5_rounds#08|s6_action_receipts#07|teacher_overrides#12,src/teacher/teacher-console.js,243,renderDiscussionState,duplicate-name property reference
DUPLICATE_NAME_NONSQL_REFERENCE,display_name,asset_registry_projection#02|s1_room_players#04,src/teacher/teacher-console.js,243,renderDiscussionState,duplicate-name property reference
DUPLICATE_NAME_NONSQL_REFERENCE,status,asset_candidates#09|discussion_sessions#09|game_runs#06|s5_rounds#06,src/teacher/teacher-console.js,245,renderDiscussionState,duplicate-name property reference
DUPLICATE_NAME_NONSQL_REFERENCE,outcome,discussion_sessions#13|s6_audio_consumptions#03,src/teacher/teacher-console.js,246,renderDiscussionState,duplicate-name property reference
DUPLICATE_NAME_NONSQL_REFERENCE,run_id,act6_13_event_ledger#02|dialogue_messages#02|discussion_sessions#02|game_runs#01|runtime_events#02|runtime_player_decisions#02|s3_group_items#01|s3_player_item_view_state#01|s3_player_items#01|s3_player_knowledge#02|s3_player_observations#01|s3_runtime_scene_state#01|s3_shared_photos#02|s3b_library_attempts#01|s3b_player_facts#01|s3b_player_progress#01|s3b_post_inspection_route_votes#02|s3b_run_state#01|s5_act8_private_choices#01|s5_rounds#02|s5_run_state#01|s5_votes#01|s6_action_receipts#01|s6_allocation_attempts#02|s6_allocations#01|s6_audio_occurrences#02|s6_choices#01|s6_engagements#01|s6_private_clues#01|s6_run_state#01|s6_station_b_progress#01|s6_station_tasks#01|s8_finalizations#01|s9_pocket_item_inspections#01|teacher_override_validity#02|teacher_overrides#02,src/teacher/teacher-console.js,265,renderOperationsState,duplicate-name property reference
DUPLICATE_NAME_NONSQL_REFERENCE,run_id,act6_13_event_ledger#02|dialogue_messages#02|discussion_sessions#02|game_runs#01|runtime_events#02|runtime_player_decisions#02|s3_group_items#01|s3_player_item_view_state#01|s3_player_items#01|s3_player_knowledge#02|s3_player_observations#01|s3_runtime_scene_state#01|s3_shared_photos#02|s3b_library_attempts#01|s3b_player_facts#01|s3b_player_progress#01|s3b_post_inspection_route_votes#02|s3b_run_state#01|s5_act8_private_choices#01|s5_rounds#02|s5_run_state#01|s5_votes#01|s6_action_receipts#01|s6_allocation_attempts#02|s6_allocations#01|s6_audio_occurrences#02|s6_choices#01|s6_engagements#01|s6_private_clues#01|s6_run_state#01|s6_station_b_progress#01|s6_station_tasks#01|s8_finalizations#01|s9_pocket_item_inspections#01|teacher_override_validity#02|teacher_overrides#02,src/teacher/teacher-console.js,266,renderOperationsState,duplicate-name property reference
DUPLICATE_NAME_NONSQL_REFERENCE,act_no,act6_13_event_ledger#04|s5_run_state#02|s6_private_clues#03|s6_run_state#02,src/teacher/teacher-console.js,268,renderOperationsState,duplicate-name property reference
DUPLICATE_NAME_NONSQL_REFERENCE,display_name,asset_registry_projection#02|s1_room_players#04,src/teacher/teacher-console.js,270,renderOperationsState,duplicate-name property reference
DUPLICATE_NAME_NONSQL_REFERENCE,display_name,asset_registry_projection#02|s1_room_players#04,src/teacher/teacher-console.js,271,renderOperationsState,duplicate-name property reference
DUPLICATE_NAME_NONSQL_REFERENCE,item_key,s3_group_items#02|s3_item_catalog#01|s3_player_item_view_state#03|s3_player_items#02|s9_pocket_item_inspections#03,src/teacher/teacher-console.js,271,renderOperationsState,duplicate-name property reference
DUPLICATE_NAME_NONSQL_REFERENCE,display_text_key,s3_observation_catalog#02|s3_player_observations#04,src/teacher/teacher-console.js,271,renderOperationsState,duplicate-name property reference
DUPLICATE_NAME_NONSQL_REFERENCE,source_item_key,s3_player_knowledge#08|s3_shared_photos#05,src/teacher/teacher-console.js,271,renderOperationsState,duplicate-name property reference
DUPLICATE_NAME_NONSQL_REFERENCE,created_at,asset_candidates#12|asset_events#06|asset_manager_reviewers#04|dialogue_messages#09|game_runs#11|runtime_events#08|s1_game_events#06|s1_rooms#03|s5_rounds#08|s6_action_receipts#07|teacher_overrides#12,src/teacher/teacher-console.js,272,renderOperationsState,duplicate-name property reference
DUPLICATE_NAME_NONSQL_REFERENCE,display_name,asset_registry_projection#02|s1_room_players#04,src/teacher/teacher-console.js,272,renderOperationsState,duplicate-name property reference
DUPLICATE_NAME_NONSQL_REFERENCE,act_no,act6_13_event_ledger#04|s5_run_state#02|s6_private_clues#03|s6_run_state#02,src/teacher/teacher-console.js,274,renderOperationsState,duplicate-name property reference
DUPLICATE_NAME_NONSQL_REFERENCE,phase_key,act6_13_event_ledger#05|dialogue_messages#05|discussion_sessions#04|game_runs#08|runtime_events#10|runtime_player_decisions#05|s3_runtime_scene_state#03|s5_rounds#03|s5_run_state#03|s5_votes#02|s6_audio_occurrences#04|s6_choices#02|s6_run_state#03,src/teacher/teacher-console.js,274,renderOperationsState,duplicate-name property reference
DUPLICATE_NAME_NONSQL_REFERENCE,scene_id,asset_candidates#05|asset_registry_projection#05|dialogue_messages#04|discussion_sessions#03|game_runs#07|runtime_events#09|runtime_player_decisions#04|s1_player_decisions#03|s1_scene_choices#01|s3_player_knowledge#06|s3_runtime_scene_state#02,src/teacher/teacher-console.js,274,renderOperationsState,duplicate-name property reference
DUPLICATE_NAME_NONSQL_REFERENCE,step_key,dialogue_messages#06|discussion_sessions#05|game_runs#09|runtime_events#11|runtime_player_decisions#06|s3_runtime_scene_state#04,src/teacher/teacher-console.js,274,renderOperationsState,duplicate-name property reference
DUPLICATE_NAME_NONSQL_REFERENCE,item_key,s3_group_items#02|s3_item_catalog#01|s3_player_item_view_state#03|s3_player_items#02|s9_pocket_item_inspections#03,src/teacher/teacher-console.js,278,renderOperationsState,duplicate-name property reference
DUPLICATE_NAME_NONSQL_REFERENCE,run_id,act6_13_event_ledger#02|dialogue_messages#02|discussion_sessions#02|game_runs#01|runtime_events#02|runtime_player_decisions#02|s3_group_items#01|s3_player_item_view_state#01|s3_player_items#01|s3_player_knowledge#02|s3_player_observations#01|s3_runtime_scene_state#01|s3_shared_photos#02|s3b_library_attempts#01|s3b_player_facts#01|s3b_player_progress#01|s3b_post_inspection_route_votes#02|s3b_run_state#01|s5_act8_private_choices#01|s5_rounds#02|s5_run_state#01|s5_votes#01|s6_action_receipts#01|s6_allocation_attempts#02|s6_allocations#01|s6_audio_occurrences#02|s6_choices#01|s6_engagements#01|s6_private_clues#01|s6_run_state#01|s6_station_b_progress#01|s6_station_tasks#01|s8_finalizations#01|s9_pocket_item_inspections#01|teacher_override_validity#02|teacher_overrides#02,src/teacher/teacher-console.js,286,syncExportRunSelection,duplicate-name property reference
DUPLICATE_NAME_NONSQL_REFERENCE,run_id,act6_13_event_ledger#02|dialogue_messages#02|discussion_sessions#02|game_runs#01|runtime_events#02|runtime_player_decisions#02|s3_group_items#01|s3_player_item_view_state#01|s3_player_items#01|s3_player_knowledge#02|s3_player_observations#01|s3_runtime_scene_state#01|s3_shared_photos#02|s3b_library_attempts#01|s3b_player_facts#01|s3b_player_progress#01|s3b_post_inspection_route_votes#02|s3b_run_state#01|s5_act8_private_choices#01|s5_rounds#02|s5_run_state#01|s5_votes#01|s6_action_receipts#01|s6_allocation_attempts#02|s6_allocations#01|s6_audio_occurrences#02|s6_choices#01|s6_engagements#01|s6_private_clues#01|s6_run_state#01|s6_station_b_progress#01|s6_station_tasks#01|s8_finalizations#01|s9_pocket_item_inspections#01|teacher_override_validity#02|teacher_overrides#02,src/teacher/teacher-console.js,287,syncExportRunSelection,duplicate-name property reference
DUPLICATE_NAME_NONSQL_REFERENCE,run_id,act6_13_event_ledger#02|dialogue_messages#02|discussion_sessions#02|game_runs#01|runtime_events#02|runtime_player_decisions#02|s3_group_items#01|s3_player_item_view_state#01|s3_player_items#01|s3_player_knowledge#02|s3_player_observations#01|s3_runtime_scene_state#01|s3_shared_photos#02|s3b_library_attempts#01|s3b_player_facts#01|s3b_player_progress#01|s3b_post_inspection_route_votes#02|s3b_run_state#01|s5_act8_private_choices#01|s5_rounds#02|s5_run_state#01|s5_votes#01|s6_action_receipts#01|s6_allocation_attempts#02|s6_allocations#01|s6_audio_occurrences#02|s6_choices#01|s6_engagements#01|s6_private_clues#01|s6_run_state#01|s6_station_b_progress#01|s6_station_tasks#01|s8_finalizations#01|s9_pocket_item_inspections#01|teacher_override_validity#02|teacher_overrides#02,src/teacher/teacher-console.js,288,syncExportRunSelection,duplicate-name property reference
DUPLICATE_NAME_NONSQL_REFERENCE,run_id,act6_13_event_ledger#02|dialogue_messages#02|discussion_sessions#02|game_runs#01|runtime_events#02|runtime_player_decisions#02|s3_group_items#01|s3_player_item_view_state#01|s3_player_items#01|s3_player_knowledge#02|s3_player_observations#01|s3_runtime_scene_state#01|s3_shared_photos#02|s3b_library_attempts#01|s3b_player_facts#01|s3b_player_progress#01|s3b_post_inspection_route_votes#02|s3b_run_state#01|s5_act8_private_choices#01|s5_rounds#02|s5_run_state#01|s5_votes#01|s6_action_receipts#01|s6_allocation_attempts#02|s6_allocations#01|s6_audio_occurrences#02|s6_choices#01|s6_engagements#01|s6_private_clues#01|s6_run_state#01|s6_station_b_progress#01|s6_station_tasks#01|s8_finalizations#01|s9_pocket_item_inspections#01|teacher_override_validity#02|teacher_overrides#02,src/teacher/teacher-console.js,293,initializeSprint5,duplicate-name property reference
DUPLICATE_NAME_NONSQL_REFERENCE,run_id,act6_13_event_ledger#02|dialogue_messages#02|discussion_sessions#02|game_runs#01|runtime_events#02|runtime_player_decisions#02|s3_group_items#01|s3_player_item_view_state#01|s3_player_items#01|s3_player_knowledge#02|s3_player_observations#01|s3_runtime_scene_state#01|s3_shared_photos#02|s3b_library_attempts#01|s3b_player_facts#01|s3b_player_progress#01|s3b_post_inspection_route_votes#02|s3b_run_state#01|s5_act8_private_choices#01|s5_rounds#02|s5_run_state#01|s5_votes#01|s6_action_receipts#01|s6_allocation_attempts#02|s6_allocations#01|s6_audio_occurrences#02|s6_choices#01|s6_engagements#01|s6_private_clues#01|s6_run_state#01|s6_station_b_progress#01|s6_station_tasks#01|s8_finalizations#01|s9_pocket_item_inspections#01|teacher_override_validity#02|teacher_overrides#02,src/teacher/teacher-console.js,294,initializeSprint6,duplicate-name property reference
DUPLICATE_NAME_NONSQL_REFERENCE,created_at,asset_candidates#12|asset_events#06|asset_manager_reviewers#04|dialogue_messages#09|game_runs#11|runtime_events#08|s1_game_events#06|s1_rooms#03|s5_rounds#08|s6_action_receipts#07|teacher_overrides#12,src/teacher/teacher-console.js,301,renderOverrideState,duplicate-name property reference
DUPLICATE_NAME_NONSQL_REFERENCE,player_id,act6_13_event_ledger#07|dialogue_messages#07|runtime_player_decisions#08|s1_player_decisions#04|s1_room_players#01|s3_player_item_view_state#02|s3_player_knowledge#03|s3_player_observations#02|s3b_player_facts#02|s3b_player_progress#02|s3b_post_inspection_route_votes#03|s5_act8_private_choices#02|s5_votes#04|s6_action_receipts#02|s6_allocation_attempts#04|s6_allocations#02|s6_audio_consumptions#02|s6_choices#04|s6_engagements#03|s6_private_clues#02|s6_station_b_progress#02|s6_station_tasks#03|s9_pocket_item_inspections#02|teacher_override_validity#03,src/teacher/teacher-console.js,380,renderTeacherState,duplicate-name property reference
DUPLICATE_NAME_NONSQL_REFERENCE,choice_label,runtime_player_decisions#11|s1_player_decisions#07|s1_scene_choices#03,src/teacher/teacher-console.js,382,renderTeacherState,duplicate-name property reference
DUPLICATE_NAME_NONSQL_REFERENCE,display_name,asset_registry_projection#02|s1_room_players#04,src/teacher/teacher-console.js,384,renderTeacherState,duplicate-name property reference
DUPLICATE_NAME_NONSQL_REFERENCE,room_code,game_runs#02|runtime_events#03|s1_game_events#02|s1_player_decisions#02|s1_room_players#02|s1_room_state#01|s1_rooms#01,src/teacher/teacher-console.js,388,renderTeacherState,duplicate-name property reference
DUPLICATE_NAME_NONSQL_REFERENCE,version,asset_candidates#03|asset_events#04,src/teacher/teacher-console.js,423,renderAssets,duplicate-name property reference
DUPLICATE_NAME_NONSQL_REFERENCE,status,asset_candidates#09|discussion_sessions#09|game_runs#06|s5_rounds#06,src/teacher/teacher-console.js,423,renderAssets,duplicate-name property reference
DUPLICATE_NAME_NONSQL_REFERENCE,asset_type,asset_candidates#04|asset_registry_projection#04,src/teacher/teacher-console.js,425,renderAssets,duplicate-name property reference
DUPLICATE_NAME_NONSQL_REFERENCE,status,asset_candidates#09|discussion_sessions#09|game_runs#06|s5_rounds#06,src/teacher/teacher-console.js,427,renderAssets,duplicate-name property reference
DUPLICATE_NAME_NONSQL_REFERENCE,asset_key,asset_candidates#02|asset_events#02|asset_registry_projection#01,src/teacher/teacher-console.js,428,renderAssets,duplicate-name property reference
DUPLICATE_NAME_NONSQL_REFERENCE,asset_type,asset_candidates#04|asset_registry_projection#04,src/teacher/teacher-console.js,428,renderAssets,duplicate-name property reference
DUPLICATE_NAME_NONSQL_REFERENCE,status,asset_candidates#09|discussion_sessions#09|game_runs#06|s5_rounds#06,src/teacher/teacher-console.js,428,renderAssets,duplicate-name property reference
DUPLICATE_NAME_NONSQL_REFERENCE,required_anchors,asset_candidates#27|asset_registry_projection#11,src/teacher/teacher-console.js,428,renderAssets,duplicate-name property reference
DUPLICATE_NAME_NONSQL_REFERENCE,display_name,asset_registry_projection#02|s1_room_players#04,src/teacher/teacher-console.js,428,renderAssets,duplicate-name property reference
DUPLICATE_NAME_NONSQL_REFERENCE,details,act6_13_event_ledger#08|asset_events#05|runtime_events#07|s1_game_events#05,tests/level2-residual-live-e2e.js,5,rpc,duplicate-name property reference
DUPLICATE_NAME_NONSQL_REFERENCE,phase_key,act6_13_event_ledger#05|dialogue_messages#05|discussion_sessions#04|game_runs#08|runtime_events#10|runtime_player_decisions#05|s3_runtime_scene_state#03|s5_rounds#03|s5_run_state#03|s5_votes#02|s6_audio_occurrences#04|s6_choices#02|s6_run_state#03,tests/level2-residual-live-e2e.js,29,main,duplicate-name property reference
DUPLICATE_NAME_NONSQL_REFERENCE,discussion_session_id,dialogue_messages#03|discussion_sessions#01|runtime_events#04|runtime_player_decisions#03|s5_rounds#01,tests/level2-residual-live-e2e.js,56,main,duplicate-name property reference
DUPLICATE_NAME_NONSQL_REFERENCE,vote_round,discussion_sessions#07|runtime_player_decisions#07|s5_rounds#04|s5_run_state#04|s5_votes#03,tests/level2-residual-live-e2e.js,56,main,duplicate-name property reference
DUPLICATE_NAME_NONSQL_REFERENCE,phase_key,act6_13_event_ledger#05|dialogue_messages#05|discussion_sessions#04|game_runs#08|runtime_events#10|runtime_player_decisions#05|s3_runtime_scene_state#03|s5_rounds#03|s5_run_state#03|s5_votes#02|s6_audio_occurrences#04|s6_choices#02|s6_run_state#03,tests/level3-closure-live-e2e.js,38,expireByPoll,duplicate-name property reference
DUPLICATE_NAME_NONSQL_REFERENCE,discussion_session_id,dialogue_messages#03|discussion_sessions#01|runtime_events#04|runtime_player_decisions#03|s5_rounds#01,tests/level3-closure-live-e2e.js,42,expireByPoll,duplicate-name property reference
DUPLICATE_NAME_NONSQL_REFERENCE,phase_key,act6_13_event_ledger#05|dialogue_messages#05|discussion_sessions#04|game_runs#08|runtime_events#10|runtime_player_decisions#05|s3_runtime_scene_state#03|s5_rounds#03|s5_run_state#03|s5_votes#02|s6_audio_occurrences#04|s6_choices#02|s6_run_state#03,tests/level3-closure-live-e2e.js,46,expireByPoll,duplicate-name property reference
DUPLICATE_NAME_NONSQL_REFERENCE,phase_key,act6_13_event_ledger#05|dialogue_messages#05|discussion_sessions#04|game_runs#08|runtime_events#10|runtime_player_decisions#05|s3_runtime_scene_state#03|s5_rounds#03|s5_run_state#03|s5_votes#02|s6_audio_occurrences#04|s6_choices#02|s6_run_state#03,tests/level3-closure-live-e2e.js,48,expireByPoll,duplicate-name property reference
DUPLICATE_NAME_NONSQL_REFERENCE,status,asset_candidates#09|discussion_sessions#09|game_runs#06|s5_rounds#06,tests/level3-closure-live-e2e.js,53,voteNormal,duplicate-name property reference
DUPLICATE_NAME_NONSQL_REFERENCE,discussion_session_id,dialogue_messages#03|discussion_sessions#01|runtime_events#04|runtime_player_decisions#03|s5_rounds#01,tests/level3-closure-live-e2e.js,57,voteNormal,duplicate-name property reference
DUPLICATE_NAME_NONSQL_REFERENCE,status,asset_candidates#09|discussion_sessions#09|game_runs#06|s5_rounds#06,tests/level3-closure-live-e2e.js,60,voteNormal,duplicate-name property reference
DUPLICATE_NAME_NONSQL_REFERENCE,discussion_session_id,dialogue_messages#03|discussion_sessions#01|runtime_events#04|runtime_player_decisions#03|s5_rounds#01,tests/level3-closure-live-e2e.js,64,voteNormal,duplicate-name property reference
DUPLICATE_NAME_NONSQL_REFERENCE,vote_round,discussion_sessions#07|runtime_player_decisions#07|s5_rounds#04|s5_run_state#04|s5_votes#03,tests/level3-closure-live-e2e.js,65,voteNormal,duplicate-name property reference
DUPLICATE_NAME_NONSQL_REFERENCE,phase_key,act6_13_event_ledger#05|dialogue_messages#05|discussion_sessions#04|game_runs#08|runtime_events#10|runtime_player_decisions#05|s3_runtime_scene_state#03|s5_rounds#03|s5_run_state#03|s5_votes#02|s6_audio_occurrences#04|s6_choices#02|s6_run_state#03,tests/level3-closure-live-e2e.js,74,completeSprint5,duplicate-name property reference
DUPLICATE_NAME_NONSQL_REFERENCE,discussion_session_id,dialogue_messages#03|discussion_sessions#01|runtime_events#04|runtime_player_decisions#03|s5_rounds#01,tests/level3-closure-live-e2e.js,76,completeSprint5,duplicate-name property reference
DUPLICATE_NAME_NONSQL_REFERENCE,phase_key,act6_13_event_ledger#05|dialogue_messages#05|discussion_sessions#04|game_runs#08|runtime_events#10|runtime_player_decisions#05|s3_runtime_scene_state#03|s5_rounds#03|s5_run_state#03|s5_votes#02|s6_audio_occurrences#04|s6_choices#02|s6_run_state#03,tests/level3-closure-live-e2e.js,88,completeSprint5,duplicate-name property reference
DUPLICATE_NAME_NONSQL_REFERENCE,discussion_session_id,dialogue_messages#03|discussion_sessions#01|runtime_events#04|runtime_player_decisions#03|s5_rounds#01,tests/level3-closure-live-e2e.js,90,completeSprint5,duplicate-name property reference
DUPLICATE_NAME_NONSQL_REFERENCE,act_no,act6_13_event_ledger#04|s5_run_state#02|s6_private_clues#03|s6_run_state#02,tests/level3-closure-live-e2e.js,122,completeSprint6,duplicate-name property reference
DUPLICATE_NAME_NONSQL_REFERENCE,act_no,act6_13_event_ledger#04|s5_run_state#02|s6_private_clues#03|s6_run_state#02,tests/level3-closure-live-e2e.js,124,completeSprint6,duplicate-name property reference
DUPLICATE_NAME_NONSQL_REFERENCE,event_type,act6_13_event_ledger#03|asset_events#03|runtime_events#05|s1_game_events#03,tests/level3-closure-live-e2e.js,135,main,duplicate-name property reference
DUPLICATE_NAME_NONSQL_REFERENCE,event_id,act6_13_event_ledger#01|asset_events#01|runtime_events#01|s1_game_events#01,tests/level3-closure-live-e2e.js,137,main,duplicate-name property reference
DUPLICATE_NAME_NONSQL_REFERENCE,details,act6_13_event_ledger#08|asset_events#05|runtime_events#07|s1_game_events#05,tests/level3-closure-live-e2e.js,138,main,duplicate-name property reference
DUPLICATE_NAME_NONSQL_REFERENCE,cinematic_stage,s6_audio_occurrences#05|s6_run_state#21,tests/level3-closure-live-e2e.js,138,main,duplicate-name property reference
DUPLICATE_NAME_NONSQL_REFERENCE,scene_id,asset_candidates#05|asset_registry_projection#05|dialogue_messages#04|discussion_sessions#03|game_runs#07|runtime_events#09|runtime_player_decisions#04|s1_player_decisions#03|s1_scene_choices#01|s3_player_knowledge#06|s3_runtime_scene_state#02,tests/level3-closure-static-check.js,21,requireAll,duplicate-name property reference
DUPLICATE_NAME_NONSQL_REFERENCE,run_id,act6_13_event_ledger#02|dialogue_messages#02|discussion_sessions#02|game_runs#01|runtime_events#02|runtime_player_decisions#02|s3_group_items#01|s3_player_item_view_state#01|s3_player_items#01|s3_player_knowledge#02|s3_player_observations#01|s3_runtime_scene_state#01|s3_shared_photos#02|s3b_library_attempts#01|s3b_player_facts#01|s3b_player_progress#01|s3b_post_inspection_route_votes#02|s3b_run_state#01|s5_act8_private_choices#01|s5_rounds#02|s5_run_state#01|s5_votes#01|s6_action_receipts#01|s6_allocation_attempts#02|s6_allocations#01|s6_audio_occurrences#02|s6_choices#01|s6_engagements#01|s6_private_clues#01|s6_run_state#01|s6_station_b_progress#01|s6_station_tasks#01|s8_finalizations#01|s9_pocket_item_inspections#01|teacher_override_validity#02|teacher_overrides#02,tests/level3-closure-static-check.js,22,requireAll,duplicate-name property reference
DUPLICATE_NAME_NONSQL_REFERENCE,details,act6_13_event_ledger#08|asset_events#05|runtime_events#07|s1_game_events#05,tests/level3-remediation-static-check.js,14,assert,duplicate-name property reference
DUPLICATE_NAME_NONSQL_REFERENCE,status,asset_candidates#09|discussion_sessions#09|game_runs#06|s5_rounds#06,tests/manual-acceptance-public-smoke.mjs,42,observe,duplicate-name property reference
DUPLICATE_NAME_NONSQL_REFERENCE,status,asset_candidates#09|discussion_sessions#09|game_runs#06|s5_rounds#06,tests/manual-acceptance-public-smoke.mjs,43,observe,duplicate-name property reference
DUPLICATE_NAME_NONSQL_REFERENCE,room_code,game_runs#02|runtime_events#03|s1_game_events#02|s1_player_decisions#02|s1_room_players#02|s1_room_state#01|s1_rooms#01,tests/manual-acceptance-public-smoke.mjs,148,main,duplicate-name property reference
DUPLICATE_NAME_NONSQL_REFERENCE,display_name,asset_registry_projection#02|s1_room_players#04,tests/manual-acceptance-public-smoke.mjs,149,main,duplicate-name property reference
DUPLICATE_NAME_NONSQL_REFERENCE,run_id,act6_13_event_ledger#02|dialogue_messages#02|discussion_sessions#02|game_runs#01|runtime_events#02|runtime_player_decisions#02|s3_group_items#01|s3_player_item_view_state#01|s3_player_items#01|s3_player_knowledge#02|s3_player_observations#01|s3_runtime_scene_state#01|s3_shared_photos#02|s3b_library_attempts#01|s3b_player_facts#01|s3b_player_progress#01|s3b_post_inspection_route_votes#02|s3b_run_state#01|s5_act8_private_choices#01|s5_rounds#02|s5_run_state#01|s5_votes#01|s6_action_receipts#01|s6_allocation_attempts#02|s6_allocations#01|s6_audio_occurrences#02|s6_choices#01|s6_engagements#01|s6_private_clues#01|s6_run_state#01|s6_station_b_progress#01|s6_station_tasks#01|s8_finalizations#01|s9_pocket_item_inspections#01|teacher_override_validity#02|teacher_overrides#02,tests/package-a-ca-a-corrections-live-e2e.js,17,main,duplicate-name property reference
DUPLICATE_NAME_NONSQL_REFERENCE,act6_entered_at,s3b_player_progress#22|s5_run_state#10,tests/package-a-ca-a-corrections-live-e2e.js,22,main,duplicate-name property reference
DUPLICATE_NAME_NONSQL_REFERENCE,run_id,act6_13_event_ledger#02|dialogue_messages#02|discussion_sessions#02|game_runs#01|runtime_events#02|runtime_player_decisions#02|s3_group_items#01|s3_player_item_view_state#01|s3_player_items#01|s3_player_knowledge#02|s3_player_observations#01|s3_runtime_scene_state#01|s3_shared_photos#02|s3b_library_attempts#01|s3b_player_facts#01|s3b_player_progress#01|s3b_post_inspection_route_votes#02|s3b_run_state#01|s5_act8_private_choices#01|s5_rounds#02|s5_run_state#01|s5_votes#01|s6_action_receipts#01|s6_allocation_attempts#02|s6_allocations#01|s6_audio_occurrences#02|s6_choices#01|s6_engagements#01|s6_private_clues#01|s6_run_state#01|s6_station_b_progress#01|s6_station_tasks#01|s8_finalizations#01|s9_pocket_item_inspections#01|teacher_override_validity#02|teacher_overrides#02,tests/package-a-ca-a-corrections-live-e2e.js,27,main,duplicate-name property reference
DUPLICATE_NAME_NONSQL_REFERENCE,run_id,act6_13_event_ledger#02|dialogue_messages#02|discussion_sessions#02|game_runs#01|runtime_events#02|runtime_player_decisions#02|s3_group_items#01|s3_player_item_view_state#01|s3_player_items#01|s3_player_knowledge#02|s3_player_observations#01|s3_runtime_scene_state#01|s3_shared_photos#02|s3b_library_attempts#01|s3b_player_facts#01|s3b_player_progress#01|s3b_post_inspection_route_votes#02|s3b_run_state#01|s5_act8_private_choices#01|s5_rounds#02|s5_run_state#01|s5_votes#01|s6_action_receipts#01|s6_allocation_attempts#02|s6_allocations#01|s6_audio_occurrences#02|s6_choices#01|s6_engagements#01|s6_private_clues#01|s6_run_state#01|s6_station_b_progress#01|s6_station_tasks#01|s8_finalizations#01|s9_pocket_item_inspections#01|teacher_override_validity#02|teacher_overrides#02,tests/package-a-ca-a-corrections-live-e2e.js,30,main,duplicate-name property reference
DUPLICATE_NAME_NONSQL_REFERENCE,run_id,act6_13_event_ledger#02|dialogue_messages#02|discussion_sessions#02|game_runs#01|runtime_events#02|runtime_player_decisions#02|s3_group_items#01|s3_player_item_view_state#01|s3_player_items#01|s3_player_knowledge#02|s3_player_observations#01|s3_runtime_scene_state#01|s3_shared_photos#02|s3b_library_attempts#01|s3b_player_facts#01|s3b_player_progress#01|s3b_post_inspection_route_votes#02|s3b_run_state#01|s5_act8_private_choices#01|s5_rounds#02|s5_run_state#01|s5_votes#01|s6_action_receipts#01|s6_allocation_attempts#02|s6_allocations#01|s6_audio_occurrences#02|s6_choices#01|s6_engagements#01|s6_private_clues#01|s6_run_state#01|s6_station_b_progress#01|s6_station_tasks#01|s8_finalizations#01|s9_pocket_item_inspections#01|teacher_override_validity#02|teacher_overrides#02,tests/package-a-ca-a-corrections-live-e2e.js,31,main,duplicate-name property reference
DUPLICATE_NAME_NONSQL_REFERENCE,act6_entered_at,s3b_player_progress#22|s5_run_state#10,tests/package-a-ca-a-corrections-live-e2e.js,34,main,duplicate-name property reference
DUPLICATE_NAME_NONSQL_REFERENCE,act6_entered_at,s3b_player_progress#22|s5_run_state#10,tests/package-a-ca-a-corrections-live-e2e.js,35,main,duplicate-name property reference
DUPLICATE_NAME_NONSQL_REFERENCE,act6_entered_at,s3b_player_progress#22|s5_run_state#10,tests/package-a-ca-a-corrections-live-e2e.js,36,main,duplicate-name property reference
DUPLICATE_NAME_NONSQL_REFERENCE,run_id,act6_13_event_ledger#02|dialogue_messages#02|discussion_sessions#02|game_runs#01|runtime_events#02|runtime_player_decisions#02|s3_group_items#01|s3_player_item_view_state#01|s3_player_items#01|s3_player_knowledge#02|s3_player_observations#01|s3_runtime_scene_state#01|s3_shared_photos#02|s3b_library_attempts#01|s3b_player_facts#01|s3b_player_progress#01|s3b_post_inspection_route_votes#02|s3b_run_state#01|s5_act8_private_choices#01|s5_rounds#02|s5_run_state#01|s5_votes#01|s6_action_receipts#01|s6_allocation_attempts#02|s6_allocations#01|s6_audio_occurrences#02|s6_choices#01|s6_engagements#01|s6_private_clues#01|s6_run_state#01|s6_station_b_progress#01|s6_station_tasks#01|s8_finalizations#01|s9_pocket_item_inspections#01|teacher_override_validity#02|teacher_overrides#02,tests/package-a-ca-a-corrections-live-e2e.js,41,main,duplicate-name property reference
DUPLICATE_NAME_NONSQL_REFERENCE,run_id,act6_13_event_ledger#02|dialogue_messages#02|discussion_sessions#02|game_runs#01|runtime_events#02|runtime_player_decisions#02|s3_group_items#01|s3_player_item_view_state#01|s3_player_items#01|s3_player_knowledge#02|s3_player_observations#01|s3_runtime_scene_state#01|s3_shared_photos#02|s3b_library_attempts#01|s3b_player_facts#01|s3b_player_progress#01|s3b_post_inspection_route_votes#02|s3b_run_state#01|s5_act8_private_choices#01|s5_rounds#02|s5_run_state#01|s5_votes#01|s6_action_receipts#01|s6_allocation_attempts#02|s6_allocations#01|s6_audio_occurrences#02|s6_choices#01|s6_engagements#01|s6_private_clues#01|s6_run_state#01|s6_station_b_progress#01|s6_station_tasks#01|s8_finalizations#01|s9_pocket_item_inspections#01|teacher_override_validity#02|teacher_overrides#02,tests/package-a-ca-a-corrections-live-e2e.js,42,main,duplicate-name property reference
DUPLICATE_NAME_NONSQL_REFERENCE,act6_entered_at,s3b_player_progress#22|s5_run_state#10,tests/package-a-ca-a-corrections-live-e2e.js,45,main,duplicate-name property reference
DUPLICATE_NAME_NONSQL_REFERENCE,status,asset_candidates#09|discussion_sessions#09|game_runs#06|s5_rounds#06,tests/package-a-ca-a-corrections-live-e2e.js,48,main,duplicate-name property reference
DUPLICATE_NAME_NONSQL_REFERENCE,run_id,act6_13_event_ledger#02|dialogue_messages#02|discussion_sessions#02|game_runs#01|runtime_events#02|runtime_player_decisions#02|s3_group_items#01|s3_player_item_view_state#01|s3_player_items#01|s3_player_knowledge#02|s3_player_observations#01|s3_runtime_scene_state#01|s3_shared_photos#02|s3b_library_attempts#01|s3b_player_facts#01|s3b_player_progress#01|s3b_post_inspection_route_votes#02|s3b_run_state#01|s5_act8_private_choices#01|s5_rounds#02|s5_run_state#01|s5_votes#01|s6_action_receipts#01|s6_allocation_attempts#02|s6_allocations#01|s6_audio_occurrences#02|s6_choices#01|s6_engagements#01|s6_private_clues#01|s6_run_state#01|s6_station_b_progress#01|s6_station_tasks#01|s8_finalizations#01|s9_pocket_item_inspections#01|teacher_override_validity#02|teacher_overrides#02,tests/remediation-e0-browser.mjs,32,prepareAct14Boundary,duplicate-name property reference
DUPLICATE_NAME_NONSQL_REFERENCE,run_id,act6_13_event_ledger#02|dialogue_messages#02|discussion_sessions#02|game_runs#01|runtime_events#02|runtime_player_decisions#02|s3_group_items#01|s3_player_item_view_state#01|s3_player_items#01|s3_player_knowledge#02|s3_player_observations#01|s3_runtime_scene_state#01|s3_shared_photos#02|s3b_library_attempts#01|s3b_player_facts#01|s3b_player_progress#01|s3b_post_inspection_route_votes#02|s3b_run_state#01|s5_act8_private_choices#01|s5_rounds#02|s5_run_state#01|s5_votes#01|s6_action_receipts#01|s6_allocation_attempts#02|s6_allocations#01|s6_audio_occurrences#02|s6_choices#01|s6_engagements#01|s6_private_clues#01|s6_run_state#01|s6_station_b_progress#01|s6_station_tasks#01|s8_finalizations#01|s9_pocket_item_inspections#01|teacher_override_validity#02|teacher_overrides#02,tests/remediation-e0-browser.mjs,33,prepareAct14Boundary,duplicate-name property reference
DUPLICATE_NAME_NONSQL_REFERENCE,phase_key,act6_13_event_ledger#05|dialogue_messages#05|discussion_sessions#04|game_runs#08|runtime_events#10|runtime_player_decisions#05|s3_runtime_scene_state#03|s5_rounds#03|s5_run_state#03|s5_votes#02|s6_audio_occurrences#04|s6_choices#02|s6_run_state#03,tests/remediation-e0-browser.mjs,49,prepareAct14Boundary,duplicate-name property reference
DUPLICATE_NAME_NONSQL_REFERENCE,status,asset_candidates#09|discussion_sessions#09|game_runs#06|s5_rounds#06,tests/remediation-e0-browser.mjs,76,main,duplicate-name property reference
DUPLICATE_NAME_NONSQL_REFERENCE,status,asset_candidates#09|discussion_sessions#09|game_runs#06|s5_rounds#06,tests/remediation-e0-browser.mjs,78,main,duplicate-name property reference
DUPLICATE_NAME_NONSQL_REFERENCE,status,asset_candidates#09|discussion_sessions#09|game_runs#06|s5_rounds#06,tests/remediation-e0-browser.mjs,81,main,duplicate-name property reference
DUPLICATE_NAME_NONSQL_REFERENCE,status,asset_candidates#09|discussion_sessions#09|game_runs#06|s5_rounds#06,tests/remediation-e0-browser.mjs,135,main,duplicate-name property reference
DUPLICATE_NAME_NONSQL_REFERENCE,status,asset_candidates#09|discussion_sessions#09|game_runs#06|s5_rounds#06,tests/remediation-e0-browser.mjs,167,main,duplicate-name property reference
DUPLICATE_NAME_NONSQL_REFERENCE,status,asset_candidates#09|discussion_sessions#09|game_runs#06|s5_rounds#06,tests/remediation-e0-browser.mjs,199,main,duplicate-name property reference
DUPLICATE_NAME_NONSQL_REFERENCE,status,asset_candidates#09|discussion_sessions#09|game_runs#06|s5_rounds#06,tests/remediation-e0-browser.mjs,201,main,duplicate-name property reference
DUPLICATE_NAME_NONSQL_REFERENCE,status,asset_candidates#09|discussion_sessions#09|game_runs#06|s5_rounds#06,tests/remediation-e0-browser.mjs,224,main,duplicate-name property reference
DUPLICATE_NAME_NONSQL_REFERENCE,player_id,act6_13_event_ledger#07|dialogue_messages#07|runtime_player_decisions#08|s1_player_decisions#04|s1_room_players#01|s3_player_item_view_state#02|s3_player_knowledge#03|s3_player_observations#02|s3b_player_facts#02|s3b_player_progress#02|s3b_post_inspection_route_votes#03|s5_act8_private_choices#02|s5_votes#04|s6_action_receipts#02|s6_allocation_attempts#04|s6_allocations#02|s6_audio_consumptions#02|s6_choices#04|s6_engagements#03|s6_private_clues#02|s6_station_b_progress#02|s6_station_tasks#03|s9_pocket_item_inspections#02|teacher_override_validity#03,tests/remediation-e1-browser.mjs,20,sessionFor,duplicate-name property reference
DUPLICATE_NAME_NONSQL_REFERENCE,display_name,asset_registry_projection#02|s1_room_players#04,tests/remediation-e1-browser.mjs,20,sessionFor,duplicate-name property reference
DUPLICATE_NAME_NONSQL_REFERENCE,status,asset_candidates#09|discussion_sessions#09|game_runs#06|s5_rounds#06,tests/remediation-e1-browser.mjs,27,observe,duplicate-name property reference
DUPLICATE_NAME_NONSQL_REFERENCE,status,asset_candidates#09|discussion_sessions#09|game_runs#06|s5_rounds#06,tests/remediation-e1-browser.mjs,30,observe,duplicate-name property reference
DUPLICATE_NAME_NONSQL_REFERENCE,run_id,act6_13_event_ledger#02|dialogue_messages#02|discussion_sessions#02|game_runs#01|runtime_events#02|runtime_player_decisions#02|s3_group_items#01|s3_player_item_view_state#01|s3_player_items#01|s3_player_knowledge#02|s3_player_observations#01|s3_runtime_scene_state#01|s3_shared_photos#02|s3b_library_attempts#01|s3b_player_facts#01|s3b_player_progress#01|s3b_post_inspection_route_votes#02|s3b_run_state#01|s5_act8_private_choices#01|s5_rounds#02|s5_run_state#01|s5_votes#01|s6_action_receipts#01|s6_allocation_attempts#02|s6_allocations#01|s6_audio_occurrences#02|s6_choices#01|s6_engagements#01|s6_private_clues#01|s6_run_state#01|s6_station_b_progress#01|s6_station_tasks#01|s8_finalizations#01|s9_pocket_item_inspections#01|teacher_override_validity#02|teacher_overrides#02,tests/remediation-e1-browser.mjs,143,act4ThroughAct6,duplicate-name property reference
DUPLICATE_NAME_NONSQL_REFERENCE,run_id,act6_13_event_ledger#02|dialogue_messages#02|discussion_sessions#02|game_runs#01|runtime_events#02|runtime_player_decisions#02|s3_group_items#01|s3_player_item_view_state#01|s3_player_items#01|s3_player_knowledge#02|s3_player_observations#01|s3_runtime_scene_state#01|s3_shared_photos#02|s3b_library_attempts#01|s3b_player_facts#01|s3b_player_progress#01|s3b_post_inspection_route_votes#02|s3b_run_state#01|s5_act8_private_choices#01|s5_rounds#02|s5_run_state#01|s5_votes#01|s6_action_receipts#01|s6_allocation_attempts#02|s6_allocations#01|s6_audio_occurrences#02|s6_choices#01|s6_engagements#01|s6_private_clues#01|s6_run_state#01|s6_station_b_progress#01|s6_station_tasks#01|s8_finalizations#01|s9_pocket_item_inspections#01|teacher_override_validity#02|teacher_overrides#02,tests/remediation-e1-browser.mjs,144,act4ThroughAct6,duplicate-name property reference
DUPLICATE_NAME_NONSQL_REFERENCE,discussion_session_id,dialogue_messages#03|discussion_sessions#01|runtime_events#04|runtime_player_decisions#03|s5_rounds#01,tests/remediation-e1-browser.mjs,162,closeS6Discussion,duplicate-name property reference
DUPLICATE_NAME_NONSQL_REFERENCE,run_id,act6_13_event_ledger#02|dialogue_messages#02|discussion_sessions#02|game_runs#01|runtime_events#02|runtime_player_decisions#02|s3_group_items#01|s3_player_item_view_state#01|s3_player_items#01|s3_player_knowledge#02|s3_player_observations#01|s3_runtime_scene_state#01|s3_shared_photos#02|s3b_library_attempts#01|s3b_player_facts#01|s3b_player_progress#01|s3b_post_inspection_route_votes#02|s3b_run_state#01|s5_act8_private_choices#01|s5_rounds#02|s5_run_state#01|s5_votes#01|s6_action_receipts#01|s6_allocation_attempts#02|s6_allocations#01|s6_audio_occurrences#02|s6_choices#01|s6_engagements#01|s6_private_clues#01|s6_run_state#01|s6_station_b_progress#01|s6_station_tasks#01|s8_finalizations#01|s9_pocket_item_inspections#01|teacher_override_validity#02|teacher_overrides#02,tests/remediation-e1-browser.mjs,215,prepareAct14Boundary,duplicate-name property reference
DUPLICATE_NAME_NONSQL_REFERENCE,run_id,act6_13_event_ledger#02|dialogue_messages#02|discussion_sessions#02|game_runs#01|runtime_events#02|runtime_player_decisions#02|s3_group_items#01|s3_player_item_view_state#01|s3_player_items#01|s3_player_knowledge#02|s3_player_observations#01|s3_runtime_scene_state#01|s3_shared_photos#02|s3b_library_attempts#01|s3b_player_facts#01|s3b_player_progress#01|s3b_post_inspection_route_votes#02|s3b_run_state#01|s5_act8_private_choices#01|s5_rounds#02|s5_run_state#01|s5_votes#01|s6_action_receipts#01|s6_allocation_attempts#02|s6_allocations#01|s6_audio_occurrences#02|s6_choices#01|s6_engagements#01|s6_private_clues#01|s6_run_state#01|s6_station_b_progress#01|s6_station_tasks#01|s8_finalizations#01|s9_pocket_item_inspections#01|teacher_override_validity#02|teacher_overrides#02,tests/remediation-e1-browser.mjs,216,prepareAct14Boundary,duplicate-name property reference
DUPLICATE_NAME_NONSQL_REFERENCE,phase_key,act6_13_event_ledger#05|dialogue_messages#05|discussion_sessions#04|game_runs#08|runtime_events#10|runtime_player_decisions#05|s3_runtime_scene_state#03|s5_rounds#03|s5_run_state#03|s5_votes#02|s6_audio_occurrences#04|s6_choices#02|s6_run_state#03,tests/remediation-e1-browser.mjs,229,prepareAct14Boundary,duplicate-name property reference
DUPLICATE_NAME_NONSQL_REFERENCE,status,asset_candidates#09|discussion_sessions#09|game_runs#06|s5_rounds#06,tests/remediation-e1-browser.mjs,248,act14,duplicate-name property reference
DUPLICATE_NAME_NONSQL_REFERENCE,status,asset_candidates#09|discussion_sessions#09|game_runs#06|s5_rounds#06,tests/remediation-e1-browser.mjs,249,act14,duplicate-name property reference
DUPLICATE_NAME_NONSQL_REFERENCE,details,act6_13_event_ledger#08|asset_events#05|runtime_events#07|s1_game_events#05,tests/sprint1-live-e2e.js,29,rpc,duplicate-name property reference
DUPLICATE_NAME_NONSQL_REFERENCE,details,act6_13_event_ledger#08|asset_events#05|runtime_events#07|s1_game_events#05,tests/sprint1-live-e2e.js,30,rpc,duplicate-name property reference
DUPLICATE_NAME_NONSQL_REFERENCE,status,asset_candidates#09|discussion_sessions#09|game_runs#06|s5_rounds#06,tests/sprint1-live-e2e.js,32,rpc,duplicate-name property reference
DUPLICATE_NAME_NONSQL_REFERENCE,status,asset_candidates#09|discussion_sessions#09|game_runs#06|s5_rounds#06,tests/sprint1-live-e2e.js,33,rpc,duplicate-name property reference
DUPLICATE_NAME_NONSQL_REFERENCE,room_code,game_runs#02|runtime_events#03|s1_game_events#02|s1_player_decisions#02|s1_room_players#02|s1_room_state#01|s1_rooms#01,tests/sprint1-live-e2e.js,121,testCreateRoomHardening,duplicate-name property reference
DUPLICATE_NAME_NONSQL_REFERENCE,display_name,asset_registry_projection#02|s1_room_players#04,tests/sprint1-live-e2e.js,137,testThreePlayerFlow,duplicate-name property reference
DUPLICATE_NAME_NONSQL_REFERENCE,display_name,asset_registry_projection#02|s1_room_players#04,tests/sprint1-live-e2e.js,141,testThreePlayerFlow,duplicate-name property reference
DUPLICATE_NAME_NONSQL_REFERENCE,display_name,asset_registry_projection#02|s1_room_players#04,tests/sprint1-live-e2e.js,145,testThreePlayerFlow,duplicate-name property reference
DUPLICATE_NAME_NONSQL_REFERENCE,player_id,act6_13_event_ledger#07|dialogue_messages#07|runtime_player_decisions#08|s1_player_decisions#04|s1_room_players#01|s3_player_item_view_state#02|s3_player_knowledge#03|s3_player_observations#02|s3b_player_facts#02|s3b_player_progress#02|s3b_post_inspection_route_votes#03|s5_act8_private_choices#02|s5_votes#04|s6_action_receipts#02|s6_allocation_attempts#04|s6_allocations#02|s6_audio_consumptions#02|s6_choices#04|s6_engagements#03|s6_private_clues#02|s6_station_b_progress#02|s6_station_tasks#03|s9_pocket_item_inspections#02|teacher_override_validity#03,tests/sprint1-live-e2e.js,165,testThreePlayerFlow,duplicate-name property reference
DUPLICATE_NAME_NONSQL_REFERENCE,choice_label,runtime_player_decisions#11|s1_player_decisions#07|s1_scene_choices#03,tests/sprint1-live-e2e.js,166,testThreePlayerFlow,duplicate-name property reference
DUPLICATE_NAME_NONSQL_REFERENCE,locked_at,runtime_player_decisions#12|s1_player_decisions#08|s3b_post_inspection_route_votes#09|s5_act8_private_choices#05|s5_votes#07|s6_allocations#05|s6_choices#09,tests/sprint1-live-e2e.js,167,testThreePlayerFlow,duplicate-name property reference
DUPLICATE_NAME_NONSQL_REFERENCE,choice_label,runtime_player_decisions#11|s1_player_decisions#07|s1_scene_choices#03,tests/sprint1-live-e2e.js,174,testThreePlayerFlow,duplicate-name property reference
DUPLICATE_NAME_NONSQL_REFERENCE,choice_label,runtime_player_decisions#11|s1_player_decisions#07|s1_scene_choices#03,tests/sprint1-live-e2e.js,175,testThreePlayerFlow,duplicate-name property reference
DUPLICATE_NAME_NONSQL_REFERENCE,choice_id,runtime_player_decisions#10|s1_player_decisions#06|s1_scene_choices#02|s3b_post_inspection_route_votes#05|s5_act8_private_choices#03|s5_votes#05|s6_choices#05,tests/sprint1-live-e2e.js,187,testThreePlayerFlow,duplicate-name property reference
DUPLICATE_NAME_NONSQL_REFERENCE,choice_label,runtime_player_decisions#11|s1_player_decisions#07|s1_scene_choices#03,tests/sprint1-live-e2e.js,231,testThreePlayerFlow,duplicate-name property reference
DUPLICATE_NAME_NONSQL_REFERENCE,choice_label,runtime_player_decisions#11|s1_player_decisions#07|s1_scene_choices#03,tests/sprint1-live-e2e.js,249,testThreePlayerFlow,duplicate-name property reference
DUPLICATE_NAME_NONSQL_REFERENCE,display_name,asset_registry_projection#02|s1_room_players#04,tests/sprint1-live-e2e.js,260,testThreePlayerFlow,duplicate-name property reference
DUPLICATE_NAME_NONSQL_REFERENCE,choice_label,runtime_player_decisions#11|s1_player_decisions#07|s1_scene_choices#03,tests/sprint1-live-e2e.js,261,testThreePlayerFlow,duplicate-name property reference
DUPLICATE_NAME_NONSQL_REFERENCE,display_name,asset_registry_projection#02|s1_room_players#04,tests/sprint1-live-e2e.js,359,testRecovery,duplicate-name property reference
DUPLICATE_NAME_NONSQL_REFERENCE,status,asset_candidates#09|discussion_sessions#09|game_runs#06|s5_rounds#06,tests/sprint1-live-e2e.js,384,testConcurrentJoin,duplicate-name property reference
DUPLICATE_NAME_NONSQL_REFERENCE,status,asset_candidates#09|discussion_sessions#09|game_runs#06|s5_rounds#06,tests/sprint1-live-e2e.js,385,testConcurrentJoin,duplicate-name property reference
DUPLICATE_NAME_NONSQL_REFERENCE,status,asset_candidates#09|discussion_sessions#09|game_runs#06|s5_rounds#06,tests/sprint1-live-e2e.js,425,main,duplicate-name property reference
DUPLICATE_NAME_NONSQL_REFERENCE,status,asset_candidates#09|discussion_sessions#09|game_runs#06|s5_rounds#06,tests/sprint1-live-e2e.js,438,main,duplicate-name property reference
DUPLICATE_NAME_NONSQL_REFERENCE,status,asset_candidates#09|discussion_sessions#09|game_runs#06|s5_rounds#06,tests/sprint1-live-e2e.js,450,main,duplicate-name property reference
DUPLICATE_NAME_NONSQL_REFERENCE,details,act6_13_event_ledger#08|asset_events#05|runtime_events#07|s1_game_events#05,tests/sprint2-live-e2e.js,36,rpc,duplicate-name property reference
DUPLICATE_NAME_NONSQL_REFERENCE,status,asset_candidates#09|discussion_sessions#09|game_runs#06|s5_rounds#06,tests/sprint2-live-e2e.js,36,rpc,duplicate-name property reference
DUPLICATE_NAME_NONSQL_REFERENCE,discussion_session_id,dialogue_messages#03|discussion_sessions#01|runtime_events#04|runtime_player_decisions#03|s5_rounds#01,tests/sprint2-live-e2e.js,119,vote,duplicate-name property reference
DUPLICATE_NAME_NONSQL_REFERENCE,vote_round,discussion_sessions#07|runtime_player_decisions#07|s5_rounds#04|s5_run_state#04|s5_votes#03,tests/sprint2-live-e2e.js,120,vote,duplicate-name property reference
DUPLICATE_NAME_NONSQL_REFERENCE,discussion_session_id,dialogue_messages#03|discussion_sessions#01|runtime_events#04|runtime_player_decisions#03|s5_rounds#01,tests/sprint2-live-e2e.js,130,sendMessage,duplicate-name property reference
DUPLICATE_NAME_NONSQL_REFERENCE,vote_round,discussion_sessions#07|runtime_player_decisions#07|s5_rounds#04|s5_run_state#04|s5_votes#03,tests/sprint2-live-e2e.js,131,sendMessage,duplicate-name property reference
DUPLICATE_NAME_NONSQL_REFERENCE,run_id,act6_13_event_ledger#02|dialogue_messages#02|discussion_sessions#02|game_runs#01|runtime_events#02|runtime_player_decisions#02|s3_group_items#01|s3_player_item_view_state#01|s3_player_items#01|s3_player_knowledge#02|s3_player_observations#01|s3_runtime_scene_state#01|s3_shared_photos#02|s3b_library_attempts#01|s3b_player_facts#01|s3b_player_progress#01|s3b_post_inspection_route_votes#02|s3b_run_state#01|s5_act8_private_choices#01|s5_rounds#02|s5_run_state#01|s5_votes#01|s6_action_receipts#01|s6_allocation_attempts#02|s6_allocations#01|s6_audio_occurrences#02|s6_choices#01|s6_engagements#01|s6_private_clues#01|s6_run_state#01|s6_station_b_progress#01|s6_station_tasks#01|s8_finalizations#01|s9_pocket_item_inspections#01|teacher_override_validity#02|teacher_overrides#02,tests/sprint2-live-e2e.js,145,testChatPrivacyAndThreeZero,duplicate-name property reference
DUPLICATE_NAME_NONSQL_REFERENCE,run_id,act6_13_event_ledger#02|dialogue_messages#02|discussion_sessions#02|game_runs#01|runtime_events#02|runtime_player_decisions#02|s3_group_items#01|s3_player_item_view_state#01|s3_player_items#01|s3_player_knowledge#02|s3_player_observations#01|s3_runtime_scene_state#01|s3_shared_photos#02|s3b_library_attempts#01|s3b_player_facts#01|s3b_player_progress#01|s3b_post_inspection_route_votes#02|s3b_run_state#01|s5_act8_private_choices#01|s5_rounds#02|s5_run_state#01|s5_votes#01|s6_action_receipts#01|s6_allocation_attempts#02|s6_allocations#01|s6_audio_occurrences#02|s6_choices#01|s6_engagements#01|s6_private_clues#01|s6_run_state#01|s6_station_b_progress#01|s6_station_tasks#01|s8_finalizations#01|s9_pocket_item_inspections#01|teacher_override_validity#02|teacher_overrides#02,tests/sprint2-live-e2e.js,147,testChatPrivacyAndThreeZero,duplicate-name property reference
DUPLICATE_NAME_NONSQL_REFERENCE,discussion_session_id,dialogue_messages#03|discussion_sessions#01|runtime_events#04|runtime_player_decisions#03|s5_rounds#01,tests/sprint2-live-e2e.js,155,testChatPrivacyAndThreeZero,duplicate-name property reference
DUPLICATE_NAME_NONSQL_REFERENCE,silent_texting_mode,discussion_sessions#26|game_runs#10,tests/sprint2-live-e2e.js,157,testChatPrivacyAndThreeZero,duplicate-name property reference
DUPLICATE_NAME_NONSQL_REFERENCE,discussion_session_id,dialogue_messages#03|discussion_sessions#01|runtime_events#04|runtime_player_decisions#03|s5_rounds#01,tests/sprint2-live-e2e.js,158,testChatPrivacyAndThreeZero,duplicate-name property reference
DUPLICATE_NAME_NONSQL_REFERENCE,created_at,asset_candidates#12|asset_events#06|asset_manager_reviewers#04|dialogue_messages#09|game_runs#11|runtime_events#08|s1_game_events#06|s1_rooms#03|s5_rounds#08|s6_action_receipts#07|teacher_overrides#12,tests/sprint2-live-e2e.js,166,testChatPrivacyAndThreeZero,duplicate-name property reference
DUPLICATE_NAME_NONSQL_REFERENCE,run_id,act6_13_event_ledger#02|dialogue_messages#02|discussion_sessions#02|game_runs#01|runtime_events#02|runtime_player_decisions#02|s3_group_items#01|s3_player_item_view_state#01|s3_player_items#01|s3_player_knowledge#02|s3_player_observations#01|s3_runtime_scene_state#01|s3_shared_photos#02|s3b_library_attempts#01|s3b_player_facts#01|s3b_player_progress#01|s3b_post_inspection_route_votes#02|s3b_run_state#01|s5_act8_private_choices#01|s5_rounds#02|s5_run_state#01|s5_votes#01|s6_action_receipts#01|s6_allocation_attempts#02|s6_allocations#01|s6_audio_occurrences#02|s6_choices#01|s6_engagements#01|s6_private_clues#01|s6_run_state#01|s6_station_b_progress#01|s6_station_tasks#01|s8_finalizations#01|s9_pocket_item_inspections#01|teacher_override_validity#02|teacher_overrides#02,tests/sprint2-live-e2e.js,170,testChatPrivacyAndThreeZero,duplicate-name property reference
DUPLICATE_NAME_NONSQL_REFERENCE,run_id,act6_13_event_ledger#02|dialogue_messages#02|discussion_sessions#02|game_runs#01|runtime_events#02|runtime_player_decisions#02|s3_group_items#01|s3_player_item_view_state#01|s3_player_items#01|s3_player_knowledge#02|s3_player_observations#01|s3_runtime_scene_state#01|s3_shared_photos#02|s3b_library_attempts#01|s3b_player_facts#01|s3b_player_progress#01|s3b_post_inspection_route_votes#02|s3b_run_state#01|s5_act8_private_choices#01|s5_rounds#02|s5_run_state#01|s5_votes#01|s6_action_receipts#01|s6_allocation_attempts#02|s6_allocations#01|s6_audio_occurrences#02|s6_choices#01|s6_engagements#01|s6_private_clues#01|s6_run_state#01|s6_station_b_progress#01|s6_station_tasks#01|s8_finalizations#01|s9_pocket_item_inspections#01|teacher_override_validity#02|teacher_overrides#02,tests/sprint2-live-e2e.js,171,testChatPrivacyAndThreeZero,duplicate-name property reference
DUPLICATE_NAME_NONSQL_REFERENCE,player_id,act6_13_event_ledger#07|dialogue_messages#07|runtime_player_decisions#08|s1_player_decisions#04|s1_room_players#01|s3_player_item_view_state#02|s3_player_knowledge#03|s3_player_observations#02|s3b_player_facts#02|s3b_player_progress#02|s3b_post_inspection_route_votes#03|s5_act8_private_choices#02|s5_votes#04|s6_action_receipts#02|s6_allocation_attempts#04|s6_allocations#02|s6_audio_consumptions#02|s6_choices#04|s6_engagements#03|s6_private_clues#02|s6_station_b_progress#02|s6_station_tasks#03|s9_pocket_item_inspections#02|teacher_override_validity#03,tests/sprint2-live-e2e.js,180,testChatPrivacyAndThreeZero,duplicate-name property reference
DUPLICATE_NAME_NONSQL_REFERENCE,choice_id,runtime_player_decisions#10|s1_player_decisions#06|s1_scene_choices#02|s3b_post_inspection_route_votes#05|s5_act8_private_choices#03|s5_votes#05|s6_choices#05,tests/sprint2-live-e2e.js,181,testChatPrivacyAndThreeZero,duplicate-name property reference
DUPLICATE_NAME_NONSQL_REFERENCE,status,asset_candidates#09|discussion_sessions#09|game_runs#06|s5_rounds#06,tests/sprint2-live-e2e.js,189,testChatPrivacyAndThreeZero,duplicate-name property reference
DUPLICATE_NAME_NONSQL_REFERENCE,outcome,discussion_sessions#13|s6_audio_consumptions#03,tests/sprint2-live-e2e.js,191,testChatPrivacyAndThreeZero,duplicate-name property reference
DUPLICATE_NAME_NONSQL_REFERENCE,status,asset_candidates#09|discussion_sessions#09|game_runs#06|s5_rounds#06,tests/sprint2-live-e2e.js,202,testTwoOne,duplicate-name property reference
DUPLICATE_NAME_NONSQL_REFERENCE,choice_id,runtime_player_decisions#10|s1_player_decisions#06|s1_scene_choices#02|s3b_post_inspection_route_votes#05|s5_act8_private_choices#03|s5_votes#05|s6_choices#05,tests/sprint2-live-e2e.js,202,testTwoOne,duplicate-name property reference
DUPLICATE_NAME_NONSQL_REFERENCE,vote_round,discussion_sessions#07|runtime_player_decisions#07|s5_rounds#04|s5_run_state#04|s5_votes#03,tests/sprint2-live-e2e.js,213,testTieAndRevote,duplicate-name property reference
DUPLICATE_NAME_NONSQL_REFERENCE,discussion_session_id,dialogue_messages#03|discussion_sessions#01|runtime_events#04|runtime_player_decisions#03|s5_rounds#01,tests/sprint2-live-e2e.js,214,testTieAndRevote,duplicate-name property reference
DUPLICATE_NAME_NONSQL_REFERENCE,status,asset_candidates#09|discussion_sessions#09|game_runs#06|s5_rounds#06,tests/sprint2-live-e2e.js,216,testTieAndRevote,duplicate-name property reference
DUPLICATE_NAME_NONSQL_REFERENCE,vote_round,discussion_sessions#07|runtime_player_decisions#07|s5_rounds#04|s5_run_state#04|s5_votes#03,tests/sprint2-live-e2e.js,216,testTieAndRevote,duplicate-name property reference
DUPLICATE_NAME_NONSQL_REFERENCE,outcome,discussion_sessions#13|s6_audio_consumptions#03,tests/sprint2-live-e2e.js,217,testTieAndRevote,duplicate-name property reference
DUPLICATE_NAME_NONSQL_REFERENCE,discussion_session_id,dialogue_messages#03|discussion_sessions#01|runtime_events#04|runtime_player_decisions#03|s5_rounds#01,tests/sprint2-live-e2e.js,219,testTieAndRevote,duplicate-name property reference
DUPLICATE_NAME_NONSQL_REFERENCE,status,asset_candidates#09|discussion_sessions#09|game_runs#06|s5_rounds#06,tests/sprint2-live-e2e.js,226,testTieAndRevote,duplicate-name property reference
DUPLICATE_NAME_NONSQL_REFERENCE,choice_id,runtime_player_decisions#10|s1_player_decisions#06|s1_scene_choices#02|s3b_post_inspection_route_votes#05|s5_act8_private_choices#03|s5_votes#05|s6_choices#05,tests/sprint2-live-e2e.js,226,testTieAndRevote,duplicate-name property reference
DUPLICATE_NAME_NONSQL_REFERENCE,status,asset_candidates#09|discussion_sessions#09|game_runs#06|s5_rounds#06,tests/sprint2-live-e2e.js,242,testDeadlineAndAudit,duplicate-name property reference
DUPLICATE_NAME_NONSQL_REFERENCE,status,asset_candidates#09|discussion_sessions#09|game_runs#06|s5_rounds#06,tests/sprint2-live-e2e.js,247,testDeadlineAndAudit,duplicate-name property reference
DUPLICATE_NAME_NONSQL_REFERENCE,status,asset_candidates#09|discussion_sessions#09|game_runs#06|s5_rounds#06,tests/sprint2-live-e2e.js,264,testSingleRevoteFallbackAndIsolation,duplicate-name property reference
DUPLICATE_NAME_NONSQL_REFERENCE,round_no,discussion_sessions#06|s6_allocation_attempts#03|s6_choices#03|s6_run_state#05,tests/sprint2-live-e2e.js,264,testSingleRevoteFallbackAndIsolation,duplicate-name property reference
DUPLICATE_NAME_NONSQL_REFERENCE,resolution_source,s5_rounds#07|teacher_overrides#08,tests/sprint2-live-e2e.js,268,testSingleRevoteFallbackAndIsolation,duplicate-name property reference
DUPLICATE_NAME_NONSQL_REFERENCE,discussion_session_id,dialogue_messages#03|discussion_sessions#01|runtime_events#04|runtime_player_decisions#03|s5_rounds#01,tests/sprint2-live-e2e.js,269,testSingleRevoteFallbackAndIsolation,duplicate-name property reference
DUPLICATE_NAME_NONSQL_REFERENCE,round_no,discussion_sessions#06|s6_allocation_attempts#03|s6_choices#03|s6_run_state#05,tests/sprint2-live-e2e.js,278,testSingleRevoteFallbackAndIsolation,duplicate-name property reference
DUPLICATE_NAME_NONSQL_REFERENCE,vote_round,discussion_sessions#07|runtime_player_decisions#07|s5_rounds#04|s5_run_state#04|s5_votes#03,tests/sprint2-live-e2e.js,279,testSingleRevoteFallbackAndIsolation,duplicate-name property reference
DUPLICATE_NAME_NONSQL_REFERENCE,discussion_session_id,dialogue_messages#03|discussion_sessions#01|runtime_events#04|runtime_player_decisions#03|s5_rounds#01,tests/sprint2-live-e2e.js,285,testSingleRevoteFallbackAndIsolation,duplicate-name property reference
DUPLICATE_NAME_NONSQL_REFERENCE,status,asset_candidates#09|discussion_sessions#09|game_runs#06|s5_rounds#06,tests/sprint2-live-e2e.js,290,testSingleRevoteFallbackAndIsolation,duplicate-name property reference
DUPLICATE_NAME_NONSQL_REFERENCE,round_no,discussion_sessions#06|s6_allocation_attempts#03|s6_choices#03|s6_run_state#05,tests/sprint2-live-e2e.js,290,testSingleRevoteFallbackAndIsolation,duplicate-name property reference
DUPLICATE_NAME_NONSQL_REFERENCE,resolution_source,s5_rounds#07|teacher_overrides#08,tests/sprint2-live-e2e.js,293,testSingleRevoteFallbackAndIsolation,duplicate-name property reference
DUPLICATE_NAME_NONSQL_REFERENCE,outcome,discussion_sessions#13|s6_audio_consumptions#03,tests/sprint2-live-e2e.js,295,testSingleRevoteFallbackAndIsolation,duplicate-name property reference
DUPLICATE_NAME_NONSQL_REFERENCE,resolution_source,s5_rounds#07|teacher_overrides#08,tests/sprint2-live-e2e.js,295,testSingleRevoteFallbackAndIsolation,duplicate-name property reference
DUPLICATE_NAME_NONSQL_REFERENCE,outcome,discussion_sessions#13|s6_audio_consumptions#03,tests/sprint2-live-e2e.js,296,testSingleRevoteFallbackAndIsolation,duplicate-name property reference
DUPLICATE_NAME_NONSQL_REFERENCE,choice_id,runtime_player_decisions#10|s1_player_decisions#06|s1_scene_choices#02|s3b_post_inspection_route_votes#05|s5_act8_private_choices#03|s5_votes#05|s6_choices#05,tests/sprint2-live-e2e.js,296,testSingleRevoteFallbackAndIsolation,duplicate-name property reference
DUPLICATE_NAME_NONSQL_REFERENCE,resolution_source,s5_rounds#07|teacher_overrides#08,tests/sprint2-live-e2e.js,310,testSingleRevoteFallbackAndIsolation,duplicate-name property reference
DUPLICATE_NAME_NONSQL_REFERENCE,status,asset_candidates#09|discussion_sessions#09|game_runs#06|s5_rounds#06,tests/sprint2-live-e2e.js,340,testRls,duplicate-name property reference
DUPLICATE_NAME_NONSQL_REFERENCE,discussion_session_id,dialogue_messages#03|discussion_sessions#01|runtime_events#04|runtime_player_decisions#03|s5_rounds#01,tests/sprint2-static-check.js,60,TOP_LEVEL,duplicate-name property reference
DUPLICATE_NAME_NONSQL_REFERENCE,discussion_session_id,dialogue_messages#03|discussion_sessions#01|runtime_events#04|runtime_player_decisions#03|s5_rounds#01,tests/sprint2-static-check.js,70,TOP_LEVEL,duplicate-name property reference
DUPLICATE_NAME_NONSQL_REFERENCE,vote_round,discussion_sessions#07|runtime_player_decisions#07|s5_rounds#04|s5_run_state#04|s5_votes#03,tests/sprint2-static-check.js,105,TOP_LEVEL,duplicate-name property reference
DUPLICATE_NAME_NONSQL_REFERENCE,details,act6_13_event_ledger#08|asset_events#05|runtime_events#07|s1_game_events#05,tests/sprint3a-live-e2e.js,11,rpc,duplicate-name property reference
DUPLICATE_NAME_NONSQL_REFERENCE,status,asset_candidates#09|discussion_sessions#09|game_runs#06|s5_rounds#06,tests/sprint3a-live-e2e.js,11,rpc,duplicate-name property reference
DUPLICATE_NAME_NONSQL_REFERENCE,run_id,act6_13_event_ledger#02|dialogue_messages#02|discussion_sessions#02|game_runs#01|runtime_events#02|runtime_player_decisions#02|s3_group_items#01|s3_player_item_view_state#01|s3_player_items#01|s3_player_knowledge#02|s3_player_observations#01|s3_runtime_scene_state#01|s3_shared_photos#02|s3b_library_attempts#01|s3b_player_facts#01|s3b_player_progress#01|s3b_post_inspection_route_votes#02|s3b_run_state#01|s5_act8_private_choices#01|s5_rounds#02|s5_run_state#01|s5_votes#01|s6_action_receipts#01|s6_allocation_attempts#02|s6_allocations#01|s6_audio_occurrences#02|s6_choices#01|s6_engagements#01|s6_private_clues#01|s6_run_state#01|s6_station_b_progress#01|s6_station_tasks#01|s8_finalizations#01|s9_pocket_item_inspections#01|teacher_override_validity#02|teacher_overrides#02,tests/sprint3a-live-e2e.js,45,main,duplicate-name property reference
DUPLICATE_NAME_NONSQL_REFERENCE,text_key,s3_runtime_scene_state#06|s6_private_clues#05,tests/sprint3a-live-e2e.js,50,main,duplicate-name property reference
DUPLICATE_NAME_NONSQL_REFERENCE,item_key,s3_group_items#02|s3_item_catalog#01|s3_player_item_view_state#03|s3_player_items#02|s9_pocket_item_inspections#03,tests/sprint3a-live-e2e.js,62,main,duplicate-name property reference
DUPLICATE_NAME_NONSQL_REFERENCE,source_item_key,s3_player_knowledge#08|s3_shared_photos#05,tests/sprint3a-live-e2e.js,62,main,duplicate-name property reference
DUPLICATE_NAME_NONSQL_REFERENCE,item_key,s3_group_items#02|s3_item_catalog#01|s3_player_item_view_state#03|s3_player_items#02|s9_pocket_item_inspections#03,tests/sprint3a-live-e2e.js,64,main,duplicate-name property reference
DUPLICATE_NAME_NONSQL_REFERENCE,source_item_key,s3_player_knowledge#08|s3_shared_photos#05,tests/sprint3a-live-e2e.js,64,main,duplicate-name property reference
DUPLICATE_NAME_NONSQL_REFERENCE,status,asset_candidates#09|discussion_sessions#09|game_runs#06|s5_rounds#06,tests/sprint3a-live-e2e.js,88,main,duplicate-name property reference
DUPLICATE_NAME_NONSQL_REFERENCE,details,act6_13_event_ledger#08|asset_events#05|runtime_events#07|s1_game_events#05,tests/sprint3b-live-e2e.js,4,rpc,duplicate-name property reference
DUPLICATE_NAME_NONSQL_REFERENCE,status,asset_candidates#09|discussion_sessions#09|game_runs#06|s5_rounds#06,tests/sprint3b-live-e2e.js,19,vote,duplicate-name property reference
DUPLICATE_NAME_NONSQL_REFERENCE,discussion_session_id,dialogue_messages#03|discussion_sessions#01|runtime_events#04|runtime_player_decisions#03|s5_rounds#01,tests/sprint3b-live-e2e.js,19,vote,duplicate-name property reference
DUPLICATE_NAME_NONSQL_REFERENCE,vote_round,discussion_sessions#07|runtime_player_decisions#07|s5_rounds#04|s5_run_state#04|s5_votes#03,tests/sprint3b-live-e2e.js,19,vote,duplicate-name property reference
DUPLICATE_NAME_NONSQL_REFERENCE,scene_id,asset_candidates#05|asset_registry_projection#05|dialogue_messages#04|discussion_sessions#03|game_runs#07|runtime_events#09|runtime_player_decisions#04|s1_player_decisions#03|s1_scene_choices#01|s3_player_knowledge#06|s3_runtime_scene_state#02,tests/sprint3b-live-e2e.js,34,main,duplicate-name property reference
DUPLICATE_NAME_NONSQL_REFERENCE,display_name,asset_registry_projection#02|s1_room_players#04,tests/sprint3b-live-e2e.js,39,main,duplicate-name property reference
DUPLICATE_NAME_NONSQL_REFERENCE,item_key,s3_group_items#02|s3_item_catalog#01|s3_player_item_view_state#03|s3_player_items#02|s9_pocket_item_inspections#03,tests/sprint3b-live-e2e.js,41,main,duplicate-name property reference
DUPLICATE_NAME_NONSQL_REFERENCE,phase_key,act6_13_event_ledger#05|dialogue_messages#05|discussion_sessions#04|game_runs#08|runtime_events#10|runtime_player_decisions#05|s3_runtime_scene_state#03|s5_rounds#03|s5_run_state#03|s5_votes#02|s6_audio_occurrences#04|s6_choices#02|s6_run_state#03,tests/sprint3b-live-e2e.js,45,main,duplicate-name property reference
DUPLICATE_NAME_NONSQL_REFERENCE,text_key,s3_runtime_scene_state#06|s6_private_clues#05,tests/sprint3b-live-e2e.js,45,main,duplicate-name property reference
DUPLICATE_NAME_NONSQL_REFERENCE,phase_key,act6_13_event_ledger#05|dialogue_messages#05|discussion_sessions#04|game_runs#08|runtime_events#10|runtime_player_decisions#05|s3_runtime_scene_state#03|s5_rounds#03|s5_run_state#03|s5_votes#02|s6_audio_occurrences#04|s6_choices#02|s6_run_state#03,tests/sprint3b-live-e2e.js,46,main,duplicate-name property reference
DUPLICATE_NAME_NONSQL_REFERENCE,phase_key,act6_13_event_ledger#05|dialogue_messages#05|discussion_sessions#04|game_runs#08|runtime_events#10|runtime_player_decisions#05|s3_runtime_scene_state#03|s5_rounds#03|s5_run_state#03|s5_votes#02|s6_audio_occurrences#04|s6_choices#02|s6_run_state#03,tests/sprint3b-live-e2e.js,48,main,duplicate-name property reference
DUPLICATE_NAME_NONSQL_REFERENCE,phase_key,act6_13_event_ledger#05|dialogue_messages#05|discussion_sessions#04|game_runs#08|runtime_events#10|runtime_player_decisions#05|s3_runtime_scene_state#03|s5_rounds#03|s5_run_state#03|s5_votes#02|s6_audio_occurrences#04|s6_choices#02|s6_run_state#03,tests/sprint3b-live-e2e.js,49,main,duplicate-name property reference
DUPLICATE_NAME_NONSQL_REFERENCE,scene_id,asset_candidates#05|asset_registry_projection#05|dialogue_messages#04|discussion_sessions#03|game_runs#07|runtime_events#09|runtime_player_decisions#04|s1_player_decisions#03|s1_scene_choices#01|s3_player_knowledge#06|s3_runtime_scene_state#02,tests/sprint3b-live-e2e.js,58,main,duplicate-name property reference
DUPLICATE_NAME_NONSQL_REFERENCE,scene_id,asset_candidates#05|asset_registry_projection#05|dialogue_messages#04|discussion_sessions#03|game_runs#07|runtime_events#09|runtime_player_decisions#04|s1_player_decisions#03|s1_scene_choices#01|s3_player_knowledge#06|s3_runtime_scene_state#02,tests/sprint3b-live-e2e.js,65,main,duplicate-name property reference
DUPLICATE_NAME_NONSQL_REFERENCE,item_key,s3_group_items#02|s3_item_catalog#01|s3_player_item_view_state#03|s3_player_items#02|s9_pocket_item_inspections#03,tests/sprint3b-live-e2e.js,66,main,duplicate-name property reference
DUPLICATE_NAME_NONSQL_REFERENCE,status,asset_candidates#09|discussion_sessions#09|game_runs#06|s5_rounds#06,tests/sprint3b-live-e2e.js,71,main,duplicate-name property reference
DUPLICATE_NAME_NONSQL_REFERENCE,run_id,act6_13_event_ledger#02|dialogue_messages#02|discussion_sessions#02|game_runs#01|runtime_events#02|runtime_player_decisions#02|s3_group_items#01|s3_player_item_view_state#01|s3_player_items#01|s3_player_knowledge#02|s3_player_observations#01|s3_runtime_scene_state#01|s3_shared_photos#02|s3b_library_attempts#01|s3b_player_facts#01|s3b_player_progress#01|s3b_post_inspection_route_votes#02|s3b_run_state#01|s5_act8_private_choices#01|s5_rounds#02|s5_run_state#01|s5_votes#01|s6_action_receipts#01|s6_allocation_attempts#02|s6_allocations#01|s6_audio_occurrences#02|s6_choices#01|s6_engagements#01|s6_private_clues#01|s6_run_state#01|s6_station_b_progress#01|s6_station_tasks#01|s8_finalizations#01|s9_pocket_item_inspections#01|teacher_override_validity#02|teacher_overrides#02,tests/sprint3b-live-e2e.js,72,main,duplicate-name property reference
DUPLICATE_NAME_NONSQL_REFERENCE,details,act6_13_event_ledger#08|asset_events#05|runtime_events#07|s1_game_events#05,tests/sprint3b-remediation-live-e2e.js,16,rpc,duplicate-name property reference
DUPLICATE_NAME_NONSQL_REFERENCE,discussion_session_id,dialogue_messages#03|discussion_sessions#01|runtime_events#04|runtime_player_decisions#03|s5_rounds#01,tests/sprint3b-remediation-live-e2e.js,60,main,duplicate-name property reference
DUPLICATE_NAME_NONSQL_REFERENCE,vote_round,discussion_sessions#07|runtime_player_decisions#07|s5_rounds#04|s5_run_state#04|s5_votes#03,tests/sprint3b-remediation-live-e2e.js,61,main,duplicate-name property reference
DUPLICATE_NAME_NONSQL_REFERENCE,discussion_session_id,dialogue_messages#03|discussion_sessions#01|runtime_events#04|runtime_player_decisions#03|s5_rounds#01,tests/sprint3b-remediation-live-e2e.js,72,exactVote,duplicate-name property reference
DUPLICATE_NAME_NONSQL_REFERENCE,vote_round,discussion_sessions#07|runtime_player_decisions#07|s5_rounds#04|s5_run_state#04|s5_votes#03,tests/sprint3b-remediation-live-e2e.js,73,exactVote,duplicate-name property reference
DUPLICATE_NAME_NONSQL_REFERENCE,phase_key,act6_13_event_ledger#05|dialogue_messages#05|discussion_sessions#04|game_runs#08|runtime_events#10|runtime_player_decisions#05|s3_runtime_scene_state#03|s5_rounds#03|s5_run_state#03|s5_votes#02|s6_audio_occurrences#04|s6_choices#02|s6_run_state#03,tests/sprint3b-remediation-live-e2e.js,92,exactVote,duplicate-name property reference
DUPLICATE_NAME_NONSQL_REFERENCE,event_type,act6_13_event_ledger#03|asset_events#03|runtime_events#05|s1_game_events#03,tests/sprint3b-remediation-live-e2e.js,112,exactVote,duplicate-name property reference
DUPLICATE_NAME_NONSQL_REFERENCE,event_type,act6_13_event_ledger#03|asset_events#03|runtime_events#05|s1_game_events#03,tests/sprint3b-remediation-live-e2e.js,117,exactVote,duplicate-name property reference
DUPLICATE_NAME_NONSQL_REFERENCE,scene_id,asset_candidates#05|asset_registry_projection#05|dialogue_messages#04|discussion_sessions#03|game_runs#07|runtime_events#09|runtime_player_decisions#04|s1_player_decisions#03|s1_scene_choices#01|s3_player_knowledge#06|s3_runtime_scene_state#02,tests/sprint3b-remediation-live-e2e.js,117,exactVote,duplicate-name property reference
DUPLICATE_NAME_NONSQL_REFERENCE,validity,runtime_events#13|runtime_player_decisions#13|s3b_post_inspection_route_votes#08|teacher_override_validity#06,tests/sprint3b-remediation-live-e2e.js,117,exactVote,duplicate-name property reference
DUPLICATE_NAME_NONSQL_REFERENCE,event_type,act6_13_event_ledger#03|asset_events#03|runtime_events#05|s1_game_events#03,tests/sprint3b-remediation-live-e2e.js,129,exactVote,duplicate-name property reference
DUPLICATE_NAME_NONSQL_REFERENCE,event_type,act6_13_event_ledger#03|asset_events#03|runtime_events#05|s1_game_events#03,tests/sprint3b-remediation-live-e2e.js,130,exactVote,duplicate-name property reference
DUPLICATE_NAME_NONSQL_REFERENCE,scene_id,asset_candidates#05|asset_registry_projection#05|dialogue_messages#04|discussion_sessions#03|game_runs#07|runtime_events#09|runtime_player_decisions#04|s1_player_decisions#03|s1_scene_choices#01|s3_player_knowledge#06|s3_runtime_scene_state#02,tests/sprint3b-remediation-live-e2e.js,130,exactVote,duplicate-name property reference
DUPLICATE_NAME_NONSQL_REFERENCE,event_id,act6_13_event_ledger#01|asset_events#01|runtime_events#01|s1_game_events#01,tests/sprint3b-remediation-live-e2e.js,131,exactVote,duplicate-name property reference
DUPLICATE_NAME_NONSQL_REFERENCE,phase_key,act6_13_event_ledger#05|dialogue_messages#05|discussion_sessions#04|game_runs#08|runtime_events#10|runtime_player_decisions#05|s3_runtime_scene_state#03|s5_rounds#03|s5_run_state#03|s5_votes#02|s6_audio_occurrences#04|s6_choices#02|s6_run_state#03,tests/sprint3b-remediation-live-e2e.js,132,exactVote,duplicate-name property reference
DUPLICATE_NAME_NONSQL_REFERENCE,scene_id,asset_candidates#05|asset_registry_projection#05|dialogue_messages#04|discussion_sessions#03|game_runs#07|runtime_events#09|runtime_player_decisions#04|s1_player_decisions#03|s1_scene_choices#01|s3_player_knowledge#06|s3_runtime_scene_state#02,tests/sprint3b-remediation-live-e2e.js,132,exactVote,duplicate-name property reference
DUPLICATE_NAME_NONSQL_REFERENCE,phase_key,act6_13_event_ledger#05|dialogue_messages#05|discussion_sessions#04|game_runs#08|runtime_events#10|runtime_player_decisions#05|s3_runtime_scene_state#03|s5_rounds#03|s5_run_state#03|s5_votes#02|s6_audio_occurrences#04|s6_choices#02|s6_run_state#03,tests/sprint3b-remediation-static-check.js,71,requireFragments,duplicate-name property reference
DUPLICATE_NAME_NONSQL_REFERENCE,details,act6_13_event_ledger#08|asset_events#05|runtime_events#07|s1_game_events#05,tests/sprint3c-live-e2e.js,3,rpc,duplicate-name property reference
DUPLICATE_NAME_NONSQL_REFERENCE,discussion_session_id,dialogue_messages#03|discussion_sessions#01|runtime_events#04|runtime_player_decisions#03|s5_rounds#01,tests/sprint3c-live-e2e.js,8,vote,duplicate-name property reference
DUPLICATE_NAME_NONSQL_REFERENCE,vote_round,discussion_sessions#07|runtime_player_decisions#07|s5_rounds#04|s5_run_state#04|s5_votes#03,tests/sprint3c-live-e2e.js,8,vote,duplicate-name property reference
DUPLICATE_NAME_NONSQL_REFERENCE,status,asset_candidates#09|discussion_sessions#09|game_runs#06|s5_rounds#06,tests/sprint3c-live-e2e.js,15,main,duplicate-name property reference
DUPLICATE_NAME_NONSQL_REFERENCE,event_type,act6_13_event_ledger#03|asset_events#03|runtime_events#05|s1_game_events#03,tests/sprint3c-live-e2e.js,18,main,duplicate-name property reference
DUPLICATE_NAME_NONSQL_REFERENCE,details,act6_13_event_ledger#08|asset_events#05|runtime_events#07|s1_game_events#05,tests/sprint3c-live-e2e.js,18,main,duplicate-name property reference
DUPLICATE_NAME_NONSQL_REFERENCE,validity,runtime_events#13|runtime_player_decisions#13|s3b_post_inspection_route_votes#08|teacher_override_validity#06,tests/sprint3c-live-e2e.js,18,main,duplicate-name property reference
DUPLICATE_NAME_NONSQL_REFERENCE,event_type,act6_13_event_ledger#03|asset_events#03|runtime_events#05|s1_game_events#03,tests/sprint3c-live-e2e.js,19,main,duplicate-name property reference
DUPLICATE_NAME_NONSQL_REFERENCE,details,act6_13_event_ledger#08|asset_events#05|runtime_events#07|s1_game_events#05,tests/sprint3c-live-e2e.js,19,main,duplicate-name property reference
DUPLICATE_NAME_NONSQL_REFERENCE,validity,runtime_events#13|runtime_player_decisions#13|s3b_post_inspection_route_votes#08|teacher_override_validity#06,tests/sprint3c-live-e2e.js,19,main,duplicate-name property reference
DUPLICATE_NAME_NONSQL_REFERENCE,override_id,teacher_override_validity#01|teacher_overrides#01,tests/sprint3c-live-e2e.js,19,main,duplicate-name property reference
DUPLICATE_NAME_NONSQL_REFERENCE,phase_key,act6_13_event_ledger#05|dialogue_messages#05|discussion_sessions#04|game_runs#08|runtime_events#10|runtime_player_decisions#05|s3_runtime_scene_state#03|s5_rounds#03|s5_run_state#03|s5_votes#02|s6_audio_occurrences#04|s6_choices#02|s6_run_state#03,tests/sprint3c-live-e2e.js,23,main,duplicate-name property reference
DUPLICATE_NAME_NONSQL_REFERENCE,scene_id,asset_candidates#05|asset_registry_projection#05|dialogue_messages#04|discussion_sessions#03|game_runs#07|runtime_events#09|runtime_player_decisions#04|s1_player_decisions#03|s1_scene_choices#01|s3_player_knowledge#06|s3_runtime_scene_state#02,tests/sprint3c-live-e2e.js,24,main,duplicate-name property reference
DUPLICATE_NAME_NONSQL_REFERENCE,override_id,teacher_override_validity#01|teacher_overrides#01,tests/sprint3c-static-check.js,17,requireAll,duplicate-name property reference
DUPLICATE_NAME_NONSQL_REFERENCE,version,asset_candidates#03|asset_events#04,tests/sprint4-live-e2e.js,12,main,duplicate-name property reference
DUPLICATE_NAME_NONSQL_REFERENCE,status,asset_candidates#09|discussion_sessions#09|game_runs#06|s5_rounds#06,tests/sprint4-static-check.js,19,TOP_LEVEL,duplicate-name property reference
DUPLICATE_NAME_NONSQL_REFERENCE,asset_key,asset_candidates#02|asset_events#02|asset_registry_projection#01,tests/sprint4-static-check.js,27,TOP_LEVEL,duplicate-name property reference
DUPLICATE_NAME_NONSQL_REFERENCE,discussion_session_id,dialogue_messages#03|discussion_sessions#01|runtime_events#04|runtime_player_decisions#03|s5_rounds#01,tests/sprint5-live-e2e.js,6,oldVote,duplicate-name property reference
DUPLICATE_NAME_NONSQL_REFERENCE,vote_round,discussion_sessions#07|runtime_player_decisions#07|s5_rounds#04|s5_run_state#04|s5_votes#03,tests/sprint5-live-e2e.js,6,oldVote,duplicate-name property reference
DUPLICATE_NAME_NONSQL_REFERENCE,status,asset_candidates#09|discussion_sessions#09|game_runs#06|s5_rounds#06,tests/sprint5-live-e2e.js,9,vote,duplicate-name property reference
DUPLICATE_NAME_NONSQL_REFERENCE,discussion_session_id,dialogue_messages#03|discussion_sessions#01|runtime_events#04|runtime_player_decisions#03|s5_rounds#01,tests/sprint5-live-e2e.js,9,vote,duplicate-name property reference
DUPLICATE_NAME_NONSQL_REFERENCE,vote_round,discussion_sessions#07|runtime_player_decisions#07|s5_rounds#04|s5_run_state#04|s5_votes#03,tests/sprint5-live-e2e.js,9,vote,duplicate-name property reference
DUPLICATE_NAME_NONSQL_REFERENCE,phase_key,act6_13_event_ledger#05|dialogue_messages#05|discussion_sessions#04|game_runs#08|runtime_events#10|runtime_player_decisions#05|s3_runtime_scene_state#03|s5_rounds#03|s5_run_state#03|s5_votes#02|s6_audio_occurrences#04|s6_choices#02|s6_run_state#03,tests/sprint5-live-e2e.js,10,main,duplicate-name property reference
DUPLICATE_NAME_NONSQL_REFERENCE,discussion_session_id,dialogue_messages#03|discussion_sessions#01|runtime_events#04|runtime_player_decisions#03|s5_rounds#01,tests/sprint5-live-e2e.js,10,main,duplicate-name property reference
DUPLICATE_NAME_NONSQL_REFERENCE,vote_round,discussion_sessions#07|runtime_player_decisions#07|s5_rounds#04|s5_run_state#04|s5_votes#03,tests/sprint5-live-e2e.js,10,main,duplicate-name property reference
DUPLICATE_NAME_NONSQL_REFERENCE,phase_key,act6_13_event_ledger#05|dialogue_messages#05|discussion_sessions#04|game_runs#08|runtime_events#10|runtime_player_decisions#05|s3_runtime_scene_state#03|s5_rounds#03|s5_run_state#03|s5_votes#02|s6_audio_occurrences#04|s6_choices#02|s6_run_state#03,tests/sprint5-live-e2e.js,11,main,duplicate-name property reference
DUPLICATE_NAME_NONSQL_REFERENCE,discussion_session_id,dialogue_messages#03|discussion_sessions#01|runtime_events#04|runtime_player_decisions#03|s5_rounds#01,tests/sprint5-live-e2e.js,11,main,duplicate-name property reference
DUPLICATE_NAME_NONSQL_REFERENCE,item_key,s3_group_items#02|s3_item_catalog#01|s3_player_item_view_state#03|s3_player_items#02|s9_pocket_item_inspections#03,tests/sprint5-live-e2e.js,11,main,duplicate-name property reference
DUPLICATE_NAME_NONSQL_REFERENCE,phase_key,act6_13_event_ledger#05|dialogue_messages#05|discussion_sessions#04|game_runs#08|runtime_events#10|runtime_player_decisions#05|s3_runtime_scene_state#03|s5_rounds#03|s5_run_state#03|s5_votes#02|s6_audio_occurrences#04|s6_choices#02|s6_run_state#03,tests/sprint5-live-e2e.js,12,main,duplicate-name property reference
DUPLICATE_NAME_NONSQL_REFERENCE,source_item_key,s3_player_knowledge#08|s3_shared_photos#05,tests/sprint5-live-e2e.js,12,main,duplicate-name property reference
DUPLICATE_NAME_NONSQL_REFERENCE,phase_key,act6_13_event_ledger#05|dialogue_messages#05|discussion_sessions#04|game_runs#08|runtime_events#10|runtime_player_decisions#05|s3_runtime_scene_state#03|s5_rounds#03|s5_run_state#03|s5_votes#02|s6_audio_occurrences#04|s6_choices#02|s6_run_state#03,tests/sprint5-live-e2e.js,14,s6id,duplicate-name property reference
DUPLICATE_NAME_NONSQL_REFERENCE,round_no,discussion_sessions#06|s6_allocation_attempts#03|s6_choices#03|s6_run_state#05,tests/sprint5-live-e2e.js,14,s6id,duplicate-name property reference
DUPLICATE_NAME_NONSQL_REFERENCE,discussion_session_id,dialogue_messages#03|discussion_sessions#01|runtime_events#04|runtime_player_decisions#03|s5_rounds#01,tests/sprint5-live-e2e.js,15,s6close,duplicate-name property reference
DUPLICATE_NAME_NONSQL_REFERENCE,silent_texting_mode,discussion_sessions#26|game_runs#10,tests/sprint5-live-e2e.js,15,s6close,duplicate-name property reference
DUPLICATE_NAME_NONSQL_REFERENCE,act_no,act6_13_event_ledger#04|s5_run_state#02|s6_private_clues#03|s6_run_state#02,tests/sprint5-live-e2e.js,18,sprint6,duplicate-name property reference
DUPLICATE_NAME_NONSQL_REFERENCE,phase_key,act6_13_event_ledger#05|dialogue_messages#05|discussion_sessions#04|game_runs#08|runtime_events#10|runtime_player_decisions#05|s3_runtime_scene_state#03|s5_rounds#03|s5_run_state#03|s5_votes#02|s6_audio_occurrences#04|s6_choices#02|s6_run_state#03,tests/sprint5-live-e2e.js,18,sprint6,duplicate-name property reference
DUPLICATE_NAME_NONSQL_REFERENCE,knowledge_key,s3_knowledge_catalog#01|s3_player_knowledge#04|s6_private_clues#04,tests/sprint5-live-e2e.js,18,sprint6,duplicate-name property reference
DUPLICATE_NAME_NONSQL_REFERENCE,allow_share_photo,discussion_sessions#29|s3_runtime_scene_state#10,tests/sprint5-static-check.js,30,TOP_LEVEL,duplicate-name property reference
DUPLICATE_NAME_NONSQL_REFERENCE,phase_key,act6_13_event_ledger#05|dialogue_messages#05|discussion_sessions#04|game_runs#08|runtime_events#10|runtime_player_decisions#05|s3_runtime_scene_state#03|s5_rounds#03|s5_run_state#03|s5_votes#02|s6_audio_occurrences#04|s6_choices#02|s6_run_state#03,tests/sprint5-static-check.js,32,TOP_LEVEL,duplicate-name property reference
DUPLICATE_NAME_NONSQL_REFERENCE,item_key,s3_group_items#02|s3_item_catalog#01|s3_player_item_view_state#03|s3_player_items#02|s9_pocket_item_inspections#03,tests/sprint5-static-check.js,33,TOP_LEVEL,duplicate-name property reference
DUPLICATE_NAME_NONSQL_REFERENCE,act_no,act6_13_event_ledger#04|s5_run_state#02|s6_private_clues#03|s6_run_state#02,tests/sprint6-static-check.js,12,TOP_LEVEL,duplicate-name property reference
DUPLICATE_NAME_NONSQL_REFERENCE,details,act6_13_event_ledger#08|asset_events#05|runtime_events#07|s1_game_events#05,tests/sprint7-live-e2e.js,3,rpc,duplicate-name property reference
DUPLICATE_NAME_NONSQL_REFERENCE,event_type,act6_13_event_ledger#03|asset_events#03|runtime_events#05|s1_game_events#03,tests/sprint7-live-e2e.js,10,main,duplicate-name property reference
DUPLICATE_NAME_NONSQL_REFERENCE,act_no,act6_13_event_ledger#04|s5_run_state#02|s6_private_clues#03|s6_run_state#02,tests/sprint7-live-e2e.js,13,main,duplicate-name property reference
DUPLICATE_NAME_NONSQL_REFERENCE,event_type,act6_13_event_ledger#03|asset_events#03|runtime_events#05|s1_game_events#03,tests/sprint7-live-e2e.js,20,main,duplicate-name property reference
DUPLICATE_NAME_NONSQL_REFERENCE,details,act6_13_event_ledger#08|asset_events#05|runtime_events#07|s1_game_events#05,tests/sprint7-live-e2e.js,20,main,duplicate-name property reference
DUPLICATE_NAME_NONSQL_REFERENCE,event_type,act6_13_event_ledger#03|asset_events#03|runtime_events#05|s1_game_events#03,tests/sprint7-live-e2e.js,22,main,duplicate-name property reference
DUPLICATE_NAME_NONSQL_REFERENCE,phase_key,act6_13_event_ledger#05|dialogue_messages#05|discussion_sessions#04|game_runs#08|runtime_events#10|runtime_player_decisions#05|s3_runtime_scene_state#03|s5_rounds#03|s5_run_state#03|s5_votes#02|s6_audio_occurrences#04|s6_choices#02|s6_run_state#03,tests/sprint7-live-e2e.js,23,main,duplicate-name property reference
DUPLICATE_NAME_NONSQL_REFERENCE,scene_id,asset_candidates#05|asset_registry_projection#05|dialogue_messages#04|discussion_sessions#03|game_runs#07|runtime_events#09|runtime_player_decisions#04|s1_player_decisions#03|s1_scene_choices#01|s3_player_knowledge#06|s3_runtime_scene_state#02,tests/sprint7-live-e2e.js,23,main,duplicate-name property reference
DUPLICATE_NAME_NONSQL_REFERENCE,phase_key,act6_13_event_ledger#05|dialogue_messages#05|discussion_sessions#04|game_runs#08|runtime_events#10|runtime_player_decisions#05|s3_runtime_scene_state#03|s5_rounds#03|s5_run_state#03|s5_votes#02|s6_audio_occurrences#04|s6_choices#02|s6_run_state#03,tests/sprint8-final-closure-live-e2e.js,67,completeSprint5WithDirectAct8,duplicate-name property reference
DUPLICATE_NAME_NONSQL_REFERENCE,phase_key,act6_13_event_ledger#05|dialogue_messages#05|discussion_sessions#04|game_runs#08|runtime_events#10|runtime_player_decisions#05|s3_runtime_scene_state#03|s5_rounds#03|s5_run_state#03|s5_votes#02|s6_audio_occurrences#04|s6_choices#02|s6_run_state#03,tests/sprint8-final-closure-live-e2e.js,70,completeSprint5WithDirectAct8,duplicate-name property reference
DUPLICATE_NAME_NONSQL_REFERENCE,run_id,act6_13_event_ledger#02|dialogue_messages#02|discussion_sessions#02|game_runs#01|runtime_events#02|runtime_player_decisions#02|s3_group_items#01|s3_player_item_view_state#01|s3_player_items#01|s3_player_knowledge#02|s3_player_observations#01|s3_runtime_scene_state#01|s3_shared_photos#02|s3b_library_attempts#01|s3b_player_facts#01|s3b_player_progress#01|s3b_post_inspection_route_votes#02|s3b_run_state#01|s5_act8_private_choices#01|s5_rounds#02|s5_run_state#01|s5_votes#01|s6_action_receipts#01|s6_allocation_attempts#02|s6_allocations#01|s6_audio_occurrences#02|s6_choices#01|s6_engagements#01|s6_private_clues#01|s6_run_state#01|s6_station_b_progress#01|s6_station_tasks#01|s8_finalizations#01|s9_pocket_item_inspections#01|teacher_override_validity#02|teacher_overrides#02,tests/sprint8-final-closure-live-e2e.js,90,main,duplicate-name property reference
DUPLICATE_NAME_NONSQL_REFERENCE,run_id,act6_13_event_ledger#02|dialogue_messages#02|discussion_sessions#02|game_runs#01|runtime_events#02|runtime_player_decisions#02|s3_group_items#01|s3_player_item_view_state#01|s3_player_items#01|s3_player_knowledge#02|s3_player_observations#01|s3_runtime_scene_state#01|s3_shared_photos#02|s3b_library_attempts#01|s3b_player_facts#01|s3b_player_progress#01|s3b_post_inspection_route_votes#02|s3b_run_state#01|s5_act8_private_choices#01|s5_rounds#02|s5_run_state#01|s5_votes#01|s6_action_receipts#01|s6_allocation_attempts#02|s6_allocations#01|s6_audio_occurrences#02|s6_choices#01|s6_engagements#01|s6_private_clues#01|s6_run_state#01|s6_station_b_progress#01|s6_station_tasks#01|s8_finalizations#01|s9_pocket_item_inspections#01|teacher_override_validity#02|teacher_overrides#02,tests/sprint8-final-closure-live-e2e.js,95,main,duplicate-name property reference
DUPLICATE_NAME_NONSQL_REFERENCE,run_id,act6_13_event_ledger#02|dialogue_messages#02|discussion_sessions#02|game_runs#01|runtime_events#02|runtime_player_decisions#02|s3_group_items#01|s3_player_item_view_state#01|s3_player_items#01|s3_player_knowledge#02|s3_player_observations#01|s3_runtime_scene_state#01|s3_shared_photos#02|s3b_library_attempts#01|s3b_player_facts#01|s3b_player_progress#01|s3b_post_inspection_route_votes#02|s3b_run_state#01|s5_act8_private_choices#01|s5_rounds#02|s5_run_state#01|s5_votes#01|s6_action_receipts#01|s6_allocation_attempts#02|s6_allocations#01|s6_audio_occurrences#02|s6_choices#01|s6_engagements#01|s6_private_clues#01|s6_run_state#01|s6_station_b_progress#01|s6_station_tasks#01|s8_finalizations#01|s9_pocket_item_inspections#01|teacher_override_validity#02|teacher_overrides#02,tests/sprint8-final-closure-live-e2e.js,98,main,duplicate-name property reference
DUPLICATE_NAME_NONSQL_REFERENCE,run_id,act6_13_event_ledger#02|dialogue_messages#02|discussion_sessions#02|game_runs#01|runtime_events#02|runtime_player_decisions#02|s3_group_items#01|s3_player_item_view_state#01|s3_player_items#01|s3_player_knowledge#02|s3_player_observations#01|s3_runtime_scene_state#01|s3_shared_photos#02|s3b_library_attempts#01|s3b_player_facts#01|s3b_player_progress#01|s3b_post_inspection_route_votes#02|s3b_run_state#01|s5_act8_private_choices#01|s5_rounds#02|s5_run_state#01|s5_votes#01|s6_action_receipts#01|s6_allocation_attempts#02|s6_allocations#01|s6_audio_occurrences#02|s6_choices#01|s6_engagements#01|s6_private_clues#01|s6_run_state#01|s6_station_b_progress#01|s6_station_tasks#01|s8_finalizations#01|s9_pocket_item_inspections#01|teacher_override_validity#02|teacher_overrides#02,tests/sprint8-final-closure-live-e2e.js,104,main,duplicate-name property reference
DUPLICATE_NAME_NONSQL_REFERENCE,override_id,teacher_override_validity#01|teacher_overrides#01,tests/sprint8-final-closure-live-e2e.js,114,main,duplicate-name property reference
DUPLICATE_NAME_NONSQL_REFERENCE,player_id,act6_13_event_ledger#07|dialogue_messages#07|runtime_player_decisions#08|s1_player_decisions#04|s1_room_players#01|s3_player_item_view_state#02|s3_player_knowledge#03|s3_player_observations#02|s3b_player_facts#02|s3b_player_progress#02|s3b_post_inspection_route_votes#03|s5_act8_private_choices#02|s5_votes#04|s6_action_receipts#02|s6_allocation_attempts#04|s6_allocations#02|s6_audio_consumptions#02|s6_choices#04|s6_engagements#03|s6_private_clues#02|s6_station_b_progress#02|s6_station_tasks#03|s9_pocket_item_inspections#02|teacher_override_validity#03,tests/sprint8-final-closure-live-e2e.js,115,main,duplicate-name property reference
DUPLICATE_NAME_NONSQL_REFERENCE,validity,runtime_events#13|runtime_player_decisions#13|s3b_post_inspection_route_votes#08|teacher_override_validity#06,tests/sprint8-final-closure-live-e2e.js,115,main,duplicate-name property reference
DUPLICATE_NAME_NONSQL_REFERENCE,run_id,act6_13_event_ledger#02|dialogue_messages#02|discussion_sessions#02|game_runs#01|runtime_events#02|runtime_player_decisions#02|s3_group_items#01|s3_player_item_view_state#01|s3_player_items#01|s3_player_knowledge#02|s3_player_observations#01|s3_runtime_scene_state#01|s3_shared_photos#02|s3b_library_attempts#01|s3b_player_facts#01|s3b_player_progress#01|s3b_post_inspection_route_votes#02|s3b_run_state#01|s5_act8_private_choices#01|s5_rounds#02|s5_run_state#01|s5_votes#01|s6_action_receipts#01|s6_allocation_attempts#02|s6_allocations#01|s6_audio_occurrences#02|s6_choices#01|s6_engagements#01|s6_private_clues#01|s6_run_state#01|s6_station_b_progress#01|s6_station_tasks#01|s8_finalizations#01|s9_pocket_item_inspections#01|teacher_override_validity#02|teacher_overrides#02,tests/sprint8-final-closure-live-e2e.js,132,main,duplicate-name property reference
DUPLICATE_NAME_NONSQL_REFERENCE,run_id,act6_13_event_ledger#02|dialogue_messages#02|discussion_sessions#02|game_runs#01|runtime_events#02|runtime_player_decisions#02|s3_group_items#01|s3_player_item_view_state#01|s3_player_items#01|s3_player_knowledge#02|s3_player_observations#01|s3_runtime_scene_state#01|s3_shared_photos#02|s3b_library_attempts#01|s3b_player_facts#01|s3b_player_progress#01|s3b_post_inspection_route_votes#02|s3b_run_state#01|s5_act8_private_choices#01|s5_rounds#02|s5_run_state#01|s5_votes#01|s6_action_receipts#01|s6_allocation_attempts#02|s6_allocations#01|s6_audio_occurrences#02|s6_choices#01|s6_engagements#01|s6_private_clues#01|s6_run_state#01|s6_station_b_progress#01|s6_station_tasks#01|s8_finalizations#01|s9_pocket_item_inspections#01|teacher_override_validity#02|teacher_overrides#02,tests/sprint8-final-closure-live-e2e.js,135,main,duplicate-name property reference
DUPLICATE_NAME_NONSQL_REFERENCE,run_id,act6_13_event_ledger#02|dialogue_messages#02|discussion_sessions#02|game_runs#01|runtime_events#02|runtime_player_decisions#02|s3_group_items#01|s3_player_item_view_state#01|s3_player_items#01|s3_player_knowledge#02|s3_player_observations#01|s3_runtime_scene_state#01|s3_shared_photos#02|s3b_library_attempts#01|s3b_player_facts#01|s3b_player_progress#01|s3b_post_inspection_route_votes#02|s3b_run_state#01|s5_act8_private_choices#01|s5_rounds#02|s5_run_state#01|s5_votes#01|s6_action_receipts#01|s6_allocation_attempts#02|s6_allocations#01|s6_audio_occurrences#02|s6_choices#01|s6_engagements#01|s6_private_clues#01|s6_run_state#01|s6_station_b_progress#01|s6_station_tasks#01|s8_finalizations#01|s9_pocket_item_inspections#01|teacher_override_validity#02|teacher_overrides#02,tests/sprint8-final-closure-live-e2e.js,138,main,duplicate-name property reference
DUPLICATE_NAME_NONSQL_REFERENCE,run_id,act6_13_event_ledger#02|dialogue_messages#02|discussion_sessions#02|game_runs#01|runtime_events#02|runtime_player_decisions#02|s3_group_items#01|s3_player_item_view_state#01|s3_player_items#01|s3_player_knowledge#02|s3_player_observations#01|s3_runtime_scene_state#01|s3_shared_photos#02|s3b_library_attempts#01|s3b_player_facts#01|s3b_player_progress#01|s3b_post_inspection_route_votes#02|s3b_run_state#01|s5_act8_private_choices#01|s5_rounds#02|s5_run_state#01|s5_votes#01|s6_action_receipts#01|s6_allocation_attempts#02|s6_allocations#01|s6_audio_occurrences#02|s6_choices#01|s6_engagements#01|s6_private_clues#01|s6_run_state#01|s6_station_b_progress#01|s6_station_tasks#01|s8_finalizations#01|s9_pocket_item_inspections#01|teacher_override_validity#02|teacher_overrides#02,tests/sprint8-final-closure-live-e2e.js,141,main,duplicate-name property reference
DUPLICATE_NAME_NONSQL_REFERENCE,phase_key,act6_13_event_ledger#05|dialogue_messages#05|discussion_sessions#04|game_runs#08|runtime_events#10|runtime_player_decisions#05|s3_runtime_scene_state#03|s5_rounds#03|s5_run_state#03|s5_votes#02|s6_audio_occurrences#04|s6_choices#02|s6_run_state#03,tests/sprint8-live-e2e.js,9,completeSprint5,duplicate-name property reference
DUPLICATE_NAME_NONSQL_REFERENCE,status,asset_candidates#09|discussion_sessions#09|game_runs#06|s5_rounds#06,tests/sprint8-live-e2e.js,15,sprint8Vote,duplicate-name property reference
DUPLICATE_NAME_NONSQL_REFERENCE,discussion_session_id,dialogue_messages#03|discussion_sessions#01|runtime_events#04|runtime_player_decisions#03|s5_rounds#01,tests/sprint8-live-e2e.js,16,sprint8Vote,duplicate-name property reference
DUPLICATE_NAME_NONSQL_REFERENCE,vote_round,discussion_sessions#07|runtime_player_decisions#07|s5_rounds#04|s5_run_state#04|s5_votes#03,tests/sprint8-live-e2e.js,16,sprint8Vote,duplicate-name property reference
DUPLICATE_NAME_NONSQL_REFERENCE,run_id,act6_13_event_ledger#02|dialogue_messages#02|discussion_sessions#02|game_runs#01|runtime_events#02|runtime_player_decisions#02|s3_group_items#01|s3_player_item_view_state#01|s3_player_items#01|s3_player_knowledge#02|s3_player_observations#01|s3_runtime_scene_state#01|s3_shared_photos#02|s3b_library_attempts#01|s3b_player_facts#01|s3b_player_progress#01|s3b_post_inspection_route_votes#02|s3b_run_state#01|s5_act8_private_choices#01|s5_rounds#02|s5_run_state#01|s5_votes#01|s6_action_receipts#01|s6_allocation_attempts#02|s6_allocations#01|s6_audio_occurrences#02|s6_choices#01|s6_engagements#01|s6_private_clues#01|s6_run_state#01|s6_station_b_progress#01|s6_station_tasks#01|s8_finalizations#01|s9_pocket_item_inspections#01|teacher_override_validity#02|teacher_overrides#02,tests/sprint8-live-e2e.js,20,main,duplicate-name property reference
DUPLICATE_NAME_NONSQL_REFERENCE,phase_key,act6_13_event_ledger#05|dialogue_messages#05|discussion_sessions#04|game_runs#08|runtime_events#10|runtime_player_decisions#05|s3_runtime_scene_state#03|s5_rounds#03|s5_run_state#03|s5_votes#02|s6_audio_occurrences#04|s6_choices#02|s6_run_state#03,tests/sprint8-live-e2e.js,27,main,duplicate-name property reference
DUPLICATE_NAME_NONSQL_REFERENCE,run_id,act6_13_event_ledger#02|dialogue_messages#02|discussion_sessions#02|game_runs#01|runtime_events#02|runtime_player_decisions#02|s3_group_items#01|s3_player_item_view_state#01|s3_player_items#01|s3_player_knowledge#02|s3_player_observations#01|s3_runtime_scene_state#01|s3_shared_photos#02|s3b_library_attempts#01|s3b_player_facts#01|s3b_player_progress#01|s3b_post_inspection_route_votes#02|s3b_run_state#01|s5_act8_private_choices#01|s5_rounds#02|s5_run_state#01|s5_votes#01|s6_action_receipts#01|s6_allocation_attempts#02|s6_allocations#01|s6_audio_occurrences#02|s6_choices#01|s6_engagements#01|s6_private_clues#01|s6_run_state#01|s6_station_b_progress#01|s6_station_tasks#01|s8_finalizations#01|s9_pocket_item_inspections#01|teacher_override_validity#02|teacher_overrides#02,tests/sprint8-live-e2e.js,28,main,duplicate-name property reference
DUPLICATE_NAME_NONSQL_REFERENCE,run_id,act6_13_event_ledger#02|dialogue_messages#02|discussion_sessions#02|game_runs#01|runtime_events#02|runtime_player_decisions#02|s3_group_items#01|s3_player_item_view_state#01|s3_player_items#01|s3_player_knowledge#02|s3_player_observations#01|s3_runtime_scene_state#01|s3_shared_photos#02|s3b_library_attempts#01|s3b_player_facts#01|s3b_player_progress#01|s3b_post_inspection_route_votes#02|s3b_run_state#01|s5_act8_private_choices#01|s5_rounds#02|s5_run_state#01|s5_votes#01|s6_action_receipts#01|s6_allocation_attempts#02|s6_allocations#01|s6_audio_occurrences#02|s6_choices#01|s6_engagements#01|s6_private_clues#01|s6_run_state#01|s6_station_b_progress#01|s6_station_tasks#01|s8_finalizations#01|s9_pocket_item_inspections#01|teacher_override_validity#02|teacher_overrides#02,tests/sprint8-live-e2e.js,30,main,duplicate-name property reference
DUPLICATE_NAME_NONSQL_REFERENCE,locked_at,runtime_player_decisions#12|s1_player_decisions#08|s3b_post_inspection_route_votes#09|s5_act8_private_choices#05|s5_votes#07|s6_allocations#05|s6_choices#09,tests/sprint8-live-e2e.js,35,main,duplicate-name property reference
DUPLICATE_NAME_NONSQL_REFERENCE,run_id,act6_13_event_ledger#02|dialogue_messages#02|discussion_sessions#02|game_runs#01|runtime_events#02|runtime_player_decisions#02|s3_group_items#01|s3_player_item_view_state#01|s3_player_items#01|s3_player_knowledge#02|s3_player_observations#01|s3_runtime_scene_state#01|s3_shared_photos#02|s3b_library_attempts#01|s3b_player_facts#01|s3b_player_progress#01|s3b_post_inspection_route_votes#02|s3b_run_state#01|s5_act8_private_choices#01|s5_rounds#02|s5_run_state#01|s5_votes#01|s6_action_receipts#01|s6_allocation_attempts#02|s6_allocations#01|s6_audio_occurrences#02|s6_choices#01|s6_engagements#01|s6_private_clues#01|s6_run_state#01|s6_station_b_progress#01|s6_station_tasks#01|s8_finalizations#01|s9_pocket_item_inspections#01|teacher_override_validity#02|teacher_overrides#02,tests/sprint8-live-e2e.js,40,main,duplicate-name property reference
DUPLICATE_NAME_NONSQL_REFERENCE,run_id,act6_13_event_ledger#02|dialogue_messages#02|discussion_sessions#02|game_runs#01|runtime_events#02|runtime_player_decisions#02|s3_group_items#01|s3_player_item_view_state#01|s3_player_items#01|s3_player_knowledge#02|s3_player_observations#01|s3_runtime_scene_state#01|s3_shared_photos#02|s3b_library_attempts#01|s3b_player_facts#01|s3b_player_progress#01|s3b_post_inspection_route_votes#02|s3b_run_state#01|s5_act8_private_choices#01|s5_rounds#02|s5_run_state#01|s5_votes#01|s6_action_receipts#01|s6_allocation_attempts#02|s6_allocations#01|s6_audio_occurrences#02|s6_choices#01|s6_engagements#01|s6_private_clues#01|s6_run_state#01|s6_station_b_progress#01|s6_station_tasks#01|s8_finalizations#01|s9_pocket_item_inspections#01|teacher_override_validity#02|teacher_overrides#02,tests/sprint8-live-e2e.js,41,main,duplicate-name property reference
DUPLICATE_NAME_NONSQL_REFERENCE,run_id,act6_13_event_ledger#02|dialogue_messages#02|discussion_sessions#02|game_runs#01|runtime_events#02|runtime_player_decisions#02|s3_group_items#01|s3_player_item_view_state#01|s3_player_items#01|s3_player_knowledge#02|s3_player_observations#01|s3_runtime_scene_state#01|s3_shared_photos#02|s3b_library_attempts#01|s3b_player_facts#01|s3b_player_progress#01|s3b_post_inspection_route_votes#02|s3b_run_state#01|s5_act8_private_choices#01|s5_rounds#02|s5_run_state#01|s5_votes#01|s6_action_receipts#01|s6_allocation_attempts#02|s6_allocations#01|s6_audio_occurrences#02|s6_choices#01|s6_engagements#01|s6_private_clues#01|s6_run_state#01|s6_station_b_progress#01|s6_station_tasks#01|s8_finalizations#01|s9_pocket_item_inspections#01|teacher_override_validity#02|teacher_overrides#02,tests/sprint8-static-check.js,22,TOP_LEVEL,duplicate-name property reference
DUPLICATE_NAME_NONSQL_REFERENCE,phase_key,act6_13_event_ledger#05|dialogue_messages#05|discussion_sessions#04|game_runs#08|runtime_events#10|runtime_player_decisions#05|s3_runtime_scene_state#03|s5_rounds#03|s5_run_state#03|s5_votes#02|s6_audio_occurrences#04|s6_choices#02|s6_run_state#03,tests/sprint8-static-check.js,22,TOP_LEVEL,duplicate-name property reference
DUPLICATE_NAME_NONSQL_REFERENCE,player_id,act6_13_event_ledger#07|dialogue_messages#07|runtime_player_decisions#08|s1_player_decisions#04|s1_room_players#01|s3_player_item_view_state#02|s3_player_knowledge#03|s3_player_observations#02|s3b_player_facts#02|s3b_player_progress#02|s3b_post_inspection_route_votes#03|s5_act8_private_choices#02|s5_votes#04|s6_action_receipts#02|s6_allocation_attempts#04|s6_allocations#02|s6_audio_consumptions#02|s6_choices#04|s6_engagements#03|s6_private_clues#02|s6_station_b_progress#02|s6_station_tasks#03|s9_pocket_item_inspections#02|teacher_override_validity#03,tests/sprint8-static-check.js,22,TOP_LEVEL,duplicate-name property reference
DUPLICATE_NAME_NONSQL_REFERENCE,player_id,act6_13_event_ledger#07|dialogue_messages#07|runtime_player_decisions#08|s1_player_decisions#04|s1_room_players#01|s3_player_item_view_state#02|s3_player_knowledge#03|s3_player_observations#02|s3b_player_facts#02|s3b_player_progress#02|s3b_post_inspection_route_votes#03|s5_act8_private_choices#02|s5_votes#04|s6_action_receipts#02|s6_allocation_attempts#04|s6_allocations#02|s6_audio_consumptions#02|s6_choices#04|s6_engagements#03|s6_private_clues#02|s6_station_b_progress#02|s6_station_tasks#03|s9_pocket_item_inspections#02|teacher_override_validity#03,tests/sprint8-static-check.js,24,TOP_LEVEL,duplicate-name property reference
DUPLICATE_NAME_NONSQL_REFERENCE,asset_key,asset_candidates#02|asset_events#02|asset_registry_projection#01,tests/sprint9-asset-readiness-validator.test.mjs,40,candidate,duplicate-name property reference
DUPLICATE_NAME_NONSQL_REFERENCE,asset_key,asset_candidates#02|asset_events#02|asset_registry_projection#01,tests/sprint9-asset-readiness-validator.test.mjs,42,candidate,duplicate-name property reference
DUPLICATE_NAME_NONSQL_REFERENCE,asset_key,asset_candidates#02|asset_events#02|asset_registry_projection#01,tests/sprint9-asset-readiness-validator.test.mjs,45,candidate,duplicate-name property reference
DUPLICATE_NAME_NONSQL_REFERENCE,asset_type,asset_candidates#04|asset_registry_projection#04,tests/sprint9-asset-readiness-validator.test.mjs,45,candidate,duplicate-name property reference
DUPLICATE_NAME_NONSQL_REFERENCE,required_anchors,asset_candidates#27|asset_registry_projection#11,tests/sprint9-asset-readiness-validator.test.mjs,46,candidate,duplicate-name property reference
DUPLICATE_NAME_NONSQL_REFERENCE,asset_key,asset_candidates#02|asset_events#02|asset_registry_projection#01,tests/sprint9-asset-readiness-validator.test.mjs,48,candidate,duplicate-name property reference
DUPLICATE_NAME_NONSQL_REFERENCE,status,asset_candidates#09|discussion_sessions#09|game_runs#06|s5_rounds#06,tests/sprint9-asset-readiness-validator.test.mjs,53,run,duplicate-name property reference
DUPLICATE_NAME_NONSQL_REFERENCE,status,asset_candidates#09|discussion_sessions#09|game_runs#06|s5_rounds#06,tests/sprint9-asset-readiness-validator.test.mjs,62,run,duplicate-name property reference
DUPLICATE_NAME_NONSQL_REFERENCE,status,asset_candidates#09|discussion_sessions#09|game_runs#06|s5_rounds#06,tests/sprint9-asset-readiness-validator.test.mjs,64,run,duplicate-name property reference
DUPLICATE_NAME_NONSQL_REFERENCE,asset_key,asset_candidates#02|asset_events#02|asset_registry_projection#01,tests/sprint9-asset-readiness-validator.test.mjs,70,run,duplicate-name property reference
DUPLICATE_NAME_NONSQL_REFERENCE,status,asset_candidates#09|discussion_sessions#09|game_runs#06|s5_rounds#06,tests/sprint9-asset-readiness-validator.test.mjs,70,run,duplicate-name property reference
DUPLICATE_NAME_NONSQL_REFERENCE,required_anchors,asset_candidates#27|asset_registry_projection#11,tests/sprint9-asset-readiness-validator.test.mjs,74,run,duplicate-name property reference
DUPLICATE_NAME_NONSQL_REFERENCE,status,asset_candidates#09|discussion_sessions#09|game_runs#06|s5_rounds#06,tests/sprint9-asset-readiness-validator.test.mjs,75,run,duplicate-name property reference
DUPLICATE_NAME_NONSQL_REFERENCE,asset_key,asset_candidates#02|asset_events#02|asset_registry_projection#01,tests/sprint9-asset-readiness-validator.test.mjs,77,run,duplicate-name property reference
DUPLICATE_NAME_NONSQL_REFERENCE,status,asset_candidates#09|discussion_sessions#09|game_runs#06|s5_rounds#06,tests/sprint9-asset-readiness-validator.test.mjs,77,run,duplicate-name property reference
DUPLICATE_NAME_NONSQL_REFERENCE,asset_key,asset_candidates#02|asset_events#02|asset_registry_projection#01,tests/sprint9-asset-readiness-validator.test.mjs,82,run,duplicate-name property reference
DUPLICATE_NAME_NONSQL_REFERENCE,asset_key,asset_candidates#02|asset_events#02|asset_registry_projection#01,tests/sprint9-asset-readiness-validator.test.mjs,83,run,duplicate-name property reference
DUPLICATE_NAME_NONSQL_REFERENCE,asset_key,asset_candidates#02|asset_events#02|asset_registry_projection#01,tests/sprint9-asset-readiness-validator.test.mjs,86,run,duplicate-name property reference
DUPLICATE_NAME_NONSQL_REFERENCE,asset_key,asset_candidates#02|asset_events#02|asset_registry_projection#01,tests/sprint9-asset-readiness-validator.test.mjs,87,run,duplicate-name property reference
DUPLICATE_NAME_NONSQL_REFERENCE,status,asset_candidates#09|discussion_sessions#09|game_runs#06|s5_rounds#06,tests/sprint9-asset-readiness-validator.test.mjs,92,run,duplicate-name property reference
DUPLICATE_NAME_NONSQL_REFERENCE,paired_asset_group,asset_candidates#16|asset_registry_projection#10,tests/sprint9-asset-readiness-validator.test.mjs,96,run,duplicate-name property reference
DUPLICATE_NAME_NONSQL_REFERENCE,asset_key,asset_candidates#02|asset_events#02|asset_registry_projection#01,tests/sprint9-asset-readiness-validator.test.mjs,99,run,duplicate-name property reference
DUPLICATE_NAME_NONSQL_REFERENCE,status,asset_candidates#09|discussion_sessions#09|game_runs#06|s5_rounds#06,tests/sprint9-asset-readiness-validator.test.mjs,100,run,duplicate-name property reference
DUPLICATE_NAME_NONSQL_REFERENCE,asset_key,asset_candidates#02|asset_events#02|asset_registry_projection#01,tests/sprint9-asset-readiness-validator.test.mjs,104,run,duplicate-name property reference
DUPLICATE_NAME_NONSQL_REFERENCE,status,asset_candidates#09|discussion_sessions#09|game_runs#06|s5_rounds#06,tests/sprint9-asset-readiness-validator.test.mjs,106,run,duplicate-name property reference
DUPLICATE_NAME_NONSQL_REFERENCE,act_no,act6_13_event_ledger#04|s5_run_state#02|s6_private_clues#03|s6_run_state#02,tests/sprint9-trial-placeholder-static-check.js,11,assert,duplicate-name property reference
DUPLICATE_NAME_NONSQL_REFERENCE,act6_entered_at,s3b_player_progress#22|s5_run_state#10,tests/structural-package-a-static-check.js,28,assert,duplicate-name property reference
DUPLICATE_NAME_NONSQL_REFERENCE,phase_key,act6_13_event_ledger#05|dialogue_messages#05|discussion_sessions#04|game_runs#08|runtime_events#10|runtime_player_decisions#05|s3_runtime_scene_state#03|s5_rounds#03|s5_run_state#03|s5_votes#02|s6_audio_occurrences#04|s6_choices#02|s6_run_state#03,tests/structural-package-a-static-check.js,30,assert,duplicate-name property reference
DUPLICATE_NAME_NONSQL_REFERENCE,act6_entered_at,s3b_player_progress#22|s5_run_state#10,tests/structural-package-a-static-check.js,56,assert,duplicate-name property reference
DUPLICATE_NAME_NONSQL_REFERENCE,phase_key,act6_13_event_ledger#05|dialogue_messages#05|discussion_sessions#04|game_runs#08|runtime_events#10|runtime_player_decisions#05|s3_runtime_scene_state#03|s5_rounds#03|s5_run_state#03|s5_votes#02|s6_audio_occurrences#04|s6_choices#02|s6_run_state#03,tests/structural-package-b-live-e2e.js,41,completeEarlyActs,duplicate-name property reference
DUPLICATE_NAME_NONSQL_REFERENCE,phase_key,act6_13_event_ledger#05|dialogue_messages#05|discussion_sessions#04|game_runs#08|runtime_events#10|runtime_player_decisions#05|s3_runtime_scene_state#03|s5_rounds#03|s5_run_state#03|s5_votes#02|s6_audio_occurrences#04|s6_choices#02|s6_run_state#03,tests/structural-package-b-live-e2e.js,47,completeEarlyActs,duplicate-name property reference
DUPLICATE_NAME_NONSQL_REFERENCE,phase_key,act6_13_event_ledger#05|dialogue_messages#05|discussion_sessions#04|game_runs#08|runtime_events#10|runtime_player_decisions#05|s3_runtime_scene_state#03|s5_rounds#03|s5_run_state#03|s5_votes#02|s6_audio_occurrences#04|s6_choices#02|s6_run_state#03,tests/structural-package-b-live-e2e.js,53,completeEarlyActs,duplicate-name property reference
DUPLICATE_NAME_NONSQL_REFERENCE,scene_id,asset_candidates#05|asset_registry_projection#05|dialogue_messages#04|discussion_sessions#03|game_runs#07|runtime_events#09|runtime_player_decisions#04|s1_player_decisions#03|s1_scene_choices#01|s3_player_knowledge#06|s3_runtime_scene_state#02,tests/structural-package-b-live-e2e.js,59,completeEarlyActs,duplicate-name property reference
DUPLICATE_NAME_NONSQL_REFERENCE,choice_id,runtime_player_decisions#10|s1_player_decisions#06|s1_scene_choices#02|s3b_post_inspection_route_votes#05|s5_act8_private_choices#03|s5_votes#05|s6_choices#05,tests/structural-package-b-live-e2e.js,60,completeEarlyActs,duplicate-name object/json key
DUPLICATE_NAME_NONSQL_REFERENCE,run_id,act6_13_event_ledger#02|dialogue_messages#02|discussion_sessions#02|game_runs#01|runtime_events#02|runtime_player_decisions#02|s3_group_items#01|s3_player_item_view_state#01|s3_player_items#01|s3_player_knowledge#02|s3_player_observations#01|s3_runtime_scene_state#01|s3_shared_photos#02|s3b_library_attempts#01|s3b_player_facts#01|s3b_player_progress#01|s3b_post_inspection_route_votes#02|s3b_run_state#01|s5_act8_private_choices#01|s5_rounds#02|s5_run_state#01|s5_votes#01|s6_action_receipts#01|s6_allocation_attempts#02|s6_allocations#01|s6_audio_occurrences#02|s6_choices#01|s6_engagements#01|s6_private_clues#01|s6_run_state#01|s6_station_b_progress#01|s6_station_tasks#01|s8_finalizations#01|s9_pocket_item_inspections#01|teacher_override_validity#02|teacher_overrides#02,tests/structural-package-b-live-e2e.js,65,completeEarlyActs,duplicate-name property reference
DUPLICATE_NAME_NONSQL_REFERENCE,run_id,act6_13_event_ledger#02|dialogue_messages#02|discussion_sessions#02|game_runs#01|runtime_events#02|runtime_player_decisions#02|s3_group_items#01|s3_player_item_view_state#01|s3_player_items#01|s3_player_knowledge#02|s3_player_observations#01|s3_runtime_scene_state#01|s3_shared_photos#02|s3b_library_attempts#01|s3b_player_facts#01|s3b_player_progress#01|s3b_post_inspection_route_votes#02|s3b_run_state#01|s5_act8_private_choices#01|s5_rounds#02|s5_run_state#01|s5_votes#01|s6_action_receipts#01|s6_allocation_attempts#02|s6_allocations#01|s6_audio_occurrences#02|s6_choices#01|s6_engagements#01|s6_private_clues#01|s6_run_state#01|s6_station_b_progress#01|s6_station_tasks#01|s8_finalizations#01|s9_pocket_item_inspections#01|teacher_override_validity#02|teacher_overrides#02,tests/structural-package-b-live-e2e.js,66,completeEarlyActs,duplicate-name property reference
DUPLICATE_NAME_NONSQL_REFERENCE,phase_key,act6_13_event_ledger#05|dialogue_messages#05|discussion_sessions#04|game_runs#08|runtime_events#10|runtime_player_decisions#05|s3_runtime_scene_state#03|s5_rounds#03|s5_run_state#03|s5_votes#02|s6_audio_occurrences#04|s6_choices#02|s6_run_state#03,tests/structural-package-b-live-e2e.js,79,completeSprint5ToAct9,duplicate-name property reference
DUPLICATE_NAME_NONSQL_REFERENCE,choice_id,runtime_player_decisions#10|s1_player_decisions#06|s1_scene_choices#02|s3b_post_inspection_route_votes#05|s5_act8_private_choices#03|s5_votes#05|s6_choices#05,tests/structural-package-b-live-e2e.js,79,completeSprint5ToAct9,duplicate-name property reference
DUPLICATE_NAME_NONSQL_REFERENCE,phase_key,act6_13_event_ledger#05|dialogue_messages#05|discussion_sessions#04|game_runs#08|runtime_events#10|runtime_player_decisions#05|s3_runtime_scene_state#03|s5_rounds#03|s5_run_state#03|s5_votes#02|s6_audio_occurrences#04|s6_choices#02|s6_run_state#03,tests/structural-package-b-live-e2e.js,87,completeSprint5ToAct9,duplicate-name property reference
DUPLICATE_NAME_NONSQL_REFERENCE,discussion_session_id,dialogue_messages#03|discussion_sessions#01|runtime_events#04|runtime_player_decisions#03|s5_rounds#01,tests/structural-package-b-live-e2e.js,94,closeDiscussion,duplicate-name property reference
DUPLICATE_NAME_NONSQL_REFERENCE,phase_key,act6_13_event_ledger#05|dialogue_messages#05|discussion_sessions#04|game_runs#08|runtime_events#10|runtime_player_decisions#05|s3_runtime_scene_state#03|s5_rounds#03|s5_run_state#03|s5_votes#02|s6_audio_occurrences#04|s6_choices#02|s6_run_state#03,tests/structural-package-b-live-e2e.js,104,submitAndAssertChoiceBarrier,duplicate-name property reference
DUPLICATE_NAME_NONSQL_REFERENCE,phase_key,act6_13_event_ledger#05|dialogue_messages#05|discussion_sessions#04|game_runs#08|runtime_events#10|runtime_player_decisions#05|s3_runtime_scene_state#03|s5_rounds#03|s5_run_state#03|s5_votes#02|s6_audio_occurrences#04|s6_choices#02|s6_run_state#03,tests/structural-package-b-live-e2e.js,105,submitAndAssertChoiceBarrier,duplicate-name property reference
DUPLICATE_NAME_NONSQL_REFERENCE,phase_key,act6_13_event_ledger#05|dialogue_messages#05|discussion_sessions#04|game_runs#08|runtime_events#10|runtime_player_decisions#05|s3_runtime_scene_state#03|s5_rounds#03|s5_run_state#03|s5_votes#02|s6_audio_occurrences#04|s6_choices#02|s6_run_state#03,tests/structural-package-b-live-e2e.js,106,submitAndAssertChoiceBarrier,duplicate-name property reference
DUPLICATE_NAME_NONSQL_REFERENCE,phase_key,act6_13_event_ledger#05|dialogue_messages#05|discussion_sessions#04|game_runs#08|runtime_events#10|runtime_player_decisions#05|s3_runtime_scene_state#03|s5_rounds#03|s5_run_state#03|s5_votes#02|s6_audio_occurrences#04|s6_choices#02|s6_run_state#03,tests/structural-package-b-static-check.js,9,assert,duplicate-name property reference
DUPLICATE_NAME_NONSQL_REFERENCE,phase_key,act6_13_event_ledger#05|dialogue_messages#05|discussion_sessions#04|game_runs#08|runtime_events#10|runtime_player_decisions#05|s3_runtime_scene_state#03|s5_rounds#03|s5_run_state#03|s5_votes#02|s6_audio_occurrences#04|s6_choices#02|s6_run_state#03,tests/structural-package-b-static-check.js,10,assert,duplicate-name property reference
DUPLICATE_NAME_NONSQL_REFERENCE,phase_key,act6_13_event_ledger#05|dialogue_messages#05|discussion_sessions#04|game_runs#08|runtime_events#10|runtime_player_decisions#05|s3_runtime_scene_state#03|s5_rounds#03|s5_run_state#03|s5_votes#02|s6_audio_occurrences#04|s6_choices#02|s6_run_state#03,tests/structural-package-b-static-check.js,11,assert,duplicate-name property reference
DUPLICATE_NAME_NONSQL_REFERENCE,scene_id,asset_candidates#05|asset_registry_projection#05|dialogue_messages#04|discussion_sessions#03|game_runs#07|runtime_events#09|runtime_player_decisions#04|s1_player_decisions#03|s1_scene_choices#01|s3_player_knowledge#06|s3_runtime_scene_state#02,tests/structural-package-b-static-check.js,12,assert,duplicate-name property reference
DUPLICATE_NAME_NONSQL_REFERENCE,phase_key,act6_13_event_ledger#05|dialogue_messages#05|discussion_sessions#04|game_runs#08|runtime_events#10|runtime_player_decisions#05|s3_runtime_scene_state#03|s5_rounds#03|s5_run_state#03|s5_votes#02|s6_audio_occurrences#04|s6_choices#02|s6_run_state#03,tests/structural-package-b-static-check.js,15,assert,duplicate-name property reference
DUPLICATE_NAME_NONSQL_REFERENCE,phase_key,act6_13_event_ledger#05|dialogue_messages#05|discussion_sessions#04|game_runs#08|runtime_events#10|runtime_player_decisions#05|s3_runtime_scene_state#03|s5_rounds#03|s5_run_state#03|s5_votes#02|s6_audio_occurrences#04|s6_choices#02|s6_run_state#03,tests/structural-package-b-static-check.js,16,assert,duplicate-name property reference
DUPLICATE_NAME_NONSQL_REFERENCE,choice_id,runtime_player_decisions#10|s1_player_decisions#06|s1_scene_choices#02|s3b_post_inspection_route_votes#05|s5_act8_private_choices#03|s5_votes#05|s6_choices#05,tests/structural-package-b-static-check.js,26,assert,duplicate-name property reference
DUPLICATE_NAME_NONSQL_REFERENCE,phase_key,act6_13_event_ledger#05|dialogue_messages#05|discussion_sessions#04|game_runs#08|runtime_events#10|runtime_player_decisions#05|s3_runtime_scene_state#03|s5_rounds#03|s5_run_state#03|s5_votes#02|s6_audio_occurrences#04|s6_choices#02|s6_run_state#03,tests/structural-package-b-static-check.js,29,assert,duplicate-name property reference
DUPLICATE_NAME_NONSQL_REFERENCE,run_id,act6_13_event_ledger#02|dialogue_messages#02|discussion_sessions#02|game_runs#01|runtime_events#02|runtime_player_decisions#02|s3_group_items#01|s3_player_item_view_state#01|s3_player_items#01|s3_player_knowledge#02|s3_player_observations#01|s3_runtime_scene_state#01|s3_shared_photos#02|s3b_library_attempts#01|s3b_player_facts#01|s3b_player_progress#01|s3b_post_inspection_route_votes#02|s3b_run_state#01|s5_act8_private_choices#01|s5_rounds#02|s5_run_state#01|s5_votes#01|s6_action_receipts#01|s6_allocation_attempts#02|s6_allocations#01|s6_audio_occurrences#02|s6_choices#01|s6_engagements#01|s6_private_clues#01|s6_run_state#01|s6_station_b_progress#01|s6_station_tasks#01|s8_finalizations#01|s9_pocket_item_inspections#01|teacher_override_validity#02|teacher_overrides#02,tests/structural-package-b-static-check.js,30,assert,duplicate-name property reference
DUPLICATE_NAME_NONSQL_REFERENCE,knowledge_key,s3_knowledge_catalog#01|s3_player_knowledge#04|s6_private_clues#04,tests/structural-package-c-live-e2e.js,15,main,duplicate-name property reference
DUPLICATE_NAME_NONSQL_REFERENCE,knowledge_key,s3_knowledge_catalog#01|s3_player_knowledge#04|s6_private_clues#04,tests/structural-package-c-live-e2e.js,27,main,duplicate-name property reference
DUPLICATE_NAME_NONSQL_REFERENCE,knowledge_key,s3_knowledge_catalog#01|s3_player_knowledge#04|s6_private_clues#04,tests/structural-package-c-live-e2e.js,28,main,duplicate-name property reference
DUPLICATE_NAME_NONSQL_REFERENCE,item_key,s3_group_items#02|s3_item_catalog#01|s3_player_item_view_state#03|s3_player_items#02|s9_pocket_item_inspections#03,tests/structural-package-c-live-e2e.js,31,main,duplicate-name property reference
DUPLICATE_NAME_NONSQL_REFERENCE,knowledge_key,s3_knowledge_catalog#01|s3_player_knowledge#04|s6_private_clues#04,tests/structural-package-c-live-e2e.js,31,main,duplicate-name property reference
DUPLICATE_NAME_NONSQL_REFERENCE,knowledge_key,s3_knowledge_catalog#01|s3_player_knowledge#04|s6_private_clues#04,tests/structural-package-c-live-e2e.js,35,main,duplicate-name property reference
DUPLICATE_NAME_NONSQL_REFERENCE,item_key,s3_group_items#02|s3_item_catalog#01|s3_player_item_view_state#03|s3_player_items#02|s9_pocket_item_inspections#03,tests/structural-package-c-live-e2e.js,38,main,duplicate-name property reference
DUPLICATE_NAME_NONSQL_REFERENCE,item_key,s3_group_items#02|s3_item_catalog#01|s3_player_item_view_state#03|s3_player_items#02|s9_pocket_item_inspections#03,tests/structural-package-c-live-e2e.js,39,main,duplicate-name property reference
DUPLICATE_NAME_NONSQL_REFERENCE,observation_key,s3_observation_catalog#01|s3_player_observations#03,tests/structural-package-c-live-e2e.js,40,main,duplicate-name property reference
DUPLICATE_NAME_NONSQL_REFERENCE,knowledge_key,s3_knowledge_catalog#01|s3_player_knowledge#04|s6_private_clues#04,tests/structural-package-c-live-e2e.js,41,main,duplicate-name property reference
DUPLICATE_NAME_NONSQL_REFERENCE,item_key,s3_group_items#02|s3_item_catalog#01|s3_player_item_view_state#03|s3_player_items#02|s9_pocket_item_inspections#03,tests/structural-package-c-live-e2e.js,46,main,duplicate-name property reference
DUPLICATE_NAME_NONSQL_REFERENCE,knowledge_key,s3_knowledge_catalog#01|s3_player_knowledge#04|s6_private_clues#04,tests/structural-package-c-live-e2e.js,46,main,duplicate-name property reference
DUPLICATE_NAME_NONSQL_REFERENCE,knowledge_key,s3_knowledge_catalog#01|s3_player_knowledge#04|s6_private_clues#04,tests/structural-package-c-live-e2e.js,47,main,duplicate-name property reference
DUPLICATE_NAME_NONSQL_REFERENCE,item_key,s3_group_items#02|s3_item_catalog#01|s3_player_item_view_state#03|s3_player_items#02|s9_pocket_item_inspections#03,tests/structural-package-c-live-e2e.js,51,main,duplicate-name property reference
DUPLICATE_NAME_NONSQL_REFERENCE,item_key,s3_group_items#02|s3_item_catalog#01|s3_player_item_view_state#03|s3_player_items#02|s9_pocket_item_inspections#03,tests/structural-package-c-live-e2e.js,53,main,duplicate-name property reference
DUPLICATE_NAME_NONSQL_REFERENCE,observation_key,s3_observation_catalog#01|s3_player_observations#03,tests/structural-package-c-live-e2e.js,54,main,duplicate-name property reference
DUPLICATE_NAME_NONSQL_REFERENCE,phase_key,act6_13_event_ledger#05|dialogue_messages#05|discussion_sessions#04|game_runs#08|runtime_events#10|runtime_player_decisions#05|s3_runtime_scene_state#03|s5_rounds#03|s5_run_state#03|s5_votes#02|s6_audio_occurrences#04|s6_choices#02|s6_run_state#03,tests/structural-package-c-static-check.js,10,assert,duplicate-name property reference
DUPLICATE_NAME_NONSQL_REFERENCE,phase_key,act6_13_event_ledger#05|dialogue_messages#05|discussion_sessions#04|game_runs#08|runtime_events#10|runtime_player_decisions#05|s3_runtime_scene_state#03|s5_rounds#03|s5_run_state#03|s5_votes#02|s6_audio_occurrences#04|s6_choices#02|s6_run_state#03,tests/structural-package-c-static-check.js,11,assert,duplicate-name property reference
DUPLICATE_NAME_NONSQL_REFERENCE,item_key,s3_group_items#02|s3_item_catalog#01|s3_player_item_view_state#03|s3_player_items#02|s9_pocket_item_inspections#03,tests/structural-package-c-static-check.js,14,assert,duplicate-name property reference
DUPLICATE_NAME_NONSQL_REFERENCE,item_key,s3_group_items#02|s3_item_catalog#01|s3_player_item_view_state#03|s3_player_items#02|s9_pocket_item_inspections#03,tests/structural-package-c-static-check.js,16,assert,duplicate-name property reference
DUPLICATE_NAME_NONSQL_REFERENCE,item_key,s3_group_items#02|s3_item_catalog#01|s3_player_item_view_state#03|s3_player_items#02|s9_pocket_item_inspections#03,tests/structural-package-c-static-check.js,18,assert,duplicate-name property reference
DUPLICATE_NAME_NONSQL_REFERENCE,scene_id,asset_candidates#05|asset_registry_projection#05|dialogue_messages#04|discussion_sessions#03|game_runs#07|runtime_events#09|runtime_player_decisions#04|s1_player_decisions#03|s1_scene_choices#01|s3_player_knowledge#06|s3_runtime_scene_state#02,tests/structural-package-d-live-e2e.js,49,main,duplicate-name property reference
DUPLICATE_NAME_NONSQL_REFERENCE,version,asset_candidates#03|asset_events#04,tests/structural-package-d-live-e2e.js,52,main,duplicate-name property reference
DUPLICATE_NAME_NONSQL_REFERENCE,choice_id,runtime_player_decisions#10|s1_player_decisions#06|s1_scene_choices#02|s3b_post_inspection_route_votes#05|s5_act8_private_choices#03|s5_votes#05|s6_choices#05,tests/structural-package-d-static-check.js,45,assert,duplicate-name property reference
DUPLICATE_NAME_NONSQL_REFERENCE,status,asset_candidates#09|discussion_sessions#09|game_runs#06|s5_rounds#06,tests/structural-package-d-static-check.js,46,assert,duplicate-name property reference
DUPLICATE_NAME_NONSQL_REFERENCE,asset_key,asset_candidates#02|asset_events#02|asset_registry_projection#01,tools/sprint9-asset-readiness-validator.mjs,89,inspectCandidate,duplicate-name property reference
DUPLICATE_NAME_NONSQL_REFERENCE,asset_key,asset_candidates#02|asset_events#02|asset_registry_projection#01,tools/sprint9-asset-readiness-validator.mjs,90,inspectCandidate,duplicate-name property reference
DUPLICATE_NAME_NONSQL_REFERENCE,required_anchors,asset_candidates#27|asset_registry_projection#11,tools/sprint9-asset-readiness-validator.mjs,96,inspectCandidate,duplicate-name property reference
DUPLICATE_NAME_NONSQL_REFERENCE,required_anchors,asset_candidates#27|asset_registry_projection#11,tools/sprint9-asset-readiness-validator.mjs,99,inspectCandidate,duplicate-name property reference
DUPLICATE_NAME_NONSQL_REFERENCE,asset_key,asset_candidates#02|asset_events#02|asset_registry_projection#01,tools/sprint9-asset-readiness-validator.mjs,100,inspectCandidate,duplicate-name property reference
DUPLICATE_NAME_NONSQL_REFERENCE,version,asset_candidates#03|asset_events#04,tools/sprint9-asset-readiness-validator.mjs,101,inspectCandidate,duplicate-name property reference
DUPLICATE_NAME_NONSQL_REFERENCE,asset_type,asset_candidates#04|asset_registry_projection#04,tools/sprint9-asset-readiness-validator.mjs,102,inspectCandidate,duplicate-name property reference
DUPLICATE_NAME_NONSQL_REFERENCE,required_anchors,asset_candidates#27|asset_registry_projection#11,tools/sprint9-asset-readiness-validator.mjs,103,inspectCandidate,duplicate-name property reference
DUPLICATE_NAME_NONSQL_REFERENCE,paired_asset_group,asset_candidates#16|asset_registry_projection#10,tools/sprint9-asset-readiness-validator.mjs,104,inspectCandidate,duplicate-name property reference
DUPLICATE_NAME_NONSQL_REFERENCE,status,asset_candidates#09|discussion_sessions#09|game_runs#06|s5_rounds#06,tools/sprint9-asset-readiness-validator.mjs,105,inspectCandidate,duplicate-name property reference
DUPLICATE_NAME_NONSQL_REFERENCE,asset_type,asset_candidates#04|asset_registry_projection#04,tools/sprint9-asset-readiness-validator.mjs,113,inspectCandidate,duplicate-name property reference
DUPLICATE_NAME_NONSQL_REFERENCE,asset_type,asset_candidates#04|asset_registry_projection#04,tools/sprint9-asset-readiness-validator.mjs,127,inspectCandidate,duplicate-name property reference
DUPLICATE_NAME_NONSQL_REFERENCE,asset_type,asset_candidates#04|asset_registry_projection#04,tools/sprint9-asset-readiness-validator.mjs,137,inspectCandidate,duplicate-name property reference
DUPLICATE_NAME_NONSQL_REFERENCE,required_anchors,asset_candidates#27|asset_registry_projection#11,tools/sprint9-asset-readiness-validator.mjs,147,inspectCandidate,duplicate-name property reference
DUPLICATE_NAME_NONSQL_REFERENCE,asset_type,asset_candidates#04|asset_registry_projection#04,tools/sprint9-asset-readiness-validator.mjs,158,inspectCandidate,duplicate-name property reference
DUPLICATE_NAME_NONSQL_REFERENCE,asset_type,asset_candidates#04|asset_registry_projection#04,tools/sprint9-asset-readiness-validator.mjs,159,inspectCandidate,duplicate-name property reference
DUPLICATE_NAME_NONSQL_REFERENCE,asset_key,asset_candidates#02|asset_events#02|asset_registry_projection#01,tools/sprint9-asset-readiness-validator.mjs,180,main,duplicate-name property reference
DUPLICATE_NAME_NONSQL_REFERENCE,asset_key,asset_candidates#02|asset_events#02|asset_registry_projection#01,tools/sprint9-asset-readiness-validator.mjs,189,main,duplicate-name property reference
DUPLICATE_NAME_NONSQL_REFERENCE,asset_type,asset_candidates#04|asset_registry_projection#04,tools/sprint9-asset-readiness-validator.mjs,191,main,duplicate-name property reference
DUPLICATE_NAME_NONSQL_REFERENCE,asset_key,asset_candidates#02|asset_events#02|asset_registry_projection#01,tools/sprint9-asset-readiness-validator.mjs,194,main,duplicate-name property reference
DUPLICATE_NAME_NONSQL_REFERENCE,version,asset_candidates#03|asset_events#04,tools/sprint9-asset-readiness-validator.mjs,203,main,duplicate-name property reference
DUPLICATE_NAME_NONSQL_REFERENCE,asset_key,asset_candidates#02|asset_events#02|asset_registry_projection#01,tools/sprint9-asset-readiness-validator.mjs,205,main,duplicate-name property reference
DUPLICATE_NAME_NONSQL_REFERENCE,asset_type,asset_candidates#04|asset_registry_projection#04,tools/sprint9-asset-readiness-validator.mjs,205,main,duplicate-name property reference
DUPLICATE_NAME_NONSQL_REFERENCE,paired_asset_group,asset_candidates#16|asset_registry_projection#10,tools/sprint9-asset-readiness-validator.mjs,206,main,duplicate-name property reference
DUPLICATE_NAME_NONSQL_REFERENCE,required_anchors,asset_candidates#27|asset_registry_projection#11,tools/sprint9-asset-readiness-validator.mjs,207,main,duplicate-name property reference
DUPLICATE_NAME_NONSQL_REFERENCE,paired_asset_group,asset_candidates#16|asset_registry_projection#10,tools/sprint9-asset-readiness-validator.mjs,213,main,duplicate-name property reference
DUPLICATE_NAME_NONSQL_REFERENCE,paired_asset_group,asset_candidates#16|asset_registry_projection#10,tools/sprint9-asset-readiness-validator.mjs,214,main,duplicate-name property reference
DUPLICATE_NAME_NONSQL_REFERENCE,paired_asset_group,asset_candidates#16|asset_registry_projection#10,tools/sprint9-asset-readiness-validator.mjs,215,main,duplicate-name property reference
DUPLICATE_NAME_NONSQL_REFERENCE,status,asset_candidates#09|discussion_sessions#09|game_runs#06|s5_rounds#06,tools/sprint9-asset-readiness-validator.mjs,221,main,duplicate-name property reference
DUPLICATE_NAME_NONSQL_REFERENCE,asset_key,asset_candidates#02|asset_events#02|asset_registry_projection#01,tools/sprint9-asset-readiness-validator.mjs,223,main,duplicate-name property reference
DUPLICATE_NAME_NONSQL_REFERENCE,status,asset_candidates#09|discussion_sessions#09|game_runs#06|s5_rounds#06,tools/sprint9-asset-readiness-validator.mjs,227,main,duplicate-name property reference
DUPLICATE_NAME_NONSQL_REFERENCE,status,asset_candidates#09|discussion_sessions#09|game_runs#06|s5_rounds#06,tools/sprint9-asset-readiness-validator.mjs,242,main,duplicate-name property reference
DUPLICATE_NAME_NONSQL_REFERENCE,status,asset_candidates#09|discussion_sessions#09|game_runs#06|s5_rounds#06,tools/sprint9-asset-readiness-validator.mjs,245,main,duplicate-name property reference
DUPLICATE_NAME_NONSQL_REFERENCE,asset_key,asset_candidates#02|asset_events#02|asset_registry_projection#01,tools/sprint9-asset-readiness-validator.mjs,265,main,duplicate-name property reference
DUPLICATE_NAME_NONSQL_REFERENCE,created_at,asset_candidates#12|asset_events#06|asset_manager_reviewers#04|dialogue_messages#09|game_runs#11|runtime_events#08|s1_game_events#06|s1_rooms#03|s5_rounds#08|s6_action_receipts#07|teacher_overrides#12,03_teacher_v2.html,78,load,duplicate-name property reference
DUPLICATE_NAME_NONSQL_REFERENCE,status,asset_candidates#09|discussion_sessions#09|game_runs#06|s5_rounds#06,docs/prototypes/round1-ui-v4/Teacher_Emergency_Recovery.html,8,TOP_LEVEL,duplicate-name property reference
UNRESOLVED_TRIGGER_REFERENCE,version,,database/025_sprint4_two_narrow_blockers.sql,54,asset_manager_transition_group,old.version
UNRESOLVED_TRIGGER_REFERENCE,asset_key,,database/025_sprint4_two_narrow_blockers.sql,54,asset_manager_transition_group,old.asset_key
UNRESOLVED_TRIGGER_REFERENCE,status,,database/025_sprint4_two_narrow_blockers.sql,54,asset_manager_transition_group,old.status
UNRESOLVED_TRIGGER_REFERENCE,version,,database/026_sprint4_group_target_and_registry_lock.sql,36,asset_manager_transition_group,old.version
UNRESOLVED_TRIGGER_REFERENCE,asset_key,,database/026_sprint4_group_target_and_registry_lock.sql,36,asset_manager_transition_group,old.asset_key
UNRESOLVED_TRIGGER_REFERENCE,status,,database/026_sprint4_group_target_and_registry_lock.sql,36,asset_manager_transition_group,old.status
UNRESOLVED_TRIGGER_REFERENCE,terminal_state,,database/037_level3_independent_audit_closure.sql,124,act6_13_deferred_cross_sprint,new.terminal_state
UNRESOLVED_TRIGGER_REFERENCE,run_id,,database/037_level3_independent_audit_closure.sql,124,act6_13_deferred_cross_sprint,new.run_id
UNRESOLVED_TRIGGER_REFERENCE,phase_key,,database/037_level3_independent_audit_closure.sql,125,act6_13_deferred_cross_sprint,new.phase_key
UNRESOLVED_TRIGGER_REFERENCE,run_id,,database/037_level3_independent_audit_closure.sql,125,act6_13_deferred_cross_sprint,new.run_id
UNRESOLVED_TRIGGER_REFERENCE,run_id,,database/038_level3_cross_sprint_trigger_fix.sql,8,act6_13_deferred_cross_sprint,new.run_id
UNRESOLVED_TRIGGER_REFERENCE,run_id,,database/038_level3_cross_sprint_trigger_fix.sql,10,act6_13_deferred_cross_sprint,new.run_id
