group_id,column_name,field_id,global_field_id,table,ordinal,origin_script,origin_line,production_write_location_count,production_read_location_count,production_write_locations,production_read_locations,semantic_classification,same_fact_cluster_id,canonical_slot,review_note
SN001,acquired_at,s3_group_items#04,F0186,s3_group_items,4,database/005_sprint3a_scene_pocket_knowledge_foundation.sql,83,0,3,,database/005_sprint3a_scene_pocket_knowledge_foundation.sql:L238@s3_get_player_state[to_jsonb(row) exposes field] ; database/006_sprint3a_provenance_view_integrity_fix.sql:L147@s3_get_player_state[to_jsonb(row) exposes field] ; database/068_package_c_authoritative_pocket_inspection.sql:L75@s3_get_player_state[to_jsonb(row) exposes field],PENDING,,,
SN001,acquired_at,s3_player_items#04,F0201,s3_player_items,4,database/005_sprint3a_scene_pocket_knowledge_foundation.sql,34,0,3,,database/043_sprint7_teacher_console.sql:L65@s7_get_teacher_console[qualified/rowtype field reference] ; database/044_sprint7_focused_level1_corrections.sql:L58@s7_get_teacher_console[qualified/rowtype field reference] ; database/068_package_c_authoritative_pocket_inspection.sql:L71@s3_get_player_state[qualified/rowtype field reference],PENDING,,,
SN002,act6_entered_at,s3b_player_progress#22,F0267,s3b_player_progress,22,database/060_package_a_ca_a_bounded_corrections.sql,9,4,8,database/060_package_a_ca_a_bounded_corrections.sql:L15@TOP_LEVEL[UPDATE SET]{DERIVED_OR_COPY} ; database/060_package_a_ca_a_bounded_corrections.sql:L91@s9_enter_act6[UPDATE SET]{DIRECT_OR_COMPUTED} ; database/061_package_a_act6_entry_timer_barrier.sql:L66@s9_enter_act6[UPDATE SET]{DIRECT_OR_COMPUTED} ; database/063_package_a_player_entry_column_fix.sql:L41@s9_enter_act6[UPDATE SET]{DIRECT_OR_COMPUTED},database/007_sprint3b_act1_5_placeholder_flow.sql:L286@s3b_get_player_state[to_jsonb(row) exposes field] ; database/017_sprint3c_override_act2_entry_correction.sql:L27@s3b_submit_first_meeting[SELECT * INTO row] ; database/060_package_a_ca_a_bounded_corrections.sql:L84@s9_enter_act6[SELECT * INTO row] ; database/060_package_a_ca_a_bounded_corrections.sql:L89@s9_enter_act6[qualified/rowtype field reference] ; database/061_package_a_act6_entry_timer_barrier.sql:L59@s9_enter_act6[SELECT * INTO row] ; database/061_package_a_act6_entry_timer_barrier.sql:L64@s9_enter_act6[qualified/rowtype field reference] ; database/063_package_a_player_entry_column_fix.sql:L34@s9_enter_act6[SELECT * INTO row] ; database/063_package_a_player_entry_column_fix.sql:L39@s9_enter_act6[qualified/rowtype field reference],PENDING,,,
SN002,act6_entered_at,s5_run_state#10,F0315,s5_run_state,10,database/059_structural_lifecycle_transition_spine.sql,33,4,22,database/059_structural_lifecycle_transition_spine.sql:L37@TOP_LEVEL[UPDATE SET]{DIRECT_OR_COMPUTED} ; database/059_structural_lifecycle_transition_spine.sql:L67@s9_enter_act6[UPDATE SET]{DIRECT_OR_COMPUTED} ; database/061_package_a_act6_entry_timer_barrier.sql:L79@s9_enter_act6[UPDATE SET]{DIRECT_OR_COMPUTED} ; database/063_package_a_player_entry_column_fix.sql:L54@s9_enter_act6[UPDATE SET]{DIRECT_OR_COMPUTED},database/027_sprint5_act6_8_runtime.sql:L47@s5_submit_vote[SELECT * INTO row] ; database/027_sprint5_act6_8_runtime.sql:L71@s5_advance[SELECT * INTO row] ; database/027_sprint5_act6_8_runtime.sql:L79@s5_submit_private_choice[SELECT * INTO row] ; database/027_sprint5_act6_8_runtime.sql:L86@s5_get_player_state[SELECT * INTO row] ; database/027_sprint5_act6_8_runtime.sql:L89@s5_get_player_state[to_jsonb(row) exposes field] ; database/029_sprint5_canonical_discussion_localization.sql:L57@s5_submit_vote[SELECT * INTO row] ; database/029_sprint5_canonical_discussion_localization.sql:L73@s5_advance[SELECT * INTO row] ; database/029_sprint5_canonical_discussion_localization.sql:L79@s5_submit_private_choice[SELECT * INTO row] ; database/029_sprint5_canonical_discussion_localization.sql:L85@s5_get_player_state[SELECT * INTO row] ; database/029_sprint5_canonical_discussion_localization.sql:L89@s5_get_discussion_state[SELECT * INTO row] ; database/029_sprint5_canonical_discussion_localization.sql:L98@s5_audit_expire_discussion[SELECT * INTO row] ; database/030_sprint5_exact_session_messages.sql:L8@s5_send_message[SELECT * INTO row] ; database/043_sprint7_teacher_console.sql:L37@s7_get_teacher_console[SELECT * INTO row] ; database/044_sprint7_focused_level1_corrections.sql:L26@s7_get_teacher_console[SELECT * INTO row] ; database/049_sprint8_final_closure.sql:L73@s8_verify_integrity[SELECT * INTO row] ; database/054_level3_integrated_closure.sql:L129@s8_verify_integrity[SELECT * INTO row] ; database/059_structural_lifecycle_transition_spine.sql:L64@s9_enter_act6[SELECT * INTO row] ; database/059_structural_lifecycle_transition_spine.sql:L66@s9_enter_act6[qualified/rowtype field reference] ; database/061_package_a_act6_entry_timer_barrier.sql:L57@s9_enter_act6[SELECT * INTO row] ; database/061_package_a_act6_entry_timer_barrier.sql:L73@s9_enter_act6[qualified/rowtype field reference] ; database/063_package_a_player_entry_column_fix.sql:L32@s9_enter_act6[SELECT * INTO row] ; database/063_package_a_player_entry_column_fix.sql:L48@s9_enter_act6[qualified/rowtype field reference],PENDING,,,
SN003,act_no,act6_13_event_ledger#04,F0004,act6_13_event_ledger,4,database/037_level3_independent_audit_closure.sql,10,4,1,database/037_level3_independent_audit_closure.sql:L151@s6_refresh_owned_discussion[INSERT explicit column]{DIRECT_OR_COMPUTED} ; database/037_level3_independent_audit_closure.sql:L49@act6_13_capture_s5_transition[INSERT explicit column]{DIRECT_OR_COMPUTED} ; database/037_level3_independent_audit_closure.sql:L75@act6_13_capture_s6_transition[INSERT explicit column]{DIRECT_OR_COMPUTED} ; database/037_level3_independent_audit_closure.sql:L79@act6_13_capture_s6_transition[INSERT explicit column]{DIRECT_OR_COMPUTED},database/037_level3_independent_audit_closure.sql:L183@act6_13_get_timeline[to_jsonb(row) exposes field],PENDING,,,
SN003,act_no,s5_run_state#02,F0307,s5_run_state,2,database/027_sprint5_act6_8_runtime.sql,3,2,22,database/027_sprint5_act6_8_runtime.sql:L72@s5_advance[UPDATE SET]{DIRECT_OR_COMPUTED} ; database/027_sprint5_act6_8_runtime.sql:L73@s5_advance[UPDATE SET]{DIRECT_OR_COMPUTED},database/027_sprint5_act6_8_runtime.sql:L47@s5_submit_vote[SELECT * INTO row] ; database/027_sprint5_act6_8_runtime.sql:L71@s5_advance[SELECT * INTO row] ; database/027_sprint5_act6_8_runtime.sql:L79@s5_submit_private_choice[SELECT * INTO row] ; database/027_sprint5_act6_8_runtime.sql:L86@s5_get_player_state[SELECT * INTO row] ; database/027_sprint5_act6_8_runtime.sql:L89@s5_get_player_state[to_jsonb(row) exposes field] ; database/029_sprint5_canonical_discussion_localization.sql:L57@s5_submit_vote[SELECT * INTO row] ; database/029_sprint5_canonical_discussion_localization.sql:L73@s5_advance[SELECT * INTO row] ; database/029_sprint5_canonical_discussion_localization.sql:L79@s5_submit_private_choice[SELECT * INTO row] ; database/029_sprint5_canonical_discussion_localization.sql:L85@s5_get_player_state[SELECT * INTO row] ; database/029_sprint5_canonical_discussion_localization.sql:L89@s5_get_discussion_state[SELECT * INTO row] ; database/029_sprint5_canonical_discussion_localization.sql:L98@s5_audit_expire_discussion[SELECT * INTO row] ; database/030_sprint5_exact_session_messages.sql:L8@s5_send_message[SELECT * INTO row] ; database/037_level3_independent_audit_closure.sql:L48@act6_13_capture_s5_transition[OLD.field trigger reference] ; database/043_sprint7_teacher_console.sql:L37@s7_get_teacher_console[SELECT * INTO row] ; database/043_sprint7_teacher_console.sql:L38@s7_get_teacher_console[qualified/rowtype field reference] ; database/044_sprint7_focused_level1_corrections.sql:L26@s7_get_teacher_console[SELECT * INTO row] ; database/044_sprint7_focused_level1_corrections.sql:L27@s7_get_teacher_console[qualified/rowtype field reference] ; database/049_sprint8_final_closure.sql:L73@s8_verify_integrity[SELECT * INTO row] ; database/054_level3_integrated_closure.sql:L129@s8_verify_integrity[SELECT * INTO row] ; database/059_structural_lifecycle_transition_spine.sql:L64@s9_enter_act6[SELECT * INTO row] ; database/061_package_a_act6_entry_timer_barrier.sql:L57@s9_enter_act6[SELECT * INTO row] ; database/063_package_a_player_entry_column_fix.sql:L32@s9_enter_act6[SELECT * INTO row],PENDING,,,
SN003,act_no,s6_private_clues#03,F0368,s6_private_clues,3,database/033_sprint6_act9_13_runtime.sql,14,1,0,database/033_sprint6_act9_13_runtime.sql:L30@s6_deliver_clues[INSERT positional/all columns]{POSITIONAL_WRITE},,PENDING,,,
SN003,act_no,s6_run_state#02,F0373,s6_run_state,2,database/033_sprint6_act9_13_runtime.sql,4,15,25,database/033_sprint6_act9_13_runtime.sql:L47@s6_submit_group_choice[UPDATE SET]{DIRECT_OR_COMPUTED} ; database/033_sprint6_act9_13_runtime.sql:L49@s6_submit_private_choice[UPDATE SET]{DIRECT_OR_COMPUTED} ; database/033_sprint6_act9_13_runtime.sql:L51@s6_advance[UPDATE SET]{DIRECT_OR_COMPUTED} ; database/033_sprint6_act9_13_runtime.sql:L53@s6_submit_allocation[UPDATE SET]{DIRECT_OR_COMPUTED} ; database/034_sprint6_contract_hardening.sql:L17@s6_submit_group_choice[UPDATE SET]{DIRECT_OR_COMPUTED} ; database/034_sprint6_contract_hardening.sql:L20@s6_submit_private_choice[UPDATE SET]{DIRECT_OR_COMPUTED} ; database/034_sprint6_contract_hardening.sql:L23@s6_submit_allocation[UPDATE SET]{DIRECT_OR_COMPUTED} ; database/035_sprint6_focused_audit_corrections.sql:L54@s6_submit_group_choice_guarded[UPDATE SET]{DIRECT_OR_COMPUTED} ; database/035_sprint6_focused_audit_corrections.sql:L59@s6_advance_guarded[UPDATE SET]{DIRECT_OR_COMPUTED} ; database/035_sprint6_focused_audit_corrections.sql:L61@s6_submit_allocation_guarded[UPDATE SET]{DIRECT_OR_COMPUTED} ; database/035_sprint6_focused_audit_corrections.sql:L69@s6_tick_cinematic[UPDATE SET]{DIRECT_OR_COMPUTED} ; database/036_sprint6_four_open_findings.sql:L27@s6_tick_cinematic[UPDATE SET]{DIRECT_OR_COMPUTED} ; database/046_sprint8_act14_finalization_export.sql:L55@s8_finalize[UPDATE SET]{DIRECT_OR_COMPUTED} ; database/048_sprint8_focused_level1_corrections.sql:L71@s8_finalize[UPDATE SET]{DIRECT_OR_COMPUTED} ; database/049_sprint8_final_closure.sql:L168@s8_finalize[UPDATE SET]{DIRECT_OR_COMPUTED},database/033_sprint6_act9_13_runtime.sql:L57@s6_get_player_state[qualified/rowtype field reference] ; database/033_sprint6_act9_13_runtime.sql:L57@s6_get_player_state[to_jsonb(row) exposes field] ; database/034_sprint6_contract_hardening.sql:L25@s6_get_player_state[qualified/rowtype field reference] ; database/034_sprint6_contract_hardening.sql:L25@s6_get_player_state[to_jsonb(row) exposes field] ; database/035_sprint6_focused_audit_corrections.sql:L72@s6_get_player_state[qualified/rowtype field reference] ; database/035_sprint6_focused_audit_corrections.sql:L72@s6_get_player_state[to_jsonb(row) exposes field] ; database/036_sprint6_four_open_findings.sql:L29@s6_get_player_state[qualified/rowtype field reference] ; database/036_sprint6_four_open_findings.sql:L29@s6_get_player_state[to_jsonb(row) exposes field] ; database/037_level3_independent_audit_closure.sql:L144@s6_refresh_owned_discussion[SELECT * INTO row] ; database/037_level3_independent_audit_closure.sql:L151@s6_refresh_owned_discussion[qualified/rowtype field reference] ; database/037_level3_independent_audit_closure.sql:L179@s6_get_player_state[qualified/rowtype field reference] ; database/037_level3_independent_audit_closure.sql:L179@s6_get_player_state[to_jsonb(row) exposes field] ; database/037_level3_independent_audit_closure.sql:L74@act6_13_capture_s6_transition[OLD.field trigger reference] ; database/043_sprint7_teacher_console.sql:L36@s7_get_teacher_console[SELECT * INTO row] ; database/043_sprint7_teacher_console.sql:L37@s7_get_teacher_console[qualified/rowtype field reference] ; database/044_sprint7_focused_level1_corrections.sql:L25@s7_get_teacher_console[SELECT * INTO row] ; database/044_sprint7_focused_level1_corrections.sql:L26@s7_get_teacher_console[qualified/rowtype field reference] ; database/046_sprint8_act14_finalization_export.sql:L34@s8_finalize[SELECT * INTO row] ; database/048_sprint8_focused_level1_corrections.sql:L33@s8_finalize[SELECT * INTO row] ; database/049_sprint8_final_closure.sql:L119@s8_verify_integrity[qualified/rowtype field reference] ; database/049_sprint8_final_closure.sql:L74@s8_verify_integrity[SELECT * INTO row] ; database/054_level3_integrated_closure.sql:L129@s8_verify_integrity[SELECT * INTO row] ; database/065_package_b_player_wait_projection.sql:L9@s9_get_player_wait_state[SELECT * INTO row] ; database/066_package_b_wait_projection_locked_at_fix.sql:L9@s9_get_player_wait_state[SELECT * INTO row] ; database/067_package_b_allocation_progress_fix.sql:L9@s9_get_player_wait_state[SELECT * INTO row],PENDING,,,
SN004,actor_player_id,runtime_events#06,F0124,runtime_events,6,database/002_runtime_runs_discussion.sql,93,9,1,database/002_runtime_runs_discussion.sql:L158@s2_log_event[INSERT explicit column]{DIRECT_OR_COMPUTED} ; database/014_sprint3b_evidence_and_puzzle_integrity.sql:L114@s2_log_event[INSERT explicit column]{DIRECT_OR_COMPUTED} ; database/014_sprint3b_evidence_and_puzzle_integrity.sql:L154@s3b_log_formal_event[INSERT explicit column]{DIRECT_OR_COMPUTED} ; database/014b_sprint3b_targeted_closure_corrections.sql:L63@s3b_log_formal_event_at_context[INSERT explicit column]{DIRECT_OR_COMPUTED} ; database/015_sprint3c_minimal_safe_teacher_override.sql:L53@s3b_log_formal_event_at_context[INSERT explicit column]{DIRECT_OR_COMPUTED} ; database/016_sprint3c_level1_narrow_corrections.sql:L65@s2_log_event[INSERT explicit column]{DIRECT_OR_COMPUTED} ; database/046_sprint8_act14_finalization_export.sql:L57@s8_finalize[INSERT explicit column]{DIRECT_OR_COMPUTED} ; database/048_sprint8_focused_level1_corrections.sql:L73@s8_finalize[INSERT explicit column]{DIRECT_OR_COMPUTED} ; database/049_sprint8_final_closure.sql:L170@s8_finalize[INSERT explicit column]{DIRECT_OR_COMPUTED},database/014b_sprint3b_targeted_closure_corrections.sql:L171@s2_get_teacher_state[qualified/rowtype field reference],PENDING,,,
SN004,actor_player_id,s1_game_events#04,F0152,s1_game_events,4,database/001_sprint1_core.sql,76,3,0,database/001_sprint1_core.sql:L233@s1_join_player[INSERT explicit column]{DIRECT_OR_COMPUTED} ; database/001_sprint1_core.sql:L384@s1_submit_private_choice[INSERT explicit column]{DIRECT_OR_COMPUTED} ; database/001_sprint1_core.sql:L552@s1_release_player_session[INSERT explicit column]{DIRECT_OR_COMPUTED},,PENDING,,,
SN005,allow_share_photo,discussion_sessions#29,F0101,discussion_sessions,29,database/029_sprint5_canonical_discussion_localization.sql,6,3,36,database/029_sprint5_canonical_discussion_localization.sql:L33@s5_configure_discussion[UPDATE SET]{DIRECT_OR_COMPUTED} ; database/031_sprint5_focused_reaudit_corrections.sql:L9@s5_configure_discussion[UPDATE SET]{DIRECT_OR_COMPUTED} ; database/032_sprint5_discussion_creation_restore.sql:L11@s5_configure_discussion[UPDATE SET]{DIRECT_OR_COMPUTED},database/002_runtime_runs_discussion.sql:L389@s2_refresh_discussion[SELECT * INTO row] ; database/002_runtime_runs_discussion.sql:L462@s2_open_vote[SELECT * INTO row] ; database/002_runtime_runs_discussion.sql:L519@s2_add_time[SELECT * INTO row] ; database/002_runtime_runs_discussion.sql:L568@s2_send_message[SELECT * INTO row] ; database/002_runtime_runs_discussion.sql:L576@s2_send_message[SELECT * INTO row] ; database/002_runtime_runs_discussion.sql:L633@s2_submit_vote[SELECT * INTO row] ; database/002_runtime_runs_discussion.sql:L642@s2_submit_vote[SELECT * INTO row] ; database/002_runtime_runs_discussion.sql:L827@s2_get_player_state[SELECT * INTO row] ; database/002_runtime_runs_discussion.sql:L835@s2_get_player_state[SELECT * INTO row] ; database/002_runtime_runs_discussion.sql:L980@s2_get_teacher_state[SELECT * INTO row] ; database/002_runtime_runs_discussion.sql:L988@s2_get_teacher_state[SELECT * INTO row] ; database/003_sprint2_discussionroom_audit_fix.sql:L179@s2_submit_vote[SELECT * INTO row] ; database/003_sprint2_discussionroom_audit_fix.sql:L188@s2_submit_vote[SELECT * INTO row] ; database/003_sprint2_discussionroom_audit_fix.sql:L373@s2_get_player_state[SELECT * INTO row] ; database/003_sprint2_discussionroom_audit_fix.sql:L381@s2_get_player_state[SELECT * INTO row] ; database/003_sprint2_discussionroom_audit_fix.sql:L528@s2_get_teacher_state[SELECT * INTO row] ; database/003_sprint2_discussionroom_audit_fix.sql:L536@s2_get_teacher_state[SELECT * INTO row] ; database/004_sprint2_fallback_resolution_semantics.sql:L32@s2_submit_vote[SELECT * INTO row] ; database/004_sprint2_fallback_resolution_semantics.sql:L41@s2_submit_vote[SELECT * INTO row] ; database/013_sprint3b_discussion_authority_and_request_identity.sql:L214@s2_send_message[SELECT * INTO row] ; database/013_sprint3b_discussion_authority_and_request_identity.sql:L237@s2_send_message[SELECT * INTO row] ; database/013_sprint3b_discussion_authority_and_request_identity.sql:L295@s2_submit_vote[SELECT * INTO row] ; database/013_sprint3b_discussion_authority_and_request_identity.sql:L305@s2_submit_vote[SELECT * INTO row] ; database/013_sprint3b_discussion_authority_and_request_identity.sql:L94@s3b_apply_resolved_discussion_internal[SELECT * INTO row] ; database/014a_sprint3b_inspect_reconnect_idempotency_fix.sql:L20@s3b_apply_resolved_discussion_internal[SELECT * INTO row] ; database/029_sprint5_canonical_discussion_localization.sql:L54@s5_submit_vote[SELECT * INTO row] ; database/029_sprint5_canonical_discussion_localization.sql:L85@s5_get_player_state[to_jsonb(row) exposes field] ; database/029_sprint5_canonical_discussion_localization.sql:L89@s5_get_discussion_state[SELECT * INTO row] ; database/037_level3_independent_audit_closure.sql:L146@s6_refresh_owned_discussion[SELECT * INTO row] ; database/037_level3_independent_audit_closure.sql:L159@s2_refresh_discussion[SELECT * INTO row] ; database/040_level2_closure_verification_support.sql:L14@s6_verify_expire_discussion[SELECT * INTO row] ; database/041_level2_normal_s5_verification_support.sql:L14@s5_verify_expire_discussion[SELECT * INTO row] ; database/043_sprint7_teacher_console.sql:L40@s7_get_teacher_console[SELECT * INTO row] ; database/044_sprint7_focused_level1_corrections.sql:L29@s7_get_teacher_console[SELECT * INTO row] ; database/054_level3_integrated_closure.sql:L59@teacher_apply_override[SELECT * INTO row] ; database/054_level3_integrated_closure.sql:L91@teacher_apply_override[SELECT * INTO row],PENDING,,,
SN005,allow_share_photo,s3_runtime_scene_state#10,F0226,s3_runtime_scene_state,10,database/014_sprint3b_evidence_and_puzzle_integrity.sql,5,7,27,database/014_sprint3b_evidence_and_puzzle_integrity.sql:L190@s3b_set_scene[INSERT explicit column]{DIRECT_OR_COMPUTED} ; database/029_sprint5_canonical_discussion_localization.sql:L79@s5_submit_private_choice[UPDATE SET]{DIRECT_OR_COMPUTED} ; database/031_sprint5_focused_reaudit_corrections.sql:L15@s5_initialize[UPDATE SET]{DIRECT_OR_COMPUTED} ; database/031_sprint5_focused_reaudit_corrections.sql:L19@s5_advance[UPDATE SET]{DERIVED_OR_COPY} ; database/039_level3_s5_canonical_discussion_fix.sql:L17@s5_ensure_initialized[UPDATE SET]{DIRECT_OR_COMPUTED} ; database/061_package_a_act6_entry_timer_barrier.sql:L18@s5_ensure_initialized[UPDATE SET]{DIRECT_OR_COMPUTED} ; database/062_package_a_prepared_event_fk_fix.sql:L16@s5_ensure_initialized[UPDATE SET]{DIRECT_OR_COMPUTED},database/005_sprint3a_scene_pocket_knowledge_foundation.sql:L234@s3_get_player_state[to_jsonb(row) exposes field] ; database/006_sprint3a_provenance_view_integrity_fix.sql:L143@s3_get_player_state[to_jsonb(row) exposes field] ; database/007_sprint3b_act1_5_placeholder_flow.sql:L284@s3b_get_player_state[to_jsonb(row) exposes field] ; database/013_sprint3b_discussion_authority_and_request_identity.sql:L511@s2_get_teacher_state[to_jsonb(row) exposes field] ; database/014_sprint3b_evidence_and_puzzle_integrity.sql:L153@s3b_log_formal_event[SELECT * INTO row] ; database/014_sprint3b_evidence_and_puzzle_integrity.sql:L185@s3b_set_scene[SELECT * INTO row] ; database/014_sprint3b_evidence_and_puzzle_integrity.sql:L540@s3_share_photo[SELECT * INTO row] ; database/014_sprint3b_evidence_and_puzzle_integrity.sql:L541@s3_share_photo[qualified/rowtype field reference] ; database/014b_sprint3b_targeted_closure_corrections.sql:L106@s3b_complete_act1[SELECT * INTO row] ; database/014b_sprint3b_targeted_closure_corrections.sql:L112@s3b_submit_first_meeting[SELECT * INTO row] ; database/014b_sprint3b_targeted_closure_corrections.sql:L121@s3b_grab[SELECT * INTO row] ; database/014b_sprint3b_targeted_closure_corrections.sql:L126@s3b_leave_start_room[SELECT * INTO row] ; database/014b_sprint3b_targeted_closure_corrections.sql:L131@s3b_ack_route_update[SELECT * INTO row] ; database/014b_sprint3b_targeted_closure_corrections.sql:L136@s3b_complete_foldback[SELECT * INTO row] ; database/014b_sprint3b_targeted_closure_corrections.sql:L141@s3b_follow_sign[SELECT * INTO row] ; database/014b_sprint3b_targeted_closure_corrections.sql:L147@s3b_submit_act4_choice[SELECT * INTO row] ; database/014b_sprint3b_targeted_closure_corrections.sql:L83@s3b_ack_act1_opening[SELECT * INTO row] ; database/014b_sprint3b_targeted_closure_corrections.sql:L94@s3b_submit_act1_choice[SELECT * INTO row] ; database/015_sprint3c_minimal_safe_teacher_override.sql:L121@s2_get_teacher_state[SELECT * INTO row] ; database/015_sprint3c_minimal_safe_teacher_override.sql:L71@teacher_apply_override[SELECT * INTO row] ; database/017_sprint3c_override_act2_entry_correction.sql:L23@s3b_submit_first_meeting[SELECT * INTO row] ; database/043_sprint7_teacher_console.sql:L18@s7_set_audit_private_debug[SELECT * INTO row] ; database/043_sprint7_teacher_console.sql:L35@s7_get_teacher_console[SELECT * INTO row] ; database/044_sprint7_focused_level1_corrections.sql:L24@s7_get_teacher_console[SELECT * INTO row] ; database/054_level3_integrated_closure.sql:L116@s2_get_teacher_state[SELECT * INTO row] ; database/054_level3_integrated_closure.sql:L22@teacher_apply_override[SELECT * INTO row] ; database/068_package_c_authoritative_pocket_inspection.sql:L70@s3_get_player_state[to_jsonb(row) exposes field],PENDING,,,
SN006,asset_key,asset_candidates#02,F0011,asset_candidates,2,database/018_sprint4_asset_manager_v2.sql,10,4,37,database/018_sprint4_asset_manager_v2.sql:L48@asset_manager_register_candidate[INSERT explicit column]{DIRECT_OR_COMPUTED} ; database/019_sprint4_teacher_authority_correction.sql:L48@asset_manager_register_candidate[INSERT explicit column]{DIRECT_OR_COMPUTED} ; database/024_sprint4_level1_narrow_corrections.sql:L39@asset_manager_import_candidate[INSERT explicit column]{DIRECT_OR_COMPUTED} ; database/025_sprint4_two_narrow_blockers.sql:L25@asset_manager_import_candidate[INSERT explicit column]{DIRECT_OR_COMPUTED},database/018_sprint4_asset_manager_v2.sql:L57@asset_manager_review[SELECT * INTO row] ; database/018_sprint4_asset_manager_v2.sql:L60@asset_manager_review[qualified/rowtype field reference] ; database/018_sprint4_asset_manager_v2.sql:L64@asset_manager_mark_published[SELECT * INTO row] ; database/018_sprint4_asset_manager_v2.sql:L66@asset_manager_mark_published[qualified/rowtype field reference] ; database/018_sprint4_asset_manager_v2.sql:L70@asset_manager_activate[SELECT * INTO row] ; database/018_sprint4_asset_manager_v2.sql:L70@asset_manager_activate[qualified/rowtype field reference] ; database/018_sprint4_asset_manager_v2.sql:L73@asset_manager_activate[qualified/rowtype field reference] ; database/018_sprint4_asset_manager_v2.sql:L77@asset_resolve[SELECT * INTO row] ; database/018_sprint4_asset_manager_v2.sql:L78@asset_resolve[qualified/rowtype field reference] ; database/018_sprint4_asset_manager_v2.sql:L81@asset_manager_state[qualified/rowtype field reference] ; database/018_sprint4_asset_manager_v2.sql:L81@asset_manager_state[to_jsonb(row) exposes field] ; database/019_sprint4_teacher_authority_correction.sql:L57@asset_manager_review[SELECT * INTO row] ; database/019_sprint4_teacher_authority_correction.sql:L60@asset_manager_review[qualified/rowtype field reference] ; database/019_sprint4_teacher_authority_correction.sql:L64@asset_manager_mark_published[SELECT * INTO row] ; database/019_sprint4_teacher_authority_correction.sql:L66@asset_manager_mark_published[qualified/rowtype field reference] ; database/019_sprint4_teacher_authority_correction.sql:L70@asset_manager_activate[SELECT * INTO row] ; database/019_sprint4_teacher_authority_correction.sql:L70@asset_manager_activate[qualified/rowtype field reference] ; database/019_sprint4_teacher_authority_correction.sql:L73@asset_manager_activate[qualified/rowtype field reference] ; database/019_sprint4_teacher_authority_correction.sql:L77@asset_resolve[SELECT * INTO row] ; database/019_sprint4_teacher_authority_correction.sql:L78@asset_resolve[qualified/rowtype field reference] ; database/019_sprint4_teacher_authority_correction.sql:L81@asset_manager_state[qualified/rowtype field reference] ; database/019_sprint4_teacher_authority_correction.sql:L81@asset_manager_state[to_jsonb(row) exposes field] ; database/021_sprint4_anchor_and_activation_controls.sql:L13@asset_manager_save_anchors[qualified/rowtype field reference] ; database/021_sprint4_anchor_and_activation_controls.sql:L20@asset_manager_rollback[SELECT * INTO row] ; database/021_sprint4_anchor_and_activation_controls.sql:L8@asset_manager_save_anchors[SELECT * INTO row] ; database/022_sprint4_paired_activation_gate.sql:L10@asset_manager_activate[SELECT * INTO row] ; database/022_sprint4_paired_activation_gate.sql:L14@asset_manager_activate[qualified/rowtype field reference] ; database/022_sprint4_paired_activation_gate.sql:L16@asset_manager_activate[qualified/rowtype field reference] ; database/023_sprint4_rollback_state_correction.sql:L8@asset_manager_rollback[SELECT * INTO row] ; database/024_sprint4_level1_narrow_corrections.sql:L38@asset_manager_import_candidate[SELECT * INTO row] ; database/024_sprint4_level1_narrow_corrections.sql:L41@asset_manager_submit_for_review[SELECT * INTO row] ; database/025_sprint4_two_narrow_blockers.sql:L13@asset_manager_import_candidate[SELECT * INTO row] ; database/025_sprint4_two_narrow_blockers.sql:L27@asset_manager_import_candidate[qualified/rowtype field reference] ; database/025_sprint4_two_narrow_blockers.sql:L54@asset_manager_transition_group[qualified/rowtype field reference] ; database/026_sprint4_group_target_and_registry_lock.sql:L17@asset_manager_transition_group[qualified/rowtype field reference] ; database/026_sprint4_group_target_and_registry_lock.sql:L36@asset_manager_transition_group[qualified/rowtype field reference] ; database/058_sprint9_active_asset_load_failure_telemetry.sql:L13@asset_report_load_failure[qualified/rowtype field reference],PENDING,,,
SN006,asset_key,asset_events#02,F0040,asset_events,2,database/018_sprint4_asset_manager_v2.sql,20,15,1,database/018_sprint4_asset_manager_v2.sql:L50@asset_manager_register_candidate[INSERT positional/all columns]{POSITIONAL_WRITE} ; database/018_sprint4_asset_manager_v2.sql:L60@asset_manager_review[INSERT positional/all columns]{POSITIONAL_WRITE} ; database/018_sprint4_asset_manager_v2.sql:L66@asset_manager_mark_published[INSERT positional/all columns]{POSITIONAL_WRITE} ; database/018_sprint4_asset_manager_v2.sql:L73@asset_manager_activate[INSERT positional/all columns]{POSITIONAL_WRITE} ; database/018_sprint4_asset_manager_v2.sql:L77@asset_resolve[INSERT explicit column]{DIRECT_OR_COMPUTED} ; database/019_sprint4_teacher_authority_correction.sql:L50@asset_manager_register_candidate[INSERT positional/all columns]{POSITIONAL_WRITE} ; database/019_sprint4_teacher_authority_correction.sql:L60@asset_manager_review[INSERT positional/all columns]{POSITIONAL_WRITE} ; database/019_sprint4_teacher_authority_correction.sql:L66@asset_manager_mark_published[INSERT positional/all columns]{POSITIONAL_WRITE} ; database/019_sprint4_teacher_authority_correction.sql:L73@asset_manager_activate[INSERT positional/all columns]{POSITIONAL_WRITE} ; database/019_sprint4_teacher_authority_correction.sql:L77@asset_resolve[INSERT explicit column]{DIRECT_OR_COMPUTED} ; database/021_sprint4_anchor_and_activation_controls.sql:L13@asset_manager_save_anchors[INSERT positional/all columns]{POSITIONAL_WRITE} ; database/025_sprint4_two_narrow_blockers.sql:L27@asset_manager_import_candidate[INSERT explicit column]{DIRECT_OR_COMPUTED} ; database/025_sprint4_two_narrow_blockers.sql:L53@asset_manager_transition_group[INSERT explicit column]{DIRECT_OR_COMPUTED} ; database/026_sprint4_group_target_and_registry_lock.sql:L35@asset_manager_transition_group[INSERT explicit column]{DIRECT_OR_COMPUTED} ; database/058_sprint9_active_asset_load_failure_telemetry.sql:L27@asset_report_load_failure[INSERT explicit column]{DIRECT_OR_COMPUTED},database/058_sprint9_active_asset_load_failure_telemetry.sql:L22@asset_report_load_failure[qualified/rowtype field reference],PENDING,,,
SN006,asset_key,asset_registry_projection#01,F0049,asset_registry_projection,1,database/018_sprint4_asset_manager_v2.sql,2,3,27,database/018_sprint4_asset_manager_v2.sql:L31@asset_manager_sync_registry[INSERT explicit column]{DIRECT_OR_COMPUTED} ; database/019_sprint4_teacher_authority_correction.sql:L31@asset_manager_sync_registry[INSERT explicit column]{DIRECT_OR_COMPUTED} ; database/024_sprint4_level1_narrow_corrections.sql:L28@asset_manager_sync_registry[INSERT explicit column]{DIRECT_OR_COMPUTED},database/018_sprint4_asset_manager_v2.sql:L44@asset_manager_register_candidate[SELECT * INTO row] ; database/018_sprint4_asset_manager_v2.sql:L49@asset_manager_register_candidate[qualified/rowtype field reference] ; database/018_sprint4_asset_manager_v2.sql:L50@asset_manager_register_candidate[qualified/rowtype field reference] ; database/018_sprint4_asset_manager_v2.sql:L70@asset_manager_activate[SELECT * INTO row] ; database/018_sprint4_asset_manager_v2.sql:L76@asset_resolve[SELECT * INTO row] ; database/018_sprint4_asset_manager_v2.sql:L77@asset_resolve[qualified/rowtype field reference] ; database/018_sprint4_asset_manager_v2.sql:L81@asset_manager_state[qualified/rowtype field reference] ; database/018_sprint4_asset_manager_v2.sql:L81@asset_manager_state[to_jsonb(row) exposes field] ; database/019_sprint4_teacher_authority_correction.sql:L44@asset_manager_register_candidate[SELECT * INTO row] ; database/019_sprint4_teacher_authority_correction.sql:L49@asset_manager_register_candidate[qualified/rowtype field reference] ; database/019_sprint4_teacher_authority_correction.sql:L50@asset_manager_register_candidate[qualified/rowtype field reference] ; database/019_sprint4_teacher_authority_correction.sql:L70@asset_manager_activate[SELECT * INTO row] ; database/019_sprint4_teacher_authority_correction.sql:L76@asset_resolve[SELECT * INTO row] ; database/019_sprint4_teacher_authority_correction.sql:L77@asset_resolve[qualified/rowtype field reference] ; database/019_sprint4_teacher_authority_correction.sql:L81@asset_manager_state[qualified/rowtype field reference] ; database/019_sprint4_teacher_authority_correction.sql:L81@asset_manager_state[to_jsonb(row) exposes field] ; database/022_sprint4_paired_activation_gate.sql:L13@asset_manager_activate[qualified/rowtype field reference] ; database/022_sprint4_paired_activation_gate.sql:L14@asset_manager_activate[qualified/rowtype field reference] ; database/022_sprint4_paired_activation_gate.sql:L16@asset_manager_activate[qualified/rowtype field reference] ; database/022_sprint4_paired_activation_gate.sql:L18@asset_manager_activate[qualified/rowtype field reference] ; database/024_sprint4_level1_narrow_corrections.sql:L26@asset_manager_sync_registry[qualified/rowtype field reference] ; database/024_sprint4_level1_narrow_corrections.sql:L37@asset_manager_import_candidate[SELECT * INTO row] ; database/025_sprint4_two_narrow_blockers.sql:L9@asset_manager_import_candidate[SELECT * INTO row] ; database/026_sprint4_group_target_and_registry_lock.sql:L17@asset_manager_transition_group[qualified/rowtype field reference] ; database/026_sprint4_group_target_and_registry_lock.sql:L18@asset_manager_transition_group[qualified/rowtype field reference] ; database/058_sprint9_active_asset_load_failure_telemetry.sql:L13@asset_report_load_failure[qualified/rowtype field reference] ; database/058_sprint9_active_asset_load_failure_telemetry.sql:L14@asset_report_load_failure[qualified/rowtype field reference],PENDING,,,
SN007,asset_type,asset_candidates#04,F0013,asset_candidates,4,database/018_sprint4_asset_manager_v2.sql,10,4,21,database/018_sprint4_asset_manager_v2.sql:L48@asset_manager_register_candidate[INSERT explicit column]{DIRECT_OR_COMPUTED} ; database/019_sprint4_teacher_authority_correction.sql:L48@asset_manager_register_candidate[INSERT explicit column]{DIRECT_OR_COMPUTED} ; database/024_sprint4_level1_narrow_corrections.sql:L39@asset_manager_import_candidate[INSERT explicit column]{DIRECT_OR_COMPUTED} ; database/025_sprint4_two_narrow_blockers.sql:L25@asset_manager_import_candidate[INSERT explicit column]{DIRECT_OR_COMPUTED},database/018_sprint4_asset_manager_v2.sql:L57@asset_manager_review[SELECT * INTO row] ; database/018_sprint4_asset_manager_v2.sql:L64@asset_manager_mark_published[SELECT * INTO row] ; database/018_sprint4_asset_manager_v2.sql:L70@asset_manager_activate[SELECT * INTO row] ; database/018_sprint4_asset_manager_v2.sql:L77@asset_resolve[SELECT * INTO row] ; database/018_sprint4_asset_manager_v2.sql:L78@asset_resolve[qualified/rowtype field reference] ; database/018_sprint4_asset_manager_v2.sql:L81@asset_manager_state[to_jsonb(row) exposes field] ; database/019_sprint4_teacher_authority_correction.sql:L57@asset_manager_review[SELECT * INTO row] ; database/019_sprint4_teacher_authority_correction.sql:L64@asset_manager_mark_published[SELECT * INTO row] ; database/019_sprint4_teacher_authority_correction.sql:L70@asset_manager_activate[SELECT * INTO row] ; database/019_sprint4_teacher_authority_correction.sql:L77@asset_resolve[SELECT * INTO row] ; database/019_sprint4_teacher_authority_correction.sql:L78@asset_resolve[qualified/rowtype field reference] ; database/019_sprint4_teacher_authority_correction.sql:L81@asset_manager_state[to_jsonb(row) exposes field] ; database/021_sprint4_anchor_and_activation_controls.sql:L20@asset_manager_rollback[SELECT * INTO row] ; database/021_sprint4_anchor_and_activation_controls.sql:L8@asset_manager_save_anchors[SELECT * INTO row] ; database/021_sprint4_anchor_and_activation_controls.sql:L8@asset_manager_save_anchors[qualified/rowtype field reference] ; database/022_sprint4_paired_activation_gate.sql:L10@asset_manager_activate[SELECT * INTO row] ; database/023_sprint4_rollback_state_correction.sql:L8@asset_manager_rollback[SELECT * INTO row] ; database/024_sprint4_level1_narrow_corrections.sql:L38@asset_manager_import_candidate[SELECT * INTO row] ; database/024_sprint4_level1_narrow_corrections.sql:L41@asset_manager_submit_for_review[SELECT * INTO row] ; database/025_sprint4_two_narrow_blockers.sql:L13@asset_manager_import_candidate[SELECT * INTO row] ; database/025_sprint4_two_narrow_blockers.sql:L16@asset_manager_import_candidate[qualified/rowtype field reference],PENDING,,,
SN007,asset_type,asset_registry_projection#04,F0052,asset_registry_projection,4,database/018_sprint4_asset_manager_v2.sql,3,3,20,database/018_sprint4_asset_manager_v2.sql:L31@asset_manager_sync_registry[INSERT explicit column]{DIRECT_OR_COMPUTED} ; database/019_sprint4_teacher_authority_correction.sql:L31@asset_manager_sync_registry[INSERT explicit column]{DIRECT_OR_COMPUTED} ; database/024_sprint4_level1_narrow_corrections.sql:L28@asset_manager_sync_registry[INSERT explicit column]{DIRECT_OR_COMPUTED},database/018_sprint4_asset_manager_v2.sql:L44@asset_manager_register_candidate[SELECT * INTO row] ; database/018_sprint4_asset_manager_v2.sql:L46@asset_manager_register_candidate[qualified/rowtype field reference] ; database/018_sprint4_asset_manager_v2.sql:L49@asset_manager_register_candidate[qualified/rowtype field reference] ; database/018_sprint4_asset_manager_v2.sql:L70@asset_manager_activate[SELECT * INTO row] ; database/018_sprint4_asset_manager_v2.sql:L76@asset_resolve[SELECT * INTO row] ; database/018_sprint4_asset_manager_v2.sql:L77@asset_resolve[qualified/rowtype field reference] ; database/018_sprint4_asset_manager_v2.sql:L81@asset_manager_state[to_jsonb(row) exposes field] ; database/019_sprint4_teacher_authority_correction.sql:L44@asset_manager_register_candidate[SELECT * INTO row] ; database/019_sprint4_teacher_authority_correction.sql:L46@asset_manager_register_candidate[qualified/rowtype field reference] ; database/019_sprint4_teacher_authority_correction.sql:L49@asset_manager_register_candidate[qualified/rowtype field reference] ; database/019_sprint4_teacher_authority_correction.sql:L70@asset_manager_activate[SELECT * INTO row] ; database/019_sprint4_teacher_authority_correction.sql:L76@asset_resolve[SELECT * INTO row] ; database/019_sprint4_teacher_authority_correction.sql:L77@asset_resolve[qualified/rowtype field reference] ; database/019_sprint4_teacher_authority_correction.sql:L81@asset_manager_state[to_jsonb(row) exposes field] ; database/024_sprint4_level1_narrow_corrections.sql:L37@asset_manager_import_candidate[SELECT * INTO row] ; database/024_sprint4_level1_narrow_corrections.sql:L37@asset_manager_import_candidate[qualified/rowtype field reference] ; database/024_sprint4_level1_narrow_corrections.sql:L40@asset_manager_import_candidate[qualified/rowtype field reference] ; database/025_sprint4_two_narrow_blockers.sql:L12@asset_manager_import_candidate[qualified/rowtype field reference] ; database/025_sprint4_two_narrow_blockers.sql:L26@asset_manager_import_candidate[qualified/rowtype field reference] ; database/025_sprint4_two_narrow_blockers.sql:L9@asset_manager_import_candidate[SELECT * INTO row],PENDING,,,
SN008,assigned_to,asset_candidates#06,F0015,asset_candidates,6,database/018_sprint4_asset_manager_v2.sql,11,2,17,database/018_sprint4_asset_manager_v2.sql:L48@asset_manager_register_candidate[INSERT explicit column]{DIRECT_OR_COMPUTED} ; database/019_sprint4_teacher_authority_correction.sql:L48@asset_manager_register_candidate[INSERT explicit column]{DIRECT_OR_COMPUTED},database/018_sprint4_asset_manager_v2.sql:L57@asset_manager_review[SELECT * INTO row] ; database/018_sprint4_asset_manager_v2.sql:L64@asset_manager_mark_published[SELECT * INTO row] ; database/018_sprint4_asset_manager_v2.sql:L70@asset_manager_activate[SELECT * INTO row] ; database/018_sprint4_asset_manager_v2.sql:L77@asset_resolve[SELECT * INTO row] ; database/018_sprint4_asset_manager_v2.sql:L81@asset_manager_state[to_jsonb(row) exposes field] ; database/019_sprint4_teacher_authority_correction.sql:L57@asset_manager_review[SELECT * INTO row] ; database/019_sprint4_teacher_authority_correction.sql:L64@asset_manager_mark_published[SELECT * INTO row] ; database/019_sprint4_teacher_authority_correction.sql:L70@asset_manager_activate[SELECT * INTO row] ; database/019_sprint4_teacher_authority_correction.sql:L77@asset_resolve[SELECT * INTO row] ; database/019_sprint4_teacher_authority_correction.sql:L81@asset_manager_state[to_jsonb(row) exposes field] ; database/021_sprint4_anchor_and_activation_controls.sql:L20@asset_manager_rollback[SELECT * INTO row] ; database/021_sprint4_anchor_and_activation_controls.sql:L8@asset_manager_save_anchors[SELECT * INTO row] ; database/022_sprint4_paired_activation_gate.sql:L10@asset_manager_activate[SELECT * INTO row] ; database/023_sprint4_rollback_state_correction.sql:L8@asset_manager_rollback[SELECT * INTO row] ; database/024_sprint4_level1_narrow_corrections.sql:L38@asset_manager_import_candidate[SELECT * INTO row] ; database/024_sprint4_level1_narrow_corrections.sql:L41@asset_manager_submit_for_review[SELECT * INTO row] ; database/025_sprint4_two_narrow_blockers.sql:L13@asset_manager_import_candidate[SELECT * INTO row],PENDING,,,
SN008,assigned_to,asset_registry_projection#06,F0054,asset_registry_projection,6,database/018_sprint4_asset_manager_v2.sql,4,0,10,,database/018_sprint4_asset_manager_v2.sql:L44@asset_manager_register_candidate[SELECT * INTO row] ; database/018_sprint4_asset_manager_v2.sql:L70@asset_manager_activate[SELECT * INTO row] ; database/018_sprint4_asset_manager_v2.sql:L76@asset_resolve[SELECT * INTO row] ; database/018_sprint4_asset_manager_v2.sql:L81@asset_manager_state[to_jsonb(row) exposes field] ; database/019_sprint4_teacher_authority_correction.sql:L44@asset_manager_register_candidate[SELECT * INTO row] ; database/019_sprint4_teacher_authority_correction.sql:L70@asset_manager_activate[SELECT * INTO row] ; database/019_sprint4_teacher_authority_correction.sql:L76@asset_resolve[SELECT * INTO row] ; database/019_sprint4_teacher_authority_correction.sql:L81@asset_manager_state[to_jsonb(row) exposes field] ; database/024_sprint4_level1_narrow_corrections.sql:L37@asset_manager_import_candidate[SELECT * INTO row] ; database/025_sprint4_two_narrow_blockers.sql:L9@asset_manager_import_candidate[SELECT * INTO row],PENDING,,,
SN009,behavior_scoring,runtime_events#14,F0132,runtime_events,14,database/014_sprint3b_evidence_and_puzzle_integrity.sql,51,19,1,database/014_sprint3b_evidence_and_puzzle_integrity.sql:L114@s2_log_event[INSERT explicit column]{DIRECT_OR_COMPUTED} ; database/014_sprint3b_evidence_and_puzzle_integrity.sql:L154@s3b_log_formal_event[INSERT explicit column]{DIRECT_OR_COMPUTED} ; database/014_sprint3b_evidence_and_puzzle_integrity.sql:L214@s3b_set_scene[INSERT explicit column]{DIRECT_OR_COMPUTED} ; database/014_sprint3b_evidence_and_puzzle_integrity.sql:L61@TOP_LEVEL[UPDATE SET]{DERIVED_OR_COPY} ; database/014b_sprint3b_targeted_closure_corrections.sql:L63@s3b_log_formal_event_at_context[INSERT explicit column]{DIRECT_OR_COMPUTED} ; database/015_sprint3c_minimal_safe_teacher_override.sql:L53@s3b_log_formal_event_at_context[INSERT explicit column]{DIRECT_OR_COMPUTED} ; database/015_sprint3c_minimal_safe_teacher_override.sql:L78@teacher_apply_override[INSERT explicit column]{DIRECT_OR_COMPUTED} ; database/015_sprint3c_minimal_safe_teacher_override.sql:L91@teacher_apply_override[INSERT explicit column]{DIRECT_OR_COMPUTED} ; database/015_sprint3c_minimal_safe_teacher_override.sql:L99@teacher_apply_override[INSERT explicit column]{DIRECT_OR_COMPUTED} ; database/016_sprint3c_level1_narrow_corrections.sql:L65@s2_log_event[INSERT explicit column]{DIRECT_OR_COMPUTED} ; database/043_sprint7_teacher_console.sql:L19@s7_set_audit_private_debug[INSERT explicit column]{DIRECT_OR_COMPUTED} ; database/045_sprint7_teacher_intervention_provenance.sql:L18@TOP_LEVEL[INSERT explicit column]{DIRECT_OR_COMPUTED} ; database/045_sprint7_teacher_intervention_provenance.sql:L26@s5_teacher_open_vote[INSERT explicit column]{DIRECT_OR_COMPUTED} ; database/045_sprint7_teacher_intervention_provenance.sql:L32@s5_teacher_add_time[INSERT explicit column]{DIRECT_OR_COMPUTED} ; database/045_sprint7_teacher_intervention_provenance.sql:L8@s7_mirror_teacher_discussion_event[INSERT explicit column]{DIRECT_OR_COMPUTED} ; database/046_sprint8_act14_finalization_export.sql:L57@s8_finalize[INSERT explicit column]{DIRECT_OR_COMPUTED} ; database/048_sprint8_focused_level1_corrections.sql:L73@s8_finalize[INSERT explicit column]{DIRECT_OR_COMPUTED} ; database/049_sprint8_final_closure.sql:L170@s8_finalize[INSERT explicit column]{DIRECT_OR_COMPUTED} ; database/054_level3_integrated_closure.sql:L102@teacher_apply_override[INSERT explicit column]{DIRECT_OR_COMPUTED},database/014b_sprint3b_targeted_closure_corrections.sql:L173@s2_get_teacher_state[qualified/rowtype field reference],PENDING,,,
SN009,behavior_scoring,s3b_post_inspection_route_votes#07,F0274,s3b_post_inspection_route_votes,7,database/014_sprint3b_evidence_and_puzzle_integrity.sql,81,0,1,,database/014_sprint3b_evidence_and_puzzle_integrity.sql:L470@s3b_submit_post_inspection_route_vote[SELECT * INTO row],PENDING,,,
SN009,behavior_scoring,teacher_overrides#11,F0431,teacher_overrides,11,database/015_sprint3c_minimal_safe_teacher_override.sql,14,11,2,database/015_sprint3c_minimal_safe_teacher_override.sql:L77@teacher_apply_override[INSERT positional/all columns]{POSITIONAL_WRITE} ; database/015_sprint3c_minimal_safe_teacher_override.sql:L90@teacher_apply_override[INSERT positional/all columns]{POSITIONAL_WRITE} ; database/015_sprint3c_minimal_safe_teacher_override.sql:L98@teacher_apply_override[INSERT positional/all columns]{POSITIONAL_WRITE} ; database/054_level3_integrated_closure.sql:L28@teacher_apply_override[INSERT positional/all columns]{POSITIONAL_WRITE} ; database/054_level3_integrated_closure.sql:L42@teacher_apply_override[INSERT positional/all columns]{POSITIONAL_WRITE} ; database/054_level3_integrated_closure.sql:L62@teacher_apply_override[INSERT positional/all columns]{POSITIONAL_WRITE} ; database/054_level3_integrated_closure.sql:L69@teacher_apply_override[INSERT positional/all columns]{POSITIONAL_WRITE} ; database/054_level3_integrated_closure.sql:L74@teacher_apply_override[INSERT positional/all columns]{POSITIONAL_WRITE} ; database/054_level3_integrated_closure.sql:L81@teacher_apply_override[INSERT positional/all columns]{POSITIONAL_WRITE} ; database/054_level3_integrated_closure.sql:L90@teacher_apply_override[INSERT positional/all columns]{POSITIONAL_WRITE} ; database/054_level3_integrated_closure.sql:L97@teacher_apply_override[INSERT positional/all columns]{POSITIONAL_WRITE},database/043_sprint7_teacher_console.sql:L81@s7_get_teacher_console[to_jsonb(row) exposes field] ; database/044_sprint7_focused_level1_corrections.sql:L65@s7_get_teacher_console[to_jsonb(row) exposes field],PENDING,,,
SN010,choice_id,runtime_player_decisions#10,F0144,runtime_player_decisions,10,database/002_runtime_runs_discussion.sql,79,4,13,database/002_runtime_runs_discussion.sql:L656@s2_submit_vote[INSERT explicit column]{DIRECT_OR_COMPUTED} ; database/003_sprint2_discussionroom_audit_fix.sql:L202@s2_submit_vote[INSERT explicit column]{DIRECT_OR_COMPUTED} ; database/004_sprint2_fallback_resolution_semantics.sql:L55@s2_submit_vote[INSERT explicit column]{DIRECT_OR_COMPUTED} ; database/013_sprint3b_discussion_authority_and_request_identity.sql:L327@s2_submit_vote[INSERT explicit column]{DIRECT_OR_COMPUTED},database/002_runtime_runs_discussion.sql:L1009@s2_get_teacher_state[qualified/rowtype field reference] ; database/002_runtime_runs_discussion.sql:L857@s2_get_player_state[qualified/rowtype field reference] ; database/002_runtime_runs_discussion.sql:L870@s2_get_player_state[qualified/rowtype field reference] ; database/002_runtime_runs_discussion.sql:L885@s2_get_player_state[qualified/rowtype field reference] ; database/002_runtime_runs_discussion.sql:L907@s2_get_player_state[qualified/rowtype field reference] ; database/003_sprint2_discussionroom_audit_fix.sql:L404@s2_get_player_state[qualified/rowtype field reference] ; database/003_sprint2_discussionroom_audit_fix.sql:L417@s2_get_player_state[qualified/rowtype field reference] ; database/003_sprint2_discussionroom_audit_fix.sql:L432@s2_get_player_state[qualified/rowtype field reference] ; database/003_sprint2_discussionroom_audit_fix.sql:L454@s2_get_player_state[qualified/rowtype field reference] ; database/003_sprint2_discussionroom_audit_fix.sql:L558@s2_get_teacher_state[qualified/rowtype field reference] ; database/013_sprint3b_discussion_authority_and_request_identity.sql:L314@s2_submit_vote[SELECT * INTO row] ; database/013_sprint3b_discussion_authority_and_request_identity.sql:L318@s2_submit_vote[qualified/rowtype field reference] ; database/013_sprint3b_discussion_authority_and_request_identity.sql:L322@s2_submit_vote[qualified/rowtype field reference],PENDING,,,
SN010,choice_id,s1_player_decisions#06,F0160,s1_player_decisions,6,database/001_sprint1_core.sql,66,1,2,database/001_sprint1_core.sql:L381@s1_submit_private_choice[INSERT explicit column]{DIRECT_OR_COMPUTED},database/001_sprint1_core.sql:L301@s1_get_player_state[to_jsonb(row) exposes field] ; database/001_sprint1_core.sql:L314@s1_get_player_state[qualified/rowtype field reference],PENDING,,,
SN010,choice_id,s1_scene_choices#02,F0180,s1_scene_choices,2,database/001_sprint1_core.sql,47,1,0,database/001_sprint1_core.sql:L92@TOP_LEVEL[INSERT explicit column]{DIRECT_OR_COMPUTED},,PENDING,,,
SN010,choice_id,s3b_post_inspection_route_votes#05,F0272,s3b_post_inspection_route_votes,5,database/014_sprint3b_evidence_and_puzzle_integrity.sql,78,1,3,database/014_sprint3b_evidence_and_puzzle_integrity.sql:L488@s3b_submit_post_inspection_route_vote[INSERT explicit column]{DIRECT_OR_COMPUTED},database/014_sprint3b_evidence_and_puzzle_integrity.sql:L470@s3b_submit_post_inspection_route_vote[SELECT * INTO row] ; database/014_sprint3b_evidence_and_puzzle_integrity.sql:L473@s3b_submit_post_inspection_route_vote[qualified/rowtype field reference] ; database/014_sprint3b_evidence_and_puzzle_integrity.sql:L604@s3b_get_player_state[qualified/rowtype field reference],PENDING,,,
SN010,choice_id,s5_act8_private_choices#03,F0294,s5_act8_private_choices,3,database/027_sprint5_act6_8_runtime.sql,23,1,4,database/027_sprint5_act6_8_runtime.sql:L81@s5_submit_private_choice[INSERT explicit column]{DIRECT_OR_COMPUTED},database/027_sprint5_act6_8_runtime.sql:L79@s5_submit_private_choice[SELECT * INTO row] ; database/027_sprint5_act6_8_runtime.sql:L79@s5_submit_private_choice[qualified/rowtype field reference] ; database/027_sprint5_act6_8_runtime.sql:L88@s5_get_player_state[qualified/rowtype field reference] ; database/029_sprint5_canonical_discussion_localization.sql:L92@s5_get_discussion_state[qualified/rowtype field reference],PENDING,,,
SN010,choice_id,s5_votes#05,F0320,s5_votes,5,database/027_sprint5_act6_8_runtime.sql,12,1,4,database/027_sprint5_act6_8_runtime.sql:L52@s5_submit_vote[INSERT explicit column]{DIRECT_OR_COMPUTED},database/027_sprint5_act6_8_runtime.sql:L48@s5_submit_vote[SELECT * INTO row] ; database/027_sprint5_act6_8_runtime.sql:L48@s5_submit_vote[qualified/rowtype field reference] ; database/031_sprint5_focused_reaudit_corrections.sql:L25@s5_submit_vote[qualified/rowtype field reference] ; database/031_sprint5_focused_reaudit_corrections.sql:L30@s5_get_teacher_discussion_state[qualified/rowtype field reference],PENDING,,,
SN010,choice_id,s6_choices#05,F0356,s6_choices,5,database/033_sprint6_act9_13_runtime.sql,15,6,10,database/033_sprint6_act9_13_runtime.sql:L40@s6_submit_group_choice[INSERT positional/all columns]{POSITIONAL_WRITE} ; database/033_sprint6_act9_13_runtime.sql:L49@s6_submit_private_choice[INSERT positional/all columns]{POSITIONAL_WRITE} ; database/034_sprint6_contract_hardening.sql:L10@s6_submit_group_choice[INSERT positional/all columns]{POSITIONAL_WRITE} ; database/034_sprint6_contract_hardening.sql:L20@s6_submit_private_choice[INSERT positional/all columns]{POSITIONAL_WRITE} ; database/035_sprint6_focused_audit_corrections.sql:L46@s6_submit_group_choice_guarded[INSERT positional/all columns]{POSITIONAL_WRITE} ; database/035_sprint6_focused_audit_corrections.sql:L57@s6_submit_private_choice_guarded[INSERT positional/all columns]{POSITIONAL_WRITE},database/033_sprint6_act9_13_runtime.sql:L39@s6_submit_group_choice[qualified/rowtype field reference] ; database/034_sprint6_contract_hardening.sql:L25@s6_get_player_state[qualified/rowtype field reference] ; database/034_sprint6_contract_hardening.sql:L6@s6_submit_group_choice[qualified/rowtype field reference] ; database/035_sprint6_focused_audit_corrections.sql:L72@s6_get_player_state[qualified/rowtype field reference] ; database/036_sprint6_four_open_findings.sql:L29@s6_get_player_state[qualified/rowtype field reference] ; database/037_level3_independent_audit_closure.sql:L179@s6_get_player_state[qualified/rowtype field reference] ; database/049_sprint8_final_closure.sql:L116@s8_verify_integrity[qualified/rowtype field reference] ; database/065_package_b_player_wait_projection.sql:L11@s9_get_player_wait_state[SELECT * INTO row] ; database/066_package_b_wait_projection_locked_at_fix.sql:L11@s9_get_player_wait_state[SELECT * INTO row] ; database/067_package_b_allocation_progress_fix.sql:L11@s9_get_player_wait_state[SELECT * INTO row],PENDING,,,
SN011,choice_label,runtime_player_decisions#11,F0145,runtime_player_decisions,11,database/002_runtime_runs_discussion.sql,80,4,11,database/002_runtime_runs_discussion.sql:L656@s2_submit_vote[INSERT explicit column]{DIRECT_OR_COMPUTED} ; database/003_sprint2_discussionroom_audit_fix.sql:L202@s2_submit_vote[INSERT explicit column]{DIRECT_OR_COMPUTED} ; database/004_sprint2_fallback_resolution_semantics.sql:L55@s2_submit_vote[INSERT explicit column]{DIRECT_OR_COMPUTED} ; database/013_sprint3b_discussion_authority_and_request_identity.sql:L327@s2_submit_vote[INSERT explicit column]{DIRECT_OR_COMPUTED},database/002_runtime_runs_discussion.sql:L1009@s2_get_teacher_state[qualified/rowtype field reference] ; database/002_runtime_runs_discussion.sql:L858@s2_get_player_state[qualified/rowtype field reference] ; database/002_runtime_runs_discussion.sql:L871@s2_get_player_state[qualified/rowtype field reference] ; database/002_runtime_runs_discussion.sql:L886@s2_get_player_state[qualified/rowtype field reference] ; database/002_runtime_runs_discussion.sql:L908@s2_get_player_state[qualified/rowtype field reference] ; database/003_sprint2_discussionroom_audit_fix.sql:L405@s2_get_player_state[qualified/rowtype field reference] ; database/003_sprint2_discussionroom_audit_fix.sql:L418@s2_get_player_state[qualified/rowtype field reference] ; database/003_sprint2_discussionroom_audit_fix.sql:L433@s2_get_player_state[qualified/rowtype field reference] ; database/003_sprint2_discussionroom_audit_fix.sql:L455@s2_get_player_state[qualified/rowtype field reference] ; database/003_sprint2_discussionroom_audit_fix.sql:L558@s2_get_teacher_state[qualified/rowtype field reference] ; database/013_sprint3b_discussion_authority_and_request_identity.sql:L314@s2_submit_vote[SELECT * INTO row],PENDING,,,
SN011,choice_label,s1_player_decisions#07,F0161,s1_player_decisions,7,database/001_sprint1_core.sql,67,1,2,database/001_sprint1_core.sql:L381@s1_submit_private_choice[INSERT explicit column]{DIRECT_OR_COMPUTED},database/001_sprint1_core.sql:L301@s1_get_player_state[to_jsonb(row) exposes field] ; database/001_sprint1_core.sql:L315@s1_get_player_state[qualified/rowtype field reference],PENDING,,,
SN011,choice_label,s1_scene_choices#03,F0181,s1_scene_choices,3,database/001_sprint1_core.sql,48,1,0,database/001_sprint1_core.sql:L92@TOP_LEVEL[INSERT explicit column]{DIRECT_OR_COMPUTED},,PENDING,,,
SN012,cinematic_stage,s6_audio_occurrences#05,F0350,s6_audio_occurrences,5,database/037_level3_independent_audit_closure.sql,26,1,1,database/037_level3_independent_audit_closure.sql:L63@act6_13_prepare_s6_state[INSERT explicit column]{DIRECT_OR_COMPUTED},database/037_level3_independent_audit_closure.sql:L170@s6_mark_audio_consumed[SELECT * INTO row],PENDING,,,
SN012,cinematic_stage,s6_run_state#21,F0392,s6_run_state,21,database/035_sprint6_focused_audit_corrections.sql,6,3,18,database/035_sprint6_focused_audit_corrections.sql:L57@s6_submit_private_choice_guarded[UPDATE SET]{DIRECT_OR_COMPUTED} ; database/035_sprint6_focused_audit_corrections.sql:L69@s6_tick_cinematic[UPDATE SET]{DIRECT_OR_COMPUTED} ; database/036_sprint6_four_open_findings.sql:L27@s6_tick_cinematic[UPDATE SET]{DIRECT_OR_COMPUTED},database/033_sprint6_act9_13_runtime.sql:L57@s6_get_player_state[to_jsonb(row) exposes field] ; database/034_sprint6_contract_hardening.sql:L25@s6_get_player_state[to_jsonb(row) exposes field] ; database/035_sprint6_focused_audit_corrections.sql:L69@s6_tick_cinematic[qualified/rowtype field reference] ; database/035_sprint6_focused_audit_corrections.sql:L72@s6_get_player_state[to_jsonb(row) exposes field] ; database/036_sprint6_four_open_findings.sql:L27@s6_tick_cinematic[qualified/rowtype field reference] ; database/036_sprint6_four_open_findings.sql:L29@s6_get_player_state[to_jsonb(row) exposes field] ; database/037_level3_independent_audit_closure.sql:L144@s6_refresh_owned_discussion[SELECT * INTO row] ; database/037_level3_independent_audit_closure.sql:L179@s6_get_player_state[to_jsonb(row) exposes field] ; database/037_level3_independent_audit_closure.sql:L74@act6_13_capture_s6_transition[OLD.field trigger reference] ; database/043_sprint7_teacher_console.sql:L36@s7_get_teacher_console[SELECT * INTO row] ; database/044_sprint7_focused_level1_corrections.sql:L25@s7_get_teacher_console[SELECT * INTO row] ; database/046_sprint8_act14_finalization_export.sql:L34@s8_finalize[SELECT * INTO row] ; database/048_sprint8_focused_level1_corrections.sql:L33@s8_finalize[SELECT * INTO row] ; database/049_sprint8_final_closure.sql:L74@s8_verify_integrity[SELECT * INTO row] ; database/054_level3_integrated_closure.sql:L129@s8_verify_integrity[SELECT * INTO row] ; database/065_package_b_player_wait_projection.sql:L9@s9_get_player_wait_state[SELECT * INTO row] ; database/066_package_b_wait_projection_locked_at_fix.sql:L9@s9_get_player_wait_state[SELECT * INTO row] ; database/067_package_b_allocation_progress_fix.sql:L9@s9_get_player_wait_state[SELECT * INTO row],PENDING,,,
SN013,client_request_id,dialogue_messages#10,F0072,dialogue_messages,10,database/013_sprint3b_discussion_authority_and_request_identity.sql,23,2,4,database/013_sprint3b_discussion_authority_and_request_identity.sql:L246@s2_send_message[INSERT explicit column]{DIRECT_OR_COMPUTED} ; database/030_sprint5_exact_session_messages.sql:L12@s5_send_message[INSERT explicit column]{DIRECT_OR_COMPUTED},database/013_sprint3b_discussion_authority_and_request_identity.sql:L223@s2_send_message[SELECT * INTO row] ; database/013_sprint3b_discussion_authority_and_request_identity.sql:L232@s2_send_message[qualified/rowtype field reference] ; database/013_sprint3b_discussion_authority_and_request_identity.sql:L261@s2_send_message[qualified/rowtype field reference] ; database/030_sprint5_exact_session_messages.sql:L9@s5_send_message[SELECT * INTO row],PENDING,,,
SN013,client_request_id,runtime_events#16,F0134,runtime_events,16,database/014_sprint3b_evidence_and_puzzle_integrity.sql,53,8,1,database/014_sprint3b_evidence_and_puzzle_integrity.sql:L114@s2_log_event[INSERT explicit column]{DIRECT_OR_COMPUTED} ; database/014_sprint3b_evidence_and_puzzle_integrity.sql:L154@s3b_log_formal_event[INSERT explicit column]{DIRECT_OR_COMPUTED} ; database/014b_sprint3b_targeted_closure_corrections.sql:L63@s3b_log_formal_event_at_context[INSERT explicit column]{DIRECT_OR_COMPUTED} ; database/015_sprint3c_minimal_safe_teacher_override.sql:L53@s3b_log_formal_event_at_context[INSERT explicit column]{DIRECT_OR_COMPUTED} ; database/016_sprint3c_level1_narrow_corrections.sql:L65@s2_log_event[INSERT explicit column]{DIRECT_OR_COMPUTED} ; database/046_sprint8_act14_finalization_export.sql:L57@s8_finalize[INSERT explicit column]{DIRECT_OR_COMPUTED} ; database/048_sprint8_focused_level1_corrections.sql:L73@s8_finalize[INSERT explicit column]{DIRECT_OR_COMPUTED} ; database/049_sprint8_final_closure.sql:L170@s8_finalize[INSERT explicit column]{DIRECT_OR_COMPUTED},database/014b_sprint3b_targeted_closure_corrections.sql:L174@s2_get_teacher_state[qualified/rowtype field reference],PENDING,,,
SN013,client_request_id,s3b_library_attempts#07,F0241,s3b_library_attempts,7,database/014_sprint3b_evidence_and_puzzle_integrity.sql,39,2,1,database/007_sprint3b_act1_5_placeholder_flow.sql:L223@s3b_submit_library_code[INSERT positional/all columns]{POSITIONAL_WRITE} ; database/014_sprint3b_evidence_and_puzzle_integrity.sql:L424@s3b_submit_library_code[INSERT explicit column]{DIRECT_OR_COMPUTED},database/014_sprint3b_evidence_and_puzzle_integrity.sql:L389@s3b_submit_library_code[SELECT * INTO row],PENDING,,,
SN013,client_request_id,s5_act8_private_choices#04,F0295,s5_act8_private_choices,4,database/027_sprint5_act6_8_runtime.sql,24,1,1,database/027_sprint5_act6_8_runtime.sql:L81@s5_submit_private_choice[INSERT explicit column]{DIRECT_OR_COMPUTED},database/027_sprint5_act6_8_runtime.sql:L79@s5_submit_private_choice[SELECT * INTO row],PENDING,,,
SN013,client_request_id,s5_votes#06,F0321,s5_votes,6,database/027_sprint5_act6_8_runtime.sql,12,1,1,database/027_sprint5_act6_8_runtime.sql:L52@s5_submit_vote[INSERT explicit column]{DIRECT_OR_COMPUTED},database/027_sprint5_act6_8_runtime.sql:L48@s5_submit_vote[SELECT * INTO row],PENDING,,,
SN013,client_request_id,s6_allocations#04,F0340,s6_allocations,4,database/033_sprint6_act9_13_runtime.sql,16,3,0,database/033_sprint6_act9_13_runtime.sql:L53@s6_submit_allocation[INSERT positional/all columns]{POSITIONAL_WRITE} ; database/034_sprint6_contract_hardening.sql:L23@s6_submit_allocation[INSERT positional/all columns]{POSITIONAL_WRITE} ; database/035_sprint6_focused_audit_corrections.sql:L61@s6_submit_allocation_guarded[INSERT positional/all columns]{POSITIONAL_WRITE},,PENDING,,,
SN013,client_request_id,s6_choices#06,F0357,s6_choices,6,database/033_sprint6_act9_13_runtime.sql,15,6,3,database/033_sprint6_act9_13_runtime.sql:L40@s6_submit_group_choice[INSERT positional/all columns]{POSITIONAL_WRITE} ; database/033_sprint6_act9_13_runtime.sql:L49@s6_submit_private_choice[INSERT positional/all columns]{POSITIONAL_WRITE} ; database/034_sprint6_contract_hardening.sql:L10@s6_submit_group_choice[INSERT positional/all columns]{POSITIONAL_WRITE} ; database/034_sprint6_contract_hardening.sql:L20@s6_submit_private_choice[INSERT positional/all columns]{POSITIONAL_WRITE} ; database/035_sprint6_focused_audit_corrections.sql:L46@s6_submit_group_choice_guarded[INSERT positional/all columns]{POSITIONAL_WRITE} ; database/035_sprint6_focused_audit_corrections.sql:L57@s6_submit_private_choice_guarded[INSERT positional/all columns]{POSITIONAL_WRITE},database/065_package_b_player_wait_projection.sql:L11@s9_get_player_wait_state[SELECT * INTO row] ; database/066_package_b_wait_projection_locked_at_fix.sql:L11@s9_get_player_wait_state[SELECT * INTO row] ; database/067_package_b_allocation_progress_fix.sql:L11@s9_get_player_wait_state[SELECT * INTO row],PENDING,,,
SN013,client_request_id,s8_finalizations#04,F0408,s8_finalizations,4,database/046_sprint8_act14_finalization_export.sql,13,3,7,database/046_sprint8_act14_finalization_export.sql:L54@s8_finalize[INSERT explicit column]{DIRECT_OR_COMPUTED} ; database/048_sprint8_focused_level1_corrections.sql:L70@s8_finalize[INSERT explicit column]{DIRECT_OR_COMPUTED} ; database/049_sprint8_final_closure.sql:L166@s8_finalize[INSERT explicit column]{DIRECT_OR_COMPUTED},database/046_sprint8_act14_finalization_export.sql:L28@s8_finalize[SELECT * INTO row] ; database/046_sprint8_act14_finalization_export.sql:L30@s8_finalize[qualified/rowtype field reference] ; database/046_sprint8_act14_finalization_export.sql:L67@s8_get_player_state[SELECT * INTO row] ; database/048_sprint8_focused_level1_corrections.sql:L26@s8_finalize[SELECT * INTO row] ; database/048_sprint8_focused_level1_corrections.sql:L30@s8_finalize[SELECT * INTO row] ; database/048_sprint8_focused_level1_corrections.sql:L85@s8_get_player_state[SELECT * INTO row] ; database/049_sprint8_final_closure.sql:L158@s8_finalize[SELECT * INTO row],PENDING,,,
SN014,completed_at,game_runs#17,F0118,game_runs,17,database/046_sprint8_act14_finalization_export.sql,7,3,36,database/046_sprint8_act14_finalization_export.sql:L56@s8_finalize[UPDATE SET]{DIRECT_OR_COMPUTED} ; database/048_sprint8_focused_level1_corrections.sql:L72@s8_finalize[UPDATE SET]{DIRECT_OR_COMPUTED} ; database/049_sprint8_final_closure.sql:L169@s8_finalize[UPDATE SET]{DIRECT_OR_COMPUTED},database/002_runtime_runs_discussion.sql:L262@s2_open_discussion[SELECT * INTO row] ; database/002_runtime_runs_discussion.sql:L398@s2_refresh_discussion[SELECT * INTO row] ; database/003_sprint2_discussionroom_audit_fix.sql:L45@s2_open_discussion[SELECT * INTO row] ; database/013_sprint3b_discussion_authority_and_request_identity.sql:L291@s2_submit_vote[SELECT * INTO row] ; database/013_sprint3b_discussion_authority_and_request_identity.sql:L61@s2_open_discussion[SELECT * INTO row] ; database/013_sprint3b_discussion_authority_and_request_identity.sql:L91@s3b_apply_resolved_discussion_internal[SELECT * INTO row] ; database/014_sprint3b_evidence_and_puzzle_integrity.sql:L386@s3b_submit_library_code[SELECT * INTO row] ; database/014_sprint3b_evidence_and_puzzle_integrity.sql:L466@s3b_submit_post_inspection_route_vote[SELECT * INTO row] ; database/014a_sprint3b_inspect_reconnect_idempotency_fix.sql:L17@s3b_apply_resolved_discussion_internal[SELECT * INTO row] ; database/014b_sprint3b_targeted_closure_corrections.sql:L106@s3b_complete_act1[SELECT * INTO row] ; database/014b_sprint3b_targeted_closure_corrections.sql:L112@s3b_submit_first_meeting[SELECT * INTO row] ; database/014b_sprint3b_targeted_closure_corrections.sql:L121@s3b_grab[SELECT * INTO row] ; database/014b_sprint3b_targeted_closure_corrections.sql:L126@s3b_leave_start_room[SELECT * INTO row] ; database/014b_sprint3b_targeted_closure_corrections.sql:L131@s3b_ack_route_update[SELECT * INTO row] ; database/014b_sprint3b_targeted_closure_corrections.sql:L136@s3b_complete_foldback[SELECT * INTO row] ; database/014b_sprint3b_targeted_closure_corrections.sql:L141@s3b_follow_sign[SELECT * INTO row] ; database/014b_sprint3b_targeted_closure_corrections.sql:L147@s3b_submit_act4_choice[SELECT * INTO row] ; database/014b_sprint3b_targeted_closure_corrections.sql:L18@s3b_initialize_flow[SELECT * INTO row] ; database/014b_sprint3b_targeted_closure_corrections.sql:L194@s3b_audit_set_private_debug_view[SELECT * INTO row] ; database/014b_sprint3b_targeted_closure_corrections.sql:L83@s3b_ack_act1_opening[SELECT * INTO row] ; database/014b_sprint3b_targeted_closure_corrections.sql:L94@s3b_submit_act1_choice[SELECT * INTO row] ; database/015_sprint3c_minimal_safe_teacher_override.sql:L69@teacher_apply_override[SELECT * INTO row] ; database/017_sprint3c_override_act2_entry_correction.sql:L20@s3b_submit_first_meeting[SELECT * INTO row] ; database/043_sprint7_teacher_console.sql:L14@s7_set_audit_private_debug[SELECT * INTO row] ; database/043_sprint7_teacher_console.sql:L33@s7_get_teacher_console[SELECT * INTO row] ; database/044_sprint7_focused_level1_corrections.sql:L22@s7_get_teacher_console[SELECT * INTO row] ; database/046_sprint8_act14_finalization_export.sql:L89@s8_export_session[qualified/rowtype field reference] ; database/047_sprint8_export_completeness.sql:L12@s8_export_session[qualified/rowtype field reference] ; database/048_sprint8_focused_level1_corrections.sql:L108@s8_export_session[qualified/rowtype field reference] ; database/048_sprint8_focused_level1_corrections.sql:L10@s8_latest_completed_run[qualified/rowtype field reference] ; database/048_sprint8_focused_level1_corrections.sql:L22@s8_finalize[SELECT * INTO row] ; database/049_sprint8_final_closure.sql:L156@s8_finalize[SELECT * INTO row] ; database/049_sprint8_final_closure.sql:L70@s8_verify_integrity[SELECT * INTO row] ; database/054_level3_integrated_closure.sql:L154@s8_latest_completed_run[qualified/rowtype field reference] ; database/054_level3_integrated_closure.sql:L164@s8_get_finalization_state[qualified/rowtype field reference] ; database/054_level3_integrated_closure.sql:L20@teacher_apply_override[SELECT * INTO row],PENDING,,,
SN014,completed_at,s5_run_state#08,F0313,s5_run_state,8,database/027_sprint5_act6_8_runtime.sql,7,1,19,database/027_sprint5_act6_8_runtime.sql:L74@s5_advance[UPDATE SET]{DIRECT_OR_COMPUTED},database/027_sprint5_act6_8_runtime.sql:L47@s5_submit_vote[SELECT * INTO row] ; database/027_sprint5_act6_8_runtime.sql:L71@s5_advance[SELECT * INTO row] ; database/027_sprint5_act6_8_runtime.sql:L79@s5_submit_private_choice[SELECT * INTO row] ; database/027_sprint5_act6_8_runtime.sql:L86@s5_get_player_state[SELECT * INTO row] ; database/027_sprint5_act6_8_runtime.sql:L89@s5_get_player_state[to_jsonb(row) exposes field] ; database/029_sprint5_canonical_discussion_localization.sql:L57@s5_submit_vote[SELECT * INTO row] ; database/029_sprint5_canonical_discussion_localization.sql:L73@s5_advance[SELECT * INTO row] ; database/029_sprint5_canonical_discussion_localization.sql:L79@s5_submit_private_choice[SELECT * INTO row] ; database/029_sprint5_canonical_discussion_localization.sql:L85@s5_get_player_state[SELECT * INTO row] ; database/029_sprint5_canonical_discussion_localization.sql:L89@s5_get_discussion_state[SELECT * INTO row] ; database/029_sprint5_canonical_discussion_localization.sql:L98@s5_audit_expire_discussion[SELECT * INTO row] ; database/030_sprint5_exact_session_messages.sql:L8@s5_send_message[SELECT * INTO row] ; database/043_sprint7_teacher_console.sql:L37@s7_get_teacher_console[SELECT * INTO row] ; database/044_sprint7_focused_level1_corrections.sql:L26@s7_get_teacher_console[SELECT * INTO row] ; database/049_sprint8_final_closure.sql:L73@s8_verify_integrity[SELECT * INTO row] ; database/054_level3_integrated_closure.sql:L129@s8_verify_integrity[SELECT * INTO row] ; database/059_structural_lifecycle_transition_spine.sql:L64@s9_enter_act6[SELECT * INTO row] ; database/061_package_a_act6_entry_timer_barrier.sql:L57@s9_enter_act6[SELECT * INTO row] ; database/063_package_a_player_entry_column_fix.sql:L32@s9_enter_act6[SELECT * INTO row],PENDING,,,
SN014,completed_at,s6_station_tasks#05,F0404,s6_station_tasks,5,database/035_sprint6_focused_audit_corrections.sql,21,2,0,database/035_sprint6_focused_audit_corrections.sql:L63@s6_complete_station_guarded[INSERT positional/all columns]{POSITIONAL_WRITE} ; database/036_sprint6_four_open_findings.sql:L25@s6_complete_station_v2[INSERT positional/all columns]{POSITIONAL_WRITE},,PENDING,,,
SN015,continuity_refs,asset_candidates#26,F0035,asset_candidates,26,database/018_sprint4_asset_manager_v2.sql,15,4,17,database/018_sprint4_asset_manager_v2.sql:L48@asset_manager_register_candidate[INSERT explicit column]{DIRECT_OR_COMPUTED} ; database/019_sprint4_teacher_authority_correction.sql:L48@asset_manager_register_candidate[INSERT explicit column]{DIRECT_OR_COMPUTED} ; database/024_sprint4_level1_narrow_corrections.sql:L39@asset_manager_import_candidate[INSERT explicit column]{DIRECT_OR_COMPUTED} ; database/025_sprint4_two_narrow_blockers.sql:L25@asset_manager_import_candidate[INSERT explicit column]{DIRECT_OR_COMPUTED},database/018_sprint4_asset_manager_v2.sql:L57@asset_manager_review[SELECT * INTO row] ; database/018_sprint4_asset_manager_v2.sql:L64@asset_manager_mark_published[SELECT * INTO row] ; database/018_sprint4_asset_manager_v2.sql:L70@asset_manager_activate[SELECT * INTO row] ; database/018_sprint4_asset_manager_v2.sql:L77@asset_resolve[SELECT * INTO row] ; database/018_sprint4_asset_manager_v2.sql:L81@asset_manager_state[to_jsonb(row) exposes field] ; database/019_sprint4_teacher_authority_correction.sql:L57@asset_manager_review[SELECT * INTO row] ; database/019_sprint4_teacher_authority_correction.sql:L64@asset_manager_mark_published[SELECT * INTO row] ; database/019_sprint4_teacher_authority_correction.sql:L70@asset_manager_activate[SELECT * INTO row] ; database/019_sprint4_teacher_authority_correction.sql:L77@asset_resolve[SELECT * INTO row] ; database/019_sprint4_teacher_authority_correction.sql:L81@asset_manager_state[to_jsonb(row) exposes field] ; database/021_sprint4_anchor_and_activation_controls.sql:L20@asset_manager_rollback[SELECT * INTO row] ; database/021_sprint4_anchor_and_activation_controls.sql:L8@asset_manager_save_anchors[SELECT * INTO row] ; database/022_sprint4_paired_activation_gate.sql:L10@asset_manager_activate[SELECT * INTO row] ; database/023_sprint4_rollback_state_correction.sql:L8@asset_manager_rollback[SELECT * INTO row] ; database/024_sprint4_level1_narrow_corrections.sql:L38@asset_manager_import_candidate[SELECT * INTO row] ; database/024_sprint4_level1_narrow_corrections.sql:L41@asset_manager_submit_for_review[SELECT * INTO row] ; database/025_sprint4_two_narrow_blockers.sql:L13@asset_manager_import_candidate[SELECT * INTO row],PENDING,,,
SN015,continuity_refs,asset_registry_projection#09,F0057,asset_registry_projection,9,database/018_sprint4_asset_manager_v2.sql,4,3,14,database/018_sprint4_asset_manager_v2.sql:L31@asset_manager_sync_registry[INSERT explicit column]{DIRECT_OR_COMPUTED} ; database/019_sprint4_teacher_authority_correction.sql:L31@asset_manager_sync_registry[INSERT explicit column]{DIRECT_OR_COMPUTED} ; database/024_sprint4_level1_narrow_corrections.sql:L28@asset_manager_sync_registry[INSERT explicit column]{DIRECT_OR_COMPUTED},database/018_sprint4_asset_manager_v2.sql:L44@asset_manager_register_candidate[SELECT * INTO row] ; database/018_sprint4_asset_manager_v2.sql:L49@asset_manager_register_candidate[qualified/rowtype field reference] ; database/018_sprint4_asset_manager_v2.sql:L70@asset_manager_activate[SELECT * INTO row] ; database/018_sprint4_asset_manager_v2.sql:L76@asset_resolve[SELECT * INTO row] ; database/018_sprint4_asset_manager_v2.sql:L81@asset_manager_state[to_jsonb(row) exposes field] ; database/019_sprint4_teacher_authority_correction.sql:L44@asset_manager_register_candidate[SELECT * INTO row] ; database/019_sprint4_teacher_authority_correction.sql:L49@asset_manager_register_candidate[qualified/rowtype field reference] ; database/019_sprint4_teacher_authority_correction.sql:L70@asset_manager_activate[SELECT * INTO row] ; database/019_sprint4_teacher_authority_correction.sql:L76@asset_resolve[SELECT * INTO row] ; database/019_sprint4_teacher_authority_correction.sql:L81@asset_manager_state[to_jsonb(row) exposes field] ; database/024_sprint4_level1_narrow_corrections.sql:L37@asset_manager_import_candidate[SELECT * INTO row] ; database/024_sprint4_level1_narrow_corrections.sql:L40@asset_manager_import_candidate[qualified/rowtype field reference] ; database/025_sprint4_two_narrow_blockers.sql:L26@asset_manager_import_candidate[qualified/rowtype field reference] ; database/025_sprint4_two_narrow_blockers.sql:L9@asset_manager_import_candidate[SELECT * INTO row],PENDING,,,
SN016,created_at,asset_candidates#12,F0021,asset_candidates,12,database/018_sprint4_asset_manager_v2.sql,13,0,17,,database/018_sprint4_asset_manager_v2.sql:L57@asset_manager_review[SELECT * INTO row] ; database/018_sprint4_asset_manager_v2.sql:L64@asset_manager_mark_published[SELECT * INTO row] ; database/018_sprint4_asset_manager_v2.sql:L70@asset_manager_activate[SELECT * INTO row] ; database/018_sprint4_asset_manager_v2.sql:L77@asset_resolve[SELECT * INTO row] ; database/018_sprint4_asset_manager_v2.sql:L81@asset_manager_state[to_jsonb(row) exposes field] ; database/019_sprint4_teacher_authority_correction.sql:L57@asset_manager_review[SELECT * INTO row] ; database/019_sprint4_teacher_authority_correction.sql:L64@asset_manager_mark_published[SELECT * INTO row] ; database/019_sprint4_teacher_authority_correction.sql:L70@asset_manager_activate[SELECT * INTO row] ; database/019_sprint4_teacher_authority_correction.sql:L77@asset_resolve[SELECT * INTO row] ; database/019_sprint4_teacher_authority_correction.sql:L81@asset_manager_state[to_jsonb(row) exposes field] ; database/021_sprint4_anchor_and_activation_controls.sql:L20@asset_manager_rollback[SELECT * INTO row] ; database/021_sprint4_anchor_and_activation_controls.sql:L8@asset_manager_save_anchors[SELECT * INTO row] ; database/022_sprint4_paired_activation_gate.sql:L10@asset_manager_activate[SELECT * INTO row] ; database/023_sprint4_rollback_state_correction.sql:L8@asset_manager_rollback[SELECT * INTO row] ; database/024_sprint4_level1_narrow_corrections.sql:L38@asset_manager_import_candidate[SELECT * INTO row] ; database/024_sprint4_level1_narrow_corrections.sql:L41@asset_manager_submit_for_review[SELECT * INTO row] ; database/025_sprint4_two_narrow_blockers.sql:L13@asset_manager_import_candidate[SELECT * INTO row],PENDING,,,
SN016,created_at,asset_events#06,F0044,asset_events,6,database/018_sprint4_asset_manager_v2.sql,20,9,1,database/018_sprint4_asset_manager_v2.sql:L50@asset_manager_register_candidate[INSERT positional/all columns]{POSITIONAL_WRITE} ; database/018_sprint4_asset_manager_v2.sql:L60@asset_manager_review[INSERT positional/all columns]{POSITIONAL_WRITE} ; database/018_sprint4_asset_manager_v2.sql:L66@asset_manager_mark_published[INSERT positional/all columns]{POSITIONAL_WRITE} ; database/018_sprint4_asset_manager_v2.sql:L73@asset_manager_activate[INSERT positional/all columns]{POSITIONAL_WRITE} ; database/019_sprint4_teacher_authority_correction.sql:L50@asset_manager_register_candidate[INSERT positional/all columns]{POSITIONAL_WRITE} ; database/019_sprint4_teacher_authority_correction.sql:L60@asset_manager_review[INSERT positional/all columns]{POSITIONAL_WRITE} ; database/019_sprint4_teacher_authority_correction.sql:L66@asset_manager_mark_published[INSERT positional/all columns]{POSITIONAL_WRITE} ; database/019_sprint4_teacher_authority_correction.sql:L73@asset_manager_activate[INSERT positional/all columns]{POSITIONAL_WRITE} ; database/021_sprint4_anchor_and_activation_controls.sql:L13@asset_manager_save_anchors[INSERT positional/all columns]{POSITIONAL_WRITE},database/058_sprint9_active_asset_load_failure_telemetry.sql:L25@asset_report_load_failure[qualified/rowtype field reference],PENDING,,,
SN016,created_at,asset_manager_reviewers#04,F0048,asset_manager_reviewers,4,database/024_sprint4_level1_narrow_corrections.sql,3,0,0,,,PENDING,,,
SN016,created_at,dialogue_messages#09,F0071,dialogue_messages,9,database/002_runtime_runs_discussion.sql,63,0,22,,database/002_runtime_runs_discussion.sql:L602@s2_send_message[qualified/rowtype field reference] ; database/002_runtime_runs_discussion.sql:L844@s2_get_player_state[qualified/rowtype field reference] ; database/002_runtime_runs_discussion.sql:L845@s2_get_player_state[qualified/rowtype field reference] ; database/002_runtime_runs_discussion.sql:L997@s2_get_teacher_state[qualified/rowtype field reference] ; database/002_runtime_runs_discussion.sql:L998@s2_get_teacher_state[qualified/rowtype field reference] ; database/003_sprint2_discussionroom_audit_fix.sql:L390@s2_get_player_state[qualified/rowtype field reference] ; database/003_sprint2_discussionroom_audit_fix.sql:L391@s2_get_player_state[qualified/rowtype field reference] ; database/003_sprint2_discussionroom_audit_fix.sql:L545@s2_get_teacher_state[qualified/rowtype field reference] ; database/003_sprint2_discussionroom_audit_fix.sql:L546@s2_get_teacher_state[qualified/rowtype field reference] ; database/003_sprint2_discussionroom_audit_fix.sql:L584@s2_get_teacher_state[qualified/rowtype field reference] ; database/003_sprint2_discussionroom_audit_fix.sql:L585@s2_get_teacher_state[qualified/rowtype field reference] ; database/013_sprint3b_discussion_authority_and_request_identity.sql:L223@s2_send_message[SELECT * INTO row] ; database/013_sprint3b_discussion_authority_and_request_identity.sql:L231@s2_send_message[qualified/rowtype field reference] ; database/013_sprint3b_discussion_authority_and_request_identity.sql:L260@s2_send_message[qualified/rowtype field reference] ; database/029_sprint5_canonical_discussion_localization.sql:L90@s5_get_discussion_state[qualified/rowtype field reference] ; database/030_sprint5_exact_session_messages.sql:L9@s5_send_message[SELECT * INTO row] ; database/031_sprint5_focused_reaudit_corrections.sql:L30@s5_get_teacher_discussion_state[qualified/rowtype field reference] ; database/035_sprint6_focused_audit_corrections.sql:L72@s6_get_player_state[qualified/rowtype field reference] ; database/036_sprint6_four_open_findings.sql:L29@s6_get_player_state[qualified/rowtype field reference] ; database/037_level3_independent_audit_closure.sql:L179@s6_get_player_state[qualified/rowtype field reference] ; database/043_sprint7_teacher_console.sql:L61@s7_get_teacher_console[qualified/rowtype field reference] ; database/044_sprint7_focused_level1_corrections.sql:L57@s7_get_teacher_console[qualified/rowtype field reference],PENDING,,,
SN016,created_at,game_runs#11,F0112,game_runs,11,database/002_runtime_runs_discussion.sql,15,0,30,,database/002_runtime_runs_discussion.sql:L262@s2_open_discussion[SELECT * INTO row] ; database/002_runtime_runs_discussion.sql:L398@s2_refresh_discussion[SELECT * INTO row] ; database/003_sprint2_discussionroom_audit_fix.sql:L45@s2_open_discussion[SELECT * INTO row] ; database/013_sprint3b_discussion_authority_and_request_identity.sql:L291@s2_submit_vote[SELECT * INTO row] ; database/013_sprint3b_discussion_authority_and_request_identity.sql:L61@s2_open_discussion[SELECT * INTO row] ; database/013_sprint3b_discussion_authority_and_request_identity.sql:L91@s3b_apply_resolved_discussion_internal[SELECT * INTO row] ; database/014_sprint3b_evidence_and_puzzle_integrity.sql:L386@s3b_submit_library_code[SELECT * INTO row] ; database/014_sprint3b_evidence_and_puzzle_integrity.sql:L466@s3b_submit_post_inspection_route_vote[SELECT * INTO row] ; database/014a_sprint3b_inspect_reconnect_idempotency_fix.sql:L17@s3b_apply_resolved_discussion_internal[SELECT * INTO row] ; database/014b_sprint3b_targeted_closure_corrections.sql:L106@s3b_complete_act1[SELECT * INTO row] ; database/014b_sprint3b_targeted_closure_corrections.sql:L112@s3b_submit_first_meeting[SELECT * INTO row] ; database/014b_sprint3b_targeted_closure_corrections.sql:L121@s3b_grab[SELECT * INTO row] ; database/014b_sprint3b_targeted_closure_corrections.sql:L126@s3b_leave_start_room[SELECT * INTO row] ; database/014b_sprint3b_targeted_closure_corrections.sql:L131@s3b_ack_route_update[SELECT * INTO row] ; database/014b_sprint3b_targeted_closure_corrections.sql:L136@s3b_complete_foldback[SELECT * INTO row] ; database/014b_sprint3b_targeted_closure_corrections.sql:L141@s3b_follow_sign[SELECT * INTO row] ; database/014b_sprint3b_targeted_closure_corrections.sql:L147@s3b_submit_act4_choice[SELECT * INTO row] ; database/014b_sprint3b_targeted_closure_corrections.sql:L18@s3b_initialize_flow[SELECT * INTO row] ; database/014b_sprint3b_targeted_closure_corrections.sql:L194@s3b_audit_set_private_debug_view[SELECT * INTO row] ; database/014b_sprint3b_targeted_closure_corrections.sql:L83@s3b_ack_act1_opening[SELECT * INTO row] ; database/014b_sprint3b_targeted_closure_corrections.sql:L94@s3b_submit_act1_choice[SELECT * INTO row] ; database/015_sprint3c_minimal_safe_teacher_override.sql:L69@teacher_apply_override[SELECT * INTO row] ; database/017_sprint3c_override_act2_entry_correction.sql:L20@s3b_submit_first_meeting[SELECT * INTO row] ; database/043_sprint7_teacher_console.sql:L14@s7_set_audit_private_debug[SELECT * INTO row] ; database/043_sprint7_teacher_console.sql:L33@s7_get_teacher_console[SELECT * INTO row] ; database/044_sprint7_focused_level1_corrections.sql:L22@s7_get_teacher_console[SELECT * INTO row] ; database/048_sprint8_focused_level1_corrections.sql:L22@s8_finalize[SELECT * INTO row] ; database/049_sprint8_final_closure.sql:L156@s8_finalize[SELECT * INTO row] ; database/049_sprint8_final_closure.sql:L70@s8_verify_integrity[SELECT * INTO row] ; database/054_level3_integrated_closure.sql:L20@teacher_apply_override[SELECT * INTO row],PENDING,,,
SN016,created_at,runtime_events#08,F0126,runtime_events,8,database/002_runtime_runs_discussion.sql,95,0,6,,database/002_runtime_runs_discussion.sql:L1034@s2_get_teacher_state[qualified/rowtype field reference] ; database/002_runtime_runs_discussion.sql:L1035@s2_get_teacher_state[qualified/rowtype field reference] ; database/003_sprint2_discussionroom_audit_fix.sql:L596@s2_get_teacher_state[qualified/rowtype field reference] ; database/003_sprint2_discussionroom_audit_fix.sql:L597@s2_get_teacher_state[qualified/rowtype field reference] ; database/014b_sprint3b_targeted_closure_corrections.sql:L174@s2_get_teacher_state[qualified/rowtype field reference] ; database/014b_sprint3b_targeted_closure_corrections.sql:L175@s2_get_teacher_state[qualified/rowtype field reference],PENDING,,,
SN016,created_at,s1_game_events#06,F0154,s1_game_events,6,database/001_sprint1_core.sql,78,0,0,,,PENDING,,,
SN016,created_at,s1_rooms#03,F0177,s1_rooms,3,database/001_sprint1_core.sql,15,0,0,,,PENDING,,,
SN016,created_at,s5_rounds#08,F0304,s5_rounds,8,database/027_sprint5_act6_8_runtime.sql,19,0,1,,database/027_sprint5_act6_8_runtime.sql:L49@s5_submit_vote[SELECT * INTO row],PENDING,,,
SN016,created_at,s6_action_receipts#07,F0329,s6_action_receipts,7,database/035_sprint6_focused_audit_corrections.sql,11,9,0,database/035_sprint6_focused_audit_corrections.sql:L40@s6_send_message_guarded[INSERT positional/all columns]{POSITIONAL_WRITE} ; database/035_sprint6_focused_audit_corrections.sql:L55@s6_submit_group_choice_guarded[INSERT positional/all columns]{POSITIONAL_WRITE} ; database/035_sprint6_focused_audit_corrections.sql:L57@s6_submit_private_choice_guarded[INSERT positional/all columns]{POSITIONAL_WRITE} ; database/035_sprint6_focused_audit_corrections.sql:L59@s6_advance_guarded[INSERT positional/all columns]{POSITIONAL_WRITE} ; database/035_sprint6_focused_audit_corrections.sql:L61@s6_submit_allocation_guarded[INSERT positional/all columns]{POSITIONAL_WRITE} ; database/035_sprint6_focused_audit_corrections.sql:L63@s6_complete_station_guarded[INSERT positional/all columns]{POSITIONAL_WRITE} ; database/035_sprint6_focused_audit_corrections.sql:L67@s6_engage_guarded[INSERT positional/all columns]{POSITIONAL_WRITE} ; database/036_sprint6_four_open_findings.sql:L16@s6_close_discussion_v2[INSERT positional/all columns]{POSITIONAL_WRITE} ; database/036_sprint6_four_open_findings.sql:L25@s6_complete_station_v2[INSERT positional/all columns]{POSITIONAL_WRITE},,PENDING,,,
SN016,created_at,teacher_overrides#12,F0432,teacher_overrides,12,database/015_sprint3c_minimal_safe_teacher_override.sql,15,11,7,database/015_sprint3c_minimal_safe_teacher_override.sql:L77@teacher_apply_override[INSERT positional/all columns]{POSITIONAL_WRITE} ; database/015_sprint3c_minimal_safe_teacher_override.sql:L90@teacher_apply_override[INSERT positional/all columns]{POSITIONAL_WRITE} ; database/015_sprint3c_minimal_safe_teacher_override.sql:L98@teacher_apply_override[INSERT positional/all columns]{POSITIONAL_WRITE} ; database/054_level3_integrated_closure.sql:L28@teacher_apply_override[INSERT positional/all columns]{POSITIONAL_WRITE} ; database/054_level3_integrated_closure.sql:L42@teacher_apply_override[INSERT positional/all columns]{POSITIONAL_WRITE} ; database/054_level3_integrated_closure.sql:L62@teacher_apply_override[INSERT positional/all columns]{POSITIONAL_WRITE} ; database/054_level3_integrated_closure.sql:L69@teacher_apply_override[INSERT positional/all columns]{POSITIONAL_WRITE} ; database/054_level3_integrated_closure.sql:L74@teacher_apply_override[INSERT positional/all columns]{POSITIONAL_WRITE} ; database/054_level3_integrated_closure.sql:L81@teacher_apply_override[INSERT positional/all columns]{POSITIONAL_WRITE} ; database/054_level3_integrated_closure.sql:L90@teacher_apply_override[INSERT positional/all columns]{POSITIONAL_WRITE} ; database/054_level3_integrated_closure.sql:L97@teacher_apply_override[INSERT positional/all columns]{POSITIONAL_WRITE},database/043_sprint7_teacher_console.sql:L81@s7_get_teacher_console[qualified/rowtype field reference] ; database/043_sprint7_teacher_console.sql:L81@s7_get_teacher_console[to_jsonb(row) exposes field] ; database/044_sprint7_focused_level1_corrections.sql:L65@s7_get_teacher_console[qualified/rowtype field reference] ; database/044_sprint7_focused_level1_corrections.sql:L65@s7_get_teacher_console[to_jsonb(row) exposes field] ; database/047_sprint8_export_completeness.sql:L35@s8_export_session[qualified/rowtype field reference] ; database/048_sprint8_focused_level1_corrections.sql:L119@s8_export_session[qualified/rowtype field reference] ; database/054_level3_integrated_closure.sql:L17@teacher_apply_override[qualified/rowtype field reference],PENDING,,,
SN017,decision_id,runtime_player_decisions#01,F0135,runtime_player_decisions,1,database/002_runtime_runs_discussion.sql,70,0,7,,database/002_runtime_runs_discussion.sql:L1005@s2_get_teacher_state[qualified/rowtype field reference] ; database/002_runtime_runs_discussion.sql:L1015@s2_get_teacher_state[qualified/rowtype field reference] ; database/003_sprint2_discussionroom_audit_fix.sql:L554@s2_get_teacher_state[qualified/rowtype field reference] ; database/003_sprint2_discussionroom_audit_fix.sql:L564@s2_get_teacher_state[qualified/rowtype field reference] ; database/013_sprint3b_discussion_authority_and_request_identity.sql:L314@s2_submit_vote[SELECT * INTO row] ; database/050_sprint8_act2_verifier_projection_fix.sql:L17@s8_verify_integrity[qualified/rowtype field reference] ; database/050_sprint8_act2_verifier_projection_fix.sql:L28@s8_verify_integrity[qualified/rowtype field reference],PENDING,,,
SN017,decision_id,s1_player_decisions#01,F0155,s1_player_decisions,1,database/001_sprint1_core.sql,61,0,1,,database/001_sprint1_core.sql:L301@s1_get_player_state[to_jsonb(row) exposes field],PENDING,,,
SN018,decision_type,runtime_player_decisions#09,F0143,runtime_player_decisions,9,database/002_runtime_runs_discussion.sql,78,4,11,database/002_runtime_runs_discussion.sql:L656@s2_submit_vote[INSERT explicit column]{DIRECT_OR_COMPUTED} ; database/003_sprint2_discussionroom_audit_fix.sql:L202@s2_submit_vote[INSERT explicit column]{DIRECT_OR_COMPUTED} ; database/004_sprint2_fallback_resolution_semantics.sql:L55@s2_submit_vote[INSERT explicit column]{DIRECT_OR_COMPUTED} ; database/013_sprint3b_discussion_authority_and_request_identity.sql:L327@s2_submit_vote[INSERT explicit column]{DIRECT_OR_COMPUTED},database/002_runtime_runs_discussion.sql:L1025@s2_get_teacher_state[qualified/rowtype field reference] ; database/002_runtime_runs_discussion.sql:L864@s2_get_player_state[qualified/rowtype field reference] ; database/002_runtime_runs_discussion.sql:L878@s2_get_player_state[qualified/rowtype field reference] ; database/002_runtime_runs_discussion.sql:L895@s2_get_player_state[qualified/rowtype field reference] ; database/002_runtime_runs_discussion.sql:L913@s2_get_player_state[qualified/rowtype field reference] ; database/003_sprint2_discussionroom_audit_fix.sql:L411@s2_get_player_state[qualified/rowtype field reference] ; database/003_sprint2_discussionroom_audit_fix.sql:L425@s2_get_player_state[qualified/rowtype field reference] ; database/003_sprint2_discussionroom_audit_fix.sql:L442@s2_get_player_state[qualified/rowtype field reference] ; database/003_sprint2_discussionroom_audit_fix.sql:L460@s2_get_player_state[qualified/rowtype field reference] ; database/003_sprint2_discussionroom_audit_fix.sql:L574@s2_get_teacher_state[qualified/rowtype field reference] ; database/013_sprint3b_discussion_authority_and_request_identity.sql:L314@s2_submit_vote[SELECT * INTO row],PENDING,,,
SN018,decision_type,s1_player_decisions#05,F0159,s1_player_decisions,5,database/001_sprint1_core.sql,65,1,3,database/001_sprint1_core.sql:L381@s1_submit_private_choice[INSERT explicit column]{DIRECT_OR_COMPUTED},database/001_sprint1_core.sql:L301@s1_get_player_state[to_jsonb(row) exposes field] ; database/001_sprint1_core.sql:L307@s1_get_player_state[qualified/rowtype field reference] ; database/001_sprint1_core.sql:L323@s1_get_player_state[qualified/rowtype field reference],PENDING,,,
SN018,decision_type,s3b_post_inspection_route_votes#06,F0273,s3b_post_inspection_route_votes,6,database/014_sprint3b_evidence_and_puzzle_integrity.sql,79,0,1,,database/014_sprint3b_evidence_and_puzzle_integrity.sql:L470@s3b_submit_post_inspection_route_vote[SELECT * INTO row],PENDING,,,
SN019,delivered_at,s3_player_knowledge#09,F0210,s3_player_knowledge,9,database/005_sprint3a_scene_pocket_knowledge_foundation.sql,57,0,3,,database/005_sprint3a_scene_pocket_knowledge_foundation.sql:L239@s3_get_player_state[to_jsonb(row) exposes field] ; database/006_sprint3a_provenance_view_integrity_fix.sql:L148@s3_get_player_state[to_jsonb(row) exposes field] ; database/068_package_c_authoritative_pocket_inspection.sql:L76@s3_get_player_state[to_jsonb(row) exposes field],PENDING,,,
SN019,delivered_at,s6_private_clues#06,F0371,s6_private_clues,6,database/033_sprint6_act9_13_runtime.sql,14,1,0,database/033_sprint6_act9_13_runtime.sql:L30@s6_deliver_clues[INSERT positional/all columns]{POSITIONAL_WRITE},,PENDING,,,
SN020,details,act6_13_event_ledger#08,F0008,act6_13_event_ledger,8,database/037_level3_independent_audit_closure.sql,14,5,1,database/037_level3_independent_audit_closure.sql:L151@s6_refresh_owned_discussion[INSERT explicit column]{DIRECT_OR_COMPUTED} ; database/037_level3_independent_audit_closure.sql:L174@s6_mark_audio_consumed[INSERT explicit column]{DIRECT_OR_COMPUTED} ; database/037_level3_independent_audit_closure.sql:L49@act6_13_capture_s5_transition[INSERT explicit column]{DIRECT_OR_COMPUTED} ; database/037_level3_independent_audit_closure.sql:L75@act6_13_capture_s6_transition[INSERT explicit column]{DIRECT_OR_COMPUTED} ; database/037_level3_independent_audit_closure.sql:L79@act6_13_capture_s6_transition[INSERT explicit column]{DIRECT_OR_COMPUTED},database/037_level3_independent_audit_closure.sql:L183@act6_13_get_timeline[to_jsonb(row) exposes field],PENDING,,,
SN020,details,asset_events#05,F0043,asset_events,5,database/018_sprint4_asset_manager_v2.sql,20,15,2,database/018_sprint4_asset_manager_v2.sql:L50@asset_manager_register_candidate[INSERT positional/all columns]{POSITIONAL_WRITE} ; database/018_sprint4_asset_manager_v2.sql:L60@asset_manager_review[INSERT positional/all columns]{POSITIONAL_WRITE} ; database/018_sprint4_asset_manager_v2.sql:L66@asset_manager_mark_published[INSERT positional/all columns]{POSITIONAL_WRITE} ; database/018_sprint4_asset_manager_v2.sql:L73@asset_manager_activate[INSERT positional/all columns]{POSITIONAL_WRITE} ; database/018_sprint4_asset_manager_v2.sql:L77@asset_resolve[INSERT explicit column]{DIRECT_OR_COMPUTED} ; database/019_sprint4_teacher_authority_correction.sql:L50@asset_manager_register_candidate[INSERT positional/all columns]{POSITIONAL_WRITE} ; database/019_sprint4_teacher_authority_correction.sql:L60@asset_manager_review[INSERT positional/all columns]{POSITIONAL_WRITE} ; database/019_sprint4_teacher_authority_correction.sql:L66@asset_manager_mark_published[INSERT positional/all columns]{POSITIONAL_WRITE} ; database/019_sprint4_teacher_authority_correction.sql:L73@asset_manager_activate[INSERT positional/all columns]{POSITIONAL_WRITE} ; database/019_sprint4_teacher_authority_correction.sql:L77@asset_resolve[INSERT explicit column]{DIRECT_OR_COMPUTED} ; database/021_sprint4_anchor_and_activation_controls.sql:L13@asset_manager_save_anchors[INSERT positional/all columns]{POSITIONAL_WRITE} ; database/025_sprint4_two_narrow_blockers.sql:L27@asset_manager_import_candidate[INSERT explicit column]{DIRECT_OR_COMPUTED} ; database/025_sprint4_two_narrow_blockers.sql:L53@asset_manager_transition_group[INSERT explicit column]{DIRECT_OR_COMPUTED} ; database/026_sprint4_group_target_and_registry_lock.sql:L35@asset_manager_transition_group[INSERT explicit column]{DIRECT_OR_COMPUTED} ; database/058_sprint9_active_asset_load_failure_telemetry.sql:L27@asset_report_load_failure[INSERT explicit column]{DIRECT_OR_COMPUTED},database/058_sprint9_active_asset_load_failure_telemetry.sql:L23@asset_report_load_failure[qualified/rowtype field reference] ; database/058_sprint9_active_asset_load_failure_telemetry.sql:L24@asset_report_load_failure[qualified/rowtype field reference],PENDING,,,
SN020,details,runtime_events#07,F0125,runtime_events,7,database/002_runtime_runs_discussion.sql,94,20,4,database/002_runtime_runs_discussion.sql:L158@s2_log_event[INSERT explicit column]{DIRECT_OR_COMPUTED} ; database/014_sprint3b_evidence_and_puzzle_integrity.sql:L114@s2_log_event[INSERT explicit column]{DIRECT_OR_COMPUTED} ; database/014_sprint3b_evidence_and_puzzle_integrity.sql:L154@s3b_log_formal_event[INSERT explicit column]{DIRECT_OR_COMPUTED} ; database/014_sprint3b_evidence_and_puzzle_integrity.sql:L214@s3b_set_scene[INSERT explicit column]{DIRECT_OR_COMPUTED} ; database/014b_sprint3b_targeted_closure_corrections.sql:L63@s3b_log_formal_event_at_context[INSERT explicit column]{DIRECT_OR_COMPUTED} ; database/015_sprint3c_minimal_safe_teacher_override.sql:L53@s3b_log_formal_event_at_context[INSERT explicit column]{DIRECT_OR_COMPUTED} ; database/015_sprint3c_minimal_safe_teacher_override.sql:L78@teacher_apply_override[INSERT explicit column]{DIRECT_OR_COMPUTED} ; database/015_sprint3c_minimal_safe_teacher_override.sql:L91@teacher_apply_override[INSERT explicit column]{DIRECT_OR_COMPUTED} ; database/015_sprint3c_minimal_safe_teacher_override.sql:L99@teacher_apply_override[INSERT explicit column]{DIRECT_OR_COMPUTED} ; database/016_sprint3c_level1_narrow_corrections.sql:L65@s2_log_event[INSERT explicit column]{DIRECT_OR_COMPUTED} ; database/043_sprint7_teacher_console.sql:L19@s7_set_audit_private_debug[INSERT explicit column]{DIRECT_OR_COMPUTED} ; database/045_sprint7_teacher_intervention_provenance.sql:L18@TOP_LEVEL[INSERT explicit column]{DIRECT_OR_COMPUTED} ; database/045_sprint7_teacher_intervention_provenance.sql:L26@s5_teacher_open_vote[INSERT explicit column]{DIRECT_OR_COMPUTED} ; database/045_sprint7_teacher_intervention_provenance.sql:L32@s5_teacher_add_time[INSERT explicit column]{DIRECT_OR_COMPUTED} ; database/045_sprint7_teacher_intervention_provenance.sql:L8@s7_mirror_teacher_discussion_event[INSERT explicit column]{DIRECT_OR_COMPUTED} ; database/046_sprint8_act14_finalization_export.sql:L57@s8_finalize[INSERT explicit column]{DIRECT_OR_COMPUTED} ; database/048_sprint8_focused_level1_corrections.sql:L73@s8_finalize[INSERT explicit column]{DIRECT_OR_COMPUTED} ; database/049_sprint8_final_closure.sql:L170@s8_finalize[INSERT explicit column]{DIRECT_OR_COMPUTED} ; database/054_level3_integrated_closure.sql:L102@teacher_apply_override[INSERT explicit column]{DIRECT_OR_COMPUTED} ; database/057_teacher_override_event_scope_consistency.sql:L23@teacher_apply_override[UPDATE SET]{DERIVED_OR_COPY},database/002_runtime_runs_discussion.sql:L1033@s2_get_teacher_state[qualified/rowtype field reference] ; database/003_sprint2_discussionroom_audit_fix.sql:L595@s2_get_teacher_state[qualified/rowtype field reference] ; database/014b_sprint3b_targeted_closure_corrections.sql:L174@s2_get_teacher_state[qualified/rowtype field reference] ; database/057_teacher_override_event_scope_consistency.sql:L23@teacher_apply_override[qualified/rowtype field reference],PENDING,,,
SN020,details,s1_game_events#05,F0153,s1_game_events,5,database/001_sprint1_core.sql,77,7,0,database/001_sprint1_core.sql:L190@s1_create_room[INSERT explicit column]{DIRECT_OR_COMPUTED} ; database/001_sprint1_core.sql:L233@s1_join_player[INSERT explicit column]{DIRECT_OR_COMPUTED} ; database/001_sprint1_core.sql:L384@s1_submit_private_choice[INSERT explicit column]{DIRECT_OR_COMPUTED} ; database/001_sprint1_core.sql:L400@s1_submit_private_choice[INSERT explicit column]{DIRECT_OR_COMPUTED} ; database/001_sprint1_core.sql:L512@s1_advance_scene[INSERT explicit column]{DIRECT_OR_COMPUTED} ; database/001_sprint1_core.sql:L552@s1_release_player_session[INSERT explicit column]{DIRECT_OR_COMPUTED} ; database/001_sprint1_core.sql:L577@s1_reset_room[INSERT explicit column]{DIRECT_OR_COMPUTED},,PENDING,,,
SN021,discovered_at,s3_player_observations#06,F0216,s3_player_observations,6,database/005_sprint3a_scene_pocket_knowledge_foundation.sql,44,0,3,,database/005_sprint3a_scene_pocket_knowledge_foundation.sql:L236@s3_get_player_state[to_jsonb(row) exposes field] ; database/006_sprint3a_provenance_view_integrity_fix.sql:L145@s3_get_player_state[to_jsonb(row) exposes field] ; database/068_package_c_authoritative_pocket_inspection.sql:L73@s3_get_player_state[to_jsonb(row) exposes field],PENDING,,,
SN021,discovered_at,s3b_player_facts#04,F0245,s3b_player_facts,4,database/009_sprint3b_act1_consequence_integrity.sql,7,19,0,database/009_sprint3b_act1_consequence_integrity.sql:L29@s3b_apply_act1_consequence[INSERT positional/all columns]{POSITIONAL_WRITE} ; database/009_sprint3b_act1_consequence_integrity.sql:L31@s3b_apply_act1_consequence[INSERT positional/all columns]{POSITIONAL_WRITE} ; database/009_sprint3b_act1_consequence_integrity.sql:L32@s3b_apply_act1_consequence[INSERT positional/all columns]{POSITIONAL_WRITE} ; database/009_sprint3b_act1_consequence_integrity.sql:L33@s3b_apply_act1_consequence[INSERT positional/all columns]{POSITIONAL_WRITE} ; database/009_sprint3b_act1_consequence_integrity.sql:L34@s3b_apply_act1_consequence[INSERT positional/all columns]{POSITIONAL_WRITE} ; database/009_sprint3b_act1_consequence_integrity.sql:L36@s3b_apply_act1_consequence[INSERT positional/all columns]{POSITIONAL_WRITE} ; database/009_sprint3b_act1_consequence_integrity.sql:L38@s3b_apply_act1_consequence[INSERT positional/all columns]{POSITIONAL_WRITE} ; database/009_sprint3b_act1_consequence_integrity.sql:L39@s3b_apply_act1_consequence[INSERT positional/all columns]{POSITIONAL_WRITE} ; database/009_sprint3b_act1_consequence_integrity.sql:L40@s3b_apply_act1_consequence[INSERT positional/all columns]{POSITIONAL_WRITE} ; database/009_sprint3b_act1_consequence_integrity.sql:L41@s3b_apply_act1_consequence[INSERT positional/all columns]{POSITIONAL_WRITE} ; database/009_sprint3b_act1_consequence_integrity.sql:L43@s3b_apply_act1_consequence[INSERT positional/all columns]{POSITIONAL_WRITE} ; database/009_sprint3b_act1_consequence_integrity.sql:L44@s3b_apply_act1_consequence[INSERT positional/all columns]{POSITIONAL_WRITE} ; database/009_sprint3b_act1_consequence_integrity.sql:L45@s3b_apply_act1_consequence[INSERT positional/all columns]{POSITIONAL_WRITE} ; database/009_sprint3b_act1_consequence_integrity.sql:L46@s3b_apply_act1_consequence[INSERT positional/all columns]{POSITIONAL_WRITE} ; database/009_sprint3b_act1_consequence_integrity.sql:L47@s3b_apply_act1_consequence[INSERT positional/all columns]{POSITIONAL_WRITE} ; database/068_package_c_authoritative_pocket_inspection.sql:L31@s9_inspect_pocket_item[INSERT positional/all columns]{POSITIONAL_WRITE} ; database/068_package_c_authoritative_pocket_inspection.sql:L34@s9_inspect_pocket_item[INSERT positional/all columns]{POSITIONAL_WRITE} ; database/068_package_c_authoritative_pocket_inspection.sql:L54@s3_set_item_view[INSERT positional/all columns]{POSITIONAL_WRITE} ; database/068_package_c_authoritative_pocket_inspection.sql:L57@s3_set_item_view[INSERT positional/all columns]{POSITIONAL_WRITE},,PENDING,,,
SN022,discussion_session_id,dialogue_messages#03,F0065,dialogue_messages,3,database/002_runtime_runs_discussion.sql,57,4,16,database/002_runtime_runs_discussion.sql:L586@s2_send_message[INSERT explicit column]{DIRECT_OR_COMPUTED} ; database/013_sprint3b_discussion_authority_and_request_identity.sql:L246@s2_send_message[INSERT explicit column]{DIRECT_OR_COMPUTED} ; database/030_sprint5_exact_session_messages.sql:L12@s5_send_message[INSERT explicit column]{DIRECT_OR_COMPUTED} ; database/035_sprint6_focused_audit_corrections.sql:L40@s6_send_message_guarded[INSERT explicit column]{DIRECT_OR_COMPUTED},database/002_runtime_runs_discussion.sql:L840@s2_get_player_state[qualified/rowtype field reference] ; database/002_runtime_runs_discussion.sql:L993@s2_get_teacher_state[qualified/rowtype field reference] ; database/003_sprint2_discussionroom_audit_fix.sql:L386@s2_get_player_state[qualified/rowtype field reference] ; database/003_sprint2_discussionroom_audit_fix.sql:L396@s2_get_player_state[qualified/rowtype field reference] ; database/003_sprint2_discussionroom_audit_fix.sql:L541@s2_get_teacher_state[qualified/rowtype field reference] ; database/003_sprint2_discussionroom_audit_fix.sql:L551@s2_get_teacher_state[qualified/rowtype field reference] ; database/003_sprint2_discussionroom_audit_fix.sql:L580@s2_get_teacher_state[qualified/rowtype field reference] ; database/013_sprint3b_discussion_authority_and_request_identity.sql:L223@s2_send_message[SELECT * INTO row] ; database/013_sprint3b_discussion_authority_and_request_identity.sql:L227@s2_send_message[qualified/rowtype field reference] ; database/029_sprint5_canonical_discussion_localization.sql:L90@s5_get_discussion_state[qualified/rowtype field reference] ; database/030_sprint5_exact_session_messages.sql:L9@s5_send_message[SELECT * INTO row] ; database/030_sprint5_exact_session_messages.sql:L9@s5_send_message[qualified/rowtype field reference] ; database/031_sprint5_focused_reaudit_corrections.sql:L30@s5_get_teacher_discussion_state[qualified/rowtype field reference] ; database/035_sprint6_focused_audit_corrections.sql:L72@s6_get_player_state[qualified/rowtype field reference] ; database/036_sprint6_four_open_findings.sql:L29@s6_get_player_state[qualified/rowtype field reference] ; database/037_level3_independent_audit_closure.sql:L179@s6_get_player_state[qualified/rowtype field reference],PENDING,,,
SN022,discussion_session_id,discussion_sessions#01,F0073,discussion_sessions,1,database/002_runtime_runs_discussion.sql,23,4,183,database/028_sprint5_round_event_link.sql:L27@TOP_LEVEL[INSERT explicit column]{DIRECT_OR_COMPUTED} ; database/028_sprint5_round_event_link.sql:L5@s5_mirror_round_for_audit[INSERT explicit column]{DIRECT_OR_COMPUTED} ; database/029_sprint5_canonical_discussion_localization.sql:L20@s5_configure_discussion[INSERT explicit column]{DIRECT_OR_COMPUTED} ; database/032_sprint5_discussion_creation_restore.sql:L9@s5_configure_discussion[INSERT explicit column]{DIRECT_OR_COMPUTED},database/002_runtime_runs_discussion.sql:L1024@s2_get_teacher_state[qualified/rowtype field reference] ; database/002_runtime_runs_discussion.sql:L1049@s2_get_teacher_state[qualified/rowtype field reference] ; database/002_runtime_runs_discussion.sql:L1050@s2_get_teacher_state[qualified/rowtype field reference] ; database/002_runtime_runs_discussion.sql:L364@s2_open_discussion[qualified/rowtype field reference] ; database/002_runtime_runs_discussion.sql:L370@s2_open_discussion[qualified/rowtype field reference] ; database/002_runtime_runs_discussion.sql:L389@s2_refresh_discussion[SELECT * INTO row] ; database/002_runtime_runs_discussion.sql:L405@s2_refresh_discussion[qualified/rowtype field reference] ; database/002_runtime_runs_discussion.sql:L408@s2_refresh_discussion[qualified/rowtype field reference] ; database/002_runtime_runs_discussion.sql:L416@s2_refresh_discussion[qualified/rowtype field reference] ; database/002_runtime_runs_discussion.sql:L419@s2_refresh_discussion[qualified/rowtype field reference] ; database/002_runtime_runs_discussion.sql:L426@s2_refresh_discussion[qualified/rowtype field reference] ; database/002_runtime_runs_discussion.sql:L432@s2_refresh_discussion[qualified/rowtype field reference] ; database/002_runtime_runs_discussion.sql:L435@s2_refresh_discussion[qualified/rowtype field reference] ; database/002_runtime_runs_discussion.sql:L462@s2_open_vote[SELECT * INTO row] ; database/002_runtime_runs_discussion.sql:L479@s2_open_vote[qualified/rowtype field reference] ; database/002_runtime_runs_discussion.sql:L483@s2_open_vote[qualified/rowtype field reference] ; database/002_runtime_runs_discussion.sql:L489@s2_open_vote[qualified/rowtype field reference] ; database/002_runtime_runs_discussion.sql:L519@s2_add_time[SELECT * INTO row] ; database/002_runtime_runs_discussion.sql:L534@s2_add_time[qualified/rowtype field reference] ; database/002_runtime_runs_discussion.sql:L538@s2_add_time[qualified/rowtype field reference] ; database/002_runtime_runs_discussion.sql:L568@s2_send_message[SELECT * INTO row] ; database/002_runtime_runs_discussion.sql:L575@s2_send_message[qualified/rowtype field reference] ; database/002_runtime_runs_discussion.sql:L576@s2_send_message[SELECT * INTO row] ; database/002_runtime_runs_discussion.sql:L577@s2_send_message[qualified/rowtype field reference] ; database/002_runtime_runs_discussion.sql:L590@s2_send_message[qualified/rowtype field reference] ; database/002_runtime_runs_discussion.sql:L595@s2_send_message[qualified/rowtype field reference] ; database/002_runtime_runs_discussion.sql:L633@s2_submit_vote[SELECT * INTO row] ; database/002_runtime_runs_discussion.sql:L641@s2_submit_vote[qualified/rowtype field reference] ; database/002_runtime_runs_discussion.sql:L642@s2_submit_vote[SELECT * INTO row] ; database/002_runtime_runs_discussion.sql:L643@s2_submit_vote[qualified/rowtype field reference] ; database/002_runtime_runs_discussion.sql:L660@s2_submit_vote[qualified/rowtype field reference] ; database/002_runtime_runs_discussion.sql:L666@s2_submit_vote[qualified/rowtype field reference] ; database/002_runtime_runs_discussion.sql:L674@s2_submit_vote[qualified/rowtype field reference] ; database/002_runtime_runs_discussion.sql:L684@s2_submit_vote[qualified/rowtype field reference] ; database/002_runtime_runs_discussion.sql:L698@s2_submit_vote[qualified/rowtype field reference] ; database/002_runtime_runs_discussion.sql:L701@s2_submit_vote[qualified/rowtype field reference] ; database/002_runtime_runs_discussion.sql:L720@s2_submit_vote[qualified/rowtype field reference] ; database/002_runtime_runs_discussion.sql:L723@s2_submit_vote[qualified/rowtype field reference] ; database/002_runtime_runs_discussion.sql:L754@s2_submit_vote[qualified/rowtype field reference] ; database/002_runtime_runs_discussion.sql:L757@s2_submit_vote[qualified/rowtype field reference] ; database/002_runtime_runs_discussion.sql:L765@s2_submit_vote[qualified/rowtype field reference] ; database/002_runtime_runs_discussion.sql:L776@s2_submit_vote[qualified/rowtype field reference] ; database/002_runtime_runs_discussion.sql:L779@s2_submit_vote[qualified/rowtype field reference] ; database/002_runtime_runs_discussion.sql:L827@s2_get_player_state[SELECT * INTO row] ; database/002_runtime_runs_discussion.sql:L834@s2_get_player_state[qualified/rowtype field reference] ; database/002_runtime_runs_discussion.sql:L835@s2_get_player_state[SELECT * INTO row] ; database/002_runtime_runs_discussion.sql:L836@s2_get_player_state[qualified/rowtype field reference] ; database/002_runtime_runs_discussion.sql:L853@s2_get_player_state[qualified/rowtype field reference] ; database/002_runtime_runs_discussion.sql:L862@s2_get_player_state[qualified/rowtype field reference] ; database/002_runtime_runs_discussion.sql:L877@s2_get_player_state[qualified/rowtype field reference] ; database/002_runtime_runs_discussion.sql:L900@s2_get_player_state[qualified/rowtype field reference] ; database/002_runtime_runs_discussion.sql:L912@s2_get_player_state[qualified/rowtype field reference] ; database/002_runtime_runs_discussion.sql:L935@s2_get_player_state[qualified/rowtype field reference] ; database/002_runtime_runs_discussion.sql:L936@s2_get_player_state[qualified/rowtype field reference] ; database/002_runtime_runs_discussion.sql:L980@s2_get_teacher_state[SELECT * INTO row] ; database/002_runtime_runs_discussion.sql:L987@s2_get_teacher_state[qualified/rowtype field reference] ; database/002_runtime_runs_discussion.sql:L988@s2_get_teacher_state[SELECT * INTO row] ; database/002_runtime_runs_discussion.sql:L989@s2_get_teacher_state[qualified/rowtype field reference] ; database/003_sprint2_discussionroom_audit_fix.sql:L139@s2_open_discussion[qualified/rowtype field reference] ; database/003_sprint2_discussionroom_audit_fix.sql:L145@s2_open_discussion[qualified/rowtype field reference] ; database/003_sprint2_discussionroom_audit_fix.sql:L179@s2_submit_vote[SELECT * INTO row] ; database/003_sprint2_discussionroom_audit_fix.sql:L187@s2_submit_vote[qualified/rowtype field reference] ; database/003_sprint2_discussionroom_audit_fix.sql:L188@s2_submit_vote[SELECT * INTO row] ; database/003_sprint2_discussionroom_audit_fix.sql:L189@s2_submit_vote[qualified/rowtype field reference] ; database/003_sprint2_discussionroom_audit_fix.sql:L206@s2_submit_vote[qualified/rowtype field reference] ; database/003_sprint2_discussionroom_audit_fix.sql:L212@s2_submit_vote[qualified/rowtype field reference] ; database/003_sprint2_discussionroom_audit_fix.sql:L220@s2_submit_vote[qualified/rowtype field reference] ; database/003_sprint2_discussionroom_audit_fix.sql:L230@s2_submit_vote[qualified/rowtype field reference] ; database/003_sprint2_discussionroom_audit_fix.sql:L244@s2_submit_vote[qualified/rowtype field reference] ; database/003_sprint2_discussionroom_audit_fix.sql:L247@s2_submit_vote[qualified/rowtype field reference] ; database/003_sprint2_discussionroom_audit_fix.sql:L266@s2_submit_vote[qualified/rowtype field reference] ; database/003_sprint2_discussionroom_audit_fix.sql:L269@s2_submit_vote[qualified/rowtype field reference] ; database/003_sprint2_discussionroom_audit_fix.sql:L300@s2_submit_vote[qualified/rowtype field reference] ; database/003_sprint2_discussionroom_audit_fix.sql:L303@s2_submit_vote[qualified/rowtype field reference] ; database/003_sprint2_discussionroom_audit_fix.sql:L311@s2_submit_vote[qualified/rowtype field reference] ; database/003_sprint2_discussionroom_audit_fix.sql:L322@s2_submit_vote[qualified/rowtype field reference] ; database/003_sprint2_discussionroom_audit_fix.sql:L325@s2_submit_vote[qualified/rowtype field reference] ; database/003_sprint2_discussionroom_audit_fix.sql:L373@s2_get_player_state[SELECT * INTO row] ; database/003_sprint2_discussionroom_audit_fix.sql:L380@s2_get_player_state[qualified/rowtype field reference] ; database/003_sprint2_discussionroom_audit_fix.sql:L381@s2_get_player_state[SELECT * INTO row] ; database/003_sprint2_discussionroom_audit_fix.sql:L382@s2_get_player_state[qualified/rowtype field reference] ; database/003_sprint2_discussionroom_audit_fix.sql:L396@s2_get_player_state[qualified/rowtype field reference] ; database/003_sprint2_discussionroom_audit_fix.sql:L400@s2_get_player_state[qualified/rowtype field reference] ; database/003_sprint2_discussionroom_audit_fix.sql:L409@s2_get_player_state[qualified/rowtype field reference] ; database/003_sprint2_discussionroom_audit_fix.sql:L424@s2_get_player_state[qualified/rowtype field reference] ; database/003_sprint2_discussionroom_audit_fix.sql:L447@s2_get_player_state[qualified/rowtype field reference] ; database/003_sprint2_discussionroom_audit_fix.sql:L459@s2_get_player_state[qualified/rowtype field reference] ; database/003_sprint2_discussionroom_audit_fix.sql:L482@s2_get_player_state[qualified/rowtype field reference] ; database/003_sprint2_discussionroom_audit_fix.sql:L483@s2_get_player_state[qualified/rowtype field reference] ; database/003_sprint2_discussionroom_audit_fix.sql:L528@s2_get_teacher_state[SELECT * INTO row] ; database/003_sprint2_discussionroom_audit_fix.sql:L535@s2_get_teacher_state[qualified/rowtype field reference] ; database/003_sprint2_discussionroom_audit_fix.sql:L536@s2_get_teacher_state[SELECT * INTO row] ; database/003_sprint2_discussionroom_audit_fix.sql:L537@s2_get_teacher_state[qualified/rowtype field reference] ; database/003_sprint2_discussionroom_audit_fix.sql:L551@s2_get_teacher_state[qualified/rowtype field reference] ; database/003_sprint2_discussionroom_audit_fix.sql:L573@s2_get_teacher_state[qualified/rowtype field reference] ; database/003_sprint2_discussionroom_audit_fix.sql:L611@s2_get_teacher_state[qualified/rowtype field reference] ; database/003_sprint2_discussionroom_audit_fix.sql:L612@s2_get_teacher_state[qualified/rowtype field reference] ; database/004_sprint2_fallback_resolution_semantics.sql:L100@s2_submit_vote[qualified/rowtype field reference] ; database/004_sprint2_fallback_resolution_semantics.sql:L119@s2_submit_vote[qualified/rowtype field reference] ; database/004_sprint2_fallback_resolution_semantics.sql:L122@s2_submit_vote[qualified/rowtype field reference] ; database/004_sprint2_fallback_resolution_semantics.sql:L153@s2_submit_vote[qualified/rowtype field reference] ; database/004_sprint2_fallback_resolution_semantics.sql:L156@s2_submit_vote[qualified/rowtype field reference] ; database/004_sprint2_fallback_resolution_semantics.sql:L164@s2_submit_vote[qualified/rowtype field reference] ; database/004_sprint2_fallback_resolution_semantics.sql:L177@s2_submit_vote[qualified/rowtype field reference] ; database/004_sprint2_fallback_resolution_semantics.sql:L180@s2_submit_vote[qualified/rowtype field reference] ; database/004_sprint2_fallback_resolution_semantics.sql:L32@s2_submit_vote[SELECT * INTO row] ; database/004_sprint2_fallback_resolution_semantics.sql:L40@s2_submit_vote[qualified/rowtype field reference] ; database/004_sprint2_fallback_resolution_semantics.sql:L41@s2_submit_vote[SELECT * INTO row] ; database/004_sprint2_fallback_resolution_semantics.sql:L42@s2_submit_vote[qualified/rowtype field reference] ; database/004_sprint2_fallback_resolution_semantics.sql:L59@s2_submit_vote[qualified/rowtype field reference] ; database/004_sprint2_fallback_resolution_semantics.sql:L65@s2_submit_vote[qualified/rowtype field reference] ; database/004_sprint2_fallback_resolution_semantics.sql:L73@s2_submit_vote[qualified/rowtype field reference] ; database/004_sprint2_fallback_resolution_semantics.sql:L83@s2_submit_vote[qualified/rowtype field reference] ; database/004_sprint2_fallback_resolution_semantics.sql:L97@s2_submit_vote[qualified/rowtype field reference] ; database/013_sprint3b_discussion_authority_and_request_identity.sql:L214@s2_send_message[SELECT * INTO row] ; database/013_sprint3b_discussion_authority_and_request_identity.sql:L227@s2_send_message[qualified/rowtype field reference] ; database/013_sprint3b_discussion_authority_and_request_identity.sql:L236@s2_send_message[qualified/rowtype field reference] ; database/013_sprint3b_discussion_authority_and_request_identity.sql:L237@s2_send_message[SELECT * INTO row] ; database/013_sprint3b_discussion_authority_and_request_identity.sql:L250@s2_send_message[qualified/rowtype field reference] ; database/013_sprint3b_discussion_authority_and_request_identity.sql:L255@s2_send_message[qualified/rowtype field reference] ; database/013_sprint3b_discussion_authority_and_request_identity.sql:L295@s2_submit_vote[SELECT * INTO row] ; database/013_sprint3b_discussion_authority_and_request_identity.sql:L304@s2_submit_vote[qualified/rowtype field reference] ; database/013_sprint3b_discussion_authority_and_request_identity.sql:L305@s2_submit_vote[SELECT * INTO row] ; database/013_sprint3b_discussion_authority_and_request_identity.sql:L315@s2_submit_vote[qualified/rowtype field reference] ; database/013_sprint3b_discussion_authority_and_request_identity.sql:L331@s2_submit_vote[qualified/rowtype field reference] ; database/013_sprint3b_discussion_authority_and_request_identity.sql:L336@s2_submit_vote[qualified/rowtype field reference] ; database/013_sprint3b_discussion_authority_and_request_identity.sql:L343@s2_submit_vote[qualified/rowtype field reference] ; database/013_sprint3b_discussion_authority_and_request_identity.sql:L351@s2_submit_vote[qualified/rowtype field reference] ; database/013_sprint3b_discussion_authority_and_request_identity.sql:L364@s2_submit_vote[qualified/rowtype field reference] ; database/013_sprint3b_discussion_authority_and_request_identity.sql:L366@s2_submit_vote[qualified/rowtype field reference] ; database/013_sprint3b_discussion_authority_and_request_identity.sql:L371@s2_submit_vote[qualified/rowtype field reference] ; database/013_sprint3b_discussion_authority_and_request_identity.sql:L386@s2_submit_vote[qualified/rowtype field reference] ; database/013_sprint3b_discussion_authority_and_request_identity.sql:L388@s2_submit_vote[qualified/rowtype field reference] ; database/013_sprint3b_discussion_authority_and_request_identity.sql:L414@s2_submit_vote[qualified/rowtype field reference] ; database/013_sprint3b_discussion_authority_and_request_identity.sql:L417@s2_submit_vote[qualified/rowtype field reference] ; database/013_sprint3b_discussion_authority_and_request_identity.sql:L424@s2_submit_vote[qualified/rowtype field reference] ; database/013_sprint3b_discussion_authority_and_request_identity.sql:L435@s2_submit_vote[qualified/rowtype field reference] ; database/013_sprint3b_discussion_authority_and_request_identity.sql:L437@s2_submit_vote[qualified/rowtype field reference] ; database/013_sprint3b_discussion_authority_and_request_identity.sql:L445@s2_submit_vote[qualified/rowtype field reference] ; database/013_sprint3b_discussion_authority_and_request_identity.sql:L94@s3b_apply_resolved_discussion_internal[SELECT * INTO row] ; database/014a_sprint3b_inspect_reconnect_idempotency_fix.sql:L20@s3b_apply_resolved_discussion_internal[SELECT * INTO row] ; database/029_sprint5_canonical_discussion_localization.sql:L54@s5_submit_vote[SELECT * INTO row] ; database/029_sprint5_canonical_discussion_localization.sql:L85@s5_get_player_state[to_jsonb(row) exposes field] ; database/029_sprint5_canonical_discussion_localization.sql:L89@s5_get_discussion_state[SELECT * INTO row] ; database/029_sprint5_canonical_discussion_localization.sql:L89@s5_get_discussion_state[qualified/rowtype field reference] ; database/029_sprint5_canonical_discussion_localization.sql:L90@s5_get_discussion_state[qualified/rowtype field reference] ; database/029_sprint5_canonical_discussion_localization.sql:L93@s5_get_discussion_state[qualified/rowtype field reference] ; database/030_sprint5_exact_session_messages.sql:L10@s5_send_message[qualified/rowtype field reference] ; database/030_sprint5_exact_session_messages.sql:L12@s5_send_message[qualified/rowtype field reference] ; database/030_sprint5_exact_session_messages.sql:L13@s5_send_message[qualified/rowtype field reference] ; database/031_sprint5_focused_reaudit_corrections.sql:L30@s5_get_teacher_discussion_state[qualified/rowtype field reference] ; database/031_sprint5_focused_reaudit_corrections.sql:L31@s5_get_teacher_discussion_state[qualified/rowtype field reference] ; database/035_sprint6_focused_audit_corrections.sql:L40@s6_send_message_guarded[qualified/rowtype field reference] ; database/035_sprint6_focused_audit_corrections.sql:L42@s6_close_discussion_guarded[qualified/rowtype field reference] ; database/035_sprint6_focused_audit_corrections.sql:L72@s6_get_player_state[qualified/rowtype field reference] ; database/036_sprint6_four_open_findings.sql:L29@s6_get_player_state[qualified/rowtype field reference] ; database/037_level3_independent_audit_closure.sql:L146@s6_refresh_owned_discussion[SELECT * INTO row] ; database/037_level3_independent_audit_closure.sql:L149@s6_refresh_owned_discussion[qualified/rowtype field reference] ; database/037_level3_independent_audit_closure.sql:L151@s6_refresh_owned_discussion[qualified/rowtype field reference] ; database/037_level3_independent_audit_closure.sql:L159@s2_refresh_discussion[SELECT * INTO row] ; database/037_level3_independent_audit_closure.sql:L179@s6_get_player_state[qualified/rowtype field reference] ; database/040_level2_closure_verification_support.sql:L14@s6_verify_expire_discussion[SELECT * INTO row] ; database/040_level2_closure_verification_support.sql:L19@s6_verify_expire_discussion[qualified/rowtype field reference] ; database/040_level2_closure_verification_support.sql:L20@s6_verify_expire_discussion[qualified/rowtype field reference] ; database/041_level2_normal_s5_verification_support.sql:L14@s5_verify_expire_discussion[SELECT * INTO row] ; database/041_level2_normal_s5_verification_support.sql:L19@s5_verify_expire_discussion[qualified/rowtype field reference] ; database/041_level2_normal_s5_verification_support.sql:L20@s5_verify_expire_discussion[qualified/rowtype field reference] ; database/041_level2_normal_s5_verification_support.sql:L21@s5_verify_expire_discussion[qualified/rowtype field reference] ; database/043_sprint7_teacher_console.sql:L40@s7_get_teacher_console[SELECT * INTO row] ; database/043_sprint7_teacher_console.sql:L78@s7_get_teacher_console[qualified/rowtype field reference] ; database/043_sprint7_teacher_console.sql:L79@s7_get_teacher_console[qualified/rowtype field reference] ; database/044_sprint7_focused_level1_corrections.sql:L29@s7_get_teacher_console[SELECT * INTO row] ; database/044_sprint7_focused_level1_corrections.sql:L65@s7_get_teacher_console[qualified/rowtype field reference] ; database/050_sprint8_act2_verifier_projection_fix.sql:L15@s8_verify_integrity[qualified/rowtype field reference] ; database/050_sprint8_act2_verifier_projection_fix.sql:L22@s8_verify_integrity[qualified/rowtype field reference] ; database/050_sprint8_act2_verifier_projection_fix.sql:L27@s8_verify_integrity[qualified/rowtype field reference] ; database/054_level3_integrated_closure.sql:L134@s8_verify_integrity[qualified/rowtype field reference] ; database/054_level3_integrated_closure.sql:L59@teacher_apply_override[SELECT * INTO row] ; database/054_level3_integrated_closure.sql:L60@teacher_apply_override[qualified/rowtype field reference] ; database/054_level3_integrated_closure.sql:L63@teacher_apply_override[qualified/rowtype field reference] ; database/054_level3_integrated_closure.sql:L91@teacher_apply_override[SELECT * INTO row] ; database/054_level3_integrated_closure.sql:L92@teacher_apply_override[qualified/rowtype field reference] ; database/055_level2_override_export_residual_closure.sql:L30@teacher_apply_override[qualified/rowtype field reference],PENDING,,,
SN022,discussion_session_id,runtime_events#04,F0122,runtime_events,4,database/002_runtime_runs_discussion.sql,91,10,3,database/002_runtime_runs_discussion.sql:L158@s2_log_event[INSERT explicit column]{DIRECT_OR_COMPUTED} ; database/014_sprint3b_evidence_and_puzzle_integrity.sql:L114@s2_log_event[INSERT explicit column]{DIRECT_OR_COMPUTED} ; database/014_sprint3b_evidence_and_puzzle_integrity.sql:L154@s3b_log_formal_event[INSERT explicit column]{DIRECT_OR_COMPUTED} ; database/014b_sprint3b_targeted_closure_corrections.sql:L63@s3b_log_formal_event_at_context[INSERT explicit column]{DIRECT_OR_COMPUTED} ; database/015_sprint3c_minimal_safe_teacher_override.sql:L53@s3b_log_formal_event_at_context[INSERT explicit column]{DIRECT_OR_COMPUTED} ; database/016_sprint3c_level1_narrow_corrections.sql:L65@s2_log_event[INSERT explicit column]{DIRECT_OR_COMPUTED} ; database/045_sprint7_teacher_intervention_provenance.sql:L18@TOP_LEVEL[INSERT explicit column]{DIRECT_OR_COMPUTED} ; database/045_sprint7_teacher_intervention_provenance.sql:L26@s5_teacher_open_vote[INSERT explicit column]{DIRECT_OR_COMPUTED} ; database/045_sprint7_teacher_intervention_provenance.sql:L32@s5_teacher_add_time[INSERT explicit column]{DIRECT_OR_COMPUTED} ; database/045_sprint7_teacher_intervention_provenance.sql:L8@s7_mirror_teacher_discussion_event[INSERT explicit column]{DIRECT_OR_COMPUTED},database/002_runtime_runs_discussion.sql:L1032@s2_get_teacher_state[qualified/rowtype field reference] ; database/003_sprint2_discussionroom_audit_fix.sql:L594@s2_get_teacher_state[qualified/rowtype field reference] ; database/014b_sprint3b_targeted_closure_corrections.sql:L170@s2_get_teacher_state[qualified/rowtype field reference],PENDING,,,
SN022,discussion_session_id,runtime_player_decisions#03,F0137,runtime_player_decisions,3,database/002_runtime_runs_discussion.sql,72,4,15,database/002_runtime_runs_discussion.sql:L656@s2_submit_vote[INSERT explicit column]{DIRECT_OR_COMPUTED} ; database/003_sprint2_discussionroom_audit_fix.sql:L202@s2_submit_vote[INSERT explicit column]{DIRECT_OR_COMPUTED} ; database/004_sprint2_fallback_resolution_semantics.sql:L55@s2_submit_vote[INSERT explicit column]{DIRECT_OR_COMPUTED} ; database/013_sprint3b_discussion_authority_and_request_identity.sql:L327@s2_submit_vote[INSERT explicit column]{DIRECT_OR_COMPUTED},database/002_runtime_runs_discussion.sql:L1024@s2_get_teacher_state[qualified/rowtype field reference] ; database/002_runtime_runs_discussion.sql:L862@s2_get_player_state[qualified/rowtype field reference] ; database/002_runtime_runs_discussion.sql:L877@s2_get_player_state[qualified/rowtype field reference] ; database/002_runtime_runs_discussion.sql:L912@s2_get_player_state[qualified/rowtype field reference] ; database/003_sprint2_discussionroom_audit_fix.sql:L409@s2_get_player_state[qualified/rowtype field reference] ; database/003_sprint2_discussionroom_audit_fix.sql:L424@s2_get_player_state[qualified/rowtype field reference] ; database/003_sprint2_discussionroom_audit_fix.sql:L459@s2_get_player_state[qualified/rowtype field reference] ; database/003_sprint2_discussionroom_audit_fix.sql:L573@s2_get_teacher_state[qualified/rowtype field reference] ; database/013_sprint3b_discussion_authority_and_request_identity.sql:L314@s2_submit_vote[SELECT * INTO row] ; database/050_sprint8_act2_verifier_projection_fix.sql:L22@s8_verify_integrity[qualified/rowtype field reference] ; database/055_level2_override_export_residual_closure.sql:L41@teacher_apply_override[qualified/rowtype field reference] ; database/055_level2_override_export_residual_closure.sql:L50@teacher_apply_override[qualified/rowtype field reference] ; database/056_level2_override_validity_binding_fix.sql:L30@teacher_apply_override[qualified/rowtype field reference] ; database/056_level2_override_validity_binding_fix.sql:L41@teacher_apply_override[qualified/rowtype field reference] ; database/056_level2_override_validity_binding_fix.sql:L50@teacher_apply_override[qualified/rowtype field reference],PENDING,,,
SN022,discussion_session_id,s5_rounds#01,F0297,s5_rounds,1,database/027_sprint5_act6_8_runtime.sql,16,0,7,,database/027_sprint5_act6_8_runtime.sql:L49@s5_submit_vote[SELECT * INTO row] ; database/027_sprint5_act6_8_runtime.sql:L59@s5_submit_vote[qualified/rowtype field reference] ; database/027_sprint5_act6_8_runtime.sql:L62@s5_submit_vote[qualified/rowtype field reference] ; database/027_sprint5_act6_8_runtime.sql:L65@s5_submit_vote[qualified/rowtype field reference] ; database/029_sprint5_canonical_discussion_localization.sql:L24@s5_configure_discussion[qualified/rowtype field reference] ; database/029_sprint5_canonical_discussion_localization.sql:L27@s5_configure_discussion[qualified/rowtype field reference] ; database/032_sprint5_discussion_creation_restore.sql:L10@s5_configure_discussion[qualified/rowtype field reference],PENDING,,,
SN023,display_name,asset_registry_projection#02,F0050,asset_registry_projection,2,database/018_sprint4_asset_manager_v2.sql,3,3,10,database/018_sprint4_asset_manager_v2.sql:L31@asset_manager_sync_registry[INSERT explicit column]{DIRECT_OR_COMPUTED} ; database/019_sprint4_teacher_authority_correction.sql:L31@asset_manager_sync_registry[INSERT explicit column]{DIRECT_OR_COMPUTED} ; database/024_sprint4_level1_narrow_corrections.sql:L28@asset_manager_sync_registry[INSERT explicit column]{DIRECT_OR_COMPUTED},database/018_sprint4_asset_manager_v2.sql:L44@asset_manager_register_candidate[SELECT * INTO row] ; database/018_sprint4_asset_manager_v2.sql:L70@asset_manager_activate[SELECT * INTO row] ; database/018_sprint4_asset_manager_v2.sql:L76@asset_resolve[SELECT * INTO row] ; database/018_sprint4_asset_manager_v2.sql:L81@asset_manager_state[to_jsonb(row) exposes field] ; database/019_sprint4_teacher_authority_correction.sql:L44@asset_manager_register_candidate[SELECT * INTO row] ; database/019_sprint4_teacher_authority_correction.sql:L70@asset_manager_activate[SELECT * INTO row] ; database/019_sprint4_teacher_authority_correction.sql:L76@asset_resolve[SELECT * INTO row] ; database/019_sprint4_teacher_authority_correction.sql:L81@asset_manager_state[to_jsonb(row) exposes field] ; database/024_sprint4_level1_narrow_corrections.sql:L37@asset_manager_import_candidate[SELECT * INTO row] ; database/025_sprint4_two_narrow_blockers.sql:L9@asset_manager_import_candidate[SELECT * INTO row],PENDING,,,
SN023,display_name,s1_room_players#04,F0166,s1_room_players,4,database/001_sprint1_core.sql,23,1,35,database/001_sprint1_core.sql:L184@s1_create_room[INSERT explicit column]{DIRECT_OR_COMPUTED},database/001_sprint1_core.sql:L212@s1_join_player[SELECT * INTO row] ; database/001_sprint1_core.sql:L240@s1_join_player[qualified/rowtype field reference] ; database/001_sprint1_core.sql:L255@s1_get_player_by_session[SELECT * INTO row] ; database/001_sprint1_core.sql:L312@s1_get_player_state[qualified/rowtype field reference] ; database/001_sprint1_core.sql:L329@s1_get_player_state[qualified/rowtype field reference] ; database/002_runtime_runs_discussion.sql:L1007@s2_get_teacher_state[qualified/rowtype field reference] ; database/002_runtime_runs_discussion.sql:L1014@s2_get_teacher_state[qualified/rowtype field reference] ; database/002_runtime_runs_discussion.sql:L841@s2_get_player_state[qualified/rowtype field reference] ; database/002_runtime_runs_discussion.sql:L868@s2_get_player_state[qualified/rowtype field reference] ; database/002_runtime_runs_discussion.sql:L883@s2_get_player_state[qualified/rowtype field reference] ; database/002_runtime_runs_discussion.sql:L905@s2_get_player_state[qualified/rowtype field reference] ; database/002_runtime_runs_discussion.sql:L932@s2_get_player_state[qualified/rowtype field reference] ; database/002_runtime_runs_discussion.sql:L994@s2_get_teacher_state[qualified/rowtype field reference] ; database/003_sprint2_discussionroom_audit_fix.sql:L387@s2_get_player_state[qualified/rowtype field reference] ; database/003_sprint2_discussionroom_audit_fix.sql:L415@s2_get_player_state[qualified/rowtype field reference] ; database/003_sprint2_discussionroom_audit_fix.sql:L430@s2_get_player_state[qualified/rowtype field reference] ; database/003_sprint2_discussionroom_audit_fix.sql:L452@s2_get_player_state[qualified/rowtype field reference] ; database/003_sprint2_discussionroom_audit_fix.sql:L479@s2_get_player_state[qualified/rowtype field reference] ; database/003_sprint2_discussionroom_audit_fix.sql:L542@s2_get_teacher_state[qualified/rowtype field reference] ; database/003_sprint2_discussionroom_audit_fix.sql:L556@s2_get_teacher_state[qualified/rowtype field reference] ; database/003_sprint2_discussionroom_audit_fix.sql:L563@s2_get_teacher_state[qualified/rowtype field reference] ; database/003_sprint2_discussionroom_audit_fix.sql:L581@s2_get_teacher_state[qualified/rowtype field reference] ; database/011_sprint3b_transition_and_act1_delivery_integrity.sql:L111@s3b_get_player_state[qualified/rowtype field reference] ; database/029_sprint5_canonical_discussion_localization.sql:L90@s5_get_discussion_state[qualified/rowtype field reference] ; database/029_sprint5_canonical_discussion_localization.sql:L92@s5_get_discussion_state[qualified/rowtype field reference] ; database/031_sprint5_focused_reaudit_corrections.sql:L30@s5_get_teacher_discussion_state[qualified/rowtype field reference] ; database/035_sprint6_focused_audit_corrections.sql:L72@s6_get_player_state[qualified/rowtype field reference] ; database/036_sprint6_four_open_findings.sql:L29@s6_get_player_state[qualified/rowtype field reference] ; database/037_level3_independent_audit_closure.sql:L179@s6_get_player_state[qualified/rowtype field reference] ; database/043_sprint7_teacher_console.sql:L43@s7_get_teacher_console[qualified/rowtype field reference] ; database/043_sprint7_teacher_console.sql:L61@s7_get_teacher_console[qualified/rowtype field reference] ; database/043_sprint7_teacher_console.sql:L64@s7_get_teacher_console[qualified/rowtype field reference] ; database/044_sprint7_focused_level1_corrections.sql:L33@s7_get_teacher_console[qualified/rowtype field reference] ; database/044_sprint7_focused_level1_corrections.sql:L57@s7_get_teacher_console[qualified/rowtype field reference] ; database/044_sprint7_focused_level1_corrections.sql:L58@s7_get_teacher_console[qualified/rowtype field reference],PENDING,,,
SN024,display_text_key,s3_observation_catalog#02,F0192,s3_observation_catalog,2,database/005_sprint3a_scene_pocket_knowledge_foundation.sql,23,2,0,database/005_sprint3a_scene_pocket_knowledge_foundation.sql:L105@TOP_LEVEL[INSERT explicit column]{DIRECT_OR_COMPUTED} ; database/009_sprint3b_act1_consequence_integrity.sql:L13@TOP_LEVEL[INSERT explicit column]{DIRECT_OR_COMPUTED},,PENDING,,,
SN024,display_text_key,s3_player_observations#04,F0214,s3_player_observations,4,database/005_sprint3a_scene_pocket_knowledge_foundation.sql,42,1,3,database/005_sprint3a_scene_pocket_knowledge_foundation.sql:L121@s3_record_observation[INSERT explicit column]{DIRECT_OR_COMPUTED},database/005_sprint3a_scene_pocket_knowledge_foundation.sql:L236@s3_get_player_state[to_jsonb(row) exposes field] ; database/006_sprint3a_provenance_view_integrity_fix.sql:L145@s3_get_player_state[to_jsonb(row) exposes field] ; database/068_package_c_authoritative_pocket_inspection.sql:L73@s3_get_player_state[to_jsonb(row) exposes field],PENDING,,,
SN025,event_id,act6_13_event_ledger#01,F0001,act6_13_event_ledger,1,database/037_level3_independent_audit_closure.sql,7,0,1,,database/037_level3_independent_audit_closure.sql:L183@act6_13_get_timeline[to_jsonb(row) exposes field],PENDING,,,
SN025,event_id,asset_events#01,F0039,asset_events,1,database/018_sprint4_asset_manager_v2.sql,20,9,0,database/018_sprint4_asset_manager_v2.sql:L50@asset_manager_register_candidate[INSERT positional/all columns]{POSITIONAL_WRITE} ; database/018_sprint4_asset_manager_v2.sql:L60@asset_manager_review[INSERT positional/all columns]{POSITIONAL_WRITE} ; database/018_sprint4_asset_manager_v2.sql:L66@asset_manager_mark_published[INSERT positional/all columns]{POSITIONAL_WRITE} ; database/018_sprint4_asset_manager_v2.sql:L73@asset_manager_activate[INSERT positional/all columns]{POSITIONAL_WRITE} ; database/019_sprint4_teacher_authority_correction.sql:L50@asset_manager_register_candidate[INSERT positional/all columns]{POSITIONAL_WRITE} ; database/019_sprint4_teacher_authority_correction.sql:L60@asset_manager_review[INSERT positional/all columns]{POSITIONAL_WRITE} ; database/019_sprint4_teacher_authority_correction.sql:L66@asset_manager_mark_published[INSERT positional/all columns]{POSITIONAL_WRITE} ; database/019_sprint4_teacher_authority_correction.sql:L73@asset_manager_activate[INSERT positional/all columns]{POSITIONAL_WRITE} ; database/021_sprint4_anchor_and_activation_controls.sql:L13@asset_manager_save_anchors[INSERT positional/all columns]{POSITIONAL_WRITE},,PENDING,,,
SN025,event_id,runtime_events#01,F0119,runtime_events,1,database/002_runtime_runs_discussion.sql,88,0,6,,database/002_runtime_runs_discussion.sql:L1030@s2_get_teacher_state[qualified/rowtype field reference] ; database/002_runtime_runs_discussion.sql:L1035@s2_get_teacher_state[qualified/rowtype field reference] ; database/003_sprint2_discussionroom_audit_fix.sql:L592@s2_get_teacher_state[qualified/rowtype field reference] ; database/003_sprint2_discussionroom_audit_fix.sql:L597@s2_get_teacher_state[qualified/rowtype field reference] ; database/014b_sprint3b_targeted_closure_corrections.sql:L169@s2_get_teacher_state[qualified/rowtype field reference] ; database/014b_sprint3b_targeted_closure_corrections.sql:L175@s2_get_teacher_state[qualified/rowtype field reference],PENDING,,,
SN025,event_id,s1_game_events#01,F0149,s1_game_events,1,database/001_sprint1_core.sql,73,0,0,,,PENDING,,,
SN026,event_type,act6_13_event_ledger#03,F0003,act6_13_event_ledger,3,database/037_level3_independent_audit_closure.sql,9,5,1,database/037_level3_independent_audit_closure.sql:L151@s6_refresh_owned_discussion[INSERT explicit column]{DIRECT_OR_COMPUTED} ; database/037_level3_independent_audit_closure.sql:L174@s6_mark_audio_consumed[INSERT explicit column]{DIRECT_OR_COMPUTED} ; database/037_level3_independent_audit_closure.sql:L49@act6_13_capture_s5_transition[INSERT explicit column]{DIRECT_OR_COMPUTED} ; database/037_level3_independent_audit_closure.sql:L75@act6_13_capture_s6_transition[INSERT explicit column]{DIRECT_OR_COMPUTED} ; database/037_level3_independent_audit_closure.sql:L79@act6_13_capture_s6_transition[INSERT explicit column]{DIRECT_OR_COMPUTED},database/037_level3_independent_audit_closure.sql:L183@act6_13_get_timeline[to_jsonb(row) exposes field],PENDING,,,
SN026,event_type,asset_events#03,F0041,asset_events,3,database/018_sprint4_asset_manager_v2.sql,20,15,1,database/018_sprint4_asset_manager_v2.sql:L50@asset_manager_register_candidate[INSERT positional/all columns]{POSITIONAL_WRITE} ; database/018_sprint4_asset_manager_v2.sql:L60@asset_manager_review[INSERT positional/all columns]{POSITIONAL_WRITE} ; database/018_sprint4_asset_manager_v2.sql:L66@asset_manager_mark_published[INSERT positional/all columns]{POSITIONAL_WRITE} ; database/018_sprint4_asset_manager_v2.sql:L73@asset_manager_activate[INSERT positional/all columns]{POSITIONAL_WRITE} ; database/018_sprint4_asset_manager_v2.sql:L77@asset_resolve[INSERT explicit column]{DIRECT_OR_COMPUTED} ; database/019_sprint4_teacher_authority_correction.sql:L50@asset_manager_register_candidate[INSERT positional/all columns]{POSITIONAL_WRITE} ; database/019_sprint4_teacher_authority_correction.sql:L60@asset_manager_review[INSERT positional/all columns]{POSITIONAL_WRITE} ; database/019_sprint4_teacher_authority_correction.sql:L66@asset_manager_mark_published[INSERT positional/all columns]{POSITIONAL_WRITE} ; database/019_sprint4_teacher_authority_correction.sql:L73@asset_manager_activate[INSERT positional/all columns]{POSITIONAL_WRITE} ; database/019_sprint4_teacher_authority_correction.sql:L77@asset_resolve[INSERT explicit column]{DIRECT_OR_COMPUTED} ; database/021_sprint4_anchor_and_activation_controls.sql:L13@asset_manager_save_anchors[INSERT positional/all columns]{POSITIONAL_WRITE} ; database/025_sprint4_two_narrow_blockers.sql:L27@asset_manager_import_candidate[INSERT explicit column]{DIRECT_OR_COMPUTED} ; database/025_sprint4_two_narrow_blockers.sql:L53@asset_manager_transition_group[INSERT explicit column]{DIRECT_OR_COMPUTED} ; database/026_sprint4_group_target_and_registry_lock.sql:L35@asset_manager_transition_group[INSERT explicit column]{DIRECT_OR_COMPUTED} ; database/058_sprint9_active_asset_load_failure_telemetry.sql:L27@asset_report_load_failure[INSERT explicit column]{DIRECT_OR_COMPUTED},database/058_sprint9_active_asset_load_failure_telemetry.sql:L22@asset_report_load_failure[qualified/rowtype field reference],PENDING,,,
SN026,event_type,runtime_events#05,F0123,runtime_events,5,database/002_runtime_runs_discussion.sql,92,19,4,database/002_runtime_runs_discussion.sql:L158@s2_log_event[INSERT explicit column]{DIRECT_OR_COMPUTED} ; database/014_sprint3b_evidence_and_puzzle_integrity.sql:L114@s2_log_event[INSERT explicit column]{DIRECT_OR_COMPUTED} ; database/014_sprint3b_evidence_and_puzzle_integrity.sql:L154@s3b_log_formal_event[INSERT explicit column]{DIRECT_OR_COMPUTED} ; database/014_sprint3b_evidence_and_puzzle_integrity.sql:L214@s3b_set_scene[INSERT explicit column]{DIRECT_OR_COMPUTED} ; database/014b_sprint3b_targeted_closure_corrections.sql:L63@s3b_log_formal_event_at_context[INSERT explicit column]{DIRECT_OR_COMPUTED} ; database/015_sprint3c_minimal_safe_teacher_override.sql:L53@s3b_log_formal_event_at_context[INSERT explicit column]{DIRECT_OR_COMPUTED} ; database/015_sprint3c_minimal_safe_teacher_override.sql:L78@teacher_apply_override[INSERT explicit column]{DIRECT_OR_COMPUTED} ; database/015_sprint3c_minimal_safe_teacher_override.sql:L91@teacher_apply_override[INSERT explicit column]{DIRECT_OR_COMPUTED} ; database/015_sprint3c_minimal_safe_teacher_override.sql:L99@teacher_apply_override[INSERT explicit column]{DIRECT_OR_COMPUTED} ; database/016_sprint3c_level1_narrow_corrections.sql:L65@s2_log_event[INSERT explicit column]{DIRECT_OR_COMPUTED} ; database/043_sprint7_teacher_console.sql:L19@s7_set_audit_private_debug[INSERT explicit column]{DIRECT_OR_COMPUTED} ; database/045_sprint7_teacher_intervention_provenance.sql:L18@TOP_LEVEL[INSERT explicit column]{DIRECT_OR_COMPUTED} ; database/045_sprint7_teacher_intervention_provenance.sql:L26@s5_teacher_open_vote[INSERT explicit column]{DIRECT_OR_COMPUTED} ; database/045_sprint7_teacher_intervention_provenance.sql:L32@s5_teacher_add_time[INSERT explicit column]{DIRECT_OR_COMPUTED} ; database/045_sprint7_teacher_intervention_provenance.sql:L8@s7_mirror_teacher_discussion_event[INSERT explicit column]{DIRECT_OR_COMPUTED} ; database/046_sprint8_act14_finalization_export.sql:L57@s8_finalize[INSERT explicit column]{DIRECT_OR_COMPUTED} ; database/048_sprint8_focused_level1_corrections.sql:L73@s8_finalize[INSERT explicit column]{DIRECT_OR_COMPUTED} ; database/049_sprint8_final_closure.sql:L170@s8_finalize[INSERT explicit column]{DIRECT_OR_COMPUTED} ; database/054_level3_integrated_closure.sql:L102@teacher_apply_override[INSERT explicit column]{DIRECT_OR_COMPUTED},database/002_runtime_runs_discussion.sql:L1031@s2_get_teacher_state[qualified/rowtype field reference] ; database/003_sprint2_discussionroom_audit_fix.sql:L593@s2_get_teacher_state[qualified/rowtype field reference] ; database/014b_sprint3b_targeted_closure_corrections.sql:L169@s2_get_teacher_state[qualified/rowtype field reference] ; database/057_teacher_override_event_scope_consistency.sql:L24@teacher_apply_override[qualified/rowtype field reference],PENDING,,,
SN026,event_type,s1_game_events#03,F0151,s1_game_events,3,database/001_sprint1_core.sql,75,7,0,database/001_sprint1_core.sql:L190@s1_create_room[INSERT explicit column]{DIRECT_OR_COMPUTED} ; database/001_sprint1_core.sql:L233@s1_join_player[INSERT explicit column]{DIRECT_OR_COMPUTED} ; database/001_sprint1_core.sql:L384@s1_submit_private_choice[INSERT explicit column]{DIRECT_OR_COMPUTED} ; database/001_sprint1_core.sql:L400@s1_submit_private_choice[INSERT explicit column]{DIRECT_OR_COMPUTED} ; database/001_sprint1_core.sql:L512@s1_advance_scene[INSERT explicit column]{DIRECT_OR_COMPUTED} ; database/001_sprint1_core.sql:L552@s1_release_player_session[INSERT explicit column]{DIRECT_OR_COMPUTED} ; database/001_sprint1_core.sql:L577@s1_reset_room[INSERT explicit column]{DIRECT_OR_COMPUTED},,PENDING,,,
SN027,item_key,s3_group_items#02,F0184,s3_group_items,2,database/005_sprint3a_scene_pocket_knowledge_foundation.sql,81,10,3,database/005_sprint3a_scene_pocket_knowledge_foundation.sql:L181@s3_initialize_audit_fixture[INSERT explicit column]{DIRECT_OR_COMPUTED} ; database/006_sprint3a_provenance_view_integrity_fix.sql:L112@s3_initialize_audit_fixture[INSERT explicit column]{DIRECT_OR_COMPUTED} ; database/007_sprint3b_act1_5_placeholder_flow.sql:L225@s3b_submit_library_code[INSERT explicit column]{DIRECT_OR_COMPUTED} ; database/010_sprint3b_flow_integrity_and_inspect_fix.sql:L97@s3b_refresh_puzzle[INSERT explicit column]{DIRECT_OR_COMPUTED} ; database/011_sprint3b_transition_and_act1_delivery_integrity.sql:L100@s3b_refresh_puzzle[INSERT explicit column]{DIRECT_OR_COMPUTED} ; database/014_sprint3b_evidence_and_puzzle_integrity.sql:L434@s3b_submit_library_code[INSERT explicit column]{DIRECT_OR_COMPUTED} ; database/015_sprint3c_minimal_safe_teacher_override.sql:L102@teacher_apply_override[INSERT explicit column]{DIRECT_OR_COMPUTED} ; database/033_sprint6_act9_13_runtime.sql:L43@s6_submit_group_choice[INSERT explicit column]{DIRECT_OR_COMPUTED} ; database/034_sprint6_contract_hardening.sql:L13@s6_submit_group_choice[INSERT explicit column]{DIRECT_OR_COMPUTED} ; database/035_sprint6_focused_audit_corrections.sql:L49@s6_submit_group_choice_guarded[INSERT explicit column]{DIRECT_OR_COMPUTED},database/005_sprint3a_scene_pocket_knowledge_foundation.sql:L238@s3_get_player_state[to_jsonb(row) exposes field] ; database/006_sprint3a_provenance_view_integrity_fix.sql:L147@s3_get_player_state[to_jsonb(row) exposes field] ; database/068_package_c_authoritative_pocket_inspection.sql:L75@s3_get_player_state[to_jsonb(row) exposes field],PENDING,,,
SN027,item_key,s3_item_catalog#01,F0187,s3_item_catalog,1,database/005_sprint3a_scene_pocket_knowledge_foundation.sql,16,3,0,database/005_sprint3a_scene_pocket_knowledge_foundation.sql:L98@TOP_LEVEL[INSERT explicit column]{DIRECT_OR_COMPUTED} ; database/007_sprint3b_act1_5_placeholder_flow.sql:L49@TOP_LEVEL[INSERT explicit column]{DIRECT_OR_COMPUTED} ; database/033_sprint6_act9_13_runtime.sql:L20@TOP_LEVEL[INSERT explicit column]{DIRECT_OR_COMPUTED},,PENDING,,,
SN027,item_key,s3_player_item_view_state#03,F0195,s3_player_item_view_state,3,database/006_sprint3a_provenance_view_integrity_fix.sql,6,4,2,database/006_sprint3a_provenance_view_integrity_fix.sql:L111@s3_initialize_audit_fixture[INSERT explicit column]{DIRECT_OR_COMPUTED} ; database/007_sprint3b_act1_5_placeholder_flow.sql:L123@s3b_grab[INSERT explicit column]{DIRECT_OR_COMPUTED} ; database/009_sprint3b_act1_consequence_integrity.sql:L61@s3b_add_optional_grab_item[INSERT explicit column]{DIRECT_OR_COMPUTED} ; database/054_level3_integrated_closure.sql:L52@teacher_apply_override[INSERT explicit column]{DIRECT_OR_COMPUTED},database/006_sprint3a_provenance_view_integrity_fix.sql:L144@s3_get_player_state[qualified/rowtype field reference] ; database/068_package_c_authoritative_pocket_inspection.sql:L71@s3_get_player_state[qualified/rowtype field reference],PENDING,,,
SN027,item_key,s3_player_items#02,F0199,s3_player_items,2,database/005_sprint3a_scene_pocket_knowledge_foundation.sql,32,5,6,database/005_sprint3a_scene_pocket_knowledge_foundation.sql:L179@s3_initialize_audit_fixture[INSERT explicit column]{DIRECT_OR_COMPUTED} ; database/006_sprint3a_provenance_view_integrity_fix.sql:L110@s3_initialize_audit_fixture[INSERT explicit column]{DIRECT_OR_COMPUTED} ; database/007_sprint3b_act1_5_placeholder_flow.sql:L122@s3b_grab[INSERT explicit column]{DIRECT_OR_COMPUTED} ; database/009_sprint3b_act1_consequence_integrity.sql:L60@s3b_add_optional_grab_item[INSERT explicit column]{DIRECT_OR_COMPUTED} ; database/054_level3_integrated_closure.sql:L49@teacher_apply_override[INSERT explicit column]{DIRECT_OR_COMPUTED},database/005_sprint3a_scene_pocket_knowledge_foundation.sql:L235@s3_get_player_state[qualified/rowtype field reference] ; database/006_sprint3a_provenance_view_integrity_fix.sql:L144@s3_get_player_state[qualified/rowtype field reference] ; database/043_sprint7_teacher_console.sql:L65@s7_get_teacher_console[qualified/rowtype field reference] ; database/044_sprint7_focused_level1_corrections.sql:L58@s7_get_teacher_console[qualified/rowtype field reference] ; database/054_level3_integrated_closure.sql:L53@teacher_apply_override[qualified/rowtype field reference] ; database/068_package_c_authoritative_pocket_inspection.sql:L71@s3_get_player_state[qualified/rowtype field reference],PENDING,,,
SN027,item_key,s9_pocket_item_inspections#03,F0413,s9_pocket_item_inspections,3,database/068_package_c_authoritative_pocket_inspection.sql,6,1,1,database/068_package_c_authoritative_pocket_inspection.sql:L25@s9_inspect_pocket_item[INSERT explicit column]{DIRECT_OR_COMPUTED},database/068_package_c_authoritative_pocket_inspection.sql:L72@s3_get_player_state[qualified/rowtype field reference],PENDING,,,
SN028,knowledge_key,s3_knowledge_catalog#01,F0190,s3_knowledge_catalog,1,database/005_sprint3a_scene_pocket_knowledge_foundation.sql,27,3,0,database/005_sprint3a_scene_pocket_knowledge_foundation.sql:L109@TOP_LEVEL[INSERT explicit column]{DIRECT_OR_COMPUTED} ; database/033_sprint6_act9_13_runtime.sql:L19@TOP_LEVEL[INSERT explicit column]{DIRECT_OR_COMPUTED} ; database/068_package_c_authoritative_pocket_inspection.sql:L13@TOP_LEVEL[INSERT explicit column]{DIRECT_OR_COMPUTED},,PENDING,,,
SN028,knowledge_key,s3_player_knowledge#04,F0205,s3_player_knowledge,4,database/005_sprint3a_scene_pocket_knowledge_foundation.sql,52,2,3,database/005_sprint3a_scene_pocket_knowledge_foundation.sql:L147@s3_record_knowledge[INSERT explicit column]{DIRECT_OR_COMPUTED} ; database/006_sprint3a_provenance_view_integrity_fix.sql:L57@s3_record_knowledge[INSERT explicit column]{DIRECT_OR_COMPUTED},database/005_sprint3a_scene_pocket_knowledge_foundation.sql:L239@s3_get_player_state[to_jsonb(row) exposes field] ; database/006_sprint3a_provenance_view_integrity_fix.sql:L148@s3_get_player_state[to_jsonb(row) exposes field] ; database/068_package_c_authoritative_pocket_inspection.sql:L76@s3_get_player_state[to_jsonb(row) exposes field],PENDING,,,
SN028,knowledge_key,s6_private_clues#04,F0369,s6_private_clues,4,database/033_sprint6_act9_13_runtime.sql,14,1,0,database/033_sprint6_act9_13_runtime.sql:L30@s6_deliver_clues[INSERT positional/all columns]{POSITIONAL_WRITE},,PENDING,,,
SN029,label_text_key,s3_group_items#03,F0185,s3_group_items,3,database/005_sprint3a_scene_pocket_knowledge_foundation.sql,82,12,3,database/005_sprint3a_scene_pocket_knowledge_foundation.sql:L181@s3_initialize_audit_fixture[INSERT explicit column]{DIRECT_OR_COMPUTED} ; database/006_sprint3a_provenance_view_integrity_fix.sql:L112@s3_initialize_audit_fixture[INSERT explicit column]{DIRECT_OR_COMPUTED} ; database/007_sprint3b_act1_5_placeholder_flow.sql:L225@s3b_submit_library_code[INSERT explicit column]{DIRECT_OR_COMPUTED} ; database/010_sprint3b_flow_integrity_and_inspect_fix.sql:L23@TOP_LEVEL[UPDATE SET]{DERIVED_OR_COPY} ; database/010_sprint3b_flow_integrity_and_inspect_fix.sql:L97@s3b_refresh_puzzle[INSERT explicit column]{DIRECT_OR_COMPUTED} ; database/011_sprint3b_transition_and_act1_delivery_integrity.sql:L100@s3b_refresh_puzzle[INSERT explicit column]{DIRECT_OR_COMPUTED} ; database/014_sprint3b_evidence_and_puzzle_integrity.sql:L434@s3b_submit_library_code[INSERT explicit column]{DIRECT_OR_COMPUTED} ; database/015_sprint3c_minimal_safe_teacher_override.sql:L102@teacher_apply_override[INSERT explicit column]{DIRECT_OR_COMPUTED} ; database/033_sprint6_act9_13_runtime.sql:L43@s6_submit_group_choice[INSERT explicit column]{DIRECT_OR_COMPUTED} ; database/034_sprint6_contract_hardening.sql:L13@s6_submit_group_choice[INSERT explicit column]{DIRECT_OR_COMPUTED} ; database/035_sprint6_focused_audit_corrections.sql:L28@TOP_LEVEL[UPDATE SET]{DERIVED_OR_COPY} ; database/035_sprint6_focused_audit_corrections.sql:L49@s6_submit_group_choice_guarded[INSERT explicit column]{DIRECT_OR_COMPUTED},database/005_sprint3a_scene_pocket_knowledge_foundation.sql:L238@s3_get_player_state[to_jsonb(row) exposes field] ; database/006_sprint3a_provenance_view_integrity_fix.sql:L147@s3_get_player_state[to_jsonb(row) exposes field] ; database/068_package_c_authoritative_pocket_inspection.sql:L75@s3_get_player_state[to_jsonb(row) exposes field],PENDING,,,
SN029,label_text_key,s3_shared_photos#07,F0233,s3_shared_photos,7,database/005_sprint3a_scene_pocket_knowledge_foundation.sql,74,3,5,database/005_sprint3a_scene_pocket_knowledge_foundation.sql:L217@s3_share_photo[INSERT explicit column]{DIRECT_OR_COMPUTED} ; database/006_sprint3a_provenance_view_integrity_fix.sql:L94@s3_share_photo[INSERT explicit column]{DIRECT_OR_COMPUTED} ; database/014_sprint3b_evidence_and_puzzle_integrity.sql:L560@s3_share_photo[INSERT explicit column]{DIRECT_OR_COMPUTED},database/005_sprint3a_scene_pocket_knowledge_foundation.sql:L237@s3_get_player_state[to_jsonb(row) exposes field] ; database/006_sprint3a_provenance_view_integrity_fix.sql:L146@s3_get_player_state[to_jsonb(row) exposes field] ; database/043_sprint7_teacher_console.sql:L67@s7_get_teacher_console[qualified/rowtype field reference] ; database/044_sprint7_focused_level1_corrections.sql:L58@s7_get_teacher_console[qualified/rowtype field reference] ; database/068_package_c_authoritative_pocket_inspection.sql:L74@s3_get_player_state[to_jsonb(row) exposes field],PENDING,,,
SN030,locked_at,runtime_player_decisions#12,F0146,runtime_player_decisions,12,database/002_runtime_runs_discussion.sql,81,0,11,,database/002_runtime_runs_discussion.sql:L1010@s2_get_teacher_state[qualified/rowtype field reference] ; database/002_runtime_runs_discussion.sql:L1016@s2_get_teacher_state[qualified/rowtype field reference] ; database/002_runtime_runs_discussion.sql:L859@s2_get_player_state[qualified/rowtype field reference] ; database/002_runtime_runs_discussion.sql:L872@s2_get_player_state[qualified/rowtype field reference] ; database/002_runtime_runs_discussion.sql:L887@s2_get_player_state[qualified/rowtype field reference] ; database/003_sprint2_discussionroom_audit_fix.sql:L406@s2_get_player_state[qualified/rowtype field reference] ; database/003_sprint2_discussionroom_audit_fix.sql:L419@s2_get_player_state[qualified/rowtype field reference] ; database/003_sprint2_discussionroom_audit_fix.sql:L434@s2_get_player_state[qualified/rowtype field reference] ; database/003_sprint2_discussionroom_audit_fix.sql:L559@s2_get_teacher_state[qualified/rowtype field reference] ; database/003_sprint2_discussionroom_audit_fix.sql:L565@s2_get_teacher_state[qualified/rowtype field reference] ; database/013_sprint3b_discussion_authority_and_request_identity.sql:L314@s2_submit_vote[SELECT * INTO row],PENDING,,,
SN030,locked_at,s1_player_decisions#08,F0162,s1_player_decisions,8,database/001_sprint1_core.sql,68,0,2,,database/001_sprint1_core.sql:L301@s1_get_player_state[to_jsonb(row) exposes field] ; database/001_sprint1_core.sql:L316@s1_get_player_state[qualified/rowtype field reference],PENDING,,,
SN030,locked_at,s3b_post_inspection_route_votes#09,F0276,s3b_post_inspection_route_votes,9,database/014_sprint3b_evidence_and_puzzle_integrity.sql,83,0,2,,database/014_sprint3b_evidence_and_puzzle_integrity.sql:L470@s3b_submit_post_inspection_route_vote[SELECT * INTO row] ; database/014_sprint3b_evidence_and_puzzle_integrity.sql:L604@s3b_get_player_state[qualified/rowtype field reference],PENDING,,,
SN030,locked_at,s5_act8_private_choices#05,F0296,s5_act8_private_choices,5,database/027_sprint5_act6_8_runtime.sql,24,0,2,,database/027_sprint5_act6_8_runtime.sql:L79@s5_submit_private_choice[SELECT * INTO row] ; database/029_sprint5_canonical_discussion_localization.sql:L92@s5_get_discussion_state[qualified/rowtype field reference],PENDING,,,
SN030,locked_at,s5_votes#07,F0322,s5_votes,7,database/027_sprint5_act6_8_runtime.sql,12,0,2,,database/027_sprint5_act6_8_runtime.sql:L48@s5_submit_vote[SELECT * INTO row] ; database/031_sprint5_focused_reaudit_corrections.sql:L30@s5_get_teacher_discussion_state[qualified/rowtype field reference],PENDING,,,
SN030,locked_at,s6_allocations#05,F0341,s6_allocations,5,database/033_sprint6_act9_13_runtime.sql,16,3,0,database/033_sprint6_act9_13_runtime.sql:L53@s6_submit_allocation[INSERT positional/all columns]{POSITIONAL_WRITE} ; database/034_sprint6_contract_hardening.sql:L23@s6_submit_allocation[INSERT positional/all columns]{POSITIONAL_WRITE} ; database/035_sprint6_focused_audit_corrections.sql:L61@s6_submit_allocation_guarded[INSERT positional/all columns]{POSITIONAL_WRITE},,PENDING,,,
SN030,locked_at,s6_choices#09,F0360,s6_choices,9,database/033_sprint6_act9_13_runtime.sql,15,6,3,database/033_sprint6_act9_13_runtime.sql:L40@s6_submit_group_choice[INSERT positional/all columns]{POSITIONAL_WRITE} ; database/033_sprint6_act9_13_runtime.sql:L49@s6_submit_private_choice[INSERT positional/all columns]{POSITIONAL_WRITE} ; database/034_sprint6_contract_hardening.sql:L10@s6_submit_group_choice[INSERT positional/all columns]{POSITIONAL_WRITE} ; database/034_sprint6_contract_hardening.sql:L20@s6_submit_private_choice[INSERT positional/all columns]{POSITIONAL_WRITE} ; database/035_sprint6_focused_audit_corrections.sql:L46@s6_submit_group_choice_guarded[INSERT positional/all columns]{POSITIONAL_WRITE} ; database/035_sprint6_focused_audit_corrections.sql:L57@s6_submit_private_choice_guarded[INSERT positional/all columns]{POSITIONAL_WRITE},database/065_package_b_player_wait_projection.sql:L11@s9_get_player_wait_state[SELECT * INTO row] ; database/066_package_b_wait_projection_locked_at_fix.sql:L11@s9_get_player_wait_state[SELECT * INTO row] ; database/067_package_b_allocation_progress_fix.sql:L11@s9_get_player_wait_state[SELECT * INTO row],PENDING,,,
SN031,observation_key,s3_observation_catalog#01,F0191,s3_observation_catalog,1,database/005_sprint3a_scene_pocket_knowledge_foundation.sql,22,2,0,database/005_sprint3a_scene_pocket_knowledge_foundation.sql:L105@TOP_LEVEL[INSERT explicit column]{DIRECT_OR_COMPUTED} ; database/009_sprint3b_act1_consequence_integrity.sql:L13@TOP_LEVEL[INSERT explicit column]{DIRECT_OR_COMPUTED},,PENDING,,,
SN031,observation_key,s3_player_observations#03,F0213,s3_player_observations,3,database/005_sprint3a_scene_pocket_knowledge_foundation.sql,41,1,3,database/005_sprint3a_scene_pocket_knowledge_foundation.sql:L121@s3_record_observation[INSERT explicit column]{DIRECT_OR_COMPUTED},database/005_sprint3a_scene_pocket_knowledge_foundation.sql:L236@s3_get_player_state[to_jsonb(row) exposes field] ; database/006_sprint3a_provenance_view_integrity_fix.sql:L145@s3_get_player_state[to_jsonb(row) exposes field] ; database/068_package_c_authoritative_pocket_inspection.sql:L73@s3_get_player_state[to_jsonb(row) exposes field],PENDING,,,
SN032,occurrence_id,act6_13_event_ledger#06,F0006,act6_13_event_ledger,6,database/037_level3_independent_audit_closure.sql,12,2,1,database/037_level3_independent_audit_closure.sql:L174@s6_mark_audio_consumed[INSERT explicit column]{DIRECT_OR_COMPUTED} ; database/037_level3_independent_audit_closure.sql:L79@act6_13_capture_s6_transition[INSERT explicit column]{DIRECT_OR_COMPUTED},database/037_level3_independent_audit_closure.sql:L183@act6_13_get_timeline[to_jsonb(row) exposes field],PENDING,,,
SN032,occurrence_id,s6_audio_consumptions#01,F0342,s6_audio_consumptions,1,database/037_level3_independent_audit_closure.sql,34,1,7,database/037_level3_independent_audit_closure.sql:L173@s6_mark_audio_consumed[INSERT explicit column]{DIRECT_OR_COMPUTED},database/043_sprint7_teacher_console.sql:L74@s7_get_teacher_console[qualified/rowtype field reference] ; database/044_sprint7_focused_level1_corrections.sql:L63@s7_get_teacher_console[qualified/rowtype field reference] ; database/046_sprint8_act14_finalization_export.sql:L42@s8_finalize[qualified/rowtype field reference] ; database/047_sprint8_export_completeness.sql:L32@s8_export_session[qualified/rowtype field reference] ; database/048_sprint8_focused_level1_corrections.sql:L117@s8_export_session[qualified/rowtype field reference] ; database/048_sprint8_focused_level1_corrections.sql:L50@s8_finalize[qualified/rowtype field reference] ; database/049_sprint8_final_closure.sql:L140@s8_verify_integrity[qualified/rowtype field reference],PENDING,,,
SN032,occurrence_id,s6_audio_occurrences#01,F0346,s6_audio_occurrences,1,database/037_level3_independent_audit_closure.sql,22,0,7,,database/037_level3_independent_audit_closure.sql:L170@s6_mark_audio_consumed[SELECT * INTO row] ; database/037_level3_independent_audit_closure.sql:L173@s6_mark_audio_consumed[qualified/rowtype field reference] ; database/037_level3_independent_audit_closure.sql:L174@s6_mark_audio_consumed[qualified/rowtype field reference] ; database/037_level3_independent_audit_closure.sql:L175@s6_mark_audio_consumed[qualified/rowtype field reference] ; database/046_sprint8_act14_finalization_export.sql:L42@s8_finalize[qualified/rowtype field reference] ; database/048_sprint8_focused_level1_corrections.sql:L50@s8_finalize[qualified/rowtype field reference] ; database/049_sprint8_final_closure.sql:L140@s8_verify_integrity[qualified/rowtype field reference],PENDING,,,
SN033,outcome,discussion_sessions#13,F0085,discussion_sessions,13,database/002_runtime_runs_discussion.sql,36,24,55,database/002_runtime_runs_discussion.sql:L414@s2_refresh_discussion[UPDATE SET]{DIRECT_OR_COMPUTED} ; database/002_runtime_runs_discussion.sql:L692@s2_submit_vote[UPDATE SET]{DIRECT_OR_COMPUTED} ; database/002_runtime_runs_discussion.sql:L715@s2_submit_vote[UPDATE SET]{DIRECT_OR_COMPUTED} ; database/002_runtime_runs_discussion.sql:L772@s2_submit_vote[UPDATE SET]{DIRECT_OR_COMPUTED} ; database/003_sprint2_discussionroom_audit_fix.sql:L238@s2_submit_vote[UPDATE SET]{DIRECT_OR_COMPUTED} ; database/003_sprint2_discussionroom_audit_fix.sql:L261@s2_submit_vote[UPDATE SET]{DIRECT_OR_COMPUTED} ; database/003_sprint2_discussionroom_audit_fix.sql:L318@s2_submit_vote[UPDATE SET]{DIRECT_OR_COMPUTED} ; database/004_sprint2_fallback_resolution_semantics.sql:L114@s2_submit_vote[UPDATE SET]{DIRECT_OR_COMPUTED} ; database/004_sprint2_fallback_resolution_semantics.sql:L171@s2_submit_vote[UPDATE SET]{DIRECT_OR_COMPUTED} ; database/004_sprint2_fallback_resolution_semantics.sql:L91@s2_submit_vote[UPDATE SET]{DIRECT_OR_COMPUTED} ; database/013_sprint3b_discussion_authority_and_request_identity.sql:L358@s2_submit_vote[UPDATE SET]{DIRECT_OR_COMPUTED} ; database/013_sprint3b_discussion_authority_and_request_identity.sql:L381@s2_submit_vote[UPDATE SET]{DIRECT_OR_COMPUTED} ; database/013_sprint3b_discussion_authority_and_request_identity.sql:L431@s2_submit_vote[UPDATE SET]{DIRECT_OR_COMPUTED} ; database/028_sprint5_round_event_link.sql:L27@TOP_LEVEL[INSERT explicit column]{DIRECT_OR_COMPUTED} ; database/028_sprint5_round_event_link.sql:L5@s5_mirror_round_for_audit[INSERT explicit column]{DIRECT_OR_COMPUTED} ; database/029_sprint5_canonical_discussion_localization.sql:L31@s5_configure_discussion[UPDATE SET]{DIRECT_OR_COMPUTED} ; database/029_sprint5_canonical_discussion_localization.sql:L59@s5_submit_vote[UPDATE SET]{DIRECT_OR_COMPUTED} ; database/031_sprint5_focused_reaudit_corrections.sql:L9@s5_configure_discussion[UPDATE SET]{DIRECT_OR_COMPUTED} ; database/032_sprint5_discussion_creation_restore.sql:L11@s5_configure_discussion[UPDATE SET]{DIRECT_OR_COMPUTED} ; database/035_sprint6_focused_audit_corrections.sql:L32@s6_open_discussion[UPDATE SET]{DIRECT_OR_COMPUTED} ; database/035_sprint6_focused_audit_corrections.sql:L42@s6_close_discussion_guarded[UPDATE SET]{DIRECT_OR_COMPUTED} ; database/037_level3_independent_audit_closure.sql:L149@s6_refresh_owned_discussion[UPDATE SET]{DIRECT_OR_COMPUTED} ; database/054_level3_integrated_closure.sql:L63@teacher_apply_override[UPDATE SET]{DIRECT_OR_COMPUTED} ; database/054_level3_integrated_closure.sql:L92@teacher_apply_override[UPDATE SET]{DIRECT_OR_COMPUTED},database/002_runtime_runs_discussion.sql:L1061@s2_get_teacher_state[qualified/rowtype field reference] ; database/002_runtime_runs_discussion.sql:L389@s2_refresh_discussion[SELECT * INTO row] ; database/002_runtime_runs_discussion.sql:L462@s2_open_vote[SELECT * INTO row] ; database/002_runtime_runs_discussion.sql:L519@s2_add_time[SELECT * INTO row] ; database/002_runtime_runs_discussion.sql:L568@s2_send_message[SELECT * INTO row] ; database/002_runtime_runs_discussion.sql:L576@s2_send_message[SELECT * INTO row] ; database/002_runtime_runs_discussion.sql:L633@s2_submit_vote[SELECT * INTO row] ; database/002_runtime_runs_discussion.sql:L642@s2_submit_vote[SELECT * INTO row] ; database/002_runtime_runs_discussion.sql:L827@s2_get_player_state[SELECT * INTO row] ; database/002_runtime_runs_discussion.sql:L835@s2_get_player_state[SELECT * INTO row] ; database/002_runtime_runs_discussion.sql:L902@s2_get_player_state[qualified/rowtype field reference] ; database/002_runtime_runs_discussion.sql:L947@s2_get_player_state[qualified/rowtype field reference] ; database/002_runtime_runs_discussion.sql:L980@s2_get_teacher_state[SELECT * INTO row] ; database/002_runtime_runs_discussion.sql:L988@s2_get_teacher_state[SELECT * INTO row] ; database/003_sprint2_discussionroom_audit_fix.sql:L179@s2_submit_vote[SELECT * INTO row] ; database/003_sprint2_discussionroom_audit_fix.sql:L188@s2_submit_vote[SELECT * INTO row] ; database/003_sprint2_discussionroom_audit_fix.sql:L373@s2_get_player_state[SELECT * INTO row] ; database/003_sprint2_discussionroom_audit_fix.sql:L381@s2_get_player_state[SELECT * INTO row] ; database/003_sprint2_discussionroom_audit_fix.sql:L449@s2_get_player_state[qualified/rowtype field reference] ; database/003_sprint2_discussionroom_audit_fix.sql:L494@s2_get_player_state[qualified/rowtype field reference] ; database/003_sprint2_discussionroom_audit_fix.sql:L528@s2_get_teacher_state[SELECT * INTO row] ; database/003_sprint2_discussionroom_audit_fix.sql:L536@s2_get_teacher_state[SELECT * INTO row] ; database/003_sprint2_discussionroom_audit_fix.sql:L623@s2_get_teacher_state[qualified/rowtype field reference] ; database/004_sprint2_fallback_resolution_semantics.sql:L32@s2_submit_vote[SELECT * INTO row] ; database/004_sprint2_fallback_resolution_semantics.sql:L41@s2_submit_vote[SELECT * INTO row] ; database/013_sprint3b_discussion_authority_and_request_identity.sql:L101@s3b_apply_resolved_discussion_internal[qualified/rowtype field reference] ; database/013_sprint3b_discussion_authority_and_request_identity.sql:L177@s3b_apply_resolved_discussion_internal[qualified/rowtype field reference] ; database/013_sprint3b_discussion_authority_and_request_identity.sql:L214@s2_send_message[SELECT * INTO row] ; database/013_sprint3b_discussion_authority_and_request_identity.sql:L237@s2_send_message[SELECT * INTO row] ; database/013_sprint3b_discussion_authority_and_request_identity.sql:L295@s2_submit_vote[SELECT * INTO row] ; database/013_sprint3b_discussion_authority_and_request_identity.sql:L305@s2_submit_vote[SELECT * INTO row] ; database/013_sprint3b_discussion_authority_and_request_identity.sql:L94@s3b_apply_resolved_discussion_internal[SELECT * INTO row] ; database/014a_sprint3b_inspect_reconnect_idempotency_fix.sql:L103@s3b_apply_resolved_discussion_internal[qualified/rowtype field reference] ; database/014a_sprint3b_inspect_reconnect_idempotency_fix.sql:L20@s3b_apply_resolved_discussion_internal[SELECT * INTO row] ; database/014a_sprint3b_inspect_reconnect_idempotency_fix.sql:L27@s3b_apply_resolved_discussion_internal[qualified/rowtype field reference] ; database/029_sprint5_canonical_discussion_localization.sql:L54@s5_submit_vote[SELECT * INTO row] ; database/029_sprint5_canonical_discussion_localization.sql:L85@s5_get_player_state[to_jsonb(row) exposes field] ; database/029_sprint5_canonical_discussion_localization.sql:L89@s5_get_discussion_state[SELECT * INTO row] ; database/031_sprint5_focused_reaudit_corrections.sql:L31@s5_get_teacher_discussion_state[qualified/rowtype field reference] ; database/037_level3_independent_audit_closure.sql:L146@s6_refresh_owned_discussion[SELECT * INTO row] ; database/037_level3_independent_audit_closure.sql:L159@s2_refresh_discussion[SELECT * INTO row] ; database/040_level2_closure_verification_support.sql:L14@s6_verify_expire_discussion[SELECT * INTO row] ; database/041_level2_normal_s5_verification_support.sql:L14@s5_verify_expire_discussion[SELECT * INTO row] ; database/043_sprint7_teacher_console.sql:L40@s7_get_teacher_console[SELECT * INTO row] ; database/044_sprint7_focused_level1_corrections.sql:L29@s7_get_teacher_console[SELECT * INTO row] ; database/050_sprint8_act2_verifier_projection_fix.sql:L16@s8_verify_integrity[qualified/rowtype field reference] ; database/050_sprint8_act2_verifier_projection_fix.sql:L18@s8_verify_integrity[qualified/rowtype field reference] ; database/050_sprint8_act2_verifier_projection_fix.sql:L23@s8_verify_integrity[qualified/rowtype field reference] ; database/050_sprint8_act2_verifier_projection_fix.sql:L26@s8_verify_integrity[qualified/rowtype field reference] ; database/050_sprint8_act2_verifier_projection_fix.sql:L27@s8_verify_integrity[qualified/rowtype field reference] ; database/050_sprint8_act2_verifier_projection_fix.sql:L29@s8_verify_integrity[qualified/rowtype field reference] ; database/054_level3_integrated_closure.sql:L134@s8_verify_integrity[qualified/rowtype field reference] ; database/054_level3_integrated_closure.sql:L135@s8_verify_integrity[qualified/rowtype field reference] ; database/054_level3_integrated_closure.sql:L59@teacher_apply_override[SELECT * INTO row] ; database/054_level3_integrated_closure.sql:L91@teacher_apply_override[SELECT * INTO row],PENDING,,,
SN033,outcome,s6_audio_consumptions#03,F0344,s6_audio_consumptions,3,database/037_level3_independent_audit_closure.sql,36,1,2,database/037_level3_independent_audit_closure.sql:L173@s6_mark_audio_consumed[INSERT explicit column]{DIRECT_OR_COMPUTED},database/047_sprint8_export_completeness.sql:L32@s8_export_session[qualified/rowtype field reference] ; database/048_sprint8_focused_level1_corrections.sql:L117@s8_export_session[qualified/rowtype field reference],PENDING,,,
SN034,override_id,teacher_override_validity#01,F0415,teacher_override_validity,1,database/015_sprint3c_minimal_safe_teacher_override.sql,20,6,2,database/015_sprint3c_minimal_safe_teacher_override.sql:L80@teacher_apply_override[INSERT explicit column]{DIRECT_OR_COMPUTED} ; database/054_level3_integrated_closure.sql:L29@teacher_apply_override[INSERT explicit column]{DIRECT_OR_COMPUTED} ; database/054_level3_integrated_closure.sql:L43@teacher_apply_override[INSERT explicit column]{DIRECT_OR_COMPUTED} ; database/054_level3_integrated_closure.sql:L82@teacher_apply_override[INSERT explicit column]{DIRECT_OR_COMPUTED} ; database/055_level2_override_export_residual_closure.sql:L44@teacher_apply_override[INSERT explicit column]{DIRECT_OR_COMPUTED} ; database/056_level2_override_validity_binding_fix.sql:L44@teacher_apply_override[INSERT explicit column]{DIRECT_OR_COMPUTED},database/047_sprint8_export_completeness.sql:L35@s8_export_session[qualified/rowtype field reference] ; database/048_sprint8_focused_level1_corrections.sql:L119@s8_export_session[qualified/rowtype field reference],PENDING,,,
SN034,override_id,teacher_overrides#01,F0421,teacher_overrides,1,database/015_sprint3c_minimal_safe_teacher_override.sql,4,11,16,database/015_sprint3c_minimal_safe_teacher_override.sql:L77@teacher_apply_override[INSERT positional/all columns]{POSITIONAL_WRITE} ; database/015_sprint3c_minimal_safe_teacher_override.sql:L90@teacher_apply_override[INSERT positional/all columns]{POSITIONAL_WRITE} ; database/015_sprint3c_minimal_safe_teacher_override.sql:L98@teacher_apply_override[INSERT positional/all columns]{POSITIONAL_WRITE} ; database/054_level3_integrated_closure.sql:L28@teacher_apply_override[INSERT positional/all columns]{POSITIONAL_WRITE} ; database/054_level3_integrated_closure.sql:L42@teacher_apply_override[INSERT positional/all columns]{POSITIONAL_WRITE} ; database/054_level3_integrated_closure.sql:L62@teacher_apply_override[INSERT positional/all columns]{POSITIONAL_WRITE} ; database/054_level3_integrated_closure.sql:L69@teacher_apply_override[INSERT positional/all columns]{POSITIONAL_WRITE} ; database/054_level3_integrated_closure.sql:L74@teacher_apply_override[INSERT positional/all columns]{POSITIONAL_WRITE} ; database/054_level3_integrated_closure.sql:L81@teacher_apply_override[INSERT positional/all columns]{POSITIONAL_WRITE} ; database/054_level3_integrated_closure.sql:L90@teacher_apply_override[INSERT positional/all columns]{POSITIONAL_WRITE} ; database/054_level3_integrated_closure.sql:L97@teacher_apply_override[INSERT positional/all columns]{POSITIONAL_WRITE},database/015_sprint3c_minimal_safe_teacher_override.sql:L46@s3b_log_formal_event_at_context[qualified/rowtype field reference] ; database/015_sprint3c_minimal_safe_teacher_override.sql:L47@s3b_log_formal_event_at_context[qualified/rowtype field reference] ; database/015_sprint3c_minimal_safe_teacher_override.sql:L49@s3b_log_formal_event_at_context[qualified/rowtype field reference] ; database/016_sprint3c_level1_narrow_corrections.sql:L56@s2_log_event[qualified/rowtype field reference] ; database/016_sprint3c_level1_narrow_corrections.sql:L58@s2_log_event[qualified/rowtype field reference] ; database/016_sprint3c_level1_narrow_corrections.sql:L61@s2_log_event[qualified/rowtype field reference] ; database/043_sprint7_teacher_console.sql:L81@s7_get_teacher_console[to_jsonb(row) exposes field] ; database/044_sprint7_focused_level1_corrections.sql:L65@s7_get_teacher_console[to_jsonb(row) exposes field] ; database/047_sprint8_export_completeness.sql:L35@s8_export_session[qualified/rowtype field reference] ; database/048_sprint8_focused_level1_corrections.sql:L119@s8_export_session[qualified/rowtype field reference] ; database/055_level2_override_export_residual_closure.sql:L18@teacher_apply_override[qualified/rowtype field reference] ; database/055_level2_override_export_residual_closure.sql:L54@teacher_apply_override[explicit table.column reference] ; database/055_level2_override_export_residual_closure.sql:L54@teacher_apply_override[qualified/rowtype field reference] ; database/056_level2_override_validity_binding_fix.sql:L18@teacher_apply_override[qualified/rowtype field reference] ; database/056_level2_override_validity_binding_fix.sql:L54@teacher_apply_override[qualified/rowtype field reference] ; database/057_teacher_override_event_scope_consistency.sql:L20@teacher_apply_override[qualified/rowtype field reference],PENDING,,,
SN035,paired_asset_group,asset_candidates#16,F0025,asset_candidates,16,database/018_sprint4_asset_manager_v2.sql,13,4,21,database/018_sprint4_asset_manager_v2.sql:L48@asset_manager_register_candidate[INSERT explicit column]{DIRECT_OR_COMPUTED} ; database/019_sprint4_teacher_authority_correction.sql:L48@asset_manager_register_candidate[INSERT explicit column]{DIRECT_OR_COMPUTED} ; database/024_sprint4_level1_narrow_corrections.sql:L39@asset_manager_import_candidate[INSERT explicit column]{DIRECT_OR_COMPUTED} ; database/025_sprint4_two_narrow_blockers.sql:L25@asset_manager_import_candidate[INSERT explicit column]{DIRECT_OR_COMPUTED},database/018_sprint4_asset_manager_v2.sql:L57@asset_manager_review[SELECT * INTO row] ; database/018_sprint4_asset_manager_v2.sql:L64@asset_manager_mark_published[SELECT * INTO row] ; database/018_sprint4_asset_manager_v2.sql:L70@asset_manager_activate[SELECT * INTO row] ; database/018_sprint4_asset_manager_v2.sql:L77@asset_resolve[SELECT * INTO row] ; database/018_sprint4_asset_manager_v2.sql:L81@asset_manager_state[to_jsonb(row) exposes field] ; database/019_sprint4_teacher_authority_correction.sql:L57@asset_manager_review[SELECT * INTO row] ; database/019_sprint4_teacher_authority_correction.sql:L64@asset_manager_mark_published[SELECT * INTO row] ; database/019_sprint4_teacher_authority_correction.sql:L70@asset_manager_activate[SELECT * INTO row] ; database/019_sprint4_teacher_authority_correction.sql:L77@asset_resolve[SELECT * INTO row] ; database/019_sprint4_teacher_authority_correction.sql:L81@asset_manager_state[to_jsonb(row) exposes field] ; database/021_sprint4_anchor_and_activation_controls.sql:L20@asset_manager_rollback[SELECT * INTO row] ; database/021_sprint4_anchor_and_activation_controls.sql:L8@asset_manager_save_anchors[SELECT * INTO row] ; database/022_sprint4_paired_activation_gate.sql:L10@asset_manager_activate[SELECT * INTO row] ; database/022_sprint4_paired_activation_gate.sql:L12@asset_manager_activate[qualified/rowtype field reference] ; database/022_sprint4_paired_activation_gate.sql:L14@asset_manager_activate[qualified/rowtype field reference] ; database/023_sprint4_rollback_state_correction.sql:L8@asset_manager_rollback[SELECT * INTO row] ; database/024_sprint4_level1_narrow_corrections.sql:L38@asset_manager_import_candidate[SELECT * INTO row] ; database/024_sprint4_level1_narrow_corrections.sql:L41@asset_manager_submit_for_review[SELECT * INTO row] ; database/025_sprint4_two_narrow_blockers.sql:L13@asset_manager_import_candidate[SELECT * INTO row] ; database/025_sprint4_two_narrow_blockers.sql:L54@asset_manager_transition_group[qualified/rowtype field reference] ; database/026_sprint4_group_target_and_registry_lock.sql:L36@asset_manager_transition_group[qualified/rowtype field reference],PENDING,,,
SN035,paired_asset_group,asset_registry_projection#10,F0058,asset_registry_projection,10,database/018_sprint4_asset_manager_v2.sql,5,3,15,database/018_sprint4_asset_manager_v2.sql:L31@asset_manager_sync_registry[INSERT explicit column]{DIRECT_OR_COMPUTED} ; database/019_sprint4_teacher_authority_correction.sql:L31@asset_manager_sync_registry[INSERT explicit column]{DIRECT_OR_COMPUTED} ; database/024_sprint4_level1_narrow_corrections.sql:L28@asset_manager_sync_registry[INSERT explicit column]{DIRECT_OR_COMPUTED},database/018_sprint4_asset_manager_v2.sql:L44@asset_manager_register_candidate[SELECT * INTO row] ; database/018_sprint4_asset_manager_v2.sql:L49@asset_manager_register_candidate[qualified/rowtype field reference] ; database/018_sprint4_asset_manager_v2.sql:L70@asset_manager_activate[SELECT * INTO row] ; database/018_sprint4_asset_manager_v2.sql:L76@asset_resolve[SELECT * INTO row] ; database/018_sprint4_asset_manager_v2.sql:L81@asset_manager_state[to_jsonb(row) exposes field] ; database/019_sprint4_teacher_authority_correction.sql:L44@asset_manager_register_candidate[SELECT * INTO row] ; database/019_sprint4_teacher_authority_correction.sql:L49@asset_manager_register_candidate[qualified/rowtype field reference] ; database/019_sprint4_teacher_authority_correction.sql:L70@asset_manager_activate[SELECT * INTO row] ; database/019_sprint4_teacher_authority_correction.sql:L76@asset_resolve[SELECT * INTO row] ; database/019_sprint4_teacher_authority_correction.sql:L81@asset_manager_state[to_jsonb(row) exposes field] ; database/022_sprint4_paired_activation_gate.sql:L14@asset_manager_activate[qualified/rowtype field reference] ; database/024_sprint4_level1_narrow_corrections.sql:L37@asset_manager_import_candidate[SELECT * INTO row] ; database/024_sprint4_level1_narrow_corrections.sql:L40@asset_manager_import_candidate[qualified/rowtype field reference] ; database/025_sprint4_two_narrow_blockers.sql:L26@asset_manager_import_candidate[qualified/rowtype field reference] ; database/025_sprint4_two_narrow_blockers.sql:L9@asset_manager_import_candidate[SELECT * INTO row],PENDING,,,
SN036,phase_key,act6_13_event_ledger#05,F0005,act6_13_event_ledger,5,database/037_level3_independent_audit_closure.sql,11,5,1,database/037_level3_independent_audit_closure.sql:L151@s6_refresh_owned_discussion[INSERT explicit column]{DIRECT_OR_COMPUTED} ; database/037_level3_independent_audit_closure.sql:L174@s6_mark_audio_consumed[INSERT explicit column]{DIRECT_OR_COMPUTED} ; database/037_level3_independent_audit_closure.sql:L49@act6_13_capture_s5_transition[INSERT explicit column]{DIRECT_OR_COMPUTED} ; database/037_level3_independent_audit_closure.sql:L75@act6_13_capture_s6_transition[INSERT explicit column]{DIRECT_OR_COMPUTED} ; database/037_level3_independent_audit_closure.sql:L79@act6_13_capture_s6_transition[INSERT explicit column]{DIRECT_OR_COMPUTED},database/037_level3_independent_audit_closure.sql:L183@act6_13_get_timeline[to_jsonb(row) exposes field],PENDING,,,
SN036,phase_key,dialogue_messages#05,F0067,dialogue_messages,5,database/002_runtime_runs_discussion.sql,59,4,2,database/002_runtime_runs_discussion.sql:L586@s2_send_message[INSERT explicit column]{DIRECT_OR_COMPUTED} ; database/013_sprint3b_discussion_authority_and_request_identity.sql:L246@s2_send_message[INSERT explicit column]{DIRECT_OR_COMPUTED} ; database/030_sprint5_exact_session_messages.sql:L12@s5_send_message[INSERT explicit column]{DIRECT_OR_COMPUTED} ; database/035_sprint6_focused_audit_corrections.sql:L40@s6_send_message_guarded[INSERT explicit column]{DIRECT_OR_COMPUTED},database/013_sprint3b_discussion_authority_and_request_identity.sql:L223@s2_send_message[SELECT * INTO row] ; database/030_sprint5_exact_session_messages.sql:L9@s5_send_message[SELECT * INTO row],PENDING,,,
SN036,phase_key,discussion_sessions#04,F0076,discussion_sessions,4,database/002_runtime_runs_discussion.sql,26,18,59,database/002_runtime_runs_discussion.sql:L342@s2_open_discussion[INSERT explicit column]{DIRECT_OR_COMPUTED} ; database/002_runtime_runs_discussion.sql:L735@s2_submit_vote[INSERT explicit column]{DIRECT_OR_COMPUTED} ; database/003_sprint2_discussionroom_audit_fix.sql:L117@s2_open_discussion[INSERT explicit column]{DIRECT_OR_COMPUTED} ; database/003_sprint2_discussionroom_audit_fix.sql:L281@s2_submit_vote[INSERT explicit column]{DIRECT_OR_COMPUTED} ; database/004_sprint2_fallback_resolution_semantics.sql:L134@s2_submit_vote[INSERT explicit column]{DIRECT_OR_COMPUTED} ; database/007_sprint3b_act1_5_placeholder_flow.sql:L140@s3b_leave_start_room[INSERT explicit column]{DIRECT_OR_COMPUTED} ; database/007_sprint3b_act1_5_placeholder_flow.sql:L249@s3b_submit_act4_choice[INSERT explicit column]{DIRECT_OR_COMPUTED} ; database/013_sprint3b_discussion_authority_and_request_identity.sql:L397@s2_submit_vote[INSERT explicit column]{DIRECT_OR_COMPUTED} ; database/028_sprint5_round_event_link.sql:L27@TOP_LEVEL[INSERT explicit column]{DIRECT_OR_COMPUTED} ; database/028_sprint5_round_event_link.sql:L5@s5_mirror_round_for_audit[INSERT explicit column]{DIRECT_OR_COMPUTED} ; database/029_sprint5_canonical_discussion_localization.sql:L20@s5_configure_discussion[INSERT explicit column]{DIRECT_OR_COMPUTED} ; database/029_sprint5_canonical_discussion_localization.sql:L30@s5_configure_discussion[UPDATE SET]{DIRECT_OR_COMPUTED} ; database/031_sprint5_focused_reaudit_corrections.sql:L9@s5_configure_discussion[UPDATE SET]{DIRECT_OR_COMPUTED} ; database/032_sprint5_discussion_creation_restore.sql:L11@s5_configure_discussion[UPDATE SET]{DIRECT_OR_COMPUTED} ; database/032_sprint5_discussion_creation_restore.sql:L9@s5_configure_discussion[INSERT explicit column]{DIRECT_OR_COMPUTED} ; database/035_sprint6_focused_audit_corrections.sql:L32@s6_open_discussion[INSERT explicit column]{DIRECT_OR_COMPUTED} ; database/054_level3_integrated_closure.sql:L55@teacher_apply_override[INSERT explicit column]{DIRECT_OR_COMPUTED} ; database/054_level3_integrated_closure.sql:L85@teacher_apply_override[INSERT explicit column]{DIRECT_OR_COMPUTED},database/002_runtime_runs_discussion.sql:L389@s2_refresh_discussion[SELECT * INTO row] ; database/002_runtime_runs_discussion.sql:L462@s2_open_vote[SELECT * INTO row] ; database/002_runtime_runs_discussion.sql:L519@s2_add_time[SELECT * INTO row] ; database/002_runtime_runs_discussion.sql:L568@s2_send_message[SELECT * INTO row] ; database/002_runtime_runs_discussion.sql:L576@s2_send_message[SELECT * INTO row] ; database/002_runtime_runs_discussion.sql:L591@s2_send_message[qualified/rowtype field reference] ; database/002_runtime_runs_discussion.sql:L633@s2_submit_vote[SELECT * INTO row] ; database/002_runtime_runs_discussion.sql:L642@s2_submit_vote[SELECT * INTO row] ; database/002_runtime_runs_discussion.sql:L661@s2_submit_vote[qualified/rowtype field reference] ; database/002_runtime_runs_discussion.sql:L742@s2_submit_vote[qualified/rowtype field reference] ; database/002_runtime_runs_discussion.sql:L827@s2_get_player_state[SELECT * INTO row] ; database/002_runtime_runs_discussion.sql:L835@s2_get_player_state[SELECT * INTO row] ; database/002_runtime_runs_discussion.sql:L980@s2_get_teacher_state[SELECT * INTO row] ; database/002_runtime_runs_discussion.sql:L988@s2_get_teacher_state[SELECT * INTO row] ; database/003_sprint2_discussionroom_audit_fix.sql:L179@s2_submit_vote[SELECT * INTO row] ; database/003_sprint2_discussionroom_audit_fix.sql:L188@s2_submit_vote[SELECT * INTO row] ; database/003_sprint2_discussionroom_audit_fix.sql:L207@s2_submit_vote[qualified/rowtype field reference] ; database/003_sprint2_discussionroom_audit_fix.sql:L288@s2_submit_vote[qualified/rowtype field reference] ; database/003_sprint2_discussionroom_audit_fix.sql:L373@s2_get_player_state[SELECT * INTO row] ; database/003_sprint2_discussionroom_audit_fix.sql:L381@s2_get_player_state[SELECT * INTO row] ; database/003_sprint2_discussionroom_audit_fix.sql:L528@s2_get_teacher_state[SELECT * INTO row] ; database/003_sprint2_discussionroom_audit_fix.sql:L536@s2_get_teacher_state[SELECT * INTO row] ; database/004_sprint2_fallback_resolution_semantics.sql:L141@s2_submit_vote[qualified/rowtype field reference] ; database/004_sprint2_fallback_resolution_semantics.sql:L32@s2_submit_vote[SELECT * INTO row] ; database/004_sprint2_fallback_resolution_semantics.sql:L41@s2_submit_vote[SELECT * INTO row] ; database/004_sprint2_fallback_resolution_semantics.sql:L60@s2_submit_vote[qualified/rowtype field reference] ; database/013_sprint3b_discussion_authority_and_request_identity.sql:L174@s3b_apply_resolved_discussion_internal[qualified/rowtype field reference] ; database/013_sprint3b_discussion_authority_and_request_identity.sql:L214@s2_send_message[SELECT * INTO row] ; database/013_sprint3b_discussion_authority_and_request_identity.sql:L237@s2_send_message[SELECT * INTO row] ; database/013_sprint3b_discussion_authority_and_request_identity.sql:L251@s2_send_message[qualified/rowtype field reference] ; database/013_sprint3b_discussion_authority_and_request_identity.sql:L295@s2_submit_vote[SELECT * INTO row] ; database/013_sprint3b_discussion_authority_and_request_identity.sql:L305@s2_submit_vote[SELECT * INTO row] ; database/013_sprint3b_discussion_authority_and_request_identity.sql:L332@s2_submit_vote[qualified/rowtype field reference] ; database/013_sprint3b_discussion_authority_and_request_identity.sql:L404@s2_submit_vote[qualified/rowtype field reference] ; database/013_sprint3b_discussion_authority_and_request_identity.sql:L94@s3b_apply_resolved_discussion_internal[SELECT * INTO row] ; database/014a_sprint3b_inspect_reconnect_idempotency_fix.sql:L100@s3b_apply_resolved_discussion_internal[qualified/rowtype field reference] ; database/014a_sprint3b_inspect_reconnect_idempotency_fix.sql:L20@s3b_apply_resolved_discussion_internal[SELECT * INTO row] ; database/029_sprint5_canonical_discussion_localization.sql:L54@s5_submit_vote[SELECT * INTO row] ; database/029_sprint5_canonical_discussion_localization.sql:L85@s5_get_player_state[to_jsonb(row) exposes field] ; database/029_sprint5_canonical_discussion_localization.sql:L89@s5_get_discussion_state[SELECT * INTO row] ; database/030_sprint5_exact_session_messages.sql:L12@s5_send_message[qualified/rowtype field reference] ; database/035_sprint6_focused_audit_corrections.sql:L40@s6_send_message_guarded[qualified/rowtype field reference] ; database/035_sprint6_focused_audit_corrections.sql:L42@s6_close_discussion_guarded[qualified/rowtype field reference] ; database/035_sprint6_focused_audit_corrections.sql:L72@s6_get_player_state[qualified/rowtype field reference] ; database/036_sprint6_four_open_findings.sql:L29@s6_get_player_state[qualified/rowtype field reference] ; database/037_level3_independent_audit_closure.sql:L146@s6_refresh_owned_discussion[SELECT * INTO row] ; database/037_level3_independent_audit_closure.sql:L159@s2_refresh_discussion[SELECT * INTO row] ; database/037_level3_independent_audit_closure.sql:L179@s6_get_player_state[qualified/rowtype field reference] ; database/040_level2_closure_verification_support.sql:L14@s6_verify_expire_discussion[SELECT * INTO row] ; database/040_level2_closure_verification_support.sql:L20@s6_verify_expire_discussion[qualified/rowtype field reference] ; database/041_level2_normal_s5_verification_support.sql:L14@s5_verify_expire_discussion[SELECT * INTO row] ; database/041_level2_normal_s5_verification_support.sql:L21@s5_verify_expire_discussion[qualified/rowtype field reference] ; database/043_sprint7_teacher_console.sql:L40@s7_get_teacher_console[SELECT * INTO row] ; database/044_sprint7_focused_level1_corrections.sql:L29@s7_get_teacher_console[SELECT * INTO row] ; database/050_sprint8_act2_verifier_projection_fix.sql:L25@s8_verify_integrity[qualified/rowtype field reference] ; database/054_level3_integrated_closure.sql:L135@s8_verify_integrity[qualified/rowtype field reference] ; database/054_level3_integrated_closure.sql:L59@teacher_apply_override[SELECT * INTO row] ; database/054_level3_integrated_closure.sql:L91@teacher_apply_override[SELECT * INTO row] ; database/055_level2_override_export_residual_closure.sql:L32@teacher_apply_override[qualified/rowtype field reference],PENDING,,,
SN036,phase_key,game_runs#08,F0109,game_runs,8,database/002_runtime_runs_discussion.sql,12,3,41,database/046_sprint8_act14_finalization_export.sql:L56@s8_finalize[UPDATE SET]{DIRECT_OR_COMPUTED} ; database/048_sprint8_focused_level1_corrections.sql:L72@s8_finalize[UPDATE SET]{DIRECT_OR_COMPUTED} ; database/049_sprint8_final_closure.sql:L169@s8_finalize[UPDATE SET]{DIRECT_OR_COMPUTED},database/002_runtime_runs_discussion.sql:L262@s2_open_discussion[SELECT * INTO row] ; database/002_runtime_runs_discussion.sql:L349@s2_open_discussion[qualified/rowtype field reference] ; database/002_runtime_runs_discussion.sql:L398@s2_refresh_discussion[SELECT * INTO row] ; database/003_sprint2_discussionroom_audit_fix.sql:L124@s2_open_discussion[qualified/rowtype field reference] ; database/003_sprint2_discussionroom_audit_fix.sql:L45@s2_open_discussion[SELECT * INTO row] ; database/013_sprint3b_discussion_authority_and_request_identity.sql:L291@s2_submit_vote[SELECT * INTO row] ; database/013_sprint3b_discussion_authority_and_request_identity.sql:L61@s2_open_discussion[SELECT * INTO row] ; database/013_sprint3b_discussion_authority_and_request_identity.sql:L91@s3b_apply_resolved_discussion_internal[SELECT * INTO row] ; database/014_sprint3b_evidence_and_puzzle_integrity.sql:L386@s3b_submit_library_code[SELECT * INTO row] ; database/014_sprint3b_evidence_and_puzzle_integrity.sql:L466@s3b_submit_post_inspection_route_vote[SELECT * INTO row] ; database/014a_sprint3b_inspect_reconnect_idempotency_fix.sql:L17@s3b_apply_resolved_discussion_internal[SELECT * INTO row] ; database/014b_sprint3b_targeted_closure_corrections.sql:L106@s3b_complete_act1[SELECT * INTO row] ; database/014b_sprint3b_targeted_closure_corrections.sql:L112@s3b_submit_first_meeting[SELECT * INTO row] ; database/014b_sprint3b_targeted_closure_corrections.sql:L121@s3b_grab[SELECT * INTO row] ; database/014b_sprint3b_targeted_closure_corrections.sql:L126@s3b_leave_start_room[SELECT * INTO row] ; database/014b_sprint3b_targeted_closure_corrections.sql:L131@s3b_ack_route_update[SELECT * INTO row] ; database/014b_sprint3b_targeted_closure_corrections.sql:L136@s3b_complete_foldback[SELECT * INTO row] ; database/014b_sprint3b_targeted_closure_corrections.sql:L141@s3b_follow_sign[SELECT * INTO row] ; database/014b_sprint3b_targeted_closure_corrections.sql:L147@s3b_submit_act4_choice[SELECT * INTO row] ; database/014b_sprint3b_targeted_closure_corrections.sql:L18@s3b_initialize_flow[SELECT * INTO row] ; database/014b_sprint3b_targeted_closure_corrections.sql:L194@s3b_audit_set_private_debug_view[SELECT * INTO row] ; database/014b_sprint3b_targeted_closure_corrections.sql:L83@s3b_ack_act1_opening[SELECT * INTO row] ; database/014b_sprint3b_targeted_closure_corrections.sql:L94@s3b_submit_act1_choice[SELECT * INTO row] ; database/015_sprint3c_minimal_safe_teacher_override.sql:L69@teacher_apply_override[SELECT * INTO row] ; database/017_sprint3c_override_act2_entry_correction.sql:L20@s3b_submit_first_meeting[SELECT * INTO row] ; database/043_sprint7_teacher_console.sql:L14@s7_set_audit_private_debug[SELECT * INTO row] ; database/043_sprint7_teacher_console.sql:L33@s7_get_teacher_console[SELECT * INTO row] ; database/043_sprint7_teacher_console.sql:L45@s7_get_teacher_console[qualified/rowtype field reference] ; database/043_sprint7_teacher_console.sql:L77@s7_get_teacher_console[qualified/rowtype field reference] ; database/044_sprint7_focused_level1_corrections.sql:L22@s7_get_teacher_console[SELECT * INTO row] ; database/044_sprint7_focused_level1_corrections.sql:L35@s7_get_teacher_console[qualified/rowtype field reference] ; database/044_sprint7_focused_level1_corrections.sql:L44@s7_get_teacher_console[qualified/rowtype field reference] ; database/044_sprint7_focused_level1_corrections.sql:L48@s7_get_teacher_console[qualified/rowtype field reference] ; database/044_sprint7_focused_level1_corrections.sql:L65@s7_get_teacher_console[qualified/rowtype field reference] ; database/046_sprint8_act14_finalization_export.sql:L89@s8_export_session[qualified/rowtype field reference] ; database/047_sprint8_export_completeness.sql:L12@s8_export_session[qualified/rowtype field reference] ; database/048_sprint8_focused_level1_corrections.sql:L108@s8_export_session[qualified/rowtype field reference] ; database/048_sprint8_focused_level1_corrections.sql:L22@s8_finalize[SELECT * INTO row] ; database/049_sprint8_final_closure.sql:L156@s8_finalize[SELECT * INTO row] ; database/049_sprint8_final_closure.sql:L70@s8_verify_integrity[SELECT * INTO row] ; database/054_level3_integrated_closure.sql:L20@teacher_apply_override[SELECT * INTO row],PENDING,,,
SN036,phase_key,runtime_events#10,F0128,runtime_events,10,database/014_sprint3b_evidence_and_puzzle_integrity.sql,47,19,2,database/014_sprint3b_evidence_and_puzzle_integrity.sql:L114@s2_log_event[INSERT explicit column]{DIRECT_OR_COMPUTED} ; database/014_sprint3b_evidence_and_puzzle_integrity.sql:L154@s3b_log_formal_event[INSERT explicit column]{DIRECT_OR_COMPUTED} ; database/014_sprint3b_evidence_and_puzzle_integrity.sql:L214@s3b_set_scene[INSERT explicit column]{DIRECT_OR_COMPUTED} ; database/014_sprint3b_evidence_and_puzzle_integrity.sql:L57@TOP_LEVEL[UPDATE SET]{DERIVED_OR_COPY} ; database/014b_sprint3b_targeted_closure_corrections.sql:L63@s3b_log_formal_event_at_context[INSERT explicit column]{DIRECT_OR_COMPUTED} ; database/015_sprint3c_minimal_safe_teacher_override.sql:L53@s3b_log_formal_event_at_context[INSERT explicit column]{DIRECT_OR_COMPUTED} ; database/015_sprint3c_minimal_safe_teacher_override.sql:L78@teacher_apply_override[INSERT explicit column]{DIRECT_OR_COMPUTED} ; database/015_sprint3c_minimal_safe_teacher_override.sql:L91@teacher_apply_override[INSERT explicit column]{DIRECT_OR_COMPUTED} ; database/015_sprint3c_minimal_safe_teacher_override.sql:L99@teacher_apply_override[INSERT explicit column]{DIRECT_OR_COMPUTED} ; database/016_sprint3c_level1_narrow_corrections.sql:L65@s2_log_event[INSERT explicit column]{DIRECT_OR_COMPUTED} ; database/043_sprint7_teacher_console.sql:L19@s7_set_audit_private_debug[INSERT explicit column]{DIRECT_OR_COMPUTED} ; database/045_sprint7_teacher_intervention_provenance.sql:L18@TOP_LEVEL[INSERT explicit column]{DIRECT_OR_COMPUTED} ; database/045_sprint7_teacher_intervention_provenance.sql:L26@s5_teacher_open_vote[INSERT explicit column]{DIRECT_OR_COMPUTED} ; database/045_sprint7_teacher_intervention_provenance.sql:L32@s5_teacher_add_time[INSERT explicit column]{DIRECT_OR_COMPUTED} ; database/045_sprint7_teacher_intervention_provenance.sql:L8@s7_mirror_teacher_discussion_event[INSERT explicit column]{DIRECT_OR_COMPUTED} ; database/046_sprint8_act14_finalization_export.sql:L57@s8_finalize[INSERT explicit column]{DIRECT_OR_COMPUTED} ; database/048_sprint8_focused_level1_corrections.sql:L73@s8_finalize[INSERT explicit column]{DIRECT_OR_COMPUTED} ; database/049_sprint8_final_closure.sql:L170@s8_finalize[INSERT explicit column]{DIRECT_OR_COMPUTED} ; database/054_level3_integrated_closure.sql:L102@teacher_apply_override[INSERT explicit column]{DIRECT_OR_COMPUTED},database/014b_sprint3b_targeted_closure_corrections.sql:L171@s2_get_teacher_state[qualified/rowtype field reference] ; database/014b_sprint3b_targeted_closure_corrections.sql:L178@s2_get_teacher_state[qualified/rowtype field reference],PENDING,,,
SN036,phase_key,runtime_player_decisions#05,F0139,runtime_player_decisions,5,database/002_runtime_runs_discussion.sql,74,4,2,database/002_runtime_runs_discussion.sql:L656@s2_submit_vote[INSERT explicit column]{DIRECT_OR_COMPUTED} ; database/003_sprint2_discussionroom_audit_fix.sql:L202@s2_submit_vote[INSERT explicit column]{DIRECT_OR_COMPUTED} ; database/004_sprint2_fallback_resolution_semantics.sql:L55@s2_submit_vote[INSERT explicit column]{DIRECT_OR_COMPUTED} ; database/013_sprint3b_discussion_authority_and_request_identity.sql:L327@s2_submit_vote[INSERT explicit column]{DIRECT_OR_COMPUTED},database/013_sprint3b_discussion_authority_and_request_identity.sql:L314@s2_submit_vote[SELECT * INTO row] ; database/056_level2_override_validity_binding_fix.sql:L32@teacher_apply_override[qualified/rowtype field reference],PENDING,,,
SN036,phase_key,s3_runtime_scene_state#03,F0219,s3_runtime_scene_state,3,database/005_sprint3a_scene_pocket_knowledge_foundation.sql,6,4,104,database/005_sprint3a_scene_pocket_knowledge_foundation.sql:L171@s3_initialize_audit_fixture[INSERT explicit column]{DIRECT_OR_COMPUTED} ; database/006_sprint3a_provenance_view_integrity_fix.sql:L108@s3_initialize_audit_fixture[INSERT explicit column]{DIRECT_OR_COMPUTED} ; database/007_sprint3b_act1_5_placeholder_flow.sql:L65@s3b_set_scene[INSERT explicit column]{DIRECT_OR_COMPUTED} ; database/014_sprint3b_evidence_and_puzzle_integrity.sql:L190@s3b_set_scene[INSERT explicit column]{DIRECT_OR_COMPUTED},database/005_sprint3a_scene_pocket_knowledge_foundation.sql:L234@s3_get_player_state[to_jsonb(row) exposes field] ; database/006_sprint3a_provenance_view_integrity_fix.sql:L143@s3_get_player_state[to_jsonb(row) exposes field] ; database/007_sprint3b_act1_5_placeholder_flow.sql:L284@s3b_get_player_state[to_jsonb(row) exposes field] ; database/010_sprint3b_flow_integrity_and_inspect_fix.sql:L121@s3b_apply_act5_resolution[qualified/rowtype field reference] ; database/010_sprint3b_flow_integrity_and_inspect_fix.sql:L143@s3b_choose_post_inspection_route[qualified/rowtype field reference] ; database/010_sprint3b_flow_integrity_and_inspect_fix.sql:L158@s3b_complete_foldback[qualified/rowtype field reference] ; database/010_sprint3b_flow_integrity_and_inspect_fix.sql:L42@s3b_guard_player_progress_phase[qualified/rowtype field reference] ; database/010_sprint3b_flow_integrity_and_inspect_fix.sql:L43@s3b_guard_player_progress_phase[qualified/rowtype field reference] ; database/010_sprint3b_flow_integrity_and_inspect_fix.sql:L44@s3b_guard_player_progress_phase[qualified/rowtype field reference] ; database/010_sprint3b_flow_integrity_and_inspect_fix.sql:L45@s3b_guard_player_progress_phase[qualified/rowtype field reference] ; database/010_sprint3b_flow_integrity_and_inspect_fix.sql:L46@s3b_guard_player_progress_phase[qualified/rowtype field reference] ; database/010_sprint3b_flow_integrity_and_inspect_fix.sql:L47@s3b_guard_player_progress_phase[qualified/rowtype field reference] ; database/010_sprint3b_flow_integrity_and_inspect_fix.sql:L59@s3b_guard_run_state_phase[qualified/rowtype field reference] ; database/010_sprint3b_flow_integrity_and_inspect_fix.sql:L60@s3b_guard_run_state_phase[qualified/rowtype field reference] ; database/010_sprint3b_flow_integrity_and_inspect_fix.sql:L62@s3b_guard_run_state_phase[qualified/rowtype field reference] ; database/013_sprint3b_discussion_authority_and_request_identity.sql:L511@s2_get_teacher_state[to_jsonb(row) exposes field] ; database/014_sprint3b_evidence_and_puzzle_integrity.sql:L153@s3b_log_formal_event[SELECT * INTO row] ; database/014_sprint3b_evidence_and_puzzle_integrity.sql:L160@s3b_log_formal_event[qualified/rowtype field reference] ; database/014_sprint3b_evidence_and_puzzle_integrity.sql:L185@s3b_set_scene[SELECT * INTO row] ; database/014_sprint3b_evidence_and_puzzle_integrity.sql:L211@s3b_set_scene[qualified/rowtype field reference] ; database/014_sprint3b_evidence_and_puzzle_integrity.sql:L219@s3b_set_scene[qualified/rowtype field reference] ; database/014_sprint3b_evidence_and_puzzle_integrity.sql:L540@s3_share_photo[SELECT * INTO row] ; database/014b_sprint3b_targeted_closure_corrections.sql:L106@s3b_complete_act1[SELECT * INTO row] ; database/014b_sprint3b_targeted_closure_corrections.sql:L106@s3b_complete_act1[qualified/rowtype field reference] ; database/014b_sprint3b_targeted_closure_corrections.sql:L112@s3b_submit_first_meeting[SELECT * INTO row] ; database/014b_sprint3b_targeted_closure_corrections.sql:L114@s3b_submit_first_meeting[qualified/rowtype field reference] ; database/014b_sprint3b_targeted_closure_corrections.sql:L121@s3b_grab[SELECT * INTO row] ; database/014b_sprint3b_targeted_closure_corrections.sql:L121@s3b_grab[qualified/rowtype field reference] ; database/014b_sprint3b_targeted_closure_corrections.sql:L126@s3b_leave_start_room[SELECT * INTO row] ; database/014b_sprint3b_targeted_closure_corrections.sql:L126@s3b_leave_start_room[qualified/rowtype field reference] ; database/014b_sprint3b_targeted_closure_corrections.sql:L131@s3b_ack_route_update[SELECT * INTO row] ; database/014b_sprint3b_targeted_closure_corrections.sql:L131@s3b_ack_route_update[qualified/rowtype field reference] ; database/014b_sprint3b_targeted_closure_corrections.sql:L136@s3b_complete_foldback[SELECT * INTO row] ; database/014b_sprint3b_targeted_closure_corrections.sql:L136@s3b_complete_foldback[qualified/rowtype field reference] ; database/014b_sprint3b_targeted_closure_corrections.sql:L141@s3b_follow_sign[SELECT * INTO row] ; database/014b_sprint3b_targeted_closure_corrections.sql:L141@s3b_follow_sign[qualified/rowtype field reference] ; database/014b_sprint3b_targeted_closure_corrections.sql:L147@s3b_submit_act4_choice[SELECT * INTO row] ; database/014b_sprint3b_targeted_closure_corrections.sql:L149@s3b_submit_act4_choice[qualified/rowtype field reference] ; database/014b_sprint3b_targeted_closure_corrections.sql:L83@s3b_ack_act1_opening[SELECT * INTO row] ; database/014b_sprint3b_targeted_closure_corrections.sql:L84@s3b_ack_act1_opening[qualified/rowtype field reference] ; database/014b_sprint3b_targeted_closure_corrections.sql:L94@s3b_submit_act1_choice[SELECT * INTO row] ; database/014b_sprint3b_targeted_closure_corrections.sql:L97@s3b_submit_act1_choice[qualified/rowtype field reference] ; database/015_sprint3c_minimal_safe_teacher_override.sql:L100@teacher_apply_override[qualified/rowtype field reference] ; database/015_sprint3c_minimal_safe_teacher_override.sql:L109@teacher_apply_override[qualified/rowtype field reference] ; database/015_sprint3c_minimal_safe_teacher_override.sql:L121@s2_get_teacher_state[SELECT * INTO row] ; database/015_sprint3c_minimal_safe_teacher_override.sql:L123@s2_get_teacher_state[qualified/rowtype field reference] ; database/015_sprint3c_minimal_safe_teacher_override.sql:L124@s2_get_teacher_state[qualified/rowtype field reference] ; database/015_sprint3c_minimal_safe_teacher_override.sql:L125@s2_get_teacher_state[qualified/rowtype field reference] ; database/015_sprint3c_minimal_safe_teacher_override.sql:L71@teacher_apply_override[SELECT * INTO row] ; database/015_sprint3c_minimal_safe_teacher_override.sql:L74@teacher_apply_override[qualified/rowtype field reference] ; database/015_sprint3c_minimal_safe_teacher_override.sql:L77@teacher_apply_override[qualified/rowtype field reference] ; database/015_sprint3c_minimal_safe_teacher_override.sql:L79@teacher_apply_override[qualified/rowtype field reference] ; database/015_sprint3c_minimal_safe_teacher_override.sql:L86@teacher_apply_override[qualified/rowtype field reference] ; database/015_sprint3c_minimal_safe_teacher_override.sql:L90@teacher_apply_override[qualified/rowtype field reference] ; database/015_sprint3c_minimal_safe_teacher_override.sql:L92@teacher_apply_override[qualified/rowtype field reference] ; database/015_sprint3c_minimal_safe_teacher_override.sql:L94@teacher_apply_override[qualified/rowtype field reference] ; database/015_sprint3c_minimal_safe_teacher_override.sql:L98@teacher_apply_override[qualified/rowtype field reference] ; database/017_sprint3c_override_act2_entry_correction.sql:L23@s3b_submit_first_meeting[SELECT * INTO row] ; database/017_sprint3c_override_act2_entry_correction.sql:L24@s3b_submit_first_meeting[qualified/rowtype field reference] ; database/017_sprint3c_override_act2_entry_correction.sql:L38@s3b_submit_first_meeting[qualified/rowtype field reference] ; database/043_sprint7_teacher_console.sql:L18@s7_set_audit_private_debug[SELECT * INTO row] ; database/043_sprint7_teacher_console.sql:L20@s7_set_audit_private_debug[qualified/rowtype field reference] ; database/043_sprint7_teacher_console.sql:L35@s7_get_teacher_console[SELECT * INTO row] ; database/043_sprint7_teacher_console.sql:L45@s7_get_teacher_console[qualified/rowtype field reference] ; database/043_sprint7_teacher_console.sql:L46@s7_get_teacher_console[qualified/rowtype field reference] ; database/043_sprint7_teacher_console.sql:L47@s7_get_teacher_console[qualified/rowtype field reference] ; database/043_sprint7_teacher_console.sql:L48@s7_get_teacher_console[qualified/rowtype field reference] ; database/043_sprint7_teacher_console.sql:L49@s7_get_teacher_console[qualified/rowtype field reference] ; database/043_sprint7_teacher_console.sql:L77@s7_get_teacher_console[qualified/rowtype field reference] ; database/044_sprint7_focused_level1_corrections.sql:L24@s7_get_teacher_console[SELECT * INTO row] ; database/044_sprint7_focused_level1_corrections.sql:L35@s7_get_teacher_console[qualified/rowtype field reference] ; database/044_sprint7_focused_level1_corrections.sql:L36@s7_get_teacher_console[qualified/rowtype field reference] ; database/044_sprint7_focused_level1_corrections.sql:L37@s7_get_teacher_console[qualified/rowtype field reference] ; database/044_sprint7_focused_level1_corrections.sql:L38@s7_get_teacher_console[qualified/rowtype field reference] ; database/044_sprint7_focused_level1_corrections.sql:L39@s7_get_teacher_console[qualified/rowtype field reference] ; database/044_sprint7_focused_level1_corrections.sql:L44@s7_get_teacher_console[qualified/rowtype field reference] ; database/044_sprint7_focused_level1_corrections.sql:L48@s7_get_teacher_console[qualified/rowtype field reference] ; database/044_sprint7_focused_level1_corrections.sql:L65@s7_get_teacher_console[qualified/rowtype field reference] ; database/054_level3_integrated_closure.sql:L103@teacher_apply_override[qualified/rowtype field reference] ; database/054_level3_integrated_closure.sql:L105@teacher_apply_override[qualified/rowtype field reference] ; database/054_level3_integrated_closure.sql:L116@s2_get_teacher_state[SELECT * INTO row] ; database/054_level3_integrated_closure.sql:L118@s2_get_teacher_state[qualified/rowtype field reference] ; database/054_level3_integrated_closure.sql:L119@s2_get_teacher_state[qualified/rowtype field reference] ; database/054_level3_integrated_closure.sql:L22@teacher_apply_override[SELECT * INTO row] ; database/054_level3_integrated_closure.sql:L23@teacher_apply_override[qualified/rowtype field reference] ; database/054_level3_integrated_closure.sql:L25@teacher_apply_override[qualified/rowtype field reference] ; database/054_level3_integrated_closure.sql:L28@teacher_apply_override[qualified/rowtype field reference] ; database/054_level3_integrated_closure.sql:L35@teacher_apply_override[qualified/rowtype field reference] ; database/054_level3_integrated_closure.sql:L39@teacher_apply_override[qualified/rowtype field reference] ; database/054_level3_integrated_closure.sql:L42@teacher_apply_override[qualified/rowtype field reference] ; database/054_level3_integrated_closure.sql:L58@teacher_apply_override[qualified/rowtype field reference] ; database/054_level3_integrated_closure.sql:L59@teacher_apply_override[qualified/rowtype field reference] ; database/054_level3_integrated_closure.sql:L62@teacher_apply_override[qualified/rowtype field reference] ; database/054_level3_integrated_closure.sql:L66@teacher_apply_override[qualified/rowtype field reference] ; database/054_level3_integrated_closure.sql:L69@teacher_apply_override[qualified/rowtype field reference] ; database/054_level3_integrated_closure.sql:L73@teacher_apply_override[qualified/rowtype field reference] ; database/054_level3_integrated_closure.sql:L74@teacher_apply_override[qualified/rowtype field reference] ; database/054_level3_integrated_closure.sql:L79@teacher_apply_override[qualified/rowtype field reference] ; database/054_level3_integrated_closure.sql:L81@teacher_apply_override[qualified/rowtype field reference] ; database/054_level3_integrated_closure.sql:L88@teacher_apply_override[qualified/rowtype field reference] ; database/054_level3_integrated_closure.sql:L90@teacher_apply_override[qualified/rowtype field reference] ; database/054_level3_integrated_closure.sql:L95@teacher_apply_override[qualified/rowtype field reference] ; database/054_level3_integrated_closure.sql:L97@teacher_apply_override[qualified/rowtype field reference] ; database/068_package_c_authoritative_pocket_inspection.sql:L70@s3_get_player_state[to_jsonb(row) exposes field],PENDING,,,
SN036,phase_key,s5_rounds#03,F0299,s5_rounds,3,database/027_sprint5_act6_8_runtime.sql,17,9,6,database/027_sprint5_act6_8_runtime.sql:L42@s5_initialize[INSERT explicit column]{DIRECT_OR_COMPUTED} ; database/027_sprint5_act6_8_runtime.sql:L59@s5_submit_vote[INSERT explicit column]{DIRECT_OR_COMPUTED} ; database/027_sprint5_act6_8_runtime.sql:L65@s5_submit_vote[INSERT explicit column]{DIRECT_OR_COMPUTED} ; database/027_sprint5_act6_8_runtime.sql:L72@s5_advance[INSERT explicit column]{DIRECT_OR_COMPUTED} ; database/027_sprint5_act6_8_runtime.sql:L82@s5_submit_private_choice[INSERT explicit column]{DIRECT_OR_COMPUTED} ; database/037_level3_independent_audit_closure.sql:L95@s5_ensure_initialized[INSERT explicit column]{DIRECT_OR_COMPUTED} ; database/039_level3_s5_canonical_discussion_fix.sql:L13@s5_ensure_initialized[INSERT explicit column]{DIRECT_OR_COMPUTED} ; database/061_package_a_act6_entry_timer_barrier.sql:L13@s5_ensure_initialized[INSERT explicit column]{DIRECT_OR_COMPUTED} ; database/062_package_a_prepared_event_fk_fix.sql:L14@s5_ensure_initialized[INSERT explicit column]{DIRECT_OR_COMPUTED},database/027_sprint5_act6_8_runtime.sql:L49@s5_submit_vote[SELECT * INTO row] ; database/029_sprint5_canonical_discussion_localization.sql:L85@s5_get_player_state[qualified/rowtype field reference] ; database/029_sprint5_canonical_discussion_localization.sql:L89@s5_get_discussion_state[qualified/rowtype field reference] ; database/030_sprint5_exact_session_messages.sql:L10@s5_send_message[qualified/rowtype field reference] ; database/031_sprint5_focused_reaudit_corrections.sql:L30@s5_get_teacher_discussion_state[qualified/rowtype field reference] ; database/053_sprint8_act6_effective_round_integrity.sql:L33@s8_verify_integrity[qualified/rowtype field reference],PENDING,,,
SN036,phase_key,s5_run_state#03,F0308,s5_run_state,3,database/027_sprint5_act6_8_runtime.sql,4,8,60,database/027_sprint5_act6_8_runtime.sql:L58@s5_submit_vote[UPDATE SET]{DIRECT_OR_COMPUTED} ; database/027_sprint5_act6_8_runtime.sql:L63@s5_submit_vote[UPDATE SET]{DIRECT_OR_COMPUTED} ; database/027_sprint5_act6_8_runtime.sql:L64@s5_submit_vote[UPDATE SET]{DIRECT_OR_COMPUTED} ; database/027_sprint5_act6_8_runtime.sql:L66@s5_submit_vote[UPDATE SET]{DIRECT_OR_COMPUTED} ; database/027_sprint5_act6_8_runtime.sql:L72@s5_advance[UPDATE SET]{DIRECT_OR_COMPUTED} ; database/027_sprint5_act6_8_runtime.sql:L73@s5_advance[UPDATE SET]{DIRECT_OR_COMPUTED} ; database/027_sprint5_act6_8_runtime.sql:L74@s5_advance[UPDATE SET]{DIRECT_OR_COMPUTED} ; database/027_sprint5_act6_8_runtime.sql:L82@s5_submit_private_choice[UPDATE SET]{DIRECT_OR_COMPUTED},database/027_sprint5_act6_8_runtime.sql:L47@s5_submit_vote[SELECT * INTO row] ; database/027_sprint5_act6_8_runtime.sql:L49@s5_submit_vote[qualified/rowtype field reference] ; database/027_sprint5_act6_8_runtime.sql:L50@s5_submit_vote[qualified/rowtype field reference] ; database/027_sprint5_act6_8_runtime.sql:L52@s5_submit_vote[qualified/rowtype field reference] ; database/027_sprint5_act6_8_runtime.sql:L53@s5_submit_vote[qualified/rowtype field reference] ; database/027_sprint5_act6_8_runtime.sql:L54@s5_submit_vote[qualified/rowtype field reference] ; database/027_sprint5_act6_8_runtime.sql:L55@s5_submit_vote[qualified/rowtype field reference] ; database/027_sprint5_act6_8_runtime.sql:L56@s5_submit_vote[qualified/rowtype field reference] ; database/027_sprint5_act6_8_runtime.sql:L58@s5_submit_vote[qualified/rowtype field reference] ; database/027_sprint5_act6_8_runtime.sql:L59@s5_submit_vote[qualified/rowtype field reference] ; database/027_sprint5_act6_8_runtime.sql:L63@s5_submit_vote[qualified/rowtype field reference] ; database/027_sprint5_act6_8_runtime.sql:L64@s5_submit_vote[qualified/rowtype field reference] ; database/027_sprint5_act6_8_runtime.sql:L65@s5_submit_vote[qualified/rowtype field reference] ; database/027_sprint5_act6_8_runtime.sql:L71@s5_advance[SELECT * INTO row] ; database/027_sprint5_act6_8_runtime.sql:L72@s5_advance[qualified/rowtype field reference] ; database/027_sprint5_act6_8_runtime.sql:L73@s5_advance[qualified/rowtype field reference] ; database/027_sprint5_act6_8_runtime.sql:L74@s5_advance[qualified/rowtype field reference] ; database/027_sprint5_act6_8_runtime.sql:L79@s5_submit_private_choice[SELECT * INTO row] ; database/027_sprint5_act6_8_runtime.sql:L79@s5_submit_private_choice[qualified/rowtype field reference] ; database/027_sprint5_act6_8_runtime.sql:L86@s5_get_player_state[SELECT * INTO row] ; database/027_sprint5_act6_8_runtime.sql:L87@s5_get_player_state[qualified/rowtype field reference] ; database/027_sprint5_act6_8_runtime.sql:L89@s5_get_player_state[qualified/rowtype field reference] ; database/027_sprint5_act6_8_runtime.sql:L89@s5_get_player_state[to_jsonb(row) exposes field] ; database/029_sprint5_canonical_discussion_localization.sql:L57@s5_submit_vote[SELECT * INTO row] ; database/029_sprint5_canonical_discussion_localization.sql:L64@s5_submit_vote[qualified/rowtype field reference] ; database/029_sprint5_canonical_discussion_localization.sql:L65@s5_submit_vote[qualified/rowtype field reference] ; database/029_sprint5_canonical_discussion_localization.sql:L73@s5_advance[SELECT * INTO row] ; database/029_sprint5_canonical_discussion_localization.sql:L73@s5_advance[qualified/rowtype field reference] ; database/029_sprint5_canonical_discussion_localization.sql:L79@s5_submit_private_choice[SELECT * INTO row] ; database/029_sprint5_canonical_discussion_localization.sql:L79@s5_submit_private_choice[qualified/rowtype field reference] ; database/029_sprint5_canonical_discussion_localization.sql:L85@s5_get_player_state[SELECT * INTO row] ; database/029_sprint5_canonical_discussion_localization.sql:L85@s5_get_player_state[qualified/rowtype field reference] ; database/029_sprint5_canonical_discussion_localization.sql:L89@s5_get_discussion_state[SELECT * INTO row] ; database/029_sprint5_canonical_discussion_localization.sql:L89@s5_get_discussion_state[qualified/rowtype field reference] ; database/029_sprint5_canonical_discussion_localization.sql:L91@s5_get_discussion_state[qualified/rowtype field reference] ; database/029_sprint5_canonical_discussion_localization.sql:L98@s5_audit_expire_discussion[SELECT * INTO row] ; database/029_sprint5_canonical_discussion_localization.sql:L98@s5_audit_expire_discussion[qualified/rowtype field reference] ; database/030_sprint5_exact_session_messages.sql:L10@s5_send_message[qualified/rowtype field reference] ; database/030_sprint5_exact_session_messages.sql:L8@s5_send_message[SELECT * INTO row] ; database/031_sprint5_focused_reaudit_corrections.sql:L19@s5_advance[qualified/rowtype field reference] ; database/031_sprint5_focused_reaudit_corrections.sql:L30@s5_get_teacher_discussion_state[qualified/rowtype field reference] ; database/031_sprint5_focused_reaudit_corrections.sql:L33@s5_teacher_open_vote[qualified/rowtype field reference] ; database/031_sprint5_focused_reaudit_corrections.sql:L34@s5_teacher_add_time[qualified/rowtype field reference] ; database/037_level3_independent_audit_closure.sql:L48@act6_13_capture_s5_transition[OLD.field trigger reference] ; database/037_level3_independent_audit_closure.sql:L50@act6_13_capture_s5_transition[OLD.field trigger reference] ; database/043_sprint7_teacher_console.sql:L37@s7_get_teacher_console[SELECT * INTO row] ; database/043_sprint7_teacher_console.sql:L49@s7_get_teacher_console[qualified/rowtype field reference] ; database/043_sprint7_teacher_console.sql:L50@s7_get_teacher_console[qualified/rowtype field reference] ; database/044_sprint7_focused_level1_corrections.sql:L26@s7_get_teacher_console[SELECT * INTO row] ; database/044_sprint7_focused_level1_corrections.sql:L39@s7_get_teacher_console[qualified/rowtype field reference] ; database/044_sprint7_focused_level1_corrections.sql:L40@s7_get_teacher_console[qualified/rowtype field reference] ; database/045_sprint7_teacher_intervention_provenance.sql:L25@s5_teacher_open_vote[qualified/rowtype field reference] ; database/045_sprint7_teacher_intervention_provenance.sql:L26@s5_teacher_open_vote[qualified/rowtype field reference] ; database/045_sprint7_teacher_intervention_provenance.sql:L31@s5_teacher_add_time[qualified/rowtype field reference] ; database/045_sprint7_teacher_intervention_provenance.sql:L32@s5_teacher_add_time[qualified/rowtype field reference] ; database/049_sprint8_final_closure.sql:L73@s8_verify_integrity[SELECT * INTO row] ; database/054_level3_integrated_closure.sql:L129@s8_verify_integrity[SELECT * INTO row] ; database/059_structural_lifecycle_transition_spine.sql:L64@s9_enter_act6[SELECT * INTO row] ; database/061_package_a_act6_entry_timer_barrier.sql:L57@s9_enter_act6[SELECT * INTO row] ; database/063_package_a_player_entry_column_fix.sql:L32@s9_enter_act6[SELECT * INTO row],PENDING,,,
SN036,phase_key,s5_votes#02,F0317,s5_votes,2,database/027_sprint5_act6_8_runtime.sql,11,1,2,database/027_sprint5_act6_8_runtime.sql:L52@s5_submit_vote[INSERT explicit column]{DIRECT_OR_COMPUTED},database/027_sprint5_act6_8_runtime.sql:L48@s5_submit_vote[SELECT * INTO row] ; database/031_sprint5_focused_reaudit_corrections.sql:L30@s5_get_teacher_discussion_state[qualified/rowtype field reference],PENDING,,,
SN036,phase_key,s6_audio_occurrences#04,F0349,s6_audio_occurrences,4,database/037_level3_independent_audit_closure.sql,25,1,2,database/037_level3_independent_audit_closure.sql:L63@act6_13_prepare_s6_state[INSERT explicit column]{DIRECT_OR_COMPUTED},database/037_level3_independent_audit_closure.sql:L170@s6_mark_audio_consumed[SELECT * INTO row] ; database/037_level3_independent_audit_closure.sql:L174@s6_mark_audio_consumed[qualified/rowtype field reference],PENDING,,,
SN036,phase_key,s6_choices#02,F0353,s6_choices,2,database/033_sprint6_act9_13_runtime.sql,15,6,8,database/033_sprint6_act9_13_runtime.sql:L40@s6_submit_group_choice[INSERT positional/all columns]{POSITIONAL_WRITE} ; database/033_sprint6_act9_13_runtime.sql:L49@s6_submit_private_choice[INSERT positional/all columns]{POSITIONAL_WRITE} ; database/034_sprint6_contract_hardening.sql:L10@s6_submit_group_choice[INSERT positional/all columns]{POSITIONAL_WRITE} ; database/034_sprint6_contract_hardening.sql:L20@s6_submit_private_choice[INSERT positional/all columns]{POSITIONAL_WRITE} ; database/035_sprint6_focused_audit_corrections.sql:L46@s6_submit_group_choice_guarded[INSERT positional/all columns]{POSITIONAL_WRITE} ; database/035_sprint6_focused_audit_corrections.sql:L57@s6_submit_private_choice_guarded[INSERT positional/all columns]{POSITIONAL_WRITE},database/034_sprint6_contract_hardening.sql:L25@s6_get_player_state[qualified/rowtype field reference] ; database/035_sprint6_focused_audit_corrections.sql:L72@s6_get_player_state[qualified/rowtype field reference] ; database/036_sprint6_four_open_findings.sql:L29@s6_get_player_state[qualified/rowtype field reference] ; database/037_level3_independent_audit_closure.sql:L179@s6_get_player_state[qualified/rowtype field reference] ; database/049_sprint8_final_closure.sql:L115@s8_verify_integrity[qualified/rowtype field reference] ; database/065_package_b_player_wait_projection.sql:L11@s9_get_player_wait_state[SELECT * INTO row] ; database/066_package_b_wait_projection_locked_at_fix.sql:L11@s9_get_player_wait_state[SELECT * INTO row] ; database/067_package_b_allocation_progress_fix.sql:L11@s9_get_player_wait_state[SELECT * INTO row],PENDING,,,
SN036,phase_key,s6_run_state#03,F0374,s6_run_state,3,database/033_sprint6_act9_13_runtime.sql,4,27,70,database/033_sprint6_act9_13_runtime.sql:L35@s6_open_act9_console[UPDATE SET]{DIRECT_OR_COMPUTED} ; database/033_sprint6_act9_13_runtime.sql:L43@s6_submit_group_choice[UPDATE SET]{DIRECT_OR_COMPUTED} ; database/033_sprint6_act9_13_runtime.sql:L47@s6_submit_group_choice[UPDATE SET]{DIRECT_OR_COMPUTED} ; database/033_sprint6_act9_13_runtime.sql:L49@s6_submit_private_choice[UPDATE SET]{DIRECT_OR_COMPUTED} ; database/033_sprint6_act9_13_runtime.sql:L51@s6_advance[UPDATE SET]{DIRECT_OR_COMPUTED} ; database/033_sprint6_act9_13_runtime.sql:L53@s6_submit_allocation[UPDATE SET]{DIRECT_OR_COMPUTED} ; database/033_sprint6_act9_13_runtime.sql:L55@s6_engage[UPDATE SET]{DIRECT_OR_COMPUTED} ; database/034_sprint6_contract_hardening.sql:L13@s6_submit_group_choice[UPDATE SET]{DIRECT_OR_COMPUTED} ; database/034_sprint6_contract_hardening.sql:L17@s6_submit_group_choice[UPDATE SET]{DIRECT_OR_COMPUTED} ; database/034_sprint6_contract_hardening.sql:L20@s6_submit_private_choice[UPDATE SET]{DIRECT_OR_COMPUTED} ; database/034_sprint6_contract_hardening.sql:L23@s6_submit_allocation[UPDATE SET]{DIRECT_OR_COMPUTED} ; database/035_sprint6_focused_audit_corrections.sql:L42@s6_close_discussion_guarded[UPDATE SET]{DIRECT_OR_COMPUTED} ; database/035_sprint6_focused_audit_corrections.sql:L47@s6_submit_group_choice_guarded[UPDATE SET]{DIRECT_OR_COMPUTED} ; database/035_sprint6_focused_audit_corrections.sql:L49@s6_submit_group_choice_guarded[UPDATE SET]{DIRECT_OR_COMPUTED} ; database/035_sprint6_focused_audit_corrections.sql:L52@s6_submit_group_choice_guarded[UPDATE SET]{DIRECT_OR_COMPUTED} ; database/035_sprint6_focused_audit_corrections.sql:L54@s6_submit_group_choice_guarded[UPDATE SET]{DIRECT_OR_COMPUTED} ; database/035_sprint6_focused_audit_corrections.sql:L57@s6_submit_private_choice_guarded[UPDATE SET]{DIRECT_OR_COMPUTED} ; database/035_sprint6_focused_audit_corrections.sql:L59@s6_advance_guarded[UPDATE SET]{DIRECT_OR_COMPUTED} ; database/035_sprint6_focused_audit_corrections.sql:L61@s6_submit_allocation_guarded[UPDATE SET]{DIRECT_OR_COMPUTED} ; database/035_sprint6_focused_audit_corrections.sql:L65@s6_engage[UPDATE SET]{DIRECT_OR_COMPUTED} ; database/035_sprint6_focused_audit_corrections.sql:L67@s6_engage_guarded[UPDATE SET]{DIRECT_OR_COMPUTED} ; database/035_sprint6_focused_audit_corrections.sql:L69@s6_tick_cinematic[UPDATE SET]{DIRECT_OR_COMPUTED} ; database/036_sprint6_four_open_findings.sql:L27@s6_tick_cinematic[UPDATE SET]{DIRECT_OR_COMPUTED} ; database/037_level3_independent_audit_closure.sql:L150@s6_refresh_owned_discussion[UPDATE SET]{DIRECT_OR_COMPUTED} ; database/046_sprint8_act14_finalization_export.sql:L55@s8_finalize[UPDATE SET]{DIRECT_OR_COMPUTED} ; database/048_sprint8_focused_level1_corrections.sql:L71@s8_finalize[UPDATE SET]{DIRECT_OR_COMPUTED} ; database/049_sprint8_final_closure.sql:L168@s8_finalize[UPDATE SET]{DIRECT_OR_COMPUTED},database/033_sprint6_act9_13_runtime.sql:L40@s6_submit_group_choice[qualified/rowtype field reference] ; database/033_sprint6_act9_13_runtime.sql:L42@s6_submit_group_choice[qualified/rowtype field reference] ; database/033_sprint6_act9_13_runtime.sql:L43@s6_submit_group_choice[qualified/rowtype field reference] ; database/033_sprint6_act9_13_runtime.sql:L49@s6_submit_private_choice[qualified/rowtype field reference] ; database/033_sprint6_act9_13_runtime.sql:L51@s6_advance[qualified/rowtype field reference] ; database/033_sprint6_act9_13_runtime.sql:L53@s6_submit_allocation[qualified/rowtype field reference] ; database/033_sprint6_act9_13_runtime.sql:L55@s6_engage[qualified/rowtype field reference] ; database/033_sprint6_act9_13_runtime.sql:L57@s6_get_player_state[to_jsonb(row) exposes field] ; database/034_sprint6_contract_hardening.sql:L10@s6_submit_group_choice[qualified/rowtype field reference] ; database/034_sprint6_contract_hardening.sql:L12@s6_submit_group_choice[qualified/rowtype field reference] ; database/034_sprint6_contract_hardening.sql:L13@s6_submit_group_choice[qualified/rowtype field reference] ; database/034_sprint6_contract_hardening.sql:L19@s6_submit_private_choice[qualified/rowtype field reference] ; database/034_sprint6_contract_hardening.sql:L20@s6_submit_private_choice[qualified/rowtype field reference] ; database/034_sprint6_contract_hardening.sql:L22@s6_submit_allocation[qualified/rowtype field reference] ; database/034_sprint6_contract_hardening.sql:L25@s6_get_player_state[qualified/rowtype field reference] ; database/034_sprint6_contract_hardening.sql:L25@s6_get_player_state[to_jsonb(row) exposes field] ; database/034_sprint6_contract_hardening.sql:L7@s6_submit_group_choice[qualified/rowtype field reference] ; database/034_sprint6_contract_hardening.sql:L8@s6_submit_group_choice[qualified/rowtype field reference] ; database/034_sprint6_contract_hardening.sql:L9@s6_submit_group_choice[qualified/rowtype field reference] ; database/035_sprint6_focused_audit_corrections.sql:L46@s6_submit_group_choice_guarded[qualified/rowtype field reference] ; database/035_sprint6_focused_audit_corrections.sql:L48@s6_submit_group_choice_guarded[qualified/rowtype field reference] ; database/035_sprint6_focused_audit_corrections.sql:L49@s6_submit_group_choice_guarded[qualified/rowtype field reference] ; database/035_sprint6_focused_audit_corrections.sql:L57@s6_submit_private_choice_guarded[qualified/rowtype field reference] ; database/035_sprint6_focused_audit_corrections.sql:L59@s6_advance_guarded[qualified/rowtype field reference] ; database/035_sprint6_focused_audit_corrections.sql:L61@s6_submit_allocation_guarded[qualified/rowtype field reference] ; database/035_sprint6_focused_audit_corrections.sql:L63@s6_complete_station_guarded[qualified/rowtype field reference] ; database/035_sprint6_focused_audit_corrections.sql:L65@s6_engage[qualified/rowtype field reference] ; database/035_sprint6_focused_audit_corrections.sql:L67@s6_engage_guarded[qualified/rowtype field reference] ; database/035_sprint6_focused_audit_corrections.sql:L69@s6_tick_cinematic[qualified/rowtype field reference] ; database/035_sprint6_focused_audit_corrections.sql:L72@s6_get_player_state[qualified/rowtype field reference] ; database/035_sprint6_focused_audit_corrections.sql:L72@s6_get_player_state[to_jsonb(row) exposes field] ; database/036_sprint6_four_open_findings.sql:L27@s6_tick_cinematic[qualified/rowtype field reference] ; database/036_sprint6_four_open_findings.sql:L29@s6_get_player_state[qualified/rowtype field reference] ; database/036_sprint6_four_open_findings.sql:L29@s6_get_player_state[to_jsonb(row) exposes field] ; database/037_level3_independent_audit_closure.sql:L144@s6_refresh_owned_discussion[SELECT * INTO row] ; database/037_level3_independent_audit_closure.sql:L145@s6_refresh_owned_discussion[qualified/rowtype field reference] ; database/037_level3_independent_audit_closure.sql:L146@s6_refresh_owned_discussion[qualified/rowtype field reference] ; database/037_level3_independent_audit_closure.sql:L148@s6_refresh_owned_discussion[qualified/rowtype field reference] ; database/037_level3_independent_audit_closure.sql:L151@s6_refresh_owned_discussion[qualified/rowtype field reference] ; database/037_level3_independent_audit_closure.sql:L179@s6_get_player_state[qualified/rowtype field reference] ; database/037_level3_independent_audit_closure.sql:L179@s6_get_player_state[to_jsonb(row) exposes field] ; database/037_level3_independent_audit_closure.sql:L74@act6_13_capture_s6_transition[OLD.field trigger reference] ; database/037_level3_independent_audit_closure.sql:L76@act6_13_capture_s6_transition[OLD.field trigger reference] ; database/043_sprint7_teacher_console.sql:L36@s7_get_teacher_console[SELECT * INTO row] ; database/043_sprint7_teacher_console.sql:L51@s7_get_teacher_console[qualified/rowtype field reference] ; database/043_sprint7_teacher_console.sql:L52@s7_get_teacher_console[qualified/rowtype field reference] ; database/043_sprint7_teacher_console.sql:L53@s7_get_teacher_console[qualified/rowtype field reference] ; database/043_sprint7_teacher_console.sql:L55@s7_get_teacher_console[qualified/rowtype field reference] ; database/044_sprint7_focused_level1_corrections.sql:L25@s7_get_teacher_console[SELECT * INTO row] ; database/044_sprint7_focused_level1_corrections.sql:L41@s7_get_teacher_console[qualified/rowtype field reference] ; database/044_sprint7_focused_level1_corrections.sql:L42@s7_get_teacher_console[qualified/rowtype field reference] ; database/044_sprint7_focused_level1_corrections.sql:L43@s7_get_teacher_console[qualified/rowtype field reference] ; database/046_sprint8_act14_finalization_export.sql:L34@s8_finalize[SELECT * INTO row] ; database/048_sprint8_focused_level1_corrections.sql:L33@s8_finalize[SELECT * INTO row] ; database/049_sprint8_final_closure.sql:L137@s8_verify_integrity[qualified/rowtype field reference] ; database/049_sprint8_final_closure.sql:L74@s8_verify_integrity[SELECT * INTO row] ; database/054_level3_integrated_closure.sql:L129@s8_verify_integrity[SELECT * INTO row] ; database/065_package_b_player_wait_projection.sql:L11@s9_get_player_wait_state[qualified/rowtype field reference] ; database/065_package_b_player_wait_projection.sql:L12@s9_get_player_wait_state[qualified/rowtype field reference] ; database/065_package_b_player_wait_projection.sql:L15@s9_get_player_wait_state[qualified/rowtype field reference] ; database/065_package_b_player_wait_projection.sql:L9@s9_get_player_wait_state[SELECT * INTO row] ; database/066_package_b_wait_projection_locked_at_fix.sql:L11@s9_get_player_wait_state[qualified/rowtype field reference] ; database/066_package_b_wait_projection_locked_at_fix.sql:L12@s9_get_player_wait_state[qualified/rowtype field reference] ; database/066_package_b_wait_projection_locked_at_fix.sql:L15@s9_get_player_wait_state[qualified/rowtype field reference] ; database/066_package_b_wait_projection_locked_at_fix.sql:L9@s9_get_player_wait_state[SELECT * INTO row] ; database/067_package_b_allocation_progress_fix.sql:L11@s9_get_player_wait_state[qualified/rowtype field reference] ; database/067_package_b_allocation_progress_fix.sql:L12@s9_get_player_wait_state[qualified/rowtype field reference] ; database/067_package_b_allocation_progress_fix.sql:L15@s9_get_player_wait_state[qualified/rowtype field reference] ; database/067_package_b_allocation_progress_fix.sql:L19@s9_get_player_wait_state[qualified/rowtype field reference] ; database/067_package_b_allocation_progress_fix.sql:L9@s9_get_player_wait_state[SELECT * INTO row],PENDING,,,
SN037,player_id,act6_13_event_ledger#07,F0007,act6_13_event_ledger,7,database/037_level3_independent_audit_closure.sql,13,1,1,database/037_level3_independent_audit_closure.sql:L174@s6_mark_audio_consumed[INSERT explicit column]{DIRECT_OR_COMPUTED},database/037_level3_independent_audit_closure.sql:L183@act6_13_get_timeline[to_jsonb(row) exposes field],PENDING,,,
SN037,player_id,dialogue_messages#07,F0069,dialogue_messages,7,database/002_runtime_runs_discussion.sql,61,4,8,database/002_runtime_runs_discussion.sql:L586@s2_send_message[INSERT explicit column]{DIRECT_OR_COMPUTED} ; database/013_sprint3b_discussion_authority_and_request_identity.sql:L246@s2_send_message[INSERT explicit column]{DIRECT_OR_COMPUTED} ; database/030_sprint5_exact_session_messages.sql:L12@s5_send_message[INSERT explicit column]{DIRECT_OR_COMPUTED} ; database/035_sprint6_focused_audit_corrections.sql:L40@s6_send_message_guarded[INSERT explicit column]{DIRECT_OR_COMPUTED},database/002_runtime_runs_discussion.sql:L1001@s2_get_teacher_state[qualified/rowtype field reference] ; database/002_runtime_runs_discussion.sql:L848@s2_get_player_state[qualified/rowtype field reference] ; database/003_sprint2_discussionroom_audit_fix.sql:L394@s2_get_player_state[qualified/rowtype field reference] ; database/003_sprint2_discussionroom_audit_fix.sql:L549@s2_get_teacher_state[qualified/rowtype field reference] ; database/003_sprint2_discussionroom_audit_fix.sql:L588@s2_get_teacher_state[qualified/rowtype field reference] ; database/013_sprint3b_discussion_authority_and_request_identity.sql:L223@s2_send_message[SELECT * INTO row] ; database/029_sprint5_canonical_discussion_localization.sql:L90@s5_get_discussion_state[qualified/rowtype field reference] ; database/030_sprint5_exact_session_messages.sql:L9@s5_send_message[SELECT * INTO row],PENDING,,,
SN037,player_id,runtime_player_decisions#08,F0142,runtime_player_decisions,8,database/002_runtime_runs_discussion.sql,77,4,16,database/002_runtime_runs_discussion.sql:L656@s2_submit_vote[INSERT explicit column]{DIRECT_OR_COMPUTED} ; database/003_sprint2_discussionroom_audit_fix.sql:L202@s2_submit_vote[INSERT explicit column]{DIRECT_OR_COMPUTED} ; database/004_sprint2_fallback_resolution_semantics.sql:L55@s2_submit_vote[INSERT explicit column]{DIRECT_OR_COMPUTED} ; database/013_sprint3b_discussion_authority_and_request_identity.sql:L327@s2_submit_vote[INSERT explicit column]{DIRECT_OR_COMPUTED},database/002_runtime_runs_discussion.sql:L1023@s2_get_teacher_state[qualified/rowtype field reference] ; database/002_runtime_runs_discussion.sql:L863@s2_get_player_state[qualified/rowtype field reference] ; database/002_runtime_runs_discussion.sql:L876@s2_get_player_state[qualified/rowtype field reference] ; database/002_runtime_runs_discussion.sql:L891@s2_get_player_state[qualified/rowtype field reference] ; database/002_runtime_runs_discussion.sql:L911@s2_get_player_state[qualified/rowtype field reference] ; database/003_sprint2_discussionroom_audit_fix.sql:L410@s2_get_player_state[qualified/rowtype field reference] ; database/003_sprint2_discussionroom_audit_fix.sql:L423@s2_get_player_state[qualified/rowtype field reference] ; database/003_sprint2_discussionroom_audit_fix.sql:L438@s2_get_player_state[qualified/rowtype field reference] ; database/003_sprint2_discussionroom_audit_fix.sql:L458@s2_get_player_state[qualified/rowtype field reference] ; database/003_sprint2_discussionroom_audit_fix.sql:L572@s2_get_teacher_state[qualified/rowtype field reference] ; database/013_sprint3b_discussion_authority_and_request_identity.sql:L314@s2_submit_vote[SELECT * INTO row] ; database/050_sprint8_act2_verifier_projection_fix.sql:L28@s8_verify_integrity[qualified/rowtype field reference] ; database/055_level2_override_export_residual_closure.sql:L41@teacher_apply_override[qualified/rowtype field reference] ; database/055_level2_override_export_residual_closure.sql:L50@teacher_apply_override[qualified/rowtype field reference] ; database/056_level2_override_validity_binding_fix.sql:L41@teacher_apply_override[qualified/rowtype field reference] ; database/056_level2_override_validity_binding_fix.sql:L50@teacher_apply_override[qualified/rowtype field reference],PENDING,,,
SN037,player_id,s1_player_decisions#04,F0158,s1_player_decisions,4,database/001_sprint1_core.sql,64,1,3,database/001_sprint1_core.sql:L381@s1_submit_private_choice[INSERT explicit column]{DIRECT_OR_COMPUTED},database/001_sprint1_core.sql:L301@s1_get_player_state[to_jsonb(row) exposes field] ; database/001_sprint1_core.sql:L306@s1_get_player_state[qualified/rowtype field reference] ; database/001_sprint1_core.sql:L320@s1_get_player_state[qualified/rowtype field reference],PENDING,,,
SN037,player_id,s1_room_players#01,F0163,s1_room_players,1,database/001_sprint1_core.sql,20,0,280,,database/001_sprint1_core.sql:L212@s1_join_player[SELECT * INTO row] ; database/001_sprint1_core.sql:L231@s1_join_player[qualified/rowtype field reference] ; database/001_sprint1_core.sql:L234@s1_join_player[qualified/rowtype field reference] ; database/001_sprint1_core.sql:L238@s1_join_player[qualified/rowtype field reference] ; database/001_sprint1_core.sql:L255@s1_get_player_by_session[SELECT * INTO row] ; database/001_sprint1_core.sql:L267@s1_get_player_by_session[qualified/rowtype field reference] ; database/001_sprint1_core.sql:L306@s1_get_player_state[qualified/rowtype field reference] ; database/001_sprint1_core.sql:L311@s1_get_player_state[qualified/rowtype field reference] ; database/001_sprint1_core.sql:L320@s1_get_player_state[qualified/rowtype field reference] ; database/001_sprint1_core.sql:L328@s1_get_player_state[qualified/rowtype field reference] ; database/001_sprint1_core.sql:L382@s1_submit_private_choice[qualified/rowtype field reference] ; database/001_sprint1_core.sql:L385@s1_submit_private_choice[qualified/rowtype field reference] ; database/002_runtime_runs_discussion.sql:L1001@s2_get_teacher_state[qualified/rowtype field reference] ; database/002_runtime_runs_discussion.sql:L1007@s2_get_teacher_state[qualified/rowtype field reference] ; database/002_runtime_runs_discussion.sql:L1014@s2_get_teacher_state[qualified/rowtype field reference] ; database/002_runtime_runs_discussion.sql:L1023@s2_get_teacher_state[qualified/rowtype field reference] ; database/002_runtime_runs_discussion.sql:L591@s2_send_message[qualified/rowtype field reference] ; database/002_runtime_runs_discussion.sql:L596@s2_send_message[qualified/rowtype field reference] ; database/002_runtime_runs_discussion.sql:L662@s2_submit_vote[qualified/rowtype field reference] ; database/002_runtime_runs_discussion.sql:L667@s2_submit_vote[qualified/rowtype field reference] ; database/002_runtime_runs_discussion.sql:L848@s2_get_player_state[qualified/rowtype field reference] ; database/002_runtime_runs_discussion.sql:L863@s2_get_player_state[qualified/rowtype field reference] ; database/002_runtime_runs_discussion.sql:L876@s2_get_player_state[qualified/rowtype field reference] ; database/002_runtime_runs_discussion.sql:L891@s2_get_player_state[qualified/rowtype field reference] ; database/002_runtime_runs_discussion.sql:L911@s2_get_player_state[qualified/rowtype field reference] ; database/002_runtime_runs_discussion.sql:L931@s2_get_player_state[qualified/rowtype field reference] ; database/003_sprint2_discussionroom_audit_fix.sql:L208@s2_submit_vote[qualified/rowtype field reference] ; database/003_sprint2_discussionroom_audit_fix.sql:L213@s2_submit_vote[qualified/rowtype field reference] ; database/003_sprint2_discussionroom_audit_fix.sql:L394@s2_get_player_state[qualified/rowtype field reference] ; database/003_sprint2_discussionroom_audit_fix.sql:L410@s2_get_player_state[qualified/rowtype field reference] ; database/003_sprint2_discussionroom_audit_fix.sql:L423@s2_get_player_state[qualified/rowtype field reference] ; database/003_sprint2_discussionroom_audit_fix.sql:L438@s2_get_player_state[qualified/rowtype field reference] ; database/003_sprint2_discussionroom_audit_fix.sql:L458@s2_get_player_state[qualified/rowtype field reference] ; database/003_sprint2_discussionroom_audit_fix.sql:L478@s2_get_player_state[qualified/rowtype field reference] ; database/003_sprint2_discussionroom_audit_fix.sql:L549@s2_get_teacher_state[qualified/rowtype field reference] ; database/003_sprint2_discussionroom_audit_fix.sql:L556@s2_get_teacher_state[qualified/rowtype field reference] ; database/003_sprint2_discussionroom_audit_fix.sql:L563@s2_get_teacher_state[qualified/rowtype field reference] ; database/003_sprint2_discussionroom_audit_fix.sql:L572@s2_get_teacher_state[qualified/rowtype field reference] ; database/003_sprint2_discussionroom_audit_fix.sql:L588@s2_get_teacher_state[qualified/rowtype field reference] ; database/004_sprint2_fallback_resolution_semantics.sql:L61@s2_submit_vote[qualified/rowtype field reference] ; database/004_sprint2_fallback_resolution_semantics.sql:L66@s2_submit_vote[qualified/rowtype field reference] ; database/005_sprint3a_scene_pocket_knowledge_foundation.sql:L208@s3_share_photo[qualified/rowtype field reference] ; database/005_sprint3a_scene_pocket_knowledge_foundation.sql:L216@s3_share_photo[qualified/rowtype field reference] ; database/005_sprint3a_scene_pocket_knowledge_foundation.sql:L218@s3_share_photo[qualified/rowtype field reference] ; database/005_sprint3a_scene_pocket_knowledge_foundation.sql:L221@s3_share_photo[qualified/rowtype field reference] ; database/005_sprint3a_scene_pocket_knowledge_foundation.sql:L235@s3_get_player_state[qualified/rowtype field reference] ; database/005_sprint3a_scene_pocket_knowledge_foundation.sql:L236@s3_get_player_state[qualified/rowtype field reference] ; database/005_sprint3a_scene_pocket_knowledge_foundation.sql:L237@s3_get_player_state[qualified/rowtype field reference] ; database/005_sprint3a_scene_pocket_knowledge_foundation.sql:L239@s3_get_player_state[qualified/rowtype field reference] ; database/006_sprint3a_provenance_view_integrity_fix.sql:L144@s3_get_player_state[qualified/rowtype field reference] ; database/006_sprint3a_provenance_view_integrity_fix.sql:L145@s3_get_player_state[qualified/rowtype field reference] ; database/006_sprint3a_provenance_view_integrity_fix.sql:L146@s3_get_player_state[qualified/rowtype field reference] ; database/006_sprint3a_provenance_view_integrity_fix.sql:L148@s3_get_player_state[qualified/rowtype field reference] ; database/006_sprint3a_provenance_view_integrity_fix.sql:L69@s3_set_item_view[qualified/rowtype field reference] ; database/006_sprint3a_provenance_view_integrity_fix.sql:L71@s3_set_item_view[qualified/rowtype field reference] ; database/006_sprint3a_provenance_view_integrity_fix.sql:L75@s3_set_item_view[qualified/rowtype field reference] ; database/006_sprint3a_provenance_view_integrity_fix.sql:L86@s3_share_photo[qualified/rowtype field reference] ; database/006_sprint3a_provenance_view_integrity_fix.sql:L87@s3_share_photo[qualified/rowtype field reference] ; database/006_sprint3a_provenance_view_integrity_fix.sql:L93@s3_share_photo[qualified/rowtype field reference] ; database/006_sprint3a_provenance_view_integrity_fix.sql:L95@s3_share_photo[qualified/rowtype field reference] ; database/007_sprint3b_act1_5_placeholder_flow.sql:L108@s3b_submit_first_meeting[qualified/rowtype field reference] ; database/007_sprint3b_act1_5_placeholder_flow.sql:L110@s3b_submit_first_meeting[qualified/rowtype field reference] ; database/007_sprint3b_act1_5_placeholder_flow.sql:L120@s3b_grab[qualified/rowtype field reference] ; database/007_sprint3b_act1_5_placeholder_flow.sql:L122@s3b_grab[qualified/rowtype field reference] ; database/007_sprint3b_act1_5_placeholder_flow.sql:L123@s3b_grab[qualified/rowtype field reference] ; database/007_sprint3b_act1_5_placeholder_flow.sql:L125@s3b_grab[qualified/rowtype field reference] ; database/007_sprint3b_act1_5_placeholder_flow.sql:L135@s3b_leave_start_room[qualified/rowtype field reference] ; database/007_sprint3b_act1_5_placeholder_flow.sql:L185@s3b_follow_sign[qualified/rowtype field reference] ; database/007_sprint3b_act1_5_placeholder_flow.sql:L223@s3b_submit_library_code[qualified/rowtype field reference] ; database/007_sprint3b_act1_5_placeholder_flow.sql:L228@s3b_submit_library_code[qualified/rowtype field reference] ; database/007_sprint3b_act1_5_placeholder_flow.sql:L240@s3b_submit_act4_choice[qualified/rowtype field reference] ; database/007_sprint3b_act1_5_placeholder_flow.sql:L286@s3b_get_player_state[qualified/rowtype field reference] ; database/007_sprint3b_act1_5_placeholder_flow.sql:L95@s3b_submit_act1_choice[qualified/rowtype field reference] ; database/009_sprint3b_act1_consequence_integrity.sql:L76@s3b_get_my_facts[qualified/rowtype field reference] ; database/010_sprint3b_flow_integrity_and_inspect_fix.sql:L147@s3b_choose_post_inspection_route[qualified/rowtype field reference] ; database/011_sprint3b_transition_and_act1_delivery_integrity.sql:L32@s3b_initialize_flow[qualified/rowtype field reference] ; database/011_sprint3b_transition_and_act1_delivery_integrity.sql:L42@s3b_ack_act1_opening[qualified/rowtype field reference] ; database/011_sprint3b_transition_and_act1_delivery_integrity.sql:L55@s3b_submit_act1_choice[qualified/rowtype field reference] ; database/011_sprint3b_transition_and_act1_delivery_integrity.sql:L66@s3b_complete_act1[qualified/rowtype field reference] ; database/011_sprint3b_transition_and_act1_delivery_integrity.sql:L74@s3b_submit_first_meeting[qualified/rowtype field reference] ; database/011_sprint3b_transition_and_act1_delivery_integrity.sql:L75@s3b_grab[qualified/rowtype field reference] ; database/011_sprint3b_transition_and_act1_delivery_integrity.sql:L76@s3b_leave_start_room[qualified/rowtype field reference] ; database/011_sprint3b_transition_and_act1_delivery_integrity.sql:L91@s3b_follow_sign[qualified/rowtype field reference] ; database/011_sprint3b_transition_and_act1_delivery_integrity.sql:L93@s3b_submit_act4_choice[qualified/rowtype field reference] ; database/012_sprint3b_internal_wrapper_lockdown_and_route_delivery.sql:L44@s3b_ack_route_update[qualified/rowtype field reference] ; database/013_sprint3b_discussion_authority_and_request_identity.sql:L224@s2_send_message[qualified/rowtype field reference] ; database/013_sprint3b_discussion_authority_and_request_identity.sql:L251@s2_send_message[qualified/rowtype field reference] ; database/013_sprint3b_discussion_authority_and_request_identity.sql:L256@s2_send_message[qualified/rowtype field reference] ; database/013_sprint3b_discussion_authority_and_request_identity.sql:L316@s2_submit_vote[qualified/rowtype field reference] ; database/013_sprint3b_discussion_authority_and_request_identity.sql:L333@s2_submit_vote[qualified/rowtype field reference] ; database/013_sprint3b_discussion_authority_and_request_identity.sql:L337@s2_submit_vote[qualified/rowtype field reference] ; database/014_sprint3b_evidence_and_puzzle_integrity.sql:L261@s3b_ack_act1_opening[qualified/rowtype field reference] ; database/014_sprint3b_evidence_and_puzzle_integrity.sql:L262@s3b_ack_act1_opening[qualified/rowtype field reference] ; database/014_sprint3b_evidence_and_puzzle_integrity.sql:L273@s3b_submit_act1_choice[qualified/rowtype field reference] ; database/014_sprint3b_evidence_and_puzzle_integrity.sql:L275@s3b_submit_act1_choice[qualified/rowtype field reference] ; database/014_sprint3b_evidence_and_puzzle_integrity.sql:L276@s3b_submit_act1_choice[qualified/rowtype field reference] ; database/014_sprint3b_evidence_and_puzzle_integrity.sql:L286@s3b_complete_act1[qualified/rowtype field reference] ; database/014_sprint3b_evidence_and_puzzle_integrity.sql:L297@s3b_submit_first_meeting[qualified/rowtype field reference] ; database/014_sprint3b_evidence_and_puzzle_integrity.sql:L299@s3b_submit_first_meeting[qualified/rowtype field reference] ; database/014_sprint3b_evidence_and_puzzle_integrity.sql:L300@s3b_submit_first_meeting[qualified/rowtype field reference] ; database/014_sprint3b_evidence_and_puzzle_integrity.sql:L310@s3b_grab[qualified/rowtype field reference] ; database/014_sprint3b_evidence_and_puzzle_integrity.sql:L320@s3b_leave_start_room[qualified/rowtype field reference] ; database/014_sprint3b_evidence_and_puzzle_integrity.sql:L330@s3b_ack_route_update[qualified/rowtype field reference] ; database/014_sprint3b_evidence_and_puzzle_integrity.sql:L340@s3b_complete_foldback[qualified/rowtype field reference] ; database/014_sprint3b_evidence_and_puzzle_integrity.sql:L350@s3b_follow_sign[qualified/rowtype field reference] ; database/014_sprint3b_evidence_and_puzzle_integrity.sql:L361@s3b_submit_act4_choice[qualified/rowtype field reference] ; database/014_sprint3b_evidence_and_puzzle_integrity.sql:L363@s3b_submit_act4_choice[qualified/rowtype field reference] ; database/014_sprint3b_evidence_and_puzzle_integrity.sql:L364@s3b_submit_act4_choice[qualified/rowtype field reference] ; database/014_sprint3b_evidence_and_puzzle_integrity.sql:L390@s3b_submit_library_code[qualified/rowtype field reference] ; database/014_sprint3b_evidence_and_puzzle_integrity.sql:L426@s3b_submit_library_code[qualified/rowtype field reference] ; database/014_sprint3b_evidence_and_puzzle_integrity.sql:L428@s3b_submit_library_code[qualified/rowtype field reference] ; database/014_sprint3b_evidence_and_puzzle_integrity.sql:L441@s3b_submit_library_code[qualified/rowtype field reference] ; database/014_sprint3b_evidence_and_puzzle_integrity.sql:L471@s3b_submit_post_inspection_route_vote[qualified/rowtype field reference] ; database/014_sprint3b_evidence_and_puzzle_integrity.sql:L489@s3b_submit_post_inspection_route_vote[qualified/rowtype field reference] ; database/014_sprint3b_evidence_and_puzzle_integrity.sql:L491@s3b_submit_post_inspection_route_vote[qualified/rowtype field reference] ; database/014_sprint3b_evidence_and_puzzle_integrity.sql:L547@s3_share_photo[qualified/rowtype field reference] ; database/014_sprint3b_evidence_and_puzzle_integrity.sql:L551@s3_share_photo[qualified/rowtype field reference] ; database/014_sprint3b_evidence_and_puzzle_integrity.sql:L559@s3_share_photo[qualified/rowtype field reference] ; database/014_sprint3b_evidence_and_puzzle_integrity.sql:L562@s3_share_photo[qualified/rowtype field reference] ; database/014_sprint3b_evidence_and_puzzle_integrity.sql:L567@s3_share_photo[qualified/rowtype field reference] ; database/014_sprint3b_evidence_and_puzzle_integrity.sql:L599@s3b_get_player_state[qualified/rowtype field reference] ; database/014_sprint3b_evidence_and_puzzle_integrity.sql:L607@s3b_get_player_state[qualified/rowtype field reference] ; database/014b_sprint3b_targeted_closure_corrections.sql:L106@s3b_complete_act1[qualified/rowtype field reference] ; database/014b_sprint3b_targeted_closure_corrections.sql:L112@s3b_submit_first_meeting[qualified/rowtype field reference] ; database/014b_sprint3b_targeted_closure_corrections.sql:L114@s3b_submit_first_meeting[qualified/rowtype field reference] ; database/014b_sprint3b_targeted_closure_corrections.sql:L115@s3b_submit_first_meeting[qualified/rowtype field reference] ; database/014b_sprint3b_targeted_closure_corrections.sql:L121@s3b_grab[qualified/rowtype field reference] ; database/014b_sprint3b_targeted_closure_corrections.sql:L126@s3b_leave_start_room[qualified/rowtype field reference] ; database/014b_sprint3b_targeted_closure_corrections.sql:L131@s3b_ack_route_update[qualified/rowtype field reference] ; database/014b_sprint3b_targeted_closure_corrections.sql:L136@s3b_complete_foldback[qualified/rowtype field reference] ; database/014b_sprint3b_targeted_closure_corrections.sql:L141@s3b_follow_sign[qualified/rowtype field reference] ; database/014b_sprint3b_targeted_closure_corrections.sql:L147@s3b_submit_act4_choice[qualified/rowtype field reference] ; database/014b_sprint3b_targeted_closure_corrections.sql:L149@s3b_submit_act4_choice[qualified/rowtype field reference] ; database/014b_sprint3b_targeted_closure_corrections.sql:L150@s3b_submit_act4_choice[qualified/rowtype field reference] ; database/014b_sprint3b_targeted_closure_corrections.sql:L34@s3b_initialize_flow[qualified/rowtype field reference] ; database/014b_sprint3b_targeted_closure_corrections.sql:L84@s3b_ack_act1_opening[qualified/rowtype field reference] ; database/014b_sprint3b_targeted_closure_corrections.sql:L86@s3b_ack_act1_opening[qualified/rowtype field reference] ; database/014b_sprint3b_targeted_closure_corrections.sql:L95@s3b_submit_act1_choice[qualified/rowtype field reference] ; database/014b_sprint3b_targeted_closure_corrections.sql:L97@s3b_submit_act1_choice[qualified/rowtype field reference] ; database/014b_sprint3b_targeted_closure_corrections.sql:L99@s3b_submit_act1_choice[qualified/rowtype field reference] ; database/017_sprint3c_override_act2_entry_correction.sql:L28@s3b_submit_first_meeting[qualified/rowtype field reference] ; database/017_sprint3c_override_act2_entry_correction.sql:L37@s3b_submit_first_meeting[qualified/rowtype field reference] ; database/017_sprint3c_override_act2_entry_correction.sql:L44@s3b_submit_first_meeting[qualified/rowtype field reference] ; database/027_sprint5_act6_8_runtime.sql:L48@s5_submit_vote[qualified/rowtype field reference] ; database/027_sprint5_act6_8_runtime.sql:L52@s5_submit_vote[qualified/rowtype field reference] ; database/027_sprint5_act6_8_runtime.sql:L53@s5_submit_vote[qualified/rowtype field reference] ; database/027_sprint5_act6_8_runtime.sql:L79@s5_submit_private_choice[qualified/rowtype field reference] ; database/027_sprint5_act6_8_runtime.sql:L81@s5_submit_private_choice[qualified/rowtype field reference] ; database/027_sprint5_act6_8_runtime.sql:L87@s5_get_player_state[qualified/rowtype field reference] ; database/027_sprint5_act6_8_runtime.sql:L89@s5_get_player_state[qualified/rowtype field reference] ; database/029_sprint5_canonical_discussion_localization.sql:L90@s5_get_discussion_state[qualified/rowtype field reference] ; database/029_sprint5_canonical_discussion_localization.sql:L91@s5_get_discussion_state[qualified/rowtype field reference] ; database/030_sprint5_exact_session_messages.sql:L12@s5_send_message[qualified/rowtype field reference] ; database/030_sprint5_exact_session_messages.sql:L13@s5_send_message[qualified/rowtype field reference] ; database/030_sprint5_exact_session_messages.sql:L9@s5_send_message[qualified/rowtype field reference] ; database/031_sprint5_focused_reaudit_corrections.sql:L25@s5_submit_vote[qualified/rowtype field reference] ; database/031_sprint5_focused_reaudit_corrections.sql:L30@s5_get_teacher_discussion_state[qualified/rowtype field reference] ; database/033_sprint6_act9_13_runtime.sql:L39@s6_submit_group_choice[qualified/rowtype field reference] ; database/033_sprint6_act9_13_runtime.sql:L40@s6_submit_group_choice[qualified/rowtype field reference] ; database/033_sprint6_act9_13_runtime.sql:L46@s6_submit_group_choice[qualified/rowtype field reference] ; database/033_sprint6_act9_13_runtime.sql:L49@s6_submit_private_choice[qualified/rowtype field reference] ; database/033_sprint6_act9_13_runtime.sql:L53@s6_submit_allocation[qualified/rowtype field reference] ; database/033_sprint6_act9_13_runtime.sql:L55@s6_engage[qualified/rowtype field reference] ; database/033_sprint6_act9_13_runtime.sql:L57@s6_get_player_state[qualified/rowtype field reference] ; database/034_sprint6_contract_hardening.sql:L10@s6_submit_group_choice[qualified/rowtype field reference] ; database/034_sprint6_contract_hardening.sql:L16@s6_submit_group_choice[qualified/rowtype field reference] ; database/034_sprint6_contract_hardening.sql:L19@s6_submit_private_choice[qualified/rowtype field reference] ; database/034_sprint6_contract_hardening.sql:L20@s6_submit_private_choice[qualified/rowtype field reference] ; database/034_sprint6_contract_hardening.sql:L22@s6_submit_allocation[qualified/rowtype field reference] ; database/034_sprint6_contract_hardening.sql:L23@s6_submit_allocation[qualified/rowtype field reference] ; database/034_sprint6_contract_hardening.sql:L25@s6_get_player_state[qualified/rowtype field reference] ; database/034_sprint6_contract_hardening.sql:L6@s6_submit_group_choice[qualified/rowtype field reference] ; database/035_sprint6_focused_audit_corrections.sql:L40@s6_send_message_guarded[qualified/rowtype field reference] ; database/035_sprint6_focused_audit_corrections.sql:L46@s6_submit_group_choice_guarded[qualified/rowtype field reference] ; database/035_sprint6_focused_audit_corrections.sql:L55@s6_submit_group_choice_guarded[qualified/rowtype field reference] ; database/035_sprint6_focused_audit_corrections.sql:L57@s6_submit_private_choice_guarded[qualified/rowtype field reference] ; database/035_sprint6_focused_audit_corrections.sql:L59@s6_advance_guarded[qualified/rowtype field reference] ; database/035_sprint6_focused_audit_corrections.sql:L61@s6_submit_allocation_guarded[qualified/rowtype field reference] ; database/035_sprint6_focused_audit_corrections.sql:L63@s6_complete_station_guarded[qualified/rowtype field reference] ; database/035_sprint6_focused_audit_corrections.sql:L65@s6_engage[qualified/rowtype field reference] ; database/035_sprint6_focused_audit_corrections.sql:L67@s6_engage_guarded[qualified/rowtype field reference] ; database/035_sprint6_focused_audit_corrections.sql:L72@s6_get_player_state[qualified/rowtype field reference] ; database/036_sprint6_four_open_findings.sql:L14@s6_send_message_v2[qualified/rowtype field reference] ; database/036_sprint6_four_open_findings.sql:L16@s6_close_discussion_v2[qualified/rowtype field reference] ; database/036_sprint6_four_open_findings.sql:L18@s6_submit_group_choice_v2[qualified/rowtype field reference] ; database/036_sprint6_four_open_findings.sql:L19@s6_submit_private_choice_v2[qualified/rowtype field reference] ; database/036_sprint6_four_open_findings.sql:L20@s6_submit_allocation_v2[qualified/rowtype field reference] ; database/036_sprint6_four_open_findings.sql:L21@s6_engage_v2[qualified/rowtype field reference] ; database/036_sprint6_four_open_findings.sql:L23@s6_advance_v2[qualified/rowtype field reference] ; database/036_sprint6_four_open_findings.sql:L25@s6_complete_station_v2[qualified/rowtype field reference] ; database/036_sprint6_four_open_findings.sql:L29@s6_get_player_state[qualified/rowtype field reference] ; database/037_level3_independent_audit_closure.sql:L173@s6_mark_audio_consumed[qualified/rowtype field reference] ; database/037_level3_independent_audit_closure.sql:L174@s6_mark_audio_consumed[qualified/rowtype field reference] ; database/037_level3_independent_audit_closure.sql:L179@s6_get_player_state[qualified/rowtype field reference] ; database/043_sprint7_teacher_console.sql:L43@s7_get_teacher_console[qualified/rowtype field reference] ; database/043_sprint7_teacher_console.sql:L45@s7_get_teacher_console[qualified/rowtype field reference] ; database/043_sprint7_teacher_console.sql:L49@s7_get_teacher_console[qualified/rowtype field reference] ; database/043_sprint7_teacher_console.sql:L50@s7_get_teacher_console[qualified/rowtype field reference] ; database/043_sprint7_teacher_console.sql:L51@s7_get_teacher_console[qualified/rowtype field reference] ; database/043_sprint7_teacher_console.sql:L52@s7_get_teacher_console[qualified/rowtype field reference] ; database/043_sprint7_teacher_console.sql:L53@s7_get_teacher_console[qualified/rowtype field reference] ; database/043_sprint7_teacher_console.sql:L55@s7_get_teacher_console[qualified/rowtype field reference] ; database/043_sprint7_teacher_console.sql:L56@s7_get_teacher_console[qualified/rowtype field reference] ; database/043_sprint7_teacher_console.sql:L59@s7_get_teacher_console[qualified/rowtype field reference] ; database/043_sprint7_teacher_console.sql:L64@s7_get_teacher_console[qualified/rowtype field reference] ; database/043_sprint7_teacher_console.sql:L65@s7_get_teacher_console[qualified/rowtype field reference] ; database/043_sprint7_teacher_console.sql:L66@s7_get_teacher_console[qualified/rowtype field reference] ; database/043_sprint7_teacher_console.sql:L67@s7_get_teacher_console[qualified/rowtype field reference] ; database/044_sprint7_focused_level1_corrections.sql:L33@s7_get_teacher_console[qualified/rowtype field reference] ; database/044_sprint7_focused_level1_corrections.sql:L35@s7_get_teacher_console[qualified/rowtype field reference] ; database/044_sprint7_focused_level1_corrections.sql:L39@s7_get_teacher_console[qualified/rowtype field reference] ; database/044_sprint7_focused_level1_corrections.sql:L40@s7_get_teacher_console[qualified/rowtype field reference] ; database/044_sprint7_focused_level1_corrections.sql:L41@s7_get_teacher_console[qualified/rowtype field reference] ; database/044_sprint7_focused_level1_corrections.sql:L42@s7_get_teacher_console[qualified/rowtype field reference] ; database/044_sprint7_focused_level1_corrections.sql:L43@s7_get_teacher_console[qualified/rowtype field reference] ; database/044_sprint7_focused_level1_corrections.sql:L46@s7_get_teacher_console[qualified/rowtype field reference] ; database/044_sprint7_focused_level1_corrections.sql:L47@s7_get_teacher_console[qualified/rowtype field reference] ; database/044_sprint7_focused_level1_corrections.sql:L50@s7_get_teacher_console[qualified/rowtype field reference] ; database/044_sprint7_focused_level1_corrections.sql:L51@s7_get_teacher_console[qualified/rowtype field reference] ; database/044_sprint7_focused_level1_corrections.sql:L55@s7_get_teacher_console[qualified/rowtype field reference] ; database/044_sprint7_focused_level1_corrections.sql:L58@s7_get_teacher_console[qualified/rowtype field reference] ; database/046_sprint8_act14_finalization_export.sql:L54@s8_finalize[qualified/rowtype field reference] ; database/046_sprint8_act14_finalization_export.sql:L58@s8_finalize[qualified/rowtype field reference] ; database/048_sprint8_focused_level1_corrections.sql:L70@s8_finalize[qualified/rowtype field reference] ; database/048_sprint8_focused_level1_corrections.sql:L74@s8_finalize[qualified/rowtype field reference] ; database/049_sprint8_final_closure.sql:L167@s8_finalize[qualified/rowtype field reference] ; database/049_sprint8_final_closure.sql:L171@s8_finalize[qualified/rowtype field reference] ; database/054_level3_integrated_closure.sql:L50@teacher_apply_override[qualified/rowtype field reference] ; database/055_level2_override_export_residual_closure.sql:L35@teacher_apply_override[qualified/rowtype field reference] ; database/055_level2_override_export_residual_closure.sql:L41@teacher_apply_override[qualified/rowtype field reference] ; database/055_level2_override_export_residual_closure.sql:L45@teacher_apply_override[qualified/rowtype field reference] ; database/055_level2_override_export_residual_closure.sql:L50@teacher_apply_override[qualified/rowtype field reference] ; database/056_level2_override_validity_binding_fix.sql:L35@teacher_apply_override[qualified/rowtype field reference] ; database/056_level2_override_validity_binding_fix.sql:L41@teacher_apply_override[qualified/rowtype field reference] ; database/056_level2_override_validity_binding_fix.sql:L45@teacher_apply_override[qualified/rowtype field reference] ; database/056_level2_override_validity_binding_fix.sql:L50@teacher_apply_override[qualified/rowtype field reference] ; database/059_structural_lifecycle_transition_spine.sql:L68@s9_enter_act6[qualified/rowtype field reference] ; database/060_package_a_ca_a_bounded_corrections.sql:L47@s9_observe_act5_handoff[qualified/rowtype field reference] ; database/060_package_a_ca_a_bounded_corrections.sql:L48@s9_observe_act5_handoff[qualified/rowtype field reference] ; database/060_package_a_ca_a_bounded_corrections.sql:L85@s9_enter_act6[qualified/rowtype field reference] ; database/060_package_a_ca_a_bounded_corrections.sql:L92@s9_enter_act6[qualified/rowtype field reference] ; database/060_package_a_ca_a_bounded_corrections.sql:L93@s9_enter_act6[qualified/rowtype field reference] ; database/061_package_a_act6_entry_timer_barrier.sql:L60@s9_enter_act6[qualified/rowtype field reference] ; database/061_package_a_act6_entry_timer_barrier.sql:L67@s9_enter_act6[qualified/rowtype field reference] ; database/061_package_a_act6_entry_timer_barrier.sql:L68@s9_enter_act6[qualified/rowtype field reference] ; database/063_package_a_player_entry_column_fix.sql:L35@s9_enter_act6[qualified/rowtype field reference] ; database/063_package_a_player_entry_column_fix.sql:L42@s9_enter_act6[qualified/rowtype field reference] ; database/063_package_a_player_entry_column_fix.sql:L43@s9_enter_act6[qualified/rowtype field reference] ; database/064_package_a_handoff_observation_column_fix.sql:L32@s9_observe_act5_handoff[qualified/rowtype field reference] ; database/064_package_a_handoff_observation_column_fix.sql:L33@s9_observe_act5_handoff[qualified/rowtype field reference] ; database/065_package_b_player_wait_projection.sql:L11@s9_get_player_wait_state[qualified/rowtype field reference] ; database/065_package_b_player_wait_projection.sql:L13@s9_get_player_wait_state[qualified/rowtype field reference] ; database/065_package_b_player_wait_projection.sql:L14@s9_get_player_wait_state[qualified/rowtype field reference] ; database/066_package_b_wait_projection_locked_at_fix.sql:L11@s9_get_player_wait_state[qualified/rowtype field reference] ; database/066_package_b_wait_projection_locked_at_fix.sql:L13@s9_get_player_wait_state[qualified/rowtype field reference] ; database/066_package_b_wait_projection_locked_at_fix.sql:L14@s9_get_player_wait_state[qualified/rowtype field reference] ; database/067_package_b_allocation_progress_fix.sql:L11@s9_get_player_wait_state[qualified/rowtype field reference] ; database/067_package_b_allocation_progress_fix.sql:L17@s9_get_player_wait_state[qualified/rowtype field reference] ; database/067_package_b_allocation_progress_fix.sql:L18@s9_get_player_wait_state[qualified/rowtype field reference] ; database/068_package_c_authoritative_pocket_inspection.sql:L23@s9_inspect_pocket_item[qualified/rowtype field reference] ; database/068_package_c_authoritative_pocket_inspection.sql:L25@s9_inspect_pocket_item[qualified/rowtype field reference] ; database/068_package_c_authoritative_pocket_inspection.sql:L27@s9_inspect_pocket_item[qualified/rowtype field reference] ; database/068_package_c_authoritative_pocket_inspection.sql:L29@s9_inspect_pocket_item[qualified/rowtype field reference] ; database/068_package_c_authoritative_pocket_inspection.sql:L31@s9_inspect_pocket_item[qualified/rowtype field reference] ; database/068_package_c_authoritative_pocket_inspection.sql:L32@s9_inspect_pocket_item[qualified/rowtype field reference] ; database/068_package_c_authoritative_pocket_inspection.sql:L34@s9_inspect_pocket_item[qualified/rowtype field reference] ; database/068_package_c_authoritative_pocket_inspection.sql:L35@s9_inspect_pocket_item[qualified/rowtype field reference] ; database/068_package_c_authoritative_pocket_inspection.sql:L45@s3_set_item_view[qualified/rowtype field reference] ; database/068_package_c_authoritative_pocket_inspection.sql:L46@s3_set_item_view[qualified/rowtype field reference] ; database/068_package_c_authoritative_pocket_inspection.sql:L48@s3_set_item_view[qualified/rowtype field reference] ; database/068_package_c_authoritative_pocket_inspection.sql:L51@s3_set_item_view[qualified/rowtype field reference] ; database/068_package_c_authoritative_pocket_inspection.sql:L54@s3_set_item_view[qualified/rowtype field reference] ; database/068_package_c_authoritative_pocket_inspection.sql:L55@s3_set_item_view[qualified/rowtype field reference] ; database/068_package_c_authoritative_pocket_inspection.sql:L57@s3_set_item_view[qualified/rowtype field reference] ; database/068_package_c_authoritative_pocket_inspection.sql:L58@s3_set_item_view[qualified/rowtype field reference] ; database/068_package_c_authoritative_pocket_inspection.sql:L71@s3_get_player_state[qualified/rowtype field reference] ; database/068_package_c_authoritative_pocket_inspection.sql:L72@s3_get_player_state[qualified/rowtype field reference] ; database/068_package_c_authoritative_pocket_inspection.sql:L73@s3_get_player_state[qualified/rowtype field reference] ; database/068_package_c_authoritative_pocket_inspection.sql:L74@s3_get_player_state[qualified/rowtype field reference] ; database/068_package_c_authoritative_pocket_inspection.sql:L76@s3_get_player_state[qualified/rowtype field reference],PENDING,,,
SN037,player_id,s3_player_item_view_state#02,F0194,s3_player_item_view_state,2,database/006_sprint3a_provenance_view_integrity_fix.sql,5,4,2,database/006_sprint3a_provenance_view_integrity_fix.sql:L111@s3_initialize_audit_fixture[INSERT explicit column]{DIRECT_OR_COMPUTED} ; database/007_sprint3b_act1_5_placeholder_flow.sql:L123@s3b_grab[INSERT explicit column]{DIRECT_OR_COMPUTED} ; database/009_sprint3b_act1_consequence_integrity.sql:L61@s3b_add_optional_grab_item[INSERT explicit column]{DIRECT_OR_COMPUTED} ; database/054_level3_integrated_closure.sql:L52@teacher_apply_override[INSERT explicit column]{DIRECT_OR_COMPUTED},database/006_sprint3a_provenance_view_integrity_fix.sql:L144@s3_get_player_state[qualified/rowtype field reference] ; database/068_package_c_authoritative_pocket_inspection.sql:L71@s3_get_player_state[qualified/rowtype field reference],PENDING,,,
SN037,player_id,s3_player_knowledge#03,F0204,s3_player_knowledge,3,database/005_sprint3a_scene_pocket_knowledge_foundation.sql,51,2,6,database/005_sprint3a_scene_pocket_knowledge_foundation.sql:L147@s3_record_knowledge[INSERT explicit column]{DIRECT_OR_COMPUTED} ; database/006_sprint3a_provenance_view_integrity_fix.sql:L57@s3_record_knowledge[INSERT explicit column]{DIRECT_OR_COMPUTED},database/005_sprint3a_scene_pocket_knowledge_foundation.sql:L239@s3_get_player_state[qualified/rowtype field reference] ; database/005_sprint3a_scene_pocket_knowledge_foundation.sql:L239@s3_get_player_state[to_jsonb(row) exposes field] ; database/006_sprint3a_provenance_view_integrity_fix.sql:L148@s3_get_player_state[qualified/rowtype field reference] ; database/006_sprint3a_provenance_view_integrity_fix.sql:L148@s3_get_player_state[to_jsonb(row) exposes field] ; database/068_package_c_authoritative_pocket_inspection.sql:L76@s3_get_player_state[qualified/rowtype field reference] ; database/068_package_c_authoritative_pocket_inspection.sql:L76@s3_get_player_state[to_jsonb(row) exposes field],PENDING,,,
SN037,player_id,s3_player_observations#02,F0212,s3_player_observations,2,database/005_sprint3a_scene_pocket_knowledge_foundation.sql,40,1,6,database/005_sprint3a_scene_pocket_knowledge_foundation.sql:L121@s3_record_observation[INSERT explicit column]{DIRECT_OR_COMPUTED},database/005_sprint3a_scene_pocket_knowledge_foundation.sql:L236@s3_get_player_state[qualified/rowtype field reference] ; database/005_sprint3a_scene_pocket_knowledge_foundation.sql:L236@s3_get_player_state[to_jsonb(row) exposes field] ; database/006_sprint3a_provenance_view_integrity_fix.sql:L145@s3_get_player_state[qualified/rowtype field reference] ; database/006_sprint3a_provenance_view_integrity_fix.sql:L145@s3_get_player_state[to_jsonb(row) exposes field] ; database/068_package_c_authoritative_pocket_inspection.sql:L73@s3_get_player_state[qualified/rowtype field reference] ; database/068_package_c_authoritative_pocket_inspection.sql:L73@s3_get_player_state[to_jsonb(row) exposes field],PENDING,,,
SN037,player_id,s3b_player_facts#02,F0243,s3b_player_facts,2,database/009_sprint3b_act1_consequence_integrity.sql,5,19,0,database/009_sprint3b_act1_consequence_integrity.sql:L29@s3b_apply_act1_consequence[INSERT positional/all columns]{POSITIONAL_WRITE} ; database/009_sprint3b_act1_consequence_integrity.sql:L31@s3b_apply_act1_consequence[INSERT positional/all columns]{POSITIONAL_WRITE} ; database/009_sprint3b_act1_consequence_integrity.sql:L32@s3b_apply_act1_consequence[INSERT positional/all columns]{POSITIONAL_WRITE} ; database/009_sprint3b_act1_consequence_integrity.sql:L33@s3b_apply_act1_consequence[INSERT positional/all columns]{POSITIONAL_WRITE} ; database/009_sprint3b_act1_consequence_integrity.sql:L34@s3b_apply_act1_consequence[INSERT positional/all columns]{POSITIONAL_WRITE} ; database/009_sprint3b_act1_consequence_integrity.sql:L36@s3b_apply_act1_consequence[INSERT positional/all columns]{POSITIONAL_WRITE} ; database/009_sprint3b_act1_consequence_integrity.sql:L38@s3b_apply_act1_consequence[INSERT positional/all columns]{POSITIONAL_WRITE} ; database/009_sprint3b_act1_consequence_integrity.sql:L39@s3b_apply_act1_consequence[INSERT positional/all columns]{POSITIONAL_WRITE} ; database/009_sprint3b_act1_consequence_integrity.sql:L40@s3b_apply_act1_consequence[INSERT positional/all columns]{POSITIONAL_WRITE} ; database/009_sprint3b_act1_consequence_integrity.sql:L41@s3b_apply_act1_consequence[INSERT positional/all columns]{POSITIONAL_WRITE} ; database/009_sprint3b_act1_consequence_integrity.sql:L43@s3b_apply_act1_consequence[INSERT positional/all columns]{POSITIONAL_WRITE} ; database/009_sprint3b_act1_consequence_integrity.sql:L44@s3b_apply_act1_consequence[INSERT positional/all columns]{POSITIONAL_WRITE} ; database/009_sprint3b_act1_consequence_integrity.sql:L45@s3b_apply_act1_consequence[INSERT positional/all columns]{POSITIONAL_WRITE} ; database/009_sprint3b_act1_consequence_integrity.sql:L46@s3b_apply_act1_consequence[INSERT positional/all columns]{POSITIONAL_WRITE} ; database/009_sprint3b_act1_consequence_integrity.sql:L47@s3b_apply_act1_consequence[INSERT positional/all columns]{POSITIONAL_WRITE} ; database/068_package_c_authoritative_pocket_inspection.sql:L31@s9_inspect_pocket_item[INSERT positional/all columns]{POSITIONAL_WRITE} ; database/068_package_c_authoritative_pocket_inspection.sql:L34@s9_inspect_pocket_item[INSERT positional/all columns]{POSITIONAL_WRITE} ; database/068_package_c_authoritative_pocket_inspection.sql:L54@s3_set_item_view[INSERT positional/all columns]{POSITIONAL_WRITE} ; database/068_package_c_authoritative_pocket_inspection.sql:L57@s3_set_item_view[INSERT positional/all columns]{POSITIONAL_WRITE},,PENDING,,,
SN037,player_id,s3b_player_progress#02,F0247,s3b_player_progress,2,database/007_sprint3b_act1_5_placeholder_flow.sql,21,1,15,database/007_sprint3b_act1_5_placeholder_flow.sql:L78@s3b_initialize_flow[INSERT explicit column]{DIRECT_OR_COMPUTED},database/007_sprint3b_act1_5_placeholder_flow.sql:L286@s3b_get_player_state[to_jsonb(row) exposes field] ; database/011_sprint3b_transition_and_act1_delivery_integrity.sql:L32@s3b_initialize_flow[qualified/rowtype field reference] ; database/014b_sprint3b_targeted_closure_corrections.sql:L34@s3b_initialize_flow[qualified/rowtype field reference] ; database/017_sprint3c_override_act2_entry_correction.sql:L27@s3b_submit_first_meeting[SELECT * INTO row] ; database/043_sprint7_teacher_console.sql:L59@s7_get_teacher_console[qualified/rowtype field reference] ; database/044_sprint7_focused_level1_corrections.sql:L55@s7_get_teacher_console[qualified/rowtype field reference] ; database/052_sprint8_exact_player_override_accounting.sql:L16@s8_verify_integrity[qualified/rowtype field reference] ; database/052_sprint8_exact_player_override_accounting.sql:L18@s8_verify_integrity[qualified/rowtype field reference] ; database/052_sprint8_exact_player_override_accounting.sql:L29@s8_verify_integrity[qualified/rowtype field reference] ; database/052_sprint8_exact_player_override_accounting.sql:L31@s8_verify_integrity[qualified/rowtype field reference] ; database/052_sprint8_exact_player_override_accounting.sql:L42@s8_verify_integrity[qualified/rowtype field reference] ; database/052_sprint8_exact_player_override_accounting.sql:L44@s8_verify_integrity[qualified/rowtype field reference] ; database/060_package_a_ca_a_bounded_corrections.sql:L84@s9_enter_act6[SELECT * INTO row] ; database/061_package_a_act6_entry_timer_barrier.sql:L59@s9_enter_act6[SELECT * INTO row] ; database/063_package_a_player_entry_column_fix.sql:L34@s9_enter_act6[SELECT * INTO row],PENDING,,,
SN037,player_id,s3b_post_inspection_route_votes#03,F0270,s3b_post_inspection_route_votes,3,database/014_sprint3b_evidence_and_puzzle_integrity.sql,75,1,2,database/014_sprint3b_evidence_and_puzzle_integrity.sql:L488@s3b_submit_post_inspection_route_vote[INSERT explicit column]{DIRECT_OR_COMPUTED},database/014_sprint3b_evidence_and_puzzle_integrity.sql:L470@s3b_submit_post_inspection_route_vote[SELECT * INTO row] ; database/014_sprint3b_evidence_and_puzzle_integrity.sql:L607@s3b_get_player_state[qualified/rowtype field reference],PENDING,,,
SN037,player_id,s5_act8_private_choices#02,F0293,s5_act8_private_choices,2,database/027_sprint5_act6_8_runtime.sql,23,1,1,database/027_sprint5_act6_8_runtime.sql:L81@s5_submit_private_choice[INSERT explicit column]{DIRECT_OR_COMPUTED},database/027_sprint5_act6_8_runtime.sql:L79@s5_submit_private_choice[SELECT * INTO row],PENDING,,,
SN037,player_id,s5_votes#04,F0319,s5_votes,4,database/027_sprint5_act6_8_runtime.sql,11,1,2,database/027_sprint5_act6_8_runtime.sql:L52@s5_submit_vote[INSERT explicit column]{DIRECT_OR_COMPUTED},database/027_sprint5_act6_8_runtime.sql:L48@s5_submit_vote[SELECT * INTO row] ; database/031_sprint5_focused_reaudit_corrections.sql:L30@s5_get_teacher_discussion_state[qualified/rowtype field reference],PENDING,,,
SN037,player_id,s6_action_receipts#02,F0324,s6_action_receipts,2,database/035_sprint6_focused_audit_corrections.sql,10,9,0,database/035_sprint6_focused_audit_corrections.sql:L40@s6_send_message_guarded[INSERT positional/all columns]{POSITIONAL_WRITE} ; database/035_sprint6_focused_audit_corrections.sql:L55@s6_submit_group_choice_guarded[INSERT positional/all columns]{POSITIONAL_WRITE} ; database/035_sprint6_focused_audit_corrections.sql:L57@s6_submit_private_choice_guarded[INSERT positional/all columns]{POSITIONAL_WRITE} ; database/035_sprint6_focused_audit_corrections.sql:L59@s6_advance_guarded[INSERT positional/all columns]{POSITIONAL_WRITE} ; database/035_sprint6_focused_audit_corrections.sql:L61@s6_submit_allocation_guarded[INSERT positional/all columns]{POSITIONAL_WRITE} ; database/035_sprint6_focused_audit_corrections.sql:L63@s6_complete_station_guarded[INSERT positional/all columns]{POSITIONAL_WRITE} ; database/035_sprint6_focused_audit_corrections.sql:L67@s6_engage_guarded[INSERT positional/all columns]{POSITIONAL_WRITE} ; database/036_sprint6_four_open_findings.sql:L16@s6_close_discussion_v2[INSERT positional/all columns]{POSITIONAL_WRITE} ; database/036_sprint6_four_open_findings.sql:L25@s6_complete_station_v2[INSERT positional/all columns]{POSITIONAL_WRITE},,PENDING,,,
SN037,player_id,s6_allocation_attempts#04,F0333,s6_allocation_attempts,4,database/035_sprint6_focused_audit_corrections.sql,15,1,0,database/035_sprint6_focused_audit_corrections.sql:L61@s6_submit_allocation_guarded[INSERT explicit column]{DIRECT_OR_COMPUTED},,PENDING,,,
SN037,player_id,s6_allocations#02,F0338,s6_allocations,2,database/033_sprint6_act9_13_runtime.sql,16,3,0,database/033_sprint6_act9_13_runtime.sql:L53@s6_submit_allocation[INSERT positional/all columns]{POSITIONAL_WRITE} ; database/034_sprint6_contract_hardening.sql:L23@s6_submit_allocation[INSERT positional/all columns]{POSITIONAL_WRITE} ; database/035_sprint6_focused_audit_corrections.sql:L61@s6_submit_allocation_guarded[INSERT positional/all columns]{POSITIONAL_WRITE},,PENDING,,,
SN037,player_id,s6_audio_consumptions#02,F0343,s6_audio_consumptions,2,database/037_level3_independent_audit_closure.sql,35,1,2,database/037_level3_independent_audit_closure.sql:L173@s6_mark_audio_consumed[INSERT explicit column]{DIRECT_OR_COMPUTED},database/047_sprint8_export_completeness.sql:L32@s8_export_session[qualified/rowtype field reference] ; database/048_sprint8_focused_level1_corrections.sql:L117@s8_export_session[qualified/rowtype field reference],PENDING,,,
SN037,player_id,s6_choices#04,F0355,s6_choices,4,database/033_sprint6_act9_13_runtime.sql,15,6,6,database/033_sprint6_act9_13_runtime.sql:L40@s6_submit_group_choice[INSERT positional/all columns]{POSITIONAL_WRITE} ; database/033_sprint6_act9_13_runtime.sql:L49@s6_submit_private_choice[INSERT positional/all columns]{POSITIONAL_WRITE} ; database/034_sprint6_contract_hardening.sql:L10@s6_submit_group_choice[INSERT positional/all columns]{POSITIONAL_WRITE} ; database/034_sprint6_contract_hardening.sql:L20@s6_submit_private_choice[INSERT positional/all columns]{POSITIONAL_WRITE} ; database/035_sprint6_focused_audit_corrections.sql:L46@s6_submit_group_choice_guarded[INSERT positional/all columns]{POSITIONAL_WRITE} ; database/035_sprint6_focused_audit_corrections.sql:L57@s6_submit_private_choice_guarded[INSERT positional/all columns]{POSITIONAL_WRITE},database/065_package_b_player_wait_projection.sql:L11@s9_get_player_wait_state[SELECT * INTO row] ; database/065_package_b_player_wait_projection.sql:L16@s9_get_player_wait_state[qualified/rowtype field reference] ; database/066_package_b_wait_projection_locked_at_fix.sql:L11@s9_get_player_wait_state[SELECT * INTO row] ; database/066_package_b_wait_projection_locked_at_fix.sql:L16@s9_get_player_wait_state[qualified/rowtype field reference] ; database/067_package_b_allocation_progress_fix.sql:L11@s9_get_player_wait_state[SELECT * INTO row] ; database/067_package_b_allocation_progress_fix.sql:L20@s9_get_player_wait_state[qualified/rowtype field reference],PENDING,,,
SN037,player_id,s6_engagements#03,F0364,s6_engagements,3,database/033_sprint6_act9_13_runtime.sql,17,3,0,database/033_sprint6_act9_13_runtime.sql:L55@s6_engage[INSERT positional/all columns]{POSITIONAL_WRITE} ; database/035_sprint6_focused_audit_corrections.sql:L65@s6_engage[INSERT positional/all columns]{POSITIONAL_WRITE} ; database/035_sprint6_focused_audit_corrections.sql:L67@s6_engage_guarded[INSERT positional/all columns]{POSITIONAL_WRITE},,PENDING,,,
SN037,player_id,s6_private_clues#02,F0367,s6_private_clues,2,database/033_sprint6_act9_13_runtime.sql,14,1,0,database/033_sprint6_act9_13_runtime.sql:L30@s6_deliver_clues[INSERT positional/all columns]{POSITIONAL_WRITE},,PENDING,,,
SN037,player_id,s6_station_b_progress#02,F0396,s6_station_b_progress,2,database/036_sprint6_four_open_findings.sql,4,1,0,database/036_sprint6_four_open_findings.sql:L25@s6_complete_station_v2[INSERT explicit column]{DIRECT_OR_COMPUTED},,PENDING,,,
SN037,player_id,s6_station_tasks#03,F0402,s6_station_tasks,3,database/035_sprint6_focused_audit_corrections.sql,20,2,0,database/035_sprint6_focused_audit_corrections.sql:L63@s6_complete_station_guarded[INSERT positional/all columns]{POSITIONAL_WRITE} ; database/036_sprint6_four_open_findings.sql:L25@s6_complete_station_v2[INSERT positional/all columns]{POSITIONAL_WRITE},,PENDING,,,
SN037,player_id,s9_pocket_item_inspections#02,F0412,s9_pocket_item_inspections,2,database/068_package_c_authoritative_pocket_inspection.sql,5,1,1,database/068_package_c_authoritative_pocket_inspection.sql:L25@s9_inspect_pocket_item[INSERT explicit column]{DIRECT_OR_COMPUTED},database/068_package_c_authoritative_pocket_inspection.sql:L72@s3_get_player_state[qualified/rowtype field reference],PENDING,,,
SN037,player_id,teacher_override_validity#03,F0417,teacher_override_validity,3,database/015_sprint3c_minimal_safe_teacher_override.sql,22,6,8,database/015_sprint3c_minimal_safe_teacher_override.sql:L80@teacher_apply_override[INSERT explicit column]{DIRECT_OR_COMPUTED} ; database/054_level3_integrated_closure.sql:L29@teacher_apply_override[INSERT explicit column]{DIRECT_OR_COMPUTED} ; database/054_level3_integrated_closure.sql:L43@teacher_apply_override[INSERT explicit column]{DIRECT_OR_COMPUTED} ; database/054_level3_integrated_closure.sql:L82@teacher_apply_override[INSERT explicit column]{DIRECT_OR_COMPUTED} ; database/055_level2_override_export_residual_closure.sql:L44@teacher_apply_override[INSERT explicit column]{DIRECT_OR_COMPUTED} ; database/056_level2_override_validity_binding_fix.sql:L44@teacher_apply_override[INSERT explicit column]{DIRECT_OR_COMPUTED},database/047_sprint8_export_completeness.sql:L35@s8_export_session[qualified/rowtype field reference] ; database/048_sprint8_focused_level1_corrections.sql:L119@s8_export_session[qualified/rowtype field reference] ; database/052_sprint8_exact_player_override_accounting.sql:L16@s8_verify_integrity[qualified/rowtype field reference] ; database/052_sprint8_exact_player_override_accounting.sql:L18@s8_verify_integrity[qualified/rowtype field reference] ; database/052_sprint8_exact_player_override_accounting.sql:L29@s8_verify_integrity[qualified/rowtype field reference] ; database/052_sprint8_exact_player_override_accounting.sql:L31@s8_verify_integrity[qualified/rowtype field reference] ; database/052_sprint8_exact_player_override_accounting.sql:L42@s8_verify_integrity[qualified/rowtype field reference] ; database/052_sprint8_exact_player_override_accounting.sql:L44@s8_verify_integrity[qualified/rowtype field reference],PENDING,,,
SN038,request_id,s6_action_receipts#03,F0325,s6_action_receipts,3,database/035_sprint6_focused_audit_corrections.sql,10,9,0,database/035_sprint6_focused_audit_corrections.sql:L40@s6_send_message_guarded[INSERT positional/all columns]{POSITIONAL_WRITE} ; database/035_sprint6_focused_audit_corrections.sql:L55@s6_submit_group_choice_guarded[INSERT positional/all columns]{POSITIONAL_WRITE} ; database/035_sprint6_focused_audit_corrections.sql:L57@s6_submit_private_choice_guarded[INSERT positional/all columns]{POSITIONAL_WRITE} ; database/035_sprint6_focused_audit_corrections.sql:L59@s6_advance_guarded[INSERT positional/all columns]{POSITIONAL_WRITE} ; database/035_sprint6_focused_audit_corrections.sql:L61@s6_submit_allocation_guarded[INSERT positional/all columns]{POSITIONAL_WRITE} ; database/035_sprint6_focused_audit_corrections.sql:L63@s6_complete_station_guarded[INSERT positional/all columns]{POSITIONAL_WRITE} ; database/035_sprint6_focused_audit_corrections.sql:L67@s6_engage_guarded[INSERT positional/all columns]{POSITIONAL_WRITE} ; database/036_sprint6_four_open_findings.sql:L16@s6_close_discussion_v2[INSERT positional/all columns]{POSITIONAL_WRITE} ; database/036_sprint6_four_open_findings.sql:L25@s6_complete_station_v2[INSERT positional/all columns]{POSITIONAL_WRITE},,PENDING,,,
SN038,request_id,s6_allocation_attempts#06,F0335,s6_allocation_attempts,6,database/035_sprint6_focused_audit_corrections.sql,16,1,0,database/035_sprint6_focused_audit_corrections.sql:L61@s6_submit_allocation_guarded[INSERT explicit column]{DIRECT_OR_COMPUTED},,PENDING,,,
SN039,required_anchors,asset_candidates#27,F0036,asset_candidates,27,database/018_sprint4_asset_manager_v2.sql,15,4,20,database/018_sprint4_asset_manager_v2.sql:L48@asset_manager_register_candidate[INSERT explicit column]{DIRECT_OR_COMPUTED} ; database/019_sprint4_teacher_authority_correction.sql:L48@asset_manager_register_candidate[INSERT explicit column]{DIRECT_OR_COMPUTED} ; database/024_sprint4_level1_narrow_corrections.sql:L39@asset_manager_import_candidate[INSERT explicit column]{DIRECT_OR_COMPUTED} ; database/025_sprint4_two_narrow_blockers.sql:L25@asset_manager_import_candidate[INSERT explicit column]{DIRECT_OR_COMPUTED},database/018_sprint4_asset_manager_v2.sql:L57@asset_manager_review[SELECT * INTO row] ; database/018_sprint4_asset_manager_v2.sql:L64@asset_manager_mark_published[SELECT * INTO row] ; database/018_sprint4_asset_manager_v2.sql:L70@asset_manager_activate[SELECT * INTO row] ; database/018_sprint4_asset_manager_v2.sql:L77@asset_resolve[SELECT * INTO row] ; database/018_sprint4_asset_manager_v2.sql:L81@asset_manager_state[to_jsonb(row) exposes field] ; database/019_sprint4_teacher_authority_correction.sql:L57@asset_manager_review[SELECT * INTO row] ; database/019_sprint4_teacher_authority_correction.sql:L64@asset_manager_mark_published[SELECT * INTO row] ; database/019_sprint4_teacher_authority_correction.sql:L70@asset_manager_activate[SELECT * INTO row] ; database/019_sprint4_teacher_authority_correction.sql:L77@asset_resolve[SELECT * INTO row] ; database/019_sprint4_teacher_authority_correction.sql:L81@asset_manager_state[to_jsonb(row) exposes field] ; database/021_sprint4_anchor_and_activation_controls.sql:L20@asset_manager_rollback[SELECT * INTO row] ; database/021_sprint4_anchor_and_activation_controls.sql:L8@asset_manager_save_anchors[SELECT * INTO row] ; database/022_sprint4_paired_activation_gate.sql:L10@asset_manager_activate[SELECT * INTO row] ; database/023_sprint4_rollback_state_correction.sql:L8@asset_manager_rollback[SELECT * INTO row] ; database/024_sprint4_level1_narrow_corrections.sql:L38@asset_manager_import_candidate[SELECT * INTO row] ; database/024_sprint4_level1_narrow_corrections.sql:L41@asset_manager_submit_for_review[SELECT * INTO row] ; database/024_sprint4_level1_narrow_corrections.sql:L55@asset_manager_activate_group[qualified/rowtype field reference] ; database/025_sprint4_two_narrow_blockers.sql:L13@asset_manager_import_candidate[SELECT * INTO row] ; database/025_sprint4_two_narrow_blockers.sql:L50@asset_manager_transition_group[qualified/rowtype field reference] ; database/026_sprint4_group_target_and_registry_lock.sql:L32@asset_manager_transition_group[qualified/rowtype field reference],PENDING,,,
SN039,required_anchors,asset_registry_projection#11,F0059,asset_registry_projection,11,database/018_sprint4_asset_manager_v2.sql,5,3,16,database/018_sprint4_asset_manager_v2.sql:L31@asset_manager_sync_registry[INSERT explicit column]{DIRECT_OR_COMPUTED} ; database/019_sprint4_teacher_authority_correction.sql:L31@asset_manager_sync_registry[INSERT explicit column]{DIRECT_OR_COMPUTED} ; database/024_sprint4_level1_narrow_corrections.sql:L28@asset_manager_sync_registry[INSERT explicit column]{DIRECT_OR_COMPUTED},database/018_sprint4_asset_manager_v2.sql:L44@asset_manager_register_candidate[SELECT * INTO row] ; database/018_sprint4_asset_manager_v2.sql:L49@asset_manager_register_candidate[qualified/rowtype field reference] ; database/018_sprint4_asset_manager_v2.sql:L70@asset_manager_activate[SELECT * INTO row] ; database/018_sprint4_asset_manager_v2.sql:L72@asset_manager_activate[qualified/rowtype field reference] ; database/018_sprint4_asset_manager_v2.sql:L76@asset_resolve[SELECT * INTO row] ; database/018_sprint4_asset_manager_v2.sql:L81@asset_manager_state[to_jsonb(row) exposes field] ; database/019_sprint4_teacher_authority_correction.sql:L44@asset_manager_register_candidate[SELECT * INTO row] ; database/019_sprint4_teacher_authority_correction.sql:L49@asset_manager_register_candidate[qualified/rowtype field reference] ; database/019_sprint4_teacher_authority_correction.sql:L70@asset_manager_activate[SELECT * INTO row] ; database/019_sprint4_teacher_authority_correction.sql:L72@asset_manager_activate[qualified/rowtype field reference] ; database/019_sprint4_teacher_authority_correction.sql:L76@asset_resolve[SELECT * INTO row] ; database/019_sprint4_teacher_authority_correction.sql:L81@asset_manager_state[to_jsonb(row) exposes field] ; database/024_sprint4_level1_narrow_corrections.sql:L37@asset_manager_import_candidate[SELECT * INTO row] ; database/024_sprint4_level1_narrow_corrections.sql:L40@asset_manager_import_candidate[qualified/rowtype field reference] ; database/025_sprint4_two_narrow_blockers.sql:L26@asset_manager_import_candidate[qualified/rowtype field reference] ; database/025_sprint4_two_narrow_blockers.sql:L9@asset_manager_import_candidate[SELECT * INTO row],PENDING,,,
SN040,resolution_source,s5_rounds#07,F0303,s5_rounds,7,database/027_sprint5_act6_8_runtime.sql,18,4,2,database/027_sprint5_act6_8_runtime.sql:L59@s5_submit_vote[UPDATE SET]{DIRECT_OR_COMPUTED} ; database/027_sprint5_act6_8_runtime.sql:L62@s5_submit_vote[UPDATE SET]{DIRECT_OR_COMPUTED} ; database/027_sprint5_act6_8_runtime.sql:L65@s5_submit_vote[UPDATE SET]{DIRECT_OR_COMPUTED} ; database/029_sprint5_canonical_discussion_localization.sql:L62@s5_submit_vote[UPDATE SET]{DERIVED_OR_COPY},database/027_sprint5_act6_8_runtime.sql:L49@s5_submit_vote[SELECT * INTO row] ; database/053_sprint8_act6_effective_round_integrity.sql:L34@s8_verify_integrity[qualified/rowtype field reference],PENDING,,,
SN040,resolution_source,teacher_overrides#08,F0428,teacher_overrides,8,database/015_sprint3c_minimal_safe_teacher_override.sql,11,11,2,database/015_sprint3c_minimal_safe_teacher_override.sql:L77@teacher_apply_override[INSERT positional/all columns]{POSITIONAL_WRITE} ; database/015_sprint3c_minimal_safe_teacher_override.sql:L90@teacher_apply_override[INSERT positional/all columns]{POSITIONAL_WRITE} ; database/015_sprint3c_minimal_safe_teacher_override.sql:L98@teacher_apply_override[INSERT positional/all columns]{POSITIONAL_WRITE} ; database/054_level3_integrated_closure.sql:L28@teacher_apply_override[INSERT positional/all columns]{POSITIONAL_WRITE} ; database/054_level3_integrated_closure.sql:L42@teacher_apply_override[INSERT positional/all columns]{POSITIONAL_WRITE} ; database/054_level3_integrated_closure.sql:L62@teacher_apply_override[INSERT positional/all columns]{POSITIONAL_WRITE} ; database/054_level3_integrated_closure.sql:L69@teacher_apply_override[INSERT positional/all columns]{POSITIONAL_WRITE} ; database/054_level3_integrated_closure.sql:L74@teacher_apply_override[INSERT positional/all columns]{POSITIONAL_WRITE} ; database/054_level3_integrated_closure.sql:L81@teacher_apply_override[INSERT positional/all columns]{POSITIONAL_WRITE} ; database/054_level3_integrated_closure.sql:L90@teacher_apply_override[INSERT positional/all columns]{POSITIONAL_WRITE} ; database/054_level3_integrated_closure.sql:L97@teacher_apply_override[INSERT positional/all columns]{POSITIONAL_WRITE},database/043_sprint7_teacher_console.sql:L81@s7_get_teacher_console[to_jsonb(row) exposes field] ; database/044_sprint7_focused_level1_corrections.sql:L65@s7_get_teacher_console[to_jsonb(row) exposes field],PENDING,,,
SN041,role_key,s6_allocation_attempts#05,F0334,s6_allocation_attempts,5,database/035_sprint6_focused_audit_corrections.sql,16,1,0,database/035_sprint6_focused_audit_corrections.sql:L61@s6_submit_allocation_guarded[INSERT explicit column]{DIRECT_OR_COMPUTED},,PENDING,,,
SN041,role_key,s6_allocations#03,F0339,s6_allocations,3,database/033_sprint6_act9_13_runtime.sql,16,3,4,database/033_sprint6_act9_13_runtime.sql:L53@s6_submit_allocation[INSERT positional/all columns]{POSITIONAL_WRITE} ; database/034_sprint6_contract_hardening.sql:L23@s6_submit_allocation[INSERT positional/all columns]{POSITIONAL_WRITE} ; database/035_sprint6_focused_audit_corrections.sql:L61@s6_submit_allocation_guarded[INSERT positional/all columns]{POSITIONAL_WRITE},database/033_sprint6_act9_13_runtime.sql:L53@s6_submit_allocation[qualified/rowtype field reference] ; database/034_sprint6_contract_hardening.sql:L22@s6_submit_allocation[qualified/rowtype field reference] ; database/034_sprint6_contract_hardening.sql:L23@s6_submit_allocation[qualified/rowtype field reference] ; database/035_sprint6_focused_audit_corrections.sql:L61@s6_submit_allocation_guarded[qualified/rowtype field reference],PENDING,,,
SN041,role_key,s6_engagements#02,F0363,s6_engagements,2,database/033_sprint6_act9_13_runtime.sql,17,3,0,database/033_sprint6_act9_13_runtime.sql:L55@s6_engage[INSERT positional/all columns]{POSITIONAL_WRITE} ; database/035_sprint6_focused_audit_corrections.sql:L65@s6_engage[INSERT positional/all columns]{POSITIONAL_WRITE} ; database/035_sprint6_focused_audit_corrections.sql:L67@s6_engage_guarded[INSERT positional/all columns]{POSITIONAL_WRITE},,PENDING,,,
SN041,role_key,s6_station_tasks#02,F0401,s6_station_tasks,2,database/035_sprint6_focused_audit_corrections.sql,20,2,0,database/035_sprint6_focused_audit_corrections.sql:L63@s6_complete_station_guarded[INSERT positional/all columns]{POSITIONAL_WRITE} ; database/036_sprint6_four_open_findings.sql:L25@s6_complete_station_v2[INSERT positional/all columns]{POSITIONAL_WRITE},,PENDING,,,
SN042,room_code,game_runs#02,F0103,game_runs,2,database/002_runtime_runs_discussion.sql,6,1,44,database/002_runtime_runs_discussion.sql:L206@s2_start_run[INSERT explicit column]{DIRECT_OR_COMPUTED},database/002_runtime_runs_discussion.sql:L114@s2_protect_run_identity[OLD.field trigger reference] ; database/002_runtime_runs_discussion.sql:L138@s2_get_active_run[qualified/rowtype field reference] ; database/002_runtime_runs_discussion.sql:L262@s2_open_discussion[SELECT * INTO row] ; database/002_runtime_runs_discussion.sql:L398@s2_refresh_discussion[SELECT * INTO row] ; database/002_runtime_runs_discussion.sql:L408@s2_refresh_discussion[qualified/rowtype field reference] ; database/002_runtime_runs_discussion.sql:L419@s2_refresh_discussion[qualified/rowtype field reference] ; database/002_runtime_runs_discussion.sql:L435@s2_refresh_discussion[qualified/rowtype field reference] ; database/003_sprint2_discussionroom_audit_fix.sql:L45@s2_open_discussion[SELECT * INTO row] ; database/013_sprint3b_discussion_authority_and_request_identity.sql:L170@s3b_apply_resolved_discussion_internal[qualified/rowtype field reference] ; database/013_sprint3b_discussion_authority_and_request_identity.sql:L291@s2_submit_vote[SELECT * INTO row] ; database/013_sprint3b_discussion_authority_and_request_identity.sql:L61@s2_open_discussion[SELECT * INTO row] ; database/013_sprint3b_discussion_authority_and_request_identity.sql:L91@s3b_apply_resolved_discussion_internal[SELECT * INTO row] ; database/014_sprint3b_evidence_and_puzzle_integrity.sql:L386@s3b_submit_library_code[SELECT * INTO row] ; database/014_sprint3b_evidence_and_puzzle_integrity.sql:L466@s3b_submit_post_inspection_route_vote[SELECT * INTO row] ; database/014a_sprint3b_inspect_reconnect_idempotency_fix.sql:L17@s3b_apply_resolved_discussion_internal[SELECT * INTO row] ; database/014a_sprint3b_inspect_reconnect_idempotency_fix.sql:L96@s3b_apply_resolved_discussion_internal[qualified/rowtype field reference] ; database/014b_sprint3b_targeted_closure_corrections.sql:L106@s3b_complete_act1[SELECT * INTO row] ; database/014b_sprint3b_targeted_closure_corrections.sql:L112@s3b_submit_first_meeting[SELECT * INTO row] ; database/014b_sprint3b_targeted_closure_corrections.sql:L121@s3b_grab[SELECT * INTO row] ; database/014b_sprint3b_targeted_closure_corrections.sql:L126@s3b_leave_start_room[SELECT * INTO row] ; database/014b_sprint3b_targeted_closure_corrections.sql:L131@s3b_ack_route_update[SELECT * INTO row] ; database/014b_sprint3b_targeted_closure_corrections.sql:L136@s3b_complete_foldback[SELECT * INTO row] ; database/014b_sprint3b_targeted_closure_corrections.sql:L141@s3b_follow_sign[SELECT * INTO row] ; database/014b_sprint3b_targeted_closure_corrections.sql:L147@s3b_submit_act4_choice[SELECT * INTO row] ; database/014b_sprint3b_targeted_closure_corrections.sql:L18@s3b_initialize_flow[SELECT * INTO row] ; database/014b_sprint3b_targeted_closure_corrections.sql:L194@s3b_audit_set_private_debug_view[SELECT * INTO row] ; database/014b_sprint3b_targeted_closure_corrections.sql:L83@s3b_ack_act1_opening[SELECT * INTO row] ; database/014b_sprint3b_targeted_closure_corrections.sql:L94@s3b_submit_act1_choice[SELECT * INTO row] ; database/015_sprint3c_minimal_safe_teacher_override.sql:L69@teacher_apply_override[SELECT * INTO row] ; database/017_sprint3c_override_act2_entry_correction.sql:L20@s3b_submit_first_meeting[SELECT * INTO row] ; database/043_sprint7_teacher_console.sql:L14@s7_set_audit_private_debug[SELECT * INTO row] ; database/043_sprint7_teacher_console.sql:L33@s7_get_teacher_console[SELECT * INTO row] ; database/044_sprint7_focused_level1_corrections.sql:L22@s7_get_teacher_console[SELECT * INTO row] ; database/046_sprint8_act14_finalization_export.sql:L88@s8_export_session[qualified/rowtype field reference] ; database/047_sprint8_export_completeness.sql:L11@s8_export_session[qualified/rowtype field reference] ; database/048_sprint8_focused_level1_corrections.sql:L107@s8_export_session[qualified/rowtype field reference] ; database/048_sprint8_focused_level1_corrections.sql:L22@s8_finalize[SELECT * INTO row] ; database/048_sprint8_focused_level1_corrections.sql:L8@s8_latest_completed_run[qualified/rowtype field reference] ; database/049_sprint8_final_closure.sql:L156@s8_finalize[SELECT * INTO row] ; database/049_sprint8_final_closure.sql:L70@s8_verify_integrity[SELECT * INTO row] ; database/054_level3_integrated_closure.sql:L152@s8_latest_completed_run[qualified/rowtype field reference] ; database/054_level3_integrated_closure.sql:L165@s8_get_finalization_state[qualified/rowtype field reference] ; database/054_level3_integrated_closure.sql:L17@teacher_apply_override[qualified/rowtype field reference] ; database/054_level3_integrated_closure.sql:L20@teacher_apply_override[SELECT * INTO row],PENDING,,,
SN042,room_code,runtime_events#03,F0121,runtime_events,3,database/002_runtime_runs_discussion.sql,90,19,0,database/002_runtime_runs_discussion.sql:L158@s2_log_event[INSERT explicit column]{DIRECT_OR_COMPUTED} ; database/014_sprint3b_evidence_and_puzzle_integrity.sql:L114@s2_log_event[INSERT explicit column]{DIRECT_OR_COMPUTED} ; database/014_sprint3b_evidence_and_puzzle_integrity.sql:L154@s3b_log_formal_event[INSERT explicit column]{DIRECT_OR_COMPUTED} ; database/014_sprint3b_evidence_and_puzzle_integrity.sql:L214@s3b_set_scene[INSERT explicit column]{DIRECT_OR_COMPUTED} ; database/014b_sprint3b_targeted_closure_corrections.sql:L63@s3b_log_formal_event_at_context[INSERT explicit column]{DIRECT_OR_COMPUTED} ; database/015_sprint3c_minimal_safe_teacher_override.sql:L53@s3b_log_formal_event_at_context[INSERT explicit column]{DIRECT_OR_COMPUTED} ; database/015_sprint3c_minimal_safe_teacher_override.sql:L78@teacher_apply_override[INSERT explicit column]{DIRECT_OR_COMPUTED} ; database/015_sprint3c_minimal_safe_teacher_override.sql:L91@teacher_apply_override[INSERT explicit column]{DIRECT_OR_COMPUTED} ; database/015_sprint3c_minimal_safe_teacher_override.sql:L99@teacher_apply_override[INSERT explicit column]{DIRECT_OR_COMPUTED} ; database/016_sprint3c_level1_narrow_corrections.sql:L65@s2_log_event[INSERT explicit column]{DIRECT_OR_COMPUTED} ; database/043_sprint7_teacher_console.sql:L19@s7_set_audit_private_debug[INSERT explicit column]{DIRECT_OR_COMPUTED} ; database/045_sprint7_teacher_intervention_provenance.sql:L18@TOP_LEVEL[INSERT explicit column]{DIRECT_OR_COMPUTED} ; database/045_sprint7_teacher_intervention_provenance.sql:L26@s5_teacher_open_vote[INSERT explicit column]{DIRECT_OR_COMPUTED} ; database/045_sprint7_teacher_intervention_provenance.sql:L32@s5_teacher_add_time[INSERT explicit column]{DIRECT_OR_COMPUTED} ; database/045_sprint7_teacher_intervention_provenance.sql:L8@s7_mirror_teacher_discussion_event[INSERT explicit column]{DIRECT_OR_COMPUTED} ; database/046_sprint8_act14_finalization_export.sql:L57@s8_finalize[INSERT explicit column]{DIRECT_OR_COMPUTED} ; database/048_sprint8_focused_level1_corrections.sql:L73@s8_finalize[INSERT explicit column]{DIRECT_OR_COMPUTED} ; database/049_sprint8_final_closure.sql:L170@s8_finalize[INSERT explicit column]{DIRECT_OR_COMPUTED} ; database/054_level3_integrated_closure.sql:L102@teacher_apply_override[INSERT explicit column]{DIRECT_OR_COMPUTED},,PENDING,,,
SN042,room_code,s1_game_events#02,F0150,s1_game_events,2,database/001_sprint1_core.sql,74,7,0,database/001_sprint1_core.sql:L190@s1_create_room[INSERT explicit column]{DIRECT_OR_COMPUTED} ; database/001_sprint1_core.sql:L233@s1_join_player[INSERT explicit column]{DIRECT_OR_COMPUTED} ; database/001_sprint1_core.sql:L384@s1_submit_private_choice[INSERT explicit column]{DIRECT_OR_COMPUTED} ; database/001_sprint1_core.sql:L400@s1_submit_private_choice[INSERT explicit column]{DIRECT_OR_COMPUTED} ; database/001_sprint1_core.sql:L512@s1_advance_scene[INSERT explicit column]{DIRECT_OR_COMPUTED} ; database/001_sprint1_core.sql:L552@s1_release_player_session[INSERT explicit column]{DIRECT_OR_COMPUTED} ; database/001_sprint1_core.sql:L577@s1_reset_room[INSERT explicit column]{DIRECT_OR_COMPUTED},,PENDING,,,
SN042,room_code,s1_player_decisions#02,F0156,s1_player_decisions,2,database/001_sprint1_core.sql,62,1,3,database/001_sprint1_core.sql:L381@s1_submit_private_choice[INSERT explicit column]{DIRECT_OR_COMPUTED},database/001_sprint1_core.sql:L301@s1_get_player_state[to_jsonb(row) exposes field] ; database/001_sprint1_core.sql:L304@s1_get_player_state[qualified/rowtype field reference] ; database/001_sprint1_core.sql:L321@s1_get_player_state[qualified/rowtype field reference],PENDING,,,
SN042,room_code,s1_room_players#02,F0164,s1_room_players,2,database/001_sprint1_core.sql,21,1,14,database/001_sprint1_core.sql:L184@s1_create_room[INSERT explicit column]{DIRECT_OR_COMPUTED},database/001_sprint1_core.sql:L212@s1_join_player[SELECT * INTO row] ; database/001_sprint1_core.sql:L255@s1_get_player_by_session[SELECT * INTO row] ; database/002_runtime_runs_discussion.sql:L1026@s2_get_teacher_state[qualified/rowtype field reference] ; database/003_sprint2_discussionroom_audit_fix.sql:L575@s2_get_teacher_state[qualified/rowtype field reference] ; database/031_sprint5_focused_reaudit_corrections.sql:L30@s5_get_teacher_discussion_state[qualified/rowtype field reference] ; database/043_sprint7_teacher_console.sql:L59@s7_get_teacher_console[qualified/rowtype field reference] ; database/043_sprint7_teacher_console.sql:L68@s7_get_teacher_console[qualified/rowtype field reference] ; database/044_sprint7_focused_level1_corrections.sql:L55@s7_get_teacher_console[qualified/rowtype field reference] ; database/044_sprint7_focused_level1_corrections.sql:L58@s7_get_teacher_console[qualified/rowtype field reference] ; database/054_level3_integrated_closure.sql:L51@teacher_apply_override[qualified/rowtype field reference] ; database/055_level2_override_export_residual_closure.sql:L38@teacher_apply_override[qualified/rowtype field reference] ; database/055_level2_override_export_residual_closure.sql:L47@teacher_apply_override[qualified/rowtype field reference] ; database/056_level2_override_validity_binding_fix.sql:L38@teacher_apply_override[qualified/rowtype field reference] ; database/056_level2_override_validity_binding_fix.sql:L47@teacher_apply_override[qualified/rowtype field reference],PENDING,,,
SN042,room_code,s1_room_state#01,F0171,s1_room_state,1,database/001_sprint1_core.sql,54,1,6,database/001_sprint1_core.sql:L181@s1_create_room[INSERT explicit column]{DIRECT_OR_COMPUTED},database/001_sprint1_core.sql:L289@s1_get_player_state[SELECT * INTO row] ; database/001_sprint1_core.sql:L360@s1_submit_private_choice[SELECT * INTO row] ; database/001_sprint1_core.sql:L427@s1_get_teacher_state[SELECT * INTO row] ; database/001_sprint1_core.sql:L489@s1_advance_scene[SELECT * INTO row] ; database/002_runtime_runs_discussion.sql:L892@s2_get_player_state[qualified/rowtype field reference] ; database/003_sprint2_discussionroom_audit_fix.sql:L439@s2_get_player_state[qualified/rowtype field reference],PENDING,,,
SN042,room_code,s1_rooms#01,F0175,s1_rooms,1,database/001_sprint1_core.sql,13,1,0,database/001_sprint1_core.sql:L178@s1_create_room[INSERT explicit column]{DIRECT_OR_COMPUTED},,PENDING,,,
SN043,round_no,discussion_sessions#06,F0078,discussion_sessions,6,database/002_runtime_runs_discussion.sql,28,15,48,database/002_runtime_runs_discussion.sql:L342@s2_open_discussion[INSERT explicit column]{DIRECT_OR_COMPUTED} ; database/002_runtime_runs_discussion.sql:L735@s2_submit_vote[INSERT explicit column]{DIRECT_OR_COMPUTED} ; database/003_sprint2_discussionroom_audit_fix.sql:L117@s2_open_discussion[INSERT explicit column]{DIRECT_OR_COMPUTED} ; database/003_sprint2_discussionroom_audit_fix.sql:L281@s2_submit_vote[INSERT explicit column]{DIRECT_OR_COMPUTED} ; database/004_sprint2_fallback_resolution_semantics.sql:L134@s2_submit_vote[INSERT explicit column]{DIRECT_OR_COMPUTED} ; database/007_sprint3b_act1_5_placeholder_flow.sql:L140@s3b_leave_start_room[INSERT explicit column]{DIRECT_OR_COMPUTED} ; database/007_sprint3b_act1_5_placeholder_flow.sql:L249@s3b_submit_act4_choice[INSERT explicit column]{DIRECT_OR_COMPUTED} ; database/013_sprint3b_discussion_authority_and_request_identity.sql:L397@s2_submit_vote[INSERT explicit column]{DIRECT_OR_COMPUTED} ; database/028_sprint5_round_event_link.sql:L27@TOP_LEVEL[INSERT explicit column]{DIRECT_OR_COMPUTED} ; database/028_sprint5_round_event_link.sql:L5@s5_mirror_round_for_audit[INSERT explicit column]{DIRECT_OR_COMPUTED} ; database/029_sprint5_canonical_discussion_localization.sql:L20@s5_configure_discussion[INSERT explicit column]{DIRECT_OR_COMPUTED} ; database/032_sprint5_discussion_creation_restore.sql:L9@s5_configure_discussion[INSERT explicit column]{DIRECT_OR_COMPUTED} ; database/035_sprint6_focused_audit_corrections.sql:L32@s6_open_discussion[INSERT explicit column]{DIRECT_OR_COMPUTED} ; database/054_level3_integrated_closure.sql:L55@teacher_apply_override[INSERT explicit column]{DIRECT_OR_COMPUTED} ; database/054_level3_integrated_closure.sql:L85@teacher_apply_override[INSERT explicit column]{DIRECT_OR_COMPUTED},database/002_runtime_runs_discussion.sql:L1054@s2_get_teacher_state[qualified/rowtype field reference] ; database/002_runtime_runs_discussion.sql:L389@s2_refresh_discussion[SELECT * INTO row] ; database/002_runtime_runs_discussion.sql:L462@s2_open_vote[SELECT * INTO row] ; database/002_runtime_runs_discussion.sql:L519@s2_add_time[SELECT * INTO row] ; database/002_runtime_runs_discussion.sql:L568@s2_send_message[SELECT * INTO row] ; database/002_runtime_runs_discussion.sql:L576@s2_send_message[SELECT * INTO row] ; database/002_runtime_runs_discussion.sql:L633@s2_submit_vote[SELECT * INTO row] ; database/002_runtime_runs_discussion.sql:L642@s2_submit_vote[SELECT * INTO row] ; database/002_runtime_runs_discussion.sql:L731@s2_submit_vote[qualified/rowtype field reference] ; database/002_runtime_runs_discussion.sql:L743@s2_submit_vote[qualified/rowtype field reference] ; database/002_runtime_runs_discussion.sql:L827@s2_get_player_state[SELECT * INTO row] ; database/002_runtime_runs_discussion.sql:L835@s2_get_player_state[SELECT * INTO row] ; database/002_runtime_runs_discussion.sql:L940@s2_get_player_state[qualified/rowtype field reference] ; database/002_runtime_runs_discussion.sql:L980@s2_get_teacher_state[SELECT * INTO row] ; database/002_runtime_runs_discussion.sql:L988@s2_get_teacher_state[SELECT * INTO row] ; database/003_sprint2_discussionroom_audit_fix.sql:L179@s2_submit_vote[SELECT * INTO row] ; database/003_sprint2_discussionroom_audit_fix.sql:L188@s2_submit_vote[SELECT * INTO row] ; database/003_sprint2_discussionroom_audit_fix.sql:L277@s2_submit_vote[qualified/rowtype field reference] ; database/003_sprint2_discussionroom_audit_fix.sql:L289@s2_submit_vote[qualified/rowtype field reference] ; database/003_sprint2_discussionroom_audit_fix.sql:L373@s2_get_player_state[SELECT * INTO row] ; database/003_sprint2_discussionroom_audit_fix.sql:L381@s2_get_player_state[SELECT * INTO row] ; database/003_sprint2_discussionroom_audit_fix.sql:L487@s2_get_player_state[qualified/rowtype field reference] ; database/003_sprint2_discussionroom_audit_fix.sql:L528@s2_get_teacher_state[SELECT * INTO row] ; database/003_sprint2_discussionroom_audit_fix.sql:L536@s2_get_teacher_state[SELECT * INTO row] ; database/003_sprint2_discussionroom_audit_fix.sql:L616@s2_get_teacher_state[qualified/rowtype field reference] ; database/004_sprint2_fallback_resolution_semantics.sql:L130@s2_submit_vote[qualified/rowtype field reference] ; database/004_sprint2_fallback_resolution_semantics.sql:L142@s2_submit_vote[qualified/rowtype field reference] ; database/004_sprint2_fallback_resolution_semantics.sql:L32@s2_submit_vote[SELECT * INTO row] ; database/004_sprint2_fallback_resolution_semantics.sql:L41@s2_submit_vote[SELECT * INTO row] ; database/013_sprint3b_discussion_authority_and_request_identity.sql:L214@s2_send_message[SELECT * INTO row] ; database/013_sprint3b_discussion_authority_and_request_identity.sql:L237@s2_send_message[SELECT * INTO row] ; database/013_sprint3b_discussion_authority_and_request_identity.sql:L295@s2_submit_vote[SELECT * INTO row] ; database/013_sprint3b_discussion_authority_and_request_identity.sql:L305@s2_submit_vote[SELECT * INTO row] ; database/013_sprint3b_discussion_authority_and_request_identity.sql:L395@s2_submit_vote[qualified/rowtype field reference] ; database/013_sprint3b_discussion_authority_and_request_identity.sql:L405@s2_submit_vote[qualified/rowtype field reference] ; database/013_sprint3b_discussion_authority_and_request_identity.sql:L94@s3b_apply_resolved_discussion_internal[SELECT * INTO row] ; database/014a_sprint3b_inspect_reconnect_idempotency_fix.sql:L20@s3b_apply_resolved_discussion_internal[SELECT * INTO row] ; database/029_sprint5_canonical_discussion_localization.sql:L54@s5_submit_vote[SELECT * INTO row] ; database/029_sprint5_canonical_discussion_localization.sql:L85@s5_get_player_state[to_jsonb(row) exposes field] ; database/029_sprint5_canonical_discussion_localization.sql:L89@s5_get_discussion_state[SELECT * INTO row] ; database/037_level3_independent_audit_closure.sql:L146@s6_refresh_owned_discussion[SELECT * INTO row] ; database/037_level3_independent_audit_closure.sql:L159@s2_refresh_discussion[SELECT * INTO row] ; database/040_level2_closure_verification_support.sql:L14@s6_verify_expire_discussion[SELECT * INTO row] ; database/041_level2_normal_s5_verification_support.sql:L14@s5_verify_expire_discussion[SELECT * INTO row] ; database/043_sprint7_teacher_console.sql:L40@s7_get_teacher_console[SELECT * INTO row] ; database/044_sprint7_focused_level1_corrections.sql:L29@s7_get_teacher_console[SELECT * INTO row] ; database/054_level3_integrated_closure.sql:L59@teacher_apply_override[SELECT * INTO row] ; database/054_level3_integrated_closure.sql:L91@teacher_apply_override[SELECT * INTO row],PENDING,,,
SN043,round_no,s6_allocation_attempts#03,F0332,s6_allocation_attempts,3,database/035_sprint6_focused_audit_corrections.sql,15,1,0,database/035_sprint6_focused_audit_corrections.sql:L61@s6_submit_allocation_guarded[INSERT explicit column]{DIRECT_OR_COMPUTED},,PENDING,,,
SN043,round_no,s6_choices#03,F0354,s6_choices,3,database/033_sprint6_act9_13_runtime.sql,15,6,5,database/033_sprint6_act9_13_runtime.sql:L40@s6_submit_group_choice[INSERT positional/all columns]{POSITIONAL_WRITE} ; database/033_sprint6_act9_13_runtime.sql:L49@s6_submit_private_choice[INSERT positional/all columns]{POSITIONAL_WRITE} ; database/034_sprint6_contract_hardening.sql:L10@s6_submit_group_choice[INSERT positional/all columns]{POSITIONAL_WRITE} ; database/034_sprint6_contract_hardening.sql:L20@s6_submit_private_choice[INSERT positional/all columns]{POSITIONAL_WRITE} ; database/035_sprint6_focused_audit_corrections.sql:L46@s6_submit_group_choice_guarded[INSERT positional/all columns]{POSITIONAL_WRITE} ; database/035_sprint6_focused_audit_corrections.sql:L57@s6_submit_private_choice_guarded[INSERT positional/all columns]{POSITIONAL_WRITE},database/049_sprint8_final_closure.sql:L115@s8_verify_integrity[qualified/rowtype field reference] ; database/049_sprint8_final_closure.sql:L116@s8_verify_integrity[qualified/rowtype field reference] ; database/065_package_b_player_wait_projection.sql:L11@s9_get_player_wait_state[SELECT * INTO row] ; database/066_package_b_wait_projection_locked_at_fix.sql:L11@s9_get_player_wait_state[SELECT * INTO row] ; database/067_package_b_allocation_progress_fix.sql:L11@s9_get_player_wait_state[SELECT * INTO row],PENDING,,,
SN043,round_no,s6_run_state#05,F0376,s6_run_state,5,database/033_sprint6_act9_13_runtime.sql,5,24,38,database/033_sprint6_act9_13_runtime.sql:L41@s6_submit_group_choice[UPDATE SET]{DIRECT_OR_COMPUTED} ; database/033_sprint6_act9_13_runtime.sql:L45@s6_submit_group_choice[UPDATE SET]{DIRECT_OR_COMPUTED} ; database/033_sprint6_act9_13_runtime.sql:L46@s6_submit_group_choice[UPDATE SET]{DIRECT_OR_COMPUTED} ; database/033_sprint6_act9_13_runtime.sql:L47@s6_submit_group_choice[UPDATE SET]{DIRECT_OR_COMPUTED} ; database/033_sprint6_act9_13_runtime.sql:L49@s6_submit_private_choice[UPDATE SET]{DIRECT_OR_COMPUTED} ; database/033_sprint6_act9_13_runtime.sql:L51@s6_advance[UPDATE SET]{DIRECT_OR_COMPUTED} ; database/033_sprint6_act9_13_runtime.sql:L53@s6_submit_allocation[UPDATE SET]{DIRECT_OR_COMPUTED} ; database/033_sprint6_act9_13_runtime.sql:L55@s6_engage[UPDATE SET]{DIRECT_OR_COMPUTED} ; database/034_sprint6_contract_hardening.sql:L11@s6_submit_group_choice[UPDATE SET]{DIRECT_OR_COMPUTED} ; database/034_sprint6_contract_hardening.sql:L15@s6_submit_group_choice[UPDATE SET]{DIRECT_OR_COMPUTED} ; database/034_sprint6_contract_hardening.sql:L16@s6_submit_group_choice[UPDATE SET]{DIRECT_OR_COMPUTED} ; database/034_sprint6_contract_hardening.sql:L17@s6_submit_group_choice[UPDATE SET]{DIRECT_OR_COMPUTED} ; database/034_sprint6_contract_hardening.sql:L20@s6_submit_private_choice[UPDATE SET]{DIRECT_OR_COMPUTED} ; database/034_sprint6_contract_hardening.sql:L23@s6_submit_allocation[UPDATE SET]{DIRECT_OR_COMPUTED} ; database/035_sprint6_focused_audit_corrections.sql:L47@s6_submit_group_choice_guarded[UPDATE SET]{DIRECT_OR_COMPUTED} ; database/035_sprint6_focused_audit_corrections.sql:L51@s6_submit_group_choice_guarded[UPDATE SET]{DIRECT_OR_COMPUTED} ; database/035_sprint6_focused_audit_corrections.sql:L52@s6_submit_group_choice_guarded[UPDATE SET]{DIRECT_OR_COMPUTED} ; database/035_sprint6_focused_audit_corrections.sql:L53@s6_submit_group_choice_guarded[UPDATE SET]{DIRECT_OR_COMPUTED} ; database/035_sprint6_focused_audit_corrections.sql:L54@s6_submit_group_choice_guarded[UPDATE SET]{DIRECT_OR_COMPUTED} ; database/035_sprint6_focused_audit_corrections.sql:L57@s6_submit_private_choice_guarded[UPDATE SET]{DIRECT_OR_COMPUTED} ; database/035_sprint6_focused_audit_corrections.sql:L59@s6_advance_guarded[UPDATE SET]{DIRECT_OR_COMPUTED} ; database/035_sprint6_focused_audit_corrections.sql:L61@s6_submit_allocation_guarded[UPDATE SET]{DIRECT_OR_COMPUTED} ; database/035_sprint6_focused_audit_corrections.sql:L65@s6_engage[UPDATE SET]{DIRECT_OR_COMPUTED} ; database/035_sprint6_focused_audit_corrections.sql:L67@s6_engage_guarded[UPDATE SET]{DIRECT_OR_COMPUTED},database/033_sprint6_act9_13_runtime.sql:L40@s6_submit_group_choice[qualified/rowtype field reference] ; database/033_sprint6_act9_13_runtime.sql:L42@s6_submit_group_choice[qualified/rowtype field reference] ; database/033_sprint6_act9_13_runtime.sql:L49@s6_submit_private_choice[qualified/rowtype field reference] ; database/033_sprint6_act9_13_runtime.sql:L57@s6_get_player_state[to_jsonb(row) exposes field] ; database/034_sprint6_contract_hardening.sql:L10@s6_submit_group_choice[qualified/rowtype field reference] ; database/034_sprint6_contract_hardening.sql:L12@s6_submit_group_choice[qualified/rowtype field reference] ; database/034_sprint6_contract_hardening.sql:L20@s6_submit_private_choice[qualified/rowtype field reference] ; database/034_sprint6_contract_hardening.sql:L25@s6_get_player_state[to_jsonb(row) exposes field] ; database/035_sprint6_focused_audit_corrections.sql:L46@s6_submit_group_choice_guarded[qualified/rowtype field reference] ; database/035_sprint6_focused_audit_corrections.sql:L48@s6_submit_group_choice_guarded[qualified/rowtype field reference] ; database/035_sprint6_focused_audit_corrections.sql:L57@s6_submit_private_choice_guarded[qualified/rowtype field reference] ; database/035_sprint6_focused_audit_corrections.sql:L61@s6_submit_allocation_guarded[qualified/rowtype field reference] ; database/035_sprint6_focused_audit_corrections.sql:L72@s6_get_player_state[to_jsonb(row) exposes field] ; database/036_sprint6_four_open_findings.sql:L29@s6_get_player_state[to_jsonb(row) exposes field] ; database/037_level3_independent_audit_closure.sql:L144@s6_refresh_owned_discussion[SELECT * INTO row] ; database/037_level3_independent_audit_closure.sql:L179@s6_get_player_state[to_jsonb(row) exposes field] ; database/037_level3_independent_audit_closure.sql:L74@act6_13_capture_s6_transition[OLD.field trigger reference] ; database/043_sprint7_teacher_console.sql:L36@s7_get_teacher_console[SELECT * INTO row] ; database/043_sprint7_teacher_console.sql:L51@s7_get_teacher_console[qualified/rowtype field reference] ; database/043_sprint7_teacher_console.sql:L55@s7_get_teacher_console[qualified/rowtype field reference] ; database/044_sprint7_focused_level1_corrections.sql:L25@s7_get_teacher_console[SELECT * INTO row] ; database/044_sprint7_focused_level1_corrections.sql:L41@s7_get_teacher_console[qualified/rowtype field reference] ; database/046_sprint8_act14_finalization_export.sql:L34@s8_finalize[SELECT * INTO row] ; database/048_sprint8_focused_level1_corrections.sql:L33@s8_finalize[SELECT * INTO row] ; database/049_sprint8_final_closure.sql:L74@s8_verify_integrity[SELECT * INTO row] ; database/054_level3_integrated_closure.sql:L129@s8_verify_integrity[SELECT * INTO row] ; database/065_package_b_player_wait_projection.sql:L11@s9_get_player_wait_state[qualified/rowtype field reference] ; database/065_package_b_player_wait_projection.sql:L12@s9_get_player_wait_state[qualified/rowtype field reference] ; database/065_package_b_player_wait_projection.sql:L15@s9_get_player_wait_state[qualified/rowtype field reference] ; database/065_package_b_player_wait_projection.sql:L9@s9_get_player_wait_state[SELECT * INTO row] ; database/066_package_b_wait_projection_locked_at_fix.sql:L11@s9_get_player_wait_state[qualified/rowtype field reference] ; database/066_package_b_wait_projection_locked_at_fix.sql:L12@s9_get_player_wait_state[qualified/rowtype field reference] ; database/066_package_b_wait_projection_locked_at_fix.sql:L15@s9_get_player_wait_state[qualified/rowtype field reference] ; database/066_package_b_wait_projection_locked_at_fix.sql:L9@s9_get_player_wait_state[SELECT * INTO row] ; database/067_package_b_allocation_progress_fix.sql:L11@s9_get_player_wait_state[qualified/rowtype field reference] ; database/067_package_b_allocation_progress_fix.sql:L15@s9_get_player_wait_state[qualified/rowtype field reference] ; database/067_package_b_allocation_progress_fix.sql:L19@s9_get_player_wait_state[qualified/rowtype field reference] ; database/067_package_b_allocation_progress_fix.sql:L9@s9_get_player_wait_state[SELECT * INTO row],PENDING,,,
SN044,run_id,act6_13_event_ledger#02,F0002,act6_13_event_ledger,2,database/037_level3_independent_audit_closure.sql,8,5,1,database/037_level3_independent_audit_closure.sql:L151@s6_refresh_owned_discussion[INSERT explicit column]{DIRECT_OR_COMPUTED} ; database/037_level3_independent_audit_closure.sql:L174@s6_mark_audio_consumed[INSERT explicit column]{DIRECT_OR_COMPUTED} ; database/037_level3_independent_audit_closure.sql:L49@act6_13_capture_s5_transition[INSERT explicit column]{DIRECT_OR_COMPUTED} ; database/037_level3_independent_audit_closure.sql:L75@act6_13_capture_s6_transition[INSERT explicit column]{DIRECT_OR_COMPUTED} ; database/037_level3_independent_audit_closure.sql:L79@act6_13_capture_s6_transition[INSERT explicit column]{DIRECT_OR_COMPUTED},database/037_level3_independent_audit_closure.sql:L183@act6_13_get_timeline[to_jsonb(row) exposes field],PENDING,,,
SN044,run_id,dialogue_messages#02,F0064,dialogue_messages,2,database/002_runtime_runs_discussion.sql,56,4,9,database/002_runtime_runs_discussion.sql:L586@s2_send_message[INSERT explicit column]{DIRECT_OR_COMPUTED} ; database/013_sprint3b_discussion_authority_and_request_identity.sql:L246@s2_send_message[INSERT explicit column]{DIRECT_OR_COMPUTED} ; database/030_sprint5_exact_session_messages.sql:L12@s5_send_message[INSERT explicit column]{DIRECT_OR_COMPUTED} ; database/035_sprint6_focused_audit_corrections.sql:L40@s6_send_message_guarded[INSERT explicit column]{DIRECT_OR_COMPUTED},database/002_runtime_runs_discussion.sql:L1002@s2_get_teacher_state[qualified/rowtype field reference] ; database/002_runtime_runs_discussion.sql:L849@s2_get_player_state[qualified/rowtype field reference] ; database/003_sprint2_discussionroom_audit_fix.sql:L395@s2_get_player_state[qualified/rowtype field reference] ; database/003_sprint2_discussionroom_audit_fix.sql:L550@s2_get_teacher_state[qualified/rowtype field reference] ; database/003_sprint2_discussionroom_audit_fix.sql:L589@s2_get_teacher_state[qualified/rowtype field reference] ; database/013_sprint3b_discussion_authority_and_request_identity.sql:L223@s2_send_message[SELECT * INTO row] ; database/030_sprint5_exact_session_messages.sql:L9@s5_send_message[SELECT * INTO row] ; database/043_sprint7_teacher_console.sql:L62@s7_get_teacher_console[qualified/rowtype field reference] ; database/044_sprint7_focused_level1_corrections.sql:L57@s7_get_teacher_console[qualified/rowtype field reference],PENDING,,,
SN044,run_id,discussion_sessions#02,F0074,discussion_sessions,2,database/002_runtime_runs_discussion.sql,24,15,48,database/002_runtime_runs_discussion.sql:L342@s2_open_discussion[INSERT explicit column]{DIRECT_OR_COMPUTED} ; database/002_runtime_runs_discussion.sql:L735@s2_submit_vote[INSERT explicit column]{DIRECT_OR_COMPUTED} ; database/003_sprint2_discussionroom_audit_fix.sql:L117@s2_open_discussion[INSERT explicit column]{DIRECT_OR_COMPUTED} ; database/003_sprint2_discussionroom_audit_fix.sql:L281@s2_submit_vote[INSERT explicit column]{DIRECT_OR_COMPUTED} ; database/004_sprint2_fallback_resolution_semantics.sql:L134@s2_submit_vote[INSERT explicit column]{DIRECT_OR_COMPUTED} ; database/007_sprint3b_act1_5_placeholder_flow.sql:L140@s3b_leave_start_room[INSERT explicit column]{DIRECT_OR_COMPUTED} ; database/007_sprint3b_act1_5_placeholder_flow.sql:L249@s3b_submit_act4_choice[INSERT explicit column]{DIRECT_OR_COMPUTED} ; database/013_sprint3b_discussion_authority_and_request_identity.sql:L397@s2_submit_vote[INSERT explicit column]{DIRECT_OR_COMPUTED} ; database/028_sprint5_round_event_link.sql:L27@TOP_LEVEL[INSERT explicit column]{DIRECT_OR_COMPUTED} ; database/028_sprint5_round_event_link.sql:L5@s5_mirror_round_for_audit[INSERT explicit column]{DIRECT_OR_COMPUTED} ; database/029_sprint5_canonical_discussion_localization.sql:L20@s5_configure_discussion[INSERT explicit column]{DIRECT_OR_COMPUTED} ; database/032_sprint5_discussion_creation_restore.sql:L9@s5_configure_discussion[INSERT explicit column]{DIRECT_OR_COMPUTED} ; database/035_sprint6_focused_audit_corrections.sql:L32@s6_open_discussion[INSERT explicit column]{DIRECT_OR_COMPUTED} ; database/054_level3_integrated_closure.sql:L55@teacher_apply_override[INSERT explicit column]{DIRECT_OR_COMPUTED} ; database/054_level3_integrated_closure.sql:L85@teacher_apply_override[INSERT explicit column]{DIRECT_OR_COMPUTED},database/002_runtime_runs_discussion.sql:L389@s2_refresh_discussion[SELECT * INTO row] ; database/002_runtime_runs_discussion.sql:L398@s2_refresh_discussion[qualified/rowtype field reference] ; database/002_runtime_runs_discussion.sql:L462@s2_open_vote[SELECT * INTO row] ; database/002_runtime_runs_discussion.sql:L519@s2_add_time[SELECT * INTO row] ; database/002_runtime_runs_discussion.sql:L568@s2_send_message[SELECT * INTO row] ; database/002_runtime_runs_discussion.sql:L576@s2_send_message[SELECT * INTO row] ; database/002_runtime_runs_discussion.sql:L633@s2_submit_vote[SELECT * INTO row] ; database/002_runtime_runs_discussion.sql:L642@s2_submit_vote[SELECT * INTO row] ; database/002_runtime_runs_discussion.sql:L742@s2_submit_vote[qualified/rowtype field reference] ; database/002_runtime_runs_discussion.sql:L827@s2_get_player_state[SELECT * INTO row] ; database/002_runtime_runs_discussion.sql:L835@s2_get_player_state[SELECT * INTO row] ; database/002_runtime_runs_discussion.sql:L918@s2_get_player_state[qualified/rowtype field reference] ; database/002_runtime_runs_discussion.sql:L980@s2_get_teacher_state[SELECT * INTO row] ; database/002_runtime_runs_discussion.sql:L988@s2_get_teacher_state[SELECT * INTO row] ; database/003_sprint2_discussionroom_audit_fix.sql:L179@s2_submit_vote[SELECT * INTO row] ; database/003_sprint2_discussionroom_audit_fix.sql:L188@s2_submit_vote[SELECT * INTO row] ; database/003_sprint2_discussionroom_audit_fix.sql:L288@s2_submit_vote[qualified/rowtype field reference] ; database/003_sprint2_discussionroom_audit_fix.sql:L373@s2_get_player_state[SELECT * INTO row] ; database/003_sprint2_discussionroom_audit_fix.sql:L381@s2_get_player_state[SELECT * INTO row] ; database/003_sprint2_discussionroom_audit_fix.sql:L465@s2_get_player_state[qualified/rowtype field reference] ; database/003_sprint2_discussionroom_audit_fix.sql:L528@s2_get_teacher_state[SELECT * INTO row] ; database/003_sprint2_discussionroom_audit_fix.sql:L536@s2_get_teacher_state[SELECT * INTO row] ; database/004_sprint2_fallback_resolution_semantics.sql:L141@s2_submit_vote[qualified/rowtype field reference] ; database/004_sprint2_fallback_resolution_semantics.sql:L32@s2_submit_vote[SELECT * INTO row] ; database/004_sprint2_fallback_resolution_semantics.sql:L41@s2_submit_vote[SELECT * INTO row] ; database/013_sprint3b_discussion_authority_and_request_identity.sql:L214@s2_send_message[SELECT * INTO row] ; database/013_sprint3b_discussion_authority_and_request_identity.sql:L237@s2_send_message[SELECT * INTO row] ; database/013_sprint3b_discussion_authority_and_request_identity.sql:L295@s2_submit_vote[SELECT * INTO row] ; database/013_sprint3b_discussion_authority_and_request_identity.sql:L305@s2_submit_vote[SELECT * INTO row] ; database/013_sprint3b_discussion_authority_and_request_identity.sql:L404@s2_submit_vote[qualified/rowtype field reference] ; database/013_sprint3b_discussion_authority_and_request_identity.sql:L94@s3b_apply_resolved_discussion_internal[SELECT * INTO row] ; database/014a_sprint3b_inspect_reconnect_idempotency_fix.sql:L20@s3b_apply_resolved_discussion_internal[SELECT * INTO row] ; database/029_sprint5_canonical_discussion_localization.sql:L54@s5_submit_vote[SELECT * INTO row] ; database/029_sprint5_canonical_discussion_localization.sql:L85@s5_get_player_state[to_jsonb(row) exposes field] ; database/029_sprint5_canonical_discussion_localization.sql:L89@s5_get_discussion_state[SELECT * INTO row] ; database/037_level3_independent_audit_closure.sql:L146@s6_refresh_owned_discussion[SELECT * INTO row] ; database/037_level3_independent_audit_closure.sql:L159@s2_refresh_discussion[SELECT * INTO row] ; database/037_level3_independent_audit_closure.sql:L160@s2_refresh_discussion[qualified/rowtype field reference] ; database/040_level2_closure_verification_support.sql:L14@s6_verify_expire_discussion[SELECT * INTO row] ; database/041_level2_normal_s5_verification_support.sql:L14@s5_verify_expire_discussion[SELECT * INTO row] ; database/043_sprint7_teacher_console.sql:L40@s7_get_teacher_console[SELECT * INTO row] ; database/044_sprint7_focused_level1_corrections.sql:L29@s7_get_teacher_console[SELECT * INTO row] ; database/050_sprint8_act2_verifier_projection_fix.sql:L22@s8_verify_integrity[qualified/rowtype field reference] ; database/050_sprint8_act2_verifier_projection_fix.sql:L24@s8_verify_integrity[qualified/rowtype field reference] ; database/054_level3_integrated_closure.sql:L135@s8_verify_integrity[qualified/rowtype field reference] ; database/054_level3_integrated_closure.sql:L59@teacher_apply_override[SELECT * INTO row] ; database/054_level3_integrated_closure.sql:L91@teacher_apply_override[SELECT * INTO row] ; database/055_level2_override_export_residual_closure.sql:L32@teacher_apply_override[qualified/rowtype field reference],PENDING,,,
SN044,run_id,game_runs#01,F0102,game_runs,1,database/002_runtime_runs_discussion.sql,5,0,835,,database/002_runtime_runs_discussion.sql:L1002@s2_get_teacher_state[qualified/rowtype field reference] ; database/002_runtime_runs_discussion.sql:L1038@s2_get_teacher_state[qualified/rowtype field reference] ; database/002_runtime_runs_discussion.sql:L1043@s2_get_teacher_state[qualified/rowtype field reference] ; database/002_runtime_runs_discussion.sql:L113@s2_protect_run_identity[OLD.field trigger reference] ; database/002_runtime_runs_discussion.sql:L213@s2_start_run[qualified/rowtype field reference] ; database/002_runtime_runs_discussion.sql:L221@s2_start_run[qualified/rowtype field reference] ; database/002_runtime_runs_discussion.sql:L262@s2_open_discussion[SELECT * INTO row] ; database/002_runtime_runs_discussion.sql:L273@s2_open_discussion[qualified/rowtype field reference] ; database/002_runtime_runs_discussion.sql:L340@s2_open_discussion[qualified/rowtype field reference] ; database/002_runtime_runs_discussion.sql:L349@s2_open_discussion[qualified/rowtype field reference] ; database/002_runtime_runs_discussion.sql:L361@s2_open_discussion[qualified/rowtype field reference] ; database/002_runtime_runs_discussion.sql:L364@s2_open_discussion[qualified/rowtype field reference] ; database/002_runtime_runs_discussion.sql:L398@s2_refresh_discussion[SELECT * INTO row] ; database/002_runtime_runs_discussion.sql:L408@s2_refresh_discussion[qualified/rowtype field reference] ; database/002_runtime_runs_discussion.sql:L419@s2_refresh_discussion[qualified/rowtype field reference] ; database/002_runtime_runs_discussion.sql:L435@s2_refresh_discussion[qualified/rowtype field reference] ; database/002_runtime_runs_discussion.sql:L460@s2_open_vote[qualified/rowtype field reference] ; database/002_runtime_runs_discussion.sql:L464@s2_open_vote[qualified/rowtype field reference] ; database/002_runtime_runs_discussion.sql:L483@s2_open_vote[qualified/rowtype field reference] ; database/002_runtime_runs_discussion.sql:L517@s2_add_time[qualified/rowtype field reference] ; database/002_runtime_runs_discussion.sql:L521@s2_add_time[qualified/rowtype field reference] ; database/002_runtime_runs_discussion.sql:L538@s2_add_time[qualified/rowtype field reference] ; database/002_runtime_runs_discussion.sql:L566@s2_send_message[qualified/rowtype field reference] ; database/002_runtime_runs_discussion.sql:L570@s2_send_message[qualified/rowtype field reference] ; database/002_runtime_runs_discussion.sql:L590@s2_send_message[qualified/rowtype field reference] ; database/002_runtime_runs_discussion.sql:L595@s2_send_message[qualified/rowtype field reference] ; database/002_runtime_runs_discussion.sql:L631@s2_submit_vote[qualified/rowtype field reference] ; database/002_runtime_runs_discussion.sql:L635@s2_submit_vote[qualified/rowtype field reference] ; database/002_runtime_runs_discussion.sql:L660@s2_submit_vote[qualified/rowtype field reference] ; database/002_runtime_runs_discussion.sql:L666@s2_submit_vote[qualified/rowtype field reference] ; database/002_runtime_runs_discussion.sql:L701@s2_submit_vote[qualified/rowtype field reference] ; database/002_runtime_runs_discussion.sql:L723@s2_submit_vote[qualified/rowtype field reference] ; database/002_runtime_runs_discussion.sql:L754@s2_submit_vote[qualified/rowtype field reference] ; database/002_runtime_runs_discussion.sql:L779@s2_submit_vote[qualified/rowtype field reference] ; database/002_runtime_runs_discussion.sql:L823@s2_get_player_state[qualified/rowtype field reference] ; database/002_runtime_runs_discussion.sql:L829@s2_get_player_state[qualified/rowtype field reference] ; database/002_runtime_runs_discussion.sql:L849@s2_get_player_state[qualified/rowtype field reference] ; database/002_runtime_runs_discussion.sql:L918@s2_get_player_state[qualified/rowtype field reference] ; database/002_runtime_runs_discussion.sql:L924@s2_get_player_state[qualified/rowtype field reference] ; database/002_runtime_runs_discussion.sql:L978@s2_get_teacher_state[qualified/rowtype field reference] ; database/002_runtime_runs_discussion.sql:L982@s2_get_teacher_state[qualified/rowtype field reference] ; database/003_sprint2_discussionroom_audit_fix.sql:L115@s2_open_discussion[qualified/rowtype field reference] ; database/003_sprint2_discussionroom_audit_fix.sql:L124@s2_open_discussion[qualified/rowtype field reference] ; database/003_sprint2_discussionroom_audit_fix.sql:L136@s2_open_discussion[qualified/rowtype field reference] ; database/003_sprint2_discussionroom_audit_fix.sql:L139@s2_open_discussion[qualified/rowtype field reference] ; database/003_sprint2_discussionroom_audit_fix.sql:L177@s2_submit_vote[qualified/rowtype field reference] ; database/003_sprint2_discussionroom_audit_fix.sql:L181@s2_submit_vote[qualified/rowtype field reference] ; database/003_sprint2_discussionroom_audit_fix.sql:L206@s2_submit_vote[qualified/rowtype field reference] ; database/003_sprint2_discussionroom_audit_fix.sql:L212@s2_submit_vote[qualified/rowtype field reference] ; database/003_sprint2_discussionroom_audit_fix.sql:L247@s2_submit_vote[qualified/rowtype field reference] ; database/003_sprint2_discussionroom_audit_fix.sql:L269@s2_submit_vote[qualified/rowtype field reference] ; database/003_sprint2_discussionroom_audit_fix.sql:L300@s2_submit_vote[qualified/rowtype field reference] ; database/003_sprint2_discussionroom_audit_fix.sql:L325@s2_submit_vote[qualified/rowtype field reference] ; database/003_sprint2_discussionroom_audit_fix.sql:L369@s2_get_player_state[qualified/rowtype field reference] ; database/003_sprint2_discussionroom_audit_fix.sql:L375@s2_get_player_state[qualified/rowtype field reference] ; database/003_sprint2_discussionroom_audit_fix.sql:L395@s2_get_player_state[qualified/rowtype field reference] ; database/003_sprint2_discussionroom_audit_fix.sql:L45@s2_open_discussion[SELECT * INTO row] ; database/003_sprint2_discussionroom_audit_fix.sql:L465@s2_get_player_state[qualified/rowtype field reference] ; database/003_sprint2_discussionroom_audit_fix.sql:L471@s2_get_player_state[qualified/rowtype field reference] ; database/003_sprint2_discussionroom_audit_fix.sql:L526@s2_get_teacher_state[qualified/rowtype field reference] ; database/003_sprint2_discussionroom_audit_fix.sql:L530@s2_get_teacher_state[qualified/rowtype field reference] ; database/003_sprint2_discussionroom_audit_fix.sql:L550@s2_get_teacher_state[qualified/rowtype field reference] ; database/003_sprint2_discussionroom_audit_fix.sql:L56@s2_open_discussion[qualified/rowtype field reference] ; database/003_sprint2_discussionroom_audit_fix.sql:L589@s2_get_teacher_state[qualified/rowtype field reference] ; database/003_sprint2_discussionroom_audit_fix.sql:L600@s2_get_teacher_state[qualified/rowtype field reference] ; database/003_sprint2_discussionroom_audit_fix.sql:L605@s2_get_teacher_state[qualified/rowtype field reference] ; database/004_sprint2_fallback_resolution_semantics.sql:L100@s2_submit_vote[qualified/rowtype field reference] ; database/004_sprint2_fallback_resolution_semantics.sql:L122@s2_submit_vote[qualified/rowtype field reference] ; database/004_sprint2_fallback_resolution_semantics.sql:L153@s2_submit_vote[qualified/rowtype field reference] ; database/004_sprint2_fallback_resolution_semantics.sql:L180@s2_submit_vote[qualified/rowtype field reference] ; database/004_sprint2_fallback_resolution_semantics.sql:L30@s2_submit_vote[qualified/rowtype field reference] ; database/004_sprint2_fallback_resolution_semantics.sql:L34@s2_submit_vote[qualified/rowtype field reference] ; database/004_sprint2_fallback_resolution_semantics.sql:L59@s2_submit_vote[qualified/rowtype field reference] ; database/004_sprint2_fallback_resolution_semantics.sql:L65@s2_submit_vote[qualified/rowtype field reference] ; database/005_sprint3a_scene_pocket_knowledge_foundation.sql:L166@s3_initialize_audit_fixture[qualified/rowtype field reference] ; database/005_sprint3a_scene_pocket_knowledge_foundation.sql:L174@s3_initialize_audit_fixture[qualified/rowtype field reference] ; database/005_sprint3a_scene_pocket_knowledge_foundation.sql:L180@s3_initialize_audit_fixture[qualified/rowtype field reference] ; database/005_sprint3a_scene_pocket_knowledge_foundation.sql:L182@s3_initialize_audit_fixture[qualified/rowtype field reference] ; database/005_sprint3a_scene_pocket_knowledge_foundation.sql:L183@s3_initialize_audit_fixture[qualified/rowtype field reference] ; database/005_sprint3a_scene_pocket_knowledge_foundation.sql:L184@s3_initialize_audit_fixture[qualified/rowtype field reference] ; database/005_sprint3a_scene_pocket_knowledge_foundation.sql:L185@s3_initialize_audit_fixture[qualified/rowtype field reference] ; database/005_sprint3a_scene_pocket_knowledge_foundation.sql:L186@s3_initialize_audit_fixture[qualified/rowtype field reference] ; database/005_sprint3a_scene_pocket_knowledge_foundation.sql:L188@s3_initialize_audit_fixture[qualified/rowtype field reference] ; database/005_sprint3a_scene_pocket_knowledge_foundation.sql:L207@s3_share_photo[qualified/rowtype field reference] ; database/005_sprint3a_scene_pocket_knowledge_foundation.sql:L208@s3_share_photo[qualified/rowtype field reference] ; database/005_sprint3a_scene_pocket_knowledge_foundation.sql:L218@s3_share_photo[qualified/rowtype field reference] ; database/005_sprint3a_scene_pocket_knowledge_foundation.sql:L221@s3_share_photo[qualified/rowtype field reference] ; database/005_sprint3a_scene_pocket_knowledge_foundation.sql:L232@s3_get_player_state[qualified/rowtype field reference] ; database/005_sprint3a_scene_pocket_knowledge_foundation.sql:L233@s3_get_player_state[qualified/rowtype field reference] ; database/005_sprint3a_scene_pocket_knowledge_foundation.sql:L234@s3_get_player_state[qualified/rowtype field reference] ; database/005_sprint3a_scene_pocket_knowledge_foundation.sql:L235@s3_get_player_state[qualified/rowtype field reference] ; database/005_sprint3a_scene_pocket_knowledge_foundation.sql:L236@s3_get_player_state[qualified/rowtype field reference] ; database/005_sprint3a_scene_pocket_knowledge_foundation.sql:L237@s3_get_player_state[qualified/rowtype field reference] ; database/005_sprint3a_scene_pocket_knowledge_foundation.sql:L238@s3_get_player_state[qualified/rowtype field reference] ; database/005_sprint3a_scene_pocket_knowledge_foundation.sql:L239@s3_get_player_state[qualified/rowtype field reference] ; database/005_sprint3a_scene_pocket_knowledge_foundation.sql:L247@s3_get_teacher_state[qualified/rowtype field reference] ; database/005_sprint3a_scene_pocket_knowledge_foundation.sql:L248@s3_get_teacher_state[qualified/rowtype field reference] ; database/005_sprint3a_scene_pocket_knowledge_foundation.sql:L249@s3_get_teacher_state[qualified/rowtype field reference] ; database/005_sprint3a_scene_pocket_knowledge_foundation.sql:L251@s3_get_teacher_state[qualified/rowtype field reference] ; database/005_sprint3a_scene_pocket_knowledge_foundation.sql:L252@s3_get_teacher_state[qualified/rowtype field reference] ; database/005_sprint3a_scene_pocket_knowledge_foundation.sql:L253@s3_get_teacher_state[qualified/rowtype field reference] ; database/005_sprint3a_scene_pocket_knowledge_foundation.sql:L254@s3_get_teacher_state[qualified/rowtype field reference] ; database/005_sprint3a_scene_pocket_knowledge_foundation.sql:L255@s3_get_teacher_state[qualified/rowtype field reference] ; database/006_sprint3a_provenance_view_integrity_fix.sql:L105@s3_initialize_audit_fixture[qualified/rowtype field reference] ; database/006_sprint3a_provenance_view_integrity_fix.sql:L109@s3_initialize_audit_fixture[qualified/rowtype field reference] ; database/006_sprint3a_provenance_view_integrity_fix.sql:L110@s3_initialize_audit_fixture[qualified/rowtype field reference] ; database/006_sprint3a_provenance_view_integrity_fix.sql:L111@s3_initialize_audit_fixture[qualified/rowtype field reference] ; database/006_sprint3a_provenance_view_integrity_fix.sql:L112@s3_initialize_audit_fixture[qualified/rowtype field reference] ; database/006_sprint3a_provenance_view_integrity_fix.sql:L113@s3_initialize_audit_fixture[qualified/rowtype field reference] ; database/006_sprint3a_provenance_view_integrity_fix.sql:L114@s3_initialize_audit_fixture[qualified/rowtype field reference] ; database/006_sprint3a_provenance_view_integrity_fix.sql:L115@s3_initialize_audit_fixture[qualified/rowtype field reference] ; database/006_sprint3a_provenance_view_integrity_fix.sql:L116@s3_initialize_audit_fixture[qualified/rowtype field reference] ; database/006_sprint3a_provenance_view_integrity_fix.sql:L127@s3_audit_provenance_probe[qualified/rowtype field reference] ; database/006_sprint3a_provenance_view_integrity_fix.sql:L128@s3_audit_provenance_probe[qualified/rowtype field reference] ; database/006_sprint3a_provenance_view_integrity_fix.sql:L129@s3_audit_provenance_probe[qualified/rowtype field reference] ; database/006_sprint3a_provenance_view_integrity_fix.sql:L130@s3_audit_provenance_probe[qualified/rowtype field reference] ; database/006_sprint3a_provenance_view_integrity_fix.sql:L131@s3_audit_provenance_probe[qualified/rowtype field reference] ; database/006_sprint3a_provenance_view_integrity_fix.sql:L141@s3_get_player_state[qualified/rowtype field reference] ; database/006_sprint3a_provenance_view_integrity_fix.sql:L142@s3_get_player_state[qualified/rowtype field reference] ; database/006_sprint3a_provenance_view_integrity_fix.sql:L143@s3_get_player_state[qualified/rowtype field reference] ; database/006_sprint3a_provenance_view_integrity_fix.sql:L144@s3_get_player_state[qualified/rowtype field reference] ; database/006_sprint3a_provenance_view_integrity_fix.sql:L145@s3_get_player_state[qualified/rowtype field reference] ; database/006_sprint3a_provenance_view_integrity_fix.sql:L146@s3_get_player_state[qualified/rowtype field reference] ; database/006_sprint3a_provenance_view_integrity_fix.sql:L147@s3_get_player_state[qualified/rowtype field reference] ; database/006_sprint3a_provenance_view_integrity_fix.sql:L148@s3_get_player_state[qualified/rowtype field reference] ; database/006_sprint3a_provenance_view_integrity_fix.sql:L68@s3_set_item_view[qualified/rowtype field reference] ; database/006_sprint3a_provenance_view_integrity_fix.sql:L69@s3_set_item_view[qualified/rowtype field reference] ; database/006_sprint3a_provenance_view_integrity_fix.sql:L71@s3_set_item_view[qualified/rowtype field reference] ; database/006_sprint3a_provenance_view_integrity_fix.sql:L75@s3_set_item_view[qualified/rowtype field reference] ; database/006_sprint3a_provenance_view_integrity_fix.sql:L85@s3_share_photo[qualified/rowtype field reference] ; database/006_sprint3a_provenance_view_integrity_fix.sql:L86@s3_share_photo[qualified/rowtype field reference] ; database/006_sprint3a_provenance_view_integrity_fix.sql:L87@s3_share_photo[qualified/rowtype field reference] ; database/006_sprint3a_provenance_view_integrity_fix.sql:L95@s3_share_photo[qualified/rowtype field reference] ; database/007_sprint3b_act1_5_placeholder_flow.sql:L108@s3b_submit_first_meeting[qualified/rowtype field reference] ; database/007_sprint3b_act1_5_placeholder_flow.sql:L110@s3b_submit_first_meeting[qualified/rowtype field reference] ; database/007_sprint3b_act1_5_placeholder_flow.sql:L120@s3b_grab[qualified/rowtype field reference] ; database/007_sprint3b_act1_5_placeholder_flow.sql:L122@s3b_grab[qualified/rowtype field reference] ; database/007_sprint3b_act1_5_placeholder_flow.sql:L123@s3b_grab[qualified/rowtype field reference] ; database/007_sprint3b_act1_5_placeholder_flow.sql:L125@s3b_grab[qualified/rowtype field reference] ; database/007_sprint3b_act1_5_placeholder_flow.sql:L135@s3b_leave_start_room[qualified/rowtype field reference] ; database/007_sprint3b_act1_5_placeholder_flow.sql:L137@s3b_leave_start_room[qualified/rowtype field reference] ; database/007_sprint3b_act1_5_placeholder_flow.sql:L138@s3b_leave_start_room[qualified/rowtype field reference] ; database/007_sprint3b_act1_5_placeholder_flow.sql:L139@s3b_leave_start_room[qualified/rowtype field reference] ; database/007_sprint3b_act1_5_placeholder_flow.sql:L141@s3b_leave_start_room[qualified/rowtype field reference] ; database/007_sprint3b_act1_5_placeholder_flow.sql:L144@s3b_leave_start_room[qualified/rowtype field reference] ; database/007_sprint3b_act1_5_placeholder_flow.sql:L154@s3b_apply_meeting_resolution[qualified/rowtype field reference] ; database/007_sprint3b_act1_5_placeholder_flow.sql:L158@s3b_apply_meeting_resolution[qualified/rowtype field reference] ; database/007_sprint3b_act1_5_placeholder_flow.sql:L159@s3b_apply_meeting_resolution[qualified/rowtype field reference] ; database/007_sprint3b_act1_5_placeholder_flow.sql:L160@s3b_apply_meeting_resolution[qualified/rowtype field reference] ; database/007_sprint3b_act1_5_placeholder_flow.sql:L169@s3b_complete_foldback[qualified/rowtype field reference] ; database/007_sprint3b_act1_5_placeholder_flow.sql:L172@s3b_complete_foldback[qualified/rowtype field reference] ; database/007_sprint3b_act1_5_placeholder_flow.sql:L173@s3b_complete_foldback[qualified/rowtype field reference] ; database/007_sprint3b_act1_5_placeholder_flow.sql:L175@s3b_complete_foldback[qualified/rowtype field reference] ; database/007_sprint3b_act1_5_placeholder_flow.sql:L176@s3b_complete_foldback[qualified/rowtype field reference] ; database/007_sprint3b_act1_5_placeholder_flow.sql:L185@s3b_follow_sign[qualified/rowtype field reference] ; database/007_sprint3b_act1_5_placeholder_flow.sql:L186@s3b_follow_sign[qualified/rowtype field reference] ; database/007_sprint3b_act1_5_placeholder_flow.sql:L188@s3b_follow_sign[qualified/rowtype field reference] ; database/007_sprint3b_act1_5_placeholder_flow.sql:L189@s3b_follow_sign[qualified/rowtype field reference] ; database/007_sprint3b_act1_5_placeholder_flow.sql:L190@s3b_follow_sign[qualified/rowtype field reference] ; database/007_sprint3b_act1_5_placeholder_flow.sql:L207@s3b_audit_expire_puzzle[qualified/rowtype field reference] ; database/007_sprint3b_act1_5_placeholder_flow.sql:L208@s3b_audit_expire_puzzle[qualified/rowtype field reference] ; database/007_sprint3b_act1_5_placeholder_flow.sql:L209@s3b_audit_expire_puzzle[qualified/rowtype field reference] ; database/007_sprint3b_act1_5_placeholder_flow.sql:L216@s3b_submit_library_code[qualified/rowtype field reference] ; database/007_sprint3b_act1_5_placeholder_flow.sql:L217@s3b_submit_library_code[qualified/rowtype field reference] ; database/007_sprint3b_act1_5_placeholder_flow.sql:L222@s3b_submit_library_code[qualified/rowtype field reference] ; database/007_sprint3b_act1_5_placeholder_flow.sql:L223@s3b_submit_library_code[qualified/rowtype field reference] ; database/007_sprint3b_act1_5_placeholder_flow.sql:L225@s3b_submit_library_code[qualified/rowtype field reference] ; database/007_sprint3b_act1_5_placeholder_flow.sql:L226@s3b_submit_library_code[qualified/rowtype field reference] ; database/007_sprint3b_act1_5_placeholder_flow.sql:L228@s3b_submit_library_code[qualified/rowtype field reference] ; database/007_sprint3b_act1_5_placeholder_flow.sql:L239@s3b_submit_act4_choice[qualified/rowtype field reference] ; database/007_sprint3b_act1_5_placeholder_flow.sql:L240@s3b_submit_act4_choice[qualified/rowtype field reference] ; database/007_sprint3b_act1_5_placeholder_flow.sql:L242@s3b_submit_act4_choice[qualified/rowtype field reference] ; database/007_sprint3b_act1_5_placeholder_flow.sql:L244@s3b_submit_act4_choice[qualified/rowtype field reference] ; database/007_sprint3b_act1_5_placeholder_flow.sql:L245@s3b_submit_act4_choice[qualified/rowtype field reference] ; database/007_sprint3b_act1_5_placeholder_flow.sql:L248@s3b_submit_act4_choice[qualified/rowtype field reference] ; database/007_sprint3b_act1_5_placeholder_flow.sql:L250@s3b_submit_act4_choice[qualified/rowtype field reference] ; database/007_sprint3b_act1_5_placeholder_flow.sql:L254@s3b_submit_act4_choice[qualified/rowtype field reference] ; database/007_sprint3b_act1_5_placeholder_flow.sql:L265@s3b_apply_act5_resolution[qualified/rowtype field reference] ; database/007_sprint3b_act1_5_placeholder_flow.sql:L272@s3b_apply_act5_resolution[qualified/rowtype field reference] ; database/007_sprint3b_act1_5_placeholder_flow.sql:L273@s3b_apply_act5_resolution[qualified/rowtype field reference] ; database/007_sprint3b_act1_5_placeholder_flow.sql:L282@s3b_get_player_state[qualified/rowtype field reference] ; database/007_sprint3b_act1_5_placeholder_flow.sql:L283@s3b_get_player_state[qualified/rowtype field reference] ; database/007_sprint3b_act1_5_placeholder_flow.sql:L284@s3b_get_player_state[qualified/rowtype field reference] ; database/007_sprint3b_act1_5_placeholder_flow.sql:L285@s3b_get_player_state[qualified/rowtype field reference] ; database/007_sprint3b_act1_5_placeholder_flow.sql:L286@s3b_get_player_state[qualified/rowtype field reference] ; database/007_sprint3b_act1_5_placeholder_flow.sql:L287@s3b_get_player_state[qualified/rowtype field reference] ; database/007_sprint3b_act1_5_placeholder_flow.sql:L288@s3b_get_player_state[qualified/rowtype field reference] ; database/007_sprint3b_act1_5_placeholder_flow.sql:L289@s3b_get_player_state[qualified/rowtype field reference] ; database/007_sprint3b_act1_5_placeholder_flow.sql:L290@s3b_get_player_state[qualified/rowtype field reference] ; database/007_sprint3b_act1_5_placeholder_flow.sql:L76@s3b_initialize_flow[qualified/rowtype field reference] ; database/007_sprint3b_act1_5_placeholder_flow.sql:L77@s3b_initialize_flow[qualified/rowtype field reference] ; database/007_sprint3b_act1_5_placeholder_flow.sql:L79@s3b_initialize_flow[qualified/rowtype field reference] ; database/007_sprint3b_act1_5_placeholder_flow.sql:L80@s3b_initialize_flow[qualified/rowtype field reference] ; database/007_sprint3b_act1_5_placeholder_flow.sql:L81@s3b_initialize_flow[qualified/rowtype field reference] ; database/007_sprint3b_act1_5_placeholder_flow.sql:L82@s3b_initialize_flow[qualified/rowtype field reference] ; database/007_sprint3b_act1_5_placeholder_flow.sql:L95@s3b_submit_act1_choice[qualified/rowtype field reference] ; database/007_sprint3b_act1_5_placeholder_flow.sql:L97@s3b_submit_act1_choice[qualified/rowtype field reference] ; database/007_sprint3b_act1_5_placeholder_flow.sql:L98@s3b_submit_act1_choice[qualified/rowtype field reference] ; database/009_sprint3b_act1_consequence_integrity.sql:L76@s3b_get_my_facts[qualified/rowtype field reference] ; database/010_sprint3b_flow_integrity_and_inspect_fix.sql:L110@s3b_audit_set_puzzle_elapsed[qualified/rowtype field reference] ; database/010_sprint3b_flow_integrity_and_inspect_fix.sql:L111@s3b_audit_set_puzzle_elapsed[qualified/rowtype field reference] ; database/010_sprint3b_flow_integrity_and_inspect_fix.sql:L112@s3b_audit_set_puzzle_elapsed[qualified/rowtype field reference] ; database/010_sprint3b_flow_integrity_and_inspect_fix.sql:L120@s3b_apply_act5_resolution[qualified/rowtype field reference] ; database/010_sprint3b_flow_integrity_and_inspect_fix.sql:L122@s3b_apply_act5_resolution[qualified/rowtype field reference] ; database/010_sprint3b_flow_integrity_and_inspect_fix.sql:L126@s3b_apply_act5_resolution[qualified/rowtype field reference] ; database/010_sprint3b_flow_integrity_and_inspect_fix.sql:L127@s3b_apply_act5_resolution[qualified/rowtype field reference] ; database/010_sprint3b_flow_integrity_and_inspect_fix.sql:L131@s3b_apply_act5_resolution[qualified/rowtype field reference] ; database/010_sprint3b_flow_integrity_and_inspect_fix.sql:L132@s3b_apply_act5_resolution[qualified/rowtype field reference] ; database/010_sprint3b_flow_integrity_and_inspect_fix.sql:L142@s3b_choose_post_inspection_route[qualified/rowtype field reference] ; database/010_sprint3b_flow_integrity_and_inspect_fix.sql:L145@s3b_choose_post_inspection_route[qualified/rowtype field reference] ; database/010_sprint3b_flow_integrity_and_inspect_fix.sql:L147@s3b_choose_post_inspection_route[qualified/rowtype field reference] ; database/010_sprint3b_flow_integrity_and_inspect_fix.sql:L148@s3b_choose_post_inspection_route[qualified/rowtype field reference] ; database/010_sprint3b_flow_integrity_and_inspect_fix.sql:L157@s3b_complete_foldback[qualified/rowtype field reference] ; database/010_sprint3b_flow_integrity_and_inspect_fix.sql:L159@s3b_complete_foldback[qualified/rowtype field reference] ; database/010_sprint3b_flow_integrity_and_inspect_fix.sql:L162@s3b_complete_foldback[qualified/rowtype field reference] ; database/010_sprint3b_flow_integrity_and_inspect_fix.sql:L163@s3b_complete_foldback[qualified/rowtype field reference] ; database/010_sprint3b_flow_integrity_and_inspect_fix.sql:L165@s3b_complete_foldback[qualified/rowtype field reference] ; database/010_sprint3b_flow_integrity_and_inspect_fix.sql:L166@s3b_complete_foldback[qualified/rowtype field reference] ; database/011_sprint3b_transition_and_act1_delivery_integrity.sql:L103@s3b_audit_set_puzzle_elapsed[qualified/rowtype field reference] ; database/011_sprint3b_transition_and_act1_delivery_integrity.sql:L110@s3b_get_player_state[qualified/rowtype field reference] ; database/011_sprint3b_transition_and_act1_delivery_integrity.sql:L111@s3b_get_player_state[qualified/rowtype field reference] ; database/011_sprint3b_transition_and_act1_delivery_integrity.sql:L26@s3b_initialize_flow[qualified/rowtype field reference] ; database/011_sprint3b_transition_and_act1_delivery_integrity.sql:L32@s3b_initialize_flow[qualified/rowtype field reference] ; database/011_sprint3b_transition_and_act1_delivery_integrity.sql:L41@s3b_ack_act1_opening[qualified/rowtype field reference] ; database/011_sprint3b_transition_and_act1_delivery_integrity.sql:L42@s3b_ack_act1_opening[qualified/rowtype field reference] ; database/011_sprint3b_transition_and_act1_delivery_integrity.sql:L52@s3b_submit_act1_choice[qualified/rowtype field reference] ; database/011_sprint3b_transition_and_act1_delivery_integrity.sql:L55@s3b_submit_act1_choice[qualified/rowtype field reference] ; database/011_sprint3b_transition_and_act1_delivery_integrity.sql:L65@s3b_complete_act1[qualified/rowtype field reference] ; database/011_sprint3b_transition_and_act1_delivery_integrity.sql:L66@s3b_complete_act1[qualified/rowtype field reference] ; database/011_sprint3b_transition_and_act1_delivery_integrity.sql:L68@s3b_complete_act1[qualified/rowtype field reference] ; database/011_sprint3b_transition_and_act1_delivery_integrity.sql:L69@s3b_complete_act1[qualified/rowtype field reference] ; database/011_sprint3b_transition_and_act1_delivery_integrity.sql:L74@s3b_submit_first_meeting[qualified/rowtype field reference] ; database/011_sprint3b_transition_and_act1_delivery_integrity.sql:L75@s3b_grab[qualified/rowtype field reference] ; database/011_sprint3b_transition_and_act1_delivery_integrity.sql:L76@s3b_leave_start_room[qualified/rowtype field reference] ; database/011_sprint3b_transition_and_act1_delivery_integrity.sql:L77@s3b_apply_meeting_resolution[qualified/rowtype field reference] ; database/011_sprint3b_transition_and_act1_delivery_integrity.sql:L83@s3b_ack_route_update[qualified/rowtype field reference] ; database/011_sprint3b_transition_and_act1_delivery_integrity.sql:L84@s3b_ack_route_update[qualified/rowtype field reference] ; database/011_sprint3b_transition_and_act1_delivery_integrity.sql:L85@s3b_ack_route_update[qualified/rowtype field reference] ; database/011_sprint3b_transition_and_act1_delivery_integrity.sql:L87@s3b_ack_route_update[qualified/rowtype field reference] ; database/011_sprint3b_transition_and_act1_delivery_integrity.sql:L91@s3b_follow_sign[qualified/rowtype field reference] ; database/011_sprint3b_transition_and_act1_delivery_integrity.sql:L92@s3b_submit_library_code[qualified/rowtype field reference] ; database/011_sprint3b_transition_and_act1_delivery_integrity.sql:L93@s3b_submit_act4_choice[qualified/rowtype field reference] ; database/011_sprint3b_transition_and_act1_delivery_integrity.sql:L94@s3b_apply_act5_resolution[qualified/rowtype field reference] ; database/011_sprint3b_transition_and_act1_delivery_integrity.sql:L95@s3b_choose_post_inspection_route[qualified/rowtype field reference] ; database/012_sprint3b_internal_wrapper_lockdown_and_route_delivery.sql:L33@s3b_ack_route_update[qualified/rowtype field reference] ; database/012_sprint3b_internal_wrapper_lockdown_and_route_delivery.sql:L37@s3b_ack_route_update[qualified/rowtype field reference] ; database/012_sprint3b_internal_wrapper_lockdown_and_route_delivery.sql:L44@s3b_ack_route_update[qualified/rowtype field reference] ; database/012_sprint3b_internal_wrapper_lockdown_and_route_delivery.sql:L51@s3b_ack_route_update[qualified/rowtype field reference] ; database/012_sprint3b_internal_wrapper_lockdown_and_route_delivery.sql:L54@s3b_ack_route_update[qualified/rowtype field reference] ; database/012_sprint3b_internal_wrapper_lockdown_and_route_delivery.sql:L64@s3b_ack_route_update[qualified/rowtype field reference] ; database/013_sprint3b_discussion_authority_and_request_identity.sql:L212@s2_send_message[qualified/rowtype field reference] ; database/013_sprint3b_discussion_authority_and_request_identity.sql:L215@s2_send_message[qualified/rowtype field reference] ; database/013_sprint3b_discussion_authority_and_request_identity.sql:L220@s2_send_message[qualified/rowtype field reference] ; database/013_sprint3b_discussion_authority_and_request_identity.sql:L224@s2_send_message[qualified/rowtype field reference] ; database/013_sprint3b_discussion_authority_and_request_identity.sql:L250@s2_send_message[qualified/rowtype field reference] ; database/013_sprint3b_discussion_authority_and_request_identity.sql:L255@s2_send_message[qualified/rowtype field reference] ; database/013_sprint3b_discussion_authority_and_request_identity.sql:L291@s2_submit_vote[SELECT * INTO row] ; database/013_sprint3b_discussion_authority_and_request_identity.sql:L296@s2_submit_vote[qualified/rowtype field reference] ; database/013_sprint3b_discussion_authority_and_request_identity.sql:L301@s2_submit_vote[qualified/rowtype field reference] ; database/013_sprint3b_discussion_authority_and_request_identity.sql:L331@s2_submit_vote[qualified/rowtype field reference] ; database/013_sprint3b_discussion_authority_and_request_identity.sql:L336@s2_submit_vote[qualified/rowtype field reference] ; database/013_sprint3b_discussion_authority_and_request_identity.sql:L366@s2_submit_vote[qualified/rowtype field reference] ; database/013_sprint3b_discussion_authority_and_request_identity.sql:L371@s2_submit_vote[qualified/rowtype field reference] ; database/013_sprint3b_discussion_authority_and_request_identity.sql:L388@s2_submit_vote[qualified/rowtype field reference] ; database/013_sprint3b_discussion_authority_and_request_identity.sql:L414@s2_submit_vote[qualified/rowtype field reference] ; database/013_sprint3b_discussion_authority_and_request_identity.sql:L437@s2_submit_vote[qualified/rowtype field reference] ; database/013_sprint3b_discussion_authority_and_request_identity.sql:L445@s2_submit_vote[qualified/rowtype field reference] ; database/013_sprint3b_discussion_authority_and_request_identity.sql:L476@s3b_get_player_state[qualified/rowtype field reference] ; database/013_sprint3b_discussion_authority_and_request_identity.sql:L479@s3b_get_player_state[qualified/rowtype field reference] ; database/013_sprint3b_discussion_authority_and_request_identity.sql:L484@s3b_get_player_state[qualified/rowtype field reference] ; database/013_sprint3b_discussion_authority_and_request_identity.sql:L510@s2_get_teacher_state[qualified/rowtype field reference] ; database/013_sprint3b_discussion_authority_and_request_identity.sql:L512@s2_get_teacher_state[qualified/rowtype field reference] ; database/013_sprint3b_discussion_authority_and_request_identity.sql:L61@s2_open_discussion[SELECT * INTO row] ; database/013_sprint3b_discussion_authority_and_request_identity.sql:L64@s2_open_discussion[qualified/rowtype field reference] ; database/013_sprint3b_discussion_authority_and_request_identity.sql:L91@s3b_apply_resolved_discussion_internal[SELECT * INTO row] ; database/014_sprint3b_evidence_and_puzzle_integrity.sql:L261@s3b_ack_act1_opening[qualified/rowtype field reference] ; database/014_sprint3b_evidence_and_puzzle_integrity.sql:L262@s3b_ack_act1_opening[qualified/rowtype field reference] ; database/014_sprint3b_evidence_and_puzzle_integrity.sql:L273@s3b_submit_act1_choice[qualified/rowtype field reference] ; database/014_sprint3b_evidence_and_puzzle_integrity.sql:L275@s3b_submit_act1_choice[qualified/rowtype field reference] ; database/014_sprint3b_evidence_and_puzzle_integrity.sql:L276@s3b_submit_act1_choice[qualified/rowtype field reference] ; database/014_sprint3b_evidence_and_puzzle_integrity.sql:L286@s3b_complete_act1[qualified/rowtype field reference] ; database/014_sprint3b_evidence_and_puzzle_integrity.sql:L297@s3b_submit_first_meeting[qualified/rowtype field reference] ; database/014_sprint3b_evidence_and_puzzle_integrity.sql:L299@s3b_submit_first_meeting[qualified/rowtype field reference] ; database/014_sprint3b_evidence_and_puzzle_integrity.sql:L300@s3b_submit_first_meeting[qualified/rowtype field reference] ; database/014_sprint3b_evidence_and_puzzle_integrity.sql:L310@s3b_grab[qualified/rowtype field reference] ; database/014_sprint3b_evidence_and_puzzle_integrity.sql:L320@s3b_leave_start_room[qualified/rowtype field reference] ; database/014_sprint3b_evidence_and_puzzle_integrity.sql:L330@s3b_ack_route_update[qualified/rowtype field reference] ; database/014_sprint3b_evidence_and_puzzle_integrity.sql:L340@s3b_complete_foldback[qualified/rowtype field reference] ; database/014_sprint3b_evidence_and_puzzle_integrity.sql:L350@s3b_follow_sign[qualified/rowtype field reference] ; database/014_sprint3b_evidence_and_puzzle_integrity.sql:L361@s3b_submit_act4_choice[qualified/rowtype field reference] ; database/014_sprint3b_evidence_and_puzzle_integrity.sql:L363@s3b_submit_act4_choice[qualified/rowtype field reference] ; database/014_sprint3b_evidence_and_puzzle_integrity.sql:L364@s3b_submit_act4_choice[qualified/rowtype field reference] ; database/014_sprint3b_evidence_and_puzzle_integrity.sql:L386@s3b_submit_library_code[SELECT * INTO row] ; database/014_sprint3b_evidence_and_puzzle_integrity.sql:L390@s3b_submit_library_code[qualified/rowtype field reference] ; database/014_sprint3b_evidence_and_puzzle_integrity.sql:L403@s3b_submit_library_code[qualified/rowtype field reference] ; database/014_sprint3b_evidence_and_puzzle_integrity.sql:L406@s3b_submit_library_code[qualified/rowtype field reference] ; database/014_sprint3b_evidence_and_puzzle_integrity.sql:L407@s3b_submit_library_code[qualified/rowtype field reference] ; database/014_sprint3b_evidence_and_puzzle_integrity.sql:L421@s3b_submit_library_code[qualified/rowtype field reference] ; database/014_sprint3b_evidence_and_puzzle_integrity.sql:L426@s3b_submit_library_code[qualified/rowtype field reference] ; database/014_sprint3b_evidence_and_puzzle_integrity.sql:L428@s3b_submit_library_code[qualified/rowtype field reference] ; database/014_sprint3b_evidence_and_puzzle_integrity.sql:L435@s3b_submit_library_code[qualified/rowtype field reference] ; database/014_sprint3b_evidence_and_puzzle_integrity.sql:L436@s3b_submit_library_code[qualified/rowtype field reference] ; database/014_sprint3b_evidence_and_puzzle_integrity.sql:L438@s3b_submit_library_code[qualified/rowtype field reference] ; database/014_sprint3b_evidence_and_puzzle_integrity.sql:L441@s3b_submit_library_code[qualified/rowtype field reference] ; database/014_sprint3b_evidence_and_puzzle_integrity.sql:L466@s3b_submit_post_inspection_route_vote[SELECT * INTO row] ; database/014_sprint3b_evidence_and_puzzle_integrity.sql:L468@s3b_submit_post_inspection_route_vote[qualified/rowtype field reference] ; database/014_sprint3b_evidence_and_puzzle_integrity.sql:L471@s3b_submit_post_inspection_route_vote[qualified/rowtype field reference] ; database/014_sprint3b_evidence_and_puzzle_integrity.sql:L476@s3b_submit_post_inspection_route_vote[qualified/rowtype field reference] ; database/014_sprint3b_evidence_and_puzzle_integrity.sql:L477@s3b_submit_post_inspection_route_vote[qualified/rowtype field reference] ; database/014_sprint3b_evidence_and_puzzle_integrity.sql:L482@s3b_submit_post_inspection_route_vote[qualified/rowtype field reference] ; database/014_sprint3b_evidence_and_puzzle_integrity.sql:L484@s3b_submit_post_inspection_route_vote[qualified/rowtype field reference] ; database/014_sprint3b_evidence_and_puzzle_integrity.sql:L489@s3b_submit_post_inspection_route_vote[qualified/rowtype field reference] ; database/014_sprint3b_evidence_and_puzzle_integrity.sql:L491@s3b_submit_post_inspection_route_vote[qualified/rowtype field reference] ; database/014_sprint3b_evidence_and_puzzle_integrity.sql:L495@s3b_submit_post_inspection_route_vote[qualified/rowtype field reference] ; database/014_sprint3b_evidence_and_puzzle_integrity.sql:L500@s3b_submit_post_inspection_route_vote[qualified/rowtype field reference] ; database/014_sprint3b_evidence_and_puzzle_integrity.sql:L505@s3b_submit_post_inspection_route_vote[qualified/rowtype field reference] ; database/014_sprint3b_evidence_and_puzzle_integrity.sql:L508@s3b_submit_post_inspection_route_vote[qualified/rowtype field reference] ; database/014_sprint3b_evidence_and_puzzle_integrity.sql:L513@s3b_submit_post_inspection_route_vote[qualified/rowtype field reference] ; database/014_sprint3b_evidence_and_puzzle_integrity.sql:L539@s3_share_photo[qualified/rowtype field reference] ; database/014_sprint3b_evidence_and_puzzle_integrity.sql:L540@s3_share_photo[qualified/rowtype field reference] ; database/014_sprint3b_evidence_and_puzzle_integrity.sql:L543@s3_share_photo[qualified/rowtype field reference] ; database/014_sprint3b_evidence_and_puzzle_integrity.sql:L547@s3_share_photo[qualified/rowtype field reference] ; database/014_sprint3b_evidence_and_puzzle_integrity.sql:L551@s3_share_photo[qualified/rowtype field reference] ; database/014_sprint3b_evidence_and_puzzle_integrity.sql:L562@s3_share_photo[qualified/rowtype field reference] ; database/014_sprint3b_evidence_and_puzzle_integrity.sql:L567@s3_share_photo[qualified/rowtype field reference] ; database/014_sprint3b_evidence_and_puzzle_integrity.sql:L596@s3b_get_player_state[qualified/rowtype field reference] ; database/014_sprint3b_evidence_and_puzzle_integrity.sql:L599@s3b_get_player_state[qualified/rowtype field reference] ; database/014_sprint3b_evidence_and_puzzle_integrity.sql:L600@s3b_get_player_state[qualified/rowtype field reference] ; database/014_sprint3b_evidence_and_puzzle_integrity.sql:L601@s3b_get_player_state[qualified/rowtype field reference] ; database/014_sprint3b_evidence_and_puzzle_integrity.sql:L608@s3b_get_player_state[qualified/rowtype field reference] ; database/014_sprint3b_evidence_and_puzzle_integrity.sql:L634@s2_get_teacher_state[qualified/rowtype field reference] ; database/014_sprint3b_evidence_and_puzzle_integrity.sql:L643@s2_get_teacher_state[qualified/rowtype field reference] ; database/014a_sprint3b_inspect_reconnect_idempotency_fix.sql:L17@s3b_apply_resolved_discussion_internal[SELECT * INTO row] ; database/014b_sprint3b_targeted_closure_corrections.sql:L106@s3b_complete_act1[SELECT * INTO row] ; database/014b_sprint3b_targeted_closure_corrections.sql:L106@s3b_complete_act1[qualified/rowtype field reference] ; database/014b_sprint3b_targeted_closure_corrections.sql:L112@s3b_submit_first_meeting[SELECT * INTO row] ; database/014b_sprint3b_targeted_closure_corrections.sql:L112@s3b_submit_first_meeting[qualified/rowtype field reference] ; database/014b_sprint3b_targeted_closure_corrections.sql:L114@s3b_submit_first_meeting[qualified/rowtype field reference] ; database/014b_sprint3b_targeted_closure_corrections.sql:L115@s3b_submit_first_meeting[qualified/rowtype field reference] ; database/014b_sprint3b_targeted_closure_corrections.sql:L121@s3b_grab[SELECT * INTO row] ; database/014b_sprint3b_targeted_closure_corrections.sql:L121@s3b_grab[qualified/rowtype field reference] ; database/014b_sprint3b_targeted_closure_corrections.sql:L126@s3b_leave_start_room[SELECT * INTO row] ; database/014b_sprint3b_targeted_closure_corrections.sql:L126@s3b_leave_start_room[qualified/rowtype field reference] ; database/014b_sprint3b_targeted_closure_corrections.sql:L131@s3b_ack_route_update[SELECT * INTO row] ; database/014b_sprint3b_targeted_closure_corrections.sql:L131@s3b_ack_route_update[qualified/rowtype field reference] ; database/014b_sprint3b_targeted_closure_corrections.sql:L136@s3b_complete_foldback[SELECT * INTO row] ; database/014b_sprint3b_targeted_closure_corrections.sql:L136@s3b_complete_foldback[qualified/rowtype field reference] ; database/014b_sprint3b_targeted_closure_corrections.sql:L141@s3b_follow_sign[SELECT * INTO row] ; database/014b_sprint3b_targeted_closure_corrections.sql:L141@s3b_follow_sign[qualified/rowtype field reference] ; database/014b_sprint3b_targeted_closure_corrections.sql:L147@s3b_submit_act4_choice[SELECT * INTO row] ; database/014b_sprint3b_targeted_closure_corrections.sql:L147@s3b_submit_act4_choice[qualified/rowtype field reference] ; database/014b_sprint3b_targeted_closure_corrections.sql:L149@s3b_submit_act4_choice[qualified/rowtype field reference] ; database/014b_sprint3b_targeted_closure_corrections.sql:L150@s3b_submit_act4_choice[qualified/rowtype field reference] ; database/014b_sprint3b_targeted_closure_corrections.sql:L167@s2_get_teacher_state[qualified/rowtype field reference] ; database/014b_sprint3b_targeted_closure_corrections.sql:L177@s2_get_teacher_state[qualified/rowtype field reference] ; database/014b_sprint3b_targeted_closure_corrections.sql:L18@s3b_initialize_flow[SELECT * INTO row] ; database/014b_sprint3b_targeted_closure_corrections.sql:L194@s3b_audit_set_private_debug_view[SELECT * INTO row] ; database/014b_sprint3b_targeted_closure_corrections.sql:L197@s3b_audit_set_private_debug_view[qualified/rowtype field reference] ; database/014b_sprint3b_targeted_closure_corrections.sql:L21@s3b_initialize_flow[qualified/rowtype field reference] ; database/014b_sprint3b_targeted_closure_corrections.sql:L25@s3b_initialize_flow[qualified/rowtype field reference] ; database/014b_sprint3b_targeted_closure_corrections.sql:L34@s3b_initialize_flow[qualified/rowtype field reference] ; database/014b_sprint3b_targeted_closure_corrections.sql:L83@s3b_ack_act1_opening[SELECT * INTO row] ; database/014b_sprint3b_targeted_closure_corrections.sql:L83@s3b_ack_act1_opening[qualified/rowtype field reference] ; database/014b_sprint3b_targeted_closure_corrections.sql:L84@s3b_ack_act1_opening[qualified/rowtype field reference] ; database/014b_sprint3b_targeted_closure_corrections.sql:L86@s3b_ack_act1_opening[qualified/rowtype field reference] ; database/014b_sprint3b_targeted_closure_corrections.sql:L94@s3b_submit_act1_choice[SELECT * INTO row] ; database/014b_sprint3b_targeted_closure_corrections.sql:L94@s3b_submit_act1_choice[qualified/rowtype field reference] ; database/014b_sprint3b_targeted_closure_corrections.sql:L95@s3b_submit_act1_choice[qualified/rowtype field reference] ; database/014b_sprint3b_targeted_closure_corrections.sql:L97@s3b_submit_act1_choice[qualified/rowtype field reference] ; database/014b_sprint3b_targeted_closure_corrections.sql:L99@s3b_submit_act1_choice[qualified/rowtype field reference] ; database/015_sprint3c_minimal_safe_teacher_override.sql:L100@teacher_apply_override[qualified/rowtype field reference] ; database/015_sprint3c_minimal_safe_teacher_override.sql:L101@teacher_apply_override[qualified/rowtype field reference] ; database/015_sprint3c_minimal_safe_teacher_override.sql:L102@teacher_apply_override[qualified/rowtype field reference] ; database/015_sprint3c_minimal_safe_teacher_override.sql:L103@teacher_apply_override[qualified/rowtype field reference] ; database/015_sprint3c_minimal_safe_teacher_override.sql:L108@teacher_apply_override[qualified/rowtype field reference] ; database/015_sprint3c_minimal_safe_teacher_override.sql:L121@s2_get_teacher_state[qualified/rowtype field reference] ; database/015_sprint3c_minimal_safe_teacher_override.sql:L127@s2_get_teacher_state[qualified/rowtype field reference] ; database/015_sprint3c_minimal_safe_teacher_override.sql:L46@s3b_log_formal_event_at_context[qualified/rowtype field reference] ; database/015_sprint3c_minimal_safe_teacher_override.sql:L69@teacher_apply_override[SELECT * INTO row] ; database/015_sprint3c_minimal_safe_teacher_override.sql:L71@teacher_apply_override[qualified/rowtype field reference] ; database/015_sprint3c_minimal_safe_teacher_override.sql:L76@teacher_apply_override[qualified/rowtype field reference] ; database/015_sprint3c_minimal_safe_teacher_override.sql:L77@teacher_apply_override[qualified/rowtype field reference] ; database/015_sprint3c_minimal_safe_teacher_override.sql:L79@teacher_apply_override[qualified/rowtype field reference] ; database/015_sprint3c_minimal_safe_teacher_override.sql:L81@teacher_apply_override[qualified/rowtype field reference] ; database/015_sprint3c_minimal_safe_teacher_override.sql:L82@teacher_apply_override[qualified/rowtype field reference] ; database/015_sprint3c_minimal_safe_teacher_override.sql:L84@teacher_apply_override[qualified/rowtype field reference] ; database/015_sprint3c_minimal_safe_teacher_override.sql:L85@teacher_apply_override[qualified/rowtype field reference] ; database/015_sprint3c_minimal_safe_teacher_override.sql:L87@teacher_apply_override[qualified/rowtype field reference] ; database/015_sprint3c_minimal_safe_teacher_override.sql:L90@teacher_apply_override[qualified/rowtype field reference] ; database/015_sprint3c_minimal_safe_teacher_override.sql:L92@teacher_apply_override[qualified/rowtype field reference] ; database/015_sprint3c_minimal_safe_teacher_override.sql:L93@teacher_apply_override[qualified/rowtype field reference] ; database/015_sprint3c_minimal_safe_teacher_override.sql:L95@teacher_apply_override[qualified/rowtype field reference] ; database/015_sprint3c_minimal_safe_teacher_override.sql:L98@teacher_apply_override[qualified/rowtype field reference] ; database/016_sprint3c_level1_narrow_corrections.sql:L57@s2_log_event[qualified/rowtype field reference] ; database/017_sprint3c_override_act2_entry_correction.sql:L20@s3b_submit_first_meeting[SELECT * INTO row] ; database/017_sprint3c_override_act2_entry_correction.sql:L23@s3b_submit_first_meeting[qualified/rowtype field reference] ; database/017_sprint3c_override_act2_entry_correction.sql:L28@s3b_submit_first_meeting[qualified/rowtype field reference] ; database/017_sprint3c_override_act2_entry_correction.sql:L37@s3b_submit_first_meeting[qualified/rowtype field reference] ; database/017_sprint3c_override_act2_entry_correction.sql:L44@s3b_submit_first_meeting[qualified/rowtype field reference] ; database/027_sprint5_act6_8_runtime.sql:L39@s5_initialize[qualified/rowtype field reference] ; database/027_sprint5_act6_8_runtime.sql:L40@s5_initialize[qualified/rowtype field reference] ; database/027_sprint5_act6_8_runtime.sql:L41@s5_initialize[qualified/rowtype field reference] ; database/027_sprint5_act6_8_runtime.sql:L42@s5_initialize[qualified/rowtype field reference] ; database/027_sprint5_act6_8_runtime.sql:L43@s5_initialize[qualified/rowtype field reference] ; database/027_sprint5_act6_8_runtime.sql:L47@s5_submit_vote[qualified/rowtype field reference] ; database/027_sprint5_act6_8_runtime.sql:L48@s5_submit_vote[qualified/rowtype field reference] ; database/027_sprint5_act6_8_runtime.sql:L49@s5_submit_vote[qualified/rowtype field reference] ; database/027_sprint5_act6_8_runtime.sql:L52@s5_submit_vote[qualified/rowtype field reference] ; database/027_sprint5_act6_8_runtime.sql:L53@s5_submit_vote[qualified/rowtype field reference] ; database/027_sprint5_act6_8_runtime.sql:L54@s5_submit_vote[qualified/rowtype field reference] ; database/027_sprint5_act6_8_runtime.sql:L55@s5_submit_vote[qualified/rowtype field reference] ; database/027_sprint5_act6_8_runtime.sql:L56@s5_submit_vote[qualified/rowtype field reference] ; database/027_sprint5_act6_8_runtime.sql:L58@s5_submit_vote[qualified/rowtype field reference] ; database/027_sprint5_act6_8_runtime.sql:L59@s5_submit_vote[qualified/rowtype field reference] ; database/027_sprint5_act6_8_runtime.sql:L63@s5_submit_vote[qualified/rowtype field reference] ; database/027_sprint5_act6_8_runtime.sql:L64@s5_submit_vote[qualified/rowtype field reference] ; database/027_sprint5_act6_8_runtime.sql:L65@s5_submit_vote[qualified/rowtype field reference] ; database/027_sprint5_act6_8_runtime.sql:L66@s5_submit_vote[qualified/rowtype field reference] ; database/027_sprint5_act6_8_runtime.sql:L71@s5_advance[qualified/rowtype field reference] ; database/027_sprint5_act6_8_runtime.sql:L72@s5_advance[qualified/rowtype field reference] ; database/027_sprint5_act6_8_runtime.sql:L73@s5_advance[qualified/rowtype field reference] ; database/027_sprint5_act6_8_runtime.sql:L74@s5_advance[qualified/rowtype field reference] ; database/027_sprint5_act6_8_runtime.sql:L79@s5_submit_private_choice[qualified/rowtype field reference] ; database/027_sprint5_act6_8_runtime.sql:L81@s5_submit_private_choice[qualified/rowtype field reference] ; database/027_sprint5_act6_8_runtime.sql:L82@s5_submit_private_choice[qualified/rowtype field reference] ; database/027_sprint5_act6_8_runtime.sql:L86@s5_get_player_state[qualified/rowtype field reference] ; database/027_sprint5_act6_8_runtime.sql:L87@s5_get_player_state[qualified/rowtype field reference] ; database/027_sprint5_act6_8_runtime.sql:L88@s5_get_player_state[qualified/rowtype field reference] ; database/027_sprint5_act6_8_runtime.sql:L89@s5_get_player_state[qualified/rowtype field reference] ; database/029_sprint5_canonical_discussion_localization.sql:L57@s5_submit_vote[qualified/rowtype field reference] ; database/029_sprint5_canonical_discussion_localization.sql:L64@s5_submit_vote[qualified/rowtype field reference] ; database/029_sprint5_canonical_discussion_localization.sql:L73@s5_advance[qualified/rowtype field reference] ; database/029_sprint5_canonical_discussion_localization.sql:L79@s5_submit_private_choice[qualified/rowtype field reference] ; database/029_sprint5_canonical_discussion_localization.sql:L85@s5_get_player_state[qualified/rowtype field reference] ; database/029_sprint5_canonical_discussion_localization.sql:L89@s5_get_discussion_state[qualified/rowtype field reference] ; database/029_sprint5_canonical_discussion_localization.sql:L91@s5_get_discussion_state[qualified/rowtype field reference] ; database/029_sprint5_canonical_discussion_localization.sql:L92@s5_get_discussion_state[qualified/rowtype field reference] ; database/029_sprint5_canonical_discussion_localization.sql:L98@s5_audit_expire_discussion[qualified/rowtype field reference] ; database/030_sprint5_exact_session_messages.sql:L10@s5_send_message[qualified/rowtype field reference] ; database/030_sprint5_exact_session_messages.sql:L12@s5_send_message[qualified/rowtype field reference] ; database/030_sprint5_exact_session_messages.sql:L13@s5_send_message[qualified/rowtype field reference] ; database/030_sprint5_exact_session_messages.sql:L8@s5_send_message[qualified/rowtype field reference] ; database/030_sprint5_exact_session_messages.sql:L9@s5_send_message[qualified/rowtype field reference] ; database/031_sprint5_focused_reaudit_corrections.sql:L19@s5_advance[qualified/rowtype field reference] ; database/031_sprint5_focused_reaudit_corrections.sql:L25@s5_submit_vote[qualified/rowtype field reference] ; database/031_sprint5_focused_reaudit_corrections.sql:L29@s5_get_teacher_discussion_state[qualified/rowtype field reference] ; database/031_sprint5_focused_reaudit_corrections.sql:L30@s5_get_teacher_discussion_state[qualified/rowtype field reference] ; database/031_sprint5_focused_reaudit_corrections.sql:L31@s5_get_teacher_discussion_state[qualified/rowtype field reference] ; database/031_sprint5_focused_reaudit_corrections.sql:L33@s5_teacher_open_vote[qualified/rowtype field reference] ; database/031_sprint5_focused_reaudit_corrections.sql:L34@s5_teacher_add_time[qualified/rowtype field reference] ; database/033_sprint6_act9_13_runtime.sql:L33@s6_initialize[qualified/rowtype field reference] ; database/033_sprint6_act9_13_runtime.sql:L35@s6_open_act9_console[qualified/rowtype field reference] ; database/033_sprint6_act9_13_runtime.sql:L39@s6_submit_group_choice[qualified/rowtype field reference] ; database/033_sprint6_act9_13_runtime.sql:L40@s6_submit_group_choice[qualified/rowtype field reference] ; database/033_sprint6_act9_13_runtime.sql:L41@s6_submit_group_choice[qualified/rowtype field reference] ; database/033_sprint6_act9_13_runtime.sql:L42@s6_submit_group_choice[qualified/rowtype field reference] ; database/033_sprint6_act9_13_runtime.sql:L43@s6_submit_group_choice[qualified/rowtype field reference] ; database/033_sprint6_act9_13_runtime.sql:L45@s6_submit_group_choice[qualified/rowtype field reference] ; database/033_sprint6_act9_13_runtime.sql:L46@s6_submit_group_choice[qualified/rowtype field reference] ; database/033_sprint6_act9_13_runtime.sql:L47@s6_submit_group_choice[qualified/rowtype field reference] ; database/033_sprint6_act9_13_runtime.sql:L49@s6_submit_private_choice[qualified/rowtype field reference] ; database/033_sprint6_act9_13_runtime.sql:L51@s6_advance[qualified/rowtype field reference] ; database/033_sprint6_act9_13_runtime.sql:L53@s6_submit_allocation[qualified/rowtype field reference] ; database/033_sprint6_act9_13_runtime.sql:L55@s6_engage[qualified/rowtype field reference] ; database/033_sprint6_act9_13_runtime.sql:L57@s6_get_player_state[qualified/rowtype field reference] ; database/034_sprint6_contract_hardening.sql:L10@s6_submit_group_choice[qualified/rowtype field reference] ; database/034_sprint6_contract_hardening.sql:L11@s6_submit_group_choice[qualified/rowtype field reference] ; database/034_sprint6_contract_hardening.sql:L12@s6_submit_group_choice[qualified/rowtype field reference] ; database/034_sprint6_contract_hardening.sql:L13@s6_submit_group_choice[qualified/rowtype field reference] ; database/034_sprint6_contract_hardening.sql:L15@s6_submit_group_choice[qualified/rowtype field reference] ; database/034_sprint6_contract_hardening.sql:L16@s6_submit_group_choice[qualified/rowtype field reference] ; database/034_sprint6_contract_hardening.sql:L17@s6_submit_group_choice[qualified/rowtype field reference] ; database/034_sprint6_contract_hardening.sql:L19@s6_submit_private_choice[qualified/rowtype field reference] ; database/034_sprint6_contract_hardening.sql:L20@s6_submit_private_choice[qualified/rowtype field reference] ; database/034_sprint6_contract_hardening.sql:L22@s6_submit_allocation[qualified/rowtype field reference] ; database/034_sprint6_contract_hardening.sql:L23@s6_submit_allocation[qualified/rowtype field reference] ; database/034_sprint6_contract_hardening.sql:L25@s6_get_player_state[qualified/rowtype field reference] ; database/034_sprint6_contract_hardening.sql:L6@s6_submit_group_choice[qualified/rowtype field reference] ; database/035_sprint6_focused_audit_corrections.sql:L38@s6_initialize[qualified/rowtype field reference] ; database/035_sprint6_focused_audit_corrections.sql:L40@s6_send_message_guarded[qualified/rowtype field reference] ; database/035_sprint6_focused_audit_corrections.sql:L42@s6_close_discussion_guarded[qualified/rowtype field reference] ; database/035_sprint6_focused_audit_corrections.sql:L46@s6_submit_group_choice_guarded[qualified/rowtype field reference] ; database/035_sprint6_focused_audit_corrections.sql:L47@s6_submit_group_choice_guarded[qualified/rowtype field reference] ; database/035_sprint6_focused_audit_corrections.sql:L48@s6_submit_group_choice_guarded[qualified/rowtype field reference] ; database/035_sprint6_focused_audit_corrections.sql:L49@s6_submit_group_choice_guarded[qualified/rowtype field reference] ; database/035_sprint6_focused_audit_corrections.sql:L51@s6_submit_group_choice_guarded[qualified/rowtype field reference] ; database/035_sprint6_focused_audit_corrections.sql:L52@s6_submit_group_choice_guarded[qualified/rowtype field reference] ; database/035_sprint6_focused_audit_corrections.sql:L53@s6_submit_group_choice_guarded[qualified/rowtype field reference] ; database/035_sprint6_focused_audit_corrections.sql:L54@s6_submit_group_choice_guarded[qualified/rowtype field reference] ; database/035_sprint6_focused_audit_corrections.sql:L55@s6_submit_group_choice_guarded[qualified/rowtype field reference] ; database/035_sprint6_focused_audit_corrections.sql:L57@s6_submit_private_choice_guarded[qualified/rowtype field reference] ; database/035_sprint6_focused_audit_corrections.sql:L59@s6_advance_guarded[qualified/rowtype field reference] ; database/035_sprint6_focused_audit_corrections.sql:L61@s6_submit_allocation_guarded[qualified/rowtype field reference] ; database/035_sprint6_focused_audit_corrections.sql:L63@s6_complete_station_guarded[qualified/rowtype field reference] ; database/035_sprint6_focused_audit_corrections.sql:L65@s6_engage[qualified/rowtype field reference] ; database/035_sprint6_focused_audit_corrections.sql:L67@s6_engage_guarded[qualified/rowtype field reference] ; database/035_sprint6_focused_audit_corrections.sql:L72@s6_get_player_state[qualified/rowtype field reference] ; database/036_sprint6_four_open_findings.sql:L14@s6_send_message_v2[qualified/rowtype field reference] ; database/036_sprint6_four_open_findings.sql:L16@s6_close_discussion_v2[qualified/rowtype field reference] ; database/036_sprint6_four_open_findings.sql:L18@s6_submit_group_choice_v2[qualified/rowtype field reference] ; database/036_sprint6_four_open_findings.sql:L19@s6_submit_private_choice_v2[qualified/rowtype field reference] ; database/036_sprint6_four_open_findings.sql:L20@s6_submit_allocation_v2[qualified/rowtype field reference] ; database/036_sprint6_four_open_findings.sql:L21@s6_engage_v2[qualified/rowtype field reference] ; database/036_sprint6_four_open_findings.sql:L23@s6_advance_v2[qualified/rowtype field reference] ; database/036_sprint6_four_open_findings.sql:L25@s6_complete_station_v2[qualified/rowtype field reference] ; database/036_sprint6_four_open_findings.sql:L29@s6_get_player_state[qualified/rowtype field reference] ; database/037_level3_independent_audit_closure.sql:L135@s5_initialize[qualified/rowtype field reference] ; database/037_level3_independent_audit_closure.sql:L139@s6_initialize[qualified/rowtype field reference] ; database/037_level3_independent_audit_closure.sql:L170@s6_mark_audio_consumed[qualified/rowtype field reference] ; database/037_level3_independent_audit_closure.sql:L174@s6_mark_audio_consumed[qualified/rowtype field reference] ; database/037_level3_independent_audit_closure.sql:L179@s6_get_player_state[qualified/rowtype field reference] ; database/037_level3_independent_audit_closure.sql:L183@act6_13_get_timeline[qualified/rowtype field reference] ; database/040_level2_closure_verification_support.sql:L15@s6_verify_expire_discussion[qualified/rowtype field reference] ; database/041_level2_normal_s5_verification_support.sql:L15@s5_verify_expire_discussion[qualified/rowtype field reference] ; database/043_sprint7_teacher_console.sql:L14@s7_set_audit_private_debug[SELECT * INTO row] ; database/043_sprint7_teacher_console.sql:L17@s7_set_audit_private_debug[qualified/rowtype field reference] ; database/043_sprint7_teacher_console.sql:L18@s7_set_audit_private_debug[qualified/rowtype field reference] ; database/043_sprint7_teacher_console.sql:L20@s7_set_audit_private_debug[qualified/rowtype field reference] ; database/043_sprint7_teacher_console.sql:L33@s7_get_teacher_console[SELECT * INTO row] ; database/043_sprint7_teacher_console.sql:L35@s7_get_teacher_console[qualified/rowtype field reference] ; database/043_sprint7_teacher_console.sql:L36@s7_get_teacher_console[qualified/rowtype field reference] ; database/043_sprint7_teacher_console.sql:L37@s7_get_teacher_console[qualified/rowtype field reference] ; database/043_sprint7_teacher_console.sql:L40@s7_get_teacher_console[qualified/rowtype field reference] ; database/043_sprint7_teacher_console.sql:L45@s7_get_teacher_console[qualified/rowtype field reference] ; database/043_sprint7_teacher_console.sql:L49@s7_get_teacher_console[qualified/rowtype field reference] ; database/043_sprint7_teacher_console.sql:L50@s7_get_teacher_console[qualified/rowtype field reference] ; database/043_sprint7_teacher_console.sql:L51@s7_get_teacher_console[qualified/rowtype field reference] ; database/043_sprint7_teacher_console.sql:L52@s7_get_teacher_console[qualified/rowtype field reference] ; database/043_sprint7_teacher_console.sql:L53@s7_get_teacher_console[qualified/rowtype field reference] ; database/043_sprint7_teacher_console.sql:L55@s7_get_teacher_console[qualified/rowtype field reference] ; database/043_sprint7_teacher_console.sql:L56@s7_get_teacher_console[qualified/rowtype field reference] ; database/043_sprint7_teacher_console.sql:L59@s7_get_teacher_console[qualified/rowtype field reference] ; database/043_sprint7_teacher_console.sql:L62@s7_get_teacher_console[qualified/rowtype field reference] ; database/043_sprint7_teacher_console.sql:L65@s7_get_teacher_console[qualified/rowtype field reference] ; database/043_sprint7_teacher_console.sql:L66@s7_get_teacher_console[qualified/rowtype field reference] ; database/043_sprint7_teacher_console.sql:L67@s7_get_teacher_console[qualified/rowtype field reference] ; database/043_sprint7_teacher_console.sql:L70@s7_get_teacher_console[qualified/rowtype field reference] ; database/043_sprint7_teacher_console.sql:L71@s7_get_teacher_console[qualified/rowtype field reference] ; database/043_sprint7_teacher_console.sql:L72@s7_get_teacher_console[qualified/rowtype field reference] ; database/043_sprint7_teacher_console.sql:L74@s7_get_teacher_console[qualified/rowtype field reference] ; database/043_sprint7_teacher_console.sql:L76@s7_get_teacher_console[qualified/rowtype field reference] ; database/043_sprint7_teacher_console.sql:L77@s7_get_teacher_console[qualified/rowtype field reference] ; database/043_sprint7_teacher_console.sql:L81@s7_get_teacher_console[qualified/rowtype field reference] ; database/043_sprint7_teacher_console.sql:L82@s7_get_teacher_console[qualified/rowtype field reference] ; database/044_sprint7_focused_level1_corrections.sql:L22@s7_get_teacher_console[SELECT * INTO row] ; database/044_sprint7_focused_level1_corrections.sql:L24@s7_get_teacher_console[qualified/rowtype field reference] ; database/044_sprint7_focused_level1_corrections.sql:L25@s7_get_teacher_console[qualified/rowtype field reference] ; database/044_sprint7_focused_level1_corrections.sql:L26@s7_get_teacher_console[qualified/rowtype field reference] ; database/044_sprint7_focused_level1_corrections.sql:L29@s7_get_teacher_console[qualified/rowtype field reference] ; database/044_sprint7_focused_level1_corrections.sql:L30@s7_get_teacher_console[qualified/rowtype field reference] ; database/044_sprint7_focused_level1_corrections.sql:L35@s7_get_teacher_console[qualified/rowtype field reference] ; database/044_sprint7_focused_level1_corrections.sql:L39@s7_get_teacher_console[qualified/rowtype field reference] ; database/044_sprint7_focused_level1_corrections.sql:L40@s7_get_teacher_console[qualified/rowtype field reference] ; database/044_sprint7_focused_level1_corrections.sql:L41@s7_get_teacher_console[qualified/rowtype field reference] ; database/044_sprint7_focused_level1_corrections.sql:L42@s7_get_teacher_console[qualified/rowtype field reference] ; database/044_sprint7_focused_level1_corrections.sql:L43@s7_get_teacher_console[qualified/rowtype field reference] ; database/044_sprint7_focused_level1_corrections.sql:L46@s7_get_teacher_console[qualified/rowtype field reference] ; database/044_sprint7_focused_level1_corrections.sql:L47@s7_get_teacher_console[qualified/rowtype field reference] ; database/044_sprint7_focused_level1_corrections.sql:L50@s7_get_teacher_console[qualified/rowtype field reference] ; database/044_sprint7_focused_level1_corrections.sql:L51@s7_get_teacher_console[qualified/rowtype field reference] ; database/044_sprint7_focused_level1_corrections.sql:L55@s7_get_teacher_console[qualified/rowtype field reference] ; database/044_sprint7_focused_level1_corrections.sql:L57@s7_get_teacher_console[qualified/rowtype field reference] ; database/044_sprint7_focused_level1_corrections.sql:L58@s7_get_teacher_console[qualified/rowtype field reference] ; database/044_sprint7_focused_level1_corrections.sql:L59@s7_get_teacher_console[qualified/rowtype field reference] ; database/044_sprint7_focused_level1_corrections.sql:L60@s7_get_teacher_console[qualified/rowtype field reference] ; database/044_sprint7_focused_level1_corrections.sql:L61@s7_get_teacher_console[qualified/rowtype field reference] ; database/044_sprint7_focused_level1_corrections.sql:L62@s7_get_teacher_console[qualified/rowtype field reference] ; database/044_sprint7_focused_level1_corrections.sql:L63@s7_get_teacher_console[qualified/rowtype field reference] ; database/044_sprint7_focused_level1_corrections.sql:L65@s7_get_teacher_console[qualified/rowtype field reference] ; database/045_sprint7_teacher_intervention_provenance.sql:L25@s5_teacher_open_vote[qualified/rowtype field reference] ; database/045_sprint7_teacher_intervention_provenance.sql:L26@s5_teacher_open_vote[qualified/rowtype field reference] ; database/045_sprint7_teacher_intervention_provenance.sql:L31@s5_teacher_add_time[qualified/rowtype field reference] ; database/045_sprint7_teacher_intervention_provenance.sql:L32@s5_teacher_add_time[qualified/rowtype field reference] ; database/046_sprint8_act14_finalization_export.sql:L100@s8_export_session[qualified/rowtype field reference] ; database/046_sprint8_act14_finalization_export.sql:L28@s8_finalize[qualified/rowtype field reference] ; database/046_sprint8_act14_finalization_export.sql:L30@s8_finalize[qualified/rowtype field reference] ; database/046_sprint8_act14_finalization_export.sql:L31@s8_finalize[qualified/rowtype field reference] ; database/046_sprint8_act14_finalization_export.sql:L33@s8_finalize[qualified/rowtype field reference] ; database/046_sprint8_act14_finalization_export.sql:L34@s8_finalize[qualified/rowtype field reference] ; database/046_sprint8_act14_finalization_export.sql:L37@s8_finalize[qualified/rowtype field reference] ; database/046_sprint8_act14_finalization_export.sql:L38@s8_finalize[qualified/rowtype field reference] ; database/046_sprint8_act14_finalization_export.sql:L39@s8_finalize[qualified/rowtype field reference] ; database/046_sprint8_act14_finalization_export.sql:L40@s8_finalize[qualified/rowtype field reference] ; database/046_sprint8_act14_finalization_export.sql:L41@s8_finalize[qualified/rowtype field reference] ; database/046_sprint8_act14_finalization_export.sql:L42@s8_finalize[qualified/rowtype field reference] ; database/046_sprint8_act14_finalization_export.sql:L54@s8_finalize[qualified/rowtype field reference] ; database/046_sprint8_act14_finalization_export.sql:L55@s8_finalize[qualified/rowtype field reference] ; database/046_sprint8_act14_finalization_export.sql:L56@s8_finalize[qualified/rowtype field reference] ; database/046_sprint8_act14_finalization_export.sql:L58@s8_finalize[qualified/rowtype field reference] ; database/046_sprint8_act14_finalization_export.sql:L59@s8_finalize[qualified/rowtype field reference] ; database/046_sprint8_act14_finalization_export.sql:L67@s8_get_player_state[qualified/rowtype field reference] ; database/046_sprint8_act14_finalization_export.sql:L68@s8_get_player_state[qualified/rowtype field reference] ; database/046_sprint8_act14_finalization_export.sql:L77@s8_get_finalization_state[qualified/rowtype field reference] ; database/046_sprint8_act14_finalization_export.sql:L84@s8_export_session[qualified/rowtype field reference] ; database/046_sprint8_act14_finalization_export.sql:L88@s8_export_session[qualified/rowtype field reference] ; database/046_sprint8_act14_finalization_export.sql:L91@s8_export_session[qualified/rowtype field reference] ; database/046_sprint8_act14_finalization_export.sql:L92@s8_export_session[qualified/rowtype field reference] ; database/046_sprint8_act14_finalization_export.sql:L93@s8_export_session[qualified/rowtype field reference] ; database/046_sprint8_act14_finalization_export.sql:L94@s8_export_session[qualified/rowtype field reference] ; database/046_sprint8_act14_finalization_export.sql:L95@s8_export_session[qualified/rowtype field reference] ; database/046_sprint8_act14_finalization_export.sql:L96@s8_export_session[qualified/rowtype field reference] ; database/046_sprint8_act14_finalization_export.sql:L99@s8_export_session[qualified/rowtype field reference] ; database/047_sprint8_export_completeness.sql:L11@s8_export_session[qualified/rowtype field reference] ; database/047_sprint8_export_completeness.sql:L15@s8_export_session[qualified/rowtype field reference] ; database/047_sprint8_export_completeness.sql:L16@s8_export_session[qualified/rowtype field reference] ; database/047_sprint8_export_completeness.sql:L17@s8_export_session[qualified/rowtype field reference] ; database/047_sprint8_export_completeness.sql:L18@s8_export_session[qualified/rowtype field reference] ; database/047_sprint8_export_completeness.sql:L20@s8_export_session[qualified/rowtype field reference] ; database/047_sprint8_export_completeness.sql:L21@s8_export_session[qualified/rowtype field reference] ; database/047_sprint8_export_completeness.sql:L22@s8_export_session[qualified/rowtype field reference] ; database/047_sprint8_export_completeness.sql:L24@s8_export_session[qualified/rowtype field reference] ; database/047_sprint8_export_completeness.sql:L25@s8_export_session[qualified/rowtype field reference] ; database/047_sprint8_export_completeness.sql:L28@s8_export_session[qualified/rowtype field reference] ; database/047_sprint8_export_completeness.sql:L29@s8_export_session[qualified/rowtype field reference] ; database/047_sprint8_export_completeness.sql:L30@s8_export_session[qualified/rowtype field reference] ; database/047_sprint8_export_completeness.sql:L31@s8_export_session[qualified/rowtype field reference] ; database/047_sprint8_export_completeness.sql:L32@s8_export_session[qualified/rowtype field reference] ; database/047_sprint8_export_completeness.sql:L34@s8_export_session[qualified/rowtype field reference] ; database/047_sprint8_export_completeness.sql:L35@s8_export_session[qualified/rowtype field reference] ; database/047_sprint8_export_completeness.sql:L36@s8_export_session[qualified/rowtype field reference] ; database/047_sprint8_export_completeness.sql:L39@s8_export_session[qualified/rowtype field reference] ; database/047_sprint8_export_completeness.sql:L41@s8_export_session[qualified/rowtype field reference] ; database/047_sprint8_export_completeness.sql:L44@s8_export_session[qualified/rowtype field reference] ; database/047_sprint8_export_completeness.sql:L7@s8_export_session[qualified/rowtype field reference] ; database/048_sprint8_focused_level1_corrections.sql:L103@s8_export_session[qualified/rowtype field reference] ; database/048_sprint8_focused_level1_corrections.sql:L104@s8_export_session[qualified/rowtype field reference] ; database/048_sprint8_focused_level1_corrections.sql:L107@s8_export_session[qualified/rowtype field reference] ; database/048_sprint8_focused_level1_corrections.sql:L110@s8_export_session[qualified/rowtype field reference] ; database/048_sprint8_focused_level1_corrections.sql:L111@s8_export_session[qualified/rowtype field reference] ; database/048_sprint8_focused_level1_corrections.sql:L112@s8_export_session[qualified/rowtype field reference] ; database/048_sprint8_focused_level1_corrections.sql:L113@s8_export_session[qualified/rowtype field reference] ; database/048_sprint8_focused_level1_corrections.sql:L114@s8_export_session[qualified/rowtype field reference] ; database/048_sprint8_focused_level1_corrections.sql:L115@s8_export_session[qualified/rowtype field reference] ; database/048_sprint8_focused_level1_corrections.sql:L116@s8_export_session[qualified/rowtype field reference] ; database/048_sprint8_focused_level1_corrections.sql:L117@s8_export_session[qualified/rowtype field reference] ; database/048_sprint8_focused_level1_corrections.sql:L118@s8_export_session[qualified/rowtype field reference] ; database/048_sprint8_focused_level1_corrections.sql:L119@s8_export_session[qualified/rowtype field reference] ; database/048_sprint8_focused_level1_corrections.sql:L120@s8_export_session[qualified/rowtype field reference] ; database/048_sprint8_focused_level1_corrections.sql:L124@s8_export_session[qualified/rowtype field reference] ; database/048_sprint8_focused_level1_corrections.sql:L128@s8_export_session[qualified/rowtype field reference] ; database/048_sprint8_focused_level1_corrections.sql:L130@s8_export_session[qualified/rowtype field reference] ; database/048_sprint8_focused_level1_corrections.sql:L22@s8_finalize[SELECT * INTO row] ; database/048_sprint8_focused_level1_corrections.sql:L25@s8_finalize[qualified/rowtype field reference] ; database/048_sprint8_focused_level1_corrections.sql:L26@s8_finalize[qualified/rowtype field reference] ; database/048_sprint8_focused_level1_corrections.sql:L27@s8_finalize[qualified/rowtype field reference] ; database/048_sprint8_focused_level1_corrections.sql:L30@s8_finalize[qualified/rowtype field reference] ; database/048_sprint8_focused_level1_corrections.sql:L31@s8_finalize[qualified/rowtype field reference] ; database/048_sprint8_focused_level1_corrections.sql:L32@s8_finalize[qualified/rowtype field reference] ; database/048_sprint8_focused_level1_corrections.sql:L33@s8_finalize[qualified/rowtype field reference] ; database/048_sprint8_focused_level1_corrections.sql:L35@s8_finalize[qualified/rowtype field reference] ; database/048_sprint8_focused_level1_corrections.sql:L38@s8_finalize[qualified/rowtype field reference] ; database/048_sprint8_focused_level1_corrections.sql:L39@s8_finalize[qualified/rowtype field reference] ; database/048_sprint8_focused_level1_corrections.sql:L40@s8_finalize[qualified/rowtype field reference] ; database/048_sprint8_focused_level1_corrections.sql:L41@s8_finalize[qualified/rowtype field reference] ; database/048_sprint8_focused_level1_corrections.sql:L42@s8_finalize[qualified/rowtype field reference] ; database/048_sprint8_focused_level1_corrections.sql:L43@s8_finalize[qualified/rowtype field reference] ; database/048_sprint8_focused_level1_corrections.sql:L44@s8_finalize[qualified/rowtype field reference] ; database/048_sprint8_focused_level1_corrections.sql:L45@s8_finalize[qualified/rowtype field reference] ; database/048_sprint8_focused_level1_corrections.sql:L46@s8_finalize[qualified/rowtype field reference] ; database/048_sprint8_focused_level1_corrections.sql:L47@s8_finalize[qualified/rowtype field reference] ; database/048_sprint8_focused_level1_corrections.sql:L48@s8_finalize[qualified/rowtype field reference] ; database/048_sprint8_focused_level1_corrections.sql:L49@s8_finalize[qualified/rowtype field reference] ; database/048_sprint8_focused_level1_corrections.sql:L50@s8_finalize[qualified/rowtype field reference] ; database/048_sprint8_focused_level1_corrections.sql:L70@s8_finalize[qualified/rowtype field reference] ; database/048_sprint8_focused_level1_corrections.sql:L71@s8_finalize[qualified/rowtype field reference] ; database/048_sprint8_focused_level1_corrections.sql:L72@s8_finalize[qualified/rowtype field reference] ; database/048_sprint8_focused_level1_corrections.sql:L74@s8_finalize[qualified/rowtype field reference] ; database/048_sprint8_focused_level1_corrections.sql:L75@s8_finalize[qualified/rowtype field reference] ; database/048_sprint8_focused_level1_corrections.sql:L83@s8_get_player_state[qualified/rowtype field reference] ; database/048_sprint8_focused_level1_corrections.sql:L84@s8_get_player_state[qualified/rowtype field reference] ; database/048_sprint8_focused_level1_corrections.sql:L85@s8_get_player_state[qualified/rowtype field reference] ; database/048_sprint8_focused_level1_corrections.sql:L86@s8_get_player_state[qualified/rowtype field reference] ; database/048_sprint8_focused_level1_corrections.sql:L93@s8_get_finalization_state[qualified/rowtype field reference] ; database/048_sprint8_focused_level1_corrections.sql:L94@s8_get_finalization_state[qualified/rowtype field reference] ; database/048_sprint8_focused_level1_corrections.sql:L96@s8_get_finalization_state[qualified/rowtype field reference] ; database/049_sprint8_final_closure.sql:L156@s8_finalize[SELECT * INTO row] ; database/049_sprint8_final_closure.sql:L179@s8_get_finalization_state[qualified/rowtype field reference] ; database/049_sprint8_final_closure.sql:L180@s8_get_finalization_state[qualified/rowtype field reference] ; database/049_sprint8_final_closure.sql:L182@s8_get_finalization_state[qualified/rowtype field reference] ; database/049_sprint8_final_closure.sql:L70@s8_verify_integrity[SELECT * INTO row] ; database/054_level3_integrated_closure.sql:L103@teacher_apply_override[qualified/rowtype field reference] ; database/054_level3_integrated_closure.sql:L104@teacher_apply_override[qualified/rowtype field reference] ; database/054_level3_integrated_closure.sql:L115@s2_get_teacher_state[qualified/rowtype field reference] ; database/054_level3_integrated_closure.sql:L116@s2_get_teacher_state[qualified/rowtype field reference] ; database/054_level3_integrated_closure.sql:L153@s8_latest_completed_run[qualified/rowtype field reference] ; database/054_level3_integrated_closure.sql:L164@s8_get_finalization_state[qualified/rowtype field reference] ; database/054_level3_integrated_closure.sql:L17@teacher_apply_override[qualified/rowtype field reference] ; database/054_level3_integrated_closure.sql:L20@teacher_apply_override[SELECT * INTO row] ; database/054_level3_integrated_closure.sql:L22@teacher_apply_override[qualified/rowtype field reference] ; database/054_level3_integrated_closure.sql:L23@teacher_apply_override[qualified/rowtype field reference] ; database/054_level3_integrated_closure.sql:L27@teacher_apply_override[qualified/rowtype field reference] ; database/054_level3_integrated_closure.sql:L28@teacher_apply_override[qualified/rowtype field reference] ; database/054_level3_integrated_closure.sql:L30@teacher_apply_override[qualified/rowtype field reference] ; database/054_level3_integrated_closure.sql:L31@teacher_apply_override[qualified/rowtype field reference] ; database/054_level3_integrated_closure.sql:L32@teacher_apply_override[qualified/rowtype field reference] ; database/054_level3_integrated_closure.sql:L33@teacher_apply_override[qualified/rowtype field reference] ; database/054_level3_integrated_closure.sql:L41@teacher_apply_override[qualified/rowtype field reference] ; database/054_level3_integrated_closure.sql:L42@teacher_apply_override[qualified/rowtype field reference] ; database/054_level3_integrated_closure.sql:L44@teacher_apply_override[qualified/rowtype field reference] ; database/054_level3_integrated_closure.sql:L45@teacher_apply_override[qualified/rowtype field reference] ; database/054_level3_integrated_closure.sql:L47@teacher_apply_override[qualified/rowtype field reference] ; database/054_level3_integrated_closure.sql:L48@teacher_apply_override[qualified/rowtype field reference] ; database/054_level3_integrated_closure.sql:L50@teacher_apply_override[qualified/rowtype field reference] ; database/054_level3_integrated_closure.sql:L53@teacher_apply_override[qualified/rowtype field reference] ; database/054_level3_integrated_closure.sql:L54@teacher_apply_override[qualified/rowtype field reference] ; database/054_level3_integrated_closure.sql:L56@teacher_apply_override[qualified/rowtype field reference] ; database/054_level3_integrated_closure.sql:L57@teacher_apply_override[qualified/rowtype field reference] ; database/054_level3_integrated_closure.sql:L59@teacher_apply_override[qualified/rowtype field reference] ; database/054_level3_integrated_closure.sql:L62@teacher_apply_override[qualified/rowtype field reference] ; database/054_level3_integrated_closure.sql:L64@teacher_apply_override[qualified/rowtype field reference] ; database/054_level3_integrated_closure.sql:L65@teacher_apply_override[qualified/rowtype field reference] ; database/054_level3_integrated_closure.sql:L67@teacher_apply_override[qualified/rowtype field reference] ; database/054_level3_integrated_closure.sql:L69@teacher_apply_override[qualified/rowtype field reference] ; database/054_level3_integrated_closure.sql:L70@teacher_apply_override[qualified/rowtype field reference] ; database/054_level3_integrated_closure.sql:L71@teacher_apply_override[qualified/rowtype field reference] ; database/054_level3_integrated_closure.sql:L72@teacher_apply_override[qualified/rowtype field reference] ; database/054_level3_integrated_closure.sql:L74@teacher_apply_override[qualified/rowtype field reference] ; database/054_level3_integrated_closure.sql:L75@teacher_apply_override[qualified/rowtype field reference] ; database/054_level3_integrated_closure.sql:L76@teacher_apply_override[qualified/rowtype field reference] ; database/054_level3_integrated_closure.sql:L77@teacher_apply_override[qualified/rowtype field reference] ; database/054_level3_integrated_closure.sql:L78@teacher_apply_override[qualified/rowtype field reference] ; database/054_level3_integrated_closure.sql:L80@teacher_apply_override[qualified/rowtype field reference] ; database/054_level3_integrated_closure.sql:L81@teacher_apply_override[qualified/rowtype field reference] ; database/054_level3_integrated_closure.sql:L83@teacher_apply_override[qualified/rowtype field reference] ; database/054_level3_integrated_closure.sql:L84@teacher_apply_override[qualified/rowtype field reference] ; database/054_level3_integrated_closure.sql:L86@teacher_apply_override[qualified/rowtype field reference] ; database/054_level3_integrated_closure.sql:L87@teacher_apply_override[qualified/rowtype field reference] ; database/054_level3_integrated_closure.sql:L90@teacher_apply_override[qualified/rowtype field reference] ; database/054_level3_integrated_closure.sql:L91@teacher_apply_override[qualified/rowtype field reference] ; database/054_level3_integrated_closure.sql:L93@teacher_apply_override[qualified/rowtype field reference] ; database/054_level3_integrated_closure.sql:L94@teacher_apply_override[qualified/rowtype field reference] ; database/054_level3_integrated_closure.sql:L97@teacher_apply_override[qualified/rowtype field reference] ; database/054_level3_integrated_closure.sql:L98@teacher_apply_override[qualified/rowtype field reference] ; database/054_level3_integrated_closure.sql:L99@teacher_apply_override[qualified/rowtype field reference] ; database/059_structural_lifecycle_transition_spine.sql:L57@s9_enter_act6[qualified/rowtype field reference] ; database/059_structural_lifecycle_transition_spine.sql:L60@s9_enter_act6[qualified/rowtype field reference] ; database/059_structural_lifecycle_transition_spine.sql:L61@s9_enter_act6[qualified/rowtype field reference] ; database/059_structural_lifecycle_transition_spine.sql:L64@s9_enter_act6[qualified/rowtype field reference] ; database/059_structural_lifecycle_transition_spine.sql:L67@s9_enter_act6[qualified/rowtype field reference] ; database/059_structural_lifecycle_transition_spine.sql:L68@s9_enter_act6[qualified/rowtype field reference] ; database/059_structural_lifecycle_transition_spine.sql:L71@s9_enter_act6[qualified/rowtype field reference] ; database/060_package_a_ca_a_bounded_corrections.sql:L37@s9_observe_act5_handoff[qualified/rowtype field reference] ; database/060_package_a_ca_a_bounded_corrections.sql:L40@s9_observe_act5_handoff[qualified/rowtype field reference] ; database/060_package_a_ca_a_bounded_corrections.sql:L41@s9_observe_act5_handoff[qualified/rowtype field reference] ; database/060_package_a_ca_a_bounded_corrections.sql:L42@s9_observe_act5_handoff[qualified/rowtype field reference] ; database/060_package_a_ca_a_bounded_corrections.sql:L47@s9_observe_act5_handoff[qualified/rowtype field reference] ; database/060_package_a_ca_a_bounded_corrections.sql:L48@s9_observe_act5_handoff[qualified/rowtype field reference] ; database/060_package_a_ca_a_bounded_corrections.sql:L51@s9_observe_act5_handoff[qualified/rowtype field reference] ; database/060_package_a_ca_a_bounded_corrections.sql:L76@s9_enter_act6[qualified/rowtype field reference] ; database/060_package_a_ca_a_bounded_corrections.sql:L79@s9_enter_act6[qualified/rowtype field reference] ; database/060_package_a_ca_a_bounded_corrections.sql:L80@s9_enter_act6[qualified/rowtype field reference] ; database/060_package_a_ca_a_bounded_corrections.sql:L81@s9_enter_act6[qualified/rowtype field reference] ; database/060_package_a_ca_a_bounded_corrections.sql:L85@s9_enter_act6[qualified/rowtype field reference] ; database/060_package_a_ca_a_bounded_corrections.sql:L92@s9_enter_act6[qualified/rowtype field reference] ; database/060_package_a_ca_a_bounded_corrections.sql:L93@s9_enter_act6[qualified/rowtype field reference] ; database/060_package_a_ca_a_bounded_corrections.sql:L96@s9_enter_act6[qualified/rowtype field reference] ; database/061_package_a_act6_entry_timer_barrier.sql:L50@s9_enter_act6[qualified/rowtype field reference] ; database/061_package_a_act6_entry_timer_barrier.sql:L53@s9_enter_act6[qualified/rowtype field reference] ; database/061_package_a_act6_entry_timer_barrier.sql:L54@s9_enter_act6[qualified/rowtype field reference] ; database/061_package_a_act6_entry_timer_barrier.sql:L57@s9_enter_act6[qualified/rowtype field reference] ; database/061_package_a_act6_entry_timer_barrier.sql:L60@s9_enter_act6[qualified/rowtype field reference] ; database/061_package_a_act6_entry_timer_barrier.sql:L67@s9_enter_act6[qualified/rowtype field reference] ; database/061_package_a_act6_entry_timer_barrier.sql:L68@s9_enter_act6[qualified/rowtype field reference] ; database/061_package_a_act6_entry_timer_barrier.sql:L72@s9_enter_act6[qualified/rowtype field reference] ; database/061_package_a_act6_entry_timer_barrier.sql:L75@s9_enter_act6[qualified/rowtype field reference] ; database/061_package_a_act6_entry_timer_barrier.sql:L78@s9_enter_act6[qualified/rowtype field reference] ; database/061_package_a_act6_entry_timer_barrier.sql:L79@s9_enter_act6[qualified/rowtype field reference] ; database/061_package_a_act6_entry_timer_barrier.sql:L80@s9_enter_act6[qualified/rowtype field reference] ; database/061_package_a_act6_entry_timer_barrier.sql:L83@s9_enter_act6[qualified/rowtype field reference] ; database/063_package_a_player_entry_column_fix.sql:L25@s9_enter_act6[qualified/rowtype field reference] ; database/063_package_a_player_entry_column_fix.sql:L28@s9_enter_act6[qualified/rowtype field reference] ; database/063_package_a_player_entry_column_fix.sql:L29@s9_enter_act6[qualified/rowtype field reference] ; database/063_package_a_player_entry_column_fix.sql:L32@s9_enter_act6[qualified/rowtype field reference] ; database/063_package_a_player_entry_column_fix.sql:L35@s9_enter_act6[qualified/rowtype field reference] ; database/063_package_a_player_entry_column_fix.sql:L42@s9_enter_act6[qualified/rowtype field reference] ; database/063_package_a_player_entry_column_fix.sql:L43@s9_enter_act6[qualified/rowtype field reference] ; database/063_package_a_player_entry_column_fix.sql:L47@s9_enter_act6[qualified/rowtype field reference] ; database/063_package_a_player_entry_column_fix.sql:L50@s9_enter_act6[qualified/rowtype field reference] ; database/063_package_a_player_entry_column_fix.sql:L53@s9_enter_act6[qualified/rowtype field reference] ; database/063_package_a_player_entry_column_fix.sql:L54@s9_enter_act6[qualified/rowtype field reference] ; database/063_package_a_player_entry_column_fix.sql:L55@s9_enter_act6[qualified/rowtype field reference] ; database/063_package_a_player_entry_column_fix.sql:L58@s9_enter_act6[qualified/rowtype field reference] ; database/064_package_a_handoff_observation_column_fix.sql:L22@s9_observe_act5_handoff[qualified/rowtype field reference] ; database/064_package_a_handoff_observation_column_fix.sql:L25@s9_observe_act5_handoff[qualified/rowtype field reference] ; database/064_package_a_handoff_observation_column_fix.sql:L26@s9_observe_act5_handoff[qualified/rowtype field reference] ; database/064_package_a_handoff_observation_column_fix.sql:L27@s9_observe_act5_handoff[qualified/rowtype field reference] ; database/064_package_a_handoff_observation_column_fix.sql:L32@s9_observe_act5_handoff[qualified/rowtype field reference] ; database/064_package_a_handoff_observation_column_fix.sql:L33@s9_observe_act5_handoff[qualified/rowtype field reference] ; database/064_package_a_handoff_observation_column_fix.sql:L36@s9_observe_act5_handoff[qualified/rowtype field reference] ; database/065_package_b_player_wait_projection.sql:L11@s9_get_player_wait_state[qualified/rowtype field reference] ; database/065_package_b_player_wait_projection.sql:L12@s9_get_player_wait_state[qualified/rowtype field reference] ; database/065_package_b_player_wait_projection.sql:L13@s9_get_player_wait_state[qualified/rowtype field reference] ; database/065_package_b_player_wait_projection.sql:L14@s9_get_player_wait_state[qualified/rowtype field reference] ; database/065_package_b_player_wait_projection.sql:L18@s9_get_player_wait_state[qualified/rowtype field reference] ; database/065_package_b_player_wait_projection.sql:L9@s9_get_player_wait_state[qualified/rowtype field reference] ; database/066_package_b_wait_projection_locked_at_fix.sql:L11@s9_get_player_wait_state[qualified/rowtype field reference] ; database/066_package_b_wait_projection_locked_at_fix.sql:L12@s9_get_player_wait_state[qualified/rowtype field reference] ; database/066_package_b_wait_projection_locked_at_fix.sql:L13@s9_get_player_wait_state[qualified/rowtype field reference] ; database/066_package_b_wait_projection_locked_at_fix.sql:L14@s9_get_player_wait_state[qualified/rowtype field reference] ; database/066_package_b_wait_projection_locked_at_fix.sql:L18@s9_get_player_wait_state[qualified/rowtype field reference] ; database/066_package_b_wait_projection_locked_at_fix.sql:L9@s9_get_player_wait_state[qualified/rowtype field reference] ; database/067_package_b_allocation_progress_fix.sql:L11@s9_get_player_wait_state[qualified/rowtype field reference] ; database/067_package_b_allocation_progress_fix.sql:L13@s9_get_player_wait_state[qualified/rowtype field reference] ; database/067_package_b_allocation_progress_fix.sql:L15@s9_get_player_wait_state[qualified/rowtype field reference] ; database/067_package_b_allocation_progress_fix.sql:L17@s9_get_player_wait_state[qualified/rowtype field reference] ; database/067_package_b_allocation_progress_fix.sql:L18@s9_get_player_wait_state[qualified/rowtype field reference] ; database/067_package_b_allocation_progress_fix.sql:L22@s9_get_player_wait_state[qualified/rowtype field reference] ; database/067_package_b_allocation_progress_fix.sql:L9@s9_get_player_wait_state[qualified/rowtype field reference] ; database/068_package_c_authoritative_pocket_inspection.sql:L23@s9_inspect_pocket_item[qualified/rowtype field reference] ; database/068_package_c_authoritative_pocket_inspection.sql:L24@s9_inspect_pocket_item[qualified/rowtype field reference] ; database/068_package_c_authoritative_pocket_inspection.sql:L25@s9_inspect_pocket_item[qualified/rowtype field reference] ; database/068_package_c_authoritative_pocket_inspection.sql:L27@s9_inspect_pocket_item[qualified/rowtype field reference] ; database/068_package_c_authoritative_pocket_inspection.sql:L29@s9_inspect_pocket_item[qualified/rowtype field reference] ; database/068_package_c_authoritative_pocket_inspection.sql:L31@s9_inspect_pocket_item[qualified/rowtype field reference] ; database/068_package_c_authoritative_pocket_inspection.sql:L32@s9_inspect_pocket_item[qualified/rowtype field reference] ; database/068_package_c_authoritative_pocket_inspection.sql:L34@s9_inspect_pocket_item[qualified/rowtype field reference] ; database/068_package_c_authoritative_pocket_inspection.sql:L35@s9_inspect_pocket_item[qualified/rowtype field reference] ; database/068_package_c_authoritative_pocket_inspection.sql:L45@s3_set_item_view[qualified/rowtype field reference] ; database/068_package_c_authoritative_pocket_inspection.sql:L46@s3_set_item_view[qualified/rowtype field reference] ; database/068_package_c_authoritative_pocket_inspection.sql:L48@s3_set_item_view[qualified/rowtype field reference] ; database/068_package_c_authoritative_pocket_inspection.sql:L51@s3_set_item_view[qualified/rowtype field reference] ; database/068_package_c_authoritative_pocket_inspection.sql:L52@s3_set_item_view[qualified/rowtype field reference] ; database/068_package_c_authoritative_pocket_inspection.sql:L54@s3_set_item_view[qualified/rowtype field reference] ; database/068_package_c_authoritative_pocket_inspection.sql:L55@s3_set_item_view[qualified/rowtype field reference] ; database/068_package_c_authoritative_pocket_inspection.sql:L57@s3_set_item_view[qualified/rowtype field reference] ; database/068_package_c_authoritative_pocket_inspection.sql:L58@s3_set_item_view[qualified/rowtype field reference] ; database/068_package_c_authoritative_pocket_inspection.sql:L68@s3_get_player_state[qualified/rowtype field reference] ; database/068_package_c_authoritative_pocket_inspection.sql:L69@s3_get_player_state[qualified/rowtype field reference] ; database/068_package_c_authoritative_pocket_inspection.sql:L70@s3_get_player_state[qualified/rowtype field reference] ; database/068_package_c_authoritative_pocket_inspection.sql:L71@s3_get_player_state[qualified/rowtype field reference] ; database/068_package_c_authoritative_pocket_inspection.sql:L72@s3_get_player_state[qualified/rowtype field reference] ; database/068_package_c_authoritative_pocket_inspection.sql:L73@s3_get_player_state[qualified/rowtype field reference] ; database/068_package_c_authoritative_pocket_inspection.sql:L74@s3_get_player_state[qualified/rowtype field reference] ; database/068_package_c_authoritative_pocket_inspection.sql:L75@s3_get_player_state[qualified/rowtype field reference] ; database/068_package_c_authoritative_pocket_inspection.sql:L76@s3_get_player_state[qualified/rowtype field reference],PENDING,,,
SN044,run_id,runtime_events#02,F0120,runtime_events,2,database/002_runtime_runs_discussion.sql,89,19,4,database/002_runtime_runs_discussion.sql:L158@s2_log_event[INSERT explicit column]{DIRECT_OR_COMPUTED} ; database/014_sprint3b_evidence_and_puzzle_integrity.sql:L114@s2_log_event[INSERT explicit column]{DIRECT_OR_COMPUTED} ; database/014_sprint3b_evidence_and_puzzle_integrity.sql:L154@s3b_log_formal_event[INSERT explicit column]{DIRECT_OR_COMPUTED} ; database/014_sprint3b_evidence_and_puzzle_integrity.sql:L214@s3b_set_scene[INSERT explicit column]{DIRECT_OR_COMPUTED} ; database/014b_sprint3b_targeted_closure_corrections.sql:L63@s3b_log_formal_event_at_context[INSERT explicit column]{DIRECT_OR_COMPUTED} ; database/015_sprint3c_minimal_safe_teacher_override.sql:L53@s3b_log_formal_event_at_context[INSERT explicit column]{DIRECT_OR_COMPUTED} ; database/015_sprint3c_minimal_safe_teacher_override.sql:L78@teacher_apply_override[INSERT explicit column]{DIRECT_OR_COMPUTED} ; database/015_sprint3c_minimal_safe_teacher_override.sql:L91@teacher_apply_override[INSERT explicit column]{DIRECT_OR_COMPUTED} ; database/015_sprint3c_minimal_safe_teacher_override.sql:L99@teacher_apply_override[INSERT explicit column]{DIRECT_OR_COMPUTED} ; database/016_sprint3c_level1_narrow_corrections.sql:L65@s2_log_event[INSERT explicit column]{DIRECT_OR_COMPUTED} ; database/043_sprint7_teacher_console.sql:L19@s7_set_audit_private_debug[INSERT explicit column]{DIRECT_OR_COMPUTED} ; database/045_sprint7_teacher_intervention_provenance.sql:L18@TOP_LEVEL[INSERT explicit column]{DIRECT_OR_COMPUTED} ; database/045_sprint7_teacher_intervention_provenance.sql:L26@s5_teacher_open_vote[INSERT explicit column]{DIRECT_OR_COMPUTED} ; database/045_sprint7_teacher_intervention_provenance.sql:L32@s5_teacher_add_time[INSERT explicit column]{DIRECT_OR_COMPUTED} ; database/045_sprint7_teacher_intervention_provenance.sql:L8@s7_mirror_teacher_discussion_event[INSERT explicit column]{DIRECT_OR_COMPUTED} ; database/046_sprint8_act14_finalization_export.sql:L57@s8_finalize[INSERT explicit column]{DIRECT_OR_COMPUTED} ; database/048_sprint8_focused_level1_corrections.sql:L73@s8_finalize[INSERT explicit column]{DIRECT_OR_COMPUTED} ; database/049_sprint8_final_closure.sql:L170@s8_finalize[INSERT explicit column]{DIRECT_OR_COMPUTED} ; database/054_level3_integrated_closure.sql:L102@teacher_apply_override[INSERT explicit column]{DIRECT_OR_COMPUTED},database/002_runtime_runs_discussion.sql:L1038@s2_get_teacher_state[qualified/rowtype field reference] ; database/003_sprint2_discussionroom_audit_fix.sql:L600@s2_get_teacher_state[qualified/rowtype field reference] ; database/014b_sprint3b_targeted_closure_corrections.sql:L177@s2_get_teacher_state[qualified/rowtype field reference] ; database/043_sprint7_teacher_console.sql:L72@s7_get_teacher_console[qualified/rowtype field reference],PENDING,,,
SN044,run_id,runtime_player_decisions#02,F0136,runtime_player_decisions,2,database/002_runtime_runs_discussion.sql,71,4,7,database/002_runtime_runs_discussion.sql:L656@s2_submit_vote[INSERT explicit column]{DIRECT_OR_COMPUTED} ; database/003_sprint2_discussionroom_audit_fix.sql:L202@s2_submit_vote[INSERT explicit column]{DIRECT_OR_COMPUTED} ; database/004_sprint2_fallback_resolution_semantics.sql:L55@s2_submit_vote[INSERT explicit column]{DIRECT_OR_COMPUTED} ; database/013_sprint3b_discussion_authority_and_request_identity.sql:L327@s2_submit_vote[INSERT explicit column]{DIRECT_OR_COMPUTED},database/013_sprint3b_discussion_authority_and_request_identity.sql:L314@s2_submit_vote[SELECT * INTO row] ; database/050_sprint8_act2_verifier_projection_fix.sql:L22@s8_verify_integrity[qualified/rowtype field reference] ; database/055_level2_override_export_residual_closure.sql:L41@teacher_apply_override[qualified/rowtype field reference] ; database/055_level2_override_export_residual_closure.sql:L50@teacher_apply_override[qualified/rowtype field reference] ; database/056_level2_override_validity_binding_fix.sql:L32@teacher_apply_override[qualified/rowtype field reference] ; database/056_level2_override_validity_binding_fix.sql:L41@teacher_apply_override[qualified/rowtype field reference] ; database/056_level2_override_validity_binding_fix.sql:L50@teacher_apply_override[qualified/rowtype field reference],PENDING,,,
SN044,run_id,s3_group_items#01,F0183,s3_group_items,1,database/005_sprint3a_scene_pocket_knowledge_foundation.sql,80,10,6,database/005_sprint3a_scene_pocket_knowledge_foundation.sql:L181@s3_initialize_audit_fixture[INSERT explicit column]{DIRECT_OR_COMPUTED} ; database/006_sprint3a_provenance_view_integrity_fix.sql:L112@s3_initialize_audit_fixture[INSERT explicit column]{DIRECT_OR_COMPUTED} ; database/007_sprint3b_act1_5_placeholder_flow.sql:L225@s3b_submit_library_code[INSERT explicit column]{DIRECT_OR_COMPUTED} ; database/010_sprint3b_flow_integrity_and_inspect_fix.sql:L97@s3b_refresh_puzzle[INSERT explicit column]{DIRECT_OR_COMPUTED} ; database/011_sprint3b_transition_and_act1_delivery_integrity.sql:L100@s3b_refresh_puzzle[INSERT explicit column]{DIRECT_OR_COMPUTED} ; database/014_sprint3b_evidence_and_puzzle_integrity.sql:L434@s3b_submit_library_code[INSERT explicit column]{DIRECT_OR_COMPUTED} ; database/015_sprint3c_minimal_safe_teacher_override.sql:L102@teacher_apply_override[INSERT explicit column]{DIRECT_OR_COMPUTED} ; database/033_sprint6_act9_13_runtime.sql:L43@s6_submit_group_choice[INSERT explicit column]{DIRECT_OR_COMPUTED} ; database/034_sprint6_contract_hardening.sql:L13@s6_submit_group_choice[INSERT explicit column]{DIRECT_OR_COMPUTED} ; database/035_sprint6_focused_audit_corrections.sql:L49@s6_submit_group_choice_guarded[INSERT explicit column]{DIRECT_OR_COMPUTED},database/005_sprint3a_scene_pocket_knowledge_foundation.sql:L238@s3_get_player_state[qualified/rowtype field reference] ; database/005_sprint3a_scene_pocket_knowledge_foundation.sql:L238@s3_get_player_state[to_jsonb(row) exposes field] ; database/006_sprint3a_provenance_view_integrity_fix.sql:L147@s3_get_player_state[qualified/rowtype field reference] ; database/006_sprint3a_provenance_view_integrity_fix.sql:L147@s3_get_player_state[to_jsonb(row) exposes field] ; database/068_package_c_authoritative_pocket_inspection.sql:L75@s3_get_player_state[qualified/rowtype field reference] ; database/068_package_c_authoritative_pocket_inspection.sql:L75@s3_get_player_state[to_jsonb(row) exposes field],PENDING,,,
SN044,run_id,s3_player_item_view_state#01,F0193,s3_player_item_view_state,1,database/006_sprint3a_provenance_view_integrity_fix.sql,4,4,2,database/006_sprint3a_provenance_view_integrity_fix.sql:L111@s3_initialize_audit_fixture[INSERT explicit column]{DIRECT_OR_COMPUTED} ; database/007_sprint3b_act1_5_placeholder_flow.sql:L123@s3b_grab[INSERT explicit column]{DIRECT_OR_COMPUTED} ; database/009_sprint3b_act1_consequence_integrity.sql:L61@s3b_add_optional_grab_item[INSERT explicit column]{DIRECT_OR_COMPUTED} ; database/054_level3_integrated_closure.sql:L52@teacher_apply_override[INSERT explicit column]{DIRECT_OR_COMPUTED},database/006_sprint3a_provenance_view_integrity_fix.sql:L144@s3_get_player_state[qualified/rowtype field reference] ; database/068_package_c_authoritative_pocket_inspection.sql:L71@s3_get_player_state[qualified/rowtype field reference],PENDING,,,
SN044,run_id,s3_player_items#01,F0198,s3_player_items,1,database/005_sprint3a_scene_pocket_knowledge_foundation.sql,31,5,6,database/005_sprint3a_scene_pocket_knowledge_foundation.sql:L179@s3_initialize_audit_fixture[INSERT explicit column]{DIRECT_OR_COMPUTED} ; database/006_sprint3a_provenance_view_integrity_fix.sql:L110@s3_initialize_audit_fixture[INSERT explicit column]{DIRECT_OR_COMPUTED} ; database/007_sprint3b_act1_5_placeholder_flow.sql:L122@s3b_grab[INSERT explicit column]{DIRECT_OR_COMPUTED} ; database/009_sprint3b_act1_consequence_integrity.sql:L60@s3b_add_optional_grab_item[INSERT explicit column]{DIRECT_OR_COMPUTED} ; database/054_level3_integrated_closure.sql:L49@teacher_apply_override[INSERT explicit column]{DIRECT_OR_COMPUTED},database/005_sprint3a_scene_pocket_knowledge_foundation.sql:L235@s3_get_player_state[qualified/rowtype field reference] ; database/006_sprint3a_provenance_view_integrity_fix.sql:L144@s3_get_player_state[qualified/rowtype field reference] ; database/043_sprint7_teacher_console.sql:L65@s7_get_teacher_console[qualified/rowtype field reference] ; database/044_sprint7_focused_level1_corrections.sql:L58@s7_get_teacher_console[qualified/rowtype field reference] ; database/054_level3_integrated_closure.sql:L54@teacher_apply_override[qualified/rowtype field reference] ; database/068_package_c_authoritative_pocket_inspection.sql:L71@s3_get_player_state[qualified/rowtype field reference],PENDING,,,
SN044,run_id,s3_player_knowledge#02,F0203,s3_player_knowledge,2,database/005_sprint3a_scene_pocket_knowledge_foundation.sql,50,2,6,database/005_sprint3a_scene_pocket_knowledge_foundation.sql:L147@s3_record_knowledge[INSERT explicit column]{DIRECT_OR_COMPUTED} ; database/006_sprint3a_provenance_view_integrity_fix.sql:L57@s3_record_knowledge[INSERT explicit column]{DIRECT_OR_COMPUTED},database/005_sprint3a_scene_pocket_knowledge_foundation.sql:L239@s3_get_player_state[qualified/rowtype field reference] ; database/005_sprint3a_scene_pocket_knowledge_foundation.sql:L239@s3_get_player_state[to_jsonb(row) exposes field] ; database/006_sprint3a_provenance_view_integrity_fix.sql:L148@s3_get_player_state[qualified/rowtype field reference] ; database/006_sprint3a_provenance_view_integrity_fix.sql:L148@s3_get_player_state[to_jsonb(row) exposes field] ; database/068_package_c_authoritative_pocket_inspection.sql:L76@s3_get_player_state[qualified/rowtype field reference] ; database/068_package_c_authoritative_pocket_inspection.sql:L76@s3_get_player_state[to_jsonb(row) exposes field],PENDING,,,
SN044,run_id,s3_player_observations#01,F0211,s3_player_observations,1,database/005_sprint3a_scene_pocket_knowledge_foundation.sql,39,1,6,database/005_sprint3a_scene_pocket_knowledge_foundation.sql:L121@s3_record_observation[INSERT explicit column]{DIRECT_OR_COMPUTED},database/005_sprint3a_scene_pocket_knowledge_foundation.sql:L236@s3_get_player_state[qualified/rowtype field reference] ; database/005_sprint3a_scene_pocket_knowledge_foundation.sql:L236@s3_get_player_state[to_jsonb(row) exposes field] ; database/006_sprint3a_provenance_view_integrity_fix.sql:L145@s3_get_player_state[qualified/rowtype field reference] ; database/006_sprint3a_provenance_view_integrity_fix.sql:L145@s3_get_player_state[to_jsonb(row) exposes field] ; database/068_package_c_authoritative_pocket_inspection.sql:L73@s3_get_player_state[qualified/rowtype field reference] ; database/068_package_c_authoritative_pocket_inspection.sql:L73@s3_get_player_state[to_jsonb(row) exposes field],PENDING,,,
SN044,run_id,s3_runtime_scene_state#01,F0217,s3_runtime_scene_state,1,database/005_sprint3a_scene_pocket_knowledge_foundation.sql,4,4,34,database/005_sprint3a_scene_pocket_knowledge_foundation.sql:L171@s3_initialize_audit_fixture[INSERT explicit column]{DIRECT_OR_COMPUTED} ; database/006_sprint3a_provenance_view_integrity_fix.sql:L108@s3_initialize_audit_fixture[INSERT explicit column]{DIRECT_OR_COMPUTED} ; database/007_sprint3b_act1_5_placeholder_flow.sql:L65@s3b_set_scene[INSERT explicit column]{DIRECT_OR_COMPUTED} ; database/014_sprint3b_evidence_and_puzzle_integrity.sql:L190@s3b_set_scene[INSERT explicit column]{DIRECT_OR_COMPUTED},database/005_sprint3a_scene_pocket_knowledge_foundation.sql:L234@s3_get_player_state[qualified/rowtype field reference] ; database/005_sprint3a_scene_pocket_knowledge_foundation.sql:L234@s3_get_player_state[to_jsonb(row) exposes field] ; database/006_sprint3a_provenance_view_integrity_fix.sql:L143@s3_get_player_state[qualified/rowtype field reference] ; database/006_sprint3a_provenance_view_integrity_fix.sql:L143@s3_get_player_state[to_jsonb(row) exposes field] ; database/007_sprint3b_act1_5_placeholder_flow.sql:L284@s3b_get_player_state[to_jsonb(row) exposes field] ; database/013_sprint3b_discussion_authority_and_request_identity.sql:L511@s2_get_teacher_state[to_jsonb(row) exposes field] ; database/013_sprint3b_discussion_authority_and_request_identity.sql:L512@s2_get_teacher_state[qualified/rowtype field reference] ; database/014_sprint3b_evidence_and_puzzle_integrity.sql:L153@s3b_log_formal_event[SELECT * INTO row] ; database/014_sprint3b_evidence_and_puzzle_integrity.sql:L185@s3b_set_scene[SELECT * INTO row] ; database/014_sprint3b_evidence_and_puzzle_integrity.sql:L540@s3_share_photo[SELECT * INTO row] ; database/014b_sprint3b_targeted_closure_corrections.sql:L106@s3b_complete_act1[SELECT * INTO row] ; database/014b_sprint3b_targeted_closure_corrections.sql:L112@s3b_submit_first_meeting[SELECT * INTO row] ; database/014b_sprint3b_targeted_closure_corrections.sql:L121@s3b_grab[SELECT * INTO row] ; database/014b_sprint3b_targeted_closure_corrections.sql:L126@s3b_leave_start_room[SELECT * INTO row] ; database/014b_sprint3b_targeted_closure_corrections.sql:L131@s3b_ack_route_update[SELECT * INTO row] ; database/014b_sprint3b_targeted_closure_corrections.sql:L136@s3b_complete_foldback[SELECT * INTO row] ; database/014b_sprint3b_targeted_closure_corrections.sql:L141@s3b_follow_sign[SELECT * INTO row] ; database/014b_sprint3b_targeted_closure_corrections.sql:L147@s3b_submit_act4_choice[SELECT * INTO row] ; database/014b_sprint3b_targeted_closure_corrections.sql:L83@s3b_ack_act1_opening[SELECT * INTO row] ; database/014b_sprint3b_targeted_closure_corrections.sql:L94@s3b_submit_act1_choice[SELECT * INTO row] ; database/015_sprint3c_minimal_safe_teacher_override.sql:L121@s2_get_teacher_state[SELECT * INTO row] ; database/015_sprint3c_minimal_safe_teacher_override.sql:L71@teacher_apply_override[SELECT * INTO row] ; database/017_sprint3c_override_act2_entry_correction.sql:L23@s3b_submit_first_meeting[SELECT * INTO row] ; database/043_sprint7_teacher_console.sql:L18@s7_set_audit_private_debug[SELECT * INTO row] ; database/043_sprint7_teacher_console.sql:L35@s7_get_teacher_console[SELECT * INTO row] ; database/044_sprint7_focused_level1_corrections.sql:L24@s7_get_teacher_console[SELECT * INTO row] ; database/054_level3_integrated_closure.sql:L116@s2_get_teacher_state[SELECT * INTO row] ; database/054_level3_integrated_closure.sql:L22@teacher_apply_override[SELECT * INTO row] ; database/055_level2_override_export_residual_closure.sql:L23@teacher_apply_override[explicit table.column reference] ; database/055_level2_override_export_residual_closure.sql:L23@teacher_apply_override[qualified/rowtype field reference] ; database/056_level2_override_validity_binding_fix.sql:L23@teacher_apply_override[explicit table.column reference] ; database/056_level2_override_validity_binding_fix.sql:L23@teacher_apply_override[qualified/rowtype field reference] ; database/068_package_c_authoritative_pocket_inspection.sql:L70@s3_get_player_state[qualified/rowtype field reference] ; database/068_package_c_authoritative_pocket_inspection.sql:L70@s3_get_player_state[to_jsonb(row) exposes field],PENDING,,,
SN044,run_id,s3_shared_photos#02,F0228,s3_shared_photos,2,database/005_sprint3a_scene_pocket_knowledge_foundation.sql,69,3,26,database/005_sprint3a_scene_pocket_knowledge_foundation.sql:L217@s3_share_photo[INSERT explicit column]{DIRECT_OR_COMPUTED} ; database/006_sprint3a_provenance_view_integrity_fix.sql:L94@s3_share_photo[INSERT explicit column]{DIRECT_OR_COMPUTED} ; database/014_sprint3b_evidence_and_puzzle_integrity.sql:L560@s3_share_photo[INSERT explicit column]{DIRECT_OR_COMPUTED},database/005_sprint3a_scene_pocket_knowledge_foundation.sql:L237@s3_get_player_state[qualified/rowtype field reference] ; database/005_sprint3a_scene_pocket_knowledge_foundation.sql:L237@s3_get_player_state[to_jsonb(row) exposes field] ; database/006_sprint3a_provenance_view_integrity_fix.sql:L146@s3_get_player_state[qualified/rowtype field reference] ; database/006_sprint3a_provenance_view_integrity_fix.sql:L146@s3_get_player_state[to_jsonb(row) exposes field] ; database/043_sprint7_teacher_console.sql:L45@s7_get_teacher_console[qualified/rowtype field reference] ; database/043_sprint7_teacher_console.sql:L49@s7_get_teacher_console[qualified/rowtype field reference] ; database/043_sprint7_teacher_console.sql:L50@s7_get_teacher_console[qualified/rowtype field reference] ; database/043_sprint7_teacher_console.sql:L51@s7_get_teacher_console[qualified/rowtype field reference] ; database/043_sprint7_teacher_console.sql:L52@s7_get_teacher_console[qualified/rowtype field reference] ; database/043_sprint7_teacher_console.sql:L53@s7_get_teacher_console[qualified/rowtype field reference] ; database/043_sprint7_teacher_console.sql:L55@s7_get_teacher_console[qualified/rowtype field reference] ; database/043_sprint7_teacher_console.sql:L56@s7_get_teacher_console[qualified/rowtype field reference] ; database/043_sprint7_teacher_console.sql:L67@s7_get_teacher_console[qualified/rowtype field reference] ; database/044_sprint7_focused_level1_corrections.sql:L35@s7_get_teacher_console[qualified/rowtype field reference] ; database/044_sprint7_focused_level1_corrections.sql:L39@s7_get_teacher_console[qualified/rowtype field reference] ; database/044_sprint7_focused_level1_corrections.sql:L40@s7_get_teacher_console[qualified/rowtype field reference] ; database/044_sprint7_focused_level1_corrections.sql:L41@s7_get_teacher_console[qualified/rowtype field reference] ; database/044_sprint7_focused_level1_corrections.sql:L42@s7_get_teacher_console[qualified/rowtype field reference] ; database/044_sprint7_focused_level1_corrections.sql:L43@s7_get_teacher_console[qualified/rowtype field reference] ; database/044_sprint7_focused_level1_corrections.sql:L46@s7_get_teacher_console[qualified/rowtype field reference] ; database/044_sprint7_focused_level1_corrections.sql:L47@s7_get_teacher_console[qualified/rowtype field reference] ; database/044_sprint7_focused_level1_corrections.sql:L50@s7_get_teacher_console[qualified/rowtype field reference] ; database/044_sprint7_focused_level1_corrections.sql:L51@s7_get_teacher_console[qualified/rowtype field reference] ; database/044_sprint7_focused_level1_corrections.sql:L58@s7_get_teacher_console[qualified/rowtype field reference] ; database/068_package_c_authoritative_pocket_inspection.sql:L74@s3_get_player_state[qualified/rowtype field reference] ; database/068_package_c_authoritative_pocket_inspection.sql:L74@s3_get_player_state[to_jsonb(row) exposes field],PENDING,,,
SN044,run_id,s3b_library_attempts#01,F0235,s3b_library_attempts,1,database/007_sprint3b_act1_5_placeholder_flow.sql,35,2,1,database/007_sprint3b_act1_5_placeholder_flow.sql:L223@s3b_submit_library_code[INSERT positional/all columns]{POSITIONAL_WRITE} ; database/014_sprint3b_evidence_and_puzzle_integrity.sql:L424@s3b_submit_library_code[INSERT explicit column]{DIRECT_OR_COMPUTED},database/014_sprint3b_evidence_and_puzzle_integrity.sql:L389@s3b_submit_library_code[SELECT * INTO row],PENDING,,,
SN044,run_id,s3b_player_facts#01,F0242,s3b_player_facts,1,database/009_sprint3b_act1_consequence_integrity.sql,4,19,0,database/009_sprint3b_act1_consequence_integrity.sql:L29@s3b_apply_act1_consequence[INSERT positional/all columns]{POSITIONAL_WRITE} ; database/009_sprint3b_act1_consequence_integrity.sql:L31@s3b_apply_act1_consequence[INSERT positional/all columns]{POSITIONAL_WRITE} ; database/009_sprint3b_act1_consequence_integrity.sql:L32@s3b_apply_act1_consequence[INSERT positional/all columns]{POSITIONAL_WRITE} ; database/009_sprint3b_act1_consequence_integrity.sql:L33@s3b_apply_act1_consequence[INSERT positional/all columns]{POSITIONAL_WRITE} ; database/009_sprint3b_act1_consequence_integrity.sql:L34@s3b_apply_act1_consequence[INSERT positional/all columns]{POSITIONAL_WRITE} ; database/009_sprint3b_act1_consequence_integrity.sql:L36@s3b_apply_act1_consequence[INSERT positional/all columns]{POSITIONAL_WRITE} ; database/009_sprint3b_act1_consequence_integrity.sql:L38@s3b_apply_act1_consequence[INSERT positional/all columns]{POSITIONAL_WRITE} ; database/009_sprint3b_act1_consequence_integrity.sql:L39@s3b_apply_act1_consequence[INSERT positional/all columns]{POSITIONAL_WRITE} ; database/009_sprint3b_act1_consequence_integrity.sql:L40@s3b_apply_act1_consequence[INSERT positional/all columns]{POSITIONAL_WRITE} ; database/009_sprint3b_act1_consequence_integrity.sql:L41@s3b_apply_act1_consequence[INSERT positional/all columns]{POSITIONAL_WRITE} ; database/009_sprint3b_act1_consequence_integrity.sql:L43@s3b_apply_act1_consequence[INSERT positional/all columns]{POSITIONAL_WRITE} ; database/009_sprint3b_act1_consequence_integrity.sql:L44@s3b_apply_act1_consequence[INSERT positional/all columns]{POSITIONAL_WRITE} ; database/009_sprint3b_act1_consequence_integrity.sql:L45@s3b_apply_act1_consequence[INSERT positional/all columns]{POSITIONAL_WRITE} ; database/009_sprint3b_act1_consequence_integrity.sql:L46@s3b_apply_act1_consequence[INSERT positional/all columns]{POSITIONAL_WRITE} ; database/009_sprint3b_act1_consequence_integrity.sql:L47@s3b_apply_act1_consequence[INSERT positional/all columns]{POSITIONAL_WRITE} ; database/068_package_c_authoritative_pocket_inspection.sql:L31@s9_inspect_pocket_item[INSERT positional/all columns]{POSITIONAL_WRITE} ; database/068_package_c_authoritative_pocket_inspection.sql:L34@s9_inspect_pocket_item[INSERT positional/all columns]{POSITIONAL_WRITE} ; database/068_package_c_authoritative_pocket_inspection.sql:L54@s3_set_item_view[INSERT positional/all columns]{POSITIONAL_WRITE} ; database/068_package_c_authoritative_pocket_inspection.sql:L57@s3_set_item_view[INSERT positional/all columns]{POSITIONAL_WRITE},,PENDING,,,
SN044,run_id,s3b_player_progress#01,F0246,s3b_player_progress,1,database/007_sprint3b_act1_5_placeholder_flow.sql,20,1,15,database/007_sprint3b_act1_5_placeholder_flow.sql:L78@s3b_initialize_flow[INSERT explicit column]{DIRECT_OR_COMPUTED},database/007_sprint3b_act1_5_placeholder_flow.sql:L286@s3b_get_player_state[to_jsonb(row) exposes field] ; database/007_sprint3b_act1_5_placeholder_flow.sql:L288@s3b_get_player_state[qualified/rowtype field reference] ; database/007_sprint3b_act1_5_placeholder_flow.sql:L290@s3b_get_player_state[qualified/rowtype field reference] ; database/011_sprint3b_transition_and_act1_delivery_integrity.sql:L111@s3b_get_player_state[qualified/rowtype field reference] ; database/011_sprint3b_transition_and_act1_delivery_integrity.sql:L32@s3b_initialize_flow[qualified/rowtype field reference] ; database/014b_sprint3b_targeted_closure_corrections.sql:L34@s3b_initialize_flow[qualified/rowtype field reference] ; database/017_sprint3c_override_act2_entry_correction.sql:L27@s3b_submit_first_meeting[SELECT * INTO row] ; database/043_sprint7_teacher_console.sql:L59@s7_get_teacher_console[qualified/rowtype field reference] ; database/044_sprint7_focused_level1_corrections.sql:L55@s7_get_teacher_console[qualified/rowtype field reference] ; database/052_sprint8_exact_player_override_accounting.sql:L20@s8_verify_integrity[qualified/rowtype field reference] ; database/052_sprint8_exact_player_override_accounting.sql:L33@s8_verify_integrity[qualified/rowtype field reference] ; database/052_sprint8_exact_player_override_accounting.sql:L46@s8_verify_integrity[qualified/rowtype field reference] ; database/060_package_a_ca_a_bounded_corrections.sql:L84@s9_enter_act6[SELECT * INTO row] ; database/061_package_a_act6_entry_timer_barrier.sql:L59@s9_enter_act6[SELECT * INTO row] ; database/063_package_a_player_entry_column_fix.sql:L34@s9_enter_act6[SELECT * INTO row],PENDING,,,
SN044,run_id,s3b_post_inspection_route_votes#02,F0269,s3b_post_inspection_route_votes,2,database/014_sprint3b_evidence_and_puzzle_integrity.sql,74,1,2,database/014_sprint3b_evidence_and_puzzle_integrity.sql:L488@s3b_submit_post_inspection_route_vote[INSERT explicit column]{DIRECT_OR_COMPUTED},database/014_sprint3b_evidence_and_puzzle_integrity.sql:L470@s3b_submit_post_inspection_route_vote[SELECT * INTO row] ; database/014_sprint3b_evidence_and_puzzle_integrity.sql:L608@s3b_get_player_state[qualified/rowtype field reference],PENDING,,,
SN044,run_id,s3b_run_state#01,F0277,s3b_run_state,1,database/007_sprint3b_act1_5_placeholder_flow.sql,4,1,10,database/007_sprint3b_act1_5_placeholder_flow.sql:L77@s3b_initialize_flow[INSERT explicit column]{DIRECT_OR_COMPUTED},database/007_sprint3b_act1_5_placeholder_flow.sql:L285@s3b_get_player_state[to_jsonb(row) exposes field] ; database/010_sprint3b_flow_integrity_and_inspect_fix.sql:L85@s3b_refresh_puzzle[SELECT * INTO row] ; database/011_sprint3b_transition_and_act1_delivery_integrity.sql:L100@s3b_refresh_puzzle[SELECT * INTO row] ; database/011_sprint3b_transition_and_act1_delivery_integrity.sql:L92@s3b_submit_library_code[SELECT * INTO row] ; database/013_sprint3b_discussion_authority_and_request_identity.sql:L106@s3b_apply_resolved_discussion_internal[SELECT * INTO row] ; database/014_sprint3b_evidence_and_puzzle_integrity.sql:L407@s3b_submit_library_code[SELECT * INTO row] ; database/014a_sprint3b_inspect_reconnect_idempotency_fix.sql:L32@s3b_apply_resolved_discussion_internal[SELECT * INTO row] ; database/048_sprint8_focused_level1_corrections.sql:L35@s8_finalize[SELECT * INTO row] ; database/049_sprint8_final_closure.sql:L72@s8_verify_integrity[SELECT * INTO row] ; database/054_level3_integrated_closure.sql:L129@s8_verify_integrity[SELECT * INTO row],PENDING,,,
SN044,run_id,s5_act8_private_choices#01,F0292,s5_act8_private_choices,1,database/027_sprint5_act6_8_runtime.sql,22,1,3,database/027_sprint5_act6_8_runtime.sql:L81@s5_submit_private_choice[INSERT explicit column]{DIRECT_OR_COMPUTED},database/027_sprint5_act6_8_runtime.sql:L79@s5_submit_private_choice[SELECT * INTO row] ; database/027_sprint5_act6_8_runtime.sql:L88@s5_get_player_state[qualified/rowtype field reference] ; database/029_sprint5_canonical_discussion_localization.sql:L92@s5_get_discussion_state[qualified/rowtype field reference],PENDING,,,
SN044,run_id,s5_rounds#02,F0298,s5_rounds,2,database/027_sprint5_act6_8_runtime.sql,17,9,8,database/027_sprint5_act6_8_runtime.sql:L42@s5_initialize[INSERT explicit column]{DIRECT_OR_COMPUTED} ; database/027_sprint5_act6_8_runtime.sql:L59@s5_submit_vote[INSERT explicit column]{DIRECT_OR_COMPUTED} ; database/027_sprint5_act6_8_runtime.sql:L65@s5_submit_vote[INSERT explicit column]{DIRECT_OR_COMPUTED} ; database/027_sprint5_act6_8_runtime.sql:L72@s5_advance[INSERT explicit column]{DIRECT_OR_COMPUTED} ; database/027_sprint5_act6_8_runtime.sql:L82@s5_submit_private_choice[INSERT explicit column]{DIRECT_OR_COMPUTED} ; database/037_level3_independent_audit_closure.sql:L95@s5_ensure_initialized[INSERT explicit column]{DIRECT_OR_COMPUTED} ; database/039_level3_s5_canonical_discussion_fix.sql:L13@s5_ensure_initialized[INSERT explicit column]{DIRECT_OR_COMPUTED} ; database/061_package_a_act6_entry_timer_barrier.sql:L13@s5_ensure_initialized[INSERT explicit column]{DIRECT_OR_COMPUTED} ; database/062_package_a_prepared_event_fk_fix.sql:L14@s5_ensure_initialized[INSERT explicit column]{DIRECT_OR_COMPUTED},database/027_sprint5_act6_8_runtime.sql:L49@s5_submit_vote[SELECT * INTO row] ; database/029_sprint5_canonical_discussion_localization.sql:L24@s5_configure_discussion[qualified/rowtype field reference] ; database/029_sprint5_canonical_discussion_localization.sql:L85@s5_get_player_state[qualified/rowtype field reference] ; database/029_sprint5_canonical_discussion_localization.sql:L89@s5_get_discussion_state[qualified/rowtype field reference] ; database/030_sprint5_exact_session_messages.sql:L10@s5_send_message[qualified/rowtype field reference] ; database/031_sprint5_focused_reaudit_corrections.sql:L30@s5_get_teacher_discussion_state[qualified/rowtype field reference] ; database/032_sprint5_discussion_creation_restore.sql:L10@s5_configure_discussion[qualified/rowtype field reference] ; database/053_sprint8_act6_effective_round_integrity.sql:L33@s8_verify_integrity[qualified/rowtype field reference],PENDING,,,
SN044,run_id,s5_run_state#01,F0306,s5_run_state,1,database/027_sprint5_act6_8_runtime.sql,2,5,21,database/027_sprint5_act6_8_runtime.sql:L42@s5_initialize[INSERT explicit column]{DIRECT_OR_COMPUTED} ; database/037_level3_independent_audit_closure.sql:L92@s5_ensure_initialized[INSERT explicit column]{DIRECT_OR_COMPUTED} ; database/039_level3_s5_canonical_discussion_fix.sql:L10@s5_ensure_initialized[INSERT explicit column]{DIRECT_OR_COMPUTED} ; database/061_package_a_act6_entry_timer_barrier.sql:L10@s5_ensure_initialized[INSERT explicit column]{DIRECT_OR_COMPUTED} ; database/062_package_a_prepared_event_fk_fix.sql:L11@s5_ensure_initialized[INSERT explicit column]{DIRECT_OR_COMPUTED},database/027_sprint5_act6_8_runtime.sql:L47@s5_submit_vote[SELECT * INTO row] ; database/027_sprint5_act6_8_runtime.sql:L71@s5_advance[SELECT * INTO row] ; database/027_sprint5_act6_8_runtime.sql:L79@s5_submit_private_choice[SELECT * INTO row] ; database/027_sprint5_act6_8_runtime.sql:L86@s5_get_player_state[SELECT * INTO row] ; database/027_sprint5_act6_8_runtime.sql:L89@s5_get_player_state[to_jsonb(row) exposes field] ; database/029_sprint5_canonical_discussion_localization.sql:L57@s5_submit_vote[SELECT * INTO row] ; database/029_sprint5_canonical_discussion_localization.sql:L73@s5_advance[SELECT * INTO row] ; database/029_sprint5_canonical_discussion_localization.sql:L79@s5_submit_private_choice[SELECT * INTO row] ; database/029_sprint5_canonical_discussion_localization.sql:L85@s5_get_player_state[SELECT * INTO row] ; database/029_sprint5_canonical_discussion_localization.sql:L89@s5_get_discussion_state[SELECT * INTO row] ; database/029_sprint5_canonical_discussion_localization.sql:L98@s5_audit_expire_discussion[SELECT * INTO row] ; database/030_sprint5_exact_session_messages.sql:L8@s5_send_message[SELECT * INTO row] ; database/043_sprint7_teacher_console.sql:L37@s7_get_teacher_console[SELECT * INTO row] ; database/043_sprint7_teacher_console.sql:L38@s7_get_teacher_console[qualified/rowtype field reference] ; database/044_sprint7_focused_level1_corrections.sql:L26@s7_get_teacher_console[SELECT * INTO row] ; database/044_sprint7_focused_level1_corrections.sql:L27@s7_get_teacher_console[qualified/rowtype field reference] ; database/049_sprint8_final_closure.sql:L73@s8_verify_integrity[SELECT * INTO row] ; database/054_level3_integrated_closure.sql:L129@s8_verify_integrity[SELECT * INTO row] ; database/059_structural_lifecycle_transition_spine.sql:L64@s9_enter_act6[SELECT * INTO row] ; database/061_package_a_act6_entry_timer_barrier.sql:L57@s9_enter_act6[SELECT * INTO row] ; database/063_package_a_player_entry_column_fix.sql:L32@s9_enter_act6[SELECT * INTO row],PENDING,,,
SN044,run_id,s5_votes#01,F0316,s5_votes,1,database/027_sprint5_act6_8_runtime.sql,10,1,2,database/027_sprint5_act6_8_runtime.sql:L52@s5_submit_vote[INSERT explicit column]{DIRECT_OR_COMPUTED},database/027_sprint5_act6_8_runtime.sql:L48@s5_submit_vote[SELECT * INTO row] ; database/031_sprint5_focused_reaudit_corrections.sql:L30@s5_get_teacher_discussion_state[qualified/rowtype field reference],PENDING,,,
SN044,run_id,s6_action_receipts#01,F0323,s6_action_receipts,1,database/035_sprint6_focused_audit_corrections.sql,9,9,0,database/035_sprint6_focused_audit_corrections.sql:L40@s6_send_message_guarded[INSERT positional/all columns]{POSITIONAL_WRITE} ; database/035_sprint6_focused_audit_corrections.sql:L55@s6_submit_group_choice_guarded[INSERT positional/all columns]{POSITIONAL_WRITE} ; database/035_sprint6_focused_audit_corrections.sql:L57@s6_submit_private_choice_guarded[INSERT positional/all columns]{POSITIONAL_WRITE} ; database/035_sprint6_focused_audit_corrections.sql:L59@s6_advance_guarded[INSERT positional/all columns]{POSITIONAL_WRITE} ; database/035_sprint6_focused_audit_corrections.sql:L61@s6_submit_allocation_guarded[INSERT positional/all columns]{POSITIONAL_WRITE} ; database/035_sprint6_focused_audit_corrections.sql:L63@s6_complete_station_guarded[INSERT positional/all columns]{POSITIONAL_WRITE} ; database/035_sprint6_focused_audit_corrections.sql:L67@s6_engage_guarded[INSERT positional/all columns]{POSITIONAL_WRITE} ; database/036_sprint6_four_open_findings.sql:L16@s6_close_discussion_v2[INSERT positional/all columns]{POSITIONAL_WRITE} ; database/036_sprint6_four_open_findings.sql:L25@s6_complete_station_v2[INSERT positional/all columns]{POSITIONAL_WRITE},,PENDING,,,
SN044,run_id,s6_allocation_attempts#02,F0331,s6_allocation_attempts,2,database/035_sprint6_focused_audit_corrections.sql,15,1,0,database/035_sprint6_focused_audit_corrections.sql:L61@s6_submit_allocation_guarded[INSERT explicit column]{DIRECT_OR_COMPUTED},,PENDING,,,
SN044,run_id,s6_allocations#01,F0337,s6_allocations,1,database/033_sprint6_act9_13_runtime.sql,16,3,3,database/033_sprint6_act9_13_runtime.sql:L53@s6_submit_allocation[INSERT positional/all columns]{POSITIONAL_WRITE} ; database/034_sprint6_contract_hardening.sql:L23@s6_submit_allocation[INSERT positional/all columns]{POSITIONAL_WRITE} ; database/035_sprint6_focused_audit_corrections.sql:L61@s6_submit_allocation_guarded[INSERT positional/all columns]{POSITIONAL_WRITE},database/033_sprint6_act9_13_runtime.sql:L53@s6_submit_allocation[qualified/rowtype field reference] ; database/034_sprint6_contract_hardening.sql:L23@s6_submit_allocation[qualified/rowtype field reference] ; database/035_sprint6_focused_audit_corrections.sql:L61@s6_submit_allocation_guarded[qualified/rowtype field reference],PENDING,,,
SN044,run_id,s6_audio_occurrences#02,F0347,s6_audio_occurrences,2,database/037_level3_independent_audit_closure.sql,23,1,3,database/037_level3_independent_audit_closure.sql:L63@act6_13_prepare_s6_state[INSERT explicit column]{DIRECT_OR_COMPUTED},database/037_level3_independent_audit_closure.sql:L170@s6_mark_audio_consumed[SELECT * INTO row] ; database/046_sprint8_act14_finalization_export.sql:L42@s8_finalize[qualified/rowtype field reference] ; database/048_sprint8_focused_level1_corrections.sql:L50@s8_finalize[qualified/rowtype field reference],PENDING,,,
SN044,run_id,s6_choices#01,F0352,s6_choices,1,database/033_sprint6_act9_13_runtime.sql,15,6,8,database/033_sprint6_act9_13_runtime.sql:L40@s6_submit_group_choice[INSERT positional/all columns]{POSITIONAL_WRITE} ; database/033_sprint6_act9_13_runtime.sql:L49@s6_submit_private_choice[INSERT positional/all columns]{POSITIONAL_WRITE} ; database/034_sprint6_contract_hardening.sql:L10@s6_submit_group_choice[INSERT positional/all columns]{POSITIONAL_WRITE} ; database/034_sprint6_contract_hardening.sql:L20@s6_submit_private_choice[INSERT positional/all columns]{POSITIONAL_WRITE} ; database/035_sprint6_focused_audit_corrections.sql:L46@s6_submit_group_choice_guarded[INSERT positional/all columns]{POSITIONAL_WRITE} ; database/035_sprint6_focused_audit_corrections.sql:L57@s6_submit_private_choice_guarded[INSERT positional/all columns]{POSITIONAL_WRITE},database/034_sprint6_contract_hardening.sql:L25@s6_get_player_state[qualified/rowtype field reference] ; database/035_sprint6_focused_audit_corrections.sql:L72@s6_get_player_state[qualified/rowtype field reference] ; database/036_sprint6_four_open_findings.sql:L29@s6_get_player_state[qualified/rowtype field reference] ; database/037_level3_independent_audit_closure.sql:L179@s6_get_player_state[qualified/rowtype field reference] ; database/049_sprint8_final_closure.sql:L115@s8_verify_integrity[qualified/rowtype field reference] ; database/065_package_b_player_wait_projection.sql:L11@s9_get_player_wait_state[SELECT * INTO row] ; database/066_package_b_wait_projection_locked_at_fix.sql:L11@s9_get_player_wait_state[SELECT * INTO row] ; database/067_package_b_allocation_progress_fix.sql:L11@s9_get_player_wait_state[SELECT * INTO row],PENDING,,,
SN044,run_id,s6_engagements#01,F0362,s6_engagements,1,database/033_sprint6_act9_13_runtime.sql,17,3,0,database/033_sprint6_act9_13_runtime.sql:L55@s6_engage[INSERT positional/all columns]{POSITIONAL_WRITE} ; database/035_sprint6_focused_audit_corrections.sql:L65@s6_engage[INSERT positional/all columns]{POSITIONAL_WRITE} ; database/035_sprint6_focused_audit_corrections.sql:L67@s6_engage_guarded[INSERT positional/all columns]{POSITIONAL_WRITE},,PENDING,,,
SN044,run_id,s6_private_clues#01,F0366,s6_private_clues,1,database/033_sprint6_act9_13_runtime.sql,14,1,0,database/033_sprint6_act9_13_runtime.sql:L30@s6_deliver_clues[INSERT positional/all columns]{POSITIONAL_WRITE},,PENDING,,,
SN044,run_id,s6_run_state#01,F0372,s6_run_state,1,database/033_sprint6_act9_13_runtime.sql,3,3,15,database/033_sprint6_act9_13_runtime.sql:L33@s6_initialize[INSERT explicit column]{DIRECT_OR_COMPUTED} ; database/035_sprint6_focused_audit_corrections.sql:L38@s6_initialize[INSERT explicit column]{DIRECT_OR_COMPUTED} ; database/037_level3_independent_audit_closure.sql:L109@s6_ensure_initialized[INSERT explicit column]{DIRECT_OR_COMPUTED},database/033_sprint6_act9_13_runtime.sql:L57@s6_get_player_state[to_jsonb(row) exposes field] ; database/034_sprint6_contract_hardening.sql:L25@s6_get_player_state[to_jsonb(row) exposes field] ; database/035_sprint6_focused_audit_corrections.sql:L72@s6_get_player_state[to_jsonb(row) exposes field] ; database/036_sprint6_four_open_findings.sql:L29@s6_get_player_state[to_jsonb(row) exposes field] ; database/037_level3_independent_audit_closure.sql:L144@s6_refresh_owned_discussion[SELECT * INTO row] ; database/037_level3_independent_audit_closure.sql:L179@s6_get_player_state[to_jsonb(row) exposes field] ; database/043_sprint7_teacher_console.sql:L36@s7_get_teacher_console[SELECT * INTO row] ; database/044_sprint7_focused_level1_corrections.sql:L25@s7_get_teacher_console[SELECT * INTO row] ; database/046_sprint8_act14_finalization_export.sql:L34@s8_finalize[SELECT * INTO row] ; database/048_sprint8_focused_level1_corrections.sql:L33@s8_finalize[SELECT * INTO row] ; database/049_sprint8_final_closure.sql:L74@s8_verify_integrity[SELECT * INTO row] ; database/054_level3_integrated_closure.sql:L129@s8_verify_integrity[SELECT * INTO row] ; database/065_package_b_player_wait_projection.sql:L9@s9_get_player_wait_state[SELECT * INTO row] ; database/066_package_b_wait_projection_locked_at_fix.sql:L9@s9_get_player_wait_state[SELECT * INTO row] ; database/067_package_b_allocation_progress_fix.sql:L9@s9_get_player_wait_state[SELECT * INTO row],PENDING,,,
SN044,run_id,s6_station_b_progress#01,F0395,s6_station_b_progress,1,database/036_sprint6_four_open_findings.sql,3,1,0,database/036_sprint6_four_open_findings.sql:L25@s6_complete_station_v2[INSERT explicit column]{DIRECT_OR_COMPUTED},,PENDING,,,
SN044,run_id,s6_station_tasks#01,F0400,s6_station_tasks,1,database/035_sprint6_focused_audit_corrections.sql,19,2,0,database/035_sprint6_focused_audit_corrections.sql:L63@s6_complete_station_guarded[INSERT positional/all columns]{POSITIONAL_WRITE} ; database/036_sprint6_four_open_findings.sql:L25@s6_complete_station_v2[INSERT positional/all columns]{POSITIONAL_WRITE},,PENDING,,,
SN044,run_id,s8_finalizations#01,F0405,s8_finalizations,1,database/046_sprint8_act14_finalization_export.sql,10,3,9,database/046_sprint8_act14_finalization_export.sql:L54@s8_finalize[INSERT explicit column]{DIRECT_OR_COMPUTED} ; database/048_sprint8_focused_level1_corrections.sql:L70@s8_finalize[INSERT explicit column]{DIRECT_OR_COMPUTED} ; database/049_sprint8_final_closure.sql:L166@s8_finalize[INSERT explicit column]{DIRECT_OR_COMPUTED},database/046_sprint8_act14_finalization_export.sql:L28@s8_finalize[SELECT * INTO row] ; database/046_sprint8_act14_finalization_export.sql:L67@s8_get_player_state[SELECT * INTO row] ; database/048_sprint8_focused_level1_corrections.sql:L26@s8_finalize[SELECT * INTO row] ; database/048_sprint8_focused_level1_corrections.sql:L30@s8_finalize[SELECT * INTO row] ; database/048_sprint8_focused_level1_corrections.sql:L85@s8_get_player_state[SELECT * INTO row] ; database/049_sprint8_final_closure.sql:L158@s8_finalize[SELECT * INTO row] ; database/049_sprint8_final_closure.sql:L193@s8_export_session[explicit table.column reference] ; database/049_sprint8_final_closure.sql:L193@s8_export_session[qualified/rowtype field reference] ; database/050_sprint8_act2_verifier_projection_fix.sql:L50@s8_export_session[qualified/rowtype field reference],PENDING,,,
SN044,run_id,s9_pocket_item_inspections#01,F0411,s9_pocket_item_inspections,1,database/068_package_c_authoritative_pocket_inspection.sql,4,1,1,database/068_package_c_authoritative_pocket_inspection.sql:L25@s9_inspect_pocket_item[INSERT explicit column]{DIRECT_OR_COMPUTED},database/068_package_c_authoritative_pocket_inspection.sql:L72@s3_get_player_state[qualified/rowtype field reference],PENDING,,,
SN044,run_id,teacher_override_validity#02,F0416,teacher_override_validity,2,database/015_sprint3c_minimal_safe_teacher_override.sql,21,6,6,database/015_sprint3c_minimal_safe_teacher_override.sql:L80@teacher_apply_override[INSERT explicit column]{DIRECT_OR_COMPUTED} ; database/054_level3_integrated_closure.sql:L29@teacher_apply_override[INSERT explicit column]{DIRECT_OR_COMPUTED} ; database/054_level3_integrated_closure.sql:L43@teacher_apply_override[INSERT explicit column]{DIRECT_OR_COMPUTED} ; database/054_level3_integrated_closure.sql:L82@teacher_apply_override[INSERT explicit column]{DIRECT_OR_COMPUTED} ; database/055_level2_override_export_residual_closure.sql:L44@teacher_apply_override[INSERT explicit column]{DIRECT_OR_COMPUTED} ; database/056_level2_override_validity_binding_fix.sql:L44@teacher_apply_override[INSERT explicit column]{DIRECT_OR_COMPUTED},database/052_sprint8_exact_player_override_accounting.sql:L16@s8_verify_integrity[qualified/rowtype field reference] ; database/052_sprint8_exact_player_override_accounting.sql:L18@s8_verify_integrity[qualified/rowtype field reference] ; database/052_sprint8_exact_player_override_accounting.sql:L29@s8_verify_integrity[qualified/rowtype field reference] ; database/052_sprint8_exact_player_override_accounting.sql:L31@s8_verify_integrity[qualified/rowtype field reference] ; database/052_sprint8_exact_player_override_accounting.sql:L42@s8_verify_integrity[qualified/rowtype field reference] ; database/052_sprint8_exact_player_override_accounting.sql:L44@s8_verify_integrity[qualified/rowtype field reference],PENDING,,,
SN044,run_id,teacher_overrides#02,F0422,teacher_overrides,2,database/015_sprint3c_minimal_safe_teacher_override.sql,5,11,13,database/015_sprint3c_minimal_safe_teacher_override.sql:L77@teacher_apply_override[INSERT positional/all columns]{POSITIONAL_WRITE} ; database/015_sprint3c_minimal_safe_teacher_override.sql:L90@teacher_apply_override[INSERT positional/all columns]{POSITIONAL_WRITE} ; database/015_sprint3c_minimal_safe_teacher_override.sql:L98@teacher_apply_override[INSERT positional/all columns]{POSITIONAL_WRITE} ; database/054_level3_integrated_closure.sql:L28@teacher_apply_override[INSERT positional/all columns]{POSITIONAL_WRITE} ; database/054_level3_integrated_closure.sql:L42@teacher_apply_override[INSERT positional/all columns]{POSITIONAL_WRITE} ; database/054_level3_integrated_closure.sql:L62@teacher_apply_override[INSERT positional/all columns]{POSITIONAL_WRITE} ; database/054_level3_integrated_closure.sql:L69@teacher_apply_override[INSERT positional/all columns]{POSITIONAL_WRITE} ; database/054_level3_integrated_closure.sql:L74@teacher_apply_override[INSERT positional/all columns]{POSITIONAL_WRITE} ; database/054_level3_integrated_closure.sql:L81@teacher_apply_override[INSERT positional/all columns]{POSITIONAL_WRITE} ; database/054_level3_integrated_closure.sql:L90@teacher_apply_override[INSERT positional/all columns]{POSITIONAL_WRITE} ; database/054_level3_integrated_closure.sql:L97@teacher_apply_override[INSERT positional/all columns]{POSITIONAL_WRITE},database/043_sprint7_teacher_console.sql:L66@s7_get_teacher_console[qualified/rowtype field reference] ; database/043_sprint7_teacher_console.sql:L81@s7_get_teacher_console[qualified/rowtype field reference] ; database/043_sprint7_teacher_console.sql:L81@s7_get_teacher_console[to_jsonb(row) exposes field] ; database/044_sprint7_focused_level1_corrections.sql:L58@s7_get_teacher_console[qualified/rowtype field reference] ; database/044_sprint7_focused_level1_corrections.sql:L65@s7_get_teacher_console[qualified/rowtype field reference] ; database/044_sprint7_focused_level1_corrections.sql:L65@s7_get_teacher_console[to_jsonb(row) exposes field] ; database/047_sprint8_export_completeness.sql:L32@s8_export_session[qualified/rowtype field reference] ; database/047_sprint8_export_completeness.sql:L35@s8_export_session[qualified/rowtype field reference] ; database/048_sprint8_focused_level1_corrections.sql:L117@s8_export_session[qualified/rowtype field reference] ; database/048_sprint8_focused_level1_corrections.sql:L119@s8_export_session[qualified/rowtype field reference] ; database/054_level3_integrated_closure.sql:L17@teacher_apply_override[qualified/rowtype field reference] ; database/055_level2_override_export_residual_closure.sql:L18@teacher_apply_override[qualified/rowtype field reference] ; database/056_level2_override_validity_binding_fix.sql:L18@teacher_apply_override[qualified/rowtype field reference],PENDING,,,
SN045,scene_id,asset_candidates#05,F0014,asset_candidates,5,database/018_sprint4_asset_manager_v2.sql,11,2,17,database/018_sprint4_asset_manager_v2.sql:L48@asset_manager_register_candidate[INSERT explicit column]{DIRECT_OR_COMPUTED} ; database/019_sprint4_teacher_authority_correction.sql:L48@asset_manager_register_candidate[INSERT explicit column]{DIRECT_OR_COMPUTED},database/018_sprint4_asset_manager_v2.sql:L57@asset_manager_review[SELECT * INTO row] ; database/018_sprint4_asset_manager_v2.sql:L64@asset_manager_mark_published[SELECT * INTO row] ; database/018_sprint4_asset_manager_v2.sql:L70@asset_manager_activate[SELECT * INTO row] ; database/018_sprint4_asset_manager_v2.sql:L77@asset_resolve[SELECT * INTO row] ; database/018_sprint4_asset_manager_v2.sql:L81@asset_manager_state[to_jsonb(row) exposes field] ; database/019_sprint4_teacher_authority_correction.sql:L57@asset_manager_review[SELECT * INTO row] ; database/019_sprint4_teacher_authority_correction.sql:L64@asset_manager_mark_published[SELECT * INTO row] ; database/019_sprint4_teacher_authority_correction.sql:L70@asset_manager_activate[SELECT * INTO row] ; database/019_sprint4_teacher_authority_correction.sql:L77@asset_resolve[SELECT * INTO row] ; database/019_sprint4_teacher_authority_correction.sql:L81@asset_manager_state[to_jsonb(row) exposes field] ; database/021_sprint4_anchor_and_activation_controls.sql:L20@asset_manager_rollback[SELECT * INTO row] ; database/021_sprint4_anchor_and_activation_controls.sql:L8@asset_manager_save_anchors[SELECT * INTO row] ; database/022_sprint4_paired_activation_gate.sql:L10@asset_manager_activate[SELECT * INTO row] ; database/023_sprint4_rollback_state_correction.sql:L8@asset_manager_rollback[SELECT * INTO row] ; database/024_sprint4_level1_narrow_corrections.sql:L38@asset_manager_import_candidate[SELECT * INTO row] ; database/024_sprint4_level1_narrow_corrections.sql:L41@asset_manager_submit_for_review[SELECT * INTO row] ; database/025_sprint4_two_narrow_blockers.sql:L13@asset_manager_import_candidate[SELECT * INTO row],PENDING,,,
SN045,scene_id,asset_registry_projection#05,F0053,asset_registry_projection,5,database/018_sprint4_asset_manager_v2.sql,3,0,10,,database/018_sprint4_asset_manager_v2.sql:L44@asset_manager_register_candidate[SELECT * INTO row] ; database/018_sprint4_asset_manager_v2.sql:L70@asset_manager_activate[SELECT * INTO row] ; database/018_sprint4_asset_manager_v2.sql:L76@asset_resolve[SELECT * INTO row] ; database/018_sprint4_asset_manager_v2.sql:L81@asset_manager_state[to_jsonb(row) exposes field] ; database/019_sprint4_teacher_authority_correction.sql:L44@asset_manager_register_candidate[SELECT * INTO row] ; database/019_sprint4_teacher_authority_correction.sql:L70@asset_manager_activate[SELECT * INTO row] ; database/019_sprint4_teacher_authority_correction.sql:L76@asset_resolve[SELECT * INTO row] ; database/019_sprint4_teacher_authority_correction.sql:L81@asset_manager_state[to_jsonb(row) exposes field] ; database/024_sprint4_level1_narrow_corrections.sql:L37@asset_manager_import_candidate[SELECT * INTO row] ; database/025_sprint4_two_narrow_blockers.sql:L9@asset_manager_import_candidate[SELECT * INTO row],PENDING,,,
SN045,scene_id,dialogue_messages#04,F0066,dialogue_messages,4,database/002_runtime_runs_discussion.sql,58,4,2,database/002_runtime_runs_discussion.sql:L586@s2_send_message[INSERT explicit column]{DIRECT_OR_COMPUTED} ; database/013_sprint3b_discussion_authority_and_request_identity.sql:L246@s2_send_message[INSERT explicit column]{DIRECT_OR_COMPUTED} ; database/030_sprint5_exact_session_messages.sql:L12@s5_send_message[INSERT explicit column]{DIRECT_OR_COMPUTED} ; database/035_sprint6_focused_audit_corrections.sql:L40@s6_send_message_guarded[INSERT explicit column]{DIRECT_OR_COMPUTED},database/013_sprint3b_discussion_authority_and_request_identity.sql:L223@s2_send_message[SELECT * INTO row] ; database/030_sprint5_exact_session_messages.sql:L9@s5_send_message[SELECT * INTO row],PENDING,,,
SN045,scene_id,discussion_sessions#03,F0075,discussion_sessions,3,database/002_runtime_runs_discussion.sql,25,16,58,database/002_runtime_runs_discussion.sql:L342@s2_open_discussion[INSERT explicit column]{DIRECT_OR_COMPUTED} ; database/002_runtime_runs_discussion.sql:L735@s2_submit_vote[INSERT explicit column]{DIRECT_OR_COMPUTED} ; database/003_sprint2_discussionroom_audit_fix.sql:L117@s2_open_discussion[INSERT explicit column]{DIRECT_OR_COMPUTED} ; database/003_sprint2_discussionroom_audit_fix.sql:L281@s2_submit_vote[INSERT explicit column]{DIRECT_OR_COMPUTED} ; database/004_sprint2_fallback_resolution_semantics.sql:L134@s2_submit_vote[INSERT explicit column]{DIRECT_OR_COMPUTED} ; database/007_sprint3b_act1_5_placeholder_flow.sql:L140@s3b_leave_start_room[INSERT explicit column]{DIRECT_OR_COMPUTED} ; database/007_sprint3b_act1_5_placeholder_flow.sql:L249@s3b_submit_act4_choice[INSERT explicit column]{DIRECT_OR_COMPUTED} ; database/013_sprint3b_discussion_authority_and_request_identity.sql:L397@s2_submit_vote[INSERT explicit column]{DIRECT_OR_COMPUTED} ; database/028_sprint5_round_event_link.sql:L27@TOP_LEVEL[INSERT explicit column]{DIRECT_OR_COMPUTED} ; database/028_sprint5_round_event_link.sql:L5@s5_mirror_round_for_audit[INSERT explicit column]{DIRECT_OR_COMPUTED} ; database/029_sprint5_canonical_discussion_localization.sql:L20@s5_configure_discussion[INSERT explicit column]{DIRECT_OR_COMPUTED} ; database/029_sprint5_canonical_discussion_localization.sql:L30@s5_configure_discussion[UPDATE SET]{DIRECT_OR_COMPUTED} ; database/032_sprint5_discussion_creation_restore.sql:L9@s5_configure_discussion[INSERT explicit column]{DIRECT_OR_COMPUTED} ; database/035_sprint6_focused_audit_corrections.sql:L32@s6_open_discussion[INSERT explicit column]{DIRECT_OR_COMPUTED} ; database/054_level3_integrated_closure.sql:L55@teacher_apply_override[INSERT explicit column]{DIRECT_OR_COMPUTED} ; database/054_level3_integrated_closure.sql:L85@teacher_apply_override[INSERT explicit column]{DIRECT_OR_COMPUTED},database/002_runtime_runs_discussion.sql:L389@s2_refresh_discussion[SELECT * INTO row] ; database/002_runtime_runs_discussion.sql:L462@s2_open_vote[SELECT * INTO row] ; database/002_runtime_runs_discussion.sql:L519@s2_add_time[SELECT * INTO row] ; database/002_runtime_runs_discussion.sql:L568@s2_send_message[SELECT * INTO row] ; database/002_runtime_runs_discussion.sql:L576@s2_send_message[SELECT * INTO row] ; database/002_runtime_runs_discussion.sql:L590@s2_send_message[qualified/rowtype field reference] ; database/002_runtime_runs_discussion.sql:L633@s2_submit_vote[SELECT * INTO row] ; database/002_runtime_runs_discussion.sql:L642@s2_submit_vote[SELECT * INTO row] ; database/002_runtime_runs_discussion.sql:L660@s2_submit_vote[qualified/rowtype field reference] ; database/002_runtime_runs_discussion.sql:L742@s2_submit_vote[qualified/rowtype field reference] ; database/002_runtime_runs_discussion.sql:L827@s2_get_player_state[SELECT * INTO row] ; database/002_runtime_runs_discussion.sql:L835@s2_get_player_state[SELECT * INTO row] ; database/002_runtime_runs_discussion.sql:L980@s2_get_teacher_state[SELECT * INTO row] ; database/002_runtime_runs_discussion.sql:L988@s2_get_teacher_state[SELECT * INTO row] ; database/003_sprint2_discussionroom_audit_fix.sql:L179@s2_submit_vote[SELECT * INTO row] ; database/003_sprint2_discussionroom_audit_fix.sql:L188@s2_submit_vote[SELECT * INTO row] ; database/003_sprint2_discussionroom_audit_fix.sql:L206@s2_submit_vote[qualified/rowtype field reference] ; database/003_sprint2_discussionroom_audit_fix.sql:L288@s2_submit_vote[qualified/rowtype field reference] ; database/003_sprint2_discussionroom_audit_fix.sql:L373@s2_get_player_state[SELECT * INTO row] ; database/003_sprint2_discussionroom_audit_fix.sql:L381@s2_get_player_state[SELECT * INTO row] ; database/003_sprint2_discussionroom_audit_fix.sql:L528@s2_get_teacher_state[SELECT * INTO row] ; database/003_sprint2_discussionroom_audit_fix.sql:L536@s2_get_teacher_state[SELECT * INTO row] ; database/004_sprint2_fallback_resolution_semantics.sql:L141@s2_submit_vote[qualified/rowtype field reference] ; database/004_sprint2_fallback_resolution_semantics.sql:L32@s2_submit_vote[SELECT * INTO row] ; database/004_sprint2_fallback_resolution_semantics.sql:L41@s2_submit_vote[SELECT * INTO row] ; database/004_sprint2_fallback_resolution_semantics.sql:L59@s2_submit_vote[qualified/rowtype field reference] ; database/013_sprint3b_discussion_authority_and_request_identity.sql:L111@s3b_apply_resolved_discussion_internal[qualified/rowtype field reference] ; database/013_sprint3b_discussion_authority_and_request_identity.sql:L134@s3b_apply_resolved_discussion_internal[qualified/rowtype field reference] ; database/013_sprint3b_discussion_authority_and_request_identity.sql:L173@s3b_apply_resolved_discussion_internal[qualified/rowtype field reference] ; database/013_sprint3b_discussion_authority_and_request_identity.sql:L214@s2_send_message[SELECT * INTO row] ; database/013_sprint3b_discussion_authority_and_request_identity.sql:L237@s2_send_message[SELECT * INTO row] ; database/013_sprint3b_discussion_authority_and_request_identity.sql:L250@s2_send_message[qualified/rowtype field reference] ; database/013_sprint3b_discussion_authority_and_request_identity.sql:L295@s2_submit_vote[SELECT * INTO row] ; database/013_sprint3b_discussion_authority_and_request_identity.sql:L305@s2_submit_vote[SELECT * INTO row] ; database/013_sprint3b_discussion_authority_and_request_identity.sql:L331@s2_submit_vote[qualified/rowtype field reference] ; database/013_sprint3b_discussion_authority_and_request_identity.sql:L404@s2_submit_vote[qualified/rowtype field reference] ; database/013_sprint3b_discussion_authority_and_request_identity.sql:L94@s3b_apply_resolved_discussion_internal[SELECT * INTO row] ; database/014a_sprint3b_inspect_reconnect_idempotency_fix.sql:L20@s3b_apply_resolved_discussion_internal[SELECT * INTO row] ; database/014a_sprint3b_inspect_reconnect_idempotency_fix.sql:L37@s3b_apply_resolved_discussion_internal[qualified/rowtype field reference] ; database/014a_sprint3b_inspect_reconnect_idempotency_fix.sql:L60@s3b_apply_resolved_discussion_internal[qualified/rowtype field reference] ; database/014a_sprint3b_inspect_reconnect_idempotency_fix.sql:L99@s3b_apply_resolved_discussion_internal[qualified/rowtype field reference] ; database/029_sprint5_canonical_discussion_localization.sql:L54@s5_submit_vote[SELECT * INTO row] ; database/029_sprint5_canonical_discussion_localization.sql:L85@s5_get_player_state[to_jsonb(row) exposes field] ; database/029_sprint5_canonical_discussion_localization.sql:L89@s5_get_discussion_state[SELECT * INTO row] ; database/030_sprint5_exact_session_messages.sql:L12@s5_send_message[qualified/rowtype field reference] ; database/035_sprint6_focused_audit_corrections.sql:L40@s6_send_message_guarded[qualified/rowtype field reference] ; database/037_level3_independent_audit_closure.sql:L146@s6_refresh_owned_discussion[SELECT * INTO row] ; database/037_level3_independent_audit_closure.sql:L159@s2_refresh_discussion[SELECT * INTO row] ; database/037_level3_independent_audit_closure.sql:L160@s2_refresh_discussion[qualified/rowtype field reference] ; database/040_level2_closure_verification_support.sql:L14@s6_verify_expire_discussion[SELECT * INTO row] ; database/041_level2_normal_s5_verification_support.sql:L14@s5_verify_expire_discussion[SELECT * INTO row] ; database/043_sprint7_teacher_console.sql:L40@s7_get_teacher_console[SELECT * INTO row] ; database/044_sprint7_focused_level1_corrections.sql:L29@s7_get_teacher_console[SELECT * INTO row] ; database/050_sprint8_act2_verifier_projection_fix.sql:L24@s8_verify_integrity[qualified/rowtype field reference] ; database/054_level3_integrated_closure.sql:L135@s8_verify_integrity[qualified/rowtype field reference] ; database/054_level3_integrated_closure.sql:L59@teacher_apply_override[SELECT * INTO row] ; database/054_level3_integrated_closure.sql:L91@teacher_apply_override[SELECT * INTO row] ; database/055_level2_override_export_residual_closure.sql:L32@teacher_apply_override[qualified/rowtype field reference],PENDING,,,
SN045,scene_id,game_runs#07,F0108,game_runs,7,database/002_runtime_runs_discussion.sql,11,3,39,database/046_sprint8_act14_finalization_export.sql:L56@s8_finalize[UPDATE SET]{DIRECT_OR_COMPUTED} ; database/048_sprint8_focused_level1_corrections.sql:L72@s8_finalize[UPDATE SET]{DIRECT_OR_COMPUTED} ; database/049_sprint8_final_closure.sql:L169@s8_finalize[UPDATE SET]{DIRECT_OR_COMPUTED},database/002_runtime_runs_discussion.sql:L262@s2_open_discussion[SELECT * INTO row] ; database/002_runtime_runs_discussion.sql:L349@s2_open_discussion[qualified/rowtype field reference] ; database/002_runtime_runs_discussion.sql:L398@s2_refresh_discussion[SELECT * INTO row] ; database/003_sprint2_discussionroom_audit_fix.sql:L124@s2_open_discussion[qualified/rowtype field reference] ; database/003_sprint2_discussionroom_audit_fix.sql:L45@s2_open_discussion[SELECT * INTO row] ; database/013_sprint3b_discussion_authority_and_request_identity.sql:L291@s2_submit_vote[SELECT * INTO row] ; database/013_sprint3b_discussion_authority_and_request_identity.sql:L61@s2_open_discussion[SELECT * INTO row] ; database/013_sprint3b_discussion_authority_and_request_identity.sql:L91@s3b_apply_resolved_discussion_internal[SELECT * INTO row] ; database/014_sprint3b_evidence_and_puzzle_integrity.sql:L386@s3b_submit_library_code[SELECT * INTO row] ; database/014_sprint3b_evidence_and_puzzle_integrity.sql:L466@s3b_submit_post_inspection_route_vote[SELECT * INTO row] ; database/014a_sprint3b_inspect_reconnect_idempotency_fix.sql:L17@s3b_apply_resolved_discussion_internal[SELECT * INTO row] ; database/014b_sprint3b_targeted_closure_corrections.sql:L106@s3b_complete_act1[SELECT * INTO row] ; database/014b_sprint3b_targeted_closure_corrections.sql:L112@s3b_submit_first_meeting[SELECT * INTO row] ; database/014b_sprint3b_targeted_closure_corrections.sql:L121@s3b_grab[SELECT * INTO row] ; database/014b_sprint3b_targeted_closure_corrections.sql:L126@s3b_leave_start_room[SELECT * INTO row] ; database/014b_sprint3b_targeted_closure_corrections.sql:L131@s3b_ack_route_update[SELECT * INTO row] ; database/014b_sprint3b_targeted_closure_corrections.sql:L136@s3b_complete_foldback[SELECT * INTO row] ; database/014b_sprint3b_targeted_closure_corrections.sql:L141@s3b_follow_sign[SELECT * INTO row] ; database/014b_sprint3b_targeted_closure_corrections.sql:L147@s3b_submit_act4_choice[SELECT * INTO row] ; database/014b_sprint3b_targeted_closure_corrections.sql:L18@s3b_initialize_flow[SELECT * INTO row] ; database/014b_sprint3b_targeted_closure_corrections.sql:L194@s3b_audit_set_private_debug_view[SELECT * INTO row] ; database/014b_sprint3b_targeted_closure_corrections.sql:L83@s3b_ack_act1_opening[SELECT * INTO row] ; database/014b_sprint3b_targeted_closure_corrections.sql:L94@s3b_submit_act1_choice[SELECT * INTO row] ; database/015_sprint3c_minimal_safe_teacher_override.sql:L69@teacher_apply_override[SELECT * INTO row] ; database/017_sprint3c_override_act2_entry_correction.sql:L20@s3b_submit_first_meeting[SELECT * INTO row] ; database/043_sprint7_teacher_console.sql:L14@s7_set_audit_private_debug[SELECT * INTO row] ; database/043_sprint7_teacher_console.sql:L33@s7_get_teacher_console[SELECT * INTO row] ; database/043_sprint7_teacher_console.sql:L39@s7_get_teacher_console[qualified/rowtype field reference] ; database/043_sprint7_teacher_console.sql:L77@s7_get_teacher_console[qualified/rowtype field reference] ; database/044_sprint7_focused_level1_corrections.sql:L22@s7_get_teacher_console[SELECT * INTO row] ; database/044_sprint7_focused_level1_corrections.sql:L28@s7_get_teacher_console[qualified/rowtype field reference] ; database/044_sprint7_focused_level1_corrections.sql:L65@s7_get_teacher_console[qualified/rowtype field reference] ; database/046_sprint8_act14_finalization_export.sql:L89@s8_export_session[qualified/rowtype field reference] ; database/047_sprint8_export_completeness.sql:L12@s8_export_session[qualified/rowtype field reference] ; database/048_sprint8_focused_level1_corrections.sql:L108@s8_export_session[qualified/rowtype field reference] ; database/048_sprint8_focused_level1_corrections.sql:L22@s8_finalize[SELECT * INTO row] ; database/049_sprint8_final_closure.sql:L156@s8_finalize[SELECT * INTO row] ; database/049_sprint8_final_closure.sql:L70@s8_verify_integrity[SELECT * INTO row] ; database/054_level3_integrated_closure.sql:L20@teacher_apply_override[SELECT * INTO row],PENDING,,,
SN045,scene_id,runtime_events#09,F0127,runtime_events,9,database/014_sprint3b_evidence_and_puzzle_integrity.sql,46,19,1,database/014_sprint3b_evidence_and_puzzle_integrity.sql:L114@s2_log_event[INSERT explicit column]{DIRECT_OR_COMPUTED} ; database/014_sprint3b_evidence_and_puzzle_integrity.sql:L154@s3b_log_formal_event[INSERT explicit column]{DIRECT_OR_COMPUTED} ; database/014_sprint3b_evidence_and_puzzle_integrity.sql:L214@s3b_set_scene[INSERT explicit column]{DIRECT_OR_COMPUTED} ; database/014_sprint3b_evidence_and_puzzle_integrity.sql:L57@TOP_LEVEL[UPDATE SET]{DERIVED_OR_COPY} ; database/014b_sprint3b_targeted_closure_corrections.sql:L63@s3b_log_formal_event_at_context[INSERT explicit column]{DIRECT_OR_COMPUTED} ; database/015_sprint3c_minimal_safe_teacher_override.sql:L53@s3b_log_formal_event_at_context[INSERT explicit column]{DIRECT_OR_COMPUTED} ; database/015_sprint3c_minimal_safe_teacher_override.sql:L78@teacher_apply_override[INSERT explicit column]{DIRECT_OR_COMPUTED} ; database/015_sprint3c_minimal_safe_teacher_override.sql:L91@teacher_apply_override[INSERT explicit column]{DIRECT_OR_COMPUTED} ; database/015_sprint3c_minimal_safe_teacher_override.sql:L99@teacher_apply_override[INSERT explicit column]{DIRECT_OR_COMPUTED} ; database/016_sprint3c_level1_narrow_corrections.sql:L65@s2_log_event[INSERT explicit column]{DIRECT_OR_COMPUTED} ; database/043_sprint7_teacher_console.sql:L19@s7_set_audit_private_debug[INSERT explicit column]{DIRECT_OR_COMPUTED} ; database/045_sprint7_teacher_intervention_provenance.sql:L18@TOP_LEVEL[INSERT explicit column]{DIRECT_OR_COMPUTED} ; database/045_sprint7_teacher_intervention_provenance.sql:L26@s5_teacher_open_vote[INSERT explicit column]{DIRECT_OR_COMPUTED} ; database/045_sprint7_teacher_intervention_provenance.sql:L32@s5_teacher_add_time[INSERT explicit column]{DIRECT_OR_COMPUTED} ; database/045_sprint7_teacher_intervention_provenance.sql:L8@s7_mirror_teacher_discussion_event[INSERT explicit column]{DIRECT_OR_COMPUTED} ; database/046_sprint8_act14_finalization_export.sql:L57@s8_finalize[INSERT explicit column]{DIRECT_OR_COMPUTED} ; database/048_sprint8_focused_level1_corrections.sql:L73@s8_finalize[INSERT explicit column]{DIRECT_OR_COMPUTED} ; database/049_sprint8_final_closure.sql:L170@s8_finalize[INSERT explicit column]{DIRECT_OR_COMPUTED} ; database/054_level3_integrated_closure.sql:L102@teacher_apply_override[INSERT explicit column]{DIRECT_OR_COMPUTED},database/014b_sprint3b_targeted_closure_corrections.sql:L170@s2_get_teacher_state[qualified/rowtype field reference],PENDING,,,
SN045,scene_id,runtime_player_decisions#04,F0138,runtime_player_decisions,4,database/002_runtime_runs_discussion.sql,73,4,4,database/002_runtime_runs_discussion.sql:L656@s2_submit_vote[INSERT explicit column]{DIRECT_OR_COMPUTED} ; database/003_sprint2_discussionroom_audit_fix.sql:L202@s2_submit_vote[INSERT explicit column]{DIRECT_OR_COMPUTED} ; database/004_sprint2_fallback_resolution_semantics.sql:L55@s2_submit_vote[INSERT explicit column]{DIRECT_OR_COMPUTED} ; database/013_sprint3b_discussion_authority_and_request_identity.sql:L327@s2_submit_vote[INSERT explicit column]{DIRECT_OR_COMPUTED},database/002_runtime_runs_discussion.sql:L894@s2_get_player_state[qualified/rowtype field reference] ; database/003_sprint2_discussionroom_audit_fix.sql:L441@s2_get_player_state[qualified/rowtype field reference] ; database/013_sprint3b_discussion_authority_and_request_identity.sql:L314@s2_submit_vote[SELECT * INTO row] ; database/056_level2_override_validity_binding_fix.sql:L32@teacher_apply_override[qualified/rowtype field reference],PENDING,,,
SN045,scene_id,s1_player_decisions#03,F0157,s1_player_decisions,3,database/001_sprint1_core.sql,63,1,3,database/001_sprint1_core.sql:L381@s1_submit_private_choice[INSERT explicit column]{DIRECT_OR_COMPUTED},database/001_sprint1_core.sql:L301@s1_get_player_state[to_jsonb(row) exposes field] ; database/001_sprint1_core.sql:L305@s1_get_player_state[qualified/rowtype field reference] ; database/001_sprint1_core.sql:L322@s1_get_player_state[qualified/rowtype field reference],PENDING,,,
SN045,scene_id,s1_scene_choices#01,F0179,s1_scene_choices,1,database/001_sprint1_core.sql,46,1,0,database/001_sprint1_core.sql:L92@TOP_LEVEL[INSERT explicit column]{DIRECT_OR_COMPUTED},,PENDING,,,
SN045,scene_id,s3_player_knowledge#06,F0207,s3_player_knowledge,6,database/005_sprint3a_scene_pocket_knowledge_foundation.sql,54,2,3,database/005_sprint3a_scene_pocket_knowledge_foundation.sql:L147@s3_record_knowledge[INSERT explicit column]{DIRECT_OR_COMPUTED} ; database/006_sprint3a_provenance_view_integrity_fix.sql:L57@s3_record_knowledge[INSERT explicit column]{DIRECT_OR_COMPUTED},database/005_sprint3a_scene_pocket_knowledge_foundation.sql:L239@s3_get_player_state[to_jsonb(row) exposes field] ; database/006_sprint3a_provenance_view_integrity_fix.sql:L148@s3_get_player_state[to_jsonb(row) exposes field] ; database/068_package_c_authoritative_pocket_inspection.sql:L76@s3_get_player_state[to_jsonb(row) exposes field],PENDING,,,
SN045,scene_id,s3_runtime_scene_state#02,F0218,s3_runtime_scene_state,2,database/005_sprint3a_scene_pocket_knowledge_foundation.sql,5,4,97,database/005_sprint3a_scene_pocket_knowledge_foundation.sql:L171@s3_initialize_audit_fixture[INSERT explicit column]{DIRECT_OR_COMPUTED} ; database/006_sprint3a_provenance_view_integrity_fix.sql:L108@s3_initialize_audit_fixture[INSERT explicit column]{DIRECT_OR_COMPUTED} ; database/007_sprint3b_act1_5_placeholder_flow.sql:L65@s3b_set_scene[INSERT explicit column]{DIRECT_OR_COMPUTED} ; database/014_sprint3b_evidence_and_puzzle_integrity.sql:L190@s3b_set_scene[INSERT explicit column]{DIRECT_OR_COMPUTED},database/005_sprint3a_scene_pocket_knowledge_foundation.sql:L234@s3_get_player_state[to_jsonb(row) exposes field] ; database/006_sprint3a_provenance_view_integrity_fix.sql:L143@s3_get_player_state[to_jsonb(row) exposes field] ; database/007_sprint3b_act1_5_placeholder_flow.sql:L284@s3b_get_player_state[to_jsonb(row) exposes field] ; database/010_sprint3b_flow_integrity_and_inspect_fix.sql:L121@s3b_apply_act5_resolution[qualified/rowtype field reference] ; database/010_sprint3b_flow_integrity_and_inspect_fix.sql:L143@s3b_choose_post_inspection_route[qualified/rowtype field reference] ; database/010_sprint3b_flow_integrity_and_inspect_fix.sql:L158@s3b_complete_foldback[qualified/rowtype field reference] ; database/010_sprint3b_flow_integrity_and_inspect_fix.sql:L42@s3b_guard_player_progress_phase[qualified/rowtype field reference] ; database/010_sprint3b_flow_integrity_and_inspect_fix.sql:L43@s3b_guard_player_progress_phase[qualified/rowtype field reference] ; database/010_sprint3b_flow_integrity_and_inspect_fix.sql:L44@s3b_guard_player_progress_phase[qualified/rowtype field reference] ; database/010_sprint3b_flow_integrity_and_inspect_fix.sql:L45@s3b_guard_player_progress_phase[qualified/rowtype field reference] ; database/010_sprint3b_flow_integrity_and_inspect_fix.sql:L46@s3b_guard_player_progress_phase[qualified/rowtype field reference] ; database/010_sprint3b_flow_integrity_and_inspect_fix.sql:L47@s3b_guard_player_progress_phase[qualified/rowtype field reference] ; database/010_sprint3b_flow_integrity_and_inspect_fix.sql:L59@s3b_guard_run_state_phase[qualified/rowtype field reference] ; database/010_sprint3b_flow_integrity_and_inspect_fix.sql:L60@s3b_guard_run_state_phase[qualified/rowtype field reference] ; database/010_sprint3b_flow_integrity_and_inspect_fix.sql:L62@s3b_guard_run_state_phase[qualified/rowtype field reference] ; database/010_sprint3b_flow_integrity_and_inspect_fix.sql:L64@s3b_guard_run_state_phase[qualified/rowtype field reference] ; database/013_sprint3b_discussion_authority_and_request_identity.sql:L511@s2_get_teacher_state[to_jsonb(row) exposes field] ; database/014_sprint3b_evidence_and_puzzle_integrity.sql:L153@s3b_log_formal_event[SELECT * INTO row] ; database/014_sprint3b_evidence_and_puzzle_integrity.sql:L160@s3b_log_formal_event[qualified/rowtype field reference] ; database/014_sprint3b_evidence_and_puzzle_integrity.sql:L185@s3b_set_scene[SELECT * INTO row] ; database/014_sprint3b_evidence_and_puzzle_integrity.sql:L210@s3b_set_scene[qualified/rowtype field reference] ; database/014_sprint3b_evidence_and_puzzle_integrity.sql:L219@s3b_set_scene[qualified/rowtype field reference] ; database/014_sprint3b_evidence_and_puzzle_integrity.sql:L540@s3_share_photo[SELECT * INTO row] ; database/014_sprint3b_evidence_and_puzzle_integrity.sql:L543@s3_share_photo[qualified/rowtype field reference] ; database/014b_sprint3b_targeted_closure_corrections.sql:L106@s3b_complete_act1[SELECT * INTO row] ; database/014b_sprint3b_targeted_closure_corrections.sql:L106@s3b_complete_act1[qualified/rowtype field reference] ; database/014b_sprint3b_targeted_closure_corrections.sql:L112@s3b_submit_first_meeting[SELECT * INTO row] ; database/014b_sprint3b_targeted_closure_corrections.sql:L114@s3b_submit_first_meeting[qualified/rowtype field reference] ; database/014b_sprint3b_targeted_closure_corrections.sql:L121@s3b_grab[SELECT * INTO row] ; database/014b_sprint3b_targeted_closure_corrections.sql:L121@s3b_grab[qualified/rowtype field reference] ; database/014b_sprint3b_targeted_closure_corrections.sql:L126@s3b_leave_start_room[SELECT * INTO row] ; database/014b_sprint3b_targeted_closure_corrections.sql:L126@s3b_leave_start_room[qualified/rowtype field reference] ; database/014b_sprint3b_targeted_closure_corrections.sql:L131@s3b_ack_route_update[SELECT * INTO row] ; database/014b_sprint3b_targeted_closure_corrections.sql:L131@s3b_ack_route_update[qualified/rowtype field reference] ; database/014b_sprint3b_targeted_closure_corrections.sql:L136@s3b_complete_foldback[SELECT * INTO row] ; database/014b_sprint3b_targeted_closure_corrections.sql:L136@s3b_complete_foldback[qualified/rowtype field reference] ; database/014b_sprint3b_targeted_closure_corrections.sql:L141@s3b_follow_sign[SELECT * INTO row] ; database/014b_sprint3b_targeted_closure_corrections.sql:L141@s3b_follow_sign[qualified/rowtype field reference] ; database/014b_sprint3b_targeted_closure_corrections.sql:L147@s3b_submit_act4_choice[SELECT * INTO row] ; database/014b_sprint3b_targeted_closure_corrections.sql:L149@s3b_submit_act4_choice[qualified/rowtype field reference] ; database/014b_sprint3b_targeted_closure_corrections.sql:L83@s3b_ack_act1_opening[SELECT * INTO row] ; database/014b_sprint3b_targeted_closure_corrections.sql:L84@s3b_ack_act1_opening[qualified/rowtype field reference] ; database/014b_sprint3b_targeted_closure_corrections.sql:L94@s3b_submit_act1_choice[SELECT * INTO row] ; database/014b_sprint3b_targeted_closure_corrections.sql:L97@s3b_submit_act1_choice[qualified/rowtype field reference] ; database/015_sprint3c_minimal_safe_teacher_override.sql:L100@teacher_apply_override[qualified/rowtype field reference] ; database/015_sprint3c_minimal_safe_teacher_override.sql:L109@teacher_apply_override[qualified/rowtype field reference] ; database/015_sprint3c_minimal_safe_teacher_override.sql:L121@s2_get_teacher_state[SELECT * INTO row] ; database/015_sprint3c_minimal_safe_teacher_override.sql:L123@s2_get_teacher_state[qualified/rowtype field reference] ; database/015_sprint3c_minimal_safe_teacher_override.sql:L124@s2_get_teacher_state[qualified/rowtype field reference] ; database/015_sprint3c_minimal_safe_teacher_override.sql:L125@s2_get_teacher_state[qualified/rowtype field reference] ; database/015_sprint3c_minimal_safe_teacher_override.sql:L71@teacher_apply_override[SELECT * INTO row] ; database/015_sprint3c_minimal_safe_teacher_override.sql:L74@teacher_apply_override[qualified/rowtype field reference] ; database/015_sprint3c_minimal_safe_teacher_override.sql:L77@teacher_apply_override[qualified/rowtype field reference] ; database/015_sprint3c_minimal_safe_teacher_override.sql:L79@teacher_apply_override[qualified/rowtype field reference] ; database/015_sprint3c_minimal_safe_teacher_override.sql:L86@teacher_apply_override[qualified/rowtype field reference] ; database/015_sprint3c_minimal_safe_teacher_override.sql:L90@teacher_apply_override[qualified/rowtype field reference] ; database/015_sprint3c_minimal_safe_teacher_override.sql:L92@teacher_apply_override[qualified/rowtype field reference] ; database/015_sprint3c_minimal_safe_teacher_override.sql:L94@teacher_apply_override[qualified/rowtype field reference] ; database/015_sprint3c_minimal_safe_teacher_override.sql:L98@teacher_apply_override[qualified/rowtype field reference] ; database/017_sprint3c_override_act2_entry_correction.sql:L23@s3b_submit_first_meeting[SELECT * INTO row] ; database/017_sprint3c_override_act2_entry_correction.sql:L24@s3b_submit_first_meeting[qualified/rowtype field reference] ; database/017_sprint3c_override_act2_entry_correction.sql:L38@s3b_submit_first_meeting[qualified/rowtype field reference] ; database/043_sprint7_teacher_console.sql:L18@s7_set_audit_private_debug[SELECT * INTO row] ; database/043_sprint7_teacher_console.sql:L20@s7_set_audit_private_debug[qualified/rowtype field reference] ; database/043_sprint7_teacher_console.sql:L35@s7_get_teacher_console[SELECT * INTO row] ; database/043_sprint7_teacher_console.sql:L39@s7_get_teacher_console[qualified/rowtype field reference] ; database/043_sprint7_teacher_console.sql:L77@s7_get_teacher_console[qualified/rowtype field reference] ; database/044_sprint7_focused_level1_corrections.sql:L24@s7_get_teacher_console[SELECT * INTO row] ; database/044_sprint7_focused_level1_corrections.sql:L28@s7_get_teacher_console[qualified/rowtype field reference] ; database/044_sprint7_focused_level1_corrections.sql:L65@s7_get_teacher_console[qualified/rowtype field reference] ; database/054_level3_integrated_closure.sql:L103@teacher_apply_override[qualified/rowtype field reference] ; database/054_level3_integrated_closure.sql:L105@teacher_apply_override[qualified/rowtype field reference] ; database/054_level3_integrated_closure.sql:L116@s2_get_teacher_state[SELECT * INTO row] ; database/054_level3_integrated_closure.sql:L118@s2_get_teacher_state[qualified/rowtype field reference] ; database/054_level3_integrated_closure.sql:L119@s2_get_teacher_state[qualified/rowtype field reference] ; database/054_level3_integrated_closure.sql:L22@teacher_apply_override[SELECT * INTO row] ; database/054_level3_integrated_closure.sql:L23@teacher_apply_override[qualified/rowtype field reference] ; database/054_level3_integrated_closure.sql:L25@teacher_apply_override[qualified/rowtype field reference] ; database/054_level3_integrated_closure.sql:L28@teacher_apply_override[qualified/rowtype field reference] ; database/054_level3_integrated_closure.sql:L35@teacher_apply_override[qualified/rowtype field reference] ; database/054_level3_integrated_closure.sql:L39@teacher_apply_override[qualified/rowtype field reference] ; database/054_level3_integrated_closure.sql:L42@teacher_apply_override[qualified/rowtype field reference] ; database/054_level3_integrated_closure.sql:L58@teacher_apply_override[qualified/rowtype field reference] ; database/054_level3_integrated_closure.sql:L59@teacher_apply_override[qualified/rowtype field reference] ; database/054_level3_integrated_closure.sql:L62@teacher_apply_override[qualified/rowtype field reference] ; database/054_level3_integrated_closure.sql:L66@teacher_apply_override[qualified/rowtype field reference] ; database/054_level3_integrated_closure.sql:L69@teacher_apply_override[qualified/rowtype field reference] ; database/054_level3_integrated_closure.sql:L73@teacher_apply_override[qualified/rowtype field reference] ; database/054_level3_integrated_closure.sql:L74@teacher_apply_override[qualified/rowtype field reference] ; database/054_level3_integrated_closure.sql:L79@teacher_apply_override[qualified/rowtype field reference] ; database/054_level3_integrated_closure.sql:L81@teacher_apply_override[qualified/rowtype field reference] ; database/054_level3_integrated_closure.sql:L88@teacher_apply_override[qualified/rowtype field reference] ; database/054_level3_integrated_closure.sql:L90@teacher_apply_override[qualified/rowtype field reference] ; database/054_level3_integrated_closure.sql:L91@teacher_apply_override[qualified/rowtype field reference] ; database/054_level3_integrated_closure.sql:L95@teacher_apply_override[qualified/rowtype field reference] ; database/054_level3_integrated_closure.sql:L97@teacher_apply_override[qualified/rowtype field reference] ; database/068_package_c_authoritative_pocket_inspection.sql:L70@s3_get_player_state[to_jsonb(row) exposes field],PENDING,,,
SN046,silent_texting_mode,discussion_sessions#26,F0098,discussion_sessions,26,database/002_runtime_runs_discussion.sql,50,18,49,database/002_runtime_runs_discussion.sql:L342@s2_open_discussion[INSERT explicit column]{DIRECT_OR_COMPUTED} ; database/002_runtime_runs_discussion.sql:L735@s2_submit_vote[INSERT explicit column]{DIRECT_OR_COMPUTED} ; database/003_sprint2_discussionroom_audit_fix.sql:L117@s2_open_discussion[INSERT explicit column]{DIRECT_OR_COMPUTED} ; database/003_sprint2_discussionroom_audit_fix.sql:L281@s2_submit_vote[INSERT explicit column]{DIRECT_OR_COMPUTED} ; database/004_sprint2_fallback_resolution_semantics.sql:L134@s2_submit_vote[INSERT explicit column]{DIRECT_OR_COMPUTED} ; database/007_sprint3b_act1_5_placeholder_flow.sql:L140@s3b_leave_start_room[INSERT explicit column]{DIRECT_OR_COMPUTED} ; database/007_sprint3b_act1_5_placeholder_flow.sql:L249@s3b_submit_act4_choice[INSERT explicit column]{DIRECT_OR_COMPUTED} ; database/013_sprint3b_discussion_authority_and_request_identity.sql:L397@s2_submit_vote[INSERT explicit column]{DIRECT_OR_COMPUTED} ; database/028_sprint5_round_event_link.sql:L27@TOP_LEVEL[INSERT explicit column]{DIRECT_OR_COMPUTED} ; database/028_sprint5_round_event_link.sql:L5@s5_mirror_round_for_audit[INSERT explicit column]{DIRECT_OR_COMPUTED} ; database/029_sprint5_canonical_discussion_localization.sql:L20@s5_configure_discussion[INSERT explicit column]{DIRECT_OR_COMPUTED} ; database/029_sprint5_canonical_discussion_localization.sql:L35@s5_configure_discussion[UPDATE SET]{DIRECT_OR_COMPUTED} ; database/031_sprint5_focused_reaudit_corrections.sql:L9@s5_configure_discussion[UPDATE SET]{DIRECT_OR_COMPUTED} ; database/032_sprint5_discussion_creation_restore.sql:L11@s5_configure_discussion[UPDATE SET]{DIRECT_OR_COMPUTED} ; database/032_sprint5_discussion_creation_restore.sql:L9@s5_configure_discussion[INSERT explicit column]{DIRECT_OR_COMPUTED} ; database/035_sprint6_focused_audit_corrections.sql:L32@s6_open_discussion[INSERT explicit column]{DIRECT_OR_COMPUTED} ; database/054_level3_integrated_closure.sql:L55@teacher_apply_override[INSERT explicit column]{DIRECT_OR_COMPUTED} ; database/054_level3_integrated_closure.sql:L85@teacher_apply_override[INSERT explicit column]{DIRECT_OR_COMPUTED},database/002_runtime_runs_discussion.sql:L1060@s2_get_teacher_state[qualified/rowtype field reference] ; database/002_runtime_runs_discussion.sql:L360@s2_open_discussion[qualified/rowtype field reference] ; database/002_runtime_runs_discussion.sql:L389@s2_refresh_discussion[SELECT * INTO row] ; database/002_runtime_runs_discussion.sql:L462@s2_open_vote[SELECT * INTO row] ; database/002_runtime_runs_discussion.sql:L519@s2_add_time[SELECT * INTO row] ; database/002_runtime_runs_discussion.sql:L568@s2_send_message[SELECT * INTO row] ; database/002_runtime_runs_discussion.sql:L576@s2_send_message[SELECT * INTO row] ; database/002_runtime_runs_discussion.sql:L633@s2_submit_vote[SELECT * INTO row] ; database/002_runtime_runs_discussion.sql:L642@s2_submit_vote[SELECT * INTO row] ; database/002_runtime_runs_discussion.sql:L750@s2_submit_vote[qualified/rowtype field reference] ; database/002_runtime_runs_discussion.sql:L827@s2_get_player_state[SELECT * INTO row] ; database/002_runtime_runs_discussion.sql:L835@s2_get_player_state[SELECT * INTO row] ; database/002_runtime_runs_discussion.sql:L946@s2_get_player_state[qualified/rowtype field reference] ; database/002_runtime_runs_discussion.sql:L980@s2_get_teacher_state[SELECT * INTO row] ; database/002_runtime_runs_discussion.sql:L988@s2_get_teacher_state[SELECT * INTO row] ; database/003_sprint2_discussionroom_audit_fix.sql:L135@s2_open_discussion[qualified/rowtype field reference] ; database/003_sprint2_discussionroom_audit_fix.sql:L179@s2_submit_vote[SELECT * INTO row] ; database/003_sprint2_discussionroom_audit_fix.sql:L188@s2_submit_vote[SELECT * INTO row] ; database/003_sprint2_discussionroom_audit_fix.sql:L296@s2_submit_vote[qualified/rowtype field reference] ; database/003_sprint2_discussionroom_audit_fix.sql:L373@s2_get_player_state[SELECT * INTO row] ; database/003_sprint2_discussionroom_audit_fix.sql:L381@s2_get_player_state[SELECT * INTO row] ; database/003_sprint2_discussionroom_audit_fix.sql:L493@s2_get_player_state[qualified/rowtype field reference] ; database/003_sprint2_discussionroom_audit_fix.sql:L528@s2_get_teacher_state[SELECT * INTO row] ; database/003_sprint2_discussionroom_audit_fix.sql:L536@s2_get_teacher_state[SELECT * INTO row] ; database/003_sprint2_discussionroom_audit_fix.sql:L622@s2_get_teacher_state[qualified/rowtype field reference] ; database/004_sprint2_fallback_resolution_semantics.sql:L149@s2_submit_vote[qualified/rowtype field reference] ; database/004_sprint2_fallback_resolution_semantics.sql:L32@s2_submit_vote[SELECT * INTO row] ; database/004_sprint2_fallback_resolution_semantics.sql:L41@s2_submit_vote[SELECT * INTO row] ; database/013_sprint3b_discussion_authority_and_request_identity.sql:L214@s2_send_message[SELECT * INTO row] ; database/013_sprint3b_discussion_authority_and_request_identity.sql:L237@s2_send_message[SELECT * INTO row] ; database/013_sprint3b_discussion_authority_and_request_identity.sql:L295@s2_submit_vote[SELECT * INTO row] ; database/013_sprint3b_discussion_authority_and_request_identity.sql:L305@s2_submit_vote[SELECT * INTO row] ; database/013_sprint3b_discussion_authority_and_request_identity.sql:L411@s2_submit_vote[qualified/rowtype field reference] ; database/013_sprint3b_discussion_authority_and_request_identity.sql:L94@s3b_apply_resolved_discussion_internal[SELECT * INTO row] ; database/014a_sprint3b_inspect_reconnect_idempotency_fix.sql:L20@s3b_apply_resolved_discussion_internal[SELECT * INTO row] ; database/029_sprint5_canonical_discussion_localization.sql:L54@s5_submit_vote[SELECT * INTO row] ; database/029_sprint5_canonical_discussion_localization.sql:L85@s5_get_player_state[to_jsonb(row) exposes field] ; database/029_sprint5_canonical_discussion_localization.sql:L89@s5_get_discussion_state[SELECT * INTO row] ; database/035_sprint6_focused_audit_corrections.sql:L72@s6_get_player_state[qualified/rowtype field reference] ; database/036_sprint6_four_open_findings.sql:L29@s6_get_player_state[qualified/rowtype field reference] ; database/037_level3_independent_audit_closure.sql:L146@s6_refresh_owned_discussion[SELECT * INTO row] ; database/037_level3_independent_audit_closure.sql:L159@s2_refresh_discussion[SELECT * INTO row] ; database/037_level3_independent_audit_closure.sql:L179@s6_get_player_state[qualified/rowtype field reference] ; database/040_level2_closure_verification_support.sql:L14@s6_verify_expire_discussion[SELECT * INTO row] ; database/041_level2_normal_s5_verification_support.sql:L14@s5_verify_expire_discussion[SELECT * INTO row] ; database/043_sprint7_teacher_console.sql:L40@s7_get_teacher_console[SELECT * INTO row] ; database/044_sprint7_focused_level1_corrections.sql:L29@s7_get_teacher_console[SELECT * INTO row] ; database/054_level3_integrated_closure.sql:L59@teacher_apply_override[SELECT * INTO row] ; database/054_level3_integrated_closure.sql:L91@teacher_apply_override[SELECT * INTO row],PENDING,,,
SN046,silent_texting_mode,game_runs#10,F0111,game_runs,10,database/002_runtime_runs_discussion.sql,14,4,34,database/002_runtime_runs_discussion.sql:L360@s2_open_discussion[UPDATE SET]{EXPLICIT_COPY} ; database/003_sprint2_discussionroom_audit_fix.sql:L135@s2_open_discussion[UPDATE SET]{EXPLICIT_COPY} ; database/007_sprint3b_act1_5_placeholder_flow.sql:L189@s3b_follow_sign[UPDATE SET]{DIRECT_OR_COMPUTED} ; database/054_level3_integrated_closure.sql:L77@teacher_apply_override[UPDATE SET]{DIRECT_OR_COMPUTED},database/002_runtime_runs_discussion.sql:L1047@s2_get_teacher_state[qualified/rowtype field reference] ; database/002_runtime_runs_discussion.sql:L262@s2_open_discussion[SELECT * INTO row] ; database/002_runtime_runs_discussion.sql:L398@s2_refresh_discussion[SELECT * INTO row] ; database/002_runtime_runs_discussion.sql:L928@s2_get_player_state[qualified/rowtype field reference] ; database/003_sprint2_discussionroom_audit_fix.sql:L45@s2_open_discussion[SELECT * INTO row] ; database/003_sprint2_discussionroom_audit_fix.sql:L475@s2_get_player_state[qualified/rowtype field reference] ; database/003_sprint2_discussionroom_audit_fix.sql:L609@s2_get_teacher_state[qualified/rowtype field reference] ; database/013_sprint3b_discussion_authority_and_request_identity.sql:L291@s2_submit_vote[SELECT * INTO row] ; database/013_sprint3b_discussion_authority_and_request_identity.sql:L61@s2_open_discussion[SELECT * INTO row] ; database/013_sprint3b_discussion_authority_and_request_identity.sql:L91@s3b_apply_resolved_discussion_internal[SELECT * INTO row] ; database/014_sprint3b_evidence_and_puzzle_integrity.sql:L386@s3b_submit_library_code[SELECT * INTO row] ; database/014_sprint3b_evidence_and_puzzle_integrity.sql:L466@s3b_submit_post_inspection_route_vote[SELECT * INTO row] ; database/014a_sprint3b_inspect_reconnect_idempotency_fix.sql:L17@s3b_apply_resolved_discussion_internal[SELECT * INTO row] ; database/014b_sprint3b_targeted_closure_corrections.sql:L106@s3b_complete_act1[SELECT * INTO row] ; database/014b_sprint3b_targeted_closure_corrections.sql:L112@s3b_submit_first_meeting[SELECT * INTO row] ; database/014b_sprint3b_targeted_closure_corrections.sql:L121@s3b_grab[SELECT * INTO row] ; database/014b_sprint3b_targeted_closure_corrections.sql:L126@s3b_leave_start_room[SELECT * INTO row] ; database/014b_sprint3b_targeted_closure_corrections.sql:L131@s3b_ack_route_update[SELECT * INTO row] ; database/014b_sprint3b_targeted_closure_corrections.sql:L136@s3b_complete_foldback[SELECT * INTO row] ; database/014b_sprint3b_targeted_closure_corrections.sql:L141@s3b_follow_sign[SELECT * INTO row] ; database/014b_sprint3b_targeted_closure_corrections.sql:L147@s3b_submit_act4_choice[SELECT * INTO row] ; database/014b_sprint3b_targeted_closure_corrections.sql:L18@s3b_initialize_flow[SELECT * INTO row] ; database/014b_sprint3b_targeted_closure_corrections.sql:L194@s3b_audit_set_private_debug_view[SELECT * INTO row] ; database/014b_sprint3b_targeted_closure_corrections.sql:L83@s3b_ack_act1_opening[SELECT * INTO row] ; database/014b_sprint3b_targeted_closure_corrections.sql:L94@s3b_submit_act1_choice[SELECT * INTO row] ; database/015_sprint3c_minimal_safe_teacher_override.sql:L69@teacher_apply_override[SELECT * INTO row] ; database/017_sprint3c_override_act2_entry_correction.sql:L20@s3b_submit_first_meeting[SELECT * INTO row] ; database/043_sprint7_teacher_console.sql:L14@s7_set_audit_private_debug[SELECT * INTO row] ; database/043_sprint7_teacher_console.sql:L33@s7_get_teacher_console[SELECT * INTO row] ; database/044_sprint7_focused_level1_corrections.sql:L22@s7_get_teacher_console[SELECT * INTO row] ; database/048_sprint8_focused_level1_corrections.sql:L22@s8_finalize[SELECT * INTO row] ; database/049_sprint8_final_closure.sql:L156@s8_finalize[SELECT * INTO row] ; database/049_sprint8_final_closure.sql:L70@s8_verify_integrity[SELECT * INTO row] ; database/054_level3_integrated_closure.sql:L20@teacher_apply_override[SELECT * INTO row],PENDING,,,
SN047,source_item_key,s3_player_knowledge#08,F0209,s3_player_knowledge,8,database/005_sprint3a_scene_pocket_knowledge_foundation.sql,56,2,3,database/005_sprint3a_scene_pocket_knowledge_foundation.sql:L147@s3_record_knowledge[INSERT explicit column]{DIRECT_OR_COMPUTED} ; database/006_sprint3a_provenance_view_integrity_fix.sql:L57@s3_record_knowledge[INSERT explicit column]{DIRECT_OR_COMPUTED},database/005_sprint3a_scene_pocket_knowledge_foundation.sql:L239@s3_get_player_state[to_jsonb(row) exposes field] ; database/006_sprint3a_provenance_view_integrity_fix.sql:L148@s3_get_player_state[to_jsonb(row) exposes field] ; database/068_package_c_authoritative_pocket_inspection.sql:L76@s3_get_player_state[to_jsonb(row) exposes field],PENDING,,,
SN047,source_item_key,s3_shared_photos#05,F0231,s3_shared_photos,5,database/005_sprint3a_scene_pocket_knowledge_foundation.sql,72,3,5,database/005_sprint3a_scene_pocket_knowledge_foundation.sql:L217@s3_share_photo[INSERT explicit column]{DIRECT_OR_COMPUTED} ; database/006_sprint3a_provenance_view_integrity_fix.sql:L94@s3_share_photo[INSERT explicit column]{DIRECT_OR_COMPUTED} ; database/014_sprint3b_evidence_and_puzzle_integrity.sql:L560@s3_share_photo[INSERT explicit column]{DIRECT_OR_COMPUTED},database/005_sprint3a_scene_pocket_knowledge_foundation.sql:L237@s3_get_player_state[to_jsonb(row) exposes field] ; database/006_sprint3a_provenance_view_integrity_fix.sql:L146@s3_get_player_state[to_jsonb(row) exposes field] ; database/043_sprint7_teacher_console.sql:L67@s7_get_teacher_console[qualified/rowtype field reference] ; database/044_sprint7_focused_level1_corrections.sql:L58@s7_get_teacher_console[qualified/rowtype field reference] ; database/068_package_c_authoritative_pocket_inspection.sql:L74@s3_get_player_state[to_jsonb(row) exposes field],PENDING,,,
SN048,status,asset_candidates#09,F0018,asset_candidates,9,database/018_sprint4_asset_manager_v2.sql,11,17,38,database/018_sprint4_asset_manager_v2.sql:L48@asset_manager_register_candidate[INSERT explicit column]{DIRECT_OR_COMPUTED} ; database/018_sprint4_asset_manager_v2.sql:L59@asset_manager_review[UPDATE SET]{DIRECT_OR_COMPUTED} ; database/018_sprint4_asset_manager_v2.sql:L73@asset_manager_activate[UPDATE SET]{DIRECT_OR_COMPUTED} ; database/019_sprint4_teacher_authority_correction.sql:L48@asset_manager_register_candidate[INSERT explicit column]{DIRECT_OR_COMPUTED} ; database/019_sprint4_teacher_authority_correction.sql:L59@asset_manager_review[UPDATE SET]{DIRECT_OR_COMPUTED} ; database/019_sprint4_teacher_authority_correction.sql:L73@asset_manager_activate[UPDATE SET]{DIRECT_OR_COMPUTED} ; database/023_sprint4_rollback_state_correction.sql:L10@asset_manager_rollback[UPDATE SET]{DIRECT_OR_COMPUTED} ; database/024_sprint4_level1_narrow_corrections.sql:L39@asset_manager_import_candidate[INSERT explicit column]{DIRECT_OR_COMPUTED} ; database/024_sprint4_level1_narrow_corrections.sql:L41@asset_manager_submit_for_review[UPDATE SET]{DIRECT_OR_COMPUTED} ; database/024_sprint4_level1_narrow_corrections.sql:L58@asset_manager_activate_group[UPDATE SET]{DIRECT_OR_COMPUTED} ; database/024_sprint4_level1_narrow_corrections.sql:L66@asset_manager_rollback_group[UPDATE SET]{DIRECT_OR_COMPUTED} ; database/025_sprint4_two_narrow_blockers.sql:L25@asset_manager_import_candidate[INSERT explicit column]{DIRECT_OR_COMPUTED} ; database/025_sprint4_two_narrow_blockers.sql:L56@asset_manager_transition_group[UPDATE SET]{DIRECT_OR_COMPUTED} ; database/025_sprint4_two_narrow_blockers.sql:L57@asset_manager_transition_group[UPDATE SET]{DIRECT_OR_COMPUTED} ; database/025_sprint4_two_narrow_blockers.sql:L72@asset_manager_rollback_group[UPDATE SET]{DIRECT_OR_COMPUTED} ; database/026_sprint4_group_target_and_registry_lock.sql:L38@asset_manager_transition_group[UPDATE SET]{DIRECT_OR_COMPUTED} ; database/026_sprint4_group_target_and_registry_lock.sql:L39@asset_manager_transition_group[UPDATE SET]{DIRECT_OR_COMPUTED},database/018_sprint4_asset_manager_v2.sql:L57@asset_manager_review[SELECT * INTO row] ; database/018_sprint4_asset_manager_v2.sql:L58@asset_manager_review[qualified/rowtype field reference] ; database/018_sprint4_asset_manager_v2.sql:L64@asset_manager_mark_published[SELECT * INTO row] ; database/018_sprint4_asset_manager_v2.sql:L65@asset_manager_mark_published[qualified/rowtype field reference] ; database/018_sprint4_asset_manager_v2.sql:L70@asset_manager_activate[SELECT * INTO row] ; database/018_sprint4_asset_manager_v2.sql:L70@asset_manager_activate[qualified/rowtype field reference] ; database/018_sprint4_asset_manager_v2.sql:L77@asset_resolve[SELECT * INTO row] ; database/018_sprint4_asset_manager_v2.sql:L81@asset_manager_state[to_jsonb(row) exposes field] ; database/019_sprint4_teacher_authority_correction.sql:L57@asset_manager_review[SELECT * INTO row] ; database/019_sprint4_teacher_authority_correction.sql:L58@asset_manager_review[qualified/rowtype field reference] ; database/019_sprint4_teacher_authority_correction.sql:L64@asset_manager_mark_published[SELECT * INTO row] ; database/019_sprint4_teacher_authority_correction.sql:L65@asset_manager_mark_published[qualified/rowtype field reference] ; database/019_sprint4_teacher_authority_correction.sql:L70@asset_manager_activate[SELECT * INTO row] ; database/019_sprint4_teacher_authority_correction.sql:L70@asset_manager_activate[qualified/rowtype field reference] ; database/019_sprint4_teacher_authority_correction.sql:L77@asset_resolve[SELECT * INTO row] ; database/019_sprint4_teacher_authority_correction.sql:L81@asset_manager_state[to_jsonb(row) exposes field] ; database/021_sprint4_anchor_and_activation_controls.sql:L20@asset_manager_rollback[SELECT * INTO row] ; database/021_sprint4_anchor_and_activation_controls.sql:L20@asset_manager_rollback[qualified/rowtype field reference] ; database/021_sprint4_anchor_and_activation_controls.sql:L8@asset_manager_save_anchors[SELECT * INTO row] ; database/021_sprint4_anchor_and_activation_controls.sql:L8@asset_manager_save_anchors[qualified/rowtype field reference] ; database/022_sprint4_paired_activation_gate.sql:L10@asset_manager_activate[SELECT * INTO row] ; database/022_sprint4_paired_activation_gate.sql:L17@asset_manager_activate[qualified/rowtype field reference] ; database/023_sprint4_rollback_state_correction.sql:L8@asset_manager_rollback[SELECT * INTO row] ; database/023_sprint4_rollback_state_correction.sql:L9@asset_manager_rollback[qualified/rowtype field reference] ; database/024_sprint4_level1_narrow_corrections.sql:L38@asset_manager_import_candidate[SELECT * INTO row] ; database/024_sprint4_level1_narrow_corrections.sql:L38@asset_manager_import_candidate[qualified/rowtype field reference] ; database/024_sprint4_level1_narrow_corrections.sql:L40@asset_manager_import_candidate[qualified/rowtype field reference] ; database/024_sprint4_level1_narrow_corrections.sql:L41@asset_manager_submit_for_review[SELECT * INTO row] ; database/024_sprint4_level1_narrow_corrections.sql:L41@asset_manager_submit_for_review[qualified/rowtype field reference] ; database/024_sprint4_level1_narrow_corrections.sql:L53@asset_manager_activate_group[qualified/rowtype field reference] ; database/025_sprint4_two_narrow_blockers.sql:L13@asset_manager_import_candidate[SELECT * INTO row] ; database/025_sprint4_two_narrow_blockers.sql:L23@asset_manager_import_candidate[qualified/rowtype field reference] ; database/025_sprint4_two_narrow_blockers.sql:L28@asset_manager_import_candidate[qualified/rowtype field reference] ; database/025_sprint4_two_narrow_blockers.sql:L48@asset_manager_transition_group[qualified/rowtype field reference] ; database/025_sprint4_two_narrow_blockers.sql:L54@asset_manager_transition_group[qualified/rowtype field reference] ; database/026_sprint4_group_target_and_registry_lock.sql:L30@asset_manager_transition_group[qualified/rowtype field reference] ; database/026_sprint4_group_target_and_registry_lock.sql:L36@asset_manager_transition_group[qualified/rowtype field reference] ; database/058_sprint9_active_asset_load_failure_telemetry.sql:L14@asset_report_load_failure[qualified/rowtype field reference],PENDING,,,
SN048,status,discussion_sessions#09,F0081,discussion_sessions,9,database/002_runtime_runs_discussion.sql,31,29,75,database/002_runtime_runs_discussion.sql:L403@s2_refresh_discussion[UPDATE SET]{DIRECT_OR_COMPUTED} ; database/002_runtime_runs_discussion.sql:L414@s2_refresh_discussion[UPDATE SET]{DIRECT_OR_COMPUTED} ; database/002_runtime_runs_discussion.sql:L431@s2_refresh_discussion[UPDATE SET]{DIRECT_OR_COMPUTED} ; database/002_runtime_runs_discussion.sql:L477@s2_open_vote[UPDATE SET]{DIRECT_OR_COMPUTED} ; database/002_runtime_runs_discussion.sql:L531@s2_add_time[UPDATE SET]{DIRECT_OR_COMPUTED} ; database/002_runtime_runs_discussion.sql:L692@s2_submit_vote[UPDATE SET]{DIRECT_OR_COMPUTED} ; database/002_runtime_runs_discussion.sql:L715@s2_submit_vote[UPDATE SET]{DIRECT_OR_COMPUTED} ; database/003_sprint2_discussionroom_audit_fix.sql:L238@s2_submit_vote[UPDATE SET]{DIRECT_OR_COMPUTED} ; database/003_sprint2_discussionroom_audit_fix.sql:L261@s2_submit_vote[UPDATE SET]{DIRECT_OR_COMPUTED} ; database/004_sprint2_fallback_resolution_semantics.sql:L114@s2_submit_vote[UPDATE SET]{DIRECT_OR_COMPUTED} ; database/004_sprint2_fallback_resolution_semantics.sql:L91@s2_submit_vote[UPDATE SET]{DIRECT_OR_COMPUTED} ; database/013_sprint3b_discussion_authority_and_request_identity.sql:L358@s2_submit_vote[UPDATE SET]{DIRECT_OR_COMPUTED} ; database/013_sprint3b_discussion_authority_and_request_identity.sql:L381@s2_submit_vote[UPDATE SET]{DIRECT_OR_COMPUTED} ; database/028_sprint5_round_event_link.sql:L27@TOP_LEVEL[INSERT explicit column]{DIRECT_OR_COMPUTED} ; database/028_sprint5_round_event_link.sql:L5@s5_mirror_round_for_audit[INSERT explicit column]{DIRECT_OR_COMPUTED} ; database/029_sprint5_canonical_discussion_localization.sql:L20@s5_configure_discussion[INSERT explicit column]{DIRECT_OR_COMPUTED} ; database/029_sprint5_canonical_discussion_localization.sql:L31@s5_configure_discussion[UPDATE SET]{DIRECT_OR_COMPUTED} ; database/029_sprint5_canonical_discussion_localization.sql:L59@s5_submit_vote[UPDATE SET]{DIRECT_OR_COMPUTED} ; database/031_sprint5_focused_reaudit_corrections.sql:L33@s5_teacher_open_vote[UPDATE SET]{DIRECT_OR_COMPUTED} ; database/031_sprint5_focused_reaudit_corrections.sql:L9@s5_configure_discussion[UPDATE SET]{DIRECT_OR_COMPUTED} ; database/032_sprint5_discussion_creation_restore.sql:L11@s5_configure_discussion[UPDATE SET]{DIRECT_OR_COMPUTED} ; database/032_sprint5_discussion_creation_restore.sql:L9@s5_configure_discussion[INSERT explicit column]{DIRECT_OR_COMPUTED} ; database/035_sprint6_focused_audit_corrections.sql:L32@s6_open_discussion[INSERT explicit column]{DIRECT_OR_COMPUTED} ; database/035_sprint6_focused_audit_corrections.sql:L32@s6_open_discussion[UPDATE SET]{DIRECT_OR_COMPUTED} ; database/035_sprint6_focused_audit_corrections.sql:L42@s6_close_discussion_guarded[UPDATE SET]{DIRECT_OR_COMPUTED} ; database/037_level3_independent_audit_closure.sql:L149@s6_refresh_owned_discussion[UPDATE SET]{DIRECT_OR_COMPUTED} ; database/045_sprint7_teacher_intervention_provenance.sql:L25@s5_teacher_open_vote[UPDATE SET]{DIRECT_OR_COMPUTED} ; database/054_level3_integrated_closure.sql:L63@teacher_apply_override[UPDATE SET]{DIRECT_OR_COMPUTED} ; database/054_level3_integrated_closure.sql:L92@teacher_apply_override[UPDATE SET]{DIRECT_OR_COMPUTED},database/002_runtime_runs_discussion.sql:L1005@s2_get_teacher_state[qualified/rowtype field reference] ; database/002_runtime_runs_discussion.sql:L1052@s2_get_teacher_state[qualified/rowtype field reference] ; database/002_runtime_runs_discussion.sql:L373@s2_open_discussion[qualified/rowtype field reference] ; database/002_runtime_runs_discussion.sql:L389@s2_refresh_discussion[SELECT * INTO row] ; database/002_runtime_runs_discussion.sql:L400@s2_refresh_discussion[qualified/rowtype field reference] ; database/002_runtime_runs_discussion.sql:L423@s2_refresh_discussion[qualified/rowtype field reference] ; database/002_runtime_runs_discussion.sql:L462@s2_open_vote[SELECT * INTO row] ; database/002_runtime_runs_discussion.sql:L469@s2_open_vote[qualified/rowtype field reference] ; database/002_runtime_runs_discussion.sql:L490@s2_open_vote[qualified/rowtype field reference] ; database/002_runtime_runs_discussion.sql:L519@s2_add_time[SELECT * INTO row] ; database/002_runtime_runs_discussion.sql:L526@s2_add_time[qualified/rowtype field reference] ; database/002_runtime_runs_discussion.sql:L542@s2_add_time[qualified/rowtype field reference] ; database/002_runtime_runs_discussion.sql:L568@s2_send_message[SELECT * INTO row] ; database/002_runtime_runs_discussion.sql:L576@s2_send_message[SELECT * INTO row] ; database/002_runtime_runs_discussion.sql:L579@s2_send_message[qualified/rowtype field reference] ; database/002_runtime_runs_discussion.sql:L633@s2_submit_vote[SELECT * INTO row] ; database/002_runtime_runs_discussion.sql:L642@s2_submit_vote[SELECT * INTO row] ; database/002_runtime_runs_discussion.sql:L646@s2_submit_vote[qualified/rowtype field reference] ; database/002_runtime_runs_discussion.sql:L827@s2_get_player_state[SELECT * INTO row] ; database/002_runtime_runs_discussion.sql:L835@s2_get_player_state[SELECT * INTO row] ; database/002_runtime_runs_discussion.sql:L866@s2_get_player_state[qualified/rowtype field reference] ; database/002_runtime_runs_discussion.sql:L918@s2_get_player_state[qualified/rowtype field reference] ; database/002_runtime_runs_discussion.sql:L938@s2_get_player_state[qualified/rowtype field reference] ; database/002_runtime_runs_discussion.sql:L980@s2_get_teacher_state[SELECT * INTO row] ; database/002_runtime_runs_discussion.sql:L988@s2_get_teacher_state[SELECT * INTO row] ; database/003_sprint2_discussionroom_audit_fix.sql:L148@s2_open_discussion[qualified/rowtype field reference] ; database/003_sprint2_discussionroom_audit_fix.sql:L179@s2_submit_vote[SELECT * INTO row] ; database/003_sprint2_discussionroom_audit_fix.sql:L188@s2_submit_vote[SELECT * INTO row] ; database/003_sprint2_discussionroom_audit_fix.sql:L192@s2_submit_vote[qualified/rowtype field reference] ; database/003_sprint2_discussionroom_audit_fix.sql:L373@s2_get_player_state[SELECT * INTO row] ; database/003_sprint2_discussionroom_audit_fix.sql:L381@s2_get_player_state[SELECT * INTO row] ; database/003_sprint2_discussionroom_audit_fix.sql:L413@s2_get_player_state[qualified/rowtype field reference] ; database/003_sprint2_discussionroom_audit_fix.sql:L465@s2_get_player_state[qualified/rowtype field reference] ; database/003_sprint2_discussionroom_audit_fix.sql:L485@s2_get_player_state[qualified/rowtype field reference] ; database/003_sprint2_discussionroom_audit_fix.sql:L528@s2_get_teacher_state[SELECT * INTO row] ; database/003_sprint2_discussionroom_audit_fix.sql:L536@s2_get_teacher_state[SELECT * INTO row] ; database/003_sprint2_discussionroom_audit_fix.sql:L554@s2_get_teacher_state[qualified/rowtype field reference] ; database/003_sprint2_discussionroom_audit_fix.sql:L614@s2_get_teacher_state[qualified/rowtype field reference] ; database/004_sprint2_fallback_resolution_semantics.sql:L32@s2_submit_vote[SELECT * INTO row] ; database/004_sprint2_fallback_resolution_semantics.sql:L41@s2_submit_vote[SELECT * INTO row] ; database/004_sprint2_fallback_resolution_semantics.sql:L45@s2_submit_vote[qualified/rowtype field reference] ; database/013_sprint3b_discussion_authority_and_request_identity.sql:L214@s2_send_message[SELECT * INTO row] ; database/013_sprint3b_discussion_authority_and_request_identity.sql:L237@s2_send_message[SELECT * INTO row] ; database/013_sprint3b_discussion_authority_and_request_identity.sql:L239@s2_send_message[qualified/rowtype field reference] ; database/013_sprint3b_discussion_authority_and_request_identity.sql:L295@s2_submit_vote[SELECT * INTO row] ; database/013_sprint3b_discussion_authority_and_request_identity.sql:L305@s2_submit_vote[SELECT * INTO row] ; database/013_sprint3b_discussion_authority_and_request_identity.sql:L307@s2_submit_vote[qualified/rowtype field reference] ; database/013_sprint3b_discussion_authority_and_request_identity.sql:L322@s2_submit_vote[qualified/rowtype field reference] ; database/013_sprint3b_discussion_authority_and_request_identity.sql:L94@s3b_apply_resolved_discussion_internal[SELECT * INTO row] ; database/013_sprint3b_discussion_authority_and_request_identity.sql:L97@s3b_apply_resolved_discussion_internal[qualified/rowtype field reference] ; database/014a_sprint3b_inspect_reconnect_idempotency_fix.sql:L20@s3b_apply_resolved_discussion_internal[SELECT * INTO row] ; database/014a_sprint3b_inspect_reconnect_idempotency_fix.sql:L23@s3b_apply_resolved_discussion_internal[qualified/rowtype field reference] ; database/029_sprint5_canonical_discussion_localization.sql:L54@s5_submit_vote[SELECT * INTO row] ; database/029_sprint5_canonical_discussion_localization.sql:L55@s5_submit_vote[qualified/rowtype field reference] ; database/029_sprint5_canonical_discussion_localization.sql:L85@s5_get_player_state[to_jsonb(row) exposes field] ; database/029_sprint5_canonical_discussion_localization.sql:L89@s5_get_discussion_state[SELECT * INTO row] ; database/029_sprint5_canonical_discussion_localization.sql:L93@s5_get_discussion_state[qualified/rowtype field reference] ; database/030_sprint5_exact_session_messages.sql:L11@s5_send_message[qualified/rowtype field reference] ; database/031_sprint5_focused_reaudit_corrections.sql:L30@s5_get_teacher_discussion_state[qualified/rowtype field reference] ; database/031_sprint5_focused_reaudit_corrections.sql:L31@s5_get_teacher_discussion_state[qualified/rowtype field reference] ; database/035_sprint6_focused_audit_corrections.sql:L40@s6_send_message_guarded[qualified/rowtype field reference] ; database/035_sprint6_focused_audit_corrections.sql:L42@s6_close_discussion_guarded[qualified/rowtype field reference] ; database/037_level3_independent_audit_closure.sql:L146@s6_refresh_owned_discussion[SELECT * INTO row] ; database/037_level3_independent_audit_closure.sql:L159@s2_refresh_discussion[SELECT * INTO row] ; database/040_level2_closure_verification_support.sql:L14@s6_verify_expire_discussion[SELECT * INTO row] ; database/041_level2_normal_s5_verification_support.sql:L14@s5_verify_expire_discussion[SELECT * INTO row] ; database/043_sprint7_teacher_console.sql:L40@s7_get_teacher_console[SELECT * INTO row] ; database/043_sprint7_teacher_console.sql:L78@s7_get_teacher_console[qualified/rowtype field reference] ; database/043_sprint7_teacher_console.sql:L79@s7_get_teacher_console[qualified/rowtype field reference] ; database/044_sprint7_focused_level1_corrections.sql:L29@s7_get_teacher_console[SELECT * INTO row] ; database/044_sprint7_focused_level1_corrections.sql:L65@s7_get_teacher_console[qualified/rowtype field reference] ; database/050_sprint8_act2_verifier_projection_fix.sql:L26@s8_verify_integrity[qualified/rowtype field reference] ; database/054_level3_integrated_closure.sql:L135@s8_verify_integrity[qualified/rowtype field reference] ; database/054_level3_integrated_closure.sql:L59@teacher_apply_override[SELECT * INTO row] ; database/054_level3_integrated_closure.sql:L91@teacher_apply_override[SELECT * INTO row],PENDING,,,
SN048,status,game_runs#06,F0107,game_runs,6,database/002_runtime_runs_discussion.sql,10,2,38,database/048_sprint8_focused_level1_corrections.sql:L72@s8_finalize[UPDATE SET]{DIRECT_OR_COMPUTED} ; database/049_sprint8_final_closure.sql:L169@s8_finalize[UPDATE SET]{DIRECT_OR_COMPUTED},database/002_runtime_runs_discussion.sql:L139@s2_get_active_run[qualified/rowtype field reference] ; database/002_runtime_runs_discussion.sql:L262@s2_open_discussion[SELECT * INTO row] ; database/002_runtime_runs_discussion.sql:L398@s2_refresh_discussion[SELECT * INTO row] ; database/003_sprint2_discussionroom_audit_fix.sql:L45@s2_open_discussion[SELECT * INTO row] ; database/013_sprint3b_discussion_authority_and_request_identity.sql:L291@s2_submit_vote[SELECT * INTO row] ; database/013_sprint3b_discussion_authority_and_request_identity.sql:L61@s2_open_discussion[SELECT * INTO row] ; database/013_sprint3b_discussion_authority_and_request_identity.sql:L91@s3b_apply_resolved_discussion_internal[SELECT * INTO row] ; database/014_sprint3b_evidence_and_puzzle_integrity.sql:L386@s3b_submit_library_code[SELECT * INTO row] ; database/014_sprint3b_evidence_and_puzzle_integrity.sql:L466@s3b_submit_post_inspection_route_vote[SELECT * INTO row] ; database/014a_sprint3b_inspect_reconnect_idempotency_fix.sql:L17@s3b_apply_resolved_discussion_internal[SELECT * INTO row] ; database/014b_sprint3b_targeted_closure_corrections.sql:L106@s3b_complete_act1[SELECT * INTO row] ; database/014b_sprint3b_targeted_closure_corrections.sql:L112@s3b_submit_first_meeting[SELECT * INTO row] ; database/014b_sprint3b_targeted_closure_corrections.sql:L121@s3b_grab[SELECT * INTO row] ; database/014b_sprint3b_targeted_closure_corrections.sql:L126@s3b_leave_start_room[SELECT * INTO row] ; database/014b_sprint3b_targeted_closure_corrections.sql:L131@s3b_ack_route_update[SELECT * INTO row] ; database/014b_sprint3b_targeted_closure_corrections.sql:L136@s3b_complete_foldback[SELECT * INTO row] ; database/014b_sprint3b_targeted_closure_corrections.sql:L141@s3b_follow_sign[SELECT * INTO row] ; database/014b_sprint3b_targeted_closure_corrections.sql:L147@s3b_submit_act4_choice[SELECT * INTO row] ; database/014b_sprint3b_targeted_closure_corrections.sql:L18@s3b_initialize_flow[SELECT * INTO row] ; database/014b_sprint3b_targeted_closure_corrections.sql:L194@s3b_audit_set_private_debug_view[SELECT * INTO row] ; database/014b_sprint3b_targeted_closure_corrections.sql:L83@s3b_ack_act1_opening[SELECT * INTO row] ; database/014b_sprint3b_targeted_closure_corrections.sql:L94@s3b_submit_act1_choice[SELECT * INTO row] ; database/015_sprint3c_minimal_safe_teacher_override.sql:L69@teacher_apply_override[SELECT * INTO row] ; database/017_sprint3c_override_act2_entry_correction.sql:L20@s3b_submit_first_meeting[SELECT * INTO row] ; database/043_sprint7_teacher_console.sql:L14@s7_set_audit_private_debug[SELECT * INTO row] ; database/043_sprint7_teacher_console.sql:L33@s7_get_teacher_console[SELECT * INTO row] ; database/043_sprint7_teacher_console.sql:L76@s7_get_teacher_console[qualified/rowtype field reference] ; database/044_sprint7_focused_level1_corrections.sql:L22@s7_get_teacher_console[SELECT * INTO row] ; database/044_sprint7_focused_level1_corrections.sql:L65@s7_get_teacher_console[qualified/rowtype field reference] ; database/048_sprint8_focused_level1_corrections.sql:L22@s8_finalize[SELECT * INTO row] ; database/048_sprint8_focused_level1_corrections.sql:L8@s8_latest_completed_run[qualified/rowtype field reference] ; database/049_sprint8_final_closure.sql:L156@s8_finalize[SELECT * INTO row] ; database/049_sprint8_final_closure.sql:L160@s8_finalize[qualified/rowtype field reference] ; database/049_sprint8_final_closure.sql:L70@s8_verify_integrity[SELECT * INTO row] ; database/054_level3_integrated_closure.sql:L152@s8_latest_completed_run[qualified/rowtype field reference] ; database/054_level3_integrated_closure.sql:L165@s8_get_finalization_state[qualified/rowtype field reference] ; database/054_level3_integrated_closure.sql:L17@teacher_apply_override[qualified/rowtype field reference] ; database/054_level3_integrated_closure.sql:L20@teacher_apply_override[SELECT * INTO row],PENDING,,,
SN048,status,s5_rounds#06,F0302,s5_rounds,6,database/027_sprint5_act6_8_runtime.sql,18,4,3,database/027_sprint5_act6_8_runtime.sql:L59@s5_submit_vote[UPDATE SET]{DIRECT_OR_COMPUTED} ; database/027_sprint5_act6_8_runtime.sql:L62@s5_submit_vote[UPDATE SET]{DIRECT_OR_COMPUTED} ; database/027_sprint5_act6_8_runtime.sql:L65@s5_submit_vote[UPDATE SET]{DIRECT_OR_COMPUTED} ; database/029_sprint5_canonical_discussion_localization.sql:L62@s5_submit_vote[UPDATE SET]{DIRECT_OR_COMPUTED},database/027_sprint5_act6_8_runtime.sql:L49@s5_submit_vote[SELECT * INTO row] ; database/027_sprint5_act6_8_runtime.sql:L49@s5_submit_vote[qualified/rowtype field reference] ; database/053_sprint8_act6_effective_round_integrity.sql:L33@s8_verify_integrity[qualified/rowtype field reference],PENDING,,,
SN049,step_key,dialogue_messages#06,F0068,dialogue_messages,6,database/002_runtime_runs_discussion.sql,60,4,2,database/002_runtime_runs_discussion.sql:L586@s2_send_message[INSERT explicit column]{DIRECT_OR_COMPUTED} ; database/013_sprint3b_discussion_authority_and_request_identity.sql:L246@s2_send_message[INSERT explicit column]{DIRECT_OR_COMPUTED} ; database/030_sprint5_exact_session_messages.sql:L12@s5_send_message[INSERT explicit column]{DIRECT_OR_COMPUTED} ; database/035_sprint6_focused_audit_corrections.sql:L40@s6_send_message_guarded[INSERT explicit column]{DIRECT_OR_COMPUTED},database/013_sprint3b_discussion_authority_and_request_identity.sql:L223@s2_send_message[SELECT * INTO row] ; database/030_sprint5_exact_session_messages.sql:L9@s5_send_message[SELECT * INTO row],PENDING,,,
SN049,step_key,discussion_sessions#05,F0077,discussion_sessions,5,database/002_runtime_runs_discussion.sql,27,16,54,database/002_runtime_runs_discussion.sql:L342@s2_open_discussion[INSERT explicit column]{DIRECT_OR_COMPUTED} ; database/002_runtime_runs_discussion.sql:L735@s2_submit_vote[INSERT explicit column]{DIRECT_OR_COMPUTED} ; database/003_sprint2_discussionroom_audit_fix.sql:L117@s2_open_discussion[INSERT explicit column]{DIRECT_OR_COMPUTED} ; database/003_sprint2_discussionroom_audit_fix.sql:L281@s2_submit_vote[INSERT explicit column]{DIRECT_OR_COMPUTED} ; database/004_sprint2_fallback_resolution_semantics.sql:L134@s2_submit_vote[INSERT explicit column]{DIRECT_OR_COMPUTED} ; database/007_sprint3b_act1_5_placeholder_flow.sql:L140@s3b_leave_start_room[INSERT explicit column]{DIRECT_OR_COMPUTED} ; database/007_sprint3b_act1_5_placeholder_flow.sql:L249@s3b_submit_act4_choice[INSERT explicit column]{DIRECT_OR_COMPUTED} ; database/013_sprint3b_discussion_authority_and_request_identity.sql:L397@s2_submit_vote[INSERT explicit column]{DIRECT_OR_COMPUTED} ; database/028_sprint5_round_event_link.sql:L27@TOP_LEVEL[INSERT explicit column]{DIRECT_OR_COMPUTED} ; database/028_sprint5_round_event_link.sql:L5@s5_mirror_round_for_audit[INSERT explicit column]{DIRECT_OR_COMPUTED} ; database/029_sprint5_canonical_discussion_localization.sql:L20@s5_configure_discussion[INSERT explicit column]{DIRECT_OR_COMPUTED} ; database/029_sprint5_canonical_discussion_localization.sql:L31@s5_configure_discussion[UPDATE SET]{DIRECT_OR_COMPUTED} ; database/032_sprint5_discussion_creation_restore.sql:L9@s5_configure_discussion[INSERT explicit column]{DIRECT_OR_COMPUTED} ; database/035_sprint6_focused_audit_corrections.sql:L32@s6_open_discussion[INSERT explicit column]{DIRECT_OR_COMPUTED} ; database/054_level3_integrated_closure.sql:L55@teacher_apply_override[INSERT explicit column]{DIRECT_OR_COMPUTED} ; database/054_level3_integrated_closure.sql:L85@teacher_apply_override[INSERT explicit column]{DIRECT_OR_COMPUTED},database/002_runtime_runs_discussion.sql:L389@s2_refresh_discussion[SELECT * INTO row] ; database/002_runtime_runs_discussion.sql:L462@s2_open_vote[SELECT * INTO row] ; database/002_runtime_runs_discussion.sql:L519@s2_add_time[SELECT * INTO row] ; database/002_runtime_runs_discussion.sql:L568@s2_send_message[SELECT * INTO row] ; database/002_runtime_runs_discussion.sql:L576@s2_send_message[SELECT * INTO row] ; database/002_runtime_runs_discussion.sql:L591@s2_send_message[qualified/rowtype field reference] ; database/002_runtime_runs_discussion.sql:L633@s2_submit_vote[SELECT * INTO row] ; database/002_runtime_runs_discussion.sql:L642@s2_submit_vote[SELECT * INTO row] ; database/002_runtime_runs_discussion.sql:L661@s2_submit_vote[qualified/rowtype field reference] ; database/002_runtime_runs_discussion.sql:L742@s2_submit_vote[qualified/rowtype field reference] ; database/002_runtime_runs_discussion.sql:L827@s2_get_player_state[SELECT * INTO row] ; database/002_runtime_runs_discussion.sql:L835@s2_get_player_state[SELECT * INTO row] ; database/002_runtime_runs_discussion.sql:L980@s2_get_teacher_state[SELECT * INTO row] ; database/002_runtime_runs_discussion.sql:L988@s2_get_teacher_state[SELECT * INTO row] ; database/003_sprint2_discussionroom_audit_fix.sql:L179@s2_submit_vote[SELECT * INTO row] ; database/003_sprint2_discussionroom_audit_fix.sql:L188@s2_submit_vote[SELECT * INTO row] ; database/003_sprint2_discussionroom_audit_fix.sql:L207@s2_submit_vote[qualified/rowtype field reference] ; database/003_sprint2_discussionroom_audit_fix.sql:L288@s2_submit_vote[qualified/rowtype field reference] ; database/003_sprint2_discussionroom_audit_fix.sql:L373@s2_get_player_state[SELECT * INTO row] ; database/003_sprint2_discussionroom_audit_fix.sql:L381@s2_get_player_state[SELECT * INTO row] ; database/003_sprint2_discussionroom_audit_fix.sql:L528@s2_get_teacher_state[SELECT * INTO row] ; database/003_sprint2_discussionroom_audit_fix.sql:L536@s2_get_teacher_state[SELECT * INTO row] ; database/004_sprint2_fallback_resolution_semantics.sql:L141@s2_submit_vote[qualified/rowtype field reference] ; database/004_sprint2_fallback_resolution_semantics.sql:L32@s2_submit_vote[SELECT * INTO row] ; database/004_sprint2_fallback_resolution_semantics.sql:L41@s2_submit_vote[SELECT * INTO row] ; database/004_sprint2_fallback_resolution_semantics.sql:L60@s2_submit_vote[qualified/rowtype field reference] ; database/013_sprint3b_discussion_authority_and_request_identity.sql:L175@s3b_apply_resolved_discussion_internal[qualified/rowtype field reference] ; database/013_sprint3b_discussion_authority_and_request_identity.sql:L214@s2_send_message[SELECT * INTO row] ; database/013_sprint3b_discussion_authority_and_request_identity.sql:L237@s2_send_message[SELECT * INTO row] ; database/013_sprint3b_discussion_authority_and_request_identity.sql:L251@s2_send_message[qualified/rowtype field reference] ; database/013_sprint3b_discussion_authority_and_request_identity.sql:L295@s2_submit_vote[SELECT * INTO row] ; database/013_sprint3b_discussion_authority_and_request_identity.sql:L305@s2_submit_vote[SELECT * INTO row] ; database/013_sprint3b_discussion_authority_and_request_identity.sql:L332@s2_submit_vote[qualified/rowtype field reference] ; database/013_sprint3b_discussion_authority_and_request_identity.sql:L404@s2_submit_vote[qualified/rowtype field reference] ; database/013_sprint3b_discussion_authority_and_request_identity.sql:L94@s3b_apply_resolved_discussion_internal[SELECT * INTO row] ; database/014a_sprint3b_inspect_reconnect_idempotency_fix.sql:L101@s3b_apply_resolved_discussion_internal[qualified/rowtype field reference] ; database/014a_sprint3b_inspect_reconnect_idempotency_fix.sql:L20@s3b_apply_resolved_discussion_internal[SELECT * INTO row] ; database/029_sprint5_canonical_discussion_localization.sql:L54@s5_submit_vote[SELECT * INTO row] ; database/029_sprint5_canonical_discussion_localization.sql:L85@s5_get_player_state[to_jsonb(row) exposes field] ; database/029_sprint5_canonical_discussion_localization.sql:L89@s5_get_discussion_state[SELECT * INTO row] ; database/030_sprint5_exact_session_messages.sql:L12@s5_send_message[qualified/rowtype field reference] ; database/035_sprint6_focused_audit_corrections.sql:L40@s6_send_message_guarded[qualified/rowtype field reference] ; database/035_sprint6_focused_audit_corrections.sql:L72@s6_get_player_state[qualified/rowtype field reference] ; database/036_sprint6_four_open_findings.sql:L29@s6_get_player_state[qualified/rowtype field reference] ; database/037_level3_independent_audit_closure.sql:L146@s6_refresh_owned_discussion[SELECT * INTO row] ; database/037_level3_independent_audit_closure.sql:L159@s2_refresh_discussion[SELECT * INTO row] ; database/037_level3_independent_audit_closure.sql:L179@s6_get_player_state[qualified/rowtype field reference] ; database/040_level2_closure_verification_support.sql:L14@s6_verify_expire_discussion[SELECT * INTO row] ; database/041_level2_normal_s5_verification_support.sql:L14@s5_verify_expire_discussion[SELECT * INTO row] ; database/043_sprint7_teacher_console.sql:L40@s7_get_teacher_console[SELECT * INTO row] ; database/044_sprint7_focused_level1_corrections.sql:L29@s7_get_teacher_console[SELECT * INTO row] ; database/050_sprint8_act2_verifier_projection_fix.sql:L25@s8_verify_integrity[qualified/rowtype field reference] ; database/054_level3_integrated_closure.sql:L59@teacher_apply_override[SELECT * INTO row] ; database/054_level3_integrated_closure.sql:L91@teacher_apply_override[SELECT * INTO row],PENDING,,,
SN049,step_key,game_runs#09,F0110,game_runs,9,database/002_runtime_runs_discussion.sql,13,3,37,database/046_sprint8_act14_finalization_export.sql:L56@s8_finalize[UPDATE SET]{DIRECT_OR_COMPUTED} ; database/048_sprint8_focused_level1_corrections.sql:L72@s8_finalize[UPDATE SET]{DIRECT_OR_COMPUTED} ; database/049_sprint8_final_closure.sql:L169@s8_finalize[UPDATE SET]{DIRECT_OR_COMPUTED},database/002_runtime_runs_discussion.sql:L262@s2_open_discussion[SELECT * INTO row] ; database/002_runtime_runs_discussion.sql:L349@s2_open_discussion[qualified/rowtype field reference] ; database/002_runtime_runs_discussion.sql:L398@s2_refresh_discussion[SELECT * INTO row] ; database/003_sprint2_discussionroom_audit_fix.sql:L124@s2_open_discussion[qualified/rowtype field reference] ; database/003_sprint2_discussionroom_audit_fix.sql:L45@s2_open_discussion[SELECT * INTO row] ; database/013_sprint3b_discussion_authority_and_request_identity.sql:L291@s2_submit_vote[SELECT * INTO row] ; database/013_sprint3b_discussion_authority_and_request_identity.sql:L61@s2_open_discussion[SELECT * INTO row] ; database/013_sprint3b_discussion_authority_and_request_identity.sql:L91@s3b_apply_resolved_discussion_internal[SELECT * INTO row] ; database/014_sprint3b_evidence_and_puzzle_integrity.sql:L386@s3b_submit_library_code[SELECT * INTO row] ; database/014_sprint3b_evidence_and_puzzle_integrity.sql:L466@s3b_submit_post_inspection_route_vote[SELECT * INTO row] ; database/014a_sprint3b_inspect_reconnect_idempotency_fix.sql:L17@s3b_apply_resolved_discussion_internal[SELECT * INTO row] ; database/014b_sprint3b_targeted_closure_corrections.sql:L106@s3b_complete_act1[SELECT * INTO row] ; database/014b_sprint3b_targeted_closure_corrections.sql:L112@s3b_submit_first_meeting[SELECT * INTO row] ; database/014b_sprint3b_targeted_closure_corrections.sql:L121@s3b_grab[SELECT * INTO row] ; database/014b_sprint3b_targeted_closure_corrections.sql:L126@s3b_leave_start_room[SELECT * INTO row] ; database/014b_sprint3b_targeted_closure_corrections.sql:L131@s3b_ack_route_update[SELECT * INTO row] ; database/014b_sprint3b_targeted_closure_corrections.sql:L136@s3b_complete_foldback[SELECT * INTO row] ; database/014b_sprint3b_targeted_closure_corrections.sql:L141@s3b_follow_sign[SELECT * INTO row] ; database/014b_sprint3b_targeted_closure_corrections.sql:L147@s3b_submit_act4_choice[SELECT * INTO row] ; database/014b_sprint3b_targeted_closure_corrections.sql:L18@s3b_initialize_flow[SELECT * INTO row] ; database/014b_sprint3b_targeted_closure_corrections.sql:L194@s3b_audit_set_private_debug_view[SELECT * INTO row] ; database/014b_sprint3b_targeted_closure_corrections.sql:L83@s3b_ack_act1_opening[SELECT * INTO row] ; database/014b_sprint3b_targeted_closure_corrections.sql:L94@s3b_submit_act1_choice[SELECT * INTO row] ; database/015_sprint3c_minimal_safe_teacher_override.sql:L69@teacher_apply_override[SELECT * INTO row] ; database/017_sprint3c_override_act2_entry_correction.sql:L20@s3b_submit_first_meeting[SELECT * INTO row] ; database/043_sprint7_teacher_console.sql:L14@s7_set_audit_private_debug[SELECT * INTO row] ; database/043_sprint7_teacher_console.sql:L33@s7_get_teacher_console[SELECT * INTO row] ; database/043_sprint7_teacher_console.sql:L77@s7_get_teacher_console[qualified/rowtype field reference] ; database/044_sprint7_focused_level1_corrections.sql:L22@s7_get_teacher_console[SELECT * INTO row] ; database/044_sprint7_focused_level1_corrections.sql:L65@s7_get_teacher_console[qualified/rowtype field reference] ; database/046_sprint8_act14_finalization_export.sql:L89@s8_export_session[qualified/rowtype field reference] ; database/047_sprint8_export_completeness.sql:L12@s8_export_session[qualified/rowtype field reference] ; database/048_sprint8_focused_level1_corrections.sql:L108@s8_export_session[qualified/rowtype field reference] ; database/048_sprint8_focused_level1_corrections.sql:L22@s8_finalize[SELECT * INTO row] ; database/049_sprint8_final_closure.sql:L156@s8_finalize[SELECT * INTO row] ; database/049_sprint8_final_closure.sql:L70@s8_verify_integrity[SELECT * INTO row] ; database/054_level3_integrated_closure.sql:L20@teacher_apply_override[SELECT * INTO row],PENDING,,,
SN049,step_key,runtime_events#11,F0129,runtime_events,11,database/014_sprint3b_evidence_and_puzzle_integrity.sql,48,19,1,database/014_sprint3b_evidence_and_puzzle_integrity.sql:L114@s2_log_event[INSERT explicit column]{DIRECT_OR_COMPUTED} ; database/014_sprint3b_evidence_and_puzzle_integrity.sql:L154@s3b_log_formal_event[INSERT explicit column]{DIRECT_OR_COMPUTED} ; database/014_sprint3b_evidence_and_puzzle_integrity.sql:L214@s3b_set_scene[INSERT explicit column]{DIRECT_OR_COMPUTED} ; database/014_sprint3b_evidence_and_puzzle_integrity.sql:L58@TOP_LEVEL[UPDATE SET]{DERIVED_OR_COPY} ; database/014b_sprint3b_targeted_closure_corrections.sql:L63@s3b_log_formal_event_at_context[INSERT explicit column]{DIRECT_OR_COMPUTED} ; database/015_sprint3c_minimal_safe_teacher_override.sql:L53@s3b_log_formal_event_at_context[INSERT explicit column]{DIRECT_OR_COMPUTED} ; database/015_sprint3c_minimal_safe_teacher_override.sql:L78@teacher_apply_override[INSERT explicit column]{DIRECT_OR_COMPUTED} ; database/015_sprint3c_minimal_safe_teacher_override.sql:L91@teacher_apply_override[INSERT explicit column]{DIRECT_OR_COMPUTED} ; database/015_sprint3c_minimal_safe_teacher_override.sql:L99@teacher_apply_override[INSERT explicit column]{DIRECT_OR_COMPUTED} ; database/016_sprint3c_level1_narrow_corrections.sql:L65@s2_log_event[INSERT explicit column]{DIRECT_OR_COMPUTED} ; database/043_sprint7_teacher_console.sql:L19@s7_set_audit_private_debug[INSERT explicit column]{DIRECT_OR_COMPUTED} ; database/045_sprint7_teacher_intervention_provenance.sql:L18@TOP_LEVEL[INSERT explicit column]{DIRECT_OR_COMPUTED} ; database/045_sprint7_teacher_intervention_provenance.sql:L26@s5_teacher_open_vote[INSERT explicit column]{DIRECT_OR_COMPUTED} ; database/045_sprint7_teacher_intervention_provenance.sql:L32@s5_teacher_add_time[INSERT explicit column]{DIRECT_OR_COMPUTED} ; database/045_sprint7_teacher_intervention_provenance.sql:L8@s7_mirror_teacher_discussion_event[INSERT explicit column]{DIRECT_OR_COMPUTED} ; database/046_sprint8_act14_finalization_export.sql:L57@s8_finalize[INSERT explicit column]{DIRECT_OR_COMPUTED} ; database/048_sprint8_focused_level1_corrections.sql:L73@s8_finalize[INSERT explicit column]{DIRECT_OR_COMPUTED} ; database/049_sprint8_final_closure.sql:L170@s8_finalize[INSERT explicit column]{DIRECT_OR_COMPUTED} ; database/054_level3_integrated_closure.sql:L102@teacher_apply_override[INSERT explicit column]{DIRECT_OR_COMPUTED},database/014b_sprint3b_targeted_closure_corrections.sql:L171@s2_get_teacher_state[qualified/rowtype field reference],PENDING,,,
SN049,step_key,runtime_player_decisions#06,F0140,runtime_player_decisions,6,database/002_runtime_runs_discussion.sql,75,4,1,database/002_runtime_runs_discussion.sql:L656@s2_submit_vote[INSERT explicit column]{DIRECT_OR_COMPUTED} ; database/003_sprint2_discussionroom_audit_fix.sql:L202@s2_submit_vote[INSERT explicit column]{DIRECT_OR_COMPUTED} ; database/004_sprint2_fallback_resolution_semantics.sql:L55@s2_submit_vote[INSERT explicit column]{DIRECT_OR_COMPUTED} ; database/013_sprint3b_discussion_authority_and_request_identity.sql:L327@s2_submit_vote[INSERT explicit column]{DIRECT_OR_COMPUTED},database/013_sprint3b_discussion_authority_and_request_identity.sql:L314@s2_submit_vote[SELECT * INTO row],PENDING,,,
SN049,step_key,s3_runtime_scene_state#04,F0220,s3_runtime_scene_state,4,database/005_sprint3a_scene_pocket_knowledge_foundation.sql,7,4,61,database/005_sprint3a_scene_pocket_knowledge_foundation.sql:L171@s3_initialize_audit_fixture[INSERT explicit column]{DIRECT_OR_COMPUTED} ; database/006_sprint3a_provenance_view_integrity_fix.sql:L108@s3_initialize_audit_fixture[INSERT explicit column]{DIRECT_OR_COMPUTED} ; database/007_sprint3b_act1_5_placeholder_flow.sql:L65@s3b_set_scene[INSERT explicit column]{DIRECT_OR_COMPUTED} ; database/014_sprint3b_evidence_and_puzzle_integrity.sql:L190@s3b_set_scene[INSERT explicit column]{DIRECT_OR_COMPUTED},database/005_sprint3a_scene_pocket_knowledge_foundation.sql:L234@s3_get_player_state[to_jsonb(row) exposes field] ; database/006_sprint3a_provenance_view_integrity_fix.sql:L143@s3_get_player_state[to_jsonb(row) exposes field] ; database/007_sprint3b_act1_5_placeholder_flow.sql:L284@s3b_get_player_state[to_jsonb(row) exposes field] ; database/013_sprint3b_discussion_authority_and_request_identity.sql:L511@s2_get_teacher_state[to_jsonb(row) exposes field] ; database/014_sprint3b_evidence_and_puzzle_integrity.sql:L153@s3b_log_formal_event[SELECT * INTO row] ; database/014_sprint3b_evidence_and_puzzle_integrity.sql:L160@s3b_log_formal_event[qualified/rowtype field reference] ; database/014_sprint3b_evidence_and_puzzle_integrity.sql:L185@s3b_set_scene[SELECT * INTO row] ; database/014_sprint3b_evidence_and_puzzle_integrity.sql:L212@s3b_set_scene[qualified/rowtype field reference] ; database/014_sprint3b_evidence_and_puzzle_integrity.sql:L220@s3b_set_scene[qualified/rowtype field reference] ; database/014_sprint3b_evidence_and_puzzle_integrity.sql:L540@s3_share_photo[SELECT * INTO row] ; database/014b_sprint3b_targeted_closure_corrections.sql:L106@s3b_complete_act1[SELECT * INTO row] ; database/014b_sprint3b_targeted_closure_corrections.sql:L106@s3b_complete_act1[qualified/rowtype field reference] ; database/014b_sprint3b_targeted_closure_corrections.sql:L112@s3b_submit_first_meeting[SELECT * INTO row] ; database/014b_sprint3b_targeted_closure_corrections.sql:L114@s3b_submit_first_meeting[qualified/rowtype field reference] ; database/014b_sprint3b_targeted_closure_corrections.sql:L121@s3b_grab[SELECT * INTO row] ; database/014b_sprint3b_targeted_closure_corrections.sql:L121@s3b_grab[qualified/rowtype field reference] ; database/014b_sprint3b_targeted_closure_corrections.sql:L126@s3b_leave_start_room[SELECT * INTO row] ; database/014b_sprint3b_targeted_closure_corrections.sql:L126@s3b_leave_start_room[qualified/rowtype field reference] ; database/014b_sprint3b_targeted_closure_corrections.sql:L131@s3b_ack_route_update[SELECT * INTO row] ; database/014b_sprint3b_targeted_closure_corrections.sql:L131@s3b_ack_route_update[qualified/rowtype field reference] ; database/014b_sprint3b_targeted_closure_corrections.sql:L136@s3b_complete_foldback[SELECT * INTO row] ; database/014b_sprint3b_targeted_closure_corrections.sql:L136@s3b_complete_foldback[qualified/rowtype field reference] ; database/014b_sprint3b_targeted_closure_corrections.sql:L141@s3b_follow_sign[SELECT * INTO row] ; database/014b_sprint3b_targeted_closure_corrections.sql:L141@s3b_follow_sign[qualified/rowtype field reference] ; database/014b_sprint3b_targeted_closure_corrections.sql:L147@s3b_submit_act4_choice[SELECT * INTO row] ; database/014b_sprint3b_targeted_closure_corrections.sql:L149@s3b_submit_act4_choice[qualified/rowtype field reference] ; database/014b_sprint3b_targeted_closure_corrections.sql:L83@s3b_ack_act1_opening[SELECT * INTO row] ; database/014b_sprint3b_targeted_closure_corrections.sql:L84@s3b_ack_act1_opening[qualified/rowtype field reference] ; database/014b_sprint3b_targeted_closure_corrections.sql:L94@s3b_submit_act1_choice[SELECT * INTO row] ; database/014b_sprint3b_targeted_closure_corrections.sql:L97@s3b_submit_act1_choice[qualified/rowtype field reference] ; database/015_sprint3c_minimal_safe_teacher_override.sql:L100@teacher_apply_override[qualified/rowtype field reference] ; database/015_sprint3c_minimal_safe_teacher_override.sql:L109@teacher_apply_override[qualified/rowtype field reference] ; database/015_sprint3c_minimal_safe_teacher_override.sql:L121@s2_get_teacher_state[SELECT * INTO row] ; database/015_sprint3c_minimal_safe_teacher_override.sql:L71@teacher_apply_override[SELECT * INTO row] ; database/015_sprint3c_minimal_safe_teacher_override.sql:L77@teacher_apply_override[qualified/rowtype field reference] ; database/015_sprint3c_minimal_safe_teacher_override.sql:L79@teacher_apply_override[qualified/rowtype field reference] ; database/015_sprint3c_minimal_safe_teacher_override.sql:L90@teacher_apply_override[qualified/rowtype field reference] ; database/015_sprint3c_minimal_safe_teacher_override.sql:L92@teacher_apply_override[qualified/rowtype field reference] ; database/015_sprint3c_minimal_safe_teacher_override.sql:L98@teacher_apply_override[qualified/rowtype field reference] ; database/017_sprint3c_override_act2_entry_correction.sql:L23@s3b_submit_first_meeting[SELECT * INTO row] ; database/017_sprint3c_override_act2_entry_correction.sql:L38@s3b_submit_first_meeting[qualified/rowtype field reference] ; database/043_sprint7_teacher_console.sql:L18@s7_set_audit_private_debug[SELECT * INTO row] ; database/043_sprint7_teacher_console.sql:L20@s7_set_audit_private_debug[qualified/rowtype field reference] ; database/043_sprint7_teacher_console.sql:L35@s7_get_teacher_console[SELECT * INTO row] ; database/043_sprint7_teacher_console.sql:L77@s7_get_teacher_console[qualified/rowtype field reference] ; database/044_sprint7_focused_level1_corrections.sql:L24@s7_get_teacher_console[SELECT * INTO row] ; database/044_sprint7_focused_level1_corrections.sql:L65@s7_get_teacher_console[qualified/rowtype field reference] ; database/054_level3_integrated_closure.sql:L103@teacher_apply_override[qualified/rowtype field reference] ; database/054_level3_integrated_closure.sql:L105@teacher_apply_override[qualified/rowtype field reference] ; database/054_level3_integrated_closure.sql:L116@s2_get_teacher_state[SELECT * INTO row] ; database/054_level3_integrated_closure.sql:L22@teacher_apply_override[SELECT * INTO row] ; database/054_level3_integrated_closure.sql:L23@teacher_apply_override[qualified/rowtype field reference] ; database/054_level3_integrated_closure.sql:L28@teacher_apply_override[qualified/rowtype field reference] ; database/054_level3_integrated_closure.sql:L42@teacher_apply_override[qualified/rowtype field reference] ; database/054_level3_integrated_closure.sql:L62@teacher_apply_override[qualified/rowtype field reference] ; database/054_level3_integrated_closure.sql:L69@teacher_apply_override[qualified/rowtype field reference] ; database/054_level3_integrated_closure.sql:L74@teacher_apply_override[qualified/rowtype field reference] ; database/054_level3_integrated_closure.sql:L81@teacher_apply_override[qualified/rowtype field reference] ; database/054_level3_integrated_closure.sql:L90@teacher_apply_override[qualified/rowtype field reference] ; database/054_level3_integrated_closure.sql:L97@teacher_apply_override[qualified/rowtype field reference] ; database/068_package_c_authoritative_pocket_inspection.sql:L70@s3_get_player_state[to_jsonb(row) exposes field],PENDING,,,
SN050,submitted_at,s3b_library_attempts#05,F0239,s3b_library_attempts,5,database/007_sprint3b_act1_5_placeholder_flow.sql,39,2,1,database/007_sprint3b_act1_5_placeholder_flow.sql:L223@s3b_submit_library_code[INSERT positional/all columns]{POSITIONAL_WRITE} ; database/014_sprint3b_evidence_and_puzzle_integrity.sql:L424@s3b_submit_library_code[INSERT explicit column]{DIRECT_OR_COMPUTED},database/014_sprint3b_evidence_and_puzzle_integrity.sql:L389@s3b_submit_library_code[SELECT * INTO row],PENDING,,,
SN050,submitted_at,s6_allocation_attempts#07,F0336,s6_allocation_attempts,7,database/035_sprint6_focused_audit_corrections.sql,16,0,0,,,PENDING,,,
SN051,text_key,s3_runtime_scene_state#06,F0222,s3_runtime_scene_state,6,database/005_sprint3a_scene_pocket_knowledge_foundation.sql,9,4,28,database/005_sprint3a_scene_pocket_knowledge_foundation.sql:L171@s3_initialize_audit_fixture[INSERT explicit column]{DIRECT_OR_COMPUTED} ; database/006_sprint3a_provenance_view_integrity_fix.sql:L108@s3_initialize_audit_fixture[INSERT explicit column]{DIRECT_OR_COMPUTED} ; database/007_sprint3b_act1_5_placeholder_flow.sql:L65@s3b_set_scene[INSERT explicit column]{DIRECT_OR_COMPUTED} ; database/014_sprint3b_evidence_and_puzzle_integrity.sql:L190@s3b_set_scene[INSERT explicit column]{DIRECT_OR_COMPUTED},database/005_sprint3a_scene_pocket_knowledge_foundation.sql:L234@s3_get_player_state[to_jsonb(row) exposes field] ; database/006_sprint3a_provenance_view_integrity_fix.sql:L143@s3_get_player_state[to_jsonb(row) exposes field] ; database/007_sprint3b_act1_5_placeholder_flow.sql:L284@s3b_get_player_state[to_jsonb(row) exposes field] ; database/013_sprint3b_discussion_authority_and_request_identity.sql:L511@s2_get_teacher_state[to_jsonb(row) exposes field] ; database/014_sprint3b_evidence_and_puzzle_integrity.sql:L153@s3b_log_formal_event[SELECT * INTO row] ; database/014_sprint3b_evidence_and_puzzle_integrity.sql:L185@s3b_set_scene[SELECT * INTO row] ; database/014_sprint3b_evidence_and_puzzle_integrity.sql:L540@s3_share_photo[SELECT * INTO row] ; database/014b_sprint3b_targeted_closure_corrections.sql:L106@s3b_complete_act1[SELECT * INTO row] ; database/014b_sprint3b_targeted_closure_corrections.sql:L112@s3b_submit_first_meeting[SELECT * INTO row] ; database/014b_sprint3b_targeted_closure_corrections.sql:L121@s3b_grab[SELECT * INTO row] ; database/014b_sprint3b_targeted_closure_corrections.sql:L126@s3b_leave_start_room[SELECT * INTO row] ; database/014b_sprint3b_targeted_closure_corrections.sql:L131@s3b_ack_route_update[SELECT * INTO row] ; database/014b_sprint3b_targeted_closure_corrections.sql:L136@s3b_complete_foldback[SELECT * INTO row] ; database/014b_sprint3b_targeted_closure_corrections.sql:L141@s3b_follow_sign[SELECT * INTO row] ; database/014b_sprint3b_targeted_closure_corrections.sql:L147@s3b_submit_act4_choice[SELECT * INTO row] ; database/014b_sprint3b_targeted_closure_corrections.sql:L83@s3b_ack_act1_opening[SELECT * INTO row] ; database/014b_sprint3b_targeted_closure_corrections.sql:L94@s3b_submit_act1_choice[SELECT * INTO row] ; database/015_sprint3c_minimal_safe_teacher_override.sql:L121@s2_get_teacher_state[SELECT * INTO row] ; database/015_sprint3c_minimal_safe_teacher_override.sql:L71@teacher_apply_override[SELECT * INTO row] ; database/017_sprint3c_override_act2_entry_correction.sql:L23@s3b_submit_first_meeting[SELECT * INTO row] ; database/043_sprint7_teacher_console.sql:L18@s7_set_audit_private_debug[SELECT * INTO row] ; database/043_sprint7_teacher_console.sql:L35@s7_get_teacher_console[SELECT * INTO row] ; database/043_sprint7_teacher_console.sql:L77@s7_get_teacher_console[qualified/rowtype field reference] ; database/044_sprint7_focused_level1_corrections.sql:L24@s7_get_teacher_console[SELECT * INTO row] ; database/044_sprint7_focused_level1_corrections.sql:L65@s7_get_teacher_console[qualified/rowtype field reference] ; database/054_level3_integrated_closure.sql:L116@s2_get_teacher_state[SELECT * INTO row] ; database/054_level3_integrated_closure.sql:L22@teacher_apply_override[SELECT * INTO row] ; database/068_package_c_authoritative_pocket_inspection.sql:L70@s3_get_player_state[to_jsonb(row) exposes field],PENDING,,,
SN051,text_key,s6_private_clues#05,F0370,s6_private_clues,5,database/033_sprint6_act9_13_runtime.sql,14,1,0,database/033_sprint6_act9_13_runtime.sql:L30@s6_deliver_clues[INSERT positional/all columns]{POSITIONAL_WRITE},,PENDING,,,
SN052,updated_at,s1_room_state#04,F0174,s1_room_state,4,database/001_sprint1_core.sql,57,4,4,database/001_sprint1_core.sql:L396@s1_submit_private_choice[UPDATE SET]{DIRECT_OR_COMPUTED} ; database/001_sprint1_core.sql:L501@s1_advance_scene[UPDATE SET]{DIRECT_OR_COMPUTED} ; database/001_sprint1_core.sql:L507@s1_advance_scene[UPDATE SET]{DIRECT_OR_COMPUTED} ; database/001_sprint1_core.sql:L573@s1_reset_room[UPDATE SET]{DIRECT_OR_COMPUTED},database/001_sprint1_core.sql:L289@s1_get_player_state[SELECT * INTO row] ; database/001_sprint1_core.sql:L360@s1_submit_private_choice[SELECT * INTO row] ; database/001_sprint1_core.sql:L427@s1_get_teacher_state[SELECT * INTO row] ; database/001_sprint1_core.sql:L489@s1_advance_scene[SELECT * INTO row],PENDING,,,
SN052,updated_at,s1_rooms#04,F0178,s1_rooms,4,database/001_sprint1_core.sql,16,1,0,database/001_sprint1_core.sql:L120@s1_touch_room[UPDATE SET]{DIRECT_OR_COMPUTED},,PENDING,,,
SN052,updated_at,s3_player_item_view_state#05,F0197,s3_player_item_view_state,5,database/006_sprint3a_provenance_view_integrity_fix.sql,8,2,0,database/006_sprint3a_provenance_view_integrity_fix.sql:L75@s3_set_item_view[UPDATE SET]{DIRECT_OR_COMPUTED} ; database/068_package_c_authoritative_pocket_inspection.sql:L51@s3_set_item_view[UPDATE SET]{DIRECT_OR_COMPUTED},,PENDING,,,
SN052,updated_at,s3_runtime_scene_state#09,F0225,s3_runtime_scene_state,9,database/005_sprint3a_scene_pocket_knowledge_foundation.sql,12,7,26,database/007_sprint3b_act1_5_placeholder_flow.sql:L159@s3b_apply_meeting_resolution[UPDATE SET]{DIRECT_OR_COMPUTED} ; database/007_sprint3b_act1_5_placeholder_flow.sql:L175@s3b_complete_foldback[UPDATE SET]{DIRECT_OR_COMPUTED} ; database/010_sprint3b_flow_integrity_and_inspect_fix.sql:L165@s3b_complete_foldback[UPDATE SET]{DIRECT_OR_COMPUTED} ; database/013_sprint3b_discussion_authority_and_request_identity.sql:L126@s3b_apply_resolved_discussion_internal[UPDATE SET]{DIRECT_OR_COMPUTED} ; database/014a_sprint3b_inspect_reconnect_idempotency_fix.sql:L52@s3b_apply_resolved_discussion_internal[UPDATE SET]{DIRECT_OR_COMPUTED} ; database/055_level2_override_export_residual_closure.sql:L22@teacher_apply_override[UPDATE SET]{DIRECT_OR_COMPUTED} ; database/056_level2_override_validity_binding_fix.sql:L22@teacher_apply_override[UPDATE SET]{DIRECT_OR_COMPUTED},database/005_sprint3a_scene_pocket_knowledge_foundation.sql:L234@s3_get_player_state[to_jsonb(row) exposes field] ; database/006_sprint3a_provenance_view_integrity_fix.sql:L143@s3_get_player_state[to_jsonb(row) exposes field] ; database/007_sprint3b_act1_5_placeholder_flow.sql:L284@s3b_get_player_state[to_jsonb(row) exposes field] ; database/013_sprint3b_discussion_authority_and_request_identity.sql:L511@s2_get_teacher_state[to_jsonb(row) exposes field] ; database/014_sprint3b_evidence_and_puzzle_integrity.sql:L153@s3b_log_formal_event[SELECT * INTO row] ; database/014_sprint3b_evidence_and_puzzle_integrity.sql:L185@s3b_set_scene[SELECT * INTO row] ; database/014_sprint3b_evidence_and_puzzle_integrity.sql:L540@s3_share_photo[SELECT * INTO row] ; database/014b_sprint3b_targeted_closure_corrections.sql:L106@s3b_complete_act1[SELECT * INTO row] ; database/014b_sprint3b_targeted_closure_corrections.sql:L112@s3b_submit_first_meeting[SELECT * INTO row] ; database/014b_sprint3b_targeted_closure_corrections.sql:L121@s3b_grab[SELECT * INTO row] ; database/014b_sprint3b_targeted_closure_corrections.sql:L126@s3b_leave_start_room[SELECT * INTO row] ; database/014b_sprint3b_targeted_closure_corrections.sql:L131@s3b_ack_route_update[SELECT * INTO row] ; database/014b_sprint3b_targeted_closure_corrections.sql:L136@s3b_complete_foldback[SELECT * INTO row] ; database/014b_sprint3b_targeted_closure_corrections.sql:L141@s3b_follow_sign[SELECT * INTO row] ; database/014b_sprint3b_targeted_closure_corrections.sql:L147@s3b_submit_act4_choice[SELECT * INTO row] ; database/014b_sprint3b_targeted_closure_corrections.sql:L83@s3b_ack_act1_opening[SELECT * INTO row] ; database/014b_sprint3b_targeted_closure_corrections.sql:L94@s3b_submit_act1_choice[SELECT * INTO row] ; database/015_sprint3c_minimal_safe_teacher_override.sql:L121@s2_get_teacher_state[SELECT * INTO row] ; database/015_sprint3c_minimal_safe_teacher_override.sql:L71@teacher_apply_override[SELECT * INTO row] ; database/017_sprint3c_override_act2_entry_correction.sql:L23@s3b_submit_first_meeting[SELECT * INTO row] ; database/043_sprint7_teacher_console.sql:L18@s7_set_audit_private_debug[SELECT * INTO row] ; database/043_sprint7_teacher_console.sql:L35@s7_get_teacher_console[SELECT * INTO row] ; database/044_sprint7_focused_level1_corrections.sql:L24@s7_get_teacher_console[SELECT * INTO row] ; database/054_level3_integrated_closure.sql:L116@s2_get_teacher_state[SELECT * INTO row] ; database/054_level3_integrated_closure.sql:L22@teacher_apply_override[SELECT * INTO row] ; database/068_package_c_authoritative_pocket_inspection.sql:L70@s3_get_player_state[to_jsonb(row) exposes field],PENDING,,,
SN052,updated_at,s3b_run_state#13,F0289,s3b_run_state,13,database/007_sprint3b_act1_5_placeholder_flow.sql,16,28,10,database/007_sprint3b_act1_5_placeholder_flow.sql:L158@s3b_apply_meeting_resolution[UPDATE SET]{DIRECT_OR_COMPUTED} ; database/007_sprint3b_act1_5_placeholder_flow.sql:L172@s3b_complete_foldback[UPDATE SET]{DIRECT_OR_COMPUTED} ; database/007_sprint3b_act1_5_placeholder_flow.sql:L188@s3b_follow_sign[UPDATE SET]{DIRECT_OR_COMPUTED} ; database/007_sprint3b_act1_5_placeholder_flow.sql:L197@s3b_refresh_puzzle[UPDATE SET]{DIRECT_OR_COMPUTED} ; database/007_sprint3b_act1_5_placeholder_flow.sql:L221@s3b_submit_library_code[UPDATE SET]{DIRECT_OR_COMPUTED} ; database/007_sprint3b_act1_5_placeholder_flow.sql:L244@s3b_submit_act4_choice[UPDATE SET]{DIRECT_OR_COMPUTED} ; database/007_sprint3b_act1_5_placeholder_flow.sql:L272@s3b_apply_act5_resolution[UPDATE SET]{DIRECT_OR_COMPUTED} ; database/010_sprint3b_flow_integrity_and_inspect_fix.sql:L126@s3b_apply_act5_resolution[UPDATE SET]{DIRECT_OR_COMPUTED} ; database/010_sprint3b_flow_integrity_and_inspect_fix.sql:L131@s3b_apply_act5_resolution[UPDATE SET]{DIRECT_OR_COMPUTED} ; database/010_sprint3b_flow_integrity_and_inspect_fix.sql:L144@s3b_choose_post_inspection_route[UPDATE SET]{DIRECT_OR_COMPUTED} ; database/010_sprint3b_flow_integrity_and_inspect_fix.sql:L162@s3b_complete_foldback[UPDATE SET]{DIRECT_OR_COMPUTED} ; database/010_sprint3b_flow_integrity_and_inspect_fix.sql:L92@s3b_refresh_puzzle[UPDATE SET]{DIRECT_OR_COMPUTED} ; database/010_sprint3b_flow_integrity_and_inspect_fix.sql:L96@s3b_refresh_puzzle[UPDATE SET]{DIRECT_OR_COMPUTED} ; database/011_sprint3b_transition_and_act1_delivery_integrity.sql:L100@s3b_refresh_puzzle[UPDATE SET]{DIRECT_OR_COMPUTED} ; database/013_sprint3b_discussion_authority_and_request_identity.sql:L122@s3b_apply_resolved_discussion_internal[UPDATE SET]{DIRECT_OR_COMPUTED} ; database/013_sprint3b_discussion_authority_and_request_identity.sql:L149@s3b_apply_resolved_discussion_internal[UPDATE SET]{DIRECT_OR_COMPUTED} ; database/013_sprint3b_discussion_authority_and_request_identity.sql:L158@s3b_apply_resolved_discussion_internal[UPDATE SET]{DIRECT_OR_COMPUTED} ; database/014_sprint3b_evidence_and_puzzle_integrity.sql:L419@s3b_submit_library_code[UPDATE SET]{DIRECT_OR_COMPUTED} ; database/014_sprint3b_evidence_and_puzzle_integrity.sql:L504@s3b_submit_post_inspection_route_vote[UPDATE SET]{DIRECT_OR_COMPUTED} ; database/014a_sprint3b_inspect_reconnect_idempotency_fix.sql:L48@s3b_apply_resolved_discussion_internal[UPDATE SET]{DIRECT_OR_COMPUTED} ; database/014a_sprint3b_inspect_reconnect_idempotency_fix.sql:L75@s3b_apply_resolved_discussion_internal[UPDATE SET]{DIRECT_OR_COMPUTED} ; database/014a_sprint3b_inspect_reconnect_idempotency_fix.sql:L84@s3b_apply_resolved_discussion_internal[UPDATE SET]{DIRECT_OR_COMPUTED} ; database/015_sprint3c_minimal_safe_teacher_override.sql:L101@teacher_apply_override[UPDATE SET]{DIRECT_OR_COMPUTED} ; database/054_level3_integrated_closure.sql:L64@teacher_apply_override[UPDATE SET]{DIRECT_OR_COMPUTED} ; database/054_level3_integrated_closure.sql:L70@teacher_apply_override[UPDATE SET]{DIRECT_OR_COMPUTED} ; database/054_level3_integrated_closure.sql:L76@teacher_apply_override[UPDATE SET]{DIRECT_OR_COMPUTED} ; database/054_level3_integrated_closure.sql:L93@teacher_apply_override[UPDATE SET]{DIRECT_OR_COMPUTED} ; database/054_level3_integrated_closure.sql:L98@teacher_apply_override[UPDATE SET]{DIRECT_OR_COMPUTED},database/007_sprint3b_act1_5_placeholder_flow.sql:L285@s3b_get_player_state[to_jsonb(row) exposes field] ; database/010_sprint3b_flow_integrity_and_inspect_fix.sql:L85@s3b_refresh_puzzle[SELECT * INTO row] ; database/011_sprint3b_transition_and_act1_delivery_integrity.sql:L100@s3b_refresh_puzzle[SELECT * INTO row] ; database/011_sprint3b_transition_and_act1_delivery_integrity.sql:L92@s3b_submit_library_code[SELECT * INTO row] ; database/013_sprint3b_discussion_authority_and_request_identity.sql:L106@s3b_apply_resolved_discussion_internal[SELECT * INTO row] ; database/014_sprint3b_evidence_and_puzzle_integrity.sql:L407@s3b_submit_library_code[SELECT * INTO row] ; database/014a_sprint3b_inspect_reconnect_idempotency_fix.sql:L32@s3b_apply_resolved_discussion_internal[SELECT * INTO row] ; database/048_sprint8_focused_level1_corrections.sql:L35@s8_finalize[SELECT * INTO row] ; database/049_sprint8_final_closure.sql:L72@s8_verify_integrity[SELECT * INTO row] ; database/054_level3_integrated_closure.sql:L129@s8_verify_integrity[SELECT * INTO row],PENDING,,,
SN052,updated_at,s5_run_state#09,F0314,s5_run_state,9,database/027_sprint5_act6_8_runtime.sql,8,12,19,database/027_sprint5_act6_8_runtime.sql:L58@s5_submit_vote[UPDATE SET]{DIRECT_OR_COMPUTED} ; database/027_sprint5_act6_8_runtime.sql:L59@s5_submit_vote[UPDATE SET]{DIRECT_OR_COMPUTED} ; database/027_sprint5_act6_8_runtime.sql:L63@s5_submit_vote[UPDATE SET]{DIRECT_OR_COMPUTED} ; database/027_sprint5_act6_8_runtime.sql:L64@s5_submit_vote[UPDATE SET]{DIRECT_OR_COMPUTED} ; database/027_sprint5_act6_8_runtime.sql:L65@s5_submit_vote[UPDATE SET]{DIRECT_OR_COMPUTED} ; database/027_sprint5_act6_8_runtime.sql:L66@s5_submit_vote[UPDATE SET]{DIRECT_OR_COMPUTED} ; database/027_sprint5_act6_8_runtime.sql:L72@s5_advance[UPDATE SET]{DIRECT_OR_COMPUTED} ; database/027_sprint5_act6_8_runtime.sql:L73@s5_advance[UPDATE SET]{DIRECT_OR_COMPUTED} ; database/027_sprint5_act6_8_runtime.sql:L74@s5_advance[UPDATE SET]{DIRECT_OR_COMPUTED} ; database/059_structural_lifecycle_transition_spine.sql:L67@s9_enter_act6[UPDATE SET]{DIRECT_OR_COMPUTED} ; database/061_package_a_act6_entry_timer_barrier.sql:L79@s9_enter_act6[UPDATE SET]{DIRECT_OR_COMPUTED} ; database/063_package_a_player_entry_column_fix.sql:L54@s9_enter_act6[UPDATE SET]{DIRECT_OR_COMPUTED},database/027_sprint5_act6_8_runtime.sql:L47@s5_submit_vote[SELECT * INTO row] ; database/027_sprint5_act6_8_runtime.sql:L71@s5_advance[SELECT * INTO row] ; database/027_sprint5_act6_8_runtime.sql:L79@s5_submit_private_choice[SELECT * INTO row] ; database/027_sprint5_act6_8_runtime.sql:L86@s5_get_player_state[SELECT * INTO row] ; database/027_sprint5_act6_8_runtime.sql:L89@s5_get_player_state[to_jsonb(row) exposes field] ; database/029_sprint5_canonical_discussion_localization.sql:L57@s5_submit_vote[SELECT * INTO row] ; database/029_sprint5_canonical_discussion_localization.sql:L73@s5_advance[SELECT * INTO row] ; database/029_sprint5_canonical_discussion_localization.sql:L79@s5_submit_private_choice[SELECT * INTO row] ; database/029_sprint5_canonical_discussion_localization.sql:L85@s5_get_player_state[SELECT * INTO row] ; database/029_sprint5_canonical_discussion_localization.sql:L89@s5_get_discussion_state[SELECT * INTO row] ; database/029_sprint5_canonical_discussion_localization.sql:L98@s5_audit_expire_discussion[SELECT * INTO row] ; database/030_sprint5_exact_session_messages.sql:L8@s5_send_message[SELECT * INTO row] ; database/043_sprint7_teacher_console.sql:L37@s7_get_teacher_console[SELECT * INTO row] ; database/044_sprint7_focused_level1_corrections.sql:L26@s7_get_teacher_console[SELECT * INTO row] ; database/049_sprint8_final_closure.sql:L73@s8_verify_integrity[SELECT * INTO row] ; database/054_level3_integrated_closure.sql:L129@s8_verify_integrity[SELECT * INTO row] ; database/059_structural_lifecycle_transition_spine.sql:L64@s9_enter_act6[SELECT * INTO row] ; database/061_package_a_act6_entry_timer_barrier.sql:L57@s9_enter_act6[SELECT * INTO row] ; database/063_package_a_player_entry_column_fix.sql:L32@s9_enter_act6[SELECT * INTO row],PENDING,,,
SN052,updated_at,s6_run_state#18,F0389,s6_run_state,18,database/033_sprint6_act9_13_runtime.sql,11,31,18,database/033_sprint6_act9_13_runtime.sql:L35@s6_open_act9_console[UPDATE SET]{DIRECT_OR_COMPUTED} ; database/033_sprint6_act9_13_runtime.sql:L41@s6_submit_group_choice[UPDATE SET]{DIRECT_OR_COMPUTED} ; database/033_sprint6_act9_13_runtime.sql:L43@s6_submit_group_choice[UPDATE SET]{DIRECT_OR_COMPUTED} ; database/033_sprint6_act9_13_runtime.sql:L46@s6_submit_group_choice[UPDATE SET]{DIRECT_OR_COMPUTED} ; database/033_sprint6_act9_13_runtime.sql:L47@s6_submit_group_choice[UPDATE SET]{DIRECT_OR_COMPUTED} ; database/033_sprint6_act9_13_runtime.sql:L55@s6_engage[UPDATE SET]{DIRECT_OR_COMPUTED} ; database/034_sprint6_contract_hardening.sql:L11@s6_submit_group_choice[UPDATE SET]{DIRECT_OR_COMPUTED} ; database/034_sprint6_contract_hardening.sql:L13@s6_submit_group_choice[UPDATE SET]{DIRECT_OR_COMPUTED} ; database/034_sprint6_contract_hardening.sql:L15@s6_submit_group_choice[UPDATE SET]{DIRECT_OR_COMPUTED} ; database/034_sprint6_contract_hardening.sql:L16@s6_submit_group_choice[UPDATE SET]{DIRECT_OR_COMPUTED} ; database/034_sprint6_contract_hardening.sql:L17@s6_submit_group_choice[UPDATE SET]{DIRECT_OR_COMPUTED} ; database/034_sprint6_contract_hardening.sql:L20@s6_submit_private_choice[UPDATE SET]{DIRECT_OR_COMPUTED} ; database/034_sprint6_contract_hardening.sql:L23@s6_submit_allocation[UPDATE SET]{DIRECT_OR_COMPUTED} ; database/035_sprint6_focused_audit_corrections.sql:L42@s6_close_discussion_guarded[UPDATE SET]{DIRECT_OR_COMPUTED} ; database/035_sprint6_focused_audit_corrections.sql:L47@s6_submit_group_choice_guarded[UPDATE SET]{DIRECT_OR_COMPUTED} ; database/035_sprint6_focused_audit_corrections.sql:L49@s6_submit_group_choice_guarded[UPDATE SET]{DIRECT_OR_COMPUTED} ; database/035_sprint6_focused_audit_corrections.sql:L51@s6_submit_group_choice_guarded[UPDATE SET]{DIRECT_OR_COMPUTED} ; database/035_sprint6_focused_audit_corrections.sql:L52@s6_submit_group_choice_guarded[UPDATE SET]{DIRECT_OR_COMPUTED} ; database/035_sprint6_focused_audit_corrections.sql:L53@s6_submit_group_choice_guarded[UPDATE SET]{DIRECT_OR_COMPUTED} ; database/035_sprint6_focused_audit_corrections.sql:L54@s6_submit_group_choice_guarded[UPDATE SET]{DIRECT_OR_COMPUTED} ; database/035_sprint6_focused_audit_corrections.sql:L57@s6_submit_private_choice_guarded[UPDATE SET]{DIRECT_OR_COMPUTED} ; database/035_sprint6_focused_audit_corrections.sql:L59@s6_advance_guarded[UPDATE SET]{DIRECT_OR_COMPUTED} ; database/035_sprint6_focused_audit_corrections.sql:L61@s6_submit_allocation_guarded[UPDATE SET]{DIRECT_OR_COMPUTED} ; database/035_sprint6_focused_audit_corrections.sql:L65@s6_engage[UPDATE SET]{DIRECT_OR_COMPUTED} ; database/035_sprint6_focused_audit_corrections.sql:L67@s6_engage_guarded[UPDATE SET]{DIRECT_OR_COMPUTED} ; database/035_sprint6_focused_audit_corrections.sql:L69@s6_tick_cinematic[UPDATE SET]{DIRECT_OR_COMPUTED} ; database/036_sprint6_four_open_findings.sql:L27@s6_tick_cinematic[UPDATE SET]{DIRECT_OR_COMPUTED} ; database/037_level3_independent_audit_closure.sql:L150@s6_refresh_owned_discussion[UPDATE SET]{DIRECT_OR_COMPUTED} ; database/046_sprint8_act14_finalization_export.sql:L55@s8_finalize[UPDATE SET]{DIRECT_OR_COMPUTED} ; database/048_sprint8_focused_level1_corrections.sql:L71@s8_finalize[UPDATE SET]{DIRECT_OR_COMPUTED} ; database/049_sprint8_final_closure.sql:L168@s8_finalize[UPDATE SET]{DIRECT_OR_COMPUTED},database/033_sprint6_act9_13_runtime.sql:L49@s6_submit_private_choice[qualified/rowtype field reference] ; database/033_sprint6_act9_13_runtime.sql:L57@s6_get_player_state[to_jsonb(row) exposes field] ; database/034_sprint6_contract_hardening.sql:L20@s6_submit_private_choice[qualified/rowtype field reference] ; database/034_sprint6_contract_hardening.sql:L25@s6_get_player_state[to_jsonb(row) exposes field] ; database/035_sprint6_focused_audit_corrections.sql:L57@s6_submit_private_choice_guarded[qualified/rowtype field reference] ; database/035_sprint6_focused_audit_corrections.sql:L72@s6_get_player_state[to_jsonb(row) exposes field] ; database/036_sprint6_four_open_findings.sql:L29@s6_get_player_state[to_jsonb(row) exposes field] ; database/037_level3_independent_audit_closure.sql:L144@s6_refresh_owned_discussion[SELECT * INTO row] ; database/037_level3_independent_audit_closure.sql:L179@s6_get_player_state[to_jsonb(row) exposes field] ; database/043_sprint7_teacher_console.sql:L36@s7_get_teacher_console[SELECT * INTO row] ; database/044_sprint7_focused_level1_corrections.sql:L25@s7_get_teacher_console[SELECT * INTO row] ; database/046_sprint8_act14_finalization_export.sql:L34@s8_finalize[SELECT * INTO row] ; database/048_sprint8_focused_level1_corrections.sql:L33@s8_finalize[SELECT * INTO row] ; database/049_sprint8_final_closure.sql:L74@s8_verify_integrity[SELECT * INTO row] ; database/054_level3_integrated_closure.sql:L129@s8_verify_integrity[SELECT * INTO row] ; database/065_package_b_player_wait_projection.sql:L9@s9_get_player_wait_state[SELECT * INTO row] ; database/066_package_b_wait_projection_locked_at_fix.sql:L9@s9_get_player_wait_state[SELECT * INTO row] ; database/067_package_b_allocation_progress_fix.sql:L9@s9_get_player_wait_state[SELECT * INTO row],PENDING,,,
SN053,validity,runtime_events#13,F0131,runtime_events,13,database/014_sprint3b_evidence_and_puzzle_integrity.sql,50,20,2,database/014_sprint3b_evidence_and_puzzle_integrity.sql:L114@s2_log_event[INSERT explicit column]{DIRECT_OR_COMPUTED} ; database/014_sprint3b_evidence_and_puzzle_integrity.sql:L154@s3b_log_formal_event[INSERT explicit column]{DIRECT_OR_COMPUTED} ; database/014_sprint3b_evidence_and_puzzle_integrity.sql:L214@s3b_set_scene[INSERT explicit column]{DIRECT_OR_COMPUTED} ; database/014_sprint3b_evidence_and_puzzle_integrity.sql:L60@TOP_LEVEL[UPDATE SET]{DERIVED_OR_COPY} ; database/014_sprint3b_evidence_and_puzzle_integrity.sql:L69@TOP_LEVEL[UPDATE SET]{DIRECT_OR_COMPUTED} ; database/014b_sprint3b_targeted_closure_corrections.sql:L63@s3b_log_formal_event_at_context[INSERT explicit column]{DIRECT_OR_COMPUTED} ; database/015_sprint3c_minimal_safe_teacher_override.sql:L53@s3b_log_formal_event_at_context[INSERT explicit column]{DIRECT_OR_COMPUTED} ; database/015_sprint3c_minimal_safe_teacher_override.sql:L78@teacher_apply_override[INSERT explicit column]{DIRECT_OR_COMPUTED} ; database/015_sprint3c_minimal_safe_teacher_override.sql:L91@teacher_apply_override[INSERT explicit column]{DIRECT_OR_COMPUTED} ; database/015_sprint3c_minimal_safe_teacher_override.sql:L99@teacher_apply_override[INSERT explicit column]{DIRECT_OR_COMPUTED} ; database/016_sprint3c_level1_narrow_corrections.sql:L65@s2_log_event[INSERT explicit column]{DIRECT_OR_COMPUTED} ; database/043_sprint7_teacher_console.sql:L19@s7_set_audit_private_debug[INSERT explicit column]{DIRECT_OR_COMPUTED} ; database/045_sprint7_teacher_intervention_provenance.sql:L18@TOP_LEVEL[INSERT explicit column]{DIRECT_OR_COMPUTED} ; database/045_sprint7_teacher_intervention_provenance.sql:L26@s5_teacher_open_vote[INSERT explicit column]{DIRECT_OR_COMPUTED} ; database/045_sprint7_teacher_intervention_provenance.sql:L32@s5_teacher_add_time[INSERT explicit column]{DIRECT_OR_COMPUTED} ; database/045_sprint7_teacher_intervention_provenance.sql:L8@s7_mirror_teacher_discussion_event[INSERT explicit column]{DIRECT_OR_COMPUTED} ; database/046_sprint8_act14_finalization_export.sql:L57@s8_finalize[INSERT explicit column]{DIRECT_OR_COMPUTED} ; database/048_sprint8_focused_level1_corrections.sql:L73@s8_finalize[INSERT explicit column]{DIRECT_OR_COMPUTED} ; database/049_sprint8_final_closure.sql:L170@s8_finalize[INSERT explicit column]{DIRECT_OR_COMPUTED} ; database/054_level3_integrated_closure.sql:L102@teacher_apply_override[INSERT explicit column]{DIRECT_OR_COMPUTED},database/014b_sprint3b_targeted_closure_corrections.sql:L172@s2_get_teacher_state[qualified/rowtype field reference] ; database/043_sprint7_teacher_console.sql:L72@s7_get_teacher_console[qualified/rowtype field reference],PENDING,,,
SN053,validity,runtime_player_decisions#13,F0147,runtime_player_decisions,13,database/002_runtime_runs_discussion.sql,82,0,1,,database/013_sprint3b_discussion_authority_and_request_identity.sql:L314@s2_submit_vote[SELECT * INTO row],PENDING,,,
SN053,validity,s3b_post_inspection_route_votes#08,F0275,s3b_post_inspection_route_votes,8,database/014_sprint3b_evidence_and_puzzle_integrity.sql,82,0,1,,database/014_sprint3b_evidence_and_puzzle_integrity.sql:L470@s3b_submit_post_inspection_route_vote[SELECT * INTO row],PENDING,,,
SN053,validity,teacher_override_validity#06,F0420,teacher_override_validity,6,database/015_sprint3c_minimal_safe_teacher_override.sql,25,0,8,,database/047_sprint8_export_completeness.sql:L35@s8_export_session[qualified/rowtype field reference] ; database/048_sprint8_focused_level1_corrections.sql:L119@s8_export_session[qualified/rowtype field reference] ; database/052_sprint8_exact_player_override_accounting.sql:L16@s8_verify_integrity[qualified/rowtype field reference] ; database/052_sprint8_exact_player_override_accounting.sql:L18@s8_verify_integrity[qualified/rowtype field reference] ; database/052_sprint8_exact_player_override_accounting.sql:L29@s8_verify_integrity[qualified/rowtype field reference] ; database/052_sprint8_exact_player_override_accounting.sql:L31@s8_verify_integrity[qualified/rowtype field reference] ; database/052_sprint8_exact_player_override_accounting.sql:L42@s8_verify_integrity[qualified/rowtype field reference] ; database/052_sprint8_exact_player_override_accounting.sql:L44@s8_verify_integrity[qualified/rowtype field reference],PENDING,,,
SN054,version,asset_candidates#03,F0012,asset_candidates,3,database/018_sprint4_asset_manager_v2.sql,10,4,38,database/018_sprint4_asset_manager_v2.sql:L48@asset_manager_register_candidate[INSERT explicit column]{DIRECT_OR_COMPUTED} ; database/019_sprint4_teacher_authority_correction.sql:L48@asset_manager_register_candidate[INSERT explicit column]{DIRECT_OR_COMPUTED} ; database/024_sprint4_level1_narrow_corrections.sql:L39@asset_manager_import_candidate[INSERT explicit column]{DIRECT_OR_COMPUTED} ; database/025_sprint4_two_narrow_blockers.sql:L25@asset_manager_import_candidate[INSERT explicit column]{DIRECT_OR_COMPUTED},database/018_sprint4_asset_manager_v2.sql:L57@asset_manager_review[SELECT * INTO row] ; database/018_sprint4_asset_manager_v2.sql:L60@asset_manager_review[qualified/rowtype field reference] ; database/018_sprint4_asset_manager_v2.sql:L64@asset_manager_mark_published[SELECT * INTO row] ; database/018_sprint4_asset_manager_v2.sql:L66@asset_manager_mark_published[qualified/rowtype field reference] ; database/018_sprint4_asset_manager_v2.sql:L70@asset_manager_activate[SELECT * INTO row] ; database/018_sprint4_asset_manager_v2.sql:L71@asset_manager_activate[qualified/rowtype field reference] ; database/018_sprint4_asset_manager_v2.sql:L73@asset_manager_activate[qualified/rowtype field reference] ; database/018_sprint4_asset_manager_v2.sql:L77@asset_resolve[SELECT * INTO row] ; database/018_sprint4_asset_manager_v2.sql:L78@asset_resolve[qualified/rowtype field reference] ; database/018_sprint4_asset_manager_v2.sql:L81@asset_manager_state[to_jsonb(row) exposes field] ; database/019_sprint4_teacher_authority_correction.sql:L57@asset_manager_review[SELECT * INTO row] ; database/019_sprint4_teacher_authority_correction.sql:L60@asset_manager_review[qualified/rowtype field reference] ; database/019_sprint4_teacher_authority_correction.sql:L64@asset_manager_mark_published[SELECT * INTO row] ; database/019_sprint4_teacher_authority_correction.sql:L66@asset_manager_mark_published[qualified/rowtype field reference] ; database/019_sprint4_teacher_authority_correction.sql:L70@asset_manager_activate[SELECT * INTO row] ; database/019_sprint4_teacher_authority_correction.sql:L71@asset_manager_activate[qualified/rowtype field reference] ; database/019_sprint4_teacher_authority_correction.sql:L73@asset_manager_activate[qualified/rowtype field reference] ; database/019_sprint4_teacher_authority_correction.sql:L77@asset_resolve[SELECT * INTO row] ; database/019_sprint4_teacher_authority_correction.sql:L78@asset_resolve[qualified/rowtype field reference] ; database/019_sprint4_teacher_authority_correction.sql:L81@asset_manager_state[to_jsonb(row) exposes field] ; database/021_sprint4_anchor_and_activation_controls.sql:L13@asset_manager_save_anchors[qualified/rowtype field reference] ; database/021_sprint4_anchor_and_activation_controls.sql:L20@asset_manager_rollback[SELECT * INTO row] ; database/021_sprint4_anchor_and_activation_controls.sql:L8@asset_manager_save_anchors[SELECT * INTO row] ; database/022_sprint4_paired_activation_gate.sql:L10@asset_manager_activate[SELECT * INTO row] ; database/022_sprint4_paired_activation_gate.sql:L15@asset_manager_activate[qualified/rowtype field reference] ; database/022_sprint4_paired_activation_gate.sql:L16@asset_manager_activate[qualified/rowtype field reference] ; database/023_sprint4_rollback_state_correction.sql:L8@asset_manager_rollback[SELECT * INTO row] ; database/024_sprint4_level1_narrow_corrections.sql:L38@asset_manager_import_candidate[SELECT * INTO row] ; database/024_sprint4_level1_narrow_corrections.sql:L41@asset_manager_submit_for_review[SELECT * INTO row] ; database/024_sprint4_level1_narrow_corrections.sql:L53@asset_manager_activate_group[qualified/rowtype field reference] ; database/025_sprint4_two_narrow_blockers.sql:L13@asset_manager_import_candidate[SELECT * INTO row] ; database/025_sprint4_two_narrow_blockers.sql:L27@asset_manager_import_candidate[qualified/rowtype field reference] ; database/025_sprint4_two_narrow_blockers.sql:L48@asset_manager_transition_group[qualified/rowtype field reference] ; database/025_sprint4_two_narrow_blockers.sql:L54@asset_manager_transition_group[qualified/rowtype field reference] ; database/026_sprint4_group_target_and_registry_lock.sql:L30@asset_manager_transition_group[qualified/rowtype field reference] ; database/026_sprint4_group_target_and_registry_lock.sql:L36@asset_manager_transition_group[qualified/rowtype field reference] ; database/058_sprint9_active_asset_load_failure_telemetry.sql:L13@asset_report_load_failure[qualified/rowtype field reference] ; database/058_sprint9_active_asset_load_failure_telemetry.sql:L14@asset_report_load_failure[qualified/rowtype field reference],PENDING,,,
SN054,version,asset_events#04,F0042,asset_events,4,database/018_sprint4_asset_manager_v2.sql,20,15,1,database/018_sprint4_asset_manager_v2.sql:L50@asset_manager_register_candidate[INSERT positional/all columns]{POSITIONAL_WRITE} ; database/018_sprint4_asset_manager_v2.sql:L60@asset_manager_review[INSERT positional/all columns]{POSITIONAL_WRITE} ; database/018_sprint4_asset_manager_v2.sql:L66@asset_manager_mark_published[INSERT positional/all columns]{POSITIONAL_WRITE} ; database/018_sprint4_asset_manager_v2.sql:L73@asset_manager_activate[INSERT positional/all columns]{POSITIONAL_WRITE} ; database/018_sprint4_asset_manager_v2.sql:L77@asset_resolve[INSERT explicit column]{DIRECT_OR_COMPUTED} ; database/019_sprint4_teacher_authority_correction.sql:L50@asset_manager_register_candidate[INSERT positional/all columns]{POSITIONAL_WRITE} ; database/019_sprint4_teacher_authority_correction.sql:L60@asset_manager_review[INSERT positional/all columns]{POSITIONAL_WRITE} ; database/019_sprint4_teacher_authority_correction.sql:L66@asset_manager_mark_published[INSERT positional/all columns]{POSITIONAL_WRITE} ; database/019_sprint4_teacher_authority_correction.sql:L73@asset_manager_activate[INSERT positional/all columns]{POSITIONAL_WRITE} ; database/019_sprint4_teacher_authority_correction.sql:L77@asset_resolve[INSERT explicit column]{DIRECT_OR_COMPUTED} ; database/021_sprint4_anchor_and_activation_controls.sql:L13@asset_manager_save_anchors[INSERT positional/all columns]{POSITIONAL_WRITE} ; database/025_sprint4_two_narrow_blockers.sql:L27@asset_manager_import_candidate[INSERT explicit column]{DIRECT_OR_COMPUTED} ; database/025_sprint4_two_narrow_blockers.sql:L53@asset_manager_transition_group[INSERT explicit column]{DIRECT_OR_COMPUTED} ; database/026_sprint4_group_target_and_registry_lock.sql:L35@asset_manager_transition_group[INSERT explicit column]{DIRECT_OR_COMPUTED} ; database/058_sprint9_active_asset_load_failure_telemetry.sql:L27@asset_report_load_failure[INSERT explicit column]{DIRECT_OR_COMPUTED},database/058_sprint9_active_asset_load_failure_telemetry.sql:L22@asset_report_load_failure[qualified/rowtype field reference],PENDING,,,
SN055,vote_round,discussion_sessions#07,F0079,discussion_sessions,7,database/002_runtime_runs_discussion.sql,29,15,91,database/002_runtime_runs_discussion.sql:L342@s2_open_discussion[INSERT explicit column]{DIRECT_OR_COMPUTED} ; database/002_runtime_runs_discussion.sql:L735@s2_submit_vote[INSERT explicit column]{DIRECT_OR_COMPUTED} ; database/003_sprint2_discussionroom_audit_fix.sql:L117@s2_open_discussion[INSERT explicit column]{DIRECT_OR_COMPUTED} ; database/003_sprint2_discussionroom_audit_fix.sql:L281@s2_submit_vote[INSERT explicit column]{DIRECT_OR_COMPUTED} ; database/004_sprint2_fallback_resolution_semantics.sql:L134@s2_submit_vote[INSERT explicit column]{DIRECT_OR_COMPUTED} ; database/007_sprint3b_act1_5_placeholder_flow.sql:L140@s3b_leave_start_room[INSERT explicit column]{DIRECT_OR_COMPUTED} ; database/007_sprint3b_act1_5_placeholder_flow.sql:L249@s3b_submit_act4_choice[INSERT explicit column]{DIRECT_OR_COMPUTED} ; database/013_sprint3b_discussion_authority_and_request_identity.sql:L397@s2_submit_vote[INSERT explicit column]{DIRECT_OR_COMPUTED} ; database/028_sprint5_round_event_link.sql:L27@TOP_LEVEL[INSERT explicit column]{DIRECT_OR_COMPUTED} ; database/028_sprint5_round_event_link.sql:L5@s5_mirror_round_for_audit[INSERT explicit column]{DIRECT_OR_COMPUTED} ; database/029_sprint5_canonical_discussion_localization.sql:L20@s5_configure_discussion[INSERT explicit column]{DIRECT_OR_COMPUTED} ; database/032_sprint5_discussion_creation_restore.sql:L9@s5_configure_discussion[INSERT explicit column]{DIRECT_OR_COMPUTED} ; database/035_sprint6_focused_audit_corrections.sql:L32@s6_open_discussion[INSERT explicit column]{DIRECT_OR_COMPUTED} ; database/054_level3_integrated_closure.sql:L55@teacher_apply_override[INSERT explicit column]{DIRECT_OR_COMPUTED} ; database/054_level3_integrated_closure.sql:L85@teacher_apply_override[INSERT explicit column]{DIRECT_OR_COMPUTED},database/002_runtime_runs_discussion.sql:L1053@s2_get_teacher_state[qualified/rowtype field reference] ; database/002_runtime_runs_discussion.sql:L366@s2_open_discussion[qualified/rowtype field reference] ; database/002_runtime_runs_discussion.sql:L371@s2_open_discussion[qualified/rowtype field reference] ; database/002_runtime_runs_discussion.sql:L389@s2_refresh_discussion[SELECT * INTO row] ; database/002_runtime_runs_discussion.sql:L410@s2_refresh_discussion[qualified/rowtype field reference] ; database/002_runtime_runs_discussion.sql:L462@s2_open_vote[SELECT * INTO row] ; database/002_runtime_runs_discussion.sql:L485@s2_open_vote[qualified/rowtype field reference] ; database/002_runtime_runs_discussion.sql:L519@s2_add_time[SELECT * INTO row] ; database/002_runtime_runs_discussion.sql:L568@s2_send_message[SELECT * INTO row] ; database/002_runtime_runs_discussion.sql:L576@s2_send_message[SELECT * INTO row] ; database/002_runtime_runs_discussion.sql:L633@s2_submit_vote[SELECT * INTO row] ; database/002_runtime_runs_discussion.sql:L642@s2_submit_vote[SELECT * INTO row] ; database/002_runtime_runs_discussion.sql:L661@s2_submit_vote[qualified/rowtype field reference] ; database/002_runtime_runs_discussion.sql:L668@s2_submit_vote[qualified/rowtype field reference] ; database/002_runtime_runs_discussion.sql:L696@s2_submit_vote[qualified/rowtype field reference] ; database/002_runtime_runs_discussion.sql:L718@s2_submit_vote[qualified/rowtype field reference] ; database/002_runtime_runs_discussion.sql:L725@s2_submit_vote[qualified/rowtype field reference] ; database/002_runtime_runs_discussion.sql:L743@s2_submit_vote[qualified/rowtype field reference] ; database/002_runtime_runs_discussion.sql:L758@s2_submit_vote[qualified/rowtype field reference] ; database/002_runtime_runs_discussion.sql:L766@s2_submit_vote[qualified/rowtype field reference] ; database/002_runtime_runs_discussion.sql:L774@s2_submit_vote[qualified/rowtype field reference] ; database/002_runtime_runs_discussion.sql:L827@s2_get_player_state[SELECT * INTO row] ; database/002_runtime_runs_discussion.sql:L835@s2_get_player_state[SELECT * INTO row] ; database/002_runtime_runs_discussion.sql:L901@s2_get_player_state[qualified/rowtype field reference] ; database/002_runtime_runs_discussion.sql:L915@s2_get_player_state[qualified/rowtype field reference] ; database/002_runtime_runs_discussion.sql:L939@s2_get_player_state[qualified/rowtype field reference] ; database/002_runtime_runs_discussion.sql:L980@s2_get_teacher_state[SELECT * INTO row] ; database/002_runtime_runs_discussion.sql:L988@s2_get_teacher_state[SELECT * INTO row] ; database/003_sprint2_discussionroom_audit_fix.sql:L141@s2_open_discussion[qualified/rowtype field reference] ; database/003_sprint2_discussionroom_audit_fix.sql:L146@s2_open_discussion[qualified/rowtype field reference] ; database/003_sprint2_discussionroom_audit_fix.sql:L179@s2_submit_vote[SELECT * INTO row] ; database/003_sprint2_discussionroom_audit_fix.sql:L188@s2_submit_vote[SELECT * INTO row] ; database/003_sprint2_discussionroom_audit_fix.sql:L207@s2_submit_vote[qualified/rowtype field reference] ; database/003_sprint2_discussionroom_audit_fix.sql:L214@s2_submit_vote[qualified/rowtype field reference] ; database/003_sprint2_discussionroom_audit_fix.sql:L242@s2_submit_vote[qualified/rowtype field reference] ; database/003_sprint2_discussionroom_audit_fix.sql:L264@s2_submit_vote[qualified/rowtype field reference] ; database/003_sprint2_discussionroom_audit_fix.sql:L271@s2_submit_vote[qualified/rowtype field reference] ; database/003_sprint2_discussionroom_audit_fix.sql:L289@s2_submit_vote[qualified/rowtype field reference] ; database/003_sprint2_discussionroom_audit_fix.sql:L304@s2_submit_vote[qualified/rowtype field reference] ; database/003_sprint2_discussionroom_audit_fix.sql:L312@s2_submit_vote[qualified/rowtype field reference] ; database/003_sprint2_discussionroom_audit_fix.sql:L320@s2_submit_vote[qualified/rowtype field reference] ; database/003_sprint2_discussionroom_audit_fix.sql:L373@s2_get_player_state[SELECT * INTO row] ; database/003_sprint2_discussionroom_audit_fix.sql:L381@s2_get_player_state[SELECT * INTO row] ; database/003_sprint2_discussionroom_audit_fix.sql:L448@s2_get_player_state[qualified/rowtype field reference] ; database/003_sprint2_discussionroom_audit_fix.sql:L462@s2_get_player_state[qualified/rowtype field reference] ; database/003_sprint2_discussionroom_audit_fix.sql:L486@s2_get_player_state[qualified/rowtype field reference] ; database/003_sprint2_discussionroom_audit_fix.sql:L528@s2_get_teacher_state[SELECT * INTO row] ; database/003_sprint2_discussionroom_audit_fix.sql:L536@s2_get_teacher_state[SELECT * INTO row] ; database/003_sprint2_discussionroom_audit_fix.sql:L615@s2_get_teacher_state[qualified/rowtype field reference] ; database/004_sprint2_fallback_resolution_semantics.sql:L117@s2_submit_vote[qualified/rowtype field reference] ; database/004_sprint2_fallback_resolution_semantics.sql:L124@s2_submit_vote[qualified/rowtype field reference] ; database/004_sprint2_fallback_resolution_semantics.sql:L142@s2_submit_vote[qualified/rowtype field reference] ; database/004_sprint2_fallback_resolution_semantics.sql:L157@s2_submit_vote[qualified/rowtype field reference] ; database/004_sprint2_fallback_resolution_semantics.sql:L165@s2_submit_vote[qualified/rowtype field reference] ; database/004_sprint2_fallback_resolution_semantics.sql:L175@s2_submit_vote[qualified/rowtype field reference] ; database/004_sprint2_fallback_resolution_semantics.sql:L32@s2_submit_vote[SELECT * INTO row] ; database/004_sprint2_fallback_resolution_semantics.sql:L41@s2_submit_vote[SELECT * INTO row] ; database/004_sprint2_fallback_resolution_semantics.sql:L60@s2_submit_vote[qualified/rowtype field reference] ; database/004_sprint2_fallback_resolution_semantics.sql:L67@s2_submit_vote[qualified/rowtype field reference] ; database/004_sprint2_fallback_resolution_semantics.sql:L95@s2_submit_vote[qualified/rowtype field reference] ; database/013_sprint3b_discussion_authority_and_request_identity.sql:L214@s2_send_message[SELECT * INTO row] ; database/013_sprint3b_discussion_authority_and_request_identity.sql:L221@s2_send_message[qualified/rowtype field reference] ; database/013_sprint3b_discussion_authority_and_request_identity.sql:L237@s2_send_message[SELECT * INTO row] ; database/013_sprint3b_discussion_authority_and_request_identity.sql:L295@s2_submit_vote[SELECT * INTO row] ; database/013_sprint3b_discussion_authority_and_request_identity.sql:L302@s2_submit_vote[qualified/rowtype field reference] ; database/013_sprint3b_discussion_authority_and_request_identity.sql:L305@s2_submit_vote[SELECT * INTO row] ; database/013_sprint3b_discussion_authority_and_request_identity.sql:L332@s2_submit_vote[qualified/rowtype field reference] ; database/013_sprint3b_discussion_authority_and_request_identity.sql:L338@s2_submit_vote[qualified/rowtype field reference] ; database/013_sprint3b_discussion_authority_and_request_identity.sql:L362@s2_submit_vote[qualified/rowtype field reference] ; database/013_sprint3b_discussion_authority_and_request_identity.sql:L384@s2_submit_vote[qualified/rowtype field reference] ; database/013_sprint3b_discussion_authority_and_request_identity.sql:L390@s2_submit_vote[qualified/rowtype field reference] ; database/013_sprint3b_discussion_authority_and_request_identity.sql:L405@s2_submit_vote[qualified/rowtype field reference] ; database/013_sprint3b_discussion_authority_and_request_identity.sql:L418@s2_submit_vote[qualified/rowtype field reference] ; database/013_sprint3b_discussion_authority_and_request_identity.sql:L425@s2_submit_vote[qualified/rowtype field reference] ; database/013_sprint3b_discussion_authority_and_request_identity.sql:L434@s2_submit_vote[qualified/rowtype field reference] ; database/013_sprint3b_discussion_authority_and_request_identity.sql:L94@s3b_apply_resolved_discussion_internal[SELECT * INTO row] ; database/014a_sprint3b_inspect_reconnect_idempotency_fix.sql:L20@s3b_apply_resolved_discussion_internal[SELECT * INTO row] ; database/029_sprint5_canonical_discussion_localization.sql:L54@s5_submit_vote[SELECT * INTO row] ; database/029_sprint5_canonical_discussion_localization.sql:L85@s5_get_player_state[to_jsonb(row) exposes field] ; database/029_sprint5_canonical_discussion_localization.sql:L89@s5_get_discussion_state[SELECT * INTO row] ; database/035_sprint6_focused_audit_corrections.sql:L72@s6_get_player_state[qualified/rowtype field reference] ; database/036_sprint6_four_open_findings.sql:L29@s6_get_player_state[qualified/rowtype field reference] ; database/037_level3_independent_audit_closure.sql:L146@s6_refresh_owned_discussion[SELECT * INTO row] ; database/037_level3_independent_audit_closure.sql:L159@s2_refresh_discussion[SELECT * INTO row] ; database/037_level3_independent_audit_closure.sql:L179@s6_get_player_state[qualified/rowtype field reference] ; database/040_level2_closure_verification_support.sql:L14@s6_verify_expire_discussion[SELECT * INTO row] ; database/041_level2_normal_s5_verification_support.sql:L14@s5_verify_expire_discussion[SELECT * INTO row] ; database/043_sprint7_teacher_console.sql:L40@s7_get_teacher_console[SELECT * INTO row] ; database/044_sprint7_focused_level1_corrections.sql:L29@s7_get_teacher_console[SELECT * INTO row] ; database/054_level3_integrated_closure.sql:L59@teacher_apply_override[SELECT * INTO row] ; database/054_level3_integrated_closure.sql:L91@teacher_apply_override[SELECT * INTO row],PENDING,,,
SN055,vote_round,runtime_player_decisions#07,F0141,runtime_player_decisions,7,database/002_runtime_runs_discussion.sql,76,4,2,database/002_runtime_runs_discussion.sql:L656@s2_submit_vote[INSERT explicit column]{DIRECT_OR_COMPUTED} ; database/003_sprint2_discussionroom_audit_fix.sql:L202@s2_submit_vote[INSERT explicit column]{DIRECT_OR_COMPUTED} ; database/004_sprint2_fallback_resolution_semantics.sql:L55@s2_submit_vote[INSERT explicit column]{DIRECT_OR_COMPUTED} ; database/013_sprint3b_discussion_authority_and_request_identity.sql:L327@s2_submit_vote[INSERT explicit column]{DIRECT_OR_COMPUTED},database/013_sprint3b_discussion_authority_and_request_identity.sql:L314@s2_submit_vote[SELECT * INTO row] ; database/050_sprint8_act2_verifier_projection_fix.sql:L23@s8_verify_integrity[qualified/rowtype field reference],PENDING,,,
SN055,vote_round,s5_rounds#04,F0300,s5_rounds,4,database/027_sprint5_act6_8_runtime.sql,18,9,9,database/027_sprint5_act6_8_runtime.sql:L42@s5_initialize[INSERT explicit column]{DIRECT_OR_COMPUTED} ; database/027_sprint5_act6_8_runtime.sql:L59@s5_submit_vote[INSERT explicit column]{DIRECT_OR_COMPUTED} ; database/027_sprint5_act6_8_runtime.sql:L65@s5_submit_vote[INSERT explicit column]{DIRECT_OR_COMPUTED} ; database/027_sprint5_act6_8_runtime.sql:L72@s5_advance[INSERT explicit column]{DIRECT_OR_COMPUTED} ; database/027_sprint5_act6_8_runtime.sql:L82@s5_submit_private_choice[INSERT explicit column]{DIRECT_OR_COMPUTED} ; database/037_level3_independent_audit_closure.sql:L95@s5_ensure_initialized[INSERT explicit column]{DIRECT_OR_COMPUTED} ; database/039_level3_s5_canonical_discussion_fix.sql:L13@s5_ensure_initialized[INSERT explicit column]{DIRECT_OR_COMPUTED} ; database/061_package_a_act6_entry_timer_barrier.sql:L13@s5_ensure_initialized[INSERT explicit column]{DIRECT_OR_COMPUTED} ; database/062_package_a_prepared_event_fk_fix.sql:L14@s5_ensure_initialized[INSERT explicit column]{DIRECT_OR_COMPUTED},database/027_sprint5_act6_8_runtime.sql:L49@s5_submit_vote[SELECT * INTO row] ; database/029_sprint5_canonical_discussion_localization.sql:L26@s5_configure_discussion[qualified/rowtype field reference] ; database/029_sprint5_canonical_discussion_localization.sql:L85@s5_get_player_state[qualified/rowtype field reference] ; database/029_sprint5_canonical_discussion_localization.sql:L89@s5_get_discussion_state[qualified/rowtype field reference] ; database/030_sprint5_exact_session_messages.sql:L10@s5_send_message[qualified/rowtype field reference] ; database/031_sprint5_focused_reaudit_corrections.sql:L30@s5_get_teacher_discussion_state[qualified/rowtype field reference] ; database/032_sprint5_discussion_creation_restore.sql:L10@s5_configure_discussion[qualified/rowtype field reference] ; database/053_sprint8_act6_effective_round_integrity.sql:L31@s8_verify_integrity[qualified/rowtype field reference] ; database/053_sprint8_act6_effective_round_integrity.sql:L35@s8_verify_integrity[qualified/rowtype field reference],PENDING,,,
SN055,vote_round,s5_run_state#04,F0309,s5_run_state,4,database/027_sprint5_act6_8_runtime.sql,5,5,47,database/027_sprint5_act6_8_runtime.sql:L59@s5_submit_vote[UPDATE SET]{DIRECT_OR_COMPUTED} ; database/027_sprint5_act6_8_runtime.sql:L65@s5_submit_vote[UPDATE SET]{DIRECT_OR_COMPUTED} ; database/027_sprint5_act6_8_runtime.sql:L72@s5_advance[UPDATE SET]{DIRECT_OR_COMPUTED} ; database/027_sprint5_act6_8_runtime.sql:L73@s5_advance[UPDATE SET]{DIRECT_OR_COMPUTED} ; database/027_sprint5_act6_8_runtime.sql:L82@s5_submit_private_choice[UPDATE SET]{DIRECT_OR_COMPUTED},database/027_sprint5_act6_8_runtime.sql:L47@s5_submit_vote[SELECT * INTO row] ; database/027_sprint5_act6_8_runtime.sql:L49@s5_submit_vote[qualified/rowtype field reference] ; database/027_sprint5_act6_8_runtime.sql:L52@s5_submit_vote[qualified/rowtype field reference] ; database/027_sprint5_act6_8_runtime.sql:L53@s5_submit_vote[qualified/rowtype field reference] ; database/027_sprint5_act6_8_runtime.sql:L54@s5_submit_vote[qualified/rowtype field reference] ; database/027_sprint5_act6_8_runtime.sql:L55@s5_submit_vote[qualified/rowtype field reference] ; database/027_sprint5_act6_8_runtime.sql:L56@s5_submit_vote[qualified/rowtype field reference] ; database/027_sprint5_act6_8_runtime.sql:L58@s5_submit_vote[qualified/rowtype field reference] ; database/027_sprint5_act6_8_runtime.sql:L59@s5_submit_vote[qualified/rowtype field reference] ; database/027_sprint5_act6_8_runtime.sql:L65@s5_submit_vote[qualified/rowtype field reference] ; database/027_sprint5_act6_8_runtime.sql:L71@s5_advance[SELECT * INTO row] ; database/027_sprint5_act6_8_runtime.sql:L79@s5_submit_private_choice[SELECT * INTO row] ; database/027_sprint5_act6_8_runtime.sql:L86@s5_get_player_state[SELECT * INTO row] ; database/027_sprint5_act6_8_runtime.sql:L87@s5_get_player_state[qualified/rowtype field reference] ; database/027_sprint5_act6_8_runtime.sql:L89@s5_get_player_state[qualified/rowtype field reference] ; database/027_sprint5_act6_8_runtime.sql:L89@s5_get_player_state[to_jsonb(row) exposes field] ; database/029_sprint5_canonical_discussion_localization.sql:L57@s5_submit_vote[SELECT * INTO row] ; database/029_sprint5_canonical_discussion_localization.sql:L64@s5_submit_vote[qualified/rowtype field reference] ; database/029_sprint5_canonical_discussion_localization.sql:L73@s5_advance[SELECT * INTO row] ; database/029_sprint5_canonical_discussion_localization.sql:L73@s5_advance[qualified/rowtype field reference] ; database/029_sprint5_canonical_discussion_localization.sql:L79@s5_submit_private_choice[SELECT * INTO row] ; database/029_sprint5_canonical_discussion_localization.sql:L79@s5_submit_private_choice[qualified/rowtype field reference] ; database/029_sprint5_canonical_discussion_localization.sql:L85@s5_get_player_state[SELECT * INTO row] ; database/029_sprint5_canonical_discussion_localization.sql:L85@s5_get_player_state[qualified/rowtype field reference] ; database/029_sprint5_canonical_discussion_localization.sql:L89@s5_get_discussion_state[SELECT * INTO row] ; database/029_sprint5_canonical_discussion_localization.sql:L89@s5_get_discussion_state[qualified/rowtype field reference] ; database/029_sprint5_canonical_discussion_localization.sql:L91@s5_get_discussion_state[qualified/rowtype field reference] ; database/029_sprint5_canonical_discussion_localization.sql:L93@s5_get_discussion_state[qualified/rowtype field reference] ; database/029_sprint5_canonical_discussion_localization.sql:L98@s5_audit_expire_discussion[SELECT * INTO row] ; database/029_sprint5_canonical_discussion_localization.sql:L98@s5_audit_expire_discussion[qualified/rowtype field reference] ; database/030_sprint5_exact_session_messages.sql:L8@s5_send_message[SELECT * INTO row] ; database/031_sprint5_focused_reaudit_corrections.sql:L30@s5_get_teacher_discussion_state[qualified/rowtype field reference] ; database/031_sprint5_focused_reaudit_corrections.sql:L31@s5_get_teacher_discussion_state[qualified/rowtype field reference] ; database/031_sprint5_focused_reaudit_corrections.sql:L33@s5_teacher_open_vote[qualified/rowtype field reference] ; database/031_sprint5_focused_reaudit_corrections.sql:L34@s5_teacher_add_time[qualified/rowtype field reference] ; database/037_level3_independent_audit_closure.sql:L48@act6_13_capture_s5_transition[OLD.field trigger reference] ; database/043_sprint7_teacher_console.sql:L37@s7_get_teacher_console[SELECT * INTO row] ; database/044_sprint7_focused_level1_corrections.sql:L26@s7_get_teacher_console[SELECT * INTO row] ; database/045_sprint7_teacher_intervention_provenance.sql:L25@s5_teacher_open_vote[qualified/rowtype field reference] ; database/045_sprint7_teacher_intervention_provenance.sql:L26@s5_teacher_open_vote[qualified/rowtype field reference] ; database/045_sprint7_teacher_intervention_provenance.sql:L31@s5_teacher_add_time[qualified/rowtype field reference] ; database/045_sprint7_teacher_intervention_provenance.sql:L32@s5_teacher_add_time[qualified/rowtype field reference] ; database/049_sprint8_final_closure.sql:L73@s8_verify_integrity[SELECT * INTO row] ; database/054_level3_integrated_closure.sql:L129@s8_verify_integrity[SELECT * INTO row] ; database/059_structural_lifecycle_transition_spine.sql:L64@s9_enter_act6[SELECT * INTO row] ; database/061_package_a_act6_entry_timer_barrier.sql:L57@s9_enter_act6[SELECT * INTO row] ; database/063_package_a_player_entry_column_fix.sql:L32@s9_enter_act6[SELECT * INTO row],PENDING,,,
SN055,vote_round,s5_votes#03,F0318,s5_votes,3,database/027_sprint5_act6_8_runtime.sql,11,1,2,database/027_sprint5_act6_8_runtime.sql:L52@s5_submit_vote[INSERT explicit column]{DIRECT_OR_COMPUTED},database/027_sprint5_act6_8_runtime.sql:L48@s5_submit_vote[SELECT * INTO row] ; database/031_sprint5_focused_reaudit_corrections.sql:L30@s5_get_teacher_discussion_state[qualified/rowtype field reference],PENDING,,,
