global_field_id,field_id,table,column,ordinal,same_name_count,same_name_unique,production_write_location_count,production_write_locations,production_read_location_count,production_read_locations,non_sql_reference_count,non_sql_references,test_access_count,test_accesses,trigger_new_unknown_mode_count,trigger_new_unknown_mode
F0293,s5_act8_private_choices#02,s5_act8_private_choices,player_id,2,24,NO,1,database/027_sprint5_act6_8_runtime.sql:L81@s5_submit_private_choice[INSERT explicit column]{DIRECT_OR_COMPUTED},1,database/027_sprint5_act6_8_runtime.sql:L79@s5_submit_private_choice[SELECT * INTO row],0,,2,READ:tests/sprint8-final-closure-integrity-transaction.sql:L157@TEST_SQL[bare field in single test statement] ; READ:tests/sprint8-final-closure-integrity-transaction.sql:L160@TEST_SQL[bare field in single test statement],0,
F0294,s5_act8_private_choices#03,s5_act8_private_choices,choice_id,3,7,NO,1,database/027_sprint5_act6_8_runtime.sql:L81@s5_submit_private_choice[INSERT explicit column]{DIRECT_OR_COMPUTED},4,database/027_sprint5_act6_8_runtime.sql:L79@s5_submit_private_choice[SELECT * INTO row] ; database/027_sprint5_act6_8_runtime.sql:L79@s5_submit_private_choice[qualified/rowtype field reference] ; database/027_sprint5_act6_8_runtime.sql:L88@s5_get_player_state[qualified/rowtype field reference] ; database/029_sprint5_canonical_discussion_localization.sql:L92@s5_get_discussion_state[qualified/rowtype field reference],0,,0,,0,
F0295,s5_act8_private_choices#04,s5_act8_private_choices,client_request_id,4,8,NO,1,database/027_sprint5_act6_8_runtime.sql:L81@s5_submit_private_choice[INSERT explicit column]{DIRECT_OR_COMPUTED},1,database/027_sprint5_act6_8_runtime.sql:L79@s5_submit_private_choice[SELECT * INTO row],0,,0,,0,
F0296,s5_act8_private_choices#05,s5_act8_private_choices,locked_at,5,7,NO,0,,2,database/027_sprint5_act6_8_runtime.sql:L79@s5_submit_private_choice[SELECT * INTO row] ; database/029_sprint5_canonical_discussion_localization.sql:L92@s5_get_discussion_state[qualified/rowtype field reference],0,,0,,0,
F0297,s5_rounds#01,s5_rounds,discussion_session_id,1,5,NO,0,,7,database/027_sprint5_act6_8_runtime.sql:L49@s5_submit_vote[SELECT * INTO row] ; database/027_sprint5_act6_8_runtime.sql:L59@s5_submit_vote[qualified/rowtype field reference] ; database/027_sprint5_act6_8_runtime.sql:L62@s5_submit_vote[qualified/rowtype field reference] ; database/027_sprint5_act6_8_runtime.sql:L65@s5_submit_vote[qualified/rowtype field reference] ; database/029_sprint5_canonical_discussion_localization.sql:L24@s5_configure_discussion[qualified/rowtype field reference] ; database/029_sprint5_canonical_discussion_localization.sql:L27@s5_configure_discussion[qualified/rowtype field reference] ; database/032_sprint5_discussion_creation_restore.sql:L10@s5_configure_discussion[qualified/rowtype field reference],0,,0,,1,database/028_sprint5_round_event_link.sql:L11@s5_mirror_round_for_audit[NEW.field trigger reference; read/write not mechanically determined]
F0298,s5_rounds#02,s5_rounds,run_id,2,36,NO,9,database/027_sprint5_act6_8_runtime.sql:L42@s5_initialize[INSERT explicit column]{DIRECT_OR_COMPUTED} ; database/027_sprint5_act6_8_runtime.sql:L59@s5_submit_vote[INSERT explicit column]{DIRECT_OR_COMPUTED} ; database/027_sprint5_act6_8_runtime.sql:L65@s5_submit_vote[INSERT explicit column]{DIRECT_OR_COMPUTED} ; database/027_sprint5_act6_8_runtime.sql:L72@s5_advance[INSERT explicit column]{DIRECT_OR_COMPUTED} ; database/027_sprint5_act6_8_runtime.sql:L82@s5_submit_private_choice[INSERT explicit column]{DIRECT_OR_COMPUTED} ; database/037_level3_independent_audit_closure.sql:L95@s5_ensure_initialized[INSERT explicit column]{DIRECT_OR_COMPUTED} ; database/039_level3_s5_canonical_discussion_fix.sql:L13@s5_ensure_initialized[INSERT explicit column]{DIRECT_OR_COMPUTED} ; database/061_package_a_act6_entry_timer_barrier.sql:L13@s5_ensure_initialized[INSERT explicit column]{DIRECT_OR_COMPUTED} ; database/062_package_a_prepared_event_fk_fix.sql:L14@s5_ensure_initialized[INSERT explicit column]{DIRECT_OR_COMPUTED},8,database/027_sprint5_act6_8_runtime.sql:L49@s5_submit_vote[SELECT * INTO row] ; database/029_sprint5_canonical_discussion_localization.sql:L24@s5_configure_discussion[qualified/rowtype field reference] ; database/029_sprint5_canonical_discussion_localization.sql:L85@s5_get_player_state[qualified/rowtype field reference] ; database/029_sprint5_canonical_discussion_localization.sql:L89@s5_get_discussion_state[qualified/rowtype field reference] ; database/030_sprint5_exact_session_messages.sql:L10@s5_send_message[qualified/rowtype field reference] ; database/031_sprint5_focused_reaudit_corrections.sql:L30@s5_get_teacher_discussion_state[qualified/rowtype field reference] ; database/032_sprint5_discussion_creation_restore.sql:L10@s5_configure_discussion[qualified/rowtype field reference] ; database/053_sprint8_act6_effective_round_integrity.sql:L33@s8_verify_integrity[qualified/rowtype field reference],0,,0,,1,database/028_sprint5_round_event_link.sql:L11@s5_mirror_round_for_audit[NEW.field trigger reference; read/write not mechanically determined]
F0299,s5_rounds#03,s5_rounds,phase_key,3,13,NO,9,database/027_sprint5_act6_8_runtime.sql:L42@s5_initialize[INSERT explicit column]{DIRECT_OR_COMPUTED} ; database/027_sprint5_act6_8_runtime.sql:L59@s5_submit_vote[INSERT explicit column]{DIRECT_OR_COMPUTED} ; database/027_sprint5_act6_8_runtime.sql:L65@s5_submit_vote[INSERT explicit column]{DIRECT_OR_COMPUTED} ; database/027_sprint5_act6_8_runtime.sql:L72@s5_advance[INSERT explicit column]{DIRECT_OR_COMPUTED} ; database/027_sprint5_act6_8_runtime.sql:L82@s5_submit_private_choice[INSERT explicit column]{DIRECT_OR_COMPUTED} ; database/037_level3_independent_audit_closure.sql:L95@s5_ensure_initialized[INSERT explicit column]{DIRECT_OR_COMPUTED} ; database/039_level3_s5_canonical_discussion_fix.sql:L13@s5_ensure_initialized[INSERT explicit column]{DIRECT_OR_COMPUTED} ; database/061_package_a_act6_entry_timer_barrier.sql:L13@s5_ensure_initialized[INSERT explicit column]{DIRECT_OR_COMPUTED} ; database/062_package_a_prepared_event_fk_fix.sql:L14@s5_ensure_initialized[INSERT explicit column]{DIRECT_OR_COMPUTED},6,database/027_sprint5_act6_8_runtime.sql:L49@s5_submit_vote[SELECT * INTO row] ; database/029_sprint5_canonical_discussion_localization.sql:L85@s5_get_player_state[qualified/rowtype field reference] ; database/029_sprint5_canonical_discussion_localization.sql:L89@s5_get_discussion_state[qualified/rowtype field reference] ; database/030_sprint5_exact_session_messages.sql:L10@s5_send_message[qualified/rowtype field reference] ; database/031_sprint5_focused_reaudit_corrections.sql:L30@s5_get_teacher_discussion_state[qualified/rowtype field reference] ; database/053_sprint8_act6_effective_round_integrity.sql:L33@s8_verify_integrity[qualified/rowtype field reference],0,,0,,2,database/028_sprint5_round_event_link.sql:L12@s5_mirror_round_for_audit[NEW.field trigger reference; read/write not mechanically determined] ; database/028_sprint5_round_event_link.sql:L13@s5_mirror_round_for_audit[NEW.field trigger reference; read/write not mechanically determined]
F0300,s5_rounds#04,s5_rounds,vote_round,4,5,NO,9,database/027_sprint5_act6_8_runtime.sql:L42@s5_initialize[INSERT explicit column]{DIRECT_OR_COMPUTED} ; database/027_sprint5_act6_8_runtime.sql:L59@s5_submit_vote[INSERT explicit column]{DIRECT_OR_COMPUTED} ; database/027_sprint5_act6_8_runtime.sql:L65@s5_submit_vote[INSERT explicit column]{DIRECT_OR_COMPUTED} ; database/027_sprint5_act6_8_runtime.sql:L72@s5_advance[INSERT explicit column]{DIRECT_OR_COMPUTED} ; database/027_sprint5_act6_8_runtime.sql:L82@s5_submit_private_choice[INSERT explicit column]{DIRECT_OR_COMPUTED} ; database/037_level3_independent_audit_closure.sql:L95@s5_ensure_initialized[INSERT explicit column]{DIRECT_OR_COMPUTED} ; database/039_level3_s5_canonical_discussion_fix.sql:L13@s5_ensure_initialized[INSERT explicit column]{DIRECT_OR_COMPUTED} ; database/061_package_a_act6_entry_timer_barrier.sql:L13@s5_ensure_initialized[INSERT explicit column]{DIRECT_OR_COMPUTED} ; database/062_package_a_prepared_event_fk_fix.sql:L14@s5_ensure_initialized[INSERT explicit column]{DIRECT_OR_COMPUTED},9,database/027_sprint5_act6_8_runtime.sql:L49@s5_submit_vote[SELECT * INTO row] ; database/029_sprint5_canonical_discussion_localization.sql:L26@s5_configure_discussion[qualified/rowtype field reference] ; database/029_sprint5_canonical_discussion_localization.sql:L85@s5_get_player_state[qualified/rowtype field reference] ; database/029_sprint5_canonical_discussion_localization.sql:L89@s5_get_discussion_state[qualified/rowtype field reference] ; database/030_sprint5_exact_session_messages.sql:L10@s5_send_message[qualified/rowtype field reference] ; database/031_sprint5_focused_reaudit_corrections.sql:L30@s5_get_teacher_discussion_state[qualified/rowtype field reference] ; database/032_sprint5_discussion_creation_restore.sql:L10@s5_configure_discussion[qualified/rowtype field reference] ; database/053_sprint8_act6_effective_round_integrity.sql:L31@s8_verify_integrity[qualified/rowtype field reference] ; database/053_sprint8_act6_effective_round_integrity.sql:L35@s8_verify_integrity[qualified/rowtype field reference],0,,0,,1,database/028_sprint5_round_event_link.sql:L13@s5_mirror_round_for_audit[NEW.field trigger reference; read/write not mechanically determined]
F0301,s5_rounds#05,s5_rounds,topic_text_key,5,1,YES,9,database/027_sprint5_act6_8_runtime.sql:L42@s5_initialize[INSERT explicit column]{DIRECT_OR_COMPUTED} ; database/027_sprint5_act6_8_runtime.sql:L59@s5_submit_vote[INSERT explicit column]{DIRECT_OR_COMPUTED} ; database/027_sprint5_act6_8_runtime.sql:L65@s5_submit_vote[INSERT explicit column]{DIRECT_OR_COMPUTED} ; database/027_sprint5_act6_8_runtime.sql:L72@s5_advance[INSERT explicit column]{DIRECT_OR_COMPUTED} ; database/027_sprint5_act6_8_runtime.sql:L82@s5_submit_private_choice[INSERT explicit column]{DIRECT_OR_COMPUTED} ; database/037_level3_independent_audit_closure.sql:L95@s5_ensure_initialized[INSERT explicit column]{DIRECT_OR_COMPUTED} ; database/039_level3_s5_canonical_discussion_fix.sql:L13@s5_ensure_initialized[INSERT explicit column]{DIRECT_OR_COMPUTED} ; database/061_package_a_act6_entry_timer_barrier.sql:L13@s5_ensure_initialized[INSERT explicit column]{DIRECT_OR_COMPUTED} ; database/062_package_a_prepared_event_fk_fix.sql:L14@s5_ensure_initialized[INSERT explicit column]{DIRECT_OR_COMPUTED},3,database/027_sprint5_act6_8_runtime.sql:L49@s5_submit_vote[SELECT * INTO row] ; database/029_sprint5_canonical_discussion_localization.sql:L26@s5_configure_discussion[qualified/rowtype field reference] ; database/032_sprint5_discussion_creation_restore.sql:L10@s5_configure_discussion[qualified/rowtype field reference],0,,0,,1,database/028_sprint5_round_event_link.sql:L13@s5_mirror_round_for_audit[NEW.field trigger reference; read/write not mechanically determined]
F0302,s5_rounds#06,s5_rounds,status,6,4,NO,4,database/027_sprint5_act6_8_runtime.sql:L59@s5_submit_vote[UPDATE SET]{DIRECT_OR_COMPUTED} ; database/027_sprint5_act6_8_runtime.sql:L62@s5_submit_vote[UPDATE SET]{DIRECT_OR_COMPUTED} ; database/027_sprint5_act6_8_runtime.sql:L65@s5_submit_vote[UPDATE SET]{DIRECT_OR_COMPUTED} ; database/029_sprint5_canonical_discussion_localization.sql:L62@s5_submit_vote[UPDATE SET]{DIRECT_OR_COMPUTED},3,database/027_sprint5_act6_8_runtime.sql:L49@s5_submit_vote[SELECT * INTO row] ; database/027_sprint5_act6_8_runtime.sql:L49@s5_submit_vote[qualified/rowtype field reference] ; database/053_sprint8_act6_effective_round_integrity.sql:L33@s8_verify_integrity[qualified/rowtype field reference],0,,0,,0,
F0303,s5_rounds#07,s5_rounds,resolution_source,7,2,NO,4,database/027_sprint5_act6_8_runtime.sql:L59@s5_submit_vote[UPDATE SET]{DIRECT_OR_COMPUTED} ; database/027_sprint5_act6_8_runtime.sql:L62@s5_submit_vote[UPDATE SET]{DIRECT_OR_COMPUTED} ; database/027_sprint5_act6_8_runtime.sql:L65@s5_submit_vote[UPDATE SET]{DIRECT_OR_COMPUTED} ; database/029_sprint5_canonical_discussion_localization.sql:L62@s5_submit_vote[UPDATE SET]{DERIVED_OR_COPY},2,database/027_sprint5_act6_8_runtime.sql:L49@s5_submit_vote[SELECT * INTO row] ; database/053_sprint8_act6_effective_round_integrity.sql:L34@s8_verify_integrity[qualified/rowtype field reference],0,,0,,0,
F0304,s5_rounds#08,s5_rounds,created_at,8,11,NO,0,,1,database/027_sprint5_act6_8_runtime.sql:L49@s5_submit_vote[SELECT * INTO row],0,,0,,0,
F0305,s5_rounds#09,s5_rounds,resolved_at,9,1,YES,4,database/027_sprint5_act6_8_runtime.sql:L59@s5_submit_vote[UPDATE SET]{DIRECT_OR_COMPUTED} ; database/027_sprint5_act6_8_runtime.sql:L62@s5_submit_vote[UPDATE SET]{DIRECT_OR_COMPUTED} ; database/027_sprint5_act6_8_runtime.sql:L65@s5_submit_vote[UPDATE SET]{DIRECT_OR_COMPUTED} ; database/029_sprint5_canonical_discussion_localization.sql:L62@s5_submit_vote[UPDATE SET]{DIRECT_OR_COMPUTED},1,database/027_sprint5_act6_8_runtime.sql:L49@s5_submit_vote[SELECT * INTO row],0,,0,,0,
F0306,s5_run_state#01,s5_run_state,run_id,1,36,NO,5,database/027_sprint5_act6_8_runtime.sql:L42@s5_initialize[INSERT explicit column]{DIRECT_OR_COMPUTED} ; database/037_level3_independent_audit_closure.sql:L92@s5_ensure_initialized[INSERT explicit column]{DIRECT_OR_COMPUTED} ; database/039_level3_s5_canonical_discussion_fix.sql:L10@s5_ensure_initialized[INSERT explicit column]{DIRECT_OR_COMPUTED} ; database/061_package_a_act6_entry_timer_barrier.sql:L10@s5_ensure_initialized[INSERT explicit column]{DIRECT_OR_COMPUTED} ; database/062_package_a_prepared_event_fk_fix.sql:L11@s5_ensure_initialized[INSERT explicit column]{DIRECT_OR_COMPUTED},21,database/027_sprint5_act6_8_runtime.sql:L47@s5_submit_vote[SELECT * INTO row] ; database/027_sprint5_act6_8_runtime.sql:L71@s5_advance[SELECT * INTO row] ; database/027_sprint5_act6_8_runtime.sql:L79@s5_submit_private_choice[SELECT * INTO row] ; database/027_sprint5_act6_8_runtime.sql:L86@s5_get_player_state[SELECT * INTO row] ; database/027_sprint5_act6_8_runtime.sql:L89@s5_get_player_state[to_jsonb(row) exposes field] ; database/029_sprint5_canonical_discussion_localization.sql:L57@s5_submit_vote[SELECT * INTO row] ; database/029_sprint5_canonical_discussion_localization.sql:L73@s5_advance[SELECT * INTO row] ; database/029_sprint5_canonical_discussion_localization.sql:L79@s5_submit_private_choice[SELECT * INTO row] ; database/029_sprint5_canonical_discussion_localization.sql:L85@s5_get_player_state[SELECT * INTO row] ; database/029_sprint5_canonical_discussion_localization.sql:L89@s5_get_discussion_state[SELECT * INTO row] ; database/029_sprint5_canonical_discussion_localization.sql:L98@s5_audit_expire_discussion[SELECT * INTO row] ; database/030_sprint5_exact_session_messages.sql:L8@s5_send_message[SELECT * INTO row] ; database/043_sprint7_teacher_console.sql:L37@s7_get_teacher_console[SELECT * INTO row] ; database/043_sprint7_teacher_console.sql:L38@s7_get_teacher_console[qualified/rowtype field reference] ; database/044_sprint7_focused_level1_corrections.sql:L26@s7_get_teacher_console[SELECT * INTO row] ; database/044_sprint7_focused_level1_corrections.sql:L27@s7_get_teacher_console[qualified/rowtype field reference] ; database/049_sprint8_final_closure.sql:L73@s8_verify_integrity[SELECT * INTO row] ; database/054_level3_integrated_closure.sql:L129@s8_verify_integrity[SELECT * INTO row] ; database/059_structural_lifecycle_transition_spine.sql:L64@s9_enter_act6[SELECT * INTO row] ; database/061_package_a_act6_entry_timer_barrier.sql:L57@s9_enter_act6[SELECT * INTO row] ; database/063_package_a_player_entry_column_fix.sql:L32@s9_enter_act6[SELECT * INTO row],0,,1,READ:tests/sprint8-final-closure-integrity-transaction.sql:L132@TEST_SQL[bare field in single test statement],1,database/037_level3_independent_audit_closure.sql:L50@act6_13_capture_s5_transition[NEW.field trigger reference; read/write not mechanically determined]
F0307,s5_run_state#02,s5_run_state,act_no,2,4,NO,2,database/027_sprint5_act6_8_runtime.sql:L72@s5_advance[UPDATE SET]{DIRECT_OR_COMPUTED} ; database/027_sprint5_act6_8_runtime.sql:L73@s5_advance[UPDATE SET]{DIRECT_OR_COMPUTED},22,database/027_sprint5_act6_8_runtime.sql:L47@s5_submit_vote[SELECT * INTO row] ; database/027_sprint5_act6_8_runtime.sql:L71@s5_advance[SELECT * INTO row] ; database/027_sprint5_act6_8_runtime.sql:L79@s5_submit_private_choice[SELECT * INTO row] ; database/027_sprint5_act6_8_runtime.sql:L86@s5_get_player_state[SELECT * INTO row] ; database/027_sprint5_act6_8_runtime.sql:L89@s5_get_player_state[to_jsonb(row) exposes field] ; database/029_sprint5_canonical_discussion_localization.sql:L57@s5_submit_vote[SELECT * INTO row] ; database/029_sprint5_canonical_discussion_localization.sql:L73@s5_advance[SELECT * INTO row] ; database/029_sprint5_canonical_discussion_localization.sql:L79@s5_submit_private_choice[SELECT * INTO row] ; database/029_sprint5_canonical_discussion_localization.sql:L85@s5_get_player_state[SELECT * INTO row] ; database/029_sprint5_canonical_discussion_localization.sql:L89@s5_get_discussion_state[SELECT * INTO row] ; database/029_sprint5_canonical_discussion_localization.sql:L98@s5_audit_expire_discussion[SELECT * INTO row] ; database/030_sprint5_exact_session_messages.sql:L8@s5_send_message[SELECT * INTO row] ; database/037_level3_independent_audit_closure.sql:L48@act6_13_capture_s5_transition[OLD.field trigger reference] ; database/043_sprint7_teacher_console.sql:L37@s7_get_teacher_console[SELECT * INTO row] ; database/043_sprint7_teacher_console.sql:L38@s7_get_teacher_console[qualified/rowtype field reference] ; database/044_sprint7_focused_level1_corrections.sql:L26@s7_get_teacher_console[SELECT * INTO row] ; database/044_sprint7_focused_level1_corrections.sql:L27@s7_get_teacher_console[qualified/rowtype field reference] ; database/049_sprint8_final_closure.sql:L73@s8_verify_integrity[SELECT * INTO row] ; database/054_level3_integrated_closure.sql:L129@s8_verify_integrity[SELECT * INTO row] ; database/059_structural_lifecycle_transition_spine.sql:L64@s9_enter_act6[SELECT * INTO row] ; database/061_package_a_act6_entry_timer_barrier.sql:L57@s9_enter_act6[SELECT * INTO row] ; database/063_package_a_player_entry_column_fix.sql:L32@s9_enter_act6[SELECT * INTO row],0,,0,,2,database/037_level3_independent_audit_closure.sql:L48@act6_13_capture_s5_transition[NEW.field trigger reference; read/write not mechanically determined] ; database/037_level3_independent_audit_closure.sql:L50@act6_13_capture_s5_transition[NEW.field trigger reference; read/write not mechanically determined]
F0308,s5_run_state#03,s5_run_state,phase_key,3,13,NO,8,database/027_sprint5_act6_8_runtime.sql:L58@s5_submit_vote[UPDATE SET]{DIRECT_OR_COMPUTED} ; database/027_sprint5_act6_8_runtime.sql:L63@s5_submit_vote[UPDATE SET]{DIRECT_OR_COMPUTED} ; database/027_sprint5_act6_8_runtime.sql:L64@s5_submit_vote[UPDATE SET]{DIRECT_OR_COMPUTED} ; database/027_sprint5_act6_8_runtime.sql:L66@s5_submit_vote[UPDATE SET]{DIRECT_OR_COMPUTED} ; database/027_sprint5_act6_8_runtime.sql:L72@s5_advance[UPDATE SET]{DIRECT_OR_COMPUTED} ; database/027_sprint5_act6_8_runtime.sql:L73@s5_advance[UPDATE SET]{DIRECT_OR_COMPUTED} ; database/027_sprint5_act6_8_runtime.sql:L74@s5_advance[UPDATE SET]{DIRECT_OR_COMPUTED} ; database/027_sprint5_act6_8_runtime.sql:L82@s5_submit_private_choice[UPDATE SET]{DIRECT_OR_COMPUTED},60,database/027_sprint5_act6_8_runtime.sql:L47@s5_submit_vote[SELECT * INTO row] ; database/027_sprint5_act6_8_runtime.sql:L49@s5_submit_vote[qualified/rowtype field reference] ; database/027_sprint5_act6_8_runtime.sql:L50@s5_submit_vote[qualified/rowtype field reference] ; database/027_sprint5_act6_8_runtime.sql:L52@s5_submit_vote[qualified/rowtype field reference] ; database/027_sprint5_act6_8_runtime.sql:L53@s5_submit_vote[qualified/rowtype field reference] ; database/027_sprint5_act6_8_runtime.sql:L54@s5_submit_vote[qualified/rowtype field reference] ; database/027_sprint5_act6_8_runtime.sql:L55@s5_submit_vote[qualified/rowtype field reference] ; database/027_sprint5_act6_8_runtime.sql:L56@s5_submit_vote[qualified/rowtype field reference] ; database/027_sprint5_act6_8_runtime.sql:L58@s5_submit_vote[qualified/rowtype field reference] ; database/027_sprint5_act6_8_runtime.sql:L59@s5_submit_vote[qualified/rowtype field reference] ; database/027_sprint5_act6_8_runtime.sql:L63@s5_submit_vote[qualified/rowtype field reference] ; database/027_sprint5_act6_8_runtime.sql:L64@s5_submit_vote[qualified/rowtype field reference] ; database/027_sprint5_act6_8_runtime.sql:L65@s5_submit_vote[qualified/rowtype field reference] ; database/027_sprint5_act6_8_runtime.sql:L71@s5_advance[SELECT * INTO row] ; database/027_sprint5_act6_8_runtime.sql:L72@s5_advance[qualified/rowtype field reference] ; database/027_sprint5_act6_8_runtime.sql:L73@s5_advance[qualified/rowtype field reference] ; database/027_sprint5_act6_8_runtime.sql:L74@s5_advance[qualified/rowtype field reference] ; database/027_sprint5_act6_8_runtime.sql:L79@s5_submit_private_choice[SELECT * INTO row] ; database/027_sprint5_act6_8_runtime.sql:L79@s5_submit_private_choice[qualified/rowtype field reference] ; database/027_sprint5_act6_8_runtime.sql:L86@s5_get_player_state[SELECT * INTO row] ; database/027_sprint5_act6_8_runtime.sql:L87@s5_get_player_state[qualified/rowtype field reference] ; database/027_sprint5_act6_8_runtime.sql:L89@s5_get_player_state[qualified/rowtype field reference] ; database/027_sprint5_act6_8_runtime.sql:L89@s5_get_player_state[to_jsonb(row) exposes field] ; database/029_sprint5_canonical_discussion_localization.sql:L57@s5_submit_vote[SELECT * INTO row] ; database/029_sprint5_canonical_discussion_localization.sql:L64@s5_submit_vote[qualified/rowtype field reference] ; database/029_sprint5_canonical_discussion_localization.sql:L65@s5_submit_vote[qualified/rowtype field reference] ; database/029_sprint5_canonical_discussion_localization.sql:L73@s5_advance[SELECT * INTO row] ; database/029_sprint5_canonical_discussion_localization.sql:L73@s5_advance[qualified/rowtype field reference] ; database/029_sprint5_canonical_discussion_localization.sql:L79@s5_submit_private_choice[SELECT * INTO row] ; database/029_sprint5_canonical_discussion_localization.sql:L79@s5_submit_private_choice[qualified/rowtype field reference] ; database/029_sprint5_canonical_discussion_localization.sql:L85@s5_get_player_state[SELECT * INTO row] ; database/029_sprint5_canonical_discussion_localization.sql:L85@s5_get_player_state[qualified/rowtype field reference] ; database/029_sprint5_canonical_discussion_localization.sql:L89@s5_get_discussion_state[SELECT * INTO row] ; database/029_sprint5_canonical_discussion_localization.sql:L89@s5_get_discussion_state[qualified/rowtype field reference] ; database/029_sprint5_canonical_discussion_localization.sql:L91@s5_get_discussion_state[qualified/rowtype field reference] ; database/029_sprint5_canonical_discussion_localization.sql:L98@s5_audit_expire_discussion[SELECT * INTO row] ; database/029_sprint5_canonical_discussion_localization.sql:L98@s5_audit_expire_discussion[qualified/rowtype field reference] ; database/030_sprint5_exact_session_messages.sql:L10@s5_send_message[qualified/rowtype field reference] ; database/030_sprint5_exact_session_messages.sql:L8@s5_send_message[SELECT * INTO row] ; database/031_sprint5_focused_reaudit_corrections.sql:L19@s5_advance[qualified/rowtype field reference] ; database/031_sprint5_focused_reaudit_corrections.sql:L30@s5_get_teacher_discussion_state[qualified/rowtype field reference] ; database/031_sprint5_focused_reaudit_corrections.sql:L33@s5_teacher_open_vote[qualified/rowtype field reference] ; database/031_sprint5_focused_reaudit_corrections.sql:L34@s5_teacher_add_time[qualified/rowtype field reference] ; database/037_level3_independent_audit_closure.sql:L48@act6_13_capture_s5_transition[OLD.field trigger reference] ; database/037_level3_independent_audit_closure.sql:L50@act6_13_capture_s5_transition[OLD.field trigger reference] ; database/043_sprint7_teacher_console.sql:L37@s7_get_teacher_console[SELECT * INTO row] ; database/043_sprint7_teacher_console.sql:L49@s7_get_teacher_console[qualified/rowtype field reference] ; database/043_sprint7_teacher_console.sql:L50@s7_get_teacher_console[qualified/rowtype field reference] ; database/044_sprint7_focused_level1_corrections.sql:L26@s7_get_teacher_console[SELECT * INTO row] ; database/044_sprint7_focused_level1_corrections.sql:L39@s7_get_teacher_console[qualified/rowtype field reference] ; database/044_sprint7_focused_level1_corrections.sql:L40@s7_get_teacher_console[qualified/rowtype field reference] ; database/045_sprint7_teacher_intervention_provenance.sql:L25@s5_teacher_open_vote[qualified/rowtype field reference] ; database/045_sprint7_teacher_intervention_provenance.sql:L26@s5_teacher_open_vote[qualified/rowtype field reference] ; database/045_sprint7_teacher_intervention_provenance.sql:L31@s5_teacher_add_time[qualified/rowtype field reference] ; database/045_sprint7_teacher_intervention_provenance.sql:L32@s5_teacher_add_time[qualified/rowtype field reference] ; database/049_sprint8_final_closure.sql:L73@s8_verify_integrity[SELECT * INTO row] ; database/054_level3_integrated_closure.sql:L129@s8_verify_integrity[SELECT * INTO row] ; database/059_structural_lifecycle_transition_spine.sql:L64@s9_enter_act6[SELECT * INTO row] ; database/061_package_a_act6_entry_timer_barrier.sql:L57@s9_enter_act6[SELECT * INTO row] ; database/063_package_a_player_entry_column_fix.sql:L32@s9_enter_act6[SELECT * INTO row],0,,0,,2,database/037_level3_independent_audit_closure.sql:L48@act6_13_capture_s5_transition[NEW.field trigger reference; read/write not mechanically determined] ; database/037_level3_independent_audit_closure.sql:L50@act6_13_capture_s5_transition[NEW.field trigger reference; read/write not mechanically determined]
F0309,s5_run_state#04,s5_run_state,vote_round,4,5,NO,5,database/027_sprint5_act6_8_runtime.sql:L59@s5_submit_vote[UPDATE SET]{DIRECT_OR_COMPUTED} ; database/027_sprint5_act6_8_runtime.sql:L65@s5_submit_vote[UPDATE SET]{DIRECT_OR_COMPUTED} ; database/027_sprint5_act6_8_runtime.sql:L72@s5_advance[UPDATE SET]{DIRECT_OR_COMPUTED} ; database/027_sprint5_act6_8_runtime.sql:L73@s5_advance[UPDATE SET]{DIRECT_OR_COMPUTED} ; database/027_sprint5_act6_8_runtime.sql:L82@s5_submit_private_choice[UPDATE SET]{DIRECT_OR_COMPUTED},47,database/027_sprint5_act6_8_runtime.sql:L47@s5_submit_vote[SELECT * INTO row] ; database/027_sprint5_act6_8_runtime.sql:L49@s5_submit_vote[qualified/rowtype field reference] ; database/027_sprint5_act6_8_runtime.sql:L52@s5_submit_vote[qualified/rowtype field reference] ; database/027_sprint5_act6_8_runtime.sql:L53@s5_submit_vote[qualified/rowtype field reference] ; database/027_sprint5_act6_8_runtime.sql:L54@s5_submit_vote[qualified/rowtype field reference] ; database/027_sprint5_act6_8_runtime.sql:L55@s5_submit_vote[qualified/rowtype field reference] ; database/027_sprint5_act6_8_runtime.sql:L56@s5_submit_vote[qualified/rowtype field reference] ; database/027_sprint5_act6_8_runtime.sql:L58@s5_submit_vote[qualified/rowtype field reference] ; database/027_sprint5_act6_8_runtime.sql:L59@s5_submit_vote[qualified/rowtype field reference] ; database/027_sprint5_act6_8_runtime.sql:L65@s5_submit_vote[qualified/rowtype field reference] ; database/027_sprint5_act6_8_runtime.sql:L71@s5_advance[SELECT * INTO row] ; database/027_sprint5_act6_8_runtime.sql:L79@s5_submit_private_choice[SELECT * INTO row] ; database/027_sprint5_act6_8_runtime.sql:L86@s5_get_player_state[SELECT * INTO row] ; database/027_sprint5_act6_8_runtime.sql:L87@s5_get_player_state[qualified/rowtype field reference] ; database/027_sprint5_act6_8_runtime.sql:L89@s5_get_player_state[qualified/rowtype field reference] ; database/027_sprint5_act6_8_runtime.sql:L89@s5_get_player_state[to_jsonb(row) exposes field] ; database/029_sprint5_canonical_discussion_localization.sql:L57@s5_submit_vote[SELECT * INTO row] ; database/029_sprint5_canonical_discussion_localization.sql:L64@s5_submit_vote[qualified/rowtype field reference] ; database/029_sprint5_canonical_discussion_localization.sql:L73@s5_advance[SELECT * INTO row] ; database/029_sprint5_canonical_discussion_localization.sql:L73@s5_advance[qualified/rowtype field reference] ; database/029_sprint5_canonical_discussion_localization.sql:L79@s5_submit_private_choice[SELECT * INTO row] ; database/029_sprint5_canonical_discussion_localization.sql:L79@s5_submit_private_choice[qualified/rowtype field reference] ; database/029_sprint5_canonical_discussion_localization.sql:L85@s5_get_player_state[SELECT * INTO row] ; database/029_sprint5_canonical_discussion_localization.sql:L85@s5_get_player_state[qualified/rowtype field reference] ; database/029_sprint5_canonical_discussion_localization.sql:L89@s5_get_discussion_state[SELECT * INTO row] ; database/029_sprint5_canonical_discussion_localization.sql:L89@s5_get_discussion_state[qualified/rowtype field reference] ; database/029_sprint5_canonical_discussion_localization.sql:L91@s5_get_discussion_state[qualified/rowtype field reference] ; database/029_sprint5_canonical_discussion_localization.sql:L93@s5_get_discussion_state[qualified/rowtype field reference] ; database/029_sprint5_canonical_discussion_localization.sql:L98@s5_audit_expire_discussion[SELECT * INTO row] ; database/029_sprint5_canonical_discussion_localization.sql:L98@s5_audit_expire_discussion[qualified/rowtype field reference] ; database/030_sprint5_exact_session_messages.sql:L8@s5_send_message[SELECT * INTO row] ; database/031_sprint5_focused_reaudit_corrections.sql:L30@s5_get_teacher_discussion_state[qualified/rowtype field reference] ; database/031_sprint5_focused_reaudit_corrections.sql:L31@s5_get_teacher_discussion_state[qualified/rowtype field reference] ; database/031_sprint5_focused_reaudit_corrections.sql:L33@s5_teacher_open_vote[qualified/rowtype field reference] ; database/031_sprint5_focused_reaudit_corrections.sql:L34@s5_teacher_add_time[qualified/rowtype field reference] ; database/037_level3_independent_audit_closure.sql:L48@act6_13_capture_s5_transition[OLD.field trigger reference] ; database/043_sprint7_teacher_console.sql:L37@s7_get_teacher_console[SELECT * INTO row] ; database/044_sprint7_focused_level1_corrections.sql:L26@s7_get_teacher_console[SELECT * INTO row] ; database/045_sprint7_teacher_intervention_provenance.sql:L25@s5_teacher_open_vote[qualified/rowtype field reference] ; database/045_sprint7_teacher_intervention_provenance.sql:L26@s5_teacher_open_vote[qualified/rowtype field reference] ; database/045_sprint7_teacher_intervention_provenance.sql:L31@s5_teacher_add_time[qualified/rowtype field reference] ; database/045_sprint7_teacher_intervention_provenance.sql:L32@s5_teacher_add_time[qualified/rowtype field reference] ; database/049_sprint8_final_closure.sql:L73@s8_verify_integrity[SELECT * INTO row] ; database/054_level3_integrated_closure.sql:L129@s8_verify_integrity[SELECT * INTO row] ; database/059_structural_lifecycle_transition_spine.sql:L64@s9_enter_act6[SELECT * INTO row] ; database/061_package_a_act6_entry_timer_barrier.sql:L57@s9_enter_act6[SELECT * INTO row] ; database/063_package_a_player_entry_column_fix.sql:L32@s9_enter_act6[SELECT * INTO row],0,,0,,2,database/037_level3_independent_audit_closure.sql:L48@act6_13_capture_s5_transition[NEW.field trigger reference; read/write not mechanically determined] ; database/037_level3_independent_audit_closure.sql:L50@act6_13_capture_s5_transition[NEW.field trigger reference; read/write not mechanically determined]
F0310,s5_run_state#05,s5_run_state,act6_resolution,5,1,YES,2,database/027_sprint5_act6_8_runtime.sql:L58@s5_submit_vote[UPDATE SET]{DIRECT_OR_COMPUTED} ; database/027_sprint5_act6_8_runtime.sql:L63@s5_submit_vote[UPDATE SET]{DIRECT_OR_COMPUTED},22,database/027_sprint5_act6_8_runtime.sql:L47@s5_submit_vote[SELECT * INTO row] ; database/027_sprint5_act6_8_runtime.sql:L71@s5_advance[SELECT * INTO row] ; database/027_sprint5_act6_8_runtime.sql:L79@s5_submit_private_choice[SELECT * INTO row] ; database/027_sprint5_act6_8_runtime.sql:L86@s5_get_player_state[SELECT * INTO row] ; database/027_sprint5_act6_8_runtime.sql:L89@s5_get_player_state[to_jsonb(row) exposes field] ; database/029_sprint5_canonical_discussion_localization.sql:L57@s5_submit_vote[SELECT * INTO row] ; database/029_sprint5_canonical_discussion_localization.sql:L60@s5_submit_vote[qualified/rowtype field reference] ; database/029_sprint5_canonical_discussion_localization.sql:L62@s5_submit_vote[qualified/rowtype field reference] ; database/029_sprint5_canonical_discussion_localization.sql:L73@s5_advance[SELECT * INTO row] ; database/029_sprint5_canonical_discussion_localization.sql:L79@s5_submit_private_choice[SELECT * INTO row] ; database/029_sprint5_canonical_discussion_localization.sql:L85@s5_get_player_state[SELECT * INTO row] ; database/029_sprint5_canonical_discussion_localization.sql:L89@s5_get_discussion_state[SELECT * INTO row] ; database/029_sprint5_canonical_discussion_localization.sql:L98@s5_audit_expire_discussion[SELECT * INTO row] ; database/030_sprint5_exact_session_messages.sql:L8@s5_send_message[SELECT * INTO row] ; database/043_sprint7_teacher_console.sql:L37@s7_get_teacher_console[SELECT * INTO row] ; database/044_sprint7_focused_level1_corrections.sql:L26@s7_get_teacher_console[SELECT * INTO row] ; database/049_sprint8_final_closure.sql:L73@s8_verify_integrity[SELECT * INTO row] ; database/049_sprint8_final_closure.sql:L98@s8_verify_integrity[qualified/rowtype field reference] ; database/054_level3_integrated_closure.sql:L129@s8_verify_integrity[SELECT * INTO row] ; database/059_structural_lifecycle_transition_spine.sql:L64@s9_enter_act6[SELECT * INTO row] ; database/061_package_a_act6_entry_timer_barrier.sql:L57@s9_enter_act6[SELECT * INTO row] ; database/063_package_a_player_entry_column_fix.sql:L32@s9_enter_act6[SELECT * INTO row],1,MEDIUM:tests/sprint5-live-e2e.js:L10@main[property-name reference],1,READ:tests/sprint8-final-closure-integrity-transaction.sql:L132@TEST_SQL[bare field in single test statement],0,
F0311,s5_run_state#06,s5_run_state,act7_wrong_attempts,6,1,YES,1,database/027_sprint5_act6_8_runtime.sql:L65@s5_submit_vote[UPDATE SET]{DIRECT_OR_COMPUTED},20,database/027_sprint5_act6_8_runtime.sql:L47@s5_submit_vote[SELECT * INTO row] ; database/027_sprint5_act6_8_runtime.sql:L65@s5_submit_vote[qualified/rowtype field reference] ; database/027_sprint5_act6_8_runtime.sql:L71@s5_advance[SELECT * INTO row] ; database/027_sprint5_act6_8_runtime.sql:L79@s5_submit_private_choice[SELECT * INTO row] ; database/027_sprint5_act6_8_runtime.sql:L86@s5_get_player_state[SELECT * INTO row] ; database/027_sprint5_act6_8_runtime.sql:L89@s5_get_player_state[to_jsonb(row) exposes field] ; database/029_sprint5_canonical_discussion_localization.sql:L57@s5_submit_vote[SELECT * INTO row] ; database/029_sprint5_canonical_discussion_localization.sql:L73@s5_advance[SELECT * INTO row] ; database/029_sprint5_canonical_discussion_localization.sql:L79@s5_submit_private_choice[SELECT * INTO row] ; database/029_sprint5_canonical_discussion_localization.sql:L85@s5_get_player_state[SELECT * INTO row] ; database/029_sprint5_canonical_discussion_localization.sql:L89@s5_get_discussion_state[SELECT * INTO row] ; database/029_sprint5_canonical_discussion_localization.sql:L98@s5_audit_expire_discussion[SELECT * INTO row] ; database/030_sprint5_exact_session_messages.sql:L8@s5_send_message[SELECT * INTO row] ; database/043_sprint7_teacher_console.sql:L37@s7_get_teacher_console[SELECT * INTO row] ; database/044_sprint7_focused_level1_corrections.sql:L26@s7_get_teacher_console[SELECT * INTO row] ; database/049_sprint8_final_closure.sql:L73@s8_verify_integrity[SELECT * INTO row] ; database/054_level3_integrated_closure.sql:L129@s8_verify_integrity[SELECT * INTO row] ; database/059_structural_lifecycle_transition_spine.sql:L64@s9_enter_act6[SELECT * INTO row] ; database/061_package_a_act6_entry_timer_barrier.sql:L57@s9_enter_act6[SELECT * INTO row] ; database/063_package_a_player_entry_column_fix.sql:L32@s9_enter_act6[SELECT * INTO row],2,MEDIUM:src/game/app.js:L400@renderSprint5[property-name reference] ; MEDIUM:tests/sprint5-live-e2e.js:L11@main[property-name reference],0,,0,
F0312,s5_run_state#07,s5_run_state,route_taken_act8,7,1,YES,2,database/027_sprint5_act6_8_runtime.sql:L66@s5_submit_vote[UPDATE SET]{DIRECT_OR_COMPUTED} ; database/027_sprint5_act6_8_runtime.sql:L82@s5_submit_private_choice[UPDATE SET]{DIRECT_OR_COMPUTED},23,database/027_sprint5_act6_8_runtime.sql:L47@s5_submit_vote[SELECT * INTO row] ; database/027_sprint5_act6_8_runtime.sql:L71@s5_advance[SELECT * INTO row] ; database/027_sprint5_act6_8_runtime.sql:L74@s5_advance[qualified/rowtype field reference] ; database/027_sprint5_act6_8_runtime.sql:L79@s5_submit_private_choice[SELECT * INTO row] ; database/027_sprint5_act6_8_runtime.sql:L86@s5_get_player_state[SELECT * INTO row] ; database/027_sprint5_act6_8_runtime.sql:L89@s5_get_player_state[to_jsonb(row) exposes field] ; database/029_sprint5_canonical_discussion_localization.sql:L57@s5_submit_vote[SELECT * INTO row] ; database/029_sprint5_canonical_discussion_localization.sql:L73@s5_advance[SELECT * INTO row] ; database/029_sprint5_canonical_discussion_localization.sql:L79@s5_submit_private_choice[SELECT * INTO row] ; database/029_sprint5_canonical_discussion_localization.sql:L85@s5_get_player_state[SELECT * INTO row] ; database/029_sprint5_canonical_discussion_localization.sql:L89@s5_get_discussion_state[SELECT * INTO row] ; database/029_sprint5_canonical_discussion_localization.sql:L98@s5_audit_expire_discussion[SELECT * INTO row] ; database/030_sprint5_exact_session_messages.sql:L8@s5_send_message[SELECT * INTO row] ; database/043_sprint7_teacher_console.sql:L37@s7_get_teacher_console[SELECT * INTO row] ; database/044_sprint7_focused_level1_corrections.sql:L26@s7_get_teacher_console[SELECT * INTO row] ; database/049_sprint8_final_closure.sql:L73@s8_verify_integrity[SELECT * INTO row] ; database/054_level3_integrated_closure.sql:L129@s8_verify_integrity[SELECT * INTO row] ; database/054_level3_integrated_closure.sql:L138@s8_verify_integrity[qualified/rowtype field reference] ; database/054_level3_integrated_closure.sql:L140@s8_verify_integrity[qualified/rowtype field reference] ; database/054_level3_integrated_closure.sql:L142@s8_verify_integrity[qualified/rowtype field reference] ; database/059_structural_lifecycle_transition_spine.sql:L64@s9_enter_act6[SELECT * INTO row] ; database/061_package_a_act6_entry_timer_barrier.sql:L57@s9_enter_act6[SELECT * INTO row] ; database/063_package_a_player_entry_column_fix.sql:L32@s9_enter_act6[SELECT * INTO row],6,MEDIUM:src/game/app.js:L403@renderSprint5[property-name reference] ; MEDIUM:src/game/app.js:L408@renderSprint5[property-name reference] ; MEDIUM:src/game/app.js:L409@renderSprint5[property-name reference] ; MEDIUM:src/game/app.js:L418@hydrateS5Assets[property-name reference] ; MEDIUM:tests/sprint5-live-e2e.js:L12@main[property-name reference] ; MEDIUM:tests/sprint8-final-closure-live-e2e.js:L67@completeSprint5WithDirectAct8[property-name reference],1,WRITE:tests/sprint8-final-closure-integrity-transaction.sql:L167@TEST_SQL[UPDATE SET in test]{TEST_WRITE},0,
F0313,s5_run_state#08,s5_run_state,completed_at,8,3,NO,1,database/027_sprint5_act6_8_runtime.sql:L74@s5_advance[UPDATE SET]{DIRECT_OR_COMPUTED},19,database/027_sprint5_act6_8_runtime.sql:L47@s5_submit_vote[SELECT * INTO row] ; database/027_sprint5_act6_8_runtime.sql:L71@s5_advance[SELECT * INTO row] ; database/027_sprint5_act6_8_runtime.sql:L79@s5_submit_private_choice[SELECT * INTO row] ; database/027_sprint5_act6_8_runtime.sql:L86@s5_get_player_state[SELECT * INTO row] ; database/027_sprint5_act6_8_runtime.sql:L89@s5_get_player_state[to_jsonb(row) exposes field] ; database/029_sprint5_canonical_discussion_localization.sql:L57@s5_submit_vote[SELECT * INTO row] ; database/029_sprint5_canonical_discussion_localization.sql:L73@s5_advance[SELECT * INTO row] ; database/029_sprint5_canonical_discussion_localization.sql:L79@s5_submit_private_choice[SELECT * INTO row] ; database/029_sprint5_canonical_discussion_localization.sql:L85@s5_get_player_state[SELECT * INTO row] ; database/029_sprint5_canonical_discussion_localization.sql:L89@s5_get_discussion_state[SELECT * INTO row] ; database/029_sprint5_canonical_discussion_localization.sql:L98@s5_audit_expire_discussion[SELECT * INTO row] ; database/030_sprint5_exact_session_messages.sql:L8@s5_send_message[SELECT * INTO row] ; database/043_sprint7_teacher_console.sql:L37@s7_get_teacher_console[SELECT * INTO row] ; database/044_sprint7_focused_level1_corrections.sql:L26@s7_get_teacher_console[SELECT * INTO row] ; database/049_sprint8_final_closure.sql:L73@s8_verify_integrity[SELECT * INTO row] ; database/054_level3_integrated_closure.sql:L129@s8_verify_integrity[SELECT * INTO row] ; database/059_structural_lifecycle_transition_spine.sql:L64@s9_enter_act6[SELECT * INTO row] ; database/061_package_a_act6_entry_timer_barrier.sql:L57@s9_enter_act6[SELECT * INTO row] ; database/063_package_a_player_entry_column_fix.sql:L32@s9_enter_act6[SELECT * INTO row],0,,0,,0,
F0314,s5_run_state#09,s5_run_state,updated_at,9,7,NO,12,database/027_sprint5_act6_8_runtime.sql:L58@s5_submit_vote[UPDATE SET]{DIRECT_OR_COMPUTED} ; database/027_sprint5_act6_8_runtime.sql:L59@s5_submit_vote[UPDATE SET]{DIRECT_OR_COMPUTED} ; database/027_sprint5_act6_8_runtime.sql:L63@s5_submit_vote[UPDATE SET]{DIRECT_OR_COMPUTED} ; database/027_sprint5_act6_8_runtime.sql:L64@s5_submit_vote[UPDATE SET]{DIRECT_OR_COMPUTED} ; database/027_sprint5_act6_8_runtime.sql:L65@s5_submit_vote[UPDATE SET]{DIRECT_OR_COMPUTED} ; database/027_sprint5_act6_8_runtime.sql:L66@s5_submit_vote[UPDATE SET]{DIRECT_OR_COMPUTED} ; database/027_sprint5_act6_8_runtime.sql:L72@s5_advance[UPDATE SET]{DIRECT_OR_COMPUTED} ; database/027_sprint5_act6_8_runtime.sql:L73@s5_advance[UPDATE SET]{DIRECT_OR_COMPUTED} ; database/027_sprint5_act6_8_runtime.sql:L74@s5_advance[UPDATE SET]{DIRECT_OR_COMPUTED} ; database/059_structural_lifecycle_transition_spine.sql:L67@s9_enter_act6[UPDATE SET]{DIRECT_OR_COMPUTED} ; database/061_package_a_act6_entry_timer_barrier.sql:L79@s9_enter_act6[UPDATE SET]{DIRECT_OR_COMPUTED} ; database/063_package_a_player_entry_column_fix.sql:L54@s9_enter_act6[UPDATE SET]{DIRECT_OR_COMPUTED},19,database/027_sprint5_act6_8_runtime.sql:L47@s5_submit_vote[SELECT * INTO row] ; database/027_sprint5_act6_8_runtime.sql:L71@s5_advance[SELECT * INTO row] ; database/027_sprint5_act6_8_runtime.sql:L79@s5_submit_private_choice[SELECT * INTO row] ; database/027_sprint5_act6_8_runtime.sql:L86@s5_get_player_state[SELECT * INTO row] ; database/027_sprint5_act6_8_runtime.sql:L89@s5_get_player_state[to_jsonb(row) exposes field] ; database/029_sprint5_canonical_discussion_localization.sql:L57@s5_submit_vote[SELECT * INTO row] ; database/029_sprint5_canonical_discussion_localization.sql:L73@s5_advance[SELECT * INTO row] ; database/029_sprint5_canonical_discussion_localization.sql:L79@s5_submit_private_choice[SELECT * INTO row] ; database/029_sprint5_canonical_discussion_localization.sql:L85@s5_get_player_state[SELECT * INTO row] ; database/029_sprint5_canonical_discussion_localization.sql:L89@s5_get_discussion_state[SELECT * INTO row] ; database/029_sprint5_canonical_discussion_localization.sql:L98@s5_audit_expire_discussion[SELECT * INTO row] ; database/030_sprint5_exact_session_messages.sql:L8@s5_send_message[SELECT * INTO row] ; database/043_sprint7_teacher_console.sql:L37@s7_get_teacher_console[SELECT * INTO row] ; database/044_sprint7_focused_level1_corrections.sql:L26@s7_get_teacher_console[SELECT * INTO row] ; database/049_sprint8_final_closure.sql:L73@s8_verify_integrity[SELECT * INTO row] ; database/054_level3_integrated_closure.sql:L129@s8_verify_integrity[SELECT * INTO row] ; database/059_structural_lifecycle_transition_spine.sql:L64@s9_enter_act6[SELECT * INTO row] ; database/061_package_a_act6_entry_timer_barrier.sql:L57@s9_enter_act6[SELECT * INTO row] ; database/063_package_a_player_entry_column_fix.sql:L32@s9_enter_act6[SELECT * INTO row],0,,0,,0,
F0315,s5_run_state#10,s5_run_state,act6_entered_at,10,2,NO,4,database/059_structural_lifecycle_transition_spine.sql:L37@TOP_LEVEL[UPDATE SET]{DIRECT_OR_COMPUTED} ; database/059_structural_lifecycle_transition_spine.sql:L67@s9_enter_act6[UPDATE SET]{DIRECT_OR_COMPUTED} ; database/061_package_a_act6_entry_timer_barrier.sql:L79@s9_enter_act6[UPDATE SET]{DIRECT_OR_COMPUTED} ; database/063_package_a_player_entry_column_fix.sql:L54@s9_enter_act6[UPDATE SET]{DIRECT_OR_COMPUTED},22,database/027_sprint5_act6_8_runtime.sql:L47@s5_submit_vote[SELECT * INTO row] ; database/027_sprint5_act6_8_runtime.sql:L71@s5_advance[SELECT * INTO row] ; database/027_sprint5_act6_8_runtime.sql:L79@s5_submit_private_choice[SELECT * INTO row] ; database/027_sprint5_act6_8_runtime.sql:L86@s5_get_player_state[SELECT * INTO row] ; database/027_sprint5_act6_8_runtime.sql:L89@s5_get_player_state[to_jsonb(row) exposes field] ; database/029_sprint5_canonical_discussion_localization.sql:L57@s5_submit_vote[SELECT * INTO row] ; database/029_sprint5_canonical_discussion_localization.sql:L73@s5_advance[SELECT * INTO row] ; database/029_sprint5_canonical_discussion_localization.sql:L79@s5_submit_private_choice[SELECT * INTO row] ; database/029_sprint5_canonical_discussion_localization.sql:L85@s5_get_player_state[SELECT * INTO row] ; database/029_sprint5_canonical_discussion_localization.sql:L89@s5_get_discussion_state[SELECT * INTO row] ; database/029_sprint5_canonical_discussion_localization.sql:L98@s5_audit_expire_discussion[SELECT * INTO row] ; database/030_sprint5_exact_session_messages.sql:L8@s5_send_message[SELECT * INTO row] ; database/043_sprint7_teacher_console.sql:L37@s7_get_teacher_console[SELECT * INTO row] ; database/044_sprint7_focused_level1_corrections.sql:L26@s7_get_teacher_console[SELECT * INTO row] ; database/049_sprint8_final_closure.sql:L73@s8_verify_integrity[SELECT * INTO row] ; database/054_level3_integrated_closure.sql:L129@s8_verify_integrity[SELECT * INTO row] ; database/059_structural_lifecycle_transition_spine.sql:L64@s9_enter_act6[SELECT * INTO row] ; database/059_structural_lifecycle_transition_spine.sql:L66@s9_enter_act6[qualified/rowtype field reference] ; database/061_package_a_act6_entry_timer_barrier.sql:L57@s9_enter_act6[SELECT * INTO row] ; database/061_package_a_act6_entry_timer_barrier.sql:L73@s9_enter_act6[qualified/rowtype field reference] ; database/063_package_a_player_entry_column_fix.sql:L32@s9_enter_act6[SELECT * INTO row] ; database/063_package_a_player_entry_column_fix.sql:L48@s9_enter_act6[qualified/rowtype field reference],0,,0,,0,
F0316,s5_votes#01,s5_votes,run_id,1,36,NO,1,database/027_sprint5_act6_8_runtime.sql:L52@s5_submit_vote[INSERT explicit column]{DIRECT_OR_COMPUTED},2,database/027_sprint5_act6_8_runtime.sql:L48@s5_submit_vote[SELECT * INTO row] ; database/031_sprint5_focused_reaudit_corrections.sql:L30@s5_get_teacher_discussion_state[qualified/rowtype field reference],0,,4,READ:tests/sprint8-final-closure-integrity-transaction.sql:L133@TEST_SQL[bare field in single test statement] ; READ:tests/sprint8-final-closure-integrity-transaction.sql:L135@TEST_SQL[bare field in single test statement] ; READ:tests/sprint8-final-closure-integrity-transaction.sql:L143@TEST_SQL[bare field in single test statement] ; READ:tests/sprint8-final-closure-integrity-transaction.sql:L151@TEST_SQL[bare field in single test statement],0,
F0317,s5_votes#02,s5_votes,phase_key,2,13,NO,1,database/027_sprint5_act6_8_runtime.sql:L52@s5_submit_vote[INSERT explicit column]{DIRECT_OR_COMPUTED},2,database/027_sprint5_act6_8_runtime.sql:L48@s5_submit_vote[SELECT * INTO row] ; database/031_sprint5_focused_reaudit_corrections.sql:L30@s5_get_teacher_discussion_state[qualified/rowtype field reference],0,,4,READ:tests/sprint8-final-closure-integrity-transaction.sql:L133@TEST_SQL[bare field in single test statement] ; READ:tests/sprint8-final-closure-integrity-transaction.sql:L135@TEST_SQL[bare field in single test statement] ; READ:tests/sprint8-final-closure-integrity-transaction.sql:L143@TEST_SQL[bare field in single test statement] ; READ:tests/sprint8-final-closure-integrity-transaction.sql:L151@TEST_SQL[bare field in single test statement],0,
F0318,s5_votes#03,s5_votes,vote_round,3,5,NO,1,database/027_sprint5_act6_8_runtime.sql:L52@s5_submit_vote[INSERT explicit column]{DIRECT_OR_COMPUTED},2,database/027_sprint5_act6_8_runtime.sql:L48@s5_submit_vote[SELECT * INTO row] ; database/031_sprint5_focused_reaudit_corrections.sql:L30@s5_get_teacher_discussion_state[qualified/rowtype field reference],0,,3,READ:tests/sprint8-final-closure-integrity-transaction.sql:L133@TEST_SQL[bare field in single test statement] ; READ:tests/sprint8-final-closure-integrity-transaction.sql:L135@TEST_SQL[bare field in single test statement] ; READ:tests/sprint8-final-closure-integrity-transaction.sql:L143@TEST_SQL[bare field in single test statement],0,
F0319,s5_votes#04,s5_votes,player_id,4,24,NO,1,database/027_sprint5_act6_8_runtime.sql:L52@s5_submit_vote[INSERT explicit column]{DIRECT_OR_COMPUTED},2,database/027_sprint5_act6_8_runtime.sql:L48@s5_submit_vote[SELECT * INTO row] ; database/031_sprint5_focused_reaudit_corrections.sql:L30@s5_get_teacher_discussion_state[qualified/rowtype field reference],0,,0,,0,
F0320,s5_votes#05,s5_votes,choice_id,5,7,NO,1,database/027_sprint5_act6_8_runtime.sql:L52@s5_submit_vote[INSERT explicit column]{DIRECT_OR_COMPUTED},4,database/027_sprint5_act6_8_runtime.sql:L48@s5_submit_vote[SELECT * INTO row] ; database/027_sprint5_act6_8_runtime.sql:L48@s5_submit_vote[qualified/rowtype field reference] ; database/031_sprint5_focused_reaudit_corrections.sql:L25@s5_submit_vote[qualified/rowtype field reference] ; database/031_sprint5_focused_reaudit_corrections.sql:L30@s5_get_teacher_discussion_state[qualified/rowtype field reference],0,,3,READ:tests/sprint8-final-closure-integrity-transaction.sql:L133@TEST_SQL[bare field in single test statement] ; READ:tests/sprint8-final-closure-integrity-transaction.sql:L135@TEST_SQL[bare field in single test statement] ; READ:tests/sprint8-final-closure-integrity-transaction.sql:L151@TEST_SQL[bare field in single test statement],0,
F0321,s5_votes#06,s5_votes,client_request_id,6,8,NO,1,database/027_sprint5_act6_8_runtime.sql:L52@s5_submit_vote[INSERT explicit column]{DIRECT_OR_COMPUTED},1,database/027_sprint5_act6_8_runtime.sql:L48@s5_submit_vote[SELECT * INTO row],0,,0,,0,
F0322,s5_votes#07,s5_votes,locked_at,7,7,NO,0,,2,database/027_sprint5_act6_8_runtime.sql:L48@s5_submit_vote[SELECT * INTO row] ; database/031_sprint5_focused_reaudit_corrections.sql:L30@s5_get_teacher_discussion_state[qualified/rowtype field reference],0,,0,,0,
F0323,s6_action_receipts#01,s6_action_receipts,run_id,1,36,NO,9,database/035_sprint6_focused_audit_corrections.sql:L40@s6_send_message_guarded[INSERT positional/all columns]{POSITIONAL_WRITE} ; database/035_sprint6_focused_audit_corrections.sql:L55@s6_submit_group_choice_guarded[INSERT positional/all columns]{POSITIONAL_WRITE} ; database/035_sprint6_focused_audit_corrections.sql:L57@s6_submit_private_choice_guarded[INSERT positional/all columns]{POSITIONAL_WRITE} ; database/035_sprint6_focused_audit_corrections.sql:L59@s6_advance_guarded[INSERT positional/all columns]{POSITIONAL_WRITE} ; database/035_sprint6_focused_audit_corrections.sql:L61@s6_submit_allocation_guarded[INSERT positional/all columns]{POSITIONAL_WRITE} ; database/035_sprint6_focused_audit_corrections.sql:L63@s6_complete_station_guarded[INSERT positional/all columns]{POSITIONAL_WRITE} ; database/035_sprint6_focused_audit_corrections.sql:L67@s6_engage_guarded[INSERT positional/all columns]{POSITIONAL_WRITE} ; database/036_sprint6_four_open_findings.sql:L16@s6_close_discussion_v2[INSERT positional/all columns]{POSITIONAL_WRITE} ; database/036_sprint6_four_open_findings.sql:L25@s6_complete_station_v2[INSERT positional/all columns]{POSITIONAL_WRITE},0,,0,,0,,0,
F0324,s6_action_receipts#02,s6_action_receipts,player_id,2,24,NO,9,database/035_sprint6_focused_audit_corrections.sql:L40@s6_send_message_guarded[INSERT positional/all columns]{POSITIONAL_WRITE} ; database/035_sprint6_focused_audit_corrections.sql:L55@s6_submit_group_choice_guarded[INSERT positional/all columns]{POSITIONAL_WRITE} ; database/035_sprint6_focused_audit_corrections.sql:L57@s6_submit_private_choice_guarded[INSERT positional/all columns]{POSITIONAL_WRITE} ; database/035_sprint6_focused_audit_corrections.sql:L59@s6_advance_guarded[INSERT positional/all columns]{POSITIONAL_WRITE} ; database/035_sprint6_focused_audit_corrections.sql:L61@s6_submit_allocation_guarded[INSERT positional/all columns]{POSITIONAL_WRITE} ; database/035_sprint6_focused_audit_corrections.sql:L63@s6_complete_station_guarded[INSERT positional/all columns]{POSITIONAL_WRITE} ; database/035_sprint6_focused_audit_corrections.sql:L67@s6_engage_guarded[INSERT positional/all columns]{POSITIONAL_WRITE} ; database/036_sprint6_four_open_findings.sql:L16@s6_close_discussion_v2[INSERT positional/all columns]{POSITIONAL_WRITE} ; database/036_sprint6_four_open_findings.sql:L25@s6_complete_station_v2[INSERT positional/all columns]{POSITIONAL_WRITE},0,,0,,0,,0,
F0325,s6_action_receipts#03,s6_action_receipts,request_id,3,2,NO,9,database/035_sprint6_focused_audit_corrections.sql:L40@s6_send_message_guarded[INSERT positional/all columns]{POSITIONAL_WRITE} ; database/035_sprint6_focused_audit_corrections.sql:L55@s6_submit_group_choice_guarded[INSERT positional/all columns]{POSITIONAL_WRITE} ; database/035_sprint6_focused_audit_corrections.sql:L57@s6_submit_private_choice_guarded[INSERT positional/all columns]{POSITIONAL_WRITE} ; database/035_sprint6_focused_audit_corrections.sql:L59@s6_advance_guarded[INSERT positional/all columns]{POSITIONAL_WRITE} ; database/035_sprint6_focused_audit_corrections.sql:L61@s6_submit_allocation_guarded[INSERT positional/all columns]{POSITIONAL_WRITE} ; database/035_sprint6_focused_audit_corrections.sql:L63@s6_complete_station_guarded[INSERT positional/all columns]{POSITIONAL_WRITE} ; database/035_sprint6_focused_audit_corrections.sql:L67@s6_engage_guarded[INSERT positional/all columns]{POSITIONAL_WRITE} ; database/036_sprint6_four_open_findings.sql:L16@s6_close_discussion_v2[INSERT positional/all columns]{POSITIONAL_WRITE} ; database/036_sprint6_four_open_findings.sql:L25@s6_complete_station_v2[INSERT positional/all columns]{POSITIONAL_WRITE},0,,0,,0,,0,
F0326,s6_action_receipts#04,s6_action_receipts,action_key,4,1,YES,9,database/035_sprint6_focused_audit_corrections.sql:L40@s6_send_message_guarded[INSERT positional/all columns]{POSITIONAL_WRITE} ; database/035_sprint6_focused_audit_corrections.sql:L55@s6_submit_group_choice_guarded[INSERT positional/all columns]{POSITIONAL_WRITE} ; database/035_sprint6_focused_audit_corrections.sql:L57@s6_submit_private_choice_guarded[INSERT positional/all columns]{POSITIONAL_WRITE} ; database/035_sprint6_focused_audit_corrections.sql:L59@s6_advance_guarded[INSERT positional/all columns]{POSITIONAL_WRITE} ; database/035_sprint6_focused_audit_corrections.sql:L61@s6_submit_allocation_guarded[INSERT positional/all columns]{POSITIONAL_WRITE} ; database/035_sprint6_focused_audit_corrections.sql:L63@s6_complete_station_guarded[INSERT positional/all columns]{POSITIONAL_WRITE} ; database/035_sprint6_focused_audit_corrections.sql:L67@s6_engage_guarded[INSERT positional/all columns]{POSITIONAL_WRITE} ; database/036_sprint6_four_open_findings.sql:L16@s6_close_discussion_v2[INSERT positional/all columns]{POSITIONAL_WRITE} ; database/036_sprint6_four_open_findings.sql:L25@s6_complete_station_v2[INSERT positional/all columns]{POSITIONAL_WRITE},9,database/035_sprint6_focused_audit_corrections.sql:L40@s6_send_message_guarded[qualified/rowtype field reference] ; database/035_sprint6_focused_audit_corrections.sql:L46@s6_submit_group_choice_guarded[qualified/rowtype field reference] ; database/035_sprint6_focused_audit_corrections.sql:L57@s6_submit_private_choice_guarded[qualified/rowtype field reference] ; database/035_sprint6_focused_audit_corrections.sql:L59@s6_advance_guarded[qualified/rowtype field reference] ; database/035_sprint6_focused_audit_corrections.sql:L61@s6_submit_allocation_guarded[qualified/rowtype field reference] ; database/035_sprint6_focused_audit_corrections.sql:L63@s6_complete_station_guarded[qualified/rowtype field reference] ; database/035_sprint6_focused_audit_corrections.sql:L67@s6_engage_guarded[qualified/rowtype field reference] ; database/036_sprint6_four_open_findings.sql:L16@s6_close_discussion_v2[qualified/rowtype field reference] ; database/036_sprint6_four_open_findings.sql:L25@s6_complete_station_v2[qualified/rowtype field reference],0,,0,,0,
F0327,s6_action_receipts#05,s6_action_receipts,payload,5,1,YES,9,database/035_sprint6_focused_audit_corrections.sql:L40@s6_send_message_guarded[INSERT positional/all columns]{POSITIONAL_WRITE} ; database/035_sprint6_focused_audit_corrections.sql:L55@s6_submit_group_choice_guarded[INSERT positional/all columns]{POSITIONAL_WRITE} ; database/035_sprint6_focused_audit_corrections.sql:L57@s6_submit_private_choice_guarded[INSERT positional/all columns]{POSITIONAL_WRITE} ; database/035_sprint6_focused_audit_corrections.sql:L59@s6_advance_guarded[INSERT positional/all columns]{POSITIONAL_WRITE} ; database/035_sprint6_focused_audit_corrections.sql:L61@s6_submit_allocation_guarded[INSERT positional/all columns]{POSITIONAL_WRITE} ; database/035_sprint6_focused_audit_corrections.sql:L63@s6_complete_station_guarded[INSERT positional/all columns]{POSITIONAL_WRITE} ; database/035_sprint6_focused_audit_corrections.sql:L67@s6_engage_guarded[INSERT positional/all columns]{POSITIONAL_WRITE} ; database/036_sprint6_four_open_findings.sql:L16@s6_close_discussion_v2[INSERT positional/all columns]{POSITIONAL_WRITE} ; database/036_sprint6_four_open_findings.sql:L25@s6_complete_station_v2[INSERT positional/all columns]{POSITIONAL_WRITE},9,database/035_sprint6_focused_audit_corrections.sql:L40@s6_send_message_guarded[qualified/rowtype field reference] ; database/035_sprint6_focused_audit_corrections.sql:L46@s6_submit_group_choice_guarded[qualified/rowtype field reference] ; database/035_sprint6_focused_audit_corrections.sql:L57@s6_submit_private_choice_guarded[qualified/rowtype field reference] ; database/035_sprint6_focused_audit_corrections.sql:L59@s6_advance_guarded[qualified/rowtype field reference] ; database/035_sprint6_focused_audit_corrections.sql:L61@s6_submit_allocation_guarded[qualified/rowtype field reference] ; database/035_sprint6_focused_audit_corrections.sql:L63@s6_complete_station_guarded[qualified/rowtype field reference] ; database/035_sprint6_focused_audit_corrections.sql:L67@s6_engage_guarded[qualified/rowtype field reference] ; database/036_sprint6_four_open_findings.sql:L16@s6_close_discussion_v2[qualified/rowtype field reference] ; database/036_sprint6_four_open_findings.sql:L25@s6_complete_station_v2[qualified/rowtype field reference],9,MEDIUM:src/game/app.js:L71@requestIdentity[property-name reference] ; MEDIUM:src/teacher/teacher-console.js:L122@startRun[property-name reference] ; MEDIUM:src/teacher/teacher-console.js:L151@openDiscussion[property-name reference] ; MEDIUM:src/teacher/teacher-console.js:L187@addTime[property-name reference] ; MEDIUM:src/teacher/teacher-console.js:L258@setAuditPrivateDebug[property-name reference] ; MEDIUM:src/teacher/teacher-console.js:L292@exportSprint8Session[property-name reference] ; MEDIUM:src/teacher/teacher-console.js:L312@applyTeacherOverride[property-name reference] ; MEDIUM:src/teacher/teacher-console.js:L368@releasePlayerSession[property-name reference] ; MEDIUM:src/teacher/teacher-console.js:L82@createRoom[property-name reference],0,,0,
F0328,s6_action_receipts#06,s6_action_receipts,result,6,1,YES,9,database/035_sprint6_focused_audit_corrections.sql:L40@s6_send_message_guarded[INSERT positional/all columns]{POSITIONAL_WRITE} ; database/035_sprint6_focused_audit_corrections.sql:L55@s6_submit_group_choice_guarded[INSERT positional/all columns]{POSITIONAL_WRITE} ; database/035_sprint6_focused_audit_corrections.sql:L57@s6_submit_private_choice_guarded[INSERT positional/all columns]{POSITIONAL_WRITE} ; database/035_sprint6_focused_audit_corrections.sql:L59@s6_advance_guarded[INSERT positional/all columns]{POSITIONAL_WRITE} ; database/035_sprint6_focused_audit_corrections.sql:L61@s6_submit_allocation_guarded[INSERT positional/all columns]{POSITIONAL_WRITE} ; database/035_sprint6_focused_audit_corrections.sql:L63@s6_complete_station_guarded[INSERT positional/all columns]{POSITIONAL_WRITE} ; database/035_sprint6_focused_audit_corrections.sql:L67@s6_engage_guarded[INSERT positional/all columns]{POSITIONAL_WRITE} ; database/036_sprint6_four_open_findings.sql:L16@s6_close_discussion_v2[INSERT positional/all columns]{POSITIONAL_WRITE} ; database/036_sprint6_four_open_findings.sql:L25@s6_complete_station_v2[INSERT positional/all columns]{POSITIONAL_WRITE},9,database/035_sprint6_focused_audit_corrections.sql:L40@s6_send_message_guarded[qualified/rowtype field reference] ; database/035_sprint6_focused_audit_corrections.sql:L46@s6_submit_group_choice_guarded[qualified/rowtype field reference] ; database/035_sprint6_focused_audit_corrections.sql:L57@s6_submit_private_choice_guarded[qualified/rowtype field reference] ; database/035_sprint6_focused_audit_corrections.sql:L59@s6_advance_guarded[qualified/rowtype field reference] ; database/035_sprint6_focused_audit_corrections.sql:L61@s6_submit_allocation_guarded[qualified/rowtype field reference] ; database/035_sprint6_focused_audit_corrections.sql:L63@s6_complete_station_guarded[qualified/rowtype field reference] ; database/035_sprint6_focused_audit_corrections.sql:L67@s6_engage_guarded[qualified/rowtype field reference] ; database/036_sprint6_four_open_findings.sql:L16@s6_close_discussion_v2[qualified/rowtype field reference] ; database/036_sprint6_four_open_findings.sql:L25@s6_complete_station_v2[qualified/rowtype field reference],14,MEDIUM:scripts/wp-r4a-post-smoke-verify.mjs:L33@main[property-name reference] ; MEDIUM:scripts/wp-r4a-post-smoke-verify.mjs:L34@main[property-name reference] ; MEDIUM:scripts/wp-r4a-post-smoke-verify.mjs:L71@main[property-name reference] ; MEDIUM:scripts/wp-r4a-publish-activate-images.mjs:L253@main[property-name reference] ; MEDIUM:scripts/wp-r4a-publish-activate-images.mjs:L261@main[property-name reference] ; MEDIUM:scripts/wp-r4a-publish-activate-images.mjs:L270@main[property-name reference] ; MEDIUM:scripts/wp-r4a-publish-activate-images.mjs:L296@main[property-name reference] ; MEDIUM:scripts/wp-r4a-publish-activate-images.mjs:L300@main[property-name reference] ; MEDIUM:scripts/wp-r4a-publish-activate-images.mjs:L304@main[property-name reference] ; MEDIUM:tests/manual-acceptance-public-smoke.mjs:L181@main[property-name reference] ; MEDIUM:tests/manual-acceptance-public-smoke.mjs:L183@main[property-name reference] ; MEDIUM:tests/sprint1-live-e2e.js:L458@main[property-name reference] ; MEDIUM:tests/sprint1-live-e2e.js:L460@main[property-name reference] ; MEDIUM:tests/sprint1-live-e2e.js:L473@main[property-name reference],0,,0,
F0329,s6_action_receipts#07,s6_action_receipts,created_at,7,11,NO,9,database/035_sprint6_focused_audit_corrections.sql:L40@s6_send_message_guarded[INSERT positional/all columns]{POSITIONAL_WRITE} ; database/035_sprint6_focused_audit_corrections.sql:L55@s6_submit_group_choice_guarded[INSERT positional/all columns]{POSITIONAL_WRITE} ; database/035_sprint6_focused_audit_corrections.sql:L57@s6_submit_private_choice_guarded[INSERT positional/all columns]{POSITIONAL_WRITE} ; database/035_sprint6_focused_audit_corrections.sql:L59@s6_advance_guarded[INSERT positional/all columns]{POSITIONAL_WRITE} ; database/035_sprint6_focused_audit_corrections.sql:L61@s6_submit_allocation_guarded[INSERT positional/all columns]{POSITIONAL_WRITE} ; database/035_sprint6_focused_audit_corrections.sql:L63@s6_complete_station_guarded[INSERT positional/all columns]{POSITIONAL_WRITE} ; database/035_sprint6_focused_audit_corrections.sql:L67@s6_engage_guarded[INSERT positional/all columns]{POSITIONAL_WRITE} ; database/036_sprint6_four_open_findings.sql:L16@s6_close_discussion_v2[INSERT positional/all columns]{POSITIONAL_WRITE} ; database/036_sprint6_four_open_findings.sql:L25@s6_complete_station_v2[INSERT positional/all columns]{POSITIONAL_WRITE},0,,0,,0,,0,
F0330,s6_allocation_attempts#01,s6_allocation_attempts,attempt_id,1,1,YES,0,,0,,0,,0,,0,
F0331,s6_allocation_attempts#02,s6_allocation_attempts,run_id,2,36,NO,1,database/035_sprint6_focused_audit_corrections.sql:L61@s6_submit_allocation_guarded[INSERT explicit column]{DIRECT_OR_COMPUTED},0,,0,,0,,0,
F0332,s6_allocation_attempts#03,s6_allocation_attempts,round_no,3,4,NO,1,database/035_sprint6_focused_audit_corrections.sql:L61@s6_submit_allocation_guarded[INSERT explicit column]{DIRECT_OR_COMPUTED},0,,0,,0,,0,
F0333,s6_allocation_attempts#04,s6_allocation_attempts,player_id,4,24,NO,1,database/035_sprint6_focused_audit_corrections.sql:L61@s6_submit_allocation_guarded[INSERT explicit column]{DIRECT_OR_COMPUTED},0,,0,,0,,0,
F0334,s6_allocation_attempts#05,s6_allocation_attempts,role_key,5,4,NO,1,database/035_sprint6_focused_audit_corrections.sql:L61@s6_submit_allocation_guarded[INSERT explicit column]{DIRECT_OR_COMPUTED},0,,0,,0,,0,
F0335,s6_allocation_attempts#06,s6_allocation_attempts,request_id,6,2,NO,1,database/035_sprint6_focused_audit_corrections.sql:L61@s6_submit_allocation_guarded[INSERT explicit column]{DIRECT_OR_COMPUTED},0,,0,,0,,0,
F0336,s6_allocation_attempts#07,s6_allocation_attempts,submitted_at,7,2,NO,0,,0,,0,,0,,0,
F0337,s6_allocations#01,s6_allocations,run_id,1,36,NO,3,database/033_sprint6_act9_13_runtime.sql:L53@s6_submit_allocation[INSERT positional/all columns]{POSITIONAL_WRITE} ; database/034_sprint6_contract_hardening.sql:L23@s6_submit_allocation[INSERT positional/all columns]{POSITIONAL_WRITE} ; database/035_sprint6_focused_audit_corrections.sql:L61@s6_submit_allocation_guarded[INSERT positional/all columns]{POSITIONAL_WRITE},3,database/033_sprint6_act9_13_runtime.sql:L53@s6_submit_allocation[qualified/rowtype field reference] ; database/034_sprint6_contract_hardening.sql:L23@s6_submit_allocation[qualified/rowtype field reference] ; database/035_sprint6_focused_audit_corrections.sql:L61@s6_submit_allocation_guarded[qualified/rowtype field reference],0,,2,READ:tests/sprint8-final-closure-integrity-transaction.sql:L189@TEST_SQL[bare field in single test statement] ; READ:tests/sprint8-final-closure-integrity-transaction.sql:L192@TEST_SQL[bare field in single test statement],0,
F0338,s6_allocations#02,s6_allocations,player_id,2,24,NO,3,database/033_sprint6_act9_13_runtime.sql:L53@s6_submit_allocation[INSERT positional/all columns]{POSITIONAL_WRITE} ; database/034_sprint6_contract_hardening.sql:L23@s6_submit_allocation[INSERT positional/all columns]{POSITIONAL_WRITE} ; database/035_sprint6_focused_audit_corrections.sql:L61@s6_submit_allocation_guarded[INSERT positional/all columns]{POSITIONAL_WRITE},0,,0,,2,READ:tests/sprint8-final-closure-integrity-transaction.sql:L189@TEST_SQL[bare field in single test statement] ; READ:tests/sprint8-final-closure-integrity-transaction.sql:L192@TEST_SQL[bare field in single test statement],0,
F0339,s6_allocations#03,s6_allocations,role_key,3,4,NO,3,database/033_sprint6_act9_13_runtime.sql:L53@s6_submit_allocation[INSERT positional/all columns]{POSITIONAL_WRITE} ; database/034_sprint6_contract_hardening.sql:L23@s6_submit_allocation[INSERT positional/all columns]{POSITIONAL_WRITE} ; database/035_sprint6_focused_audit_corrections.sql:L61@s6_submit_allocation_guarded[INSERT positional/all columns]{POSITIONAL_WRITE},4,database/033_sprint6_act9_13_runtime.sql:L53@s6_submit_allocation[qualified/rowtype field reference] ; database/034_sprint6_contract_hardening.sql:L22@s6_submit_allocation[qualified/rowtype field reference] ; database/034_sprint6_contract_hardening.sql:L23@s6_submit_allocation[qualified/rowtype field reference] ; database/035_sprint6_focused_audit_corrections.sql:L61@s6_submit_allocation_guarded[qualified/rowtype field reference],0,,0,,0,
F0340,s6_allocations#04,s6_allocations,client_request_id,4,8,NO,3,database/033_sprint6_act9_13_runtime.sql:L53@s6_submit_allocation[INSERT positional/all columns]{POSITIONAL_WRITE} ; database/034_sprint6_contract_hardening.sql:L23@s6_submit_allocation[INSERT positional/all columns]{POSITIONAL_WRITE} ; database/035_sprint6_focused_audit_corrections.sql:L61@s6_submit_allocation_guarded[INSERT positional/all columns]{POSITIONAL_WRITE},0,,0,,0,,0,
F0341,s6_allocations#05,s6_allocations,locked_at,5,7,NO,3,database/033_sprint6_act9_13_runtime.sql:L53@s6_submit_allocation[INSERT positional/all columns]{POSITIONAL_WRITE} ; database/034_sprint6_contract_hardening.sql:L23@s6_submit_allocation[INSERT positional/all columns]{POSITIONAL_WRITE} ; database/035_sprint6_focused_audit_corrections.sql:L61@s6_submit_allocation_guarded[INSERT positional/all columns]{POSITIONAL_WRITE},0,,0,,0,,0,
F0342,s6_audio_consumptions#01,s6_audio_consumptions,occurrence_id,1,3,NO,1,database/037_level3_independent_audit_closure.sql:L173@s6_mark_audio_consumed[INSERT explicit column]{DIRECT_OR_COMPUTED},7,database/043_sprint7_teacher_console.sql:L74@s7_get_teacher_console[qualified/rowtype field reference] ; database/044_sprint7_focused_level1_corrections.sql:L63@s7_get_teacher_console[qualified/rowtype field reference] ; database/046_sprint8_act14_finalization_export.sql:L42@s8_finalize[qualified/rowtype field reference] ; database/047_sprint8_export_completeness.sql:L32@s8_export_session[qualified/rowtype field reference] ; database/048_sprint8_focused_level1_corrections.sql:L117@s8_export_session[qualified/rowtype field reference] ; database/048_sprint8_focused_level1_corrections.sql:L50@s8_finalize[qualified/rowtype field reference] ; database/049_sprint8_final_closure.sql:L140@s8_verify_integrity[qualified/rowtype field reference],0,,0,,0,
F0343,s6_audio_consumptions#02,s6_audio_consumptions,player_id,2,24,NO,1,database/037_level3_independent_audit_closure.sql:L173@s6_mark_audio_consumed[INSERT explicit column]{DIRECT_OR_COMPUTED},2,database/047_sprint8_export_completeness.sql:L32@s8_export_session[qualified/rowtype field reference] ; database/048_sprint8_focused_level1_corrections.sql:L117@s8_export_session[qualified/rowtype field reference],0,,0,,0,
F0344,s6_audio_consumptions#03,s6_audio_consumptions,outcome,3,2,NO,1,database/037_level3_independent_audit_closure.sql:L173@s6_mark_audio_consumed[INSERT explicit column]{DIRECT_OR_COMPUTED},2,database/047_sprint8_export_completeness.sql:L32@s8_export_session[qualified/rowtype field reference] ; database/048_sprint8_focused_level1_corrections.sql:L117@s8_export_session[qualified/rowtype field reference],0,,0,,0,
F0345,s6_audio_consumptions#04,s6_audio_consumptions,consumed_at,4,1,YES,0,,2,database/047_sprint8_export_completeness.sql:L32@s8_export_session[qualified/rowtype field reference] ; database/048_sprint8_focused_level1_corrections.sql:L117@s8_export_session[qualified/rowtype field reference],0,,0,,0,
F0346,s6_audio_occurrences#01,s6_audio_occurrences,occurrence_id,1,3,NO,0,,7,database/037_level3_independent_audit_closure.sql:L170@s6_mark_audio_consumed[SELECT * INTO row] ; database/037_level3_independent_audit_closure.sql:L173@s6_mark_audio_consumed[qualified/rowtype field reference] ; database/037_level3_independent_audit_closure.sql:L174@s6_mark_audio_consumed[qualified/rowtype field reference] ; database/037_level3_independent_audit_closure.sql:L175@s6_mark_audio_consumed[qualified/rowtype field reference] ; database/046_sprint8_act14_finalization_export.sql:L42@s8_finalize[qualified/rowtype field reference] ; database/048_sprint8_focused_level1_corrections.sql:L50@s8_finalize[qualified/rowtype field reference] ; database/049_sprint8_final_closure.sql:L140@s8_verify_integrity[qualified/rowtype field reference],0,,0,,0,
F0347,s6_audio_occurrences#02,s6_audio_occurrences,run_id,2,36,NO,1,database/037_level3_independent_audit_closure.sql:L63@act6_13_prepare_s6_state[INSERT explicit column]{DIRECT_OR_COMPUTED},3,database/037_level3_independent_audit_closure.sql:L170@s6_mark_audio_consumed[SELECT * INTO row] ; database/046_sprint8_act14_finalization_export.sql:L42@s8_finalize[qualified/rowtype field reference] ; database/048_sprint8_focused_level1_corrections.sql:L50@s8_finalize[qualified/rowtype field reference],0,,0,,0,
F0348,s6_audio_occurrences#03,s6_audio_occurrences,cue_key,3,1,YES,1,database/037_level3_independent_audit_closure.sql:L63@act6_13_prepare_s6_state[INSERT explicit column]{DIRECT_OR_COMPUTED},2,database/037_level3_independent_audit_closure.sql:L170@s6_mark_audio_consumed[SELECT * INTO row] ; database/037_level3_independent_audit_closure.sql:L174@s6_mark_audio_consumed[qualified/rowtype field reference],0,,0,,0,
F0349,s6_audio_occurrences#04,s6_audio_occurrences,phase_key,4,13,NO,1,database/037_level3_independent_audit_closure.sql:L63@act6_13_prepare_s6_state[INSERT explicit column]{DIRECT_OR_COMPUTED},2,database/037_level3_independent_audit_closure.sql:L170@s6_mark_audio_consumed[SELECT * INTO row] ; database/037_level3_independent_audit_closure.sql:L174@s6_mark_audio_consumed[qualified/rowtype field reference],0,,0,,0,
F0350,s6_audio_occurrences#05,s6_audio_occurrences,cinematic_stage,5,2,NO,1,database/037_level3_independent_audit_closure.sql:L63@act6_13_prepare_s6_state[INSERT explicit column]{DIRECT_OR_COMPUTED},1,database/037_level3_independent_audit_closure.sql:L170@s6_mark_audio_consumed[SELECT * INTO row],0,,0,,0,
F0351,s6_audio_occurrences#06,s6_audio_occurrences,triggered_at,6,1,YES,0,,1,database/037_level3_independent_audit_closure.sql:L170@s6_mark_audio_consumed[SELECT * INTO row],0,,0,,0,
F0352,s6_choices#01,s6_choices,run_id,1,36,NO,6,database/033_sprint6_act9_13_runtime.sql:L40@s6_submit_group_choice[INSERT positional/all columns]{POSITIONAL_WRITE} ; database/033_sprint6_act9_13_runtime.sql:L49@s6_submit_private_choice[INSERT positional/all columns]{POSITIONAL_WRITE} ; database/034_sprint6_contract_hardening.sql:L10@s6_submit_group_choice[INSERT positional/all columns]{POSITIONAL_WRITE} ; database/034_sprint6_contract_hardening.sql:L20@s6_submit_private_choice[INSERT positional/all columns]{POSITIONAL_WRITE} ; database/035_sprint6_focused_audit_corrections.sql:L46@s6_submit_group_choice_guarded[INSERT positional/all columns]{POSITIONAL_WRITE} ; database/035_sprint6_focused_audit_corrections.sql:L57@s6_submit_private_choice_guarded[INSERT positional/all columns]{POSITIONAL_WRITE},8,database/034_sprint6_contract_hardening.sql:L25@s6_get_player_state[qualified/rowtype field reference] ; database/035_sprint6_focused_audit_corrections.sql:L72@s6_get_player_state[qualified/rowtype field reference] ; database/036_sprint6_four_open_findings.sql:L29@s6_get_player_state[qualified/rowtype field reference] ; database/037_level3_independent_audit_closure.sql:L179@s6_get_player_state[qualified/rowtype field reference] ; database/049_sprint8_final_closure.sql:L115@s8_verify_integrity[qualified/rowtype field reference] ; database/065_package_b_player_wait_projection.sql:L11@s9_get_player_wait_state[SELECT * INTO row] ; database/066_package_b_wait_projection_locked_at_fix.sql:L11@s9_get_player_wait_state[SELECT * INTO row] ; database/067_package_b_allocation_progress_fix.sql:L11@s9_get_player_wait_state[SELECT * INTO row],0,,4,READ:tests/sprint8-final-closure-integrity-transaction.sql:L172@TEST_SQL[bare field in single test statement] ; READ:tests/sprint8-final-closure-integrity-transaction.sql:L178@TEST_SQL[bare field in single test statement] ; READ:tests/sprint8-final-closure-integrity-transaction.sql:L199@TEST_SQL[bare field in single test statement] ; READ:tests/sprint8-final-closure-integrity-transaction.sql:L203@TEST_SQL[bare field in single test statement],1,database/049_sprint8_final_closure.sql:L19@s8_capture_choice_step[NEW.field trigger reference; read/write not mechanically determined]
F0353,s6_choices#02,s6_choices,phase_key,2,13,NO,6,database/033_sprint6_act9_13_runtime.sql:L40@s6_submit_group_choice[INSERT positional/all columns]{POSITIONAL_WRITE} ; database/033_sprint6_act9_13_runtime.sql:L49@s6_submit_private_choice[INSERT positional/all columns]{POSITIONAL_WRITE} ; database/034_sprint6_contract_hardening.sql:L10@s6_submit_group_choice[INSERT positional/all columns]{POSITIONAL_WRITE} ; database/034_sprint6_contract_hardening.sql:L20@s6_submit_private_choice[INSERT positional/all columns]{POSITIONAL_WRITE} ; database/035_sprint6_focused_audit_corrections.sql:L46@s6_submit_group_choice_guarded[INSERT positional/all columns]{POSITIONAL_WRITE} ; database/035_sprint6_focused_audit_corrections.sql:L57@s6_submit_private_choice_guarded[INSERT positional/all columns]{POSITIONAL_WRITE},8,database/034_sprint6_contract_hardening.sql:L25@s6_get_player_state[qualified/rowtype field reference] ; database/035_sprint6_focused_audit_corrections.sql:L72@s6_get_player_state[qualified/rowtype field reference] ; database/036_sprint6_four_open_findings.sql:L29@s6_get_player_state[qualified/rowtype field reference] ; database/037_level3_independent_audit_closure.sql:L179@s6_get_player_state[qualified/rowtype field reference] ; database/049_sprint8_final_closure.sql:L115@s8_verify_integrity[qualified/rowtype field reference] ; database/065_package_b_player_wait_projection.sql:L11@s9_get_player_wait_state[SELECT * INTO row] ; database/066_package_b_wait_projection_locked_at_fix.sql:L11@s9_get_player_wait_state[SELECT * INTO row] ; database/067_package_b_allocation_progress_fix.sql:L11@s9_get_player_wait_state[SELECT * INTO row],0,,4,READ:tests/sprint8-final-closure-integrity-transaction.sql:L172@TEST_SQL[bare field in single test statement] ; READ:tests/sprint8-final-closure-integrity-transaction.sql:L178@TEST_SQL[bare field in single test statement] ; READ:tests/sprint8-final-closure-integrity-transaction.sql:L199@TEST_SQL[bare field in single test statement] ; READ:tests/sprint8-final-closure-integrity-transaction.sql:L203@TEST_SQL[bare field in single test statement],1,database/049_sprint8_final_closure.sql:L18@s8_capture_choice_step[NEW.field trigger reference; read/write not mechanically determined]
F0354,s6_choices#03,s6_choices,round_no,3,4,NO,6,database/033_sprint6_act9_13_runtime.sql:L40@s6_submit_group_choice[INSERT positional/all columns]{POSITIONAL_WRITE} ; database/033_sprint6_act9_13_runtime.sql:L49@s6_submit_private_choice[INSERT positional/all columns]{POSITIONAL_WRITE} ; database/034_sprint6_contract_hardening.sql:L10@s6_submit_group_choice[INSERT positional/all columns]{POSITIONAL_WRITE} ; database/034_sprint6_contract_hardening.sql:L20@s6_submit_private_choice[INSERT positional/all columns]{POSITIONAL_WRITE} ; database/035_sprint6_focused_audit_corrections.sql:L46@s6_submit_group_choice_guarded[INSERT positional/all columns]{POSITIONAL_WRITE} ; database/035_sprint6_focused_audit_corrections.sql:L57@s6_submit_private_choice_guarded[INSERT positional/all columns]{POSITIONAL_WRITE},5,database/049_sprint8_final_closure.sql:L115@s8_verify_integrity[qualified/rowtype field reference] ; database/049_sprint8_final_closure.sql:L116@s8_verify_integrity[qualified/rowtype field reference] ; database/065_package_b_player_wait_projection.sql:L11@s9_get_player_wait_state[SELECT * INTO row] ; database/066_package_b_wait_projection_locked_at_fix.sql:L11@s9_get_player_wait_state[SELECT * INTO row] ; database/067_package_b_allocation_progress_fix.sql:L11@s9_get_player_wait_state[SELECT * INTO row],0,,0,,0,
F0355,s6_choices#04,s6_choices,player_id,4,24,NO,6,database/033_sprint6_act9_13_runtime.sql:L40@s6_submit_group_choice[INSERT positional/all columns]{POSITIONAL_WRITE} ; database/033_sprint6_act9_13_runtime.sql:L49@s6_submit_private_choice[INSERT positional/all columns]{POSITIONAL_WRITE} ; database/034_sprint6_contract_hardening.sql:L10@s6_submit_group_choice[INSERT positional/all columns]{POSITIONAL_WRITE} ; database/034_sprint6_contract_hardening.sql:L20@s6_submit_private_choice[INSERT positional/all columns]{POSITIONAL_WRITE} ; database/035_sprint6_focused_audit_corrections.sql:L46@s6_submit_group_choice_guarded[INSERT positional/all columns]{POSITIONAL_WRITE} ; database/035_sprint6_focused_audit_corrections.sql:L57@s6_submit_private_choice_guarded[INSERT positional/all columns]{POSITIONAL_WRITE},6,database/065_package_b_player_wait_projection.sql:L11@s9_get_player_wait_state[SELECT * INTO row] ; database/065_package_b_player_wait_projection.sql:L16@s9_get_player_wait_state[qualified/rowtype field reference] ; database/066_package_b_wait_projection_locked_at_fix.sql:L11@s9_get_player_wait_state[SELECT * INTO row] ; database/066_package_b_wait_projection_locked_at_fix.sql:L16@s9_get_player_wait_state[qualified/rowtype field reference] ; database/067_package_b_allocation_progress_fix.sql:L11@s9_get_player_wait_state[SELECT * INTO row] ; database/067_package_b_allocation_progress_fix.sql:L20@s9_get_player_wait_state[qualified/rowtype field reference],0,,2,READ:tests/sprint8-final-closure-integrity-transaction.sql:L199@TEST_SQL[bare field in single test statement] ; READ:tests/sprint8-final-closure-integrity-transaction.sql:L203@TEST_SQL[bare field in single test statement],0,
F0356,s6_choices#05,s6_choices,choice_id,5,7,NO,6,database/033_sprint6_act9_13_runtime.sql:L40@s6_submit_group_choice[INSERT positional/all columns]{POSITIONAL_WRITE} ; database/033_sprint6_act9_13_runtime.sql:L49@s6_submit_private_choice[INSERT positional/all columns]{POSITIONAL_WRITE} ; database/034_sprint6_contract_hardening.sql:L10@s6_submit_group_choice[INSERT positional/all columns]{POSITIONAL_WRITE} ; database/034_sprint6_contract_hardening.sql:L20@s6_submit_private_choice[INSERT positional/all columns]{POSITIONAL_WRITE} ; database/035_sprint6_focused_audit_corrections.sql:L46@s6_submit_group_choice_guarded[INSERT positional/all columns]{POSITIONAL_WRITE} ; database/035_sprint6_focused_audit_corrections.sql:L57@s6_submit_private_choice_guarded[INSERT positional/all columns]{POSITIONAL_WRITE},10,database/033_sprint6_act9_13_runtime.sql:L39@s6_submit_group_choice[qualified/rowtype field reference] ; database/034_sprint6_contract_hardening.sql:L25@s6_get_player_state[qualified/rowtype field reference] ; database/034_sprint6_contract_hardening.sql:L6@s6_submit_group_choice[qualified/rowtype field reference] ; database/035_sprint6_focused_audit_corrections.sql:L72@s6_get_player_state[qualified/rowtype field reference] ; database/036_sprint6_four_open_findings.sql:L29@s6_get_player_state[qualified/rowtype field reference] ; database/037_level3_independent_audit_closure.sql:L179@s6_get_player_state[qualified/rowtype field reference] ; database/049_sprint8_final_closure.sql:L116@s8_verify_integrity[qualified/rowtype field reference] ; database/065_package_b_player_wait_projection.sql:L11@s9_get_player_wait_state[SELECT * INTO row] ; database/066_package_b_wait_projection_locked_at_fix.sql:L11@s9_get_player_wait_state[SELECT * INTO row] ; database/067_package_b_allocation_progress_fix.sql:L11@s9_get_player_wait_state[SELECT * INTO row],0,,0,,0,
F0357,s6_choices#06,s6_choices,client_request_id,6,8,NO,6,database/033_sprint6_act9_13_runtime.sql:L40@s6_submit_group_choice[INSERT positional/all columns]{POSITIONAL_WRITE} ; database/033_sprint6_act9_13_runtime.sql:L49@s6_submit_private_choice[INSERT positional/all columns]{POSITIONAL_WRITE} ; database/034_sprint6_contract_hardening.sql:L10@s6_submit_group_choice[INSERT positional/all columns]{POSITIONAL_WRITE} ; database/034_sprint6_contract_hardening.sql:L20@s6_submit_private_choice[INSERT positional/all columns]{POSITIONAL_WRITE} ; database/035_sprint6_focused_audit_corrections.sql:L46@s6_submit_group_choice_guarded[INSERT positional/all columns]{POSITIONAL_WRITE} ; database/035_sprint6_focused_audit_corrections.sql:L57@s6_submit_private_choice_guarded[INSERT positional/all columns]{POSITIONAL_WRITE},3,database/065_package_b_player_wait_projection.sql:L11@s9_get_player_wait_state[SELECT * INTO row] ; database/066_package_b_wait_projection_locked_at_fix.sql:L11@s9_get_player_wait_state[SELECT * INTO row] ; database/067_package_b_allocation_progress_fix.sql:L11@s9_get_player_wait_state[SELECT * INTO row],0,,0,,0,
F0358,s6_choices#07,s6_choices,response_latency_ms,7,1,YES,6,database/033_sprint6_act9_13_runtime.sql:L40@s6_submit_group_choice[INSERT positional/all columns]{POSITIONAL_WRITE} ; database/033_sprint6_act9_13_runtime.sql:L49@s6_submit_private_choice[INSERT positional/all columns]{POSITIONAL_WRITE} ; database/034_sprint6_contract_hardening.sql:L10@s6_submit_group_choice[INSERT positional/all columns]{POSITIONAL_WRITE} ; database/034_sprint6_contract_hardening.sql:L20@s6_submit_private_choice[INSERT positional/all columns]{POSITIONAL_WRITE} ; database/035_sprint6_focused_audit_corrections.sql:L46@s6_submit_group_choice_guarded[INSERT positional/all columns]{POSITIONAL_WRITE} ; database/035_sprint6_focused_audit_corrections.sql:L57@s6_submit_private_choice_guarded[INSERT positional/all columns]{POSITIONAL_WRITE},3,database/065_package_b_player_wait_projection.sql:L11@s9_get_player_wait_state[SELECT * INTO row] ; database/066_package_b_wait_projection_locked_at_fix.sql:L11@s9_get_player_wait_state[SELECT * INTO row] ; database/067_package_b_allocation_progress_fix.sql:L11@s9_get_player_wait_state[SELECT * INTO row],0,,0,,0,
F0359,s6_choices#08,s6_choices,role_context,8,1,YES,6,database/033_sprint6_act9_13_runtime.sql:L40@s6_submit_group_choice[INSERT positional/all columns]{POSITIONAL_WRITE} ; database/033_sprint6_act9_13_runtime.sql:L49@s6_submit_private_choice[INSERT positional/all columns]{POSITIONAL_WRITE} ; database/034_sprint6_contract_hardening.sql:L10@s6_submit_group_choice[INSERT positional/all columns]{POSITIONAL_WRITE} ; database/034_sprint6_contract_hardening.sql:L20@s6_submit_private_choice[INSERT positional/all columns]{POSITIONAL_WRITE} ; database/035_sprint6_focused_audit_corrections.sql:L46@s6_submit_group_choice_guarded[INSERT positional/all columns]{POSITIONAL_WRITE} ; database/035_sprint6_focused_audit_corrections.sql:L57@s6_submit_private_choice_guarded[INSERT positional/all columns]{POSITIONAL_WRITE},3,database/065_package_b_player_wait_projection.sql:L11@s9_get_player_wait_state[SELECT * INTO row] ; database/066_package_b_wait_projection_locked_at_fix.sql:L11@s9_get_player_wait_state[SELECT * INTO row] ; database/067_package_b_allocation_progress_fix.sql:L11@s9_get_player_wait_state[SELECT * INTO row],0,,0,,0,
F0360,s6_choices#09,s6_choices,locked_at,9,7,NO,6,database/033_sprint6_act9_13_runtime.sql:L40@s6_submit_group_choice[INSERT positional/all columns]{POSITIONAL_WRITE} ; database/033_sprint6_act9_13_runtime.sql:L49@s6_submit_private_choice[INSERT positional/all columns]{POSITIONAL_WRITE} ; database/034_sprint6_contract_hardening.sql:L10@s6_submit_group_choice[INSERT positional/all columns]{POSITIONAL_WRITE} ; database/034_sprint6_contract_hardening.sql:L20@s6_submit_private_choice[INSERT positional/all columns]{POSITIONAL_WRITE} ; database/035_sprint6_focused_audit_corrections.sql:L46@s6_submit_group_choice_guarded[INSERT positional/all columns]{POSITIONAL_WRITE} ; database/035_sprint6_focused_audit_corrections.sql:L57@s6_submit_private_choice_guarded[INSERT positional/all columns]{POSITIONAL_WRITE},3,database/065_package_b_player_wait_projection.sql:L11@s9_get_player_wait_state[SELECT * INTO row] ; database/066_package_b_wait_projection_locked_at_fix.sql:L11@s9_get_player_wait_state[SELECT * INTO row] ; database/067_package_b_allocation_progress_fix.sql:L11@s9_get_player_wait_state[SELECT * INTO row],0,,0,,0,
F0361,s6_choices#10,s6_choices,action_step,10,1,YES,7,database/033_sprint6_act9_13_runtime.sql:L40@s6_submit_group_choice[INSERT positional/all columns]{POSITIONAL_WRITE} ; database/033_sprint6_act9_13_runtime.sql:L49@s6_submit_private_choice[INSERT positional/all columns]{POSITIONAL_WRITE} ; database/034_sprint6_contract_hardening.sql:L10@s6_submit_group_choice[INSERT positional/all columns]{POSITIONAL_WRITE} ; database/034_sprint6_contract_hardening.sql:L20@s6_submit_private_choice[INSERT positional/all columns]{POSITIONAL_WRITE} ; database/035_sprint6_focused_audit_corrections.sql:L46@s6_submit_group_choice_guarded[INSERT positional/all columns]{POSITIONAL_WRITE} ; database/035_sprint6_focused_audit_corrections.sql:L57@s6_submit_private_choice_guarded[INSERT positional/all columns]{POSITIONAL_WRITE} ; database/049_sprint8_final_closure.sql:L8@TOP_LEVEL[UPDATE SET]{DERIVED_OR_COPY},4,database/049_sprint8_final_closure.sql:L115@s8_verify_integrity[qualified/rowtype field reference] ; database/065_package_b_player_wait_projection.sql:L11@s9_get_player_wait_state[SELECT * INTO row] ; database/066_package_b_wait_projection_locked_at_fix.sql:L11@s9_get_player_wait_state[SELECT * INTO row] ; database/067_package_b_allocation_progress_fix.sql:L11@s9_get_player_wait_state[SELECT * INTO row],0,,1,READ:tests/sprint8-final-closure-integrity-transaction.sql:L172@TEST_SQL[bare field in single test statement],2,database/049_sprint8_final_closure.sql:L18@s8_capture_choice_step[NEW.field trigger reference; read/write not mechanically determined] ; database/049_sprint8_final_closure.sql:L19@s8_capture_choice_step[NEW.field trigger reference; read/write not mechanically determined]
F0362,s6_engagements#01,s6_engagements,run_id,1,36,NO,3,database/033_sprint6_act9_13_runtime.sql:L55@s6_engage[INSERT positional/all columns]{POSITIONAL_WRITE} ; database/035_sprint6_focused_audit_corrections.sql:L65@s6_engage[INSERT positional/all columns]{POSITIONAL_WRITE} ; database/035_sprint6_focused_audit_corrections.sql:L67@s6_engage_guarded[INSERT positional/all columns]{POSITIONAL_WRITE},0,,0,,0,,0,
F0363,s6_engagements#02,s6_engagements,role_key,2,4,NO,3,database/033_sprint6_act9_13_runtime.sql:L55@s6_engage[INSERT positional/all columns]{POSITIONAL_WRITE} ; database/035_sprint6_focused_audit_corrections.sql:L65@s6_engage[INSERT positional/all columns]{POSITIONAL_WRITE} ; database/035_sprint6_focused_audit_corrections.sql:L67@s6_engage_guarded[INSERT positional/all columns]{POSITIONAL_WRITE},0,,0,,0,,0,
F0364,s6_engagements#03,s6_engagements,player_id,3,24,NO,3,database/033_sprint6_act9_13_runtime.sql:L55@s6_engage[INSERT positional/all columns]{POSITIONAL_WRITE} ; database/035_sprint6_focused_audit_corrections.sql:L65@s6_engage[INSERT positional/all columns]{POSITIONAL_WRITE} ; database/035_sprint6_focused_audit_corrections.sql:L67@s6_engage_guarded[INSERT positional/all columns]{POSITIONAL_WRITE},0,,0,,0,,0,
F0365,s6_engagements#04,s6_engagements,engaged_at,4,1,YES,3,database/033_sprint6_act9_13_runtime.sql:L55@s6_engage[INSERT positional/all columns]{POSITIONAL_WRITE} ; database/035_sprint6_focused_audit_corrections.sql:L65@s6_engage[INSERT positional/all columns]{POSITIONAL_WRITE} ; database/035_sprint6_focused_audit_corrections.sql:L67@s6_engage_guarded[INSERT positional/all columns]{POSITIONAL_WRITE},0,,0,,0,,0,
F0366,s6_private_clues#01,s6_private_clues,run_id,1,36,NO,1,database/033_sprint6_act9_13_runtime.sql:L30@s6_deliver_clues[INSERT positional/all columns]{POSITIONAL_WRITE},0,,0,,0,,0,
F0367,s6_private_clues#02,s6_private_clues,player_id,2,24,NO,1,database/033_sprint6_act9_13_runtime.sql:L30@s6_deliver_clues[INSERT positional/all columns]{POSITIONAL_WRITE},0,,0,,0,,0,
F0368,s6_private_clues#03,s6_private_clues,act_no,3,4,NO,1,database/033_sprint6_act9_13_runtime.sql:L30@s6_deliver_clues[INSERT positional/all columns]{POSITIONAL_WRITE},0,,0,,0,,0,
F0369,s6_private_clues#04,s6_private_clues,knowledge_key,4,3,NO,1,database/033_sprint6_act9_13_runtime.sql:L30@s6_deliver_clues[INSERT positional/all columns]{POSITIONAL_WRITE},0,,0,,0,,0,
F0370,s6_private_clues#05,s6_private_clues,text_key,5,2,NO,1,database/033_sprint6_act9_13_runtime.sql:L30@s6_deliver_clues[INSERT positional/all columns]{POSITIONAL_WRITE},0,,0,,0,,0,
F0371,s6_private_clues#06,s6_private_clues,delivered_at,6,2,NO,1,database/033_sprint6_act9_13_runtime.sql:L30@s6_deliver_clues[INSERT positional/all columns]{POSITIONAL_WRITE},0,,0,,0,,0,
F0372,s6_run_state#01,s6_run_state,run_id,1,36,NO,3,database/033_sprint6_act9_13_runtime.sql:L33@s6_initialize[INSERT explicit column]{DIRECT_OR_COMPUTED} ; database/035_sprint6_focused_audit_corrections.sql:L38@s6_initialize[INSERT explicit column]{DIRECT_OR_COMPUTED} ; database/037_level3_independent_audit_closure.sql:L109@s6_ensure_initialized[INSERT explicit column]{DIRECT_OR_COMPUTED},15,database/033_sprint6_act9_13_runtime.sql:L57@s6_get_player_state[to_jsonb(row) exposes field] ; database/034_sprint6_contract_hardening.sql:L25@s6_get_player_state[to_jsonb(row) exposes field] ; database/035_sprint6_focused_audit_corrections.sql:L72@s6_get_player_state[to_jsonb(row) exposes field] ; database/036_sprint6_four_open_findings.sql:L29@s6_get_player_state[to_jsonb(row) exposes field] ; database/037_level3_independent_audit_closure.sql:L144@s6_refresh_owned_discussion[SELECT * INTO row] ; database/037_level3_independent_audit_closure.sql:L179@s6_get_player_state[to_jsonb(row) exposes field] ; database/043_sprint7_teacher_console.sql:L36@s7_get_teacher_console[SELECT * INTO row] ; database/044_sprint7_focused_level1_corrections.sql:L25@s7_get_teacher_console[SELECT * INTO row] ; database/046_sprint8_act14_finalization_export.sql:L34@s8_finalize[SELECT * INTO row] ; database/048_sprint8_focused_level1_corrections.sql:L33@s8_finalize[SELECT * INTO row] ; database/049_sprint8_final_closure.sql:L74@s8_verify_integrity[SELECT * INTO row] ; database/054_level3_integrated_closure.sql:L129@s8_verify_integrity[SELECT * INTO row] ; database/065_package_b_player_wait_projection.sql:L9@s9_get_player_wait_state[SELECT * INTO row] ; database/066_package_b_wait_projection_locked_at_fix.sql:L9@s9_get_player_wait_state[SELECT * INTO row] ; database/067_package_b_allocation_progress_fix.sql:L9@s9_get_player_wait_state[SELECT * INTO row],0,,0,,3,database/037_level3_independent_audit_closure.sql:L64@act6_13_prepare_s6_state[NEW.field trigger reference; read/write not mechanically determined] ; database/037_level3_independent_audit_closure.sql:L76@act6_13_capture_s6_transition[NEW.field trigger reference; read/write not mechanically determined] ; database/037_level3_independent_audit_closure.sql:L80@act6_13_capture_s6_transition[NEW.field trigger reference; read/write not mechanically determined]
F0373,s6_run_state#02,s6_run_state,act_no,2,4,NO,15,database/033_sprint6_act9_13_runtime.sql:L47@s6_submit_group_choice[UPDATE SET]{DIRECT_OR_COMPUTED} ; database/033_sprint6_act9_13_runtime.sql:L49@s6_submit_private_choice[UPDATE SET]{DIRECT_OR_COMPUTED} ; database/033_sprint6_act9_13_runtime.sql:L51@s6_advance[UPDATE SET]{DIRECT_OR_COMPUTED} ; database/033_sprint6_act9_13_runtime.sql:L53@s6_submit_allocation[UPDATE SET]{DIRECT_OR_COMPUTED} ; database/034_sprint6_contract_hardening.sql:L17@s6_submit_group_choice[UPDATE SET]{DIRECT_OR_COMPUTED} ; database/034_sprint6_contract_hardening.sql:L20@s6_submit_private_choice[UPDATE SET]{DIRECT_OR_COMPUTED} ; database/034_sprint6_contract_hardening.sql:L23@s6_submit_allocation[UPDATE SET]{DIRECT_OR_COMPUTED} ; database/035_sprint6_focused_audit_corrections.sql:L54@s6_submit_group_choice_guarded[UPDATE SET]{DIRECT_OR_COMPUTED} ; database/035_sprint6_focused_audit_corrections.sql:L59@s6_advance_guarded[UPDATE SET]{DIRECT_OR_COMPUTED} ; database/035_sprint6_focused_audit_corrections.sql:L61@s6_submit_allocation_guarded[UPDATE SET]{DIRECT_OR_COMPUTED} ; database/035_sprint6_focused_audit_corrections.sql:L69@s6_tick_cinematic[UPDATE SET]{DIRECT_OR_COMPUTED} ; database/036_sprint6_four_open_findings.sql:L27@s6_tick_cinematic[UPDATE SET]{DIRECT_OR_COMPUTED} ; database/046_sprint8_act14_finalization_export.sql:L55@s8_finalize[UPDATE SET]{DIRECT_OR_COMPUTED} ; database/048_sprint8_focused_level1_corrections.sql:L71@s8_finalize[UPDATE SET]{DIRECT_OR_COMPUTED} ; database/049_sprint8_final_closure.sql:L168@s8_finalize[UPDATE SET]{DIRECT_OR_COMPUTED},25,database/033_sprint6_act9_13_runtime.sql:L57@s6_get_player_state[qualified/rowtype field reference] ; database/033_sprint6_act9_13_runtime.sql:L57@s6_get_player_state[to_jsonb(row) exposes field] ; database/034_sprint6_contract_hardening.sql:L25@s6_get_player_state[qualified/rowtype field reference] ; database/034_sprint6_contract_hardening.sql:L25@s6_get_player_state[to_jsonb(row) exposes field] ; database/035_sprint6_focused_audit_corrections.sql:L72@s6_get_player_state[qualified/rowtype field reference] ; database/035_sprint6_focused_audit_corrections.sql:L72@s6_get_player_state[to_jsonb(row) exposes field] ; database/036_sprint6_four_open_findings.sql:L29@s6_get_player_state[qualified/rowtype field reference] ; database/036_sprint6_four_open_findings.sql:L29@s6_get_player_state[to_jsonb(row) exposes field] ; database/037_level3_independent_audit_closure.sql:L144@s6_refresh_owned_discussion[SELECT * INTO row] ; database/037_level3_independent_audit_closure.sql:L151@s6_refresh_owned_discussion[qualified/rowtype field reference] ; database/037_level3_independent_audit_closure.sql:L179@s6_get_player_state[qualified/rowtype field reference] ; database/037_level3_independent_audit_closure.sql:L179@s6_get_player_state[to_jsonb(row) exposes field] ; database/037_level3_independent_audit_closure.sql:L74@act6_13_capture_s6_transition[OLD.field trigger reference] ; database/043_sprint7_teacher_console.sql:L36@s7_get_teacher_console[SELECT * INTO row] ; database/043_sprint7_teacher_console.sql:L37@s7_get_teacher_console[qualified/rowtype field reference] ; database/044_sprint7_focused_level1_corrections.sql:L25@s7_get_teacher_console[SELECT * INTO row] ; database/044_sprint7_focused_level1_corrections.sql:L26@s7_get_teacher_console[qualified/rowtype field reference] ; database/046_sprint8_act14_finalization_export.sql:L34@s8_finalize[SELECT * INTO row] ; database/048_sprint8_focused_level1_corrections.sql:L33@s8_finalize[SELECT * INTO row] ; database/049_sprint8_final_closure.sql:L119@s8_verify_integrity[qualified/rowtype field reference] ; database/049_sprint8_final_closure.sql:L74@s8_verify_integrity[SELECT * INTO row] ; database/054_level3_integrated_closure.sql:L129@s8_verify_integrity[SELECT * INTO row] ; database/065_package_b_player_wait_projection.sql:L9@s9_get_player_wait_state[SELECT * INTO row] ; database/066_package_b_wait_projection_locked_at_fix.sql:L9@s9_get_player_wait_state[SELECT * INTO row] ; database/067_package_b_allocation_progress_fix.sql:L9@s9_get_player_wait_state[SELECT * INTO row],0,,0,,3,database/037_level3_independent_audit_closure.sql:L74@act6_13_capture_s6_transition[NEW.field trigger reference; read/write not mechanically determined] ; database/037_level3_independent_audit_closure.sql:L76@act6_13_capture_s6_transition[NEW.field trigger reference; read/write not mechanically determined] ; database/037_level3_independent_audit_closure.sql:L80@act6_13_capture_s6_transition[NEW.field trigger reference; read/write not mechanically determined]
F0374,s6_run_state#03,s6_run_state,phase_key,3,13,NO,27,database/033_sprint6_act9_13_runtime.sql:L35@s6_open_act9_console[UPDATE SET]{DIRECT_OR_COMPUTED} ; database/033_sprint6_act9_13_runtime.sql:L43@s6_submit_group_choice[UPDATE SET]{DIRECT_OR_COMPUTED} ; database/033_sprint6_act9_13_runtime.sql:L47@s6_submit_group_choice[UPDATE SET]{DIRECT_OR_COMPUTED} ; database/033_sprint6_act9_13_runtime.sql:L49@s6_submit_private_choice[UPDATE SET]{DIRECT_OR_COMPUTED} ; database/033_sprint6_act9_13_runtime.sql:L51@s6_advance[UPDATE SET]{DIRECT_OR_COMPUTED} ; database/033_sprint6_act9_13_runtime.sql:L53@s6_submit_allocation[UPDATE SET]{DIRECT_OR_COMPUTED} ; database/033_sprint6_act9_13_runtime.sql:L55@s6_engage[UPDATE SET]{DIRECT_OR_COMPUTED} ; database/034_sprint6_contract_hardening.sql:L13@s6_submit_group_choice[UPDATE SET]{DIRECT_OR_COMPUTED} ; database/034_sprint6_contract_hardening.sql:L17@s6_submit_group_choice[UPDATE SET]{DIRECT_OR_COMPUTED} ; database/034_sprint6_contract_hardening.sql:L20@s6_submit_private_choice[UPDATE SET]{DIRECT_OR_COMPUTED} ; database/034_sprint6_contract_hardening.sql:L23@s6_submit_allocation[UPDATE SET]{DIRECT_OR_COMPUTED} ; database/035_sprint6_focused_audit_corrections.sql:L42@s6_close_discussion_guarded[UPDATE SET]{DIRECT_OR_COMPUTED} ; database/035_sprint6_focused_audit_corrections.sql:L47@s6_submit_group_choice_guarded[UPDATE SET]{DIRECT_OR_COMPUTED} ; database/035_sprint6_focused_audit_corrections.sql:L49@s6_submit_group_choice_guarded[UPDATE SET]{DIRECT_OR_COMPUTED} ; database/035_sprint6_focused_audit_corrections.sql:L52@s6_submit_group_choice_guarded[UPDATE SET]{DIRECT_OR_COMPUTED} ; database/035_sprint6_focused_audit_corrections.sql:L54@s6_submit_group_choice_guarded[UPDATE SET]{DIRECT_OR_COMPUTED} ; database/035_sprint6_focused_audit_corrections.sql:L57@s6_submit_private_choice_guarded[UPDATE SET]{DIRECT_OR_COMPUTED} ; database/035_sprint6_focused_audit_corrections.sql:L59@s6_advance_guarded[UPDATE SET]{DIRECT_OR_COMPUTED} ; database/035_sprint6_focused_audit_corrections.sql:L61@s6_submit_allocation_guarded[UPDATE SET]{DIRECT_OR_COMPUTED} ; database/035_sprint6_focused_audit_corrections.sql:L65@s6_engage[UPDATE SET]{DIRECT_OR_COMPUTED} ; database/035_sprint6_focused_audit_corrections.sql:L67@s6_engage_guarded[UPDATE SET]{DIRECT_OR_COMPUTED} ; database/035_sprint6_focused_audit_corrections.sql:L69@s6_tick_cinematic[UPDATE SET]{DIRECT_OR_COMPUTED} ; database/036_sprint6_four_open_findings.sql:L27@s6_tick_cinematic[UPDATE SET]{DIRECT_OR_COMPUTED} ; database/037_level3_independent_audit_closure.sql:L150@s6_refresh_owned_discussion[UPDATE SET]{DIRECT_OR_COMPUTED} ; database/046_sprint8_act14_finalization_export.sql:L55@s8_finalize[UPDATE SET]{DIRECT_OR_COMPUTED} ; database/048_sprint8_focused_level1_corrections.sql:L71@s8_finalize[UPDATE SET]{DIRECT_OR_COMPUTED} ; database/049_sprint8_final_closure.sql:L168@s8_finalize[UPDATE SET]{DIRECT_OR_COMPUTED},70,database/033_sprint6_act9_13_runtime.sql:L40@s6_submit_group_choice[qualified/rowtype field reference] ; database/033_sprint6_act9_13_runtime.sql:L42@s6_submit_group_choice[qualified/rowtype field reference] ; database/033_sprint6_act9_13_runtime.sql:L43@s6_submit_group_choice[qualified/rowtype field reference] ; database/033_sprint6_act9_13_runtime.sql:L49@s6_submit_private_choice[qualified/rowtype field reference] ; database/033_sprint6_act9_13_runtime.sql:L51@s6_advance[qualified/rowtype field reference] ; database/033_sprint6_act9_13_runtime.sql:L53@s6_submit_allocation[qualified/rowtype field reference] ; database/033_sprint6_act9_13_runtime.sql:L55@s6_engage[qualified/rowtype field reference] ; database/033_sprint6_act9_13_runtime.sql:L57@s6_get_player_state[to_jsonb(row) exposes field] ; database/034_sprint6_contract_hardening.sql:L10@s6_submit_group_choice[qualified/rowtype field reference] ; database/034_sprint6_contract_hardening.sql:L12@s6_submit_group_choice[qualified/rowtype field reference] ; database/034_sprint6_contract_hardening.sql:L13@s6_submit_group_choice[qualified/rowtype field reference] ; database/034_sprint6_contract_hardening.sql:L19@s6_submit_private_choice[qualified/rowtype field reference] ; database/034_sprint6_contract_hardening.sql:L20@s6_submit_private_choice[qualified/rowtype field reference] ; database/034_sprint6_contract_hardening.sql:L22@s6_submit_allocation[qualified/rowtype field reference] ; database/034_sprint6_contract_hardening.sql:L25@s6_get_player_state[qualified/rowtype field reference] ; database/034_sprint6_contract_hardening.sql:L25@s6_get_player_state[to_jsonb(row) exposes field] ; database/034_sprint6_contract_hardening.sql:L7@s6_submit_group_choice[qualified/rowtype field reference] ; database/034_sprint6_contract_hardening.sql:L8@s6_submit_group_choice[qualified/rowtype field reference] ; database/034_sprint6_contract_hardening.sql:L9@s6_submit_group_choice[qualified/rowtype field reference] ; database/035_sprint6_focused_audit_corrections.sql:L46@s6_submit_group_choice_guarded[qualified/rowtype field reference] ; database/035_sprint6_focused_audit_corrections.sql:L48@s6_submit_group_choice_guarded[qualified/rowtype field reference] ; database/035_sprint6_focused_audit_corrections.sql:L49@s6_submit_group_choice_guarded[qualified/rowtype field reference] ; database/035_sprint6_focused_audit_corrections.sql:L57@s6_submit_private_choice_guarded[qualified/rowtype field reference] ; database/035_sprint6_focused_audit_corrections.sql:L59@s6_advance_guarded[qualified/rowtype field reference] ; database/035_sprint6_focused_audit_corrections.sql:L61@s6_submit_allocation_guarded[qualified/rowtype field reference] ; database/035_sprint6_focused_audit_corrections.sql:L63@s6_complete_station_guarded[qualified/rowtype field reference] ; database/035_sprint6_focused_audit_corrections.sql:L65@s6_engage[qualified/rowtype field reference] ; database/035_sprint6_focused_audit_corrections.sql:L67@s6_engage_guarded[qualified/rowtype field reference] ; database/035_sprint6_focused_audit_corrections.sql:L69@s6_tick_cinematic[qualified/rowtype field reference] ; database/035_sprint6_focused_audit_corrections.sql:L72@s6_get_player_state[qualified/rowtype field reference] ; database/035_sprint6_focused_audit_corrections.sql:L72@s6_get_player_state[to_jsonb(row) exposes field] ; database/036_sprint6_four_open_findings.sql:L27@s6_tick_cinematic[qualified/rowtype field reference] ; database/036_sprint6_four_open_findings.sql:L29@s6_get_player_state[qualified/rowtype field reference] ; database/036_sprint6_four_open_findings.sql:L29@s6_get_player_state[to_jsonb(row) exposes field] ; database/037_level3_independent_audit_closure.sql:L144@s6_refresh_owned_discussion[SELECT * INTO row] ; database/037_level3_independent_audit_closure.sql:L145@s6_refresh_owned_discussion[qualified/rowtype field reference] ; database/037_level3_independent_audit_closure.sql:L146@s6_refresh_owned_discussion[qualified/rowtype field reference] ; database/037_level3_independent_audit_closure.sql:L148@s6_refresh_owned_discussion[qualified/rowtype field reference] ; database/037_level3_independent_audit_closure.sql:L151@s6_refresh_owned_discussion[qualified/rowtype field reference] ; database/037_level3_independent_audit_closure.sql:L179@s6_get_player_state[qualified/rowtype field reference] ; database/037_level3_independent_audit_closure.sql:L179@s6_get_player_state[to_jsonb(row) exposes field] ; database/037_level3_independent_audit_closure.sql:L74@act6_13_capture_s6_transition[OLD.field trigger reference] ; database/037_level3_independent_audit_closure.sql:L76@act6_13_capture_s6_transition[OLD.field trigger reference] ; database/043_sprint7_teacher_console.sql:L36@s7_get_teacher_console[SELECT * INTO row] ; database/043_sprint7_teacher_console.sql:L51@s7_get_teacher_console[qualified/rowtype field reference] ; database/043_sprint7_teacher_console.sql:L52@s7_get_teacher_console[qualified/rowtype field reference] ; database/043_sprint7_teacher_console.sql:L53@s7_get_teacher_console[qualified/rowtype field reference] ; database/043_sprint7_teacher_console.sql:L55@s7_get_teacher_console[qualified/rowtype field reference] ; database/044_sprint7_focused_level1_corrections.sql:L25@s7_get_teacher_console[SELECT * INTO row] ; database/044_sprint7_focused_level1_corrections.sql:L41@s7_get_teacher_console[qualified/rowtype field reference] ; database/044_sprint7_focused_level1_corrections.sql:L42@s7_get_teacher_console[qualified/rowtype field reference] ; database/044_sprint7_focused_level1_corrections.sql:L43@s7_get_teacher_console[qualified/rowtype field reference] ; database/046_sprint8_act14_finalization_export.sql:L34@s8_finalize[SELECT * INTO row] ; database/048_sprint8_focused_level1_corrections.sql:L33@s8_finalize[SELECT * INTO row] ; database/049_sprint8_final_closure.sql:L137@s8_verify_integrity[qualified/rowtype field reference] ; database/049_sprint8_final_closure.sql:L74@s8_verify_integrity[SELECT * INTO row] ; database/054_level3_integrated_closure.sql:L129@s8_verify_integrity[SELECT * INTO row] ; database/065_package_b_player_wait_projection.sql:L11@s9_get_player_wait_state[qualified/rowtype field reference] ; database/065_package_b_player_wait_projection.sql:L12@s9_get_player_wait_state[qualified/rowtype field reference] ; database/065_package_b_player_wait_projection.sql:L15@s9_get_player_wait_state[qualified/rowtype field reference] ; database/065_package_b_player_wait_projection.sql:L9@s9_get_player_wait_state[SELECT * INTO row] ; database/066_package_b_wait_projection_locked_at_fix.sql:L11@s9_get_player_wait_state[qualified/rowtype field reference] ; database/066_package_b_wait_projection_locked_at_fix.sql:L12@s9_get_player_wait_state[qualified/rowtype field reference] ; database/066_package_b_wait_projection_locked_at_fix.sql:L15@s9_get_player_wait_state[qualified/rowtype field reference] ; database/066_package_b_wait_projection_locked_at_fix.sql:L9@s9_get_player_wait_state[SELECT * INTO row] ; database/067_package_b_allocation_progress_fix.sql:L11@s9_get_player_wait_state[qualified/rowtype field reference] ; database/067_package_b_allocation_progress_fix.sql:L12@s9_get_player_wait_state[qualified/rowtype field reference] ; database/067_package_b_allocation_progress_fix.sql:L15@s9_get_player_wait_state[qualified/rowtype field reference] ; database/067_package_b_allocation_progress_fix.sql:L19@s9_get_player_wait_state[qualified/rowtype field reference] ; database/067_package_b_allocation_progress_fix.sql:L9@s9_get_player_wait_state[SELECT * INTO row],0,,0,,4,database/037_level3_independent_audit_closure.sql:L64@act6_13_prepare_s6_state[NEW.field trigger reference; read/write not mechanically determined] ; database/037_level3_independent_audit_closure.sql:L74@act6_13_capture_s6_transition[NEW.field trigger reference; read/write not mechanically determined] ; database/037_level3_independent_audit_closure.sql:L76@act6_13_capture_s6_transition[NEW.field trigger reference; read/write not mechanically determined] ; database/037_level3_independent_audit_closure.sql:L80@act6_13_capture_s6_transition[NEW.field trigger reference; read/write not mechanically determined]
F0375,s6_run_state#04,s6_run_state,act9_step,4,1,YES,6,database/033_sprint6_act9_13_runtime.sql:L46@s6_submit_group_choice[UPDATE SET]{DIRECT_OR_COMPUTED} ; database/033_sprint6_act9_13_runtime.sql:L47@s6_submit_group_choice[UPDATE SET]{DIRECT_OR_COMPUTED} ; database/034_sprint6_contract_hardening.sql:L16@s6_submit_group_choice[UPDATE SET]{DIRECT_OR_COMPUTED} ; database/034_sprint6_contract_hardening.sql:L17@s6_submit_group_choice[UPDATE SET]{DIRECT_OR_COMPUTED} ; database/035_sprint6_focused_audit_corrections.sql:L52@s6_submit_group_choice_guarded[UPDATE SET]{DIRECT_OR_COMPUTED} ; database/035_sprint6_focused_audit_corrections.sql:L53@s6_submit_group_choice_guarded[UPDATE SET]{DIRECT_OR_COMPUTED},31,database/033_sprint6_act9_13_runtime.sql:L44@s6_submit_group_choice[qualified/rowtype field reference] ; database/033_sprint6_act9_13_runtime.sql:L45@s6_submit_group_choice[qualified/rowtype field reference] ; database/033_sprint6_act9_13_runtime.sql:L46@s6_submit_group_choice[qualified/rowtype field reference] ; database/033_sprint6_act9_13_runtime.sql:L47@s6_submit_group_choice[qualified/rowtype field reference] ; database/033_sprint6_act9_13_runtime.sql:L57@s6_get_player_state[to_jsonb(row) exposes field] ; database/034_sprint6_contract_hardening.sql:L14@s6_submit_group_choice[qualified/rowtype field reference] ; database/034_sprint6_contract_hardening.sql:L15@s6_submit_group_choice[qualified/rowtype field reference] ; database/034_sprint6_contract_hardening.sql:L16@s6_submit_group_choice[qualified/rowtype field reference] ; database/034_sprint6_contract_hardening.sql:L17@s6_submit_group_choice[qualified/rowtype field reference] ; database/034_sprint6_contract_hardening.sql:L25@s6_get_player_state[to_jsonb(row) exposes field] ; database/034_sprint6_contract_hardening.sql:L9@s6_submit_group_choice[qualified/rowtype field reference] ; database/035_sprint6_focused_audit_corrections.sql:L46@s6_submit_group_choice_guarded[qualified/rowtype field reference] ; database/035_sprint6_focused_audit_corrections.sql:L47@s6_submit_group_choice_guarded[qualified/rowtype field reference] ; database/035_sprint6_focused_audit_corrections.sql:L50@s6_submit_group_choice_guarded[qualified/rowtype field reference] ; database/035_sprint6_focused_audit_corrections.sql:L51@s6_submit_group_choice_guarded[qualified/rowtype field reference] ; database/035_sprint6_focused_audit_corrections.sql:L52@s6_submit_group_choice_guarded[qualified/rowtype field reference] ; database/035_sprint6_focused_audit_corrections.sql:L53@s6_submit_group_choice_guarded[qualified/rowtype field reference] ; database/035_sprint6_focused_audit_corrections.sql:L72@s6_get_player_state[to_jsonb(row) exposes field] ; database/036_sprint6_four_open_findings.sql:L29@s6_get_player_state[to_jsonb(row) exposes field] ; database/037_level3_independent_audit_closure.sql:L144@s6_refresh_owned_discussion[SELECT * INTO row] ; database/037_level3_independent_audit_closure.sql:L179@s6_get_player_state[to_jsonb(row) exposes field] ; database/037_level3_independent_audit_closure.sql:L74@act6_13_capture_s6_transition[OLD.field trigger reference] ; database/043_sprint7_teacher_console.sql:L36@s7_get_teacher_console[SELECT * INTO row] ; database/044_sprint7_focused_level1_corrections.sql:L25@s7_get_teacher_console[SELECT * INTO row] ; database/046_sprint8_act14_finalization_export.sql:L34@s8_finalize[SELECT * INTO row] ; database/048_sprint8_focused_level1_corrections.sql:L33@s8_finalize[SELECT * INTO row] ; database/049_sprint8_final_closure.sql:L74@s8_verify_integrity[SELECT * INTO row] ; database/054_level3_integrated_closure.sql:L129@s8_verify_integrity[SELECT * INTO row] ; database/065_package_b_player_wait_projection.sql:L9@s9_get_player_wait_state[SELECT * INTO row] ; database/066_package_b_wait_projection_locked_at_fix.sql:L9@s9_get_player_wait_state[SELECT * INTO row] ; database/067_package_b_allocation_progress_fix.sql:L9@s9_get_player_wait_state[SELECT * INTO row],4,MEDIUM:src/game/app.js:L423@sprint6Identity[property-name reference] ; MEDIUM:src/game/app.js:L461@renderSprint6[property-name reference] ; MEDIUM:tests/sprint5-live-e2e.js:L14@s6id[property-name reference] ; MEDIUM:tests/sprint5-live-e2e.js:L18@sprint6[property-name reference],0,,2,database/037_level3_independent_audit_closure.sql:L74@act6_13_capture_s6_transition[NEW.field trigger reference; read/write not mechanically determined] ; database/037_level3_independent_audit_closure.sql:L76@act6_13_capture_s6_transition[NEW.field trigger reference; read/write not mechanically determined]
F0376,s6_run_state#05,s6_run_state,round_no,5,4,NO,24,database/033_sprint6_act9_13_runtime.sql:L41@s6_submit_group_choice[UPDATE SET]{DIRECT_OR_COMPUTED} ; database/033_sprint6_act9_13_runtime.sql:L45@s6_submit_group_choice[UPDATE SET]{DIRECT_OR_COMPUTED} ; database/033_sprint6_act9_13_runtime.sql:L46@s6_submit_group_choice[UPDATE SET]{DIRECT_OR_COMPUTED} ; database/033_sprint6_act9_13_runtime.sql:L47@s6_submit_group_choice[UPDATE SET]{DIRECT_OR_COMPUTED} ; database/033_sprint6_act9_13_runtime.sql:L49@s6_submit_private_choice[UPDATE SET]{DIRECT_OR_COMPUTED} ; database/033_sprint6_act9_13_runtime.sql:L51@s6_advance[UPDATE SET]{DIRECT_OR_COMPUTED} ; database/033_sprint6_act9_13_runtime.sql:L53@s6_submit_allocation[UPDATE SET]{DIRECT_OR_COMPUTED} ; database/033_sprint6_act9_13_runtime.sql:L55@s6_engage[UPDATE SET]{DIRECT_OR_COMPUTED} ; database/034_sprint6_contract_hardening.sql:L11@s6_submit_group_choice[UPDATE SET]{DIRECT_OR_COMPUTED} ; database/034_sprint6_contract_hardening.sql:L15@s6_submit_group_choice[UPDATE SET]{DIRECT_OR_COMPUTED} ; database/034_sprint6_contract_hardening.sql:L16@s6_submit_group_choice[UPDATE SET]{DIRECT_OR_COMPUTED} ; database/034_sprint6_contract_hardening.sql:L17@s6_submit_group_choice[UPDATE SET]{DIRECT_OR_COMPUTED} ; database/034_sprint6_contract_hardening.sql:L20@s6_submit_private_choice[UPDATE SET]{DIRECT_OR_COMPUTED} ; database/034_sprint6_contract_hardening.sql:L23@s6_submit_allocation[UPDATE SET]{DIRECT_OR_COMPUTED} ; database/035_sprint6_focused_audit_corrections.sql:L47@s6_submit_group_choice_guarded[UPDATE SET]{DIRECT_OR_COMPUTED} ; database/035_sprint6_focused_audit_corrections.sql:L51@s6_submit_group_choice_guarded[UPDATE SET]{DIRECT_OR_COMPUTED} ; database/035_sprint6_focused_audit_corrections.sql:L52@s6_submit_group_choice_guarded[UPDATE SET]{DIRECT_OR_COMPUTED} ; database/035_sprint6_focused_audit_corrections.sql:L53@s6_submit_group_choice_guarded[UPDATE SET]{DIRECT_OR_COMPUTED} ; database/035_sprint6_focused_audit_corrections.sql:L54@s6_submit_group_choice_guarded[UPDATE SET]{DIRECT_OR_COMPUTED} ; database/035_sprint6_focused_audit_corrections.sql:L57@s6_submit_private_choice_guarded[UPDATE SET]{DIRECT_OR_COMPUTED} ; database/035_sprint6_focused_audit_corrections.sql:L59@s6_advance_guarded[UPDATE SET]{DIRECT_OR_COMPUTED} ; database/035_sprint6_focused_audit_corrections.sql:L61@s6_submit_allocation_guarded[UPDATE SET]{DIRECT_OR_COMPUTED} ; database/035_sprint6_focused_audit_corrections.sql:L65@s6_engage[UPDATE SET]{DIRECT_OR_COMPUTED} ; database/035_sprint6_focused_audit_corrections.sql:L67@s6_engage_guarded[UPDATE SET]{DIRECT_OR_COMPUTED},38,database/033_sprint6_act9_13_runtime.sql:L40@s6_submit_group_choice[qualified/rowtype field reference] ; database/033_sprint6_act9_13_runtime.sql:L42@s6_submit_group_choice[qualified/rowtype field reference] ; database/033_sprint6_act9_13_runtime.sql:L49@s6_submit_private_choice[qualified/rowtype field reference] ; database/033_sprint6_act9_13_runtime.sql:L57@s6_get_player_state[to_jsonb(row) exposes field] ; database/034_sprint6_contract_hardening.sql:L10@s6_submit_group_choice[qualified/rowtype field reference] ; database/034_sprint6_contract_hardening.sql:L12@s6_submit_group_choice[qualified/rowtype field reference] ; database/034_sprint6_contract_hardening.sql:L20@s6_submit_private_choice[qualified/rowtype field reference] ; database/034_sprint6_contract_hardening.sql:L25@s6_get_player_state[to_jsonb(row) exposes field] ; database/035_sprint6_focused_audit_corrections.sql:L46@s6_submit_group_choice_guarded[qualified/rowtype field reference] ; database/035_sprint6_focused_audit_corrections.sql:L48@s6_submit_group_choice_guarded[qualified/rowtype field reference] ; database/035_sprint6_focused_audit_corrections.sql:L57@s6_submit_private_choice_guarded[qualified/rowtype field reference] ; database/035_sprint6_focused_audit_corrections.sql:L61@s6_submit_allocation_guarded[qualified/rowtype field reference] ; database/035_sprint6_focused_audit_corrections.sql:L72@s6_get_player_state[to_jsonb(row) exposes field] ; database/036_sprint6_four_open_findings.sql:L29@s6_get_player_state[to_jsonb(row) exposes field] ; database/037_level3_independent_audit_closure.sql:L144@s6_refresh_owned_discussion[SELECT * INTO row] ; database/037_level3_independent_audit_closure.sql:L179@s6_get_player_state[to_jsonb(row) exposes field] ; database/037_level3_independent_audit_closure.sql:L74@act6_13_capture_s6_transition[OLD.field trigger reference] ; database/043_sprint7_teacher_console.sql:L36@s7_get_teacher_console[SELECT * INTO row] ; database/043_sprint7_teacher_console.sql:L51@s7_get_teacher_console[qualified/rowtype field reference] ; database/043_sprint7_teacher_console.sql:L55@s7_get_teacher_console[qualified/rowtype field reference] ; database/044_sprint7_focused_level1_corrections.sql:L25@s7_get_teacher_console[SELECT * INTO row] ; database/044_sprint7_focused_level1_corrections.sql:L41@s7_get_teacher_console[qualified/rowtype field reference] ; database/046_sprint8_act14_finalization_export.sql:L34@s8_finalize[SELECT * INTO row] ; database/048_sprint8_focused_level1_corrections.sql:L33@s8_finalize[SELECT * INTO row] ; database/049_sprint8_final_closure.sql:L74@s8_verify_integrity[SELECT * INTO row] ; database/054_level3_integrated_closure.sql:L129@s8_verify_integrity[SELECT * INTO row] ; database/065_package_b_player_wait_projection.sql:L11@s9_get_player_wait_state[qualified/rowtype field reference] ; database/065_package_b_player_wait_projection.sql:L12@s9_get_player_wait_state[qualified/rowtype field reference] ; database/065_package_b_player_wait_projection.sql:L15@s9_get_player_wait_state[qualified/rowtype field reference] ; database/065_package_b_player_wait_projection.sql:L9@s9_get_player_wait_state[SELECT * INTO row] ; database/066_package_b_wait_projection_locked_at_fix.sql:L11@s9_get_player_wait_state[qualified/rowtype field reference] ; database/066_package_b_wait_projection_locked_at_fix.sql:L12@s9_get_player_wait_state[qualified/rowtype field reference] ; database/066_package_b_wait_projection_locked_at_fix.sql:L15@s9_get_player_wait_state[qualified/rowtype field reference] ; database/066_package_b_wait_projection_locked_at_fix.sql:L9@s9_get_player_wait_state[SELECT * INTO row] ; database/067_package_b_allocation_progress_fix.sql:L11@s9_get_player_wait_state[qualified/rowtype field reference] ; database/067_package_b_allocation_progress_fix.sql:L15@s9_get_player_wait_state[qualified/rowtype field reference] ; database/067_package_b_allocation_progress_fix.sql:L19@s9_get_player_wait_state[qualified/rowtype field reference] ; database/067_package_b_allocation_progress_fix.sql:L9@s9_get_player_wait_state[SELECT * INTO row],0,,0,,2,database/037_level3_independent_audit_closure.sql:L74@act6_13_capture_s6_transition[NEW.field trigger reference; read/write not mechanically determined] ; database/037_level3_independent_audit_closure.sql:L76@act6_13_capture_s6_transition[NEW.field trigger reference; read/write not mechanically determined]
F0377,s6_run_state#06,s6_run_state,red_activated,6,1,YES,6,database/033_sprint6_act9_13_runtime.sql:L46@s6_submit_group_choice[UPDATE SET]{DIRECT_OR_COMPUTED} ; database/033_sprint6_act9_13_runtime.sql:L47@s6_submit_group_choice[UPDATE SET]{DIRECT_OR_COMPUTED} ; database/034_sprint6_contract_hardening.sql:L16@s6_submit_group_choice[UPDATE SET]{DIRECT_OR_COMPUTED} ; database/034_sprint6_contract_hardening.sql:L17@s6_submit_group_choice[UPDATE SET]{DIRECT_OR_COMPUTED} ; database/035_sprint6_focused_audit_corrections.sql:L52@s6_submit_group_choice_guarded[UPDATE SET]{DIRECT_OR_COMPUTED} ; database/035_sprint6_focused_audit_corrections.sql:L53@s6_submit_group_choice_guarded[UPDATE SET]{DIRECT_OR_COMPUTED},16,database/033_sprint6_act9_13_runtime.sql:L57@s6_get_player_state[to_jsonb(row) exposes field] ; database/034_sprint6_contract_hardening.sql:L25@s6_get_player_state[to_jsonb(row) exposes field] ; database/035_sprint6_focused_audit_corrections.sql:L72@s6_get_player_state[to_jsonb(row) exposes field] ; database/036_sprint6_four_open_findings.sql:L29@s6_get_player_state[to_jsonb(row) exposes field] ; database/037_level3_independent_audit_closure.sql:L144@s6_refresh_owned_discussion[SELECT * INTO row] ; database/037_level3_independent_audit_closure.sql:L179@s6_get_player_state[to_jsonb(row) exposes field] ; database/043_sprint7_teacher_console.sql:L36@s7_get_teacher_console[SELECT * INTO row] ; database/044_sprint7_focused_level1_corrections.sql:L25@s7_get_teacher_console[SELECT * INTO row] ; database/046_sprint8_act14_finalization_export.sql:L34@s8_finalize[SELECT * INTO row] ; database/048_sprint8_focused_level1_corrections.sql:L33@s8_finalize[SELECT * INTO row] ; database/049_sprint8_final_closure.sql:L119@s8_verify_integrity[qualified/rowtype field reference] ; database/049_sprint8_final_closure.sql:L74@s8_verify_integrity[SELECT * INTO row] ; database/054_level3_integrated_closure.sql:L129@s8_verify_integrity[SELECT * INTO row] ; database/065_package_b_player_wait_projection.sql:L9@s9_get_player_wait_state[SELECT * INTO row] ; database/066_package_b_wait_projection_locked_at_fix.sql:L9@s9_get_player_wait_state[SELECT * INTO row] ; database/067_package_b_allocation_progress_fix.sql:L9@s9_get_player_wait_state[SELECT * INTO row],0,,0,,0,
F0378,s6_run_state#07,s6_run_state,blue_activated,7,1,YES,6,database/033_sprint6_act9_13_runtime.sql:L46@s6_submit_group_choice[UPDATE SET]{DIRECT_OR_COMPUTED} ; database/033_sprint6_act9_13_runtime.sql:L47@s6_submit_group_choice[UPDATE SET]{DERIVED_OR_COPY} ; database/034_sprint6_contract_hardening.sql:L16@s6_submit_group_choice[UPDATE SET]{DIRECT_OR_COMPUTED} ; database/034_sprint6_contract_hardening.sql:L17@s6_submit_group_choice[UPDATE SET]{DERIVED_OR_COPY} ; database/035_sprint6_focused_audit_corrections.sql:L52@s6_submit_group_choice_guarded[UPDATE SET]{DIRECT_OR_COMPUTED} ; database/035_sprint6_focused_audit_corrections.sql:L53@s6_submit_group_choice_guarded[UPDATE SET]{DERIVED_OR_COPY},16,database/033_sprint6_act9_13_runtime.sql:L57@s6_get_player_state[to_jsonb(row) exposes field] ; database/034_sprint6_contract_hardening.sql:L25@s6_get_player_state[to_jsonb(row) exposes field] ; database/035_sprint6_focused_audit_corrections.sql:L72@s6_get_player_state[to_jsonb(row) exposes field] ; database/036_sprint6_four_open_findings.sql:L29@s6_get_player_state[to_jsonb(row) exposes field] ; database/037_level3_independent_audit_closure.sql:L144@s6_refresh_owned_discussion[SELECT * INTO row] ; database/037_level3_independent_audit_closure.sql:L179@s6_get_player_state[to_jsonb(row) exposes field] ; database/043_sprint7_teacher_console.sql:L36@s7_get_teacher_console[SELECT * INTO row] ; database/044_sprint7_focused_level1_corrections.sql:L25@s7_get_teacher_console[SELECT * INTO row] ; database/046_sprint8_act14_finalization_export.sql:L34@s8_finalize[SELECT * INTO row] ; database/048_sprint8_focused_level1_corrections.sql:L33@s8_finalize[SELECT * INTO row] ; database/049_sprint8_final_closure.sql:L119@s8_verify_integrity[qualified/rowtype field reference] ; database/049_sprint8_final_closure.sql:L74@s8_verify_integrity[SELECT * INTO row] ; database/054_level3_integrated_closure.sql:L129@s8_verify_integrity[SELECT * INTO row] ; database/065_package_b_player_wait_projection.sql:L9@s9_get_player_wait_state[SELECT * INTO row] ; database/066_package_b_wait_projection_locked_at_fix.sql:L9@s9_get_player_wait_state[SELECT * INTO row] ; database/067_package_b_allocation_progress_fix.sql:L9@s9_get_player_wait_state[SELECT * INTO row],0,,0,,0,
F0379,s6_run_state#08,s6_run_state,gold_key,8,1,YES,3,database/033_sprint6_act9_13_runtime.sql:L43@s6_submit_group_choice[UPDATE SET]{DIRECT_OR_COMPUTED} ; database/034_sprint6_contract_hardening.sql:L13@s6_submit_group_choice[UPDATE SET]{DIRECT_OR_COMPUTED} ; database/035_sprint6_focused_audit_corrections.sql:L49@s6_submit_group_choice_guarded[UPDATE SET]{DIRECT_OR_COMPUTED},25,database/033_sprint6_act9_13_runtime.sql:L53@s6_submit_allocation[qualified/rowtype field reference] ; database/033_sprint6_act9_13_runtime.sql:L57@s6_get_player_state[to_jsonb(row) exposes field] ; database/034_sprint6_contract_hardening.sql:L22@s6_submit_allocation[qualified/rowtype field reference] ; database/034_sprint6_contract_hardening.sql:L23@s6_submit_allocation[qualified/rowtype field reference] ; database/034_sprint6_contract_hardening.sql:L25@s6_get_player_state[to_jsonb(row) exposes field] ; database/035_sprint6_focused_audit_corrections.sql:L59@s6_advance_guarded[qualified/rowtype field reference] ; database/035_sprint6_focused_audit_corrections.sql:L61@s6_submit_allocation_guarded[qualified/rowtype field reference] ; database/035_sprint6_focused_audit_corrections.sql:L69@s6_tick_cinematic[qualified/rowtype field reference] ; database/035_sprint6_focused_audit_corrections.sql:L72@s6_get_player_state[to_jsonb(row) exposes field] ; database/036_sprint6_four_open_findings.sql:L23@s6_advance_v2[qualified/rowtype field reference] ; database/036_sprint6_four_open_findings.sql:L27@s6_tick_cinematic[qualified/rowtype field reference] ; database/036_sprint6_four_open_findings.sql:L29@s6_get_player_state[to_jsonb(row) exposes field] ; database/037_level3_independent_audit_closure.sql:L144@s6_refresh_owned_discussion[SELECT * INTO row] ; database/037_level3_independent_audit_closure.sql:L179@s6_get_player_state[to_jsonb(row) exposes field] ; database/043_sprint7_teacher_console.sql:L36@s7_get_teacher_console[SELECT * INTO row] ; database/044_sprint7_focused_level1_corrections.sql:L25@s7_get_teacher_console[SELECT * INTO row] ; database/046_sprint8_act14_finalization_export.sql:L34@s8_finalize[SELECT * INTO row] ; database/048_sprint8_focused_level1_corrections.sql:L33@s8_finalize[SELECT * INTO row] ; database/049_sprint8_final_closure.sql:L125@s8_verify_integrity[qualified/rowtype field reference] ; database/049_sprint8_final_closure.sql:L74@s8_verify_integrity[SELECT * INTO row] ; database/054_level3_integrated_closure.sql:L129@s8_verify_integrity[SELECT * INTO row] ; database/054_level3_integrated_closure.sql:L145@s8_verify_integrity[qualified/rowtype field reference] ; database/065_package_b_player_wait_projection.sql:L9@s9_get_player_wait_state[SELECT * INTO row] ; database/066_package_b_wait_projection_locked_at_fix.sql:L9@s9_get_player_wait_state[SELECT * INTO row] ; database/067_package_b_allocation_progress_fix.sql:L9@s9_get_player_wait_state[SELECT * INTO row],4,MEDIUM:src/game/app.js:L451@mainGateOverlayHtml[property-name reference] ; MEDIUM:src/game/app.js:L458@mainGateLegendHtml[property-name reference] ; MEDIUM:src/game/app.js:L461@renderSprint6[property-name reference] ; MEDIUM:tests/sprint5-live-e2e.js:L18@sprint6[property-name reference],1,WRITE:tests/sprint8-final-closure-integrity-transaction.sql:L184@TEST_SQL[UPDATE SET in test]{TEST_WRITE},0,
F0380,s6_run_state#09,s6_run_state,alarm_active,9,1,YES,3,database/033_sprint6_act9_13_runtime.sql:L43@s6_submit_group_choice[UPDATE SET]{DIRECT_OR_COMPUTED} ; database/034_sprint6_contract_hardening.sql:L13@s6_submit_group_choice[UPDATE SET]{DIRECT_OR_COMPUTED} ; database/035_sprint6_focused_audit_corrections.sql:L49@s6_submit_group_choice_guarded[UPDATE SET]{DIRECT_OR_COMPUTED},16,database/033_sprint6_act9_13_runtime.sql:L57@s6_get_player_state[to_jsonb(row) exposes field] ; database/034_sprint6_contract_hardening.sql:L25@s6_get_player_state[to_jsonb(row) exposes field] ; database/035_sprint6_focused_audit_corrections.sql:L72@s6_get_player_state[to_jsonb(row) exposes field] ; database/036_sprint6_four_open_findings.sql:L29@s6_get_player_state[to_jsonb(row) exposes field] ; database/037_level3_independent_audit_closure.sql:L144@s6_refresh_owned_discussion[SELECT * INTO row] ; database/037_level3_independent_audit_closure.sql:L179@s6_get_player_state[to_jsonb(row) exposes field] ; database/043_sprint7_teacher_console.sql:L36@s7_get_teacher_console[SELECT * INTO row] ; database/044_sprint7_focused_level1_corrections.sql:L25@s7_get_teacher_console[SELECT * INTO row] ; database/046_sprint8_act14_finalization_export.sql:L34@s8_finalize[SELECT * INTO row] ; database/048_sprint8_focused_level1_corrections.sql:L33@s8_finalize[SELECT * INTO row] ; database/049_sprint8_final_closure.sql:L125@s8_verify_integrity[qualified/rowtype field reference] ; database/049_sprint8_final_closure.sql:L74@s8_verify_integrity[SELECT * INTO row] ; database/054_level3_integrated_closure.sql:L129@s8_verify_integrity[SELECT * INTO row] ; database/065_package_b_player_wait_projection.sql:L9@s9_get_player_wait_state[SELECT * INTO row] ; database/066_package_b_wait_projection_locked_at_fix.sql:L9@s9_get_player_wait_state[SELECT * INTO row] ; database/067_package_b_allocation_progress_fix.sql:L9@s9_get_player_wait_state[SELECT * INTO row],1,MEDIUM:tests/sprint5-live-e2e.js:L18@sprint6[property-name reference],1,WRITE:tests/sprint8-final-closure-integrity-transaction.sql:L184@TEST_SQL[UPDATE SET in test]{TEST_WRITE},0,
F0381,s6_run_state#10,s6_run_state,station_c_bypassed,10,1,YES,3,database/033_sprint6_act9_13_runtime.sql:L43@s6_submit_group_choice[UPDATE SET]{DIRECT_OR_COMPUTED} ; database/034_sprint6_contract_hardening.sql:L13@s6_submit_group_choice[UPDATE SET]{DIRECT_OR_COMPUTED} ; database/035_sprint6_focused_audit_corrections.sql:L49@s6_submit_group_choice_guarded[UPDATE SET]{DIRECT_OR_COMPUTED},19,database/033_sprint6_act9_13_runtime.sql:L57@s6_get_player_state[to_jsonb(row) exposes field] ; database/034_sprint6_contract_hardening.sql:L25@s6_get_player_state[to_jsonb(row) exposes field] ; database/035_sprint6_focused_audit_corrections.sql:L72@s6_get_player_state[to_jsonb(row) exposes field] ; database/036_sprint6_four_open_findings.sql:L29@s6_get_player_state[to_jsonb(row) exposes field] ; database/037_level3_independent_audit_closure.sql:L144@s6_refresh_owned_discussion[SELECT * INTO row] ; database/037_level3_independent_audit_closure.sql:L179@s6_get_player_state[to_jsonb(row) exposes field] ; database/043_sprint7_teacher_console.sql:L36@s7_get_teacher_console[SELECT * INTO row] ; database/044_sprint7_focused_level1_corrections.sql:L25@s7_get_teacher_console[SELECT * INTO row] ; database/046_sprint8_act14_finalization_export.sql:L34@s8_finalize[SELECT * INTO row] ; database/046_sprint8_act14_finalization_export.sql:L51@s8_finalize[qualified/rowtype field reference] ; database/048_sprint8_focused_level1_corrections.sql:L33@s8_finalize[SELECT * INTO row] ; database/048_sprint8_focused_level1_corrections.sql:L67@s8_finalize[qualified/rowtype field reference] ; database/049_sprint8_final_closure.sql:L125@s8_verify_integrity[qualified/rowtype field reference] ; database/049_sprint8_final_closure.sql:L132@s8_verify_integrity[qualified/rowtype field reference] ; database/049_sprint8_final_closure.sql:L74@s8_verify_integrity[SELECT * INTO row] ; database/054_level3_integrated_closure.sql:L129@s8_verify_integrity[SELECT * INTO row] ; database/065_package_b_player_wait_projection.sql:L9@s9_get_player_wait_state[SELECT * INTO row] ; database/066_package_b_wait_projection_locked_at_fix.sql:L9@s9_get_player_wait_state[SELECT * INTO row] ; database/067_package_b_allocation_progress_fix.sql:L9@s9_get_player_wait_state[SELECT * INTO row],1,MEDIUM:tests/sprint5-live-e2e.js:L18@sprint6[property-name reference],1,WRITE:tests/sprint8-final-closure-integrity-transaction.sql:L184@TEST_SQL[UPDATE SET in test]{TEST_WRITE},0,
F0382,s6_run_state#11,s6_run_state,danger_arrives_sooner,11,1,YES,3,database/033_sprint6_act9_13_runtime.sql:L43@s6_submit_group_choice[UPDATE SET]{DIRECT_OR_COMPUTED} ; database/034_sprint6_contract_hardening.sql:L13@s6_submit_group_choice[UPDATE SET]{DIRECT_OR_COMPUTED} ; database/035_sprint6_focused_audit_corrections.sql:L49@s6_submit_group_choice_guarded[UPDATE SET]{DIRECT_OR_COMPUTED},15,database/033_sprint6_act9_13_runtime.sql:L57@s6_get_player_state[to_jsonb(row) exposes field] ; database/034_sprint6_contract_hardening.sql:L25@s6_get_player_state[to_jsonb(row) exposes field] ; database/035_sprint6_focused_audit_corrections.sql:L72@s6_get_player_state[to_jsonb(row) exposes field] ; database/036_sprint6_four_open_findings.sql:L29@s6_get_player_state[to_jsonb(row) exposes field] ; database/037_level3_independent_audit_closure.sql:L144@s6_refresh_owned_discussion[SELECT * INTO row] ; database/037_level3_independent_audit_closure.sql:L179@s6_get_player_state[to_jsonb(row) exposes field] ; database/043_sprint7_teacher_console.sql:L36@s7_get_teacher_console[SELECT * INTO row] ; database/044_sprint7_focused_level1_corrections.sql:L25@s7_get_teacher_console[SELECT * INTO row] ; database/046_sprint8_act14_finalization_export.sql:L34@s8_finalize[SELECT * INTO row] ; database/048_sprint8_focused_level1_corrections.sql:L33@s8_finalize[SELECT * INTO row] ; database/049_sprint8_final_closure.sql:L74@s8_verify_integrity[SELECT * INTO row] ; database/054_level3_integrated_closure.sql:L129@s8_verify_integrity[SELECT * INTO row] ; database/065_package_b_player_wait_projection.sql:L9@s9_get_player_wait_state[SELECT * INTO row] ; database/066_package_b_wait_projection_locked_at_fix.sql:L9@s9_get_player_wait_state[SELECT * INTO row] ; database/067_package_b_allocation_progress_fix.sql:L9@s9_get_player_wait_state[SELECT * INTO row],1,MEDIUM:tests/sprint5-live-e2e.js:L18@sprint6[property-name reference],0,,0,
F0383,s6_run_state#12,s6_run_state,allocation_valid,12,1,YES,3,database/033_sprint6_act9_13_runtime.sql:L53@s6_submit_allocation[UPDATE SET]{DIRECT_OR_COMPUTED} ; database/034_sprint6_contract_hardening.sql:L23@s6_submit_allocation[UPDATE SET]{DIRECT_OR_COMPUTED} ; database/035_sprint6_focused_audit_corrections.sql:L61@s6_submit_allocation_guarded[UPDATE SET]{DIRECT_OR_COMPUTED},15,database/033_sprint6_act9_13_runtime.sql:L57@s6_get_player_state[to_jsonb(row) exposes field] ; database/034_sprint6_contract_hardening.sql:L25@s6_get_player_state[to_jsonb(row) exposes field] ; database/035_sprint6_focused_audit_corrections.sql:L72@s6_get_player_state[to_jsonb(row) exposes field] ; database/036_sprint6_four_open_findings.sql:L29@s6_get_player_state[to_jsonb(row) exposes field] ; database/037_level3_independent_audit_closure.sql:L144@s6_refresh_owned_discussion[SELECT * INTO row] ; database/037_level3_independent_audit_closure.sql:L179@s6_get_player_state[to_jsonb(row) exposes field] ; database/043_sprint7_teacher_console.sql:L36@s7_get_teacher_console[SELECT * INTO row] ; database/044_sprint7_focused_level1_corrections.sql:L25@s7_get_teacher_console[SELECT * INTO row] ; database/046_sprint8_act14_finalization_export.sql:L34@s8_finalize[SELECT * INTO row] ; database/048_sprint8_focused_level1_corrections.sql:L33@s8_finalize[SELECT * INTO row] ; database/049_sprint8_final_closure.sql:L74@s8_verify_integrity[SELECT * INTO row] ; database/054_level3_integrated_closure.sql:L129@s8_verify_integrity[SELECT * INTO row] ; database/065_package_b_player_wait_projection.sql:L9@s9_get_player_wait_state[SELECT * INTO row] ; database/066_package_b_wait_projection_locked_at_fix.sql:L9@s9_get_player_wait_state[SELECT * INTO row] ; database/067_package_b_allocation_progress_fix.sql:L9@s9_get_player_wait_state[SELECT * INTO row],1,MEDIUM:tests/sprint5-live-e2e.js:L18@sprint6[property-name reference],0,,0,
F0384,s6_run_state#13,s6_run_state,mechanism_failure_station,13,1,YES,3,database/033_sprint6_act9_13_runtime.sql:L55@s6_engage[UPDATE SET]{DIRECT_OR_COMPUTED} ; database/035_sprint6_focused_audit_corrections.sql:L65@s6_engage[UPDATE SET]{DIRECT_OR_COMPUTED} ; database/035_sprint6_focused_audit_corrections.sql:L67@s6_engage_guarded[UPDATE SET]{DIRECT_OR_COMPUTED},17,database/033_sprint6_act9_13_runtime.sql:L57@s6_get_player_state[to_jsonb(row) exposes field] ; database/034_sprint6_contract_hardening.sql:L19@s6_submit_private_choice[qualified/rowtype field reference] ; database/034_sprint6_contract_hardening.sql:L25@s6_get_player_state[to_jsonb(row) exposes field] ; database/035_sprint6_focused_audit_corrections.sql:L57@s6_submit_private_choice_guarded[qualified/rowtype field reference] ; database/035_sprint6_focused_audit_corrections.sql:L72@s6_get_player_state[to_jsonb(row) exposes field] ; database/036_sprint6_four_open_findings.sql:L29@s6_get_player_state[to_jsonb(row) exposes field] ; database/037_level3_independent_audit_closure.sql:L144@s6_refresh_owned_discussion[SELECT * INTO row] ; database/037_level3_independent_audit_closure.sql:L179@s6_get_player_state[to_jsonb(row) exposes field] ; database/043_sprint7_teacher_console.sql:L36@s7_get_teacher_console[SELECT * INTO row] ; database/044_sprint7_focused_level1_corrections.sql:L25@s7_get_teacher_console[SELECT * INTO row] ; database/046_sprint8_act14_finalization_export.sql:L34@s8_finalize[SELECT * INTO row] ; database/048_sprint8_focused_level1_corrections.sql:L33@s8_finalize[SELECT * INTO row] ; database/049_sprint8_final_closure.sql:L74@s8_verify_integrity[SELECT * INTO row] ; database/054_level3_integrated_closure.sql:L129@s8_verify_integrity[SELECT * INTO row] ; database/065_package_b_player_wait_projection.sql:L9@s9_get_player_wait_state[SELECT * INTO row] ; database/066_package_b_wait_projection_locked_at_fix.sql:L9@s9_get_player_wait_state[SELECT * INTO row] ; database/067_package_b_allocation_progress_fix.sql:L9@s9_get_player_wait_state[SELECT * INTO row],3,MEDIUM:src/game/app.js:L461@renderSprint6[property-name reference] ; MEDIUM:tests/level3-closure-live-e2e.js:L116@completeSprint6[property-name reference] ; MEDIUM:tests/sprint5-live-e2e.js:L18@sprint6[property-name reference],0,,0,
F0385,s6_run_state#14,s6_run_state,mechanism_failure_active,14,1,YES,7,database/033_sprint6_act9_13_runtime.sql:L49@s6_submit_private_choice[UPDATE SET]{DIRECT_OR_COMPUTED} ; database/033_sprint6_act9_13_runtime.sql:L55@s6_engage[UPDATE SET]{DIRECT_OR_COMPUTED} ; database/034_sprint6_contract_hardening.sql:L20@s6_submit_private_choice[UPDATE SET]{DIRECT_OR_COMPUTED} ; database/035_sprint6_focused_audit_corrections.sql:L65@s6_engage[UPDATE SET]{DIRECT_OR_COMPUTED} ; database/035_sprint6_focused_audit_corrections.sql:L67@s6_engage_guarded[UPDATE SET]{DIRECT_OR_COMPUTED} ; database/035_sprint6_focused_audit_corrections.sql:L69@s6_tick_cinematic[UPDATE SET]{DIRECT_OR_COMPUTED} ; database/036_sprint6_four_open_findings.sql:L27@s6_tick_cinematic[UPDATE SET]{DIRECT_OR_COMPUTED},19,database/033_sprint6_act9_13_runtime.sql:L55@s6_engage[qualified/rowtype field reference] ; database/033_sprint6_act9_13_runtime.sql:L57@s6_get_player_state[to_jsonb(row) exposes field] ; database/034_sprint6_contract_hardening.sql:L25@s6_get_player_state[to_jsonb(row) exposes field] ; database/035_sprint6_focused_audit_corrections.sql:L72@s6_get_player_state[to_jsonb(row) exposes field] ; database/036_sprint6_four_open_findings.sql:L29@s6_get_player_state[to_jsonb(row) exposes field] ; database/037_level3_independent_audit_closure.sql:L144@s6_refresh_owned_discussion[SELECT * INTO row] ; database/037_level3_independent_audit_closure.sql:L179@s6_get_player_state[to_jsonb(row) exposes field] ; database/043_sprint7_teacher_console.sql:L36@s7_get_teacher_console[SELECT * INTO row] ; database/044_sprint7_focused_level1_corrections.sql:L25@s7_get_teacher_console[SELECT * INTO row] ; database/046_sprint8_act14_finalization_export.sql:L34@s8_finalize[SELECT * INTO row] ; database/046_sprint8_act14_finalization_export.sql:L35@s8_finalize[qualified/rowtype field reference] ; database/048_sprint8_focused_level1_corrections.sql:L33@s8_finalize[SELECT * INTO row] ; database/048_sprint8_focused_level1_corrections.sql:L34@s8_finalize[qualified/rowtype field reference] ; database/049_sprint8_final_closure.sql:L137@s8_verify_integrity[qualified/rowtype field reference] ; database/049_sprint8_final_closure.sql:L74@s8_verify_integrity[SELECT * INTO row] ; database/054_level3_integrated_closure.sql:L129@s8_verify_integrity[SELECT * INTO row] ; database/065_package_b_player_wait_projection.sql:L9@s9_get_player_wait_state[SELECT * INTO row] ; database/066_package_b_wait_projection_locked_at_fix.sql:L9@s9_get_player_wait_state[SELECT * INTO row] ; database/067_package_b_allocation_progress_fix.sql:L9@s9_get_player_wait_state[SELECT * INTO row],1,MEDIUM:tests/sprint5-live-e2e.js:L18@sprint6[property-name reference],0,,0,
F0386,s6_run_state#15,s6_run_state,failure_resolution,15,1,YES,8,database/033_sprint6_act9_13_runtime.sql:L49@s6_submit_private_choice[UPDATE SET]{DIRECT_OR_COMPUTED} ; database/033_sprint6_act9_13_runtime.sql:L55@s6_engage[UPDATE SET]{DIRECT_OR_COMPUTED} ; database/034_sprint6_contract_hardening.sql:L20@s6_submit_private_choice[UPDATE SET]{DIRECT_OR_COMPUTED} ; database/035_sprint6_focused_audit_corrections.sql:L57@s6_submit_private_choice_guarded[UPDATE SET]{DIRECT_OR_COMPUTED} ; database/035_sprint6_focused_audit_corrections.sql:L65@s6_engage[UPDATE SET]{DIRECT_OR_COMPUTED} ; database/035_sprint6_focused_audit_corrections.sql:L67@s6_engage_guarded[UPDATE SET]{DIRECT_OR_COMPUTED} ; database/035_sprint6_focused_audit_corrections.sql:L69@s6_tick_cinematic[UPDATE SET]{DIRECT_OR_COMPUTED} ; database/036_sprint6_four_open_findings.sql:L27@s6_tick_cinematic[UPDATE SET]{DIRECT_OR_COMPUTED},15,database/033_sprint6_act9_13_runtime.sql:L57@s6_get_player_state[to_jsonb(row) exposes field] ; database/034_sprint6_contract_hardening.sql:L25@s6_get_player_state[to_jsonb(row) exposes field] ; database/035_sprint6_focused_audit_corrections.sql:L72@s6_get_player_state[to_jsonb(row) exposes field] ; database/036_sprint6_four_open_findings.sql:L29@s6_get_player_state[to_jsonb(row) exposes field] ; database/037_level3_independent_audit_closure.sql:L144@s6_refresh_owned_discussion[SELECT * INTO row] ; database/037_level3_independent_audit_closure.sql:L179@s6_get_player_state[to_jsonb(row) exposes field] ; database/043_sprint7_teacher_console.sql:L36@s7_get_teacher_console[SELECT * INTO row] ; database/044_sprint7_focused_level1_corrections.sql:L25@s7_get_teacher_console[SELECT * INTO row] ; database/046_sprint8_act14_finalization_export.sql:L34@s8_finalize[SELECT * INTO row] ; database/048_sprint8_focused_level1_corrections.sql:L33@s8_finalize[SELECT * INTO row] ; database/049_sprint8_final_closure.sql:L74@s8_verify_integrity[SELECT * INTO row] ; database/054_level3_integrated_closure.sql:L129@s8_verify_integrity[SELECT * INTO row] ; database/065_package_b_player_wait_projection.sql:L9@s9_get_player_wait_state[SELECT * INTO row] ; database/066_package_b_wait_projection_locked_at_fix.sql:L9@s9_get_player_wait_state[SELECT * INTO row] ; database/067_package_b_allocation_progress_fix.sql:L9@s9_get_player_wait_state[SELECT * INTO row],1,MEDIUM:tests/sprint5-live-e2e.js:L18@sprint6[property-name reference],0,,0,
F0387,s6_run_state#16,s6_run_state,escape_success,16,1,YES,4,database/033_sprint6_act9_13_runtime.sql:L49@s6_submit_private_choice[UPDATE SET]{DIRECT_OR_COMPUTED} ; database/034_sprint6_contract_hardening.sql:L20@s6_submit_private_choice[UPDATE SET]{DIRECT_OR_COMPUTED} ; database/035_sprint6_focused_audit_corrections.sql:L69@s6_tick_cinematic[UPDATE SET]{DIRECT_OR_COMPUTED} ; database/036_sprint6_four_open_findings.sql:L27@s6_tick_cinematic[UPDATE SET]{DIRECT_OR_COMPUTED},20,database/033_sprint6_act9_13_runtime.sql:L51@s6_advance[qualified/rowtype field reference] ; database/033_sprint6_act9_13_runtime.sql:L57@s6_get_player_state[to_jsonb(row) exposes field] ; database/034_sprint6_contract_hardening.sql:L25@s6_get_player_state[to_jsonb(row) exposes field] ; database/035_sprint6_focused_audit_corrections.sql:L59@s6_advance_guarded[qualified/rowtype field reference] ; database/035_sprint6_focused_audit_corrections.sql:L72@s6_get_player_state[to_jsonb(row) exposes field] ; database/036_sprint6_four_open_findings.sql:L29@s6_get_player_state[to_jsonb(row) exposes field] ; database/037_level3_independent_audit_closure.sql:L144@s6_refresh_owned_discussion[SELECT * INTO row] ; database/037_level3_independent_audit_closure.sql:L179@s6_get_player_state[to_jsonb(row) exposes field] ; database/043_sprint7_teacher_console.sql:L36@s7_get_teacher_console[SELECT * INTO row] ; database/044_sprint7_focused_level1_corrections.sql:L25@s7_get_teacher_console[SELECT * INTO row] ; database/046_sprint8_act14_finalization_export.sql:L34@s8_finalize[SELECT * INTO row] ; database/046_sprint8_act14_finalization_export.sql:L35@s8_finalize[qualified/rowtype field reference] ; database/048_sprint8_focused_level1_corrections.sql:L33@s8_finalize[SELECT * INTO row] ; database/048_sprint8_focused_level1_corrections.sql:L34@s8_finalize[qualified/rowtype field reference] ; database/049_sprint8_final_closure.sql:L137@s8_verify_integrity[qualified/rowtype field reference] ; database/049_sprint8_final_closure.sql:L74@s8_verify_integrity[SELECT * INTO row] ; database/054_level3_integrated_closure.sql:L129@s8_verify_integrity[SELECT * INTO row] ; database/065_package_b_player_wait_projection.sql:L9@s9_get_player_wait_state[SELECT * INTO row] ; database/066_package_b_wait_projection_locked_at_fix.sql:L9@s9_get_player_wait_state[SELECT * INTO row] ; database/067_package_b_allocation_progress_fix.sql:L9@s9_get_player_wait_state[SELECT * INTO row],1,MEDIUM:tests/sprint5-live-e2e.js:L18@sprint6[property-name reference],0,,0,
F0388,s6_run_state#17,s6_run_state,act14_boundary_reached,17,1,YES,2,database/033_sprint6_act9_13_runtime.sql:L51@s6_advance[UPDATE SET]{DIRECT_OR_COMPUTED} ; database/035_sprint6_focused_audit_corrections.sql:L59@s6_advance_guarded[UPDATE SET]{DIRECT_OR_COMPUTED},18,database/033_sprint6_act9_13_runtime.sql:L57@s6_get_player_state[to_jsonb(row) exposes field] ; database/034_sprint6_contract_hardening.sql:L25@s6_get_player_state[to_jsonb(row) exposes field] ; database/035_sprint6_focused_audit_corrections.sql:L72@s6_get_player_state[to_jsonb(row) exposes field] ; database/036_sprint6_four_open_findings.sql:L29@s6_get_player_state[to_jsonb(row) exposes field] ; database/037_level3_independent_audit_closure.sql:L144@s6_refresh_owned_discussion[SELECT * INTO row] ; database/037_level3_independent_audit_closure.sql:L179@s6_get_player_state[to_jsonb(row) exposes field] ; database/043_sprint7_teacher_console.sql:L36@s7_get_teacher_console[SELECT * INTO row] ; database/044_sprint7_focused_level1_corrections.sql:L25@s7_get_teacher_console[SELECT * INTO row] ; database/046_sprint8_act14_finalization_export.sql:L34@s8_finalize[SELECT * INTO row] ; database/046_sprint8_act14_finalization_export.sql:L35@s8_finalize[qualified/rowtype field reference] ; database/048_sprint8_focused_level1_corrections.sql:L33@s8_finalize[SELECT * INTO row] ; database/048_sprint8_focused_level1_corrections.sql:L34@s8_finalize[qualified/rowtype field reference] ; database/049_sprint8_final_closure.sql:L137@s8_verify_integrity[qualified/rowtype field reference] ; database/049_sprint8_final_closure.sql:L74@s8_verify_integrity[SELECT * INTO row] ; database/054_level3_integrated_closure.sql:L129@s8_verify_integrity[SELECT * INTO row] ; database/065_package_b_player_wait_projection.sql:L9@s9_get_player_wait_state[SELECT * INTO row] ; database/066_package_b_wait_projection_locked_at_fix.sql:L9@s9_get_player_wait_state[SELECT * INTO row] ; database/067_package_b_allocation_progress_fix.sql:L9@s9_get_player_wait_state[SELECT * INTO row],2,MEDIUM:tests/sprint5-live-e2e.js:L18@sprint6[property-name reference] ; MEDIUM:tests/sprint8-final-closure-live-e2e.js:L91@main[property-name reference],1,WRITE:tests/sprint8-final-closure-integrity-transaction.sql:L212@TEST_SQL[UPDATE SET in test]{TEST_WRITE},0,
F0389,s6_run_state#18,s6_run_state,updated_at,18,7,NO,31,database/033_sprint6_act9_13_runtime.sql:L35@s6_open_act9_console[UPDATE SET]{DIRECT_OR_COMPUTED} ; database/033_sprint6_act9_13_runtime.sql:L41@s6_submit_group_choice[UPDATE SET]{DIRECT_OR_COMPUTED} ; database/033_sprint6_act9_13_runtime.sql:L43@s6_submit_group_choice[UPDATE SET]{DIRECT_OR_COMPUTED} ; database/033_sprint6_act9_13_runtime.sql:L46@s6_submit_group_choice[UPDATE SET]{DIRECT_OR_COMPUTED} ; database/033_sprint6_act9_13_runtime.sql:L47@s6_submit_group_choice[UPDATE SET]{DIRECT_OR_COMPUTED} ; database/033_sprint6_act9_13_runtime.sql:L55@s6_engage[UPDATE SET]{DIRECT_OR_COMPUTED} ; database/034_sprint6_contract_hardening.sql:L11@s6_submit_group_choice[UPDATE SET]{DIRECT_OR_COMPUTED} ; database/034_sprint6_contract_hardening.sql:L13@s6_submit_group_choice[UPDATE SET]{DIRECT_OR_COMPUTED} ; database/034_sprint6_contract_hardening.sql:L15@s6_submit_group_choice[UPDATE SET]{DIRECT_OR_COMPUTED} ; database/034_sprint6_contract_hardening.sql:L16@s6_submit_group_choice[UPDATE SET]{DIRECT_OR_COMPUTED} ; database/034_sprint6_contract_hardening.sql:L17@s6_submit_group_choice[UPDATE SET]{DIRECT_OR_COMPUTED} ; database/034_sprint6_contract_hardening.sql:L20@s6_submit_private_choice[UPDATE SET]{DIRECT_OR_COMPUTED} ; database/034_sprint6_contract_hardening.sql:L23@s6_submit_allocation[UPDATE SET]{DIRECT_OR_COMPUTED} ; database/035_sprint6_focused_audit_corrections.sql:L42@s6_close_discussion_guarded[UPDATE SET]{DIRECT_OR_COMPUTED} ; database/035_sprint6_focused_audit_corrections.sql:L47@s6_submit_group_choice_guarded[UPDATE SET]{DIRECT_OR_COMPUTED} ; database/035_sprint6_focused_audit_corrections.sql:L49@s6_submit_group_choice_guarded[UPDATE SET]{DIRECT_OR_COMPUTED} ; database/035_sprint6_focused_audit_corrections.sql:L51@s6_submit_group_choice_guarded[UPDATE SET]{DIRECT_OR_COMPUTED} ; database/035_sprint6_focused_audit_corrections.sql:L52@s6_submit_group_choice_guarded[UPDATE SET]{DIRECT_OR_COMPUTED} ; database/035_sprint6_focused_audit_corrections.sql:L53@s6_submit_group_choice_guarded[UPDATE SET]{DIRECT_OR_COMPUTED} ; database/035_sprint6_focused_audit_corrections.sql:L54@s6_submit_group_choice_guarded[UPDATE SET]{DIRECT_OR_COMPUTED} ; database/035_sprint6_focused_audit_corrections.sql:L57@s6_submit_private_choice_guarded[UPDATE SET]{DIRECT_OR_COMPUTED} ; database/035_sprint6_focused_audit_corrections.sql:L59@s6_advance_guarded[UPDATE SET]{DIRECT_OR_COMPUTED} ; database/035_sprint6_focused_audit_corrections.sql:L61@s6_submit_allocation_guarded[UPDATE SET]{DIRECT_OR_COMPUTED} ; database/035_sprint6_focused_audit_corrections.sql:L65@s6_engage[UPDATE SET]{DIRECT_OR_COMPUTED} ; database/035_sprint6_focused_audit_corrections.sql:L67@s6_engage_guarded[UPDATE SET]{DIRECT_OR_COMPUTED} ; database/035_sprint6_focused_audit_corrections.sql:L69@s6_tick_cinematic[UPDATE SET]{DIRECT_OR_COMPUTED} ; database/036_sprint6_four_open_findings.sql:L27@s6_tick_cinematic[UPDATE SET]{DIRECT_OR_COMPUTED} ; database/037_level3_independent_audit_closure.sql:L150@s6_refresh_owned_discussion[UPDATE SET]{DIRECT_OR_COMPUTED} ; database/046_sprint8_act14_finalization_export.sql:L55@s8_finalize[UPDATE SET]{DIRECT_OR_COMPUTED} ; database/048_sprint8_focused_level1_corrections.sql:L71@s8_finalize[UPDATE SET]{DIRECT_OR_COMPUTED} ; database/049_sprint8_final_closure.sql:L168@s8_finalize[UPDATE SET]{DIRECT_OR_COMPUTED},18,database/033_sprint6_act9_13_runtime.sql:L49@s6_submit_private_choice[qualified/rowtype field reference] ; database/033_sprint6_act9_13_runtime.sql:L57@s6_get_player_state[to_jsonb(row) exposes field] ; database/034_sprint6_contract_hardening.sql:L20@s6_submit_private_choice[qualified/rowtype field reference] ; database/034_sprint6_contract_hardening.sql:L25@s6_get_player_state[to_jsonb(row) exposes field] ; database/035_sprint6_focused_audit_corrections.sql:L57@s6_submit_private_choice_guarded[qualified/rowtype field reference] ; database/035_sprint6_focused_audit_corrections.sql:L72@s6_get_player_state[to_jsonb(row) exposes field] ; database/036_sprint6_four_open_findings.sql:L29@s6_get_player_state[to_jsonb(row) exposes field] ; database/037_level3_independent_audit_closure.sql:L144@s6_refresh_owned_discussion[SELECT * INTO row] ; database/037_level3_independent_audit_closure.sql:L179@s6_get_player_state[to_jsonb(row) exposes field] ; database/043_sprint7_teacher_console.sql:L36@s7_get_teacher_console[SELECT * INTO row] ; database/044_sprint7_focused_level1_corrections.sql:L25@s7_get_teacher_console[SELECT * INTO row] ; database/046_sprint8_act14_finalization_export.sql:L34@s8_finalize[SELECT * INTO row] ; database/048_sprint8_focused_level1_corrections.sql:L33@s8_finalize[SELECT * INTO row] ; database/049_sprint8_final_closure.sql:L74@s8_verify_integrity[SELECT * INTO row] ; database/054_level3_integrated_closure.sql:L129@s8_verify_integrity[SELECT * INTO row] ; database/065_package_b_player_wait_projection.sql:L9@s9_get_player_wait_state[SELECT * INTO row] ; database/066_package_b_wait_projection_locked_at_fix.sql:L9@s9_get_player_wait_state[SELECT * INTO row] ; database/067_package_b_allocation_progress_fix.sql:L9@s9_get_player_wait_state[SELECT * INTO row],0,,0,,0,
F0390,s6_run_state#19,s6_run_state,feedback_text_keys,19,1,YES,16,database/035_sprint6_focused_audit_corrections.sql:L42@s6_close_discussion_guarded[UPDATE SET]{DIRECT_OR_COMPUTED} ; database/035_sprint6_focused_audit_corrections.sql:L47@s6_submit_group_choice_guarded[UPDATE SET]{DIRECT_OR_COMPUTED} ; database/035_sprint6_focused_audit_corrections.sql:L49@s6_submit_group_choice_guarded[UPDATE SET]{DIRECT_OR_COMPUTED} ; database/035_sprint6_focused_audit_corrections.sql:L51@s6_submit_group_choice_guarded[UPDATE SET]{DIRECT_OR_COMPUTED} ; database/035_sprint6_focused_audit_corrections.sql:L52@s6_submit_group_choice_guarded[UPDATE SET]{DIRECT_OR_COMPUTED} ; database/035_sprint6_focused_audit_corrections.sql:L53@s6_submit_group_choice_guarded[UPDATE SET]{DIRECT_OR_COMPUTED} ; database/035_sprint6_focused_audit_corrections.sql:L54@s6_submit_group_choice_guarded[UPDATE SET]{DIRECT_OR_COMPUTED} ; database/035_sprint6_focused_audit_corrections.sql:L57@s6_submit_private_choice_guarded[UPDATE SET]{DIRECT_OR_COMPUTED} ; database/035_sprint6_focused_audit_corrections.sql:L59@s6_advance_guarded[UPDATE SET]{DIRECT_OR_COMPUTED} ; database/035_sprint6_focused_audit_corrections.sql:L61@s6_submit_allocation_guarded[UPDATE SET]{DIRECT_OR_COMPUTED} ; database/035_sprint6_focused_audit_corrections.sql:L65@s6_engage[UPDATE SET]{DIRECT_OR_COMPUTED} ; database/035_sprint6_focused_audit_corrections.sql:L67@s6_engage_guarded[UPDATE SET]{DIRECT_OR_COMPUTED} ; database/035_sprint6_focused_audit_corrections.sql:L69@s6_tick_cinematic[UPDATE SET]{DIRECT_OR_COMPUTED} ; database/036_sprint6_four_open_findings.sql:L23@s6_advance_v2[UPDATE SET]{DIRECT_OR_COMPUTED} ; database/036_sprint6_four_open_findings.sql:L27@s6_tick_cinematic[UPDATE SET]{DIRECT_OR_COMPUTED} ; database/037_level3_independent_audit_closure.sql:L150@s6_refresh_owned_discussion[UPDATE SET]{DIRECT_OR_COMPUTED},15,database/033_sprint6_act9_13_runtime.sql:L57@s6_get_player_state[to_jsonb(row) exposes field] ; database/034_sprint6_contract_hardening.sql:L25@s6_get_player_state[to_jsonb(row) exposes field] ; database/035_sprint6_focused_audit_corrections.sql:L72@s6_get_player_state[to_jsonb(row) exposes field] ; database/036_sprint6_four_open_findings.sql:L29@s6_get_player_state[to_jsonb(row) exposes field] ; database/037_level3_independent_audit_closure.sql:L144@s6_refresh_owned_discussion[SELECT * INTO row] ; database/037_level3_independent_audit_closure.sql:L179@s6_get_player_state[to_jsonb(row) exposes field] ; database/043_sprint7_teacher_console.sql:L36@s7_get_teacher_console[SELECT * INTO row] ; database/044_sprint7_focused_level1_corrections.sql:L25@s7_get_teacher_console[SELECT * INTO row] ; database/046_sprint8_act14_finalization_export.sql:L34@s8_finalize[SELECT * INTO row] ; database/048_sprint8_focused_level1_corrections.sql:L33@s8_finalize[SELECT * INTO row] ; database/049_sprint8_final_closure.sql:L74@s8_verify_integrity[SELECT * INTO row] ; database/054_level3_integrated_closure.sql:L129@s8_verify_integrity[SELECT * INTO row] ; database/065_package_b_player_wait_projection.sql:L9@s9_get_player_wait_state[SELECT * INTO row] ; database/066_package_b_wait_projection_locked_at_fix.sql:L9@s9_get_player_wait_state[SELECT * INTO row] ; database/067_package_b_allocation_progress_fix.sql:L9@s9_get_player_wait_state[SELECT * INTO row],1,MEDIUM:src/game/app.js:L461@renderSprint6[property-name reference],0,,0,
F0391,s6_run_state#20,s6_run_state,feedback_audio_key,20,1,YES,8,database/035_sprint6_focused_audit_corrections.sql:L42@s6_close_discussion_guarded[UPDATE SET]{DIRECT_OR_COMPUTED} ; database/035_sprint6_focused_audit_corrections.sql:L49@s6_submit_group_choice_guarded[UPDATE SET]{DERIVED_OR_COPY} ; database/035_sprint6_focused_audit_corrections.sql:L52@s6_submit_group_choice_guarded[UPDATE SET]{DERIVED_OR_COPY} ; database/035_sprint6_focused_audit_corrections.sql:L57@s6_submit_private_choice_guarded[UPDATE SET]{DERIVED_OR_COPY} ; database/035_sprint6_focused_audit_corrections.sql:L59@s6_advance_guarded[UPDATE SET]{DIRECT_OR_COMPUTED} ; database/035_sprint6_focused_audit_corrections.sql:L69@s6_tick_cinematic[UPDATE SET]{DERIVED_OR_COPY} ; database/036_sprint6_four_open_findings.sql:L27@s6_tick_cinematic[UPDATE SET]{DIRECT_OR_COMPUTED} ; database/037_level3_independent_audit_closure.sql:L150@s6_refresh_owned_discussion[UPDATE SET]{DIRECT_OR_COMPUTED},18,database/033_sprint6_act9_13_runtime.sql:L57@s6_get_player_state[to_jsonb(row) exposes field] ; database/034_sprint6_contract_hardening.sql:L25@s6_get_player_state[to_jsonb(row) exposes field] ; database/035_sprint6_focused_audit_corrections.sql:L72@s6_get_player_state[to_jsonb(row) exposes field] ; database/036_sprint6_four_open_findings.sql:L29@s6_get_player_state[to_jsonb(row) exposes field] ; database/037_level3_independent_audit_closure.sql:L144@s6_refresh_owned_discussion[SELECT * INTO row] ; database/037_level3_independent_audit_closure.sql:L179@s6_get_player_state[to_jsonb(row) exposes field] ; database/037_level3_independent_audit_closure.sql:L62@act6_13_prepare_s6_state[OLD.field trigger reference] ; database/043_sprint7_teacher_console.sql:L36@s7_get_teacher_console[SELECT * INTO row] ; database/043_sprint7_teacher_console.sql:L73@s7_get_teacher_console[qualified/rowtype field reference] ; database/044_sprint7_focused_level1_corrections.sql:L25@s7_get_teacher_console[SELECT * INTO row] ; database/044_sprint7_focused_level1_corrections.sql:L63@s7_get_teacher_console[qualified/rowtype field reference] ; database/046_sprint8_act14_finalization_export.sql:L34@s8_finalize[SELECT * INTO row] ; database/048_sprint8_focused_level1_corrections.sql:L33@s8_finalize[SELECT * INTO row] ; database/049_sprint8_final_closure.sql:L74@s8_verify_integrity[SELECT * INTO row] ; database/054_level3_integrated_closure.sql:L129@s8_verify_integrity[SELECT * INTO row] ; database/065_package_b_player_wait_projection.sql:L9@s9_get_player_wait_state[SELECT * INTO row] ; database/066_package_b_wait_projection_locked_at_fix.sql:L9@s9_get_player_wait_state[SELECT * INTO row] ; database/067_package_b_allocation_progress_fix.sql:L9@s9_get_player_wait_state[SELECT * INTO row],1,MEDIUM:src/game/app.js:L496@hydrateSprint6[property-name reference],0,,4,database/037_level3_independent_audit_closure.sql:L60@act6_13_prepare_s6_state[NEW.field trigger reference; read/write not mechanically determined] ; database/037_level3_independent_audit_closure.sql:L62@act6_13_prepare_s6_state[NEW.field trigger reference; read/write not mechanically determined] ; database/037_level3_independent_audit_closure.sql:L64@act6_13_prepare_s6_state[NEW.field trigger reference; read/write not mechanically determined] ; database/037_level3_independent_audit_closure.sql:L80@act6_13_capture_s6_transition[NEW.field trigger reference; read/write not mechanically determined]
F0392,s6_run_state#21,s6_run_state,cinematic_stage,21,2,NO,3,database/035_sprint6_focused_audit_corrections.sql:L57@s6_submit_private_choice_guarded[UPDATE SET]{DIRECT_OR_COMPUTED} ; database/035_sprint6_focused_audit_corrections.sql:L69@s6_tick_cinematic[UPDATE SET]{DIRECT_OR_COMPUTED} ; database/036_sprint6_four_open_findings.sql:L27@s6_tick_cinematic[UPDATE SET]{DIRECT_OR_COMPUTED},18,database/033_sprint6_act9_13_runtime.sql:L57@s6_get_player_state[to_jsonb(row) exposes field] ; database/034_sprint6_contract_hardening.sql:L25@s6_get_player_state[to_jsonb(row) exposes field] ; database/035_sprint6_focused_audit_corrections.sql:L69@s6_tick_cinematic[qualified/rowtype field reference] ; database/035_sprint6_focused_audit_corrections.sql:L72@s6_get_player_state[to_jsonb(row) exposes field] ; database/036_sprint6_four_open_findings.sql:L27@s6_tick_cinematic[qualified/rowtype field reference] ; database/036_sprint6_four_open_findings.sql:L29@s6_get_player_state[to_jsonb(row) exposes field] ; database/037_level3_independent_audit_closure.sql:L144@s6_refresh_owned_discussion[SELECT * INTO row] ; database/037_level3_independent_audit_closure.sql:L179@s6_get_player_state[to_jsonb(row) exposes field] ; database/037_level3_independent_audit_closure.sql:L74@act6_13_capture_s6_transition[OLD.field trigger reference] ; database/043_sprint7_teacher_console.sql:L36@s7_get_teacher_console[SELECT * INTO row] ; database/044_sprint7_focused_level1_corrections.sql:L25@s7_get_teacher_console[SELECT * INTO row] ; database/046_sprint8_act14_finalization_export.sql:L34@s8_finalize[SELECT * INTO row] ; database/048_sprint8_focused_level1_corrections.sql:L33@s8_finalize[SELECT * INTO row] ; database/049_sprint8_final_closure.sql:L74@s8_verify_integrity[SELECT * INTO row] ; database/054_level3_integrated_closure.sql:L129@s8_verify_integrity[SELECT * INTO row] ; database/065_package_b_player_wait_projection.sql:L9@s9_get_player_wait_state[SELECT * INTO row] ; database/066_package_b_wait_projection_locked_at_fix.sql:L9@s9_get_player_wait_state[SELECT * INTO row] ; database/067_package_b_allocation_progress_fix.sql:L9@s9_get_player_wait_state[SELECT * INTO row],0,,0,,4,database/037_level3_independent_audit_closure.sql:L64@act6_13_prepare_s6_state[NEW.field trigger reference; read/write not mechanically determined] ; database/037_level3_independent_audit_closure.sql:L74@act6_13_capture_s6_transition[NEW.field trigger reference; read/write not mechanically determined] ; database/037_level3_independent_audit_closure.sql:L76@act6_13_capture_s6_transition[NEW.field trigger reference; read/write not mechanically determined] ; database/037_level3_independent_audit_closure.sql:L80@act6_13_capture_s6_transition[NEW.field trigger reference; read/write not mechanically determined]
F0393,s6_run_state#22,s6_run_state,stage_started_at,22,1,YES,3,database/035_sprint6_focused_audit_corrections.sql:L57@s6_submit_private_choice_guarded[UPDATE SET]{DIRECT_OR_COMPUTED} ; database/035_sprint6_focused_audit_corrections.sql:L69@s6_tick_cinematic[UPDATE SET]{DIRECT_OR_COMPUTED} ; database/036_sprint6_four_open_findings.sql:L27@s6_tick_cinematic[UPDATE SET]{DIRECT_OR_COMPUTED},20,database/033_sprint6_act9_13_runtime.sql:L57@s6_get_player_state[to_jsonb(row) exposes field] ; database/034_sprint6_contract_hardening.sql:L25@s6_get_player_state[to_jsonb(row) exposes field] ; database/035_sprint6_focused_audit_corrections.sql:L69@s6_tick_cinematic[qualified/rowtype field reference] ; database/035_sprint6_focused_audit_corrections.sql:L72@s6_get_player_state[to_jsonb(row) exposes field] ; database/036_sprint6_four_open_findings.sql:L23@s6_advance_v2[qualified/rowtype field reference] ; database/036_sprint6_four_open_findings.sql:L27@s6_tick_cinematic[qualified/rowtype field reference] ; database/036_sprint6_four_open_findings.sql:L29@s6_get_player_state[qualified/rowtype field reference] ; database/036_sprint6_four_open_findings.sql:L29@s6_get_player_state[to_jsonb(row) exposes field] ; database/037_level3_independent_audit_closure.sql:L144@s6_refresh_owned_discussion[SELECT * INTO row] ; database/037_level3_independent_audit_closure.sql:L179@s6_get_player_state[qualified/rowtype field reference] ; database/037_level3_independent_audit_closure.sql:L179@s6_get_player_state[to_jsonb(row) exposes field] ; database/043_sprint7_teacher_console.sql:L36@s7_get_teacher_console[SELECT * INTO row] ; database/044_sprint7_focused_level1_corrections.sql:L25@s7_get_teacher_console[SELECT * INTO row] ; database/046_sprint8_act14_finalization_export.sql:L34@s8_finalize[SELECT * INTO row] ; database/048_sprint8_focused_level1_corrections.sql:L33@s8_finalize[SELECT * INTO row] ; database/049_sprint8_final_closure.sql:L74@s8_verify_integrity[SELECT * INTO row] ; database/054_level3_integrated_closure.sql:L129@s8_verify_integrity[SELECT * INTO row] ; database/065_package_b_player_wait_projection.sql:L9@s9_get_player_wait_state[SELECT * INTO row] ; database/066_package_b_wait_projection_locked_at_fix.sql:L9@s9_get_player_wait_state[SELECT * INTO row] ; database/067_package_b_allocation_progress_fix.sql:L9@s9_get_player_wait_state[SELECT * INTO row],0,,0,,0,
F0394,s6_run_state#23,s6_run_state,feedback_audio_occurrence_id,23,1,YES,0,,20,database/033_sprint6_act9_13_runtime.sql:L57@s6_get_player_state[to_jsonb(row) exposes field] ; database/034_sprint6_contract_hardening.sql:L25@s6_get_player_state[to_jsonb(row) exposes field] ; database/035_sprint6_focused_audit_corrections.sql:L72@s6_get_player_state[to_jsonb(row) exposes field] ; database/036_sprint6_four_open_findings.sql:L29@s6_get_player_state[to_jsonb(row) exposes field] ; database/037_level3_independent_audit_closure.sql:L144@s6_refresh_owned_discussion[SELECT * INTO row] ; database/037_level3_independent_audit_closure.sql:L179@s6_get_player_state[qualified/rowtype field reference] ; database/037_level3_independent_audit_closure.sql:L179@s6_get_player_state[to_jsonb(row) exposes field] ; database/037_level3_independent_audit_closure.sql:L62@act6_13_prepare_s6_state[OLD.field trigger reference] ; database/037_level3_independent_audit_closure.sql:L78@act6_13_capture_s6_transition[OLD.field trigger reference] ; database/043_sprint7_teacher_console.sql:L36@s7_get_teacher_console[SELECT * INTO row] ; database/043_sprint7_teacher_console.sql:L73@s7_get_teacher_console[qualified/rowtype field reference] ; database/044_sprint7_focused_level1_corrections.sql:L25@s7_get_teacher_console[SELECT * INTO row] ; database/044_sprint7_focused_level1_corrections.sql:L63@s7_get_teacher_console[qualified/rowtype field reference] ; database/046_sprint8_act14_finalization_export.sql:L34@s8_finalize[SELECT * INTO row] ; database/048_sprint8_focused_level1_corrections.sql:L33@s8_finalize[SELECT * INTO row] ; database/049_sprint8_final_closure.sql:L74@s8_verify_integrity[SELECT * INTO row] ; database/054_level3_integrated_closure.sql:L129@s8_verify_integrity[SELECT * INTO row] ; database/065_package_b_player_wait_projection.sql:L9@s9_get_player_wait_state[SELECT * INTO row] ; database/066_package_b_wait_projection_locked_at_fix.sql:L9@s9_get_player_wait_state[SELECT * INTO row] ; database/067_package_b_allocation_progress_fix.sql:L9@s9_get_player_wait_state[SELECT * INTO row],0,,0,,4,database/037_level3_independent_audit_closure.sql:L61@act6_13_prepare_s6_state[NEW.field trigger reference; read/write not mechanically determined] ; database/037_level3_independent_audit_closure.sql:L65@act6_13_prepare_s6_state[NEW.field trigger reference; read/write not mechanically determined] ; database/037_level3_independent_audit_closure.sql:L78@act6_13_capture_s6_transition[NEW.field trigger reference; read/write not mechanically determined] ; database/037_level3_independent_audit_closure.sql:L80@act6_13_capture_s6_transition[NEW.field trigger reference; read/write not mechanically determined]
F0395,s6_station_b_progress#01,s6_station_b_progress,run_id,1,36,NO,1,database/036_sprint6_four_open_findings.sql:L25@s6_complete_station_v2[INSERT explicit column]{DIRECT_OR_COMPUTED},0,,0,,0,,0,
F0396,s6_station_b_progress#02,s6_station_b_progress,player_id,2,24,NO,1,database/036_sprint6_four_open_findings.sql:L25@s6_complete_station_v2[INSERT explicit column]{DIRECT_OR_COMPUTED},0,,0,,0,,0,
F0397,s6_station_b_progress#03,s6_station_b_progress,stage,3,1,YES,2,database/036_sprint6_four_open_findings.sql:L25@s6_complete_station_v2[INSERT explicit column]{DIRECT_OR_COMPUTED} ; database/036_sprint6_four_open_findings.sql:L25@s6_complete_station_v2[UPDATE SET]{DIRECT_OR_COMPUTED},0,,0,,0,,0,
F0398,s6_station_b_progress#04,s6_station_b_progress,held_at,4,1,YES,0,,0,,0,,0,,0,
F0399,s6_station_b_progress#05,s6_station_b_progress,centered_at,5,1,YES,1,database/036_sprint6_four_open_findings.sql:L25@s6_complete_station_v2[UPDATE SET]{DIRECT_OR_COMPUTED},0,,0,,0,,0,
F0400,s6_station_tasks#01,s6_station_tasks,run_id,1,36,NO,2,database/035_sprint6_focused_audit_corrections.sql:L63@s6_complete_station_guarded[INSERT positional/all columns]{POSITIONAL_WRITE} ; database/036_sprint6_four_open_findings.sql:L25@s6_complete_station_v2[INSERT positional/all columns]{POSITIONAL_WRITE},0,,0,,0,,0,
F0401,s6_station_tasks#02,s6_station_tasks,role_key,2,4,NO,2,database/035_sprint6_focused_audit_corrections.sql:L63@s6_complete_station_guarded[INSERT positional/all columns]{POSITIONAL_WRITE} ; database/036_sprint6_four_open_findings.sql:L25@s6_complete_station_v2[INSERT positional/all columns]{POSITIONAL_WRITE},0,,0,,0,,0,
F0402,s6_station_tasks#03,s6_station_tasks,player_id,3,24,NO,2,database/035_sprint6_focused_audit_corrections.sql:L63@s6_complete_station_guarded[INSERT positional/all columns]{POSITIONAL_WRITE} ; database/036_sprint6_four_open_findings.sql:L25@s6_complete_station_v2[INSERT positional/all columns]{POSITIONAL_WRITE},0,,0,,0,,0,
F0403,s6_station_tasks#04,s6_station_tasks,task_key,4,1,YES,2,database/035_sprint6_focused_audit_corrections.sql:L63@s6_complete_station_guarded[INSERT positional/all columns]{POSITIONAL_WRITE} ; database/036_sprint6_four_open_findings.sql:L25@s6_complete_station_v2[INSERT positional/all columns]{POSITIONAL_WRITE},0,,0,,0,,0,
F0404,s6_station_tasks#05,s6_station_tasks,completed_at,5,3,NO,2,database/035_sprint6_focused_audit_corrections.sql:L63@s6_complete_station_guarded[INSERT positional/all columns]{POSITIONAL_WRITE} ; database/036_sprint6_four_open_findings.sql:L25@s6_complete_station_v2[INSERT positional/all columns]{POSITIONAL_WRITE},0,,0,,0,,0,
F0405,s8_finalizations#01,s8_finalizations,run_id,1,36,NO,3,database/046_sprint8_act14_finalization_export.sql:L54@s8_finalize[INSERT explicit column]{DIRECT_OR_COMPUTED} ; database/048_sprint8_focused_level1_corrections.sql:L70@s8_finalize[INSERT explicit column]{DIRECT_OR_COMPUTED} ; database/049_sprint8_final_closure.sql:L166@s8_finalize[INSERT explicit column]{DIRECT_OR_COMPUTED},9,database/046_sprint8_act14_finalization_export.sql:L28@s8_finalize[SELECT * INTO row] ; database/046_sprint8_act14_finalization_export.sql:L67@s8_get_player_state[SELECT * INTO row] ; database/048_sprint8_focused_level1_corrections.sql:L26@s8_finalize[SELECT * INTO row] ; database/048_sprint8_focused_level1_corrections.sql:L30@s8_finalize[SELECT * INTO row] ; database/048_sprint8_focused_level1_corrections.sql:L85@s8_get_player_state[SELECT * INTO row] ; database/049_sprint8_final_closure.sql:L158@s8_finalize[SELECT * INTO row] ; database/049_sprint8_final_closure.sql:L193@s8_export_session[explicit table.column reference] ; database/049_sprint8_final_closure.sql:L193@s8_export_session[qualified/rowtype field reference] ; database/050_sprint8_act2_verifier_projection_fix.sql:L50@s8_export_session[qualified/rowtype field reference],0,,0,,0,
F0406,s8_finalizations#02,s8_finalizations,finalized_at,2,1,YES,0,,9,database/046_sprint8_act14_finalization_export.sql:L28@s8_finalize[SELECT * INTO row] ; database/046_sprint8_act14_finalization_export.sql:L67@s8_get_player_state[SELECT * INTO row] ; database/046_sprint8_act14_finalization_export.sql:L88@s8_export_session[qualified/rowtype field reference] ; database/047_sprint8_export_completeness.sql:L11@s8_export_session[qualified/rowtype field reference] ; database/048_sprint8_focused_level1_corrections.sql:L107@s8_export_session[qualified/rowtype field reference] ; database/048_sprint8_focused_level1_corrections.sql:L26@s8_finalize[SELECT * INTO row] ; database/048_sprint8_focused_level1_corrections.sql:L30@s8_finalize[SELECT * INTO row] ; database/048_sprint8_focused_level1_corrections.sql:L85@s8_get_player_state[SELECT * INTO row] ; database/049_sprint8_final_closure.sql:L158@s8_finalize[SELECT * INTO row],1,MEDIUM:tests/level3-remediation-static-check.js:L16@assert[property-name reference],0,,0,
F0407,s8_finalizations#03,s8_finalizations,finalized_by,3,1,YES,3,database/046_sprint8_act14_finalization_export.sql:L54@s8_finalize[INSERT explicit column]{DIRECT_OR_COMPUTED} ; database/048_sprint8_focused_level1_corrections.sql:L70@s8_finalize[INSERT explicit column]{DIRECT_OR_COMPUTED} ; database/049_sprint8_final_closure.sql:L166@s8_finalize[INSERT explicit column]{DIRECT_OR_COMPUTED},6,database/046_sprint8_act14_finalization_export.sql:L28@s8_finalize[SELECT * INTO row] ; database/046_sprint8_act14_finalization_export.sql:L67@s8_get_player_state[SELECT * INTO row] ; database/048_sprint8_focused_level1_corrections.sql:L26@s8_finalize[SELECT * INTO row] ; database/048_sprint8_focused_level1_corrections.sql:L30@s8_finalize[SELECT * INTO row] ; database/048_sprint8_focused_level1_corrections.sql:L85@s8_get_player_state[SELECT * INTO row] ; database/049_sprint8_final_closure.sql:L158@s8_finalize[SELECT * INTO row],0,,0,,0,
F0408,s8_finalizations#04,s8_finalizations,client_request_id,4,8,NO,3,database/046_sprint8_act14_finalization_export.sql:L54@s8_finalize[INSERT explicit column]{DIRECT_OR_COMPUTED} ; database/048_sprint8_focused_level1_corrections.sql:L70@s8_finalize[INSERT explicit column]{DIRECT_OR_COMPUTED} ; database/049_sprint8_final_closure.sql:L166@s8_finalize[INSERT explicit column]{DIRECT_OR_COMPUTED},7,database/046_sprint8_act14_finalization_export.sql:L28@s8_finalize[SELECT * INTO row] ; database/046_sprint8_act14_finalization_export.sql:L30@s8_finalize[qualified/rowtype field reference] ; database/046_sprint8_act14_finalization_export.sql:L67@s8_get_player_state[SELECT * INTO row] ; database/048_sprint8_focused_level1_corrections.sql:L26@s8_finalize[SELECT * INTO row] ; database/048_sprint8_focused_level1_corrections.sql:L30@s8_finalize[SELECT * INTO row] ; database/048_sprint8_focused_level1_corrections.sql:L85@s8_get_player_state[SELECT * INTO row] ; database/049_sprint8_final_closure.sql:L158@s8_finalize[SELECT * INTO row],0,,0,,0,
F0409,s8_finalizations#05,s8_finalizations,integrity_report,5,1,YES,3,database/046_sprint8_act14_finalization_export.sql:L54@s8_finalize[INSERT explicit column]{DIRECT_OR_COMPUTED} ; database/048_sprint8_focused_level1_corrections.sql:L70@s8_finalize[INSERT explicit column]{DIRECT_OR_COMPUTED} ; database/049_sprint8_final_closure.sql:L166@s8_finalize[INSERT explicit column]{DIRECT_OR_COMPUTED},11,database/046_sprint8_act14_finalization_export.sql:L28@s8_finalize[SELECT * INTO row] ; database/046_sprint8_act14_finalization_export.sql:L67@s8_get_player_state[SELECT * INTO row] ; database/046_sprint8_act14_finalization_export.sql:L68@s8_get_player_state[qualified/rowtype field reference] ; database/046_sprint8_act14_finalization_export.sql:L89@s8_export_session[qualified/rowtype field reference] ; database/047_sprint8_export_completeness.sql:L12@s8_export_session[qualified/rowtype field reference] ; database/048_sprint8_focused_level1_corrections.sql:L108@s8_export_session[qualified/rowtype field reference] ; database/048_sprint8_focused_level1_corrections.sql:L26@s8_finalize[SELECT * INTO row] ; database/048_sprint8_focused_level1_corrections.sql:L30@s8_finalize[SELECT * INTO row] ; database/048_sprint8_focused_level1_corrections.sql:L85@s8_get_player_state[SELECT * INTO row] ; database/048_sprint8_focused_level1_corrections.sql:L86@s8_get_player_state[qualified/rowtype field reference] ; database/049_sprint8_final_closure.sql:L158@s8_finalize[SELECT * INTO row],2,MEDIUM:tests/sprint8-final-closure-live-e2e.js:L105@main[property-name reference] ; MEDIUM:tests/sprint8-live-e2e.js:L38@main[property-name reference],0,,0,
F0410,s8_finalizations#06,s8_finalizations,export_schema_version,6,1,YES,2,database/049_sprint8_final_closure.sql:L166@s8_finalize[INSERT explicit column]{DIRECT_OR_COMPUTED} ; database/049_sprint8_final_closure.sql:L32@TOP_LEVEL[UPDATE SET]{DIRECT_OR_COMPUTED},13,database/046_sprint8_act14_finalization_export.sql:L28@s8_finalize[SELECT * INTO row] ; database/046_sprint8_act14_finalization_export.sql:L67@s8_get_player_state[SELECT * INTO row] ; database/046_sprint8_act14_finalization_export.sql:L88@s8_export_session[qualified/rowtype field reference] ; database/047_sprint8_export_completeness.sql:L11@s8_export_session[qualified/rowtype field reference] ; database/048_sprint8_focused_level1_corrections.sql:L26@s8_finalize[SELECT * INTO row] ; database/048_sprint8_focused_level1_corrections.sql:L30@s8_finalize[SELECT * INTO row] ; database/048_sprint8_focused_level1_corrections.sql:L85@s8_get_player_state[SELECT * INTO row] ; database/049_sprint8_final_closure.sql:L158@s8_finalize[SELECT * INTO row] ; database/049_sprint8_final_closure.sql:L159@s8_finalize[qualified/rowtype field reference] ; database/049_sprint8_final_closure.sql:L171@s8_finalize[qualified/rowtype field reference] ; database/049_sprint8_final_closure.sql:L172@s8_finalize[qualified/rowtype field reference] ; database/049_sprint8_final_closure.sql:L182@s8_get_finalization_state[qualified/rowtype field reference] ; database/050_sprint8_act2_verifier_projection_fix.sql:L49@s8_export_session[qualified/rowtype field reference],4,MEDIUM:tests/sprint8-final-closure-live-e2e.js:L119@main[property-name reference] ; MEDIUM:tests/sprint8-final-closure-live-e2e.js:L120@main[property-name reference] ; MEDIUM:tests/sprint8-final-closure-live-e2e.js:L129@main[property-name reference] ; MEDIUM:tests/sprint8-live-e2e.js:L32@main[property-name reference],0,,0,
F0411,s9_pocket_item_inspections#01,s9_pocket_item_inspections,run_id,1,36,NO,1,database/068_package_c_authoritative_pocket_inspection.sql:L25@s9_inspect_pocket_item[INSERT explicit column]{DIRECT_OR_COMPUTED},1,database/068_package_c_authoritative_pocket_inspection.sql:L72@s3_get_player_state[qualified/rowtype field reference],0,,0,,0,
F0412,s9_pocket_item_inspections#02,s9_pocket_item_inspections,player_id,2,24,NO,1,database/068_package_c_authoritative_pocket_inspection.sql:L25@s9_inspect_pocket_item[INSERT explicit column]{DIRECT_OR_COMPUTED},1,database/068_package_c_authoritative_pocket_inspection.sql:L72@s3_get_player_state[qualified/rowtype field reference],0,,0,,0,
F0413,s9_pocket_item_inspections#03,s9_pocket_item_inspections,item_key,3,5,NO,1,database/068_package_c_authoritative_pocket_inspection.sql:L25@s9_inspect_pocket_item[INSERT explicit column]{DIRECT_OR_COMPUTED},1,database/068_package_c_authoritative_pocket_inspection.sql:L72@s3_get_player_state[qualified/rowtype field reference],0,,0,,0,
F0414,s9_pocket_item_inspections#04,s9_pocket_item_inspections,inspected_at,4,1,YES,0,,1,database/068_package_c_authoritative_pocket_inspection.sql:L72@s3_get_player_state[qualified/rowtype field reference],0,,0,,0,
F0415,teacher_override_validity#01,teacher_override_validity,override_id,1,2,NO,6,database/015_sprint3c_minimal_safe_teacher_override.sql:L80@teacher_apply_override[INSERT explicit column]{DIRECT_OR_COMPUTED} ; database/054_level3_integrated_closure.sql:L29@teacher_apply_override[INSERT explicit column]{DIRECT_OR_COMPUTED} ; database/054_level3_integrated_closure.sql:L43@teacher_apply_override[INSERT explicit column]{DIRECT_OR_COMPUTED} ; database/054_level3_integrated_closure.sql:L82@teacher_apply_override[INSERT explicit column]{DIRECT_OR_COMPUTED} ; database/055_level2_override_export_residual_closure.sql:L44@teacher_apply_override[INSERT explicit column]{DIRECT_OR_COMPUTED} ; database/056_level2_override_validity_binding_fix.sql:L44@teacher_apply_override[INSERT explicit column]{DIRECT_OR_COMPUTED},2,database/047_sprint8_export_completeness.sql:L35@s8_export_session[qualified/rowtype field reference] ; database/048_sprint8_focused_level1_corrections.sql:L119@s8_export_session[qualified/rowtype field reference],0,,3,READ:tests/level2-residual-integrity-transaction.sql:L16@TEST_SQL[bare field in single test statement] ; READ:tests/level2-residual-integrity-transaction.sql:L26@TEST_SQL[bare field in single test statement] ; READ:tests/level2-residual-integrity-transaction.sql:L38@TEST_SQL[bare field in single test statement],0,
F0416,teacher_override_validity#02,teacher_override_validity,run_id,2,36,NO,6,database/015_sprint3c_minimal_safe_teacher_override.sql:L80@teacher_apply_override[INSERT explicit column]{DIRECT_OR_COMPUTED} ; database/054_level3_integrated_closure.sql:L29@teacher_apply_override[INSERT explicit column]{DIRECT_OR_COMPUTED} ; database/054_level3_integrated_closure.sql:L43@teacher_apply_override[INSERT explicit column]{DIRECT_OR_COMPUTED} ; database/054_level3_integrated_closure.sql:L82@teacher_apply_override[INSERT explicit column]{DIRECT_OR_COMPUTED} ; database/055_level2_override_export_residual_closure.sql:L44@teacher_apply_override[INSERT explicit column]{DIRECT_OR_COMPUTED} ; database/056_level2_override_validity_binding_fix.sql:L44@teacher_apply_override[INSERT explicit column]{DIRECT_OR_COMPUTED},6,database/052_sprint8_exact_player_override_accounting.sql:L16@s8_verify_integrity[qualified/rowtype field reference] ; database/052_sprint8_exact_player_override_accounting.sql:L18@s8_verify_integrity[qualified/rowtype field reference] ; database/052_sprint8_exact_player_override_accounting.sql:L29@s8_verify_integrity[qualified/rowtype field reference] ; database/052_sprint8_exact_player_override_accounting.sql:L31@s8_verify_integrity[qualified/rowtype field reference] ; database/052_sprint8_exact_player_override_accounting.sql:L42@s8_verify_integrity[qualified/rowtype field reference] ; database/052_sprint8_exact_player_override_accounting.sql:L44@s8_verify_integrity[qualified/rowtype field reference],0,,0,,0,
F0417,teacher_override_validity#03,teacher_override_validity,player_id,3,24,NO,6,database/015_sprint3c_minimal_safe_teacher_override.sql:L80@teacher_apply_override[INSERT explicit column]{DIRECT_OR_COMPUTED} ; database/054_level3_integrated_closure.sql:L29@teacher_apply_override[INSERT explicit column]{DIRECT_OR_COMPUTED} ; database/054_level3_integrated_closure.sql:L43@teacher_apply_override[INSERT explicit column]{DIRECT_OR_COMPUTED} ; database/054_level3_integrated_closure.sql:L82@teacher_apply_override[INSERT explicit column]{DIRECT_OR_COMPUTED} ; database/055_level2_override_export_residual_closure.sql:L44@teacher_apply_override[INSERT explicit column]{DIRECT_OR_COMPUTED} ; database/056_level2_override_validity_binding_fix.sql:L44@teacher_apply_override[INSERT explicit column]{DIRECT_OR_COMPUTED},8,database/047_sprint8_export_completeness.sql:L35@s8_export_session[qualified/rowtype field reference] ; database/048_sprint8_focused_level1_corrections.sql:L119@s8_export_session[qualified/rowtype field reference] ; database/052_sprint8_exact_player_override_accounting.sql:L16@s8_verify_integrity[qualified/rowtype field reference] ; database/052_sprint8_exact_player_override_accounting.sql:L18@s8_verify_integrity[qualified/rowtype field reference] ; database/052_sprint8_exact_player_override_accounting.sql:L29@s8_verify_integrity[qualified/rowtype field reference] ; database/052_sprint8_exact_player_override_accounting.sql:L31@s8_verify_integrity[qualified/rowtype field reference] ; database/052_sprint8_exact_player_override_accounting.sql:L42@s8_verify_integrity[qualified/rowtype field reference] ; database/052_sprint8_exact_player_override_accounting.sql:L44@s8_verify_integrity[qualified/rowtype field reference],0,,0,,0,
F0418,teacher_override_validity#04,teacher_override_validity,semantic_field,4,1,YES,6,database/015_sprint3c_minimal_safe_teacher_override.sql:L80@teacher_apply_override[INSERT explicit column]{DIRECT_OR_COMPUTED} ; database/054_level3_integrated_closure.sql:L29@teacher_apply_override[INSERT explicit column]{DIRECT_OR_COMPUTED} ; database/054_level3_integrated_closure.sql:L43@teacher_apply_override[INSERT explicit column]{DIRECT_OR_COMPUTED} ; database/054_level3_integrated_closure.sql:L82@teacher_apply_override[INSERT explicit column]{DIRECT_OR_COMPUTED} ; database/055_level2_override_export_residual_closure.sql:L44@teacher_apply_override[INSERT explicit column]{DIRECT_OR_COMPUTED} ; database/056_level2_override_validity_binding_fix.sql:L44@teacher_apply_override[INSERT explicit column]{DIRECT_OR_COMPUTED},8,database/047_sprint8_export_completeness.sql:L35@s8_export_session[qualified/rowtype field reference] ; database/048_sprint8_focused_level1_corrections.sql:L119@s8_export_session[qualified/rowtype field reference] ; database/052_sprint8_exact_player_override_accounting.sql:L16@s8_verify_integrity[qualified/rowtype field reference] ; database/052_sprint8_exact_player_override_accounting.sql:L18@s8_verify_integrity[qualified/rowtype field reference] ; database/052_sprint8_exact_player_override_accounting.sql:L29@s8_verify_integrity[qualified/rowtype field reference] ; database/052_sprint8_exact_player_override_accounting.sql:L31@s8_verify_integrity[qualified/rowtype field reference] ; database/052_sprint8_exact_player_override_accounting.sql:L42@s8_verify_integrity[qualified/rowtype field reference] ; database/052_sprint8_exact_player_override_accounting.sql:L44@s8_verify_integrity[qualified/rowtype field reference],1,MEDIUM:tests/sprint8-final-closure-live-e2e.js:L115@main[property-name reference],3,READ:tests/level2-residual-integrity-transaction.sql:L16@TEST_SQL[bare field in single test statement] ; READ:tests/level2-residual-integrity-transaction.sql:L26@TEST_SQL[bare field in single test statement] ; READ:tests/level2-residual-integrity-transaction.sql:L38@TEST_SQL[bare field in single test statement],0,
F0419,teacher_override_validity#05,teacher_override_validity,value,5,1,YES,6,database/015_sprint3c_minimal_safe_teacher_override.sql:L80@teacher_apply_override[INSERT explicit column]{DIRECT_OR_COMPUTED} ; database/054_level3_integrated_closure.sql:L29@teacher_apply_override[INSERT explicit column]{DIRECT_OR_COMPUTED} ; database/054_level3_integrated_closure.sql:L43@teacher_apply_override[INSERT explicit column]{DIRECT_OR_COMPUTED} ; database/054_level3_integrated_closure.sql:L82@teacher_apply_override[INSERT explicit column]{DIRECT_OR_COMPUTED} ; database/055_level2_override_export_residual_closure.sql:L44@teacher_apply_override[INSERT explicit column]{DIRECT_OR_COMPUTED} ; database/056_level2_override_validity_binding_fix.sql:L44@teacher_apply_override[INSERT explicit column]{DIRECT_OR_COMPUTED},2,database/047_sprint8_export_completeness.sql:L35@s8_export_session[qualified/rowtype field reference] ; database/048_sprint8_focused_level1_corrections.sql:L119@s8_export_session[qualified/rowtype field reference],46,MEDIUM:02_player_v2.html:L80@joinGame[property-name reference] ; MEDIUM:02_player_v2.html:L81@joinGame[property-name reference] ; MEDIUM:03_teacher_v2.html:L50@watchRoom[property-name reference] ; MEDIUM:03_teacher_v2.html:L86@resetRoom[property-name reference] ; MEDIUM:src/game/app.js:L106@joinRoom[property-name reference] ; MEDIUM:src/game/app.js:L107@joinRoom[property-name reference] ; MEDIUM:src/game/app.js:L128@joinRoom[property-name reference] ; MEDIUM:src/game/app.js:L497@sendSprint6Message[property-name reference] ; MEDIUM:src/game/app.js:L498@submitSprint6Station[property-name reference] ; MEDIUM:src/game/app.js:L511@submitLibraryCode[property-name reference] ; MEDIUM:src/game/app.js:L620@sendMessage[property-name reference] ; MEDIUM:src/game/app.js:L634@sendMessage[property-name reference] ; MEDIUM:src/game/app.js:L99@clearRequestIdentity[property-name reference] ; MEDIUM:src/game/asset-runtime.js:L6@createAssetResolver[property-name reference] ; MEDIUM:src/teacher/teacher-console.js:L123@startRun[property-name reference] ; MEDIUM:src/teacher/teacher-console.js:L143@openDiscussion[property-name reference] ; MEDIUM:src/teacher/teacher-console.js:L152@openDiscussion[property-name reference] ; MEDIUM:src/teacher/teacher-console.js:L153@openDiscussion[property-name reference] ; MEDIUM:src/teacher/teacher-console.js:L154@openDiscussion[property-name reference] ; MEDIUM:src/teacher/teacher-console.js:L158@openDiscussion[property-name reference] ; MEDIUM:src/teacher/teacher-console.js:L159@openDiscussion[property-name reference] ; MEDIUM:src/teacher/teacher-console.js:L160@openDiscussion[property-name reference] ; MEDIUM:src/teacher/teacher-console.js:L161@openDiscussion[property-name reference] ; MEDIUM:src/teacher/teacher-console.js:L284@syncExportRunSelection[property-name reference] ; MEDIUM:src/teacher/teacher-console.js:L287@syncExportRunSelection[property-name reference] ; MEDIUM:src/teacher/teacher-console.js:L288@syncExportRunSelection[property-name reference] ; MEDIUM:src/teacher/teacher-console.js:L307@applyTeacherOverride[property-name reference] ; MEDIUM:src/teacher/teacher-console.js:L314@applyTeacherOverride[property-name reference] ; MEDIUM:src/teacher/teacher-console.js:L398@baseTeacherPayload[property-name reference] ; MEDIUM:src/teacher/teacher-console.js:L399@baseTeacherPayload[property-name reference] ; MEDIUM:src/teacher/teacher-console.js:L417@loadAssets[property-name reference] ; MEDIUM:src/teacher/teacher-console.js:L434@reviewAsset[property-name reference] ; MEDIUM:src/teacher/teacher-console.js:L440@openAnchor[property-name reference] ; MEDIUM:src/teacher/teacher-console.js:L441@openAnchor[property-name reference] ; MEDIUM:src/teacher/teacher-console.js:L443@openAnchor[property-name reference] ; MEDIUM:src/teacher/teacher-console.js:L445@openAnchor[property-name reference] ; MEDIUM:src/teacher/teacher-console.js:L69@TOP_LEVEL[property-name reference] ; MEDIUM:src/teacher/teacher-console.js:L74@createRoom[property-name reference] ; MEDIUM:src/teacher/teacher-console.js:L83@createRoom[property-name reference] ; MEDIUM:src/teacher/teacher-console.js:L84@createRoom[property-name reference] ; MEDIUM:src/teacher/teacher-console.js:L85@createRoom[property-name reference] ; MEDIUM:tests/level2-export-selection-behavior-check.js:L12@escapeHtml[property-name reference] ; MEDIUM:tests/level2-export-selection-behavior-check.js:L13@escapeHtml[property-name reference] ; MEDIUM:tests/level2-export-selection-behavior-check.js:L15@escapeHtml[property-name reference] ; MEDIUM:tests/level2-export-selection-behavior-check.js:L8@escapeHtml[property-name reference] ; MEDIUM:tests/sprint4-static-check.js:L24@TOP_LEVEL[property-name reference],0,,0,
F0420,teacher_override_validity#06,teacher_override_validity,validity,6,4,NO,0,,8,database/047_sprint8_export_completeness.sql:L35@s8_export_session[qualified/rowtype field reference] ; database/048_sprint8_focused_level1_corrections.sql:L119@s8_export_session[qualified/rowtype field reference] ; database/052_sprint8_exact_player_override_accounting.sql:L16@s8_verify_integrity[qualified/rowtype field reference] ; database/052_sprint8_exact_player_override_accounting.sql:L18@s8_verify_integrity[qualified/rowtype field reference] ; database/052_sprint8_exact_player_override_accounting.sql:L29@s8_verify_integrity[qualified/rowtype field reference] ; database/052_sprint8_exact_player_override_accounting.sql:L31@s8_verify_integrity[qualified/rowtype field reference] ; database/052_sprint8_exact_player_override_accounting.sql:L42@s8_verify_integrity[qualified/rowtype field reference] ; database/052_sprint8_exact_player_override_accounting.sql:L44@s8_verify_integrity[qualified/rowtype field reference],0,,3,READ:tests/level2-residual-integrity-transaction.sql:L16@TEST_SQL[bare field in single test statement] ; READ:tests/level2-residual-integrity-transaction.sql:L26@TEST_SQL[bare field in single test statement] ; READ:tests/level2-residual-integrity-transaction.sql:L38@TEST_SQL[bare field in single test statement],0,
F0421,teacher_overrides#01,teacher_overrides,override_id,1,2,NO,11,database/015_sprint3c_minimal_safe_teacher_override.sql:L77@teacher_apply_override[INSERT positional/all columns]{POSITIONAL_WRITE} ; database/015_sprint3c_minimal_safe_teacher_override.sql:L90@teacher_apply_override[INSERT positional/all columns]{POSITIONAL_WRITE} ; database/015_sprint3c_minimal_safe_teacher_override.sql:L98@teacher_apply_override[INSERT positional/all columns]{POSITIONAL_WRITE} ; database/054_level3_integrated_closure.sql:L28@teacher_apply_override[INSERT positional/all columns]{POSITIONAL_WRITE} ; database/054_level3_integrated_closure.sql:L42@teacher_apply_override[INSERT positional/all columns]{POSITIONAL_WRITE} ; database/054_level3_integrated_closure.sql:L62@teacher_apply_override[INSERT positional/all columns]{POSITIONAL_WRITE} ; database/054_level3_integrated_closure.sql:L69@teacher_apply_override[INSERT positional/all columns]{POSITIONAL_WRITE} ; database/054_level3_integrated_closure.sql:L74@teacher_apply_override[INSERT positional/all columns]{POSITIONAL_WRITE} ; database/054_level3_integrated_closure.sql:L81@teacher_apply_override[INSERT positional/all columns]{POSITIONAL_WRITE} ; database/054_level3_integrated_closure.sql:L90@teacher_apply_override[INSERT positional/all columns]{POSITIONAL_WRITE} ; database/054_level3_integrated_closure.sql:L97@teacher_apply_override[INSERT positional/all columns]{POSITIONAL_WRITE},16,database/015_sprint3c_minimal_safe_teacher_override.sql:L46@s3b_log_formal_event_at_context[qualified/rowtype field reference] ; database/015_sprint3c_minimal_safe_teacher_override.sql:L47@s3b_log_formal_event_at_context[qualified/rowtype field reference] ; database/015_sprint3c_minimal_safe_teacher_override.sql:L49@s3b_log_formal_event_at_context[qualified/rowtype field reference] ; database/016_sprint3c_level1_narrow_corrections.sql:L56@s2_log_event[qualified/rowtype field reference] ; database/016_sprint3c_level1_narrow_corrections.sql:L58@s2_log_event[qualified/rowtype field reference] ; database/016_sprint3c_level1_narrow_corrections.sql:L61@s2_log_event[qualified/rowtype field reference] ; database/043_sprint7_teacher_console.sql:L81@s7_get_teacher_console[to_jsonb(row) exposes field] ; database/044_sprint7_focused_level1_corrections.sql:L65@s7_get_teacher_console[to_jsonb(row) exposes field] ; database/047_sprint8_export_completeness.sql:L35@s8_export_session[qualified/rowtype field reference] ; database/048_sprint8_focused_level1_corrections.sql:L119@s8_export_session[qualified/rowtype field reference] ; database/055_level2_override_export_residual_closure.sql:L18@teacher_apply_override[qualified/rowtype field reference] ; database/055_level2_override_export_residual_closure.sql:L54@teacher_apply_override[explicit table.column reference] ; database/055_level2_override_export_residual_closure.sql:L54@teacher_apply_override[qualified/rowtype field reference] ; database/056_level2_override_validity_binding_fix.sql:L18@teacher_apply_override[qualified/rowtype field reference] ; database/056_level2_override_validity_binding_fix.sql:L54@teacher_apply_override[qualified/rowtype field reference] ; database/057_teacher_override_event_scope_consistency.sql:L20@teacher_apply_override[qualified/rowtype field reference],0,,5,READ:tests/level2-residual-integrity-transaction.sql:L18@TEST_SQL[bare field in single test statement] ; READ:tests/level2-residual-integrity-transaction.sql:L22@TEST_SQL[bare field in single test statement] ; READ:tests/level2-residual-integrity-transaction.sql:L28@TEST_SQL[bare field in single test statement] ; READ:tests/level2-residual-integrity-transaction.sql:L33@TEST_SQL[bare field in single test statement] ; READ:tests/level2-residual-integrity-transaction.sql:L6@TEST_SQL[bare field in single test statement],0,
F0422,teacher_overrides#02,teacher_overrides,run_id,2,36,NO,11,database/015_sprint3c_minimal_safe_teacher_override.sql:L77@teacher_apply_override[INSERT positional/all columns]{POSITIONAL_WRITE} ; database/015_sprint3c_minimal_safe_teacher_override.sql:L90@teacher_apply_override[INSERT positional/all columns]{POSITIONAL_WRITE} ; database/015_sprint3c_minimal_safe_teacher_override.sql:L98@teacher_apply_override[INSERT positional/all columns]{POSITIONAL_WRITE} ; database/054_level3_integrated_closure.sql:L28@teacher_apply_override[INSERT positional/all columns]{POSITIONAL_WRITE} ; database/054_level3_integrated_closure.sql:L42@teacher_apply_override[INSERT positional/all columns]{POSITIONAL_WRITE} ; database/054_level3_integrated_closure.sql:L62@teacher_apply_override[INSERT positional/all columns]{POSITIONAL_WRITE} ; database/054_level3_integrated_closure.sql:L69@teacher_apply_override[INSERT positional/all columns]{POSITIONAL_WRITE} ; database/054_level3_integrated_closure.sql:L74@teacher_apply_override[INSERT positional/all columns]{POSITIONAL_WRITE} ; database/054_level3_integrated_closure.sql:L81@teacher_apply_override[INSERT positional/all columns]{POSITIONAL_WRITE} ; database/054_level3_integrated_closure.sql:L90@teacher_apply_override[INSERT positional/all columns]{POSITIONAL_WRITE} ; database/054_level3_integrated_closure.sql:L97@teacher_apply_override[INSERT positional/all columns]{POSITIONAL_WRITE},13,database/043_sprint7_teacher_console.sql:L66@s7_get_teacher_console[qualified/rowtype field reference] ; database/043_sprint7_teacher_console.sql:L81@s7_get_teacher_console[qualified/rowtype field reference] ; database/043_sprint7_teacher_console.sql:L81@s7_get_teacher_console[to_jsonb(row) exposes field] ; database/044_sprint7_focused_level1_corrections.sql:L58@s7_get_teacher_console[qualified/rowtype field reference] ; database/044_sprint7_focused_level1_corrections.sql:L65@s7_get_teacher_console[qualified/rowtype field reference] ; database/044_sprint7_focused_level1_corrections.sql:L65@s7_get_teacher_console[to_jsonb(row) exposes field] ; database/047_sprint8_export_completeness.sql:L32@s8_export_session[qualified/rowtype field reference] ; database/047_sprint8_export_completeness.sql:L35@s8_export_session[qualified/rowtype field reference] ; database/048_sprint8_focused_level1_corrections.sql:L117@s8_export_session[qualified/rowtype field reference] ; database/048_sprint8_focused_level1_corrections.sql:L119@s8_export_session[qualified/rowtype field reference] ; database/054_level3_integrated_closure.sql:L17@teacher_apply_override[qualified/rowtype field reference] ; database/055_level2_override_export_residual_closure.sql:L18@teacher_apply_override[qualified/rowtype field reference] ; database/056_level2_override_validity_binding_fix.sql:L18@teacher_apply_override[qualified/rowtype field reference],0,,5,READ:tests/level2-residual-integrity-transaction.sql:L22@TEST_SQL[bare field in single test statement] ; READ:tests/level2-residual-integrity-transaction.sql:L33@TEST_SQL[bare field in single test statement] ; READ:tests/level2-residual-integrity-transaction.sql:L6@TEST_SQL[bare field in single test statement] ; READ:tests/sprint8-final-closure-integrity-transaction.sql:L16@TEST_SQL[bare field in single test statement] ; READ:tests/sprint8-final-closure-integrity-transaction.sql:L19@TEST_SQL[bare field in single test statement],0,
F0423,teacher_overrides#03,teacher_overrides,source_scene,3,1,YES,11,database/015_sprint3c_minimal_safe_teacher_override.sql:L77@teacher_apply_override[INSERT positional/all columns]{POSITIONAL_WRITE} ; database/015_sprint3c_minimal_safe_teacher_override.sql:L90@teacher_apply_override[INSERT positional/all columns]{POSITIONAL_WRITE} ; database/015_sprint3c_minimal_safe_teacher_override.sql:L98@teacher_apply_override[INSERT positional/all columns]{POSITIONAL_WRITE} ; database/054_level3_integrated_closure.sql:L28@teacher_apply_override[INSERT positional/all columns]{POSITIONAL_WRITE} ; database/054_level3_integrated_closure.sql:L42@teacher_apply_override[INSERT positional/all columns]{POSITIONAL_WRITE} ; database/054_level3_integrated_closure.sql:L62@teacher_apply_override[INSERT positional/all columns]{POSITIONAL_WRITE} ; database/054_level3_integrated_closure.sql:L69@teacher_apply_override[INSERT positional/all columns]{POSITIONAL_WRITE} ; database/054_level3_integrated_closure.sql:L74@teacher_apply_override[INSERT positional/all columns]{POSITIONAL_WRITE} ; database/054_level3_integrated_closure.sql:L81@teacher_apply_override[INSERT positional/all columns]{POSITIONAL_WRITE} ; database/054_level3_integrated_closure.sql:L90@teacher_apply_override[INSERT positional/all columns]{POSITIONAL_WRITE} ; database/054_level3_integrated_closure.sql:L97@teacher_apply_override[INSERT positional/all columns]{POSITIONAL_WRITE},6,database/015_sprint3c_minimal_safe_teacher_override.sql:L50@s3b_log_formal_event_at_context[qualified/rowtype field reference] ; database/016_sprint3c_level1_narrow_corrections.sql:L62@s2_log_event[qualified/rowtype field reference] ; database/043_sprint7_teacher_console.sql:L81@s7_get_teacher_console[to_jsonb(row) exposes field] ; database/044_sprint7_focused_level1_corrections.sql:L65@s7_get_teacher_console[to_jsonb(row) exposes field] ; database/047_sprint8_export_completeness.sql:L35@s8_export_session[qualified/rowtype field reference] ; database/048_sprint8_focused_level1_corrections.sql:L119@s8_export_session[qualified/rowtype field reference],3,MEDIUM:src/teacher/teacher-console.js:L301@renderOverrideState[property-name reference] ; MEDIUM:src/teacher/teacher-console.js:L313@applyTeacherOverride[property-name reference] ; MEDIUM:tests/sprint8-final-closure-live-e2e.js:L48@fixtureWithExactAct1Override[property-name reference],2,READ:tests/sprint8-final-closure-integrity-transaction.sql:L16@TEST_SQL[bare field in single test statement] ; READ:tests/sprint8-final-closure-integrity-transaction.sql:L19@TEST_SQL[bare field in single test statement],0,
F0424,teacher_overrides#04,teacher_overrides,source_phase,4,1,YES,11,database/015_sprint3c_minimal_safe_teacher_override.sql:L77@teacher_apply_override[INSERT positional/all columns]{POSITIONAL_WRITE} ; database/015_sprint3c_minimal_safe_teacher_override.sql:L90@teacher_apply_override[INSERT positional/all columns]{POSITIONAL_WRITE} ; database/015_sprint3c_minimal_safe_teacher_override.sql:L98@teacher_apply_override[INSERT positional/all columns]{POSITIONAL_WRITE} ; database/054_level3_integrated_closure.sql:L28@teacher_apply_override[INSERT positional/all columns]{POSITIONAL_WRITE} ; database/054_level3_integrated_closure.sql:L42@teacher_apply_override[INSERT positional/all columns]{POSITIONAL_WRITE} ; database/054_level3_integrated_closure.sql:L62@teacher_apply_override[INSERT positional/all columns]{POSITIONAL_WRITE} ; database/054_level3_integrated_closure.sql:L69@teacher_apply_override[INSERT positional/all columns]{POSITIONAL_WRITE} ; database/054_level3_integrated_closure.sql:L74@teacher_apply_override[INSERT positional/all columns]{POSITIONAL_WRITE} ; database/054_level3_integrated_closure.sql:L81@teacher_apply_override[INSERT positional/all columns]{POSITIONAL_WRITE} ; database/054_level3_integrated_closure.sql:L90@teacher_apply_override[INSERT positional/all columns]{POSITIONAL_WRITE} ; database/054_level3_integrated_closure.sql:L97@teacher_apply_override[INSERT positional/all columns]{POSITIONAL_WRITE},6,database/015_sprint3c_minimal_safe_teacher_override.sql:L50@s3b_log_formal_event_at_context[qualified/rowtype field reference] ; database/016_sprint3c_level1_narrow_corrections.sql:L62@s2_log_event[qualified/rowtype field reference] ; database/043_sprint7_teacher_console.sql:L81@s7_get_teacher_console[to_jsonb(row) exposes field] ; database/044_sprint7_focused_level1_corrections.sql:L65@s7_get_teacher_console[to_jsonb(row) exposes field] ; database/047_sprint8_export_completeness.sql:L35@s8_export_session[qualified/rowtype field reference] ; database/048_sprint8_focused_level1_corrections.sql:L119@s8_export_session[qualified/rowtype field reference],5,MEDIUM:src/teacher/teacher-console.js:L301@renderOverrideState[property-name reference] ; MEDIUM:src/teacher/teacher-console.js:L313@applyTeacherOverride[property-name reference] ; MEDIUM:tests/level2-residual-live-e2e.js:L26@main[property-name reference] ; MEDIUM:tests/level2-residual-live-e2e.js:L28@main[property-name reference] ; MEDIUM:tests/sprint8-final-closure-live-e2e.js:L37@fixtureWithExactAct1Override[property-name reference],2,READ:tests/sprint8-final-closure-integrity-transaction.sql:L16@TEST_SQL[bare field in single test statement] ; READ:tests/sprint8-final-closure-integrity-transaction.sql:L19@TEST_SQL[bare field in single test statement],0,
F0425,teacher_overrides#05,teacher_overrides,source_step,5,1,YES,11,database/015_sprint3c_minimal_safe_teacher_override.sql:L77@teacher_apply_override[INSERT positional/all columns]{POSITIONAL_WRITE} ; database/015_sprint3c_minimal_safe_teacher_override.sql:L90@teacher_apply_override[INSERT positional/all columns]{POSITIONAL_WRITE} ; database/015_sprint3c_minimal_safe_teacher_override.sql:L98@teacher_apply_override[INSERT positional/all columns]{POSITIONAL_WRITE} ; database/054_level3_integrated_closure.sql:L28@teacher_apply_override[INSERT positional/all columns]{POSITIONAL_WRITE} ; database/054_level3_integrated_closure.sql:L42@teacher_apply_override[INSERT positional/all columns]{POSITIONAL_WRITE} ; database/054_level3_integrated_closure.sql:L62@teacher_apply_override[INSERT positional/all columns]{POSITIONAL_WRITE} ; database/054_level3_integrated_closure.sql:L69@teacher_apply_override[INSERT positional/all columns]{POSITIONAL_WRITE} ; database/054_level3_integrated_closure.sql:L74@teacher_apply_override[INSERT positional/all columns]{POSITIONAL_WRITE} ; database/054_level3_integrated_closure.sql:L81@teacher_apply_override[INSERT positional/all columns]{POSITIONAL_WRITE} ; database/054_level3_integrated_closure.sql:L90@teacher_apply_override[INSERT positional/all columns]{POSITIONAL_WRITE} ; database/054_level3_integrated_closure.sql:L97@teacher_apply_override[INSERT positional/all columns]{POSITIONAL_WRITE},4,database/043_sprint7_teacher_console.sql:L81@s7_get_teacher_console[to_jsonb(row) exposes field] ; database/044_sprint7_focused_level1_corrections.sql:L65@s7_get_teacher_console[to_jsonb(row) exposes field] ; database/047_sprint8_export_completeness.sql:L35@s8_export_session[qualified/rowtype field reference] ; database/048_sprint8_focused_level1_corrections.sql:L119@s8_export_session[qualified/rowtype field reference],0,,0,,0,
F0426,teacher_overrides#06,teacher_overrides,override_action,6,1,YES,11,database/015_sprint3c_minimal_safe_teacher_override.sql:L77@teacher_apply_override[INSERT positional/all columns]{POSITIONAL_WRITE} ; database/015_sprint3c_minimal_safe_teacher_override.sql:L90@teacher_apply_override[INSERT positional/all columns]{POSITIONAL_WRITE} ; database/015_sprint3c_minimal_safe_teacher_override.sql:L98@teacher_apply_override[INSERT positional/all columns]{POSITIONAL_WRITE} ; database/054_level3_integrated_closure.sql:L28@teacher_apply_override[INSERT positional/all columns]{POSITIONAL_WRITE} ; database/054_level3_integrated_closure.sql:L42@teacher_apply_override[INSERT positional/all columns]{POSITIONAL_WRITE} ; database/054_level3_integrated_closure.sql:L62@teacher_apply_override[INSERT positional/all columns]{POSITIONAL_WRITE} ; database/054_level3_integrated_closure.sql:L69@teacher_apply_override[INSERT positional/all columns]{POSITIONAL_WRITE} ; database/054_level3_integrated_closure.sql:L74@teacher_apply_override[INSERT positional/all columns]{POSITIONAL_WRITE} ; database/054_level3_integrated_closure.sql:L81@teacher_apply_override[INSERT positional/all columns]{POSITIONAL_WRITE} ; database/054_level3_integrated_closure.sql:L90@teacher_apply_override[INSERT positional/all columns]{POSITIONAL_WRITE} ; database/054_level3_integrated_closure.sql:L97@teacher_apply_override[INSERT positional/all columns]{POSITIONAL_WRITE},7,database/015_sprint3c_minimal_safe_teacher_override.sql:L51@s3b_log_formal_event_at_context[qualified/rowtype field reference] ; database/016_sprint3c_level1_narrow_corrections.sql:L63@s2_log_event[qualified/rowtype field reference] ; database/043_sprint7_teacher_console.sql:L81@s7_get_teacher_console[to_jsonb(row) exposes field] ; database/044_sprint7_focused_level1_corrections.sql:L65@s7_get_teacher_console[to_jsonb(row) exposes field] ; database/047_sprint8_export_completeness.sql:L35@s8_export_session[qualified/rowtype field reference] ; database/048_sprint8_focused_level1_corrections.sql:L119@s8_export_session[qualified/rowtype field reference] ; database/054_level3_integrated_closure.sql:L17@teacher_apply_override[qualified/rowtype field reference],3,MEDIUM:src/teacher/teacher-console.js:L301@renderOverrideState[property-name reference] ; MEDIUM:src/teacher/teacher-console.js:L313@applyTeacherOverride[property-name reference] ; MEDIUM:tests/sprint8-final-closure-live-e2e.js:L37@fixtureWithExactAct1Override[property-name reference],0,,0,
F0427,teacher_overrides#07,teacher_overrides,applied_resolution,7,1,YES,11,database/015_sprint3c_minimal_safe_teacher_override.sql:L77@teacher_apply_override[INSERT positional/all columns]{POSITIONAL_WRITE} ; database/015_sprint3c_minimal_safe_teacher_override.sql:L90@teacher_apply_override[INSERT positional/all columns]{POSITIONAL_WRITE} ; database/015_sprint3c_minimal_safe_teacher_override.sql:L98@teacher_apply_override[INSERT positional/all columns]{POSITIONAL_WRITE} ; database/054_level3_integrated_closure.sql:L28@teacher_apply_override[INSERT positional/all columns]{POSITIONAL_WRITE} ; database/054_level3_integrated_closure.sql:L42@teacher_apply_override[INSERT positional/all columns]{POSITIONAL_WRITE} ; database/054_level3_integrated_closure.sql:L62@teacher_apply_override[INSERT positional/all columns]{POSITIONAL_WRITE} ; database/054_level3_integrated_closure.sql:L69@teacher_apply_override[INSERT positional/all columns]{POSITIONAL_WRITE} ; database/054_level3_integrated_closure.sql:L74@teacher_apply_override[INSERT positional/all columns]{POSITIONAL_WRITE} ; database/054_level3_integrated_closure.sql:L81@teacher_apply_override[INSERT positional/all columns]{POSITIONAL_WRITE} ; database/054_level3_integrated_closure.sql:L90@teacher_apply_override[INSERT positional/all columns]{POSITIONAL_WRITE} ; database/054_level3_integrated_closure.sql:L97@teacher_apply_override[INSERT positional/all columns]{POSITIONAL_WRITE},2,database/043_sprint7_teacher_console.sql:L81@s7_get_teacher_console[to_jsonb(row) exposes field] ; database/044_sprint7_focused_level1_corrections.sql:L65@s7_get_teacher_console[to_jsonb(row) exposes field],4,MEDIUM:tests/level2-residual-live-e2e.js:L28@main[property-name reference] ; MEDIUM:tests/level2-residual-live-e2e.js:L42@main[property-name reference] ; MEDIUM:tests/level2-residual-live-e2e.js:L45@main[property-name reference] ; MEDIUM:tests/sprint8-final-closure-live-e2e.js:L48@fixtureWithExactAct1Override[property-name reference],0,,0,
F0428,teacher_overrides#08,teacher_overrides,resolution_source,8,2,NO,11,database/015_sprint3c_minimal_safe_teacher_override.sql:L77@teacher_apply_override[INSERT positional/all columns]{POSITIONAL_WRITE} ; database/015_sprint3c_minimal_safe_teacher_override.sql:L90@teacher_apply_override[INSERT positional/all columns]{POSITIONAL_WRITE} ; database/015_sprint3c_minimal_safe_teacher_override.sql:L98@teacher_apply_override[INSERT positional/all columns]{POSITIONAL_WRITE} ; database/054_level3_integrated_closure.sql:L28@teacher_apply_override[INSERT positional/all columns]{POSITIONAL_WRITE} ; database/054_level3_integrated_closure.sql:L42@teacher_apply_override[INSERT positional/all columns]{POSITIONAL_WRITE} ; database/054_level3_integrated_closure.sql:L62@teacher_apply_override[INSERT positional/all columns]{POSITIONAL_WRITE} ; database/054_level3_integrated_closure.sql:L69@teacher_apply_override[INSERT positional/all columns]{POSITIONAL_WRITE} ; database/054_level3_integrated_closure.sql:L74@teacher_apply_override[INSERT positional/all columns]{POSITIONAL_WRITE} ; database/054_level3_integrated_closure.sql:L81@teacher_apply_override[INSERT positional/all columns]{POSITIONAL_WRITE} ; database/054_level3_integrated_closure.sql:L90@teacher_apply_override[INSERT positional/all columns]{POSITIONAL_WRITE} ; database/054_level3_integrated_closure.sql:L97@teacher_apply_override[INSERT positional/all columns]{POSITIONAL_WRITE},2,database/043_sprint7_teacher_console.sql:L81@s7_get_teacher_console[to_jsonb(row) exposes field] ; database/044_sprint7_focused_level1_corrections.sql:L65@s7_get_teacher_console[to_jsonb(row) exposes field],0,,0,,0,
F0429,teacher_overrides#09,teacher_overrides,reason,9,1,YES,11,database/015_sprint3c_minimal_safe_teacher_override.sql:L77@teacher_apply_override[INSERT positional/all columns]{POSITIONAL_WRITE} ; database/015_sprint3c_minimal_safe_teacher_override.sql:L90@teacher_apply_override[INSERT positional/all columns]{POSITIONAL_WRITE} ; database/015_sprint3c_minimal_safe_teacher_override.sql:L98@teacher_apply_override[INSERT positional/all columns]{POSITIONAL_WRITE} ; database/054_level3_integrated_closure.sql:L28@teacher_apply_override[INSERT positional/all columns]{POSITIONAL_WRITE} ; database/054_level3_integrated_closure.sql:L42@teacher_apply_override[INSERT positional/all columns]{POSITIONAL_WRITE} ; database/054_level3_integrated_closure.sql:L62@teacher_apply_override[INSERT positional/all columns]{POSITIONAL_WRITE} ; database/054_level3_integrated_closure.sql:L69@teacher_apply_override[INSERT positional/all columns]{POSITIONAL_WRITE} ; database/054_level3_integrated_closure.sql:L74@teacher_apply_override[INSERT positional/all columns]{POSITIONAL_WRITE} ; database/054_level3_integrated_closure.sql:L81@teacher_apply_override[INSERT positional/all columns]{POSITIONAL_WRITE} ; database/054_level3_integrated_closure.sql:L90@teacher_apply_override[INSERT positional/all columns]{POSITIONAL_WRITE} ; database/054_level3_integrated_closure.sql:L97@teacher_apply_override[INSERT positional/all columns]{POSITIONAL_WRITE},4,database/043_sprint7_teacher_console.sql:L81@s7_get_teacher_console[to_jsonb(row) exposes field] ; database/044_sprint7_focused_level1_corrections.sql:L65@s7_get_teacher_console[to_jsonb(row) exposes field] ; database/047_sprint8_export_completeness.sql:L35@s8_export_session[qualified/rowtype field reference] ; database/048_sprint8_focused_level1_corrections.sql:L119@s8_export_session[qualified/rowtype field reference],9,MEDIUM:scripts/wp-r4a-post-smoke-verify.mjs:L56@main[property-name reference] ; MEDIUM:scripts/wp-r4a-publish-activate-images.mjs:L100@loadFailureEvents[property-name reference] ; MEDIUM:src/teacher/teacher-console.js:L301@renderOverrideState[property-name reference] ; MEDIUM:tests/level2-residual-live-e2e.js:L48@main[property-name reference] ; MEDIUM:tests/level2-residual-live-e2e.js:L49@main[property-name reference] ; MEDIUM:tests/sprint1-live-e2e.js:L388@testConcurrentJoin[property-name reference] ; MEDIUM:tests/sprint4-live-e2e.js:L13@main[property-name reference] ; MEDIUM:tests/sprint4-live-e2e.js:L14@main[property-name reference] ; MEDIUM:tests/structural-package-d-live-e2e.js:L40@main[property-name reference],5,READ:tests/level2-residual-integrity-transaction.sql:L22@TEST_SQL[bare field in single test statement] ; READ:tests/level2-residual-integrity-transaction.sql:L33@TEST_SQL[bare field in single test statement] ; READ:tests/level2-residual-integrity-transaction.sql:L6@TEST_SQL[bare field in single test statement] ; READ:tests/sprint8-final-closure-integrity-transaction.sql:L16@TEST_SQL[bare field in single test statement] ; READ:tests/sprint8-final-closure-integrity-transaction.sql:L19@TEST_SQL[bare field in single test statement],0,
F0430,teacher_overrides#10,teacher_overrides,invalidated_scope,10,1,YES,13,database/015_sprint3c_minimal_safe_teacher_override.sql:L77@teacher_apply_override[INSERT positional/all columns]{POSITIONAL_WRITE} ; database/015_sprint3c_minimal_safe_teacher_override.sql:L90@teacher_apply_override[INSERT positional/all columns]{POSITIONAL_WRITE} ; database/015_sprint3c_minimal_safe_teacher_override.sql:L98@teacher_apply_override[INSERT positional/all columns]{POSITIONAL_WRITE} ; database/054_level3_integrated_closure.sql:L28@teacher_apply_override[INSERT positional/all columns]{POSITIONAL_WRITE} ; database/054_level3_integrated_closure.sql:L42@teacher_apply_override[INSERT positional/all columns]{POSITIONAL_WRITE} ; database/054_level3_integrated_closure.sql:L62@teacher_apply_override[INSERT positional/all columns]{POSITIONAL_WRITE} ; database/054_level3_integrated_closure.sql:L69@teacher_apply_override[INSERT positional/all columns]{POSITIONAL_WRITE} ; database/054_level3_integrated_closure.sql:L74@teacher_apply_override[INSERT positional/all columns]{POSITIONAL_WRITE} ; database/054_level3_integrated_closure.sql:L81@teacher_apply_override[INSERT positional/all columns]{POSITIONAL_WRITE} ; database/054_level3_integrated_closure.sql:L90@teacher_apply_override[INSERT positional/all columns]{POSITIONAL_WRITE} ; database/054_level3_integrated_closure.sql:L97@teacher_apply_override[INSERT positional/all columns]{POSITIONAL_WRITE} ; database/055_level2_override_export_residual_closure.sql:L54@teacher_apply_override[UPDATE SET]{DIRECT_OR_COMPUTED} ; database/056_level2_override_validity_binding_fix.sql:L54@teacher_apply_override[UPDATE SET]{DIRECT_OR_COMPUTED},5,database/043_sprint7_teacher_console.sql:L81@s7_get_teacher_console[to_jsonb(row) exposes field] ; database/044_sprint7_focused_level1_corrections.sql:L65@s7_get_teacher_console[to_jsonb(row) exposes field] ; database/047_sprint8_export_completeness.sql:L35@s8_export_session[qualified/rowtype field reference] ; database/048_sprint8_focused_level1_corrections.sql:L119@s8_export_session[qualified/rowtype field reference] ; database/057_teacher_override_event_scope_consistency.sql:L19@teacher_apply_override[qualified/rowtype field reference],7,MEDIUM:tests/level2-residual-live-e2e.js:L26@main[property-name reference] ; MEDIUM:tests/level2-residual-live-e2e.js:L28@main[property-name reference] ; MEDIUM:tests/level2-residual-live-e2e.js:L40@main[property-name reference] ; MEDIUM:tests/level2-residual-live-e2e.js:L42@main[property-name reference] ; MEDIUM:tests/level2-residual-live-e2e.js:L50@main[property-name reference] ; MEDIUM:tests/level2-residual-live-e2e.js:L58@main[property-name reference] ; MEDIUM:tests/sprint3c-live-e2e.js:L20@main[property-name reference],3,READ:tests/level2-residual-integrity-transaction.sql:L18@TEST_SQL[bare field in single test statement] ; READ:tests/level2-residual-integrity-transaction.sql:L28@TEST_SQL[bare field in single test statement] ; READ:tests/level2-residual-integrity-transaction.sql:L33@TEST_SQL[bare field in single test statement],0,
F0431,teacher_overrides#11,teacher_overrides,behavior_scoring,11,3,NO,11,database/015_sprint3c_minimal_safe_teacher_override.sql:L77@teacher_apply_override[INSERT positional/all columns]{POSITIONAL_WRITE} ; database/015_sprint3c_minimal_safe_teacher_override.sql:L90@teacher_apply_override[INSERT positional/all columns]{POSITIONAL_WRITE} ; database/015_sprint3c_minimal_safe_teacher_override.sql:L98@teacher_apply_override[INSERT positional/all columns]{POSITIONAL_WRITE} ; database/054_level3_integrated_closure.sql:L28@teacher_apply_override[INSERT positional/all columns]{POSITIONAL_WRITE} ; database/054_level3_integrated_closure.sql:L42@teacher_apply_override[INSERT positional/all columns]{POSITIONAL_WRITE} ; database/054_level3_integrated_closure.sql:L62@teacher_apply_override[INSERT positional/all columns]{POSITIONAL_WRITE} ; database/054_level3_integrated_closure.sql:L69@teacher_apply_override[INSERT positional/all columns]{POSITIONAL_WRITE} ; database/054_level3_integrated_closure.sql:L74@teacher_apply_override[INSERT positional/all columns]{POSITIONAL_WRITE} ; database/054_level3_integrated_closure.sql:L81@teacher_apply_override[INSERT positional/all columns]{POSITIONAL_WRITE} ; database/054_level3_integrated_closure.sql:L90@teacher_apply_override[INSERT positional/all columns]{POSITIONAL_WRITE} ; database/054_level3_integrated_closure.sql:L97@teacher_apply_override[INSERT positional/all columns]{POSITIONAL_WRITE},2,database/043_sprint7_teacher_console.sql:L81@s7_get_teacher_console[to_jsonb(row) exposes field] ; database/044_sprint7_focused_level1_corrections.sql:L65@s7_get_teacher_console[to_jsonb(row) exposes field],0,,0,,0,
F0432,teacher_overrides#12,teacher_overrides,created_at,12,11,NO,11,database/015_sprint3c_minimal_safe_teacher_override.sql:L77@teacher_apply_override[INSERT positional/all columns]{POSITIONAL_WRITE} ; database/015_sprint3c_minimal_safe_teacher_override.sql:L90@teacher_apply_override[INSERT positional/all columns]{POSITIONAL_WRITE} ; database/015_sprint3c_minimal_safe_teacher_override.sql:L98@teacher_apply_override[INSERT positional/all columns]{POSITIONAL_WRITE} ; database/054_level3_integrated_closure.sql:L28@teacher_apply_override[INSERT positional/all columns]{POSITIONAL_WRITE} ; database/054_level3_integrated_closure.sql:L42@teacher_apply_override[INSERT positional/all columns]{POSITIONAL_WRITE} ; database/054_level3_integrated_closure.sql:L62@teacher_apply_override[INSERT positional/all columns]{POSITIONAL_WRITE} ; database/054_level3_integrated_closure.sql:L69@teacher_apply_override[INSERT positional/all columns]{POSITIONAL_WRITE} ; database/054_level3_integrated_closure.sql:L74@teacher_apply_override[INSERT positional/all columns]{POSITIONAL_WRITE} ; database/054_level3_integrated_closure.sql:L81@teacher_apply_override[INSERT positional/all columns]{POSITIONAL_WRITE} ; database/054_level3_integrated_closure.sql:L90@teacher_apply_override[INSERT positional/all columns]{POSITIONAL_WRITE} ; database/054_level3_integrated_closure.sql:L97@teacher_apply_override[INSERT positional/all columns]{POSITIONAL_WRITE},7,database/043_sprint7_teacher_console.sql:L81@s7_get_teacher_console[qualified/rowtype field reference] ; database/043_sprint7_teacher_console.sql:L81@s7_get_teacher_console[to_jsonb(row) exposes field] ; database/044_sprint7_focused_level1_corrections.sql:L65@s7_get_teacher_console[qualified/rowtype field reference] ; database/044_sprint7_focused_level1_corrections.sql:L65@s7_get_teacher_console[to_jsonb(row) exposes field] ; database/047_sprint8_export_completeness.sql:L35@s8_export_session[qualified/rowtype field reference] ; database/048_sprint8_focused_level1_corrections.sql:L119@s8_export_session[qualified/rowtype field reference] ; database/054_level3_integrated_closure.sql:L17@teacher_apply_override[qualified/rowtype field reference],0,,2,READ:tests/level2-residual-integrity-transaction.sql:L33@TEST_SQL[bare field in single test statement] ; READ:tests/level2-residual-integrity-transaction.sql:L6@TEST_SQL[bare field in single test statement],0,
