global_field_id,field_id,raw_SQL_writes,effective_static_sql_writes,historical_or_migration_only_sql_writes,unresolved_SQL_write_mapping,effective_static_write_witnesses,raw_SQL_reads,effective_static_sql_reads,historical_or_migration_only_sql_reads,unresolved_SQL_read_mapping,effective_static_read_witnesses,evidence_scope,deployed_database_effective_functions_verified
F0001,act6_13_event_ledger#01,0,0,0,0,,1,1,0,0,"act6_13_get_timeline(text,text)@database/037_level3_independent_audit_closure.sql:L183",STATIC_ACTIVE_FUNCTION_LAST_DEFINITION_CANDIDATES,NO_DEPLOYED_DATABASE_INSPECTION
F0002,act6_13_event_ledger#02,5,5,0,0,"s6_refresh_owned_discussion(uuid)@database/037_level3_independent_audit_closure.sql:L151 | s6_mark_audio_consumed(text,text,uuid,text)@database/037_level3_independent_audit_closure.sql:L174 | act6_13_capture_s5_transition()@database/037_level3_independent_audit_closure.sql:L49 | act6_13_capture_s6_transition()@database/037_level3_independent_audit_closure.sql:L75 | act6_13_capture_s6_transition()@database/037_level3_independent_audit_closure.sql:L79",1,1,0,0,"act6_13_get_timeline(text,text)@database/037_level3_independent_audit_closure.sql:L183",STATIC_ACTIVE_FUNCTION_LAST_DEFINITION_CANDIDATES,NO_DEPLOYED_DATABASE_INSPECTION
F0003,act6_13_event_ledger#03,5,5,0,0,"s6_refresh_owned_discussion(uuid)@database/037_level3_independent_audit_closure.sql:L151 | s6_mark_audio_consumed(text,text,uuid,text)@database/037_level3_independent_audit_closure.sql:L174 | act6_13_capture_s5_transition()@database/037_level3_independent_audit_closure.sql:L49 | act6_13_capture_s6_transition()@database/037_level3_independent_audit_closure.sql:L75 | act6_13_capture_s6_transition()@database/037_level3_independent_audit_closure.sql:L79",1,1,0,0,"act6_13_get_timeline(text,text)@database/037_level3_independent_audit_closure.sql:L183",STATIC_ACTIVE_FUNCTION_LAST_DEFINITION_CANDIDATES,NO_DEPLOYED_DATABASE_INSPECTION
F0004,act6_13_event_ledger#04,4,4,0,0,s6_refresh_owned_discussion(uuid)@database/037_level3_independent_audit_closure.sql:L151 | act6_13_capture_s5_transition()@database/037_level3_independent_audit_closure.sql:L49 | act6_13_capture_s6_transition()@database/037_level3_independent_audit_closure.sql:L75 | act6_13_capture_s6_transition()@database/037_level3_independent_audit_closure.sql:L79,1,1,0,0,"act6_13_get_timeline(text,text)@database/037_level3_independent_audit_closure.sql:L183",STATIC_ACTIVE_FUNCTION_LAST_DEFINITION_CANDIDATES,NO_DEPLOYED_DATABASE_INSPECTION
F0005,act6_13_event_ledger#05,5,5,0,0,"s6_refresh_owned_discussion(uuid)@database/037_level3_independent_audit_closure.sql:L151 | s6_mark_audio_consumed(text,text,uuid,text)@database/037_level3_independent_audit_closure.sql:L174 | act6_13_capture_s5_transition()@database/037_level3_independent_audit_closure.sql:L49 | act6_13_capture_s6_transition()@database/037_level3_independent_audit_closure.sql:L75 | act6_13_capture_s6_transition()@database/037_level3_independent_audit_closure.sql:L79",1,1,0,0,"act6_13_get_timeline(text,text)@database/037_level3_independent_audit_closure.sql:L183",STATIC_ACTIVE_FUNCTION_LAST_DEFINITION_CANDIDATES,NO_DEPLOYED_DATABASE_INSPECTION
F0006,act6_13_event_ledger#06,2,2,0,0,"s6_mark_audio_consumed(text,text,uuid,text)@database/037_level3_independent_audit_closure.sql:L174 | act6_13_capture_s6_transition()@database/037_level3_independent_audit_closure.sql:L79",1,1,0,0,"act6_13_get_timeline(text,text)@database/037_level3_independent_audit_closure.sql:L183",STATIC_ACTIVE_FUNCTION_LAST_DEFINITION_CANDIDATES,NO_DEPLOYED_DATABASE_INSPECTION
F0007,act6_13_event_ledger#07,1,1,0,0,"s6_mark_audio_consumed(text,text,uuid,text)@database/037_level3_independent_audit_closure.sql:L174",1,1,0,0,"act6_13_get_timeline(text,text)@database/037_level3_independent_audit_closure.sql:L183",STATIC_ACTIVE_FUNCTION_LAST_DEFINITION_CANDIDATES,NO_DEPLOYED_DATABASE_INSPECTION
F0008,act6_13_event_ledger#08,5,5,0,0,"s6_refresh_owned_discussion(uuid)@database/037_level3_independent_audit_closure.sql:L151 | s6_mark_audio_consumed(text,text,uuid,text)@database/037_level3_independent_audit_closure.sql:L174 | act6_13_capture_s5_transition()@database/037_level3_independent_audit_closure.sql:L49 | act6_13_capture_s6_transition()@database/037_level3_independent_audit_closure.sql:L75 | act6_13_capture_s6_transition()@database/037_level3_independent_audit_closure.sql:L79",1,1,0,0,"act6_13_get_timeline(text,text)@database/037_level3_independent_audit_closure.sql:L183",STATIC_ACTIVE_FUNCTION_LAST_DEFINITION_CANDIDATES,NO_DEPLOYED_DATABASE_INSPECTION
F0009,act6_13_event_ledger#09,0,0,0,0,,1,1,0,0,"act6_13_get_timeline(text,text)@database/037_level3_independent_audit_closure.sql:L183",STATIC_ACTIVE_FUNCTION_LAST_DEFINITION_CANDIDATES,NO_DEPLOYED_DATABASE_INSPECTION
F0010,asset_candidates#01,0,0,0,0,,30,13,17,0,"asset_manager_mark_published(text,uuid,text,text)@database/019_sprint4_teacher_authority_correction.sql:L64 | asset_resolve(text)@database/019_sprint4_teacher_authority_correction.sql:L77 | asset_manager_activate(text,uuid)@database/022_sprint4_paired_activation_gate.sql:L10 | asset_manager_rollback(text,uuid)@database/023_sprint4_rollback_state_correction.sql:L8 | asset_manager_submit_for_review(uuid)@database/024_sprint4_level1_narrow_corrections.sql:L41 | asset_manager_import_candidate(text,jsonb)@database/025_sprint4_two_narrow_blockers.sql:L13 | asset_manager_import_candidate(text,jsonb)@database/025_sprint4_two_narrow_blockers.sql:L23 | asset_manager_import_candidate(text,jsonb)@database/025_sprint4_two_narrow_blockers.sql:L27 | asset_manager_import_candidate(text,jsonb)@database/025_sprint4_two_narrow_blockers.sql:L28 | asset_manager_transition_group(text,uuid[],text)@database/026_sprint4_group_target_and_registry_lock.sql:L17 | asset_manager_transition_group(text,uuid[],text)@database/026_sprint4_group_target_and_registry_lock.sql:L30 | asset_manager_transition_group(text,uuid[],text)@database/026_sprint4_group_target_and_registry_lock.sql:L36 | asset_manager_transition_group(text,uuid[],text)@database/026_sprint4_group_target_and_registry_lock.sql:L37",STATIC_ACTIVE_FUNCTION_LAST_DEFINITION_CANDIDATES,NO_DEPLOYED_DATABASE_INSPECTION
F0011,asset_candidates#02,4,2,2,0,"asset_manager_register_candidate(text,jsonb)@database/019_sprint4_teacher_authority_correction.sql:L48 | asset_manager_import_candidate(text,jsonb)@database/025_sprint4_two_narrow_blockers.sql:L25",37,14,23,0,"asset_manager_mark_published(text,uuid,text,text)@database/019_sprint4_teacher_authority_correction.sql:L64 | asset_manager_mark_published(text,uuid,text,text)@database/019_sprint4_teacher_authority_correction.sql:L66 | asset_resolve(text)@database/019_sprint4_teacher_authority_correction.sql:L77 | asset_resolve(text)@database/019_sprint4_teacher_authority_correction.sql:L78 | asset_manager_activate(text,uuid)@database/022_sprint4_paired_activation_gate.sql:L10 | asset_manager_activate(text,uuid)@database/022_sprint4_paired_activation_gate.sql:L14 | asset_manager_activate(text,uuid)@database/022_sprint4_paired_activation_gate.sql:L16 | asset_manager_rollback(text,uuid)@database/023_sprint4_rollback_state_correction.sql:L8 | asset_manager_submit_for_review(uuid)@database/024_sprint4_level1_narrow_corrections.sql:L41 | asset_manager_import_candidate(text,jsonb)@database/025_sprint4_two_narrow_blockers.sql:L13 | asset_manager_import_candidate(text,jsonb)@database/025_sprint4_two_narrow_blockers.sql:L27 | asset_manager_transition_group(text,uuid[],text)@database/026_sprint4_group_target_and_registry_lock.sql:L17 | asset_manager_transition_group(text,uuid[],text)@database/026_sprint4_group_target_and_registry_lock.sql:L36 | asset_report_load_failure(text,integer,text)@database/058_sprint9_active_asset_load_failure_telemetry.sql:L13",STATIC_ACTIVE_FUNCTION_LAST_DEFINITION_CANDIDATES,NO_DEPLOYED_DATABASE_INSPECTION
F0012,asset_candidates#03,4,2,2,0,"asset_manager_register_candidate(text,jsonb)@database/019_sprint4_teacher_authority_correction.sql:L48 | asset_manager_import_candidate(text,jsonb)@database/025_sprint4_two_narrow_blockers.sql:L25",38,15,23,0,"asset_manager_mark_published(text,uuid,text,text)@database/019_sprint4_teacher_authority_correction.sql:L64 | asset_manager_mark_published(text,uuid,text,text)@database/019_sprint4_teacher_authority_correction.sql:L66 | asset_resolve(text)@database/019_sprint4_teacher_authority_correction.sql:L77 | asset_resolve(text)@database/019_sprint4_teacher_authority_correction.sql:L78 | asset_manager_activate(text,uuid)@database/022_sprint4_paired_activation_gate.sql:L10 | asset_manager_activate(text,uuid)@database/022_sprint4_paired_activation_gate.sql:L15 | asset_manager_activate(text,uuid)@database/022_sprint4_paired_activation_gate.sql:L16 | asset_manager_rollback(text,uuid)@database/023_sprint4_rollback_state_correction.sql:L8 | asset_manager_submit_for_review(uuid)@database/024_sprint4_level1_narrow_corrections.sql:L41 | asset_manager_import_candidate(text,jsonb)@database/025_sprint4_two_narrow_blockers.sql:L13 | asset_manager_import_candidate(text,jsonb)@database/025_sprint4_two_narrow_blockers.sql:L27 | asset_manager_transition_group(text,uuid[],text)@database/026_sprint4_group_target_and_registry_lock.sql:L30 | asset_manager_transition_group(text,uuid[],text)@database/026_sprint4_group_target_and_registry_lock.sql:L36 | asset_report_load_failure(text,integer,text)@database/058_sprint9_active_asset_load_failure_telemetry.sql:L13 | asset_report_load_failure(text,integer,text)@database/058_sprint9_active_asset_load_failure_telemetry.sql:L14",STATIC_ACTIVE_FUNCTION_LAST_DEFINITION_CANDIDATES,NO_DEPLOYED_DATABASE_INSPECTION
F0013,asset_candidates#04,4,2,2,0,"asset_manager_register_candidate(text,jsonb)@database/019_sprint4_teacher_authority_correction.sql:L48 | asset_manager_import_candidate(text,jsonb)@database/025_sprint4_two_narrow_blockers.sql:L25",21,8,13,0,"asset_manager_mark_published(text,uuid,text,text)@database/019_sprint4_teacher_authority_correction.sql:L64 | asset_resolve(text)@database/019_sprint4_teacher_authority_correction.sql:L77 | asset_resolve(text)@database/019_sprint4_teacher_authority_correction.sql:L78 | asset_manager_activate(text,uuid)@database/022_sprint4_paired_activation_gate.sql:L10 | asset_manager_rollback(text,uuid)@database/023_sprint4_rollback_state_correction.sql:L8 | asset_manager_submit_for_review(uuid)@database/024_sprint4_level1_narrow_corrections.sql:L41 | asset_manager_import_candidate(text,jsonb)@database/025_sprint4_two_narrow_blockers.sql:L13 | asset_manager_import_candidate(text,jsonb)@database/025_sprint4_two_narrow_blockers.sql:L16",STATIC_ACTIVE_FUNCTION_LAST_DEFINITION_CANDIDATES,NO_DEPLOYED_DATABASE_INSPECTION
F0014,asset_candidates#05,2,1,1,0,"asset_manager_register_candidate(text,jsonb)@database/019_sprint4_teacher_authority_correction.sql:L48",17,6,11,0,"asset_manager_mark_published(text,uuid,text,text)@database/019_sprint4_teacher_authority_correction.sql:L64 | asset_resolve(text)@database/019_sprint4_teacher_authority_correction.sql:L77 | asset_manager_activate(text,uuid)@database/022_sprint4_paired_activation_gate.sql:L10 | asset_manager_rollback(text,uuid)@database/023_sprint4_rollback_state_correction.sql:L8 | asset_manager_submit_for_review(uuid)@database/024_sprint4_level1_narrow_corrections.sql:L41 | asset_manager_import_candidate(text,jsonb)@database/025_sprint4_two_narrow_blockers.sql:L13",STATIC_ACTIVE_FUNCTION_LAST_DEFINITION_CANDIDATES,NO_DEPLOYED_DATABASE_INSPECTION
F0015,asset_candidates#06,2,1,1,0,"asset_manager_register_candidate(text,jsonb)@database/019_sprint4_teacher_authority_correction.sql:L48",17,6,11,0,"asset_manager_mark_published(text,uuid,text,text)@database/019_sprint4_teacher_authority_correction.sql:L64 | asset_resolve(text)@database/019_sprint4_teacher_authority_correction.sql:L77 | asset_manager_activate(text,uuid)@database/022_sprint4_paired_activation_gate.sql:L10 | asset_manager_rollback(text,uuid)@database/023_sprint4_rollback_state_correction.sql:L8 | asset_manager_submit_for_review(uuid)@database/024_sprint4_level1_narrow_corrections.sql:L41 | asset_manager_import_candidate(text,jsonb)@database/025_sprint4_two_narrow_blockers.sql:L13",STATIC_ACTIVE_FUNCTION_LAST_DEFINITION_CANDIDATES,NO_DEPLOYED_DATABASE_INSPECTION
F0016,asset_candidates#07,4,2,2,0,"asset_manager_register_candidate(text,jsonb)@database/019_sprint4_teacher_authority_correction.sql:L48 | asset_manager_import_candidate(text,jsonb)@database/025_sprint4_two_narrow_blockers.sql:L25",17,6,11,0,"asset_manager_mark_published(text,uuid,text,text)@database/019_sprint4_teacher_authority_correction.sql:L64 | asset_resolve(text)@database/019_sprint4_teacher_authority_correction.sql:L77 | asset_manager_activate(text,uuid)@database/022_sprint4_paired_activation_gate.sql:L10 | asset_manager_rollback(text,uuid)@database/023_sprint4_rollback_state_correction.sql:L8 | asset_manager_submit_for_review(uuid)@database/024_sprint4_level1_narrow_corrections.sql:L41 | asset_manager_import_candidate(text,jsonb)@database/025_sprint4_two_narrow_blockers.sql:L13",STATIC_ACTIVE_FUNCTION_LAST_DEFINITION_CANDIDATES,NO_DEPLOYED_DATABASE_INSPECTION
F0017,asset_candidates#08,4,2,2,0,"asset_manager_register_candidate(text,jsonb)@database/019_sprint4_teacher_authority_correction.sql:L48 | asset_manager_mark_published(text,uuid,text,text)@database/019_sprint4_teacher_authority_correction.sql:L66",20,8,12,0,"asset_manager_mark_published(text,uuid,text,text)@database/019_sprint4_teacher_authority_correction.sql:L64 | asset_resolve(text)@database/019_sprint4_teacher_authority_correction.sql:L77 | asset_resolve(text)@database/019_sprint4_teacher_authority_correction.sql:L78 | asset_manager_activate(text,uuid)@database/022_sprint4_paired_activation_gate.sql:L10 | asset_manager_rollback(text,uuid)@database/023_sprint4_rollback_state_correction.sql:L8 | asset_manager_submit_for_review(uuid)@database/024_sprint4_level1_narrow_corrections.sql:L41 | asset_manager_import_candidate(text,jsonb)@database/025_sprint4_two_narrow_blockers.sql:L13 | asset_report_load_failure(text,integer,text)@database/058_sprint9_active_asset_load_failure_telemetry.sql:L15",STATIC_ACTIVE_FUNCTION_LAST_DEFINITION_CANDIDATES,NO_DEPLOYED_DATABASE_INSPECTION
F0018,asset_candidates#09,17,7,10,0,"asset_manager_register_candidate(text,jsonb)@database/019_sprint4_teacher_authority_correction.sql:L48 | asset_manager_rollback(text,uuid)@database/023_sprint4_rollback_state_correction.sql:L10 | asset_manager_submit_for_review(uuid)@database/024_sprint4_level1_narrow_corrections.sql:L41 | asset_manager_import_candidate(text,jsonb)@database/025_sprint4_two_narrow_blockers.sql:L25 | asset_manager_rollback_group(text,uuid[])@database/025_sprint4_two_narrow_blockers.sql:L72 | asset_manager_transition_group(text,uuid[],text)@database/026_sprint4_group_target_and_registry_lock.sql:L38 | asset_manager_transition_group(text,uuid[],text)@database/026_sprint4_group_target_and_registry_lock.sql:L39",38,15,23,0,"asset_manager_mark_published(text,uuid,text,text)@database/019_sprint4_teacher_authority_correction.sql:L64 | asset_manager_mark_published(text,uuid,text,text)@database/019_sprint4_teacher_authority_correction.sql:L65 | asset_resolve(text)@database/019_sprint4_teacher_authority_correction.sql:L77 | asset_manager_activate(text,uuid)@database/022_sprint4_paired_activation_gate.sql:L10 | asset_manager_activate(text,uuid)@database/022_sprint4_paired_activation_gate.sql:L17 | asset_manager_rollback(text,uuid)@database/023_sprint4_rollback_state_correction.sql:L8 | asset_manager_rollback(text,uuid)@database/023_sprint4_rollback_state_correction.sql:L9 | asset_manager_submit_for_review(uuid)@database/024_sprint4_level1_narrow_corrections.sql:L41 | asset_manager_submit_for_review(uuid)@database/024_sprint4_level1_narrow_corrections.sql:L41 | asset_manager_import_candidate(text,jsonb)@database/025_sprint4_two_narrow_blockers.sql:L13 | asset_manager_import_candidate(text,jsonb)@database/025_sprint4_two_narrow_blockers.sql:L23 | asset_manager_import_candidate(text,jsonb)@database/025_sprint4_two_narrow_blockers.sql:L28 | asset_manager_transition_group(text,uuid[],text)@database/026_sprint4_group_target_and_registry_lock.sql:L30 | asset_manager_transition_group(text,uuid[],text)@database/026_sprint4_group_target_and_registry_lock.sql:L36 | asset_report_load_failure(text,integer,text)@database/058_sprint9_active_asset_load_failure_telemetry.sql:L14",STATIC_ACTIVE_FUNCTION_LAST_DEFINITION_CANDIDATES,NO_DEPLOYED_DATABASE_INSPECTION
F0019,asset_candidates#10,2,0,2,0,,17,6,11,0,"asset_manager_mark_published(text,uuid,text,text)@database/019_sprint4_teacher_authority_correction.sql:L64 | asset_resolve(text)@database/019_sprint4_teacher_authority_correction.sql:L77 | asset_manager_activate(text,uuid)@database/022_sprint4_paired_activation_gate.sql:L10 | asset_manager_rollback(text,uuid)@database/023_sprint4_rollback_state_correction.sql:L8 | asset_manager_submit_for_review(uuid)@database/024_sprint4_level1_narrow_corrections.sql:L41 | asset_manager_import_candidate(text,jsonb)@database/025_sprint4_two_narrow_blockers.sql:L13",STATIC_ACTIVE_FUNCTION_LAST_DEFINITION_CANDIDATES,NO_DEPLOYED_DATABASE_INSPECTION
F0020,asset_candidates#11,2,0,2,0,,17,6,11,0,"asset_manager_mark_published(text,uuid,text,text)@database/019_sprint4_teacher_authority_correction.sql:L64 | asset_resolve(text)@database/019_sprint4_teacher_authority_correction.sql:L77 | asset_manager_activate(text,uuid)@database/022_sprint4_paired_activation_gate.sql:L10 | asset_manager_rollback(text,uuid)@database/023_sprint4_rollback_state_correction.sql:L8 | asset_manager_submit_for_review(uuid)@database/024_sprint4_level1_narrow_corrections.sql:L41 | asset_manager_import_candidate(text,jsonb)@database/025_sprint4_two_narrow_blockers.sql:L13",STATIC_ACTIVE_FUNCTION_LAST_DEFINITION_CANDIDATES,NO_DEPLOYED_DATABASE_INSPECTION
F0021,asset_candidates#12,0,0,0,0,,17,6,11,0,"asset_manager_mark_published(text,uuid,text,text)@database/019_sprint4_teacher_authority_correction.sql:L64 | asset_resolve(text)@database/019_sprint4_teacher_authority_correction.sql:L77 | asset_manager_activate(text,uuid)@database/022_sprint4_paired_activation_gate.sql:L10 | asset_manager_rollback(text,uuid)@database/023_sprint4_rollback_state_correction.sql:L8 | asset_manager_submit_for_review(uuid)@database/024_sprint4_level1_narrow_corrections.sql:L41 | asset_manager_import_candidate(text,jsonb)@database/025_sprint4_two_narrow_blockers.sql:L13",STATIC_ACTIVE_FUNCTION_LAST_DEFINITION_CANDIDATES,NO_DEPLOYED_DATABASE_INSPECTION
F0022,asset_candidates#13,4,2,2,0,"asset_manager_register_candidate(text,jsonb)@database/019_sprint4_teacher_authority_correction.sql:L48 | asset_manager_import_candidate(text,jsonb)@database/025_sprint4_two_narrow_blockers.sql:L25",17,6,11,0,"asset_manager_mark_published(text,uuid,text,text)@database/019_sprint4_teacher_authority_correction.sql:L64 | asset_resolve(text)@database/019_sprint4_teacher_authority_correction.sql:L77 | asset_manager_activate(text,uuid)@database/022_sprint4_paired_activation_gate.sql:L10 | asset_manager_rollback(text,uuid)@database/023_sprint4_rollback_state_correction.sql:L8 | asset_manager_submit_for_review(uuid)@database/024_sprint4_level1_narrow_corrections.sql:L41 | asset_manager_import_candidate(text,jsonb)@database/025_sprint4_two_narrow_blockers.sql:L13",STATIC_ACTIVE_FUNCTION_LAST_DEFINITION_CANDIDATES,NO_DEPLOYED_DATABASE_INSPECTION
F0023,asset_candidates#14,4,2,2,0,"asset_manager_register_candidate(text,jsonb)@database/019_sprint4_teacher_authority_correction.sql:L48 | asset_manager_import_candidate(text,jsonb)@database/025_sprint4_two_narrow_blockers.sql:L25",17,6,11,0,"asset_manager_mark_published(text,uuid,text,text)@database/019_sprint4_teacher_authority_correction.sql:L64 | asset_resolve(text)@database/019_sprint4_teacher_authority_correction.sql:L77 | asset_manager_activate(text,uuid)@database/022_sprint4_paired_activation_gate.sql:L10 | asset_manager_rollback(text,uuid)@database/023_sprint4_rollback_state_correction.sql:L8 | asset_manager_submit_for_review(uuid)@database/024_sprint4_level1_narrow_corrections.sql:L41 | asset_manager_import_candidate(text,jsonb)@database/025_sprint4_two_narrow_blockers.sql:L13",STATIC_ACTIVE_FUNCTION_LAST_DEFINITION_CANDIDATES,NO_DEPLOYED_DATABASE_INSPECTION
F0024,asset_candidates#15,4,2,2,0,"asset_manager_register_candidate(text,jsonb)@database/019_sprint4_teacher_authority_correction.sql:L48 | asset_manager_import_candidate(text,jsonb)@database/025_sprint4_two_narrow_blockers.sql:L25",17,6,11,0,"asset_manager_mark_published(text,uuid,text,text)@database/019_sprint4_teacher_authority_correction.sql:L64 | asset_resolve(text)@database/019_sprint4_teacher_authority_correction.sql:L77 | asset_manager_activate(text,uuid)@database/022_sprint4_paired_activation_gate.sql:L10 | asset_manager_rollback(text,uuid)@database/023_sprint4_rollback_state_correction.sql:L8 | asset_manager_submit_for_review(uuid)@database/024_sprint4_level1_narrow_corrections.sql:L41 | asset_manager_import_candidate(text,jsonb)@database/025_sprint4_two_narrow_blockers.sql:L13",STATIC_ACTIVE_FUNCTION_LAST_DEFINITION_CANDIDATES,NO_DEPLOYED_DATABASE_INSPECTION
F0025,asset_candidates#16,4,2,2,0,"asset_manager_register_candidate(text,jsonb)@database/019_sprint4_teacher_authority_correction.sql:L48 | asset_manager_import_candidate(text,jsonb)@database/025_sprint4_two_narrow_blockers.sql:L25",21,9,12,0,"asset_manager_mark_published(text,uuid,text,text)@database/019_sprint4_teacher_authority_correction.sql:L64 | asset_resolve(text)@database/019_sprint4_teacher_authority_correction.sql:L77 | asset_manager_activate(text,uuid)@database/022_sprint4_paired_activation_gate.sql:L10 | asset_manager_activate(text,uuid)@database/022_sprint4_paired_activation_gate.sql:L12 | asset_manager_activate(text,uuid)@database/022_sprint4_paired_activation_gate.sql:L14 | asset_manager_rollback(text,uuid)@database/023_sprint4_rollback_state_correction.sql:L8 | asset_manager_submit_for_review(uuid)@database/024_sprint4_level1_narrow_corrections.sql:L41 | asset_manager_import_candidate(text,jsonb)@database/025_sprint4_two_narrow_blockers.sql:L13 | asset_manager_transition_group(text,uuid[],text)@database/026_sprint4_group_target_and_registry_lock.sql:L36",STATIC_ACTIVE_FUNCTION_LAST_DEFINITION_CANDIDATES,NO_DEPLOYED_DATABASE_INSPECTION
F0026,asset_candidates#17,4,2,2,0,"asset_manager_register_candidate(text,jsonb)@database/019_sprint4_teacher_authority_correction.sql:L48 | asset_manager_import_candidate(text,jsonb)@database/025_sprint4_two_narrow_blockers.sql:L25",17,6,11,0,"asset_manager_mark_published(text,uuid,text,text)@database/019_sprint4_teacher_authority_correction.sql:L64 | asset_resolve(text)@database/019_sprint4_teacher_authority_correction.sql:L77 | asset_manager_activate(text,uuid)@database/022_sprint4_paired_activation_gate.sql:L10 | asset_manager_rollback(text,uuid)@database/023_sprint4_rollback_state_correction.sql:L8 | asset_manager_submit_for_review(uuid)@database/024_sprint4_level1_narrow_corrections.sql:L41 | asset_manager_import_candidate(text,jsonb)@database/025_sprint4_two_narrow_blockers.sql:L13",STATIC_ACTIVE_FUNCTION_LAST_DEFINITION_CANDIDATES,NO_DEPLOYED_DATABASE_INSPECTION
F0027,asset_candidates#18,5,2,3,0,"asset_manager_register_candidate(text,jsonb)@database/019_sprint4_teacher_authority_correction.sql:L48 | asset_manager_import_candidate(text,jsonb)@database/025_sprint4_two_narrow_blockers.sql:L25",24,8,16,0,"asset_manager_mark_published(text,uuid,text,text)@database/019_sprint4_teacher_authority_correction.sql:L64 | asset_resolve(text)@database/019_sprint4_teacher_authority_correction.sql:L77 | asset_resolve(text)@database/019_sprint4_teacher_authority_correction.sql:L78 | asset_manager_activate(text,uuid)@database/022_sprint4_paired_activation_gate.sql:L10 | asset_manager_rollback(text,uuid)@database/023_sprint4_rollback_state_correction.sql:L8 | asset_manager_submit_for_review(uuid)@database/024_sprint4_level1_narrow_corrections.sql:L41 | asset_manager_import_candidate(text,jsonb)@database/025_sprint4_two_narrow_blockers.sql:L13 | asset_manager_transition_group(text,uuid[],text)@database/026_sprint4_group_target_and_registry_lock.sql:L32",STATIC_ACTIVE_FUNCTION_LAST_DEFINITION_CANDIDATES,NO_DEPLOYED_DATABASE_INSPECTION
F0028,asset_candidates#19,4,2,2,0,"asset_manager_register_candidate(text,jsonb)@database/019_sprint4_teacher_authority_correction.sql:L48 | asset_manager_import_candidate(text,jsonb)@database/025_sprint4_two_narrow_blockers.sql:L25",20,8,12,0,"asset_manager_mark_published(text,uuid,text,text)@database/019_sprint4_teacher_authority_correction.sql:L64 | asset_resolve(text)@database/019_sprint4_teacher_authority_correction.sql:L77 | asset_resolve(text)@database/019_sprint4_teacher_authority_correction.sql:L78 | asset_manager_activate(text,uuid)@database/022_sprint4_paired_activation_gate.sql:L10 | asset_manager_rollback(text,uuid)@database/023_sprint4_rollback_state_correction.sql:L8 | asset_manager_submit_for_review(uuid)@database/024_sprint4_level1_narrow_corrections.sql:L41 | asset_manager_import_candidate(text,jsonb)@database/025_sprint4_two_narrow_blockers.sql:L13 | asset_manager_import_candidate(text,jsonb)@database/025_sprint4_two_narrow_blockers.sql:L18",STATIC_ACTIVE_FUNCTION_LAST_DEFINITION_CANDIDATES,NO_DEPLOYED_DATABASE_INSPECTION
F0029,asset_candidates#20,4,2,2,0,"asset_manager_register_candidate(text,jsonb)@database/019_sprint4_teacher_authority_correction.sql:L48 | asset_manager_import_candidate(text,jsonb)@database/025_sprint4_two_narrow_blockers.sql:L25",20,8,12,0,"asset_manager_mark_published(text,uuid,text,text)@database/019_sprint4_teacher_authority_correction.sql:L64 | asset_resolve(text)@database/019_sprint4_teacher_authority_correction.sql:L77 | asset_resolve(text)@database/019_sprint4_teacher_authority_correction.sql:L78 | asset_manager_activate(text,uuid)@database/022_sprint4_paired_activation_gate.sql:L10 | asset_manager_rollback(text,uuid)@database/023_sprint4_rollback_state_correction.sql:L8 | asset_manager_submit_for_review(uuid)@database/024_sprint4_level1_narrow_corrections.sql:L41 | asset_manager_import_candidate(text,jsonb)@database/025_sprint4_two_narrow_blockers.sql:L13 | asset_manager_import_candidate(text,jsonb)@database/025_sprint4_two_narrow_blockers.sql:L19",STATIC_ACTIVE_FUNCTION_LAST_DEFINITION_CANDIDATES,NO_DEPLOYED_DATABASE_INSPECTION
F0030,asset_candidates#21,4,2,2,0,"asset_manager_register_candidate(text,jsonb)@database/019_sprint4_teacher_authority_correction.sql:L48 | asset_manager_import_candidate(text,jsonb)@database/025_sprint4_two_narrow_blockers.sql:L25",20,8,12,0,"asset_manager_mark_published(text,uuid,text,text)@database/019_sprint4_teacher_authority_correction.sql:L64 | asset_resolve(text)@database/019_sprint4_teacher_authority_correction.sql:L77 | asset_resolve(text)@database/019_sprint4_teacher_authority_correction.sql:L78 | asset_manager_activate(text,uuid)@database/022_sprint4_paired_activation_gate.sql:L10 | asset_manager_rollback(text,uuid)@database/023_sprint4_rollback_state_correction.sql:L8 | asset_manager_submit_for_review(uuid)@database/024_sprint4_level1_narrow_corrections.sql:L41 | asset_manager_import_candidate(text,jsonb)@database/025_sprint4_two_narrow_blockers.sql:L13 | asset_manager_import_candidate(text,jsonb)@database/025_sprint4_two_narrow_blockers.sql:L17",STATIC_ACTIVE_FUNCTION_LAST_DEFINITION_CANDIDATES,NO_DEPLOYED_DATABASE_INSPECTION
F0031,asset_candidates#22,4,2,2,0,"asset_manager_register_candidate(text,jsonb)@database/019_sprint4_teacher_authority_correction.sql:L48 | asset_manager_import_candidate(text,jsonb)@database/025_sprint4_two_narrow_blockers.sql:L25",20,8,12,0,"asset_manager_mark_published(text,uuid,text,text)@database/019_sprint4_teacher_authority_correction.sql:L64 | asset_resolve(text)@database/019_sprint4_teacher_authority_correction.sql:L77 | asset_resolve(text)@database/019_sprint4_teacher_authority_correction.sql:L78 | asset_manager_activate(text,uuid)@database/022_sprint4_paired_activation_gate.sql:L10 | asset_manager_rollback(text,uuid)@database/023_sprint4_rollback_state_correction.sql:L8 | asset_manager_submit_for_review(uuid)@database/024_sprint4_level1_narrow_corrections.sql:L41 | asset_manager_import_candidate(text,jsonb)@database/025_sprint4_two_narrow_blockers.sql:L13 | asset_manager_import_candidate(text,jsonb)@database/025_sprint4_two_narrow_blockers.sql:L20",STATIC_ACTIVE_FUNCTION_LAST_DEFINITION_CANDIDATES,NO_DEPLOYED_DATABASE_INSPECTION
F0032,asset_candidates#23,4,2,2,0,"asset_manager_register_candidate(text,jsonb)@database/019_sprint4_teacher_authority_correction.sql:L48 | asset_manager_import_candidate(text,jsonb)@database/025_sprint4_two_narrow_blockers.sql:L25",20,8,12,0,"asset_manager_mark_published(text,uuid,text,text)@database/019_sprint4_teacher_authority_correction.sql:L64 | asset_resolve(text)@database/019_sprint4_teacher_authority_correction.sql:L77 | asset_resolve(text)@database/019_sprint4_teacher_authority_correction.sql:L78 | asset_manager_activate(text,uuid)@database/022_sprint4_paired_activation_gate.sql:L10 | asset_manager_rollback(text,uuid)@database/023_sprint4_rollback_state_correction.sql:L8 | asset_manager_submit_for_review(uuid)@database/024_sprint4_level1_narrow_corrections.sql:L41 | asset_manager_import_candidate(text,jsonb)@database/025_sprint4_two_narrow_blockers.sql:L13 | asset_manager_import_candidate(text,jsonb)@database/025_sprint4_two_narrow_blockers.sql:L21",STATIC_ACTIVE_FUNCTION_LAST_DEFINITION_CANDIDATES,NO_DEPLOYED_DATABASE_INSPECTION
F0033,asset_candidates#24,4,2,2,0,"asset_manager_register_candidate(text,jsonb)@database/019_sprint4_teacher_authority_correction.sql:L48 | asset_manager_import_candidate(text,jsonb)@database/025_sprint4_two_narrow_blockers.sql:L25",17,6,11,0,"asset_manager_mark_published(text,uuid,text,text)@database/019_sprint4_teacher_authority_correction.sql:L64 | asset_resolve(text)@database/019_sprint4_teacher_authority_correction.sql:L77 | asset_manager_activate(text,uuid)@database/022_sprint4_paired_activation_gate.sql:L10 | asset_manager_rollback(text,uuid)@database/023_sprint4_rollback_state_correction.sql:L8 | asset_manager_submit_for_review(uuid)@database/024_sprint4_level1_narrow_corrections.sql:L41 | asset_manager_import_candidate(text,jsonb)@database/025_sprint4_two_narrow_blockers.sql:L13",STATIC_ACTIVE_FUNCTION_LAST_DEFINITION_CANDIDATES,NO_DEPLOYED_DATABASE_INSPECTION
F0034,asset_candidates#25,4,2,2,0,"asset_manager_register_candidate(text,jsonb)@database/019_sprint4_teacher_authority_correction.sql:L48 | asset_manager_import_candidate(text,jsonb)@database/025_sprint4_two_narrow_blockers.sql:L25",17,6,11,0,"asset_manager_mark_published(text,uuid,text,text)@database/019_sprint4_teacher_authority_correction.sql:L64 | asset_resolve(text)@database/019_sprint4_teacher_authority_correction.sql:L77 | asset_manager_activate(text,uuid)@database/022_sprint4_paired_activation_gate.sql:L10 | asset_manager_rollback(text,uuid)@database/023_sprint4_rollback_state_correction.sql:L8 | asset_manager_submit_for_review(uuid)@database/024_sprint4_level1_narrow_corrections.sql:L41 | asset_manager_import_candidate(text,jsonb)@database/025_sprint4_two_narrow_blockers.sql:L13",STATIC_ACTIVE_FUNCTION_LAST_DEFINITION_CANDIDATES,NO_DEPLOYED_DATABASE_INSPECTION
F0035,asset_candidates#26,4,2,2,0,"asset_manager_register_candidate(text,jsonb)@database/019_sprint4_teacher_authority_correction.sql:L48 | asset_manager_import_candidate(text,jsonb)@database/025_sprint4_two_narrow_blockers.sql:L25",17,6,11,0,"asset_manager_mark_published(text,uuid,text,text)@database/019_sprint4_teacher_authority_correction.sql:L64 | asset_resolve(text)@database/019_sprint4_teacher_authority_correction.sql:L77 | asset_manager_activate(text,uuid)@database/022_sprint4_paired_activation_gate.sql:L10 | asset_manager_rollback(text,uuid)@database/023_sprint4_rollback_state_correction.sql:L8 | asset_manager_submit_for_review(uuid)@database/024_sprint4_level1_narrow_corrections.sql:L41 | asset_manager_import_candidate(text,jsonb)@database/025_sprint4_two_narrow_blockers.sql:L13",STATIC_ACTIVE_FUNCTION_LAST_DEFINITION_CANDIDATES,NO_DEPLOYED_DATABASE_INSPECTION
F0036,asset_candidates#27,4,2,2,0,"asset_manager_register_candidate(text,jsonb)@database/019_sprint4_teacher_authority_correction.sql:L48 | asset_manager_import_candidate(text,jsonb)@database/025_sprint4_two_narrow_blockers.sql:L25",20,7,13,0,"asset_manager_mark_published(text,uuid,text,text)@database/019_sprint4_teacher_authority_correction.sql:L64 | asset_resolve(text)@database/019_sprint4_teacher_authority_correction.sql:L77 | asset_manager_activate(text,uuid)@database/022_sprint4_paired_activation_gate.sql:L10 | asset_manager_rollback(text,uuid)@database/023_sprint4_rollback_state_correction.sql:L8 | asset_manager_submit_for_review(uuid)@database/024_sprint4_level1_narrow_corrections.sql:L41 | asset_manager_import_candidate(text,jsonb)@database/025_sprint4_two_narrow_blockers.sql:L13 | asset_manager_transition_group(text,uuid[],text)@database/026_sprint4_group_target_and_registry_lock.sql:L32",STATIC_ACTIVE_FUNCTION_LAST_DEFINITION_CANDIDATES,NO_DEPLOYED_DATABASE_INSPECTION
F0037,asset_candidates#28,4,2,2,0,"asset_manager_register_candidate(text,jsonb)@database/019_sprint4_teacher_authority_correction.sql:L48 | asset_manager_import_candidate(text,jsonb)@database/025_sprint4_two_narrow_blockers.sql:L25",21,9,12,0,"asset_manager_mark_published(text,uuid,text,text)@database/019_sprint4_teacher_authority_correction.sql:L64 | asset_manager_mark_published(text,uuid,text,text)@database/019_sprint4_teacher_authority_correction.sql:L65 | asset_resolve(text)@database/019_sprint4_teacher_authority_correction.sql:L77 | asset_manager_activate(text,uuid)@database/022_sprint4_paired_activation_gate.sql:L10 | asset_manager_rollback(text,uuid)@database/023_sprint4_rollback_state_correction.sql:L8 | asset_manager_submit_for_review(uuid)@database/024_sprint4_level1_narrow_corrections.sql:L41 | asset_manager_import_candidate(text,jsonb)@database/025_sprint4_two_narrow_blockers.sql:L13 | asset_manager_import_candidate(text,jsonb)@database/025_sprint4_two_narrow_blockers.sql:L15 | asset_manager_import_candidate(text,jsonb)@database/025_sprint4_two_narrow_blockers.sql:L27",STATIC_ACTIVE_FUNCTION_LAST_DEFINITION_CANDIDATES,NO_DEPLOYED_DATABASE_INSPECTION
F0038,asset_candidates#29,2,1,1,0,"asset_manager_mark_published(text,uuid,text,text)@database/019_sprint4_teacher_authority_correction.sql:L66",26,10,16,0,"asset_manager_mark_published(text,uuid,text,text)@database/019_sprint4_teacher_authority_correction.sql:L64 | asset_resolve(text)@database/019_sprint4_teacher_authority_correction.sql:L77 | asset_manager_activate(text,uuid)@database/022_sprint4_paired_activation_gate.sql:L10 | asset_manager_activate(text,uuid)@database/022_sprint4_paired_activation_gate.sql:L17 | asset_manager_rollback(text,uuid)@database/023_sprint4_rollback_state_correction.sql:L8 | asset_manager_rollback(text,uuid)@database/023_sprint4_rollback_state_correction.sql:L9 | asset_manager_submit_for_review(uuid)@database/024_sprint4_level1_narrow_corrections.sql:L41 | asset_manager_import_candidate(text,jsonb)@database/025_sprint4_two_narrow_blockers.sql:L13 | asset_manager_transition_group(text,uuid[],text)@database/026_sprint4_group_target_and_registry_lock.sql:L30 | asset_report_load_failure(text,integer,text)@database/058_sprint9_active_asset_load_failure_telemetry.sql:L15",STATIC_ACTIVE_FUNCTION_LAST_DEFINITION_CANDIDATES,NO_DEPLOYED_DATABASE_INSPECTION
F0039,asset_events#01,9,2,7,0,"asset_manager_register_candidate(text,jsonb)@database/019_sprint4_teacher_authority_correction.sql:L50 | asset_manager_mark_published(text,uuid,text,text)@database/019_sprint4_teacher_authority_correction.sql:L66",0,0,0,0,,STATIC_ACTIVE_FUNCTION_LAST_DEFINITION_CANDIDATES,NO_DEPLOYED_DATABASE_INSPECTION
F0040,asset_events#02,15,6,9,0,"asset_manager_register_candidate(text,jsonb)@database/019_sprint4_teacher_authority_correction.sql:L50 | asset_manager_mark_published(text,uuid,text,text)@database/019_sprint4_teacher_authority_correction.sql:L66 | asset_resolve(text)@database/019_sprint4_teacher_authority_correction.sql:L77 | asset_manager_import_candidate(text,jsonb)@database/025_sprint4_two_narrow_blockers.sql:L27 | asset_manager_transition_group(text,uuid[],text)@database/026_sprint4_group_target_and_registry_lock.sql:L35 | asset_report_load_failure(text,integer,text)@database/058_sprint9_active_asset_load_failure_telemetry.sql:L27",1,1,0,0,"asset_report_load_failure(text,integer,text)@database/058_sprint9_active_asset_load_failure_telemetry.sql:L22",STATIC_ACTIVE_FUNCTION_LAST_DEFINITION_CANDIDATES,NO_DEPLOYED_DATABASE_INSPECTION
F0041,asset_events#03,15,6,9,0,"asset_manager_register_candidate(text,jsonb)@database/019_sprint4_teacher_authority_correction.sql:L50 | asset_manager_mark_published(text,uuid,text,text)@database/019_sprint4_teacher_authority_correction.sql:L66 | asset_resolve(text)@database/019_sprint4_teacher_authority_correction.sql:L77 | asset_manager_import_candidate(text,jsonb)@database/025_sprint4_two_narrow_blockers.sql:L27 | asset_manager_transition_group(text,uuid[],text)@database/026_sprint4_group_target_and_registry_lock.sql:L35 | asset_report_load_failure(text,integer,text)@database/058_sprint9_active_asset_load_failure_telemetry.sql:L27",1,1,0,0,"asset_report_load_failure(text,integer,text)@database/058_sprint9_active_asset_load_failure_telemetry.sql:L22",STATIC_ACTIVE_FUNCTION_LAST_DEFINITION_CANDIDATES,NO_DEPLOYED_DATABASE_INSPECTION
F0042,asset_events#04,15,6,9,0,"asset_manager_register_candidate(text,jsonb)@database/019_sprint4_teacher_authority_correction.sql:L50 | asset_manager_mark_published(text,uuid,text,text)@database/019_sprint4_teacher_authority_correction.sql:L66 | asset_resolve(text)@database/019_sprint4_teacher_authority_correction.sql:L77 | asset_manager_import_candidate(text,jsonb)@database/025_sprint4_two_narrow_blockers.sql:L27 | asset_manager_transition_group(text,uuid[],text)@database/026_sprint4_group_target_and_registry_lock.sql:L35 | asset_report_load_failure(text,integer,text)@database/058_sprint9_active_asset_load_failure_telemetry.sql:L27",1,1,0,0,"asset_report_load_failure(text,integer,text)@database/058_sprint9_active_asset_load_failure_telemetry.sql:L22",STATIC_ACTIVE_FUNCTION_LAST_DEFINITION_CANDIDATES,NO_DEPLOYED_DATABASE_INSPECTION
F0043,asset_events#05,15,6,9,0,"asset_manager_register_candidate(text,jsonb)@database/019_sprint4_teacher_authority_correction.sql:L50 | asset_manager_mark_published(text,uuid,text,text)@database/019_sprint4_teacher_authority_correction.sql:L66 | asset_resolve(text)@database/019_sprint4_teacher_authority_correction.sql:L77 | asset_manager_import_candidate(text,jsonb)@database/025_sprint4_two_narrow_blockers.sql:L27 | asset_manager_transition_group(text,uuid[],text)@database/026_sprint4_group_target_and_registry_lock.sql:L35 | asset_report_load_failure(text,integer,text)@database/058_sprint9_active_asset_load_failure_telemetry.sql:L27",2,2,0,0,"asset_report_load_failure(text,integer,text)@database/058_sprint9_active_asset_load_failure_telemetry.sql:L23 | asset_report_load_failure(text,integer,text)@database/058_sprint9_active_asset_load_failure_telemetry.sql:L24",STATIC_ACTIVE_FUNCTION_LAST_DEFINITION_CANDIDATES,NO_DEPLOYED_DATABASE_INSPECTION
F0044,asset_events#06,9,2,7,0,"asset_manager_register_candidate(text,jsonb)@database/019_sprint4_teacher_authority_correction.sql:L50 | asset_manager_mark_published(text,uuid,text,text)@database/019_sprint4_teacher_authority_correction.sql:L66",1,1,0,0,"asset_report_load_failure(text,integer,text)@database/058_sprint9_active_asset_load_failure_telemetry.sql:L25",STATIC_ACTIVE_FUNCTION_LAST_DEFINITION_CANDIDATES,NO_DEPLOYED_DATABASE_INSPECTION
F0045,asset_manager_reviewers#01,0,0,0,0,,0,0,0,0,,STATIC_ACTIVE_FUNCTION_LAST_DEFINITION_CANDIDATES,NO_DEPLOYED_DATABASE_INSPECTION
F0046,asset_manager_reviewers#02,0,0,0,0,,0,0,0,0,,STATIC_ACTIVE_FUNCTION_LAST_DEFINITION_CANDIDATES,NO_DEPLOYED_DATABASE_INSPECTION
F0047,asset_manager_reviewers#03,0,0,0,0,,0,0,0,0,,STATIC_ACTIVE_FUNCTION_LAST_DEFINITION_CANDIDATES,NO_DEPLOYED_DATABASE_INSPECTION
F0048,asset_manager_reviewers#04,0,0,0,0,,0,0,0,0,,STATIC_ACTIVE_FUNCTION_LAST_DEFINITION_CANDIDATES,NO_DEPLOYED_DATABASE_INSPECTION
F0049,asset_registry_projection#01,3,1,2,0,"asset_manager_sync_registry(text,text,jsonb)@database/024_sprint4_level1_narrow_corrections.sql:L28",27,15,12,0,"asset_manager_register_candidate(text,jsonb)@database/019_sprint4_teacher_authority_correction.sql:L44 | asset_manager_register_candidate(text,jsonb)@database/019_sprint4_teacher_authority_correction.sql:L49 | asset_manager_register_candidate(text,jsonb)@database/019_sprint4_teacher_authority_correction.sql:L50 | asset_resolve(text)@database/019_sprint4_teacher_authority_correction.sql:L76 | asset_resolve(text)@database/019_sprint4_teacher_authority_correction.sql:L77 | asset_manager_activate(text,uuid)@database/022_sprint4_paired_activation_gate.sql:L13 | asset_manager_activate(text,uuid)@database/022_sprint4_paired_activation_gate.sql:L14 | asset_manager_activate(text,uuid)@database/022_sprint4_paired_activation_gate.sql:L16 | asset_manager_activate(text,uuid)@database/022_sprint4_paired_activation_gate.sql:L18 | asset_manager_sync_registry(text,text,jsonb)@database/024_sprint4_level1_narrow_corrections.sql:L26 | asset_manager_import_candidate(text,jsonb)@database/025_sprint4_two_narrow_blockers.sql:L9 | asset_manager_transition_group(text,uuid[],text)@database/026_sprint4_group_target_and_registry_lock.sql:L17 | asset_manager_transition_group(text,uuid[],text)@database/026_sprint4_group_target_and_registry_lock.sql:L18 | asset_report_load_failure(text,integer,text)@database/058_sprint9_active_asset_load_failure_telemetry.sql:L13 | asset_report_load_failure(text,integer,text)@database/058_sprint9_active_asset_load_failure_telemetry.sql:L14",STATIC_ACTIVE_FUNCTION_LAST_DEFINITION_CANDIDATES,NO_DEPLOYED_DATABASE_INSPECTION
F0050,asset_registry_projection#02,3,1,2,0,"asset_manager_sync_registry(text,text,jsonb)@database/024_sprint4_level1_narrow_corrections.sql:L28",10,3,7,0,"asset_manager_register_candidate(text,jsonb)@database/019_sprint4_teacher_authority_correction.sql:L44 | asset_resolve(text)@database/019_sprint4_teacher_authority_correction.sql:L76 | asset_manager_import_candidate(text,jsonb)@database/025_sprint4_two_narrow_blockers.sql:L9",STATIC_ACTIVE_FUNCTION_LAST_DEFINITION_CANDIDATES,NO_DEPLOYED_DATABASE_INSPECTION
F0051,asset_registry_projection#03,3,1,2,0,"asset_manager_sync_registry(text,text,jsonb)@database/024_sprint4_level1_narrow_corrections.sql:L28",10,3,7,0,"asset_manager_register_candidate(text,jsonb)@database/019_sprint4_teacher_authority_correction.sql:L44 | asset_resolve(text)@database/019_sprint4_teacher_authority_correction.sql:L76 | asset_manager_import_candidate(text,jsonb)@database/025_sprint4_two_narrow_blockers.sql:L9",STATIC_ACTIVE_FUNCTION_LAST_DEFINITION_CANDIDATES,NO_DEPLOYED_DATABASE_INSPECTION
F0052,asset_registry_projection#04,3,1,2,0,"asset_manager_sync_registry(text,text,jsonb)@database/024_sprint4_level1_narrow_corrections.sql:L28",20,8,12,0,"asset_manager_register_candidate(text,jsonb)@database/019_sprint4_teacher_authority_correction.sql:L44 | asset_manager_register_candidate(text,jsonb)@database/019_sprint4_teacher_authority_correction.sql:L46 | asset_manager_register_candidate(text,jsonb)@database/019_sprint4_teacher_authority_correction.sql:L49 | asset_resolve(text)@database/019_sprint4_teacher_authority_correction.sql:L76 | asset_resolve(text)@database/019_sprint4_teacher_authority_correction.sql:L77 | asset_manager_import_candidate(text,jsonb)@database/025_sprint4_two_narrow_blockers.sql:L12 | asset_manager_import_candidate(text,jsonb)@database/025_sprint4_two_narrow_blockers.sql:L26 | asset_manager_import_candidate(text,jsonb)@database/025_sprint4_two_narrow_blockers.sql:L9",STATIC_ACTIVE_FUNCTION_LAST_DEFINITION_CANDIDATES,NO_DEPLOYED_DATABASE_INSPECTION
F0053,asset_registry_projection#05,0,0,0,0,,10,3,7,0,"asset_manager_register_candidate(text,jsonb)@database/019_sprint4_teacher_authority_correction.sql:L44 | asset_resolve(text)@database/019_sprint4_teacher_authority_correction.sql:L76 | asset_manager_import_candidate(text,jsonb)@database/025_sprint4_two_narrow_blockers.sql:L9",STATIC_ACTIVE_FUNCTION_LAST_DEFINITION_CANDIDATES,NO_DEPLOYED_DATABASE_INSPECTION
F0054,asset_registry_projection#06,0,0,0,0,,10,3,7,0,"asset_manager_register_candidate(text,jsonb)@database/019_sprint4_teacher_authority_correction.sql:L44 | asset_resolve(text)@database/019_sprint4_teacher_authority_correction.sql:L76 | asset_manager_import_candidate(text,jsonb)@database/025_sprint4_two_narrow_blockers.sql:L9",STATIC_ACTIVE_FUNCTION_LAST_DEFINITION_CANDIDATES,NO_DEPLOYED_DATABASE_INSPECTION
F0055,asset_registry_projection#07,3,1,2,0,"asset_manager_sync_registry(text,text,jsonb)@database/024_sprint4_level1_narrow_corrections.sql:L28",14,5,9,0,"asset_manager_register_candidate(text,jsonb)@database/019_sprint4_teacher_authority_correction.sql:L44 | asset_manager_register_candidate(text,jsonb)@database/019_sprint4_teacher_authority_correction.sql:L45 | asset_resolve(text)@database/019_sprint4_teacher_authority_correction.sql:L76 | asset_manager_import_candidate(text,jsonb)@database/025_sprint4_two_narrow_blockers.sql:L12 | asset_manager_import_candidate(text,jsonb)@database/025_sprint4_two_narrow_blockers.sql:L9",STATIC_ACTIVE_FUNCTION_LAST_DEFINITION_CANDIDATES,NO_DEPLOYED_DATABASE_INSPECTION
F0056,asset_registry_projection#08,3,1,2,0,"asset_manager_sync_registry(text,text,jsonb)@database/024_sprint4_level1_narrow_corrections.sql:L28",19,7,12,0,"asset_manager_register_candidate(text,jsonb)@database/019_sprint4_teacher_authority_correction.sql:L44 | asset_resolve(text)@database/019_sprint4_teacher_authority_correction.sql:L76 | asset_resolve(text)@database/019_sprint4_teacher_authority_correction.sql:L77 | asset_manager_activate(text,uuid)@database/022_sprint4_paired_activation_gate.sql:L15 | asset_manager_import_candidate(text,jsonb)@database/025_sprint4_two_narrow_blockers.sql:L9 | asset_manager_transition_group(text,uuid[],text)@database/026_sprint4_group_target_and_registry_lock.sql:L30 | asset_report_load_failure(text,integer,text)@database/058_sprint9_active_asset_load_failure_telemetry.sql:L13",STATIC_ACTIVE_FUNCTION_LAST_DEFINITION_CANDIDATES,NO_DEPLOYED_DATABASE_INSPECTION
F0057,asset_registry_projection#09,3,1,2,0,"asset_manager_sync_registry(text,text,jsonb)@database/024_sprint4_level1_narrow_corrections.sql:L28",14,5,9,0,"asset_manager_register_candidate(text,jsonb)@database/019_sprint4_teacher_authority_correction.sql:L44 | asset_manager_register_candidate(text,jsonb)@database/019_sprint4_teacher_authority_correction.sql:L49 | asset_resolve(text)@database/019_sprint4_teacher_authority_correction.sql:L76 | asset_manager_import_candidate(text,jsonb)@database/025_sprint4_two_narrow_blockers.sql:L26 | asset_manager_import_candidate(text,jsonb)@database/025_sprint4_two_narrow_blockers.sql:L9",STATIC_ACTIVE_FUNCTION_LAST_DEFINITION_CANDIDATES,NO_DEPLOYED_DATABASE_INSPECTION
F0058,asset_registry_projection#10,3,1,2,0,"asset_manager_sync_registry(text,text,jsonb)@database/024_sprint4_level1_narrow_corrections.sql:L28",15,6,9,0,"asset_manager_register_candidate(text,jsonb)@database/019_sprint4_teacher_authority_correction.sql:L44 | asset_manager_register_candidate(text,jsonb)@database/019_sprint4_teacher_authority_correction.sql:L49 | asset_resolve(text)@database/019_sprint4_teacher_authority_correction.sql:L76 | asset_manager_activate(text,uuid)@database/022_sprint4_paired_activation_gate.sql:L14 | asset_manager_import_candidate(text,jsonb)@database/025_sprint4_two_narrow_blockers.sql:L26 | asset_manager_import_candidate(text,jsonb)@database/025_sprint4_two_narrow_blockers.sql:L9",STATIC_ACTIVE_FUNCTION_LAST_DEFINITION_CANDIDATES,NO_DEPLOYED_DATABASE_INSPECTION
F0059,asset_registry_projection#11,3,1,2,0,"asset_manager_sync_registry(text,text,jsonb)@database/024_sprint4_level1_narrow_corrections.sql:L28",16,5,11,0,"asset_manager_register_candidate(text,jsonb)@database/019_sprint4_teacher_authority_correction.sql:L44 | asset_manager_register_candidate(text,jsonb)@database/019_sprint4_teacher_authority_correction.sql:L49 | asset_resolve(text)@database/019_sprint4_teacher_authority_correction.sql:L76 | asset_manager_import_candidate(text,jsonb)@database/025_sprint4_two_narrow_blockers.sql:L26 | asset_manager_import_candidate(text,jsonb)@database/025_sprint4_two_narrow_blockers.sql:L9",STATIC_ACTIVE_FUNCTION_LAST_DEFINITION_CANDIDATES,NO_DEPLOYED_DATABASE_INSPECTION
F0060,asset_registry_projection#12,3,1,2,0,"asset_manager_sync_registry(text,text,jsonb)@database/024_sprint4_level1_narrow_corrections.sql:L28",10,3,7,0,"asset_manager_register_candidate(text,jsonb)@database/019_sprint4_teacher_authority_correction.sql:L44 | asset_resolve(text)@database/019_sprint4_teacher_authority_correction.sql:L76 | asset_manager_import_candidate(text,jsonb)@database/025_sprint4_two_narrow_blockers.sql:L9",STATIC_ACTIVE_FUNCTION_LAST_DEFINITION_CANDIDATES,NO_DEPLOYED_DATABASE_INSPECTION
F0061,asset_registry_projection#13,3,1,2,0,"asset_manager_sync_registry(text,text,jsonb)@database/024_sprint4_level1_narrow_corrections.sql:L28",10,3,7,0,"asset_manager_register_candidate(text,jsonb)@database/019_sprint4_teacher_authority_correction.sql:L44 | asset_resolve(text)@database/019_sprint4_teacher_authority_correction.sql:L76 | asset_manager_import_candidate(text,jsonb)@database/025_sprint4_two_narrow_blockers.sql:L9",STATIC_ACTIVE_FUNCTION_LAST_DEFINITION_CANDIDATES,NO_DEPLOYED_DATABASE_INSPECTION
F0062,asset_registry_projection#14,3,1,2,0,"asset_manager_sync_registry(text,text,jsonb)@database/024_sprint4_level1_narrow_corrections.sql:L28",10,3,7,0,"asset_manager_register_candidate(text,jsonb)@database/019_sprint4_teacher_authority_correction.sql:L44 | asset_resolve(text)@database/019_sprint4_teacher_authority_correction.sql:L76 | asset_manager_import_candidate(text,jsonb)@database/025_sprint4_two_narrow_blockers.sql:L9",STATIC_ACTIVE_FUNCTION_LAST_DEFINITION_CANDIDATES,NO_DEPLOYED_DATABASE_INSPECTION
F0063,dialogue_messages#01,0,0,0,0,,25,14,11,0,"s2_send_message(text,text,text)@database/002_runtime_runs_discussion.sql:L597 | s2_send_message(text,text,text)@database/002_runtime_runs_discussion.sql:L601 | s2_get_player_state(text,text)@database/003_sprint2_discussionroom_audit_fix.sql:L385 | s2_get_player_state(text,text)@database/003_sprint2_discussionroom_audit_fix.sql:L391 | s2_send_message(text,text,uuid,integer,uuid,text)@database/013_sprint3b_discussion_authority_and_request_identity.sql:L223 | s2_send_message(text,text,uuid,integer,uuid,text)@database/013_sprint3b_discussion_authority_and_request_identity.sql:L231 | s2_send_message(text,text,uuid,integer,uuid,text)@database/013_sprint3b_discussion_authority_and_request_identity.sql:L257 | s2_send_message(text,text,uuid,integer,uuid,text)@database/013_sprint3b_discussion_authority_and_request_identity.sql:L260 | s5_get_discussion_state(text,text)@database/029_sprint5_canonical_discussion_localization.sql:L90 | s5_send_message(text,text,uuid,integer,uuid,text)@database/030_sprint5_exact_session_messages.sql:L13 | s5_send_message(text,text,uuid,integer,uuid,text)@database/030_sprint5_exact_session_messages.sql:L9 | s5_send_message(text,text,uuid,integer,uuid,text)@database/030_sprint5_exact_session_messages.sql:L9 | s6_get_player_state(text,text)@database/037_level3_independent_audit_closure.sql:L179 | s7_get_teacher_console(text,text)@database/044_sprint7_focused_level1_corrections.sql:L57",STATIC_ACTIVE_FUNCTION_LAST_DEFINITION_CANDIDATES,NO_DEPLOYED_DATABASE_INSPECTION
F0064,dialogue_messages#02,4,4,0,0,"s2_send_message(text,text,text)@database/002_runtime_runs_discussion.sql:L586 | s2_send_message(text,text,uuid,integer,uuid,text)@database/013_sprint3b_discussion_authority_and_request_identity.sql:L246 | s5_send_message(text,text,uuid,integer,uuid,text)@database/030_sprint5_exact_session_messages.sql:L12 | s6_send_message_guarded(text,text,uuid,uuid,text)@database/035_sprint6_focused_audit_corrections.sql:L40",9,4,5,0,"s2_get_player_state(text,text)@database/003_sprint2_discussionroom_audit_fix.sql:L395 | s2_send_message(text,text,uuid,integer,uuid,text)@database/013_sprint3b_discussion_authority_and_request_identity.sql:L223 | s5_send_message(text,text,uuid,integer,uuid,text)@database/030_sprint5_exact_session_messages.sql:L9 | s7_get_teacher_console(text,text)@database/044_sprint7_focused_level1_corrections.sql:L57",STATIC_ACTIVE_FUNCTION_LAST_DEFINITION_CANDIDATES,NO_DEPLOYED_DATABASE_INSPECTION
F0065,dialogue_messages#03,4,4,0,0,"s2_send_message(text,text,text)@database/002_runtime_runs_discussion.sql:L586 | s2_send_message(text,text,uuid,integer,uuid,text)@database/013_sprint3b_discussion_authority_and_request_identity.sql:L246 | s5_send_message(text,text,uuid,integer,uuid,text)@database/030_sprint5_exact_session_messages.sql:L12 | s6_send_message_guarded(text,text,uuid,uuid,text)@database/035_sprint6_focused_audit_corrections.sql:L40",16,9,7,0,"s2_get_player_state(text,text)@database/003_sprint2_discussionroom_audit_fix.sql:L386 | s2_get_player_state(text,text)@database/003_sprint2_discussionroom_audit_fix.sql:L396 | s2_send_message(text,text,uuid,integer,uuid,text)@database/013_sprint3b_discussion_authority_and_request_identity.sql:L223 | s2_send_message(text,text,uuid,integer,uuid,text)@database/013_sprint3b_discussion_authority_and_request_identity.sql:L227 | s5_get_discussion_state(text,text)@database/029_sprint5_canonical_discussion_localization.sql:L90 | s5_send_message(text,text,uuid,integer,uuid,text)@database/030_sprint5_exact_session_messages.sql:L9 | s5_send_message(text,text,uuid,integer,uuid,text)@database/030_sprint5_exact_session_messages.sql:L9 | s5_get_teacher_discussion_state(text,text)@database/031_sprint5_focused_reaudit_corrections.sql:L30 | s6_get_player_state(text,text)@database/037_level3_independent_audit_closure.sql:L179",STATIC_ACTIVE_FUNCTION_LAST_DEFINITION_CANDIDATES,NO_DEPLOYED_DATABASE_INSPECTION
F0066,dialogue_messages#04,4,4,0,0,"s2_send_message(text,text,text)@database/002_runtime_runs_discussion.sql:L586 | s2_send_message(text,text,uuid,integer,uuid,text)@database/013_sprint3b_discussion_authority_and_request_identity.sql:L246 | s5_send_message(text,text,uuid,integer,uuid,text)@database/030_sprint5_exact_session_messages.sql:L12 | s6_send_message_guarded(text,text,uuid,uuid,text)@database/035_sprint6_focused_audit_corrections.sql:L40",2,2,0,0,"s2_send_message(text,text,uuid,integer,uuid,text)@database/013_sprint3b_discussion_authority_and_request_identity.sql:L223 | s5_send_message(text,text,uuid,integer,uuid,text)@database/030_sprint5_exact_session_messages.sql:L9",STATIC_ACTIVE_FUNCTION_LAST_DEFINITION_CANDIDATES,NO_DEPLOYED_DATABASE_INSPECTION
F0067,dialogue_messages#05,4,4,0,0,"s2_send_message(text,text,text)@database/002_runtime_runs_discussion.sql:L586 | s2_send_message(text,text,uuid,integer,uuid,text)@database/013_sprint3b_discussion_authority_and_request_identity.sql:L246 | s5_send_message(text,text,uuid,integer,uuid,text)@database/030_sprint5_exact_session_messages.sql:L12 | s6_send_message_guarded(text,text,uuid,uuid,text)@database/035_sprint6_focused_audit_corrections.sql:L40",2,2,0,0,"s2_send_message(text,text,uuid,integer,uuid,text)@database/013_sprint3b_discussion_authority_and_request_identity.sql:L223 | s5_send_message(text,text,uuid,integer,uuid,text)@database/030_sprint5_exact_session_messages.sql:L9",STATIC_ACTIVE_FUNCTION_LAST_DEFINITION_CANDIDATES,NO_DEPLOYED_DATABASE_INSPECTION
F0068,dialogue_messages#06,4,4,0,0,"s2_send_message(text,text,text)@database/002_runtime_runs_discussion.sql:L586 | s2_send_message(text,text,uuid,integer,uuid,text)@database/013_sprint3b_discussion_authority_and_request_identity.sql:L246 | s5_send_message(text,text,uuid,integer,uuid,text)@database/030_sprint5_exact_session_messages.sql:L12 | s6_send_message_guarded(text,text,uuid,uuid,text)@database/035_sprint6_focused_audit_corrections.sql:L40",2,2,0,0,"s2_send_message(text,text,uuid,integer,uuid,text)@database/013_sprint3b_discussion_authority_and_request_identity.sql:L223 | s5_send_message(text,text,uuid,integer,uuid,text)@database/030_sprint5_exact_session_messages.sql:L9",STATIC_ACTIVE_FUNCTION_LAST_DEFINITION_CANDIDATES,NO_DEPLOYED_DATABASE_INSPECTION
F0069,dialogue_messages#07,4,4,0,0,"s2_send_message(text,text,text)@database/002_runtime_runs_discussion.sql:L586 | s2_send_message(text,text,uuid,integer,uuid,text)@database/013_sprint3b_discussion_authority_and_request_identity.sql:L246 | s5_send_message(text,text,uuid,integer,uuid,text)@database/030_sprint5_exact_session_messages.sql:L12 | s6_send_message_guarded(text,text,uuid,uuid,text)@database/035_sprint6_focused_audit_corrections.sql:L40",8,4,4,0,"s2_get_player_state(text,text)@database/003_sprint2_discussionroom_audit_fix.sql:L394 | s2_send_message(text,text,uuid,integer,uuid,text)@database/013_sprint3b_discussion_authority_and_request_identity.sql:L223 | s5_get_discussion_state(text,text)@database/029_sprint5_canonical_discussion_localization.sql:L90 | s5_send_message(text,text,uuid,integer,uuid,text)@database/030_sprint5_exact_session_messages.sql:L9",STATIC_ACTIVE_FUNCTION_LAST_DEFINITION_CANDIDATES,NO_DEPLOYED_DATABASE_INSPECTION
F0070,dialogue_messages#08,4,4,0,0,"s2_send_message(text,text,text)@database/002_runtime_runs_discussion.sql:L586 | s2_send_message(text,text,uuid,integer,uuid,text)@database/013_sprint3b_discussion_authority_and_request_identity.sql:L246 | s5_send_message(text,text,uuid,integer,uuid,text)@database/030_sprint5_exact_session_messages.sql:L12 | s6_send_message_guarded(text,text,uuid,uuid,text)@database/035_sprint6_focused_audit_corrections.sql:L40",16,9,7,0,"s2_get_player_state(text,text)@database/003_sprint2_discussionroom_audit_fix.sql:L389 | s2_send_message(text,text,uuid,integer,uuid,text)@database/013_sprint3b_discussion_authority_and_request_identity.sql:L223 | s2_send_message(text,text,uuid,integer,uuid,text)@database/013_sprint3b_discussion_authority_and_request_identity.sql:L227 | s5_get_discussion_state(text,text)@database/029_sprint5_canonical_discussion_localization.sql:L90 | s5_send_message(text,text,uuid,integer,uuid,text)@database/030_sprint5_exact_session_messages.sql:L9 | s5_send_message(text,text,uuid,integer,uuid,text)@database/030_sprint5_exact_session_messages.sql:L9 | s5_get_teacher_discussion_state(text,text)@database/031_sprint5_focused_reaudit_corrections.sql:L30 | s6_get_player_state(text,text)@database/037_level3_independent_audit_closure.sql:L179 | s7_get_teacher_console(text,text)@database/044_sprint7_focused_level1_corrections.sql:L57",STATIC_ACTIVE_FUNCTION_LAST_DEFINITION_CANDIDATES,NO_DEPLOYED_DATABASE_INSPECTION
F0071,dialogue_messages#09,0,0,0,0,,22,11,11,0,"s2_send_message(text,text,text)@database/002_runtime_runs_discussion.sql:L602 | s2_get_player_state(text,text)@database/003_sprint2_discussionroom_audit_fix.sql:L390 | s2_get_player_state(text,text)@database/003_sprint2_discussionroom_audit_fix.sql:L391 | s2_send_message(text,text,uuid,integer,uuid,text)@database/013_sprint3b_discussion_authority_and_request_identity.sql:L223 | s2_send_message(text,text,uuid,integer,uuid,text)@database/013_sprint3b_discussion_authority_and_request_identity.sql:L231 | s2_send_message(text,text,uuid,integer,uuid,text)@database/013_sprint3b_discussion_authority_and_request_identity.sql:L260 | s5_get_discussion_state(text,text)@database/029_sprint5_canonical_discussion_localization.sql:L90 | s5_send_message(text,text,uuid,integer,uuid,text)@database/030_sprint5_exact_session_messages.sql:L9 | s5_get_teacher_discussion_state(text,text)@database/031_sprint5_focused_reaudit_corrections.sql:L30 | s6_get_player_state(text,text)@database/037_level3_independent_audit_closure.sql:L179 | s7_get_teacher_console(text,text)@database/044_sprint7_focused_level1_corrections.sql:L57",STATIC_ACTIVE_FUNCTION_LAST_DEFINITION_CANDIDATES,NO_DEPLOYED_DATABASE_INSPECTION
F0072,dialogue_messages#10,2,2,0,0,"s2_send_message(text,text,uuid,integer,uuid,text)@database/013_sprint3b_discussion_authority_and_request_identity.sql:L246 | s5_send_message(text,text,uuid,integer,uuid,text)@database/030_sprint5_exact_session_messages.sql:L12",4,4,0,0,"s2_send_message(text,text,uuid,integer,uuid,text)@database/013_sprint3b_discussion_authority_and_request_identity.sql:L223 | s2_send_message(text,text,uuid,integer,uuid,text)@database/013_sprint3b_discussion_authority_and_request_identity.sql:L232 | s2_send_message(text,text,uuid,integer,uuid,text)@database/013_sprint3b_discussion_authority_and_request_identity.sql:L261 | s5_send_message(text,text,uuid,integer,uuid,text)@database/030_sprint5_exact_session_messages.sql:L9",STATIC_ACTIVE_FUNCTION_LAST_DEFINITION_CANDIDATES,NO_DEPLOYED_DATABASE_INSPECTION
F0073,discussion_sessions#01,4,2,2,0,"s5_mirror_round_for_audit()@database/028_sprint5_round_event_link.sql:L5 | s5_configure_discussion(uuid,text)@database/032_sprint5_discussion_creation_restore.sql:L9",183,88,95,0,"s2_open_vote(text,text)@database/002_runtime_runs_discussion.sql:L462 | s2_open_vote(text,text)@database/002_runtime_runs_discussion.sql:L479 | s2_open_vote(text,text)@database/002_runtime_runs_discussion.sql:L483 | s2_open_vote(text,text)@database/002_runtime_runs_discussion.sql:L489 | s2_add_time(text,text,integer)@database/002_runtime_runs_discussion.sql:L519 | s2_add_time(text,text,integer)@database/002_runtime_runs_discussion.sql:L534 | s2_add_time(text,text,integer)@database/002_runtime_runs_discussion.sql:L538 | s2_send_message(text,text,text)@database/002_runtime_runs_discussion.sql:L568 | s2_send_message(text,text,text)@database/002_runtime_runs_discussion.sql:L575 | s2_send_message(text,text,text)@database/002_runtime_runs_discussion.sql:L576 | s2_send_message(text,text,text)@database/002_runtime_runs_discussion.sql:L577 | s2_send_message(text,text,text)@database/002_runtime_runs_discussion.sql:L590 | s2_send_message(text,text,text)@database/002_runtime_runs_discussion.sql:L595 | s2_get_player_state(text,text)@database/003_sprint2_discussionroom_audit_fix.sql:L373 | s2_get_player_state(text,text)@database/003_sprint2_discussionroom_audit_fix.sql:L380 | s2_get_player_state(text,text)@database/003_sprint2_discussionroom_audit_fix.sql:L381 | s2_get_player_state(text,text)@database/003_sprint2_discussionroom_audit_fix.sql:L382 | s2_get_player_state(text,text)@database/003_sprint2_discussionroom_audit_fix.sql:L396 | s2_get_player_state(text,text)@database/003_sprint2_discussionroom_audit_fix.sql:L400 | s2_get_player_state(text,text)@database/003_sprint2_discussionroom_audit_fix.sql:L409 | s2_get_player_state(text,text)@database/003_sprint2_discussionroom_audit_fix.sql:L424 | s2_get_player_state(text,text)@database/003_sprint2_discussionroom_audit_fix.sql:L447 | s2_get_player_state(text,text)@database/003_sprint2_discussionroom_audit_fix.sql:L459 | s2_get_player_state(text,text)@database/003_sprint2_discussionroom_audit_fix.sql:L482 | s2_get_player_state(text,text)@database/003_sprint2_discussionroom_audit_fix.sql:L483 | s2_submit_vote(text,text,text)@database/004_sprint2_fallback_resolution_semantics.sql:L100 | s2_submit_vote(text,text,text)@database/004_sprint2_fallback_resolution_semantics.sql:L119 | s2_submit_vote(text,text,text)@database/004_sprint2_fallback_resolution_semantics.sql:L122 | s2_submit_vote(text,text,text)@database/004_sprint2_fallback_resolution_semantics.sql:L153 | s2_submit_vote(text,text,text)@database/004_sprint2_fallback_resolution_semantics.sql:L156 | s2_submit_vote(text,text,text)@database/004_sprint2_fallback_resolution_semantics.sql:L164 | s2_submit_vote(text,text,text)@database/004_sprint2_fallback_resolution_semantics.sql:L177 | s2_submit_vote(text,text,text)@database/004_sprint2_fallback_resolution_semantics.sql:L180 | s2_submit_vote(text,text,text)@database/004_sprint2_fallback_resolution_semantics.sql:L32 | s2_submit_vote(text,text,text)@database/004_sprint2_fallback_resolution_semantics.sql:L40 | s2_submit_vote(text,text,text)@database/004_sprint2_fallback_resolution_semantics.sql:L41 | s2_submit_vote(text,text,text)@database/004_sprint2_fallback_resolution_semantics.sql:L42 | s2_submit_vote(text,text,text)@database/004_sprint2_fallback_resolution_semantics.sql:L59 | s2_submit_vote(text,text,text)@database/004_sprint2_fallback_resolution_semantics.sql:L65 | s2_submit_vote(text,text,text)@database/004_sprint2_fallback_resolution_semantics.sql:L73 | s2_submit_vote(text,text,text)@database/004_sprint2_fallback_resolution_semantics.sql:L83 | s2_submit_vote(text,text,text)@database/004_sprint2_fallback_resolution_semantics.sql:L97 | s2_send_message(text,text,uuid,integer,uuid,text)@database/013_sprint3b_discussion_authority_and_request_identity.sql:L214 | s2_send_message(text,text,uuid,integer,uuid,text)@database/013_sprint3b_discussion_authority_and_request_identity.sql:L227 | s2_send_message(text,text,uuid,integer,uuid,text)@database/013_sprint3b_discussion_authority_and_request_identity.sql:L236 | s2_send_message(text,text,uuid,integer,uuid,text)@database/013_sprint3b_discussion_authority_and_request_identity.sql:L237 | s2_send_message(text,text,uuid,integer,uuid,text)@database/013_sprint3b_discussion_authority_and_request_identity.sql:L250 | s2_send_message(text,text,uuid,integer,uuid,text)@database/013_sprint3b_discussion_authority_and_request_identity.sql:L255 | s2_submit_vote(text,text,uuid,integer,text)@database/013_sprint3b_discussion_authority_and_request_identity.sql:L295 | s2_submit_vote(text,text,uuid,integer,text)@database/013_sprint3b_discussion_authority_and_request_identity.sql:L304 | s2_submit_vote(text,text,uuid,integer,text)@database/013_sprint3b_discussion_authority_and_request_identity.sql:L305 | s2_submit_vote(text,text,uuid,integer,text)@database/013_sprint3b_discussion_authority_and_request_identity.sql:L315 | s2_submit_vote(text,text,uuid,integer,text)@database/013_sprint3b_discussion_authority_and_request_identity.sql:L331 | s2_submit_vote(text,text,uuid,integer,text)@database/013_sprint3b_discussion_authority_and_request_identity.sql:L336 | s2_submit_vote(text,text,uuid,integer,text)@database/013_sprint3b_discussion_authority_and_request_identity.sql:L343 | s2_submit_vote(text,text,uuid,integer,text)@database/013_sprint3b_discussion_authority_and_request_identity.sql:L351 | s2_submit_vote(text,text,uuid,integer,text)@database/013_sprint3b_discussion_authority_and_request_identity.sql:L364 | s2_submit_vote(text,text,uuid,integer,text)@database/013_sprint3b_discussion_authority_and_request_identity.sql:L366 | s2_submit_vote(text,text,uuid,integer,text)@database/013_sprint3b_discussion_authority_and_request_identity.sql:L371 | s2_submit_vote(text,text,uuid,integer,text)@database/013_sprint3b_discussion_authority_and_request_identity.sql:L386 | s2_submit_vote(text,text,uuid,integer,text)@database/013_sprint3b_discussion_authority_and_request_identity.sql:L388 | s2_submit_vote(text,text,uuid,integer,text)@database/013_sprint3b_discussion_authority_and_request_identity.sql:L414 | s2_submit_vote(text,text,uuid,integer,text)@database/013_sprint3b_discussion_authority_and_request_identity.sql:L417 | s2_submit_vote(text,text,uuid,integer,text)@database/013_sprint3b_discussion_authority_and_request_identity.sql:L424 | s2_submit_vote(text,text,uuid,integer,text)@database/013_sprint3b_discussion_authority_and_request_identity.sql:L435 | s2_submit_vote(text,text,uuid,integer,text)@database/013_sprint3b_discussion_authority_and_request_identity.sql:L437 | s2_submit_vote(text,text,uuid,integer,text)@database/013_sprint3b_discussion_authority_and_request_identity.sql:L445 | s3b_apply_resolved_discussion_internal(uuid,uuid)@database/014a_sprint3b_inspect_reconnect_idempotency_fix.sql:L20 | s5_get_player_state(text,text)@database/029_sprint5_canonical_discussion_localization.sql:L85 | s5_get_discussion_state(text,text)@database/029_sprint5_canonical_discussion_localization.sql:L89 | s5_get_discussion_state(text,text)@database/029_sprint5_canonical_discussion_localization.sql:L89 | s5_get_discussion_state(text,text)@database/029_sprint5_canonical_discussion_localization.sql:L90 | s5_get_discussion_state(text,text)@database/029_sprint5_canonical_discussion_localization.sql:L93 | s5_send_message(text,text,uuid,integer,uuid,text)@database/030_sprint5_exact_session_messages.sql:L10 | s5_send_message(text,text,uuid,integer,uuid,text)@database/030_sprint5_exact_session_messages.sql:L12 | s5_send_message(text,text,uuid,integer,uuid,text)@database/030_sprint5_exact_session_messages.sql:L13 | s5_get_teacher_discussion_state(text,text)@database/031_sprint5_focused_reaudit_corrections.sql:L30 | s5_get_teacher_discussion_state(text,text)@database/031_sprint5_focused_reaudit_corrections.sql:L31 | s6_send_message_guarded(text,text,uuid,uuid,text)@database/035_sprint6_focused_audit_corrections.sql:L40 | s6_close_discussion_guarded(text,text,text,int,int,uuid)@database/035_sprint6_focused_audit_corrections.sql:L42 | s6_refresh_owned_discussion(uuid)@database/037_level3_independent_audit_closure.sql:L146 | s6_refresh_owned_discussion(uuid)@database/037_level3_independent_audit_closure.sql:L149 | s6_refresh_owned_discussion(uuid)@database/037_level3_independent_audit_closure.sql:L151 | s2_refresh_discussion(uuid)@database/037_level3_independent_audit_closure.sql:L159 | s6_get_player_state(text,text)@database/037_level3_independent_audit_closure.sql:L179 | s7_get_teacher_console(text,text)@database/044_sprint7_focused_level1_corrections.sql:L29 | s7_get_teacher_console(text,text)@database/044_sprint7_focused_level1_corrections.sql:L65 | s8_verify_integrity(uuid)@database/054_level3_integrated_closure.sql:L134",STATIC_ACTIVE_FUNCTION_LAST_DEFINITION_CANDIDATES,NO_DEPLOYED_DATABASE_INSPECTION
F0074,discussion_sessions#02,15,5,10,0,"s2_submit_vote(text,text,text)@database/004_sprint2_fallback_resolution_semantics.sql:L134 | s2_submit_vote(text,text,uuid,integer,text)@database/013_sprint3b_discussion_authority_and_request_identity.sql:L397 | s5_mirror_round_for_audit()@database/028_sprint5_round_event_link.sql:L5 | s5_configure_discussion(uuid,text)@database/032_sprint5_discussion_creation_restore.sql:L9 | s6_open_discussion(uuid,text,text,int,text)@database/035_sprint6_focused_audit_corrections.sql:L32",48,23,25,0,"s2_open_vote(text,text)@database/002_runtime_runs_discussion.sql:L462 | s2_add_time(text,text,integer)@database/002_runtime_runs_discussion.sql:L519 | s2_send_message(text,text,text)@database/002_runtime_runs_discussion.sql:L568 | s2_send_message(text,text,text)@database/002_runtime_runs_discussion.sql:L576 | s2_get_player_state(text,text)@database/003_sprint2_discussionroom_audit_fix.sql:L373 | s2_get_player_state(text,text)@database/003_sprint2_discussionroom_audit_fix.sql:L381 | s2_get_player_state(text,text)@database/003_sprint2_discussionroom_audit_fix.sql:L465 | s2_submit_vote(text,text,text)@database/004_sprint2_fallback_resolution_semantics.sql:L141 | s2_submit_vote(text,text,text)@database/004_sprint2_fallback_resolution_semantics.sql:L32 | s2_submit_vote(text,text,text)@database/004_sprint2_fallback_resolution_semantics.sql:L41 | s2_send_message(text,text,uuid,integer,uuid,text)@database/013_sprint3b_discussion_authority_and_request_identity.sql:L214 | s2_send_message(text,text,uuid,integer,uuid,text)@database/013_sprint3b_discussion_authority_and_request_identity.sql:L237 | s2_submit_vote(text,text,uuid,integer,text)@database/013_sprint3b_discussion_authority_and_request_identity.sql:L295 | s2_submit_vote(text,text,uuid,integer,text)@database/013_sprint3b_discussion_authority_and_request_identity.sql:L305 | s2_submit_vote(text,text,uuid,integer,text)@database/013_sprint3b_discussion_authority_and_request_identity.sql:L404 | s3b_apply_resolved_discussion_internal(uuid,uuid)@database/014a_sprint3b_inspect_reconnect_idempotency_fix.sql:L20 | s5_get_player_state(text,text)@database/029_sprint5_canonical_discussion_localization.sql:L85 | s5_get_discussion_state(text,text)@database/029_sprint5_canonical_discussion_localization.sql:L89 | s6_refresh_owned_discussion(uuid)@database/037_level3_independent_audit_closure.sql:L146 | s2_refresh_discussion(uuid)@database/037_level3_independent_audit_closure.sql:L159 | s2_refresh_discussion(uuid)@database/037_level3_independent_audit_closure.sql:L160 | s7_get_teacher_console(text,text)@database/044_sprint7_focused_level1_corrections.sql:L29 | s8_verify_integrity(uuid)@database/054_level3_integrated_closure.sql:L135",STATIC_ACTIVE_FUNCTION_LAST_DEFINITION_CANDIDATES,NO_DEPLOYED_DATABASE_INSPECTION
F0075,discussion_sessions#03,16,5,11,0,"s2_submit_vote(text,text,text)@database/004_sprint2_fallback_resolution_semantics.sql:L134 | s2_submit_vote(text,text,uuid,integer,text)@database/013_sprint3b_discussion_authority_and_request_identity.sql:L397 | s5_mirror_round_for_audit()@database/028_sprint5_round_event_link.sql:L5 | s5_configure_discussion(uuid,text)@database/032_sprint5_discussion_creation_restore.sql:L9 | s6_open_discussion(uuid,text,text,int,text)@database/035_sprint6_focused_audit_corrections.sql:L32",58,31,27,0,"s2_open_vote(text,text)@database/002_runtime_runs_discussion.sql:L462 | s2_add_time(text,text,integer)@database/002_runtime_runs_discussion.sql:L519 | s2_send_message(text,text,text)@database/002_runtime_runs_discussion.sql:L568 | s2_send_message(text,text,text)@database/002_runtime_runs_discussion.sql:L576 | s2_send_message(text,text,text)@database/002_runtime_runs_discussion.sql:L590 | s2_get_player_state(text,text)@database/003_sprint2_discussionroom_audit_fix.sql:L373 | s2_get_player_state(text,text)@database/003_sprint2_discussionroom_audit_fix.sql:L381 | s2_submit_vote(text,text,text)@database/004_sprint2_fallback_resolution_semantics.sql:L141 | s2_submit_vote(text,text,text)@database/004_sprint2_fallback_resolution_semantics.sql:L32 | s2_submit_vote(text,text,text)@database/004_sprint2_fallback_resolution_semantics.sql:L41 | s2_submit_vote(text,text,text)@database/004_sprint2_fallback_resolution_semantics.sql:L59 | s2_send_message(text,text,uuid,integer,uuid,text)@database/013_sprint3b_discussion_authority_and_request_identity.sql:L214 | s2_send_message(text,text,uuid,integer,uuid,text)@database/013_sprint3b_discussion_authority_and_request_identity.sql:L237 | s2_send_message(text,text,uuid,integer,uuid,text)@database/013_sprint3b_discussion_authority_and_request_identity.sql:L250 | s2_submit_vote(text,text,uuid,integer,text)@database/013_sprint3b_discussion_authority_and_request_identity.sql:L295 | s2_submit_vote(text,text,uuid,integer,text)@database/013_sprint3b_discussion_authority_and_request_identity.sql:L305 | s2_submit_vote(text,text,uuid,integer,text)@database/013_sprint3b_discussion_authority_and_request_identity.sql:L331 | s2_submit_vote(text,text,uuid,integer,text)@database/013_sprint3b_discussion_authority_and_request_identity.sql:L404 | s3b_apply_resolved_discussion_internal(uuid,uuid)@database/014a_sprint3b_inspect_reconnect_idempotency_fix.sql:L20 | s3b_apply_resolved_discussion_internal(uuid,uuid)@database/014a_sprint3b_inspect_reconnect_idempotency_fix.sql:L37 | s3b_apply_resolved_discussion_internal(uuid,uuid)@database/014a_sprint3b_inspect_reconnect_idempotency_fix.sql:L60 | s3b_apply_resolved_discussion_internal(uuid,uuid)@database/014a_sprint3b_inspect_reconnect_idempotency_fix.sql:L99 | s5_get_player_state(text,text)@database/029_sprint5_canonical_discussion_localization.sql:L85 | s5_get_discussion_state(text,text)@database/029_sprint5_canonical_discussion_localization.sql:L89 | s5_send_message(text,text,uuid,integer,uuid,text)@database/030_sprint5_exact_session_messages.sql:L12 | s6_send_message_guarded(text,text,uuid,uuid,text)@database/035_sprint6_focused_audit_corrections.sql:L40 | s6_refresh_owned_discussion(uuid)@database/037_level3_independent_audit_closure.sql:L146 | s2_refresh_discussion(uuid)@database/037_level3_independent_audit_closure.sql:L159 | s2_refresh_discussion(uuid)@database/037_level3_independent_audit_closure.sql:L160 | s7_get_teacher_console(text,text)@database/044_sprint7_focused_level1_corrections.sql:L29 | s8_verify_integrity(uuid)@database/054_level3_integrated_closure.sql:L135",STATIC_ACTIVE_FUNCTION_LAST_DEFINITION_CANDIDATES,NO_DEPLOYED_DATABASE_INSPECTION
F0076,discussion_sessions#04,18,6,12,0,"s2_submit_vote(text,text,text)@database/004_sprint2_fallback_resolution_semantics.sql:L134 | s2_submit_vote(text,text,uuid,integer,text)@database/013_sprint3b_discussion_authority_and_request_identity.sql:L397 | s5_mirror_round_for_audit()@database/028_sprint5_round_event_link.sql:L5 | s5_configure_discussion(uuid,text)@database/032_sprint5_discussion_creation_restore.sql:L11 | s5_configure_discussion(uuid,text)@database/032_sprint5_discussion_creation_restore.sql:L9 | s6_open_discussion(uuid,text,text,int,text)@database/035_sprint6_focused_audit_corrections.sql:L32",59,30,29,0,"s2_open_vote(text,text)@database/002_runtime_runs_discussion.sql:L462 | s2_add_time(text,text,integer)@database/002_runtime_runs_discussion.sql:L519 | s2_send_message(text,text,text)@database/002_runtime_runs_discussion.sql:L568 | s2_send_message(text,text,text)@database/002_runtime_runs_discussion.sql:L576 | s2_send_message(text,text,text)@database/002_runtime_runs_discussion.sql:L591 | s2_get_player_state(text,text)@database/003_sprint2_discussionroom_audit_fix.sql:L373 | s2_get_player_state(text,text)@database/003_sprint2_discussionroom_audit_fix.sql:L381 | s2_submit_vote(text,text,text)@database/004_sprint2_fallback_resolution_semantics.sql:L141 | s2_submit_vote(text,text,text)@database/004_sprint2_fallback_resolution_semantics.sql:L32 | s2_submit_vote(text,text,text)@database/004_sprint2_fallback_resolution_semantics.sql:L41 | s2_submit_vote(text,text,text)@database/004_sprint2_fallback_resolution_semantics.sql:L60 | s2_send_message(text,text,uuid,integer,uuid,text)@database/013_sprint3b_discussion_authority_and_request_identity.sql:L214 | s2_send_message(text,text,uuid,integer,uuid,text)@database/013_sprint3b_discussion_authority_and_request_identity.sql:L237 | s2_send_message(text,text,uuid,integer,uuid,text)@database/013_sprint3b_discussion_authority_and_request_identity.sql:L251 | s2_submit_vote(text,text,uuid,integer,text)@database/013_sprint3b_discussion_authority_and_request_identity.sql:L295 | s2_submit_vote(text,text,uuid,integer,text)@database/013_sprint3b_discussion_authority_and_request_identity.sql:L305 | s2_submit_vote(text,text,uuid,integer,text)@database/013_sprint3b_discussion_authority_and_request_identity.sql:L332 | s2_submit_vote(text,text,uuid,integer,text)@database/013_sprint3b_discussion_authority_and_request_identity.sql:L404 | s3b_apply_resolved_discussion_internal(uuid,uuid)@database/014a_sprint3b_inspect_reconnect_idempotency_fix.sql:L100 | s3b_apply_resolved_discussion_internal(uuid,uuid)@database/014a_sprint3b_inspect_reconnect_idempotency_fix.sql:L20 | s5_get_player_state(text,text)@database/029_sprint5_canonical_discussion_localization.sql:L85 | s5_get_discussion_state(text,text)@database/029_sprint5_canonical_discussion_localization.sql:L89 | s5_send_message(text,text,uuid,integer,uuid,text)@database/030_sprint5_exact_session_messages.sql:L12 | s6_send_message_guarded(text,text,uuid,uuid,text)@database/035_sprint6_focused_audit_corrections.sql:L40 | s6_close_discussion_guarded(text,text,text,int,int,uuid)@database/035_sprint6_focused_audit_corrections.sql:L42 | s6_refresh_owned_discussion(uuid)@database/037_level3_independent_audit_closure.sql:L146 | s2_refresh_discussion(uuid)@database/037_level3_independent_audit_closure.sql:L159 | s6_get_player_state(text,text)@database/037_level3_independent_audit_closure.sql:L179 | s7_get_teacher_console(text,text)@database/044_sprint7_focused_level1_corrections.sql:L29 | s8_verify_integrity(uuid)@database/054_level3_integrated_closure.sql:L135",STATIC_ACTIVE_FUNCTION_LAST_DEFINITION_CANDIDATES,NO_DEPLOYED_DATABASE_INSPECTION
F0077,discussion_sessions#05,16,5,11,0,"s2_submit_vote(text,text,text)@database/004_sprint2_fallback_resolution_semantics.sql:L134 | s2_submit_vote(text,text,uuid,integer,text)@database/013_sprint3b_discussion_authority_and_request_identity.sql:L397 | s5_mirror_round_for_audit()@database/028_sprint5_round_event_link.sql:L5 | s5_configure_discussion(uuid,text)@database/032_sprint5_discussion_creation_restore.sql:L9 | s6_open_discussion(uuid,text,text,int,text)@database/035_sprint6_focused_audit_corrections.sql:L32",54,28,26,0,"s2_open_vote(text,text)@database/002_runtime_runs_discussion.sql:L462 | s2_add_time(text,text,integer)@database/002_runtime_runs_discussion.sql:L519 | s2_send_message(text,text,text)@database/002_runtime_runs_discussion.sql:L568 | s2_send_message(text,text,text)@database/002_runtime_runs_discussion.sql:L576 | s2_send_message(text,text,text)@database/002_runtime_runs_discussion.sql:L591 | s2_get_player_state(text,text)@database/003_sprint2_discussionroom_audit_fix.sql:L373 | s2_get_player_state(text,text)@database/003_sprint2_discussionroom_audit_fix.sql:L381 | s2_submit_vote(text,text,text)@database/004_sprint2_fallback_resolution_semantics.sql:L141 | s2_submit_vote(text,text,text)@database/004_sprint2_fallback_resolution_semantics.sql:L32 | s2_submit_vote(text,text,text)@database/004_sprint2_fallback_resolution_semantics.sql:L41 | s2_submit_vote(text,text,text)@database/004_sprint2_fallback_resolution_semantics.sql:L60 | s2_send_message(text,text,uuid,integer,uuid,text)@database/013_sprint3b_discussion_authority_and_request_identity.sql:L214 | s2_send_message(text,text,uuid,integer,uuid,text)@database/013_sprint3b_discussion_authority_and_request_identity.sql:L237 | s2_send_message(text,text,uuid,integer,uuid,text)@database/013_sprint3b_discussion_authority_and_request_identity.sql:L251 | s2_submit_vote(text,text,uuid,integer,text)@database/013_sprint3b_discussion_authority_and_request_identity.sql:L295 | s2_submit_vote(text,text,uuid,integer,text)@database/013_sprint3b_discussion_authority_and_request_identity.sql:L305 | s2_submit_vote(text,text,uuid,integer,text)@database/013_sprint3b_discussion_authority_and_request_identity.sql:L332 | s2_submit_vote(text,text,uuid,integer,text)@database/013_sprint3b_discussion_authority_and_request_identity.sql:L404 | s3b_apply_resolved_discussion_internal(uuid,uuid)@database/014a_sprint3b_inspect_reconnect_idempotency_fix.sql:L101 | s3b_apply_resolved_discussion_internal(uuid,uuid)@database/014a_sprint3b_inspect_reconnect_idempotency_fix.sql:L20 | s5_get_player_state(text,text)@database/029_sprint5_canonical_discussion_localization.sql:L85 | s5_get_discussion_state(text,text)@database/029_sprint5_canonical_discussion_localization.sql:L89 | s5_send_message(text,text,uuid,integer,uuid,text)@database/030_sprint5_exact_session_messages.sql:L12 | s6_send_message_guarded(text,text,uuid,uuid,text)@database/035_sprint6_focused_audit_corrections.sql:L40 | s6_refresh_owned_discussion(uuid)@database/037_level3_independent_audit_closure.sql:L146 | s2_refresh_discussion(uuid)@database/037_level3_independent_audit_closure.sql:L159 | s6_get_player_state(text,text)@database/037_level3_independent_audit_closure.sql:L179 | s7_get_teacher_console(text,text)@database/044_sprint7_focused_level1_corrections.sql:L29",STATIC_ACTIVE_FUNCTION_LAST_DEFINITION_CANDIDATES,NO_DEPLOYED_DATABASE_INSPECTION
F0078,discussion_sessions#06,15,5,10,0,"s2_submit_vote(text,text,text)@database/004_sprint2_fallback_resolution_semantics.sql:L134 | s2_submit_vote(text,text,uuid,integer,text)@database/013_sprint3b_discussion_authority_and_request_identity.sql:L397 | s5_mirror_round_for_audit()@database/028_sprint5_round_event_link.sql:L5 | s5_configure_discussion(uuid,text)@database/032_sprint5_discussion_creation_restore.sql:L9 | s6_open_discussion(uuid,text,text,int,text)@database/035_sprint6_focused_audit_corrections.sql:L32",48,23,25,0,"s2_open_vote(text,text)@database/002_runtime_runs_discussion.sql:L462 | s2_add_time(text,text,integer)@database/002_runtime_runs_discussion.sql:L519 | s2_send_message(text,text,text)@database/002_runtime_runs_discussion.sql:L568 | s2_send_message(text,text,text)@database/002_runtime_runs_discussion.sql:L576 | s2_get_player_state(text,text)@database/003_sprint2_discussionroom_audit_fix.sql:L373 | s2_get_player_state(text,text)@database/003_sprint2_discussionroom_audit_fix.sql:L381 | s2_get_player_state(text,text)@database/003_sprint2_discussionroom_audit_fix.sql:L487 | s2_submit_vote(text,text,text)@database/004_sprint2_fallback_resolution_semantics.sql:L130 | s2_submit_vote(text,text,text)@database/004_sprint2_fallback_resolution_semantics.sql:L142 | s2_submit_vote(text,text,text)@database/004_sprint2_fallback_resolution_semantics.sql:L32 | s2_submit_vote(text,text,text)@database/004_sprint2_fallback_resolution_semantics.sql:L41 | s2_send_message(text,text,uuid,integer,uuid,text)@database/013_sprint3b_discussion_authority_and_request_identity.sql:L214 | s2_send_message(text,text,uuid,integer,uuid,text)@database/013_sprint3b_discussion_authority_and_request_identity.sql:L237 | s2_submit_vote(text,text,uuid,integer,text)@database/013_sprint3b_discussion_authority_and_request_identity.sql:L295 | s2_submit_vote(text,text,uuid,integer,text)@database/013_sprint3b_discussion_authority_and_request_identity.sql:L305 | s2_submit_vote(text,text,uuid,integer,text)@database/013_sprint3b_discussion_authority_and_request_identity.sql:L395 | s2_submit_vote(text,text,uuid,integer,text)@database/013_sprint3b_discussion_authority_and_request_identity.sql:L405 | s3b_apply_resolved_discussion_internal(uuid,uuid)@database/014a_sprint3b_inspect_reconnect_idempotency_fix.sql:L20 | s5_get_player_state(text,text)@database/029_sprint5_canonical_discussion_localization.sql:L85 | s5_get_discussion_state(text,text)@database/029_sprint5_canonical_discussion_localization.sql:L89 | s6_refresh_owned_discussion(uuid)@database/037_level3_independent_audit_closure.sql:L146 | s2_refresh_discussion(uuid)@database/037_level3_independent_audit_closure.sql:L159 | s7_get_teacher_console(text,text)@database/044_sprint7_focused_level1_corrections.sql:L29",STATIC_ACTIVE_FUNCTION_LAST_DEFINITION_CANDIDATES,NO_DEPLOYED_DATABASE_INSPECTION
F0079,discussion_sessions#07,15,5,10,0,"s2_submit_vote(text,text,text)@database/004_sprint2_fallback_resolution_semantics.sql:L134 | s2_submit_vote(text,text,uuid,integer,text)@database/013_sprint3b_discussion_authority_and_request_identity.sql:L397 | s5_mirror_round_for_audit()@database/028_sprint5_round_event_link.sql:L5 | s5_configure_discussion(uuid,text)@database/032_sprint5_discussion_creation_restore.sql:L9 | s6_open_discussion(uuid,text,text,int,text)@database/035_sprint6_focused_audit_corrections.sql:L32",91,43,48,0,"s2_open_vote(text,text)@database/002_runtime_runs_discussion.sql:L462 | s2_open_vote(text,text)@database/002_runtime_runs_discussion.sql:L485 | s2_add_time(text,text,integer)@database/002_runtime_runs_discussion.sql:L519 | s2_send_message(text,text,text)@database/002_runtime_runs_discussion.sql:L568 | s2_send_message(text,text,text)@database/002_runtime_runs_discussion.sql:L576 | s2_get_player_state(text,text)@database/003_sprint2_discussionroom_audit_fix.sql:L373 | s2_get_player_state(text,text)@database/003_sprint2_discussionroom_audit_fix.sql:L381 | s2_get_player_state(text,text)@database/003_sprint2_discussionroom_audit_fix.sql:L448 | s2_get_player_state(text,text)@database/003_sprint2_discussionroom_audit_fix.sql:L462 | s2_get_player_state(text,text)@database/003_sprint2_discussionroom_audit_fix.sql:L486 | s2_submit_vote(text,text,text)@database/004_sprint2_fallback_resolution_semantics.sql:L117 | s2_submit_vote(text,text,text)@database/004_sprint2_fallback_resolution_semantics.sql:L124 | s2_submit_vote(text,text,text)@database/004_sprint2_fallback_resolution_semantics.sql:L142 | s2_submit_vote(text,text,text)@database/004_sprint2_fallback_resolution_semantics.sql:L157 | s2_submit_vote(text,text,text)@database/004_sprint2_fallback_resolution_semantics.sql:L165 | s2_submit_vote(text,text,text)@database/004_sprint2_fallback_resolution_semantics.sql:L175 | s2_submit_vote(text,text,text)@database/004_sprint2_fallback_resolution_semantics.sql:L32 | s2_submit_vote(text,text,text)@database/004_sprint2_fallback_resolution_semantics.sql:L41 | s2_submit_vote(text,text,text)@database/004_sprint2_fallback_resolution_semantics.sql:L60 | s2_submit_vote(text,text,text)@database/004_sprint2_fallback_resolution_semantics.sql:L67 | s2_submit_vote(text,text,text)@database/004_sprint2_fallback_resolution_semantics.sql:L95 | s2_send_message(text,text,uuid,integer,uuid,text)@database/013_sprint3b_discussion_authority_and_request_identity.sql:L214 | s2_send_message(text,text,uuid,integer,uuid,text)@database/013_sprint3b_discussion_authority_and_request_identity.sql:L221 | s2_send_message(text,text,uuid,integer,uuid,text)@database/013_sprint3b_discussion_authority_and_request_identity.sql:L237 | s2_submit_vote(text,text,uuid,integer,text)@database/013_sprint3b_discussion_authority_and_request_identity.sql:L295 | s2_submit_vote(text,text,uuid,integer,text)@database/013_sprint3b_discussion_authority_and_request_identity.sql:L302 | s2_submit_vote(text,text,uuid,integer,text)@database/013_sprint3b_discussion_authority_and_request_identity.sql:L305 | s2_submit_vote(text,text,uuid,integer,text)@database/013_sprint3b_discussion_authority_and_request_identity.sql:L332 | s2_submit_vote(text,text,uuid,integer,text)@database/013_sprint3b_discussion_authority_and_request_identity.sql:L338 | s2_submit_vote(text,text,uuid,integer,text)@database/013_sprint3b_discussion_authority_and_request_identity.sql:L362 | s2_submit_vote(text,text,uuid,integer,text)@database/013_sprint3b_discussion_authority_and_request_identity.sql:L384 | s2_submit_vote(text,text,uuid,integer,text)@database/013_sprint3b_discussion_authority_and_request_identity.sql:L390 | s2_submit_vote(text,text,uuid,integer,text)@database/013_sprint3b_discussion_authority_and_request_identity.sql:L405 | s2_submit_vote(text,text,uuid,integer,text)@database/013_sprint3b_discussion_authority_and_request_identity.sql:L418 | s2_submit_vote(text,text,uuid,integer,text)@database/013_sprint3b_discussion_authority_and_request_identity.sql:L425 | s2_submit_vote(text,text,uuid,integer,text)@database/013_sprint3b_discussion_authority_and_request_identity.sql:L434 | s3b_apply_resolved_discussion_internal(uuid,uuid)@database/014a_sprint3b_inspect_reconnect_idempotency_fix.sql:L20 | s5_get_player_state(text,text)@database/029_sprint5_canonical_discussion_localization.sql:L85 | s5_get_discussion_state(text,text)@database/029_sprint5_canonical_discussion_localization.sql:L89 | s6_refresh_owned_discussion(uuid)@database/037_level3_independent_audit_closure.sql:L146 | s2_refresh_discussion(uuid)@database/037_level3_independent_audit_closure.sql:L159 | s6_get_player_state(text,text)@database/037_level3_independent_audit_closure.sql:L179 | s7_get_teacher_console(text,text)@database/044_sprint7_focused_level1_corrections.sql:L29",STATIC_ACTIVE_FUNCTION_LAST_DEFINITION_CANDIDATES,NO_DEPLOYED_DATABASE_INSPECTION
F0080,discussion_sessions#08,15,5,10,0,"s2_submit_vote(text,text,text)@database/004_sprint2_fallback_resolution_semantics.sql:L134 | s2_submit_vote(text,text,uuid,integer,text)@database/013_sprint3b_discussion_authority_and_request_identity.sql:L397 | s5_mirror_round_for_audit()@database/028_sprint5_round_event_link.sql:L5 | s5_configure_discussion(uuid,text)@database/032_sprint5_discussion_creation_restore.sql:L9 | s6_open_discussion(uuid,text,text,int,text)@database/035_sprint6_focused_audit_corrections.sql:L32",50,24,26,0,"s2_open_vote(text,text)@database/002_runtime_runs_discussion.sql:L462 | s2_add_time(text,text,integer)@database/002_runtime_runs_discussion.sql:L519 | s2_send_message(text,text,text)@database/002_runtime_runs_discussion.sql:L568 | s2_send_message(text,text,text)@database/002_runtime_runs_discussion.sql:L576 | s2_get_player_state(text,text)@database/003_sprint2_discussionroom_audit_fix.sql:L373 | s2_get_player_state(text,text)@database/003_sprint2_discussionroom_audit_fix.sql:L381 | s2_get_player_state(text,text)@database/003_sprint2_discussionroom_audit_fix.sql:L484 | s2_submit_vote(text,text,text)@database/004_sprint2_fallback_resolution_semantics.sql:L143 | s2_submit_vote(text,text,text)@database/004_sprint2_fallback_resolution_semantics.sql:L32 | s2_submit_vote(text,text,text)@database/004_sprint2_fallback_resolution_semantics.sql:L41 | s2_send_message(text,text,uuid,integer,uuid,text)@database/013_sprint3b_discussion_authority_and_request_identity.sql:L214 | s2_send_message(text,text,uuid,integer,uuid,text)@database/013_sprint3b_discussion_authority_and_request_identity.sql:L237 | s2_submit_vote(text,text,uuid,integer,text)@database/013_sprint3b_discussion_authority_and_request_identity.sql:L295 | s2_submit_vote(text,text,uuid,integer,text)@database/013_sprint3b_discussion_authority_and_request_identity.sql:L305 | s2_submit_vote(text,text,uuid,integer,text)@database/013_sprint3b_discussion_authority_and_request_identity.sql:L405 | s3b_apply_resolved_discussion_internal(uuid,uuid)@database/014a_sprint3b_inspect_reconnect_idempotency_fix.sql:L20 | s5_get_player_state(text,text)@database/029_sprint5_canonical_discussion_localization.sql:L85 | s5_get_discussion_state(text,text)@database/029_sprint5_canonical_discussion_localization.sql:L89 | s5_get_discussion_state(text,text)@database/029_sprint5_canonical_discussion_localization.sql:L93 | s5_get_teacher_discussion_state(text,text)@database/031_sprint5_focused_reaudit_corrections.sql:L31 | s6_refresh_owned_discussion(uuid)@database/037_level3_independent_audit_closure.sql:L146 | s2_refresh_discussion(uuid)@database/037_level3_independent_audit_closure.sql:L159 | s7_get_teacher_console(text,text)@database/044_sprint7_focused_level1_corrections.sql:L29 | s7_get_teacher_console(text,text)@database/044_sprint7_focused_level1_corrections.sql:L65",STATIC_ACTIVE_FUNCTION_LAST_DEFINITION_CANDIDATES,NO_DEPLOYED_DATABASE_INSPECTION
F0081,discussion_sessions#09,29,14,15,0,"s2_open_vote(text,text)@database/002_runtime_runs_discussion.sql:L477 | s2_add_time(text,text,integer)@database/002_runtime_runs_discussion.sql:L531 | s2_submit_vote(text,text,text)@database/004_sprint2_fallback_resolution_semantics.sql:L114 | s2_submit_vote(text,text,text)@database/004_sprint2_fallback_resolution_semantics.sql:L91 | s2_submit_vote(text,text,uuid,integer,text)@database/013_sprint3b_discussion_authority_and_request_identity.sql:L358 | s2_submit_vote(text,text,uuid,integer,text)@database/013_sprint3b_discussion_authority_and_request_identity.sql:L381 | s5_mirror_round_for_audit()@database/028_sprint5_round_event_link.sql:L5 | s5_configure_discussion(uuid,text)@database/032_sprint5_discussion_creation_restore.sql:L11 | s5_configure_discussion(uuid,text)@database/032_sprint5_discussion_creation_restore.sql:L9 | s6_open_discussion(uuid,text,text,int,text)@database/035_sprint6_focused_audit_corrections.sql:L32 | s6_open_discussion(uuid,text,text,int,text)@database/035_sprint6_focused_audit_corrections.sql:L32 | s6_close_discussion_guarded(text,text,text,int,int,uuid)@database/035_sprint6_focused_audit_corrections.sql:L42 | s6_refresh_owned_discussion(uuid)@database/037_level3_independent_audit_closure.sql:L149 | s5_teacher_open_vote(text,text)@database/045_sprint7_teacher_intervention_provenance.sql:L25",75,39,36,0,"s2_open_vote(text,text)@database/002_runtime_runs_discussion.sql:L462 | s2_open_vote(text,text)@database/002_runtime_runs_discussion.sql:L469 | s2_open_vote(text,text)@database/002_runtime_runs_discussion.sql:L490 | s2_add_time(text,text,integer)@database/002_runtime_runs_discussion.sql:L519 | s2_add_time(text,text,integer)@database/002_runtime_runs_discussion.sql:L526 | s2_add_time(text,text,integer)@database/002_runtime_runs_discussion.sql:L542 | s2_send_message(text,text,text)@database/002_runtime_runs_discussion.sql:L568 | s2_send_message(text,text,text)@database/002_runtime_runs_discussion.sql:L576 | s2_send_message(text,text,text)@database/002_runtime_runs_discussion.sql:L579 | s2_get_player_state(text,text)@database/003_sprint2_discussionroom_audit_fix.sql:L373 | s2_get_player_state(text,text)@database/003_sprint2_discussionroom_audit_fix.sql:L381 | s2_get_player_state(text,text)@database/003_sprint2_discussionroom_audit_fix.sql:L413 | s2_get_player_state(text,text)@database/003_sprint2_discussionroom_audit_fix.sql:L465 | s2_get_player_state(text,text)@database/003_sprint2_discussionroom_audit_fix.sql:L485 | s2_submit_vote(text,text,text)@database/004_sprint2_fallback_resolution_semantics.sql:L32 | s2_submit_vote(text,text,text)@database/004_sprint2_fallback_resolution_semantics.sql:L41 | s2_submit_vote(text,text,text)@database/004_sprint2_fallback_resolution_semantics.sql:L45 | s2_send_message(text,text,uuid,integer,uuid,text)@database/013_sprint3b_discussion_authority_and_request_identity.sql:L214 | s2_send_message(text,text,uuid,integer,uuid,text)@database/013_sprint3b_discussion_authority_and_request_identity.sql:L237 | s2_send_message(text,text,uuid,integer,uuid,text)@database/013_sprint3b_discussion_authority_and_request_identity.sql:L239 | s2_submit_vote(text,text,uuid,integer,text)@database/013_sprint3b_discussion_authority_and_request_identity.sql:L295 | s2_submit_vote(text,text,uuid,integer,text)@database/013_sprint3b_discussion_authority_and_request_identity.sql:L305 | s2_submit_vote(text,text,uuid,integer,text)@database/013_sprint3b_discussion_authority_and_request_identity.sql:L307 | s2_submit_vote(text,text,uuid,integer,text)@database/013_sprint3b_discussion_authority_and_request_identity.sql:L322 | s3b_apply_resolved_discussion_internal(uuid,uuid)@database/014a_sprint3b_inspect_reconnect_idempotency_fix.sql:L20 | s3b_apply_resolved_discussion_internal(uuid,uuid)@database/014a_sprint3b_inspect_reconnect_idempotency_fix.sql:L23 | s5_get_player_state(text,text)@database/029_sprint5_canonical_discussion_localization.sql:L85 | s5_get_discussion_state(text,text)@database/029_sprint5_canonical_discussion_localization.sql:L89 | s5_get_discussion_state(text,text)@database/029_sprint5_canonical_discussion_localization.sql:L93 | s5_send_message(text,text,uuid,integer,uuid,text)@database/030_sprint5_exact_session_messages.sql:L11 | s5_get_teacher_discussion_state(text,text)@database/031_sprint5_focused_reaudit_corrections.sql:L30 | s5_get_teacher_discussion_state(text,text)@database/031_sprint5_focused_reaudit_corrections.sql:L31 | s6_send_message_guarded(text,text,uuid,uuid,text)@database/035_sprint6_focused_audit_corrections.sql:L40 | s6_close_discussion_guarded(text,text,text,int,int,uuid)@database/035_sprint6_focused_audit_corrections.sql:L42 | s6_refresh_owned_discussion(uuid)@database/037_level3_independent_audit_closure.sql:L146 | s2_refresh_discussion(uuid)@database/037_level3_independent_audit_closure.sql:L159 | s7_get_teacher_console(text,text)@database/044_sprint7_focused_level1_corrections.sql:L29 | s7_get_teacher_console(text,text)@database/044_sprint7_focused_level1_corrections.sql:L65 | s8_verify_integrity(uuid)@database/054_level3_integrated_closure.sql:L135",STATIC_ACTIVE_FUNCTION_LAST_DEFINITION_CANDIDATES,NO_DEPLOYED_DATABASE_INSPECTION
F0082,discussion_sessions#10,3,1,2,0,"s5_configure_discussion(uuid,text)@database/032_sprint5_discussion_creation_restore.sql:L11",37,18,19,0,"s2_open_vote(text,text)@database/002_runtime_runs_discussion.sql:L462 | s2_add_time(text,text,integer)@database/002_runtime_runs_discussion.sql:L519 | s2_send_message(text,text,text)@database/002_runtime_runs_discussion.sql:L568 | s2_send_message(text,text,text)@database/002_runtime_runs_discussion.sql:L576 | s2_get_player_state(text,text)@database/003_sprint2_discussionroom_audit_fix.sql:L373 | s2_get_player_state(text,text)@database/003_sprint2_discussionroom_audit_fix.sql:L381 | s2_submit_vote(text,text,text)@database/004_sprint2_fallback_resolution_semantics.sql:L32 | s2_submit_vote(text,text,text)@database/004_sprint2_fallback_resolution_semantics.sql:L41 | s2_send_message(text,text,uuid,integer,uuid,text)@database/013_sprint3b_discussion_authority_and_request_identity.sql:L214 | s2_send_message(text,text,uuid,integer,uuid,text)@database/013_sprint3b_discussion_authority_and_request_identity.sql:L237 | s2_submit_vote(text,text,uuid,integer,text)@database/013_sprint3b_discussion_authority_and_request_identity.sql:L295 | s2_submit_vote(text,text,uuid,integer,text)@database/013_sprint3b_discussion_authority_and_request_identity.sql:L305 | s3b_apply_resolved_discussion_internal(uuid,uuid)@database/014a_sprint3b_inspect_reconnect_idempotency_fix.sql:L20 | s5_get_player_state(text,text)@database/029_sprint5_canonical_discussion_localization.sql:L85 | s5_get_discussion_state(text,text)@database/029_sprint5_canonical_discussion_localization.sql:L89 | s6_refresh_owned_discussion(uuid)@database/037_level3_independent_audit_closure.sql:L146 | s2_refresh_discussion(uuid)@database/037_level3_independent_audit_closure.sql:L159 | s7_get_teacher_console(text,text)@database/044_sprint7_focused_level1_corrections.sql:L29",STATIC_ACTIVE_FUNCTION_LAST_DEFINITION_CANDIDATES,NO_DEPLOYED_DATABASE_INSPECTION
F0083,discussion_sessions#11,38,16,22,0,"s2_open_vote(text,text)@database/002_runtime_runs_discussion.sql:L477 | s2_add_time(text,text,integer)@database/002_runtime_runs_discussion.sql:L531 | s2_submit_vote(text,text,text)@database/004_sprint2_fallback_resolution_semantics.sql:L114 | s2_submit_vote(text,text,text)@database/004_sprint2_fallback_resolution_semantics.sql:L134 | s2_submit_vote(text,text,text)@database/004_sprint2_fallback_resolution_semantics.sql:L91 | s2_submit_vote(text,text,uuid,integer,text)@database/013_sprint3b_discussion_authority_and_request_identity.sql:L358 | s2_submit_vote(text,text,uuid,integer,text)@database/013_sprint3b_discussion_authority_and_request_identity.sql:L381 | s2_submit_vote(text,text,uuid,integer,text)@database/013_sprint3b_discussion_authority_and_request_identity.sql:L397 | s5_audit_expire_discussion(text,text)@database/029_sprint5_canonical_discussion_localization.sql:L98 | s5_configure_discussion(uuid,text)@database/032_sprint5_discussion_creation_restore.sql:L11 | s6_open_discussion(uuid,text,text,int,text)@database/035_sprint6_focused_audit_corrections.sql:L32 | s6_open_discussion(uuid,text,text,int,text)@database/035_sprint6_focused_audit_corrections.sql:L32 | s6_close_discussion_guarded(text,text,text,int,int,uuid)@database/035_sprint6_focused_audit_corrections.sql:L42 | s6_refresh_owned_discussion(uuid)@database/037_level3_independent_audit_closure.sql:L149 | s5_teacher_open_vote(text,text)@database/045_sprint7_teacher_intervention_provenance.sql:L25 | s5_teacher_add_time(text,text,integer)@database/045_sprint7_teacher_intervention_provenance.sql:L31",55,28,27,0,"s2_open_vote(text,text)@database/002_runtime_runs_discussion.sql:L462 | s2_open_vote(text,text)@database/002_runtime_runs_discussion.sql:L491 | s2_add_time(text,text,integer)@database/002_runtime_runs_discussion.sql:L519 | s2_add_time(text,text,integer)@database/002_runtime_runs_discussion.sql:L542 | s2_send_message(text,text,text)@database/002_runtime_runs_discussion.sql:L568 | s2_send_message(text,text,text)@database/002_runtime_runs_discussion.sql:L576 | s2_get_player_state(text,text)@database/003_sprint2_discussionroom_audit_fix.sql:L373 | s2_get_player_state(text,text)@database/003_sprint2_discussionroom_audit_fix.sql:L381 | s2_get_player_state(text,text)@database/003_sprint2_discussionroom_audit_fix.sql:L488 | s2_submit_vote(text,text,text)@database/004_sprint2_fallback_resolution_semantics.sql:L32 | s2_submit_vote(text,text,text)@database/004_sprint2_fallback_resolution_semantics.sql:L41 | s2_send_message(text,text,uuid,integer,uuid,text)@database/013_sprint3b_discussion_authority_and_request_identity.sql:L214 | s2_send_message(text,text,uuid,integer,uuid,text)@database/013_sprint3b_discussion_authority_and_request_identity.sql:L237 | s2_submit_vote(text,text,uuid,integer,text)@database/013_sprint3b_discussion_authority_and_request_identity.sql:L295 | s2_submit_vote(text,text,uuid,integer,text)@database/013_sprint3b_discussion_authority_and_request_identity.sql:L305 | s3b_apply_resolved_discussion_internal(uuid,uuid)@database/014a_sprint3b_inspect_reconnect_idempotency_fix.sql:L20 | s5_get_player_state(text,text)@database/029_sprint5_canonical_discussion_localization.sql:L85 | s5_get_discussion_state(text,text)@database/029_sprint5_canonical_discussion_localization.sql:L89 | s5_get_discussion_state(text,text)@database/029_sprint5_canonical_discussion_localization.sql:L93 | s5_get_teacher_discussion_state(text,text)@database/031_sprint5_focused_reaudit_corrections.sql:L31 | s6_send_message_guarded(text,text,uuid,uuid,text)@database/035_sprint6_focused_audit_corrections.sql:L40 | s6_close_discussion_guarded(text,text,text,int,int,uuid)@database/035_sprint6_focused_audit_corrections.sql:L42 | s6_refresh_owned_discussion(uuid)@database/037_level3_independent_audit_closure.sql:L146 | s6_refresh_owned_discussion(uuid)@database/037_level3_independent_audit_closure.sql:L147 | s2_refresh_discussion(uuid)@database/037_level3_independent_audit_closure.sql:L159 | s6_get_player_state(text,text)@database/037_level3_independent_audit_closure.sql:L179 | s7_get_teacher_console(text,text)@database/044_sprint7_focused_level1_corrections.sql:L29 | s7_get_teacher_console(text,text)@database/044_sprint7_focused_level1_corrections.sql:L65",STATIC_ACTIVE_FUNCTION_LAST_DEFINITION_CANDIDATES,NO_DEPLOYED_DATABASE_INSPECTION
F0084,discussion_sessions#12,20,9,11,0,"s2_submit_vote(text,text,text)@database/004_sprint2_fallback_resolution_semantics.sql:L114 | s2_submit_vote(text,text,text)@database/004_sprint2_fallback_resolution_semantics.sql:L91 | s2_submit_vote(text,text,uuid,integer,text)@database/013_sprint3b_discussion_authority_and_request_identity.sql:L358 | s2_submit_vote(text,text,uuid,integer,text)@database/013_sprint3b_discussion_authority_and_request_identity.sql:L381 | s5_mirror_round_for_audit()@database/028_sprint5_round_event_link.sql:L5 | s5_configure_discussion(uuid,text)@database/032_sprint5_discussion_creation_restore.sql:L11 | s6_open_discussion(uuid,text,text,int,text)@database/035_sprint6_focused_audit_corrections.sql:L32 | s6_close_discussion_guarded(text,text,text,int,int,uuid)@database/035_sprint6_focused_audit_corrections.sql:L42 | s6_refresh_owned_discussion(uuid)@database/037_level3_independent_audit_closure.sql:L149",37,19,18,0,"s2_open_vote(text,text)@database/002_runtime_runs_discussion.sql:L462 | s2_add_time(text,text,integer)@database/002_runtime_runs_discussion.sql:L519 | s2_send_message(text,text,text)@database/002_runtime_runs_discussion.sql:L568 | s2_send_message(text,text,text)@database/002_runtime_runs_discussion.sql:L576 | s2_get_player_state(text,text)@database/003_sprint2_discussionroom_audit_fix.sql:L373 | s2_get_player_state(text,text)@database/003_sprint2_discussionroom_audit_fix.sql:L381 | s2_submit_vote(text,text,text)@database/004_sprint2_fallback_resolution_semantics.sql:L32 | s2_submit_vote(text,text,text)@database/004_sprint2_fallback_resolution_semantics.sql:L41 | s2_send_message(text,text,uuid,integer,uuid,text)@database/013_sprint3b_discussion_authority_and_request_identity.sql:L214 | s2_send_message(text,text,uuid,integer,uuid,text)@database/013_sprint3b_discussion_authority_and_request_identity.sql:L237 | s2_submit_vote(text,text,uuid,integer,text)@database/013_sprint3b_discussion_authority_and_request_identity.sql:L295 | s2_submit_vote(text,text,uuid,integer,text)@database/013_sprint3b_discussion_authority_and_request_identity.sql:L305 | s3b_apply_resolved_discussion_internal(uuid,uuid)@database/014a_sprint3b_inspect_reconnect_idempotency_fix.sql:L20 | s5_get_player_state(text,text)@database/029_sprint5_canonical_discussion_localization.sql:L85 | s5_get_discussion_state(text,text)@database/029_sprint5_canonical_discussion_localization.sql:L89 | s6_refresh_owned_discussion(uuid)@database/037_level3_independent_audit_closure.sql:L146 | s2_refresh_discussion(uuid)@database/037_level3_independent_audit_closure.sql:L159 | s7_get_teacher_console(text,text)@database/044_sprint7_focused_level1_corrections.sql:L29 | s8_verify_integrity(uuid)@database/054_level3_integrated_closure.sql:L135",STATIC_ACTIVE_FUNCTION_LAST_DEFINITION_CANDIDATES,NO_DEPLOYED_DATABASE_INSPECTION
F0085,discussion_sessions#13,24,11,13,0,"s2_submit_vote(text,text,text)@database/004_sprint2_fallback_resolution_semantics.sql:L114 | s2_submit_vote(text,text,text)@database/004_sprint2_fallback_resolution_semantics.sql:L171 | s2_submit_vote(text,text,text)@database/004_sprint2_fallback_resolution_semantics.sql:L91 | s2_submit_vote(text,text,uuid,integer,text)@database/013_sprint3b_discussion_authority_and_request_identity.sql:L358 | s2_submit_vote(text,text,uuid,integer,text)@database/013_sprint3b_discussion_authority_and_request_identity.sql:L381 | s2_submit_vote(text,text,uuid,integer,text)@database/013_sprint3b_discussion_authority_and_request_identity.sql:L431 | s5_mirror_round_for_audit()@database/028_sprint5_round_event_link.sql:L5 | s5_configure_discussion(uuid,text)@database/032_sprint5_discussion_creation_restore.sql:L11 | s6_open_discussion(uuid,text,text,int,text)@database/035_sprint6_focused_audit_corrections.sql:L32 | s6_close_discussion_guarded(text,text,text,int,int,uuid)@database/035_sprint6_focused_audit_corrections.sql:L42 | s6_refresh_owned_discussion(uuid)@database/037_level3_independent_audit_closure.sql:L149",55,25,30,0,"s2_open_vote(text,text)@database/002_runtime_runs_discussion.sql:L462 | s2_add_time(text,text,integer)@database/002_runtime_runs_discussion.sql:L519 | s2_send_message(text,text,text)@database/002_runtime_runs_discussion.sql:L568 | s2_send_message(text,text,text)@database/002_runtime_runs_discussion.sql:L576 | s2_get_player_state(text,text)@database/003_sprint2_discussionroom_audit_fix.sql:L373 | s2_get_player_state(text,text)@database/003_sprint2_discussionroom_audit_fix.sql:L381 | s2_get_player_state(text,text)@database/003_sprint2_discussionroom_audit_fix.sql:L449 | s2_get_player_state(text,text)@database/003_sprint2_discussionroom_audit_fix.sql:L494 | s2_submit_vote(text,text,text)@database/004_sprint2_fallback_resolution_semantics.sql:L32 | s2_submit_vote(text,text,text)@database/004_sprint2_fallback_resolution_semantics.sql:L41 | s2_send_message(text,text,uuid,integer,uuid,text)@database/013_sprint3b_discussion_authority_and_request_identity.sql:L214 | s2_send_message(text,text,uuid,integer,uuid,text)@database/013_sprint3b_discussion_authority_and_request_identity.sql:L237 | s2_submit_vote(text,text,uuid,integer,text)@database/013_sprint3b_discussion_authority_and_request_identity.sql:L295 | s2_submit_vote(text,text,uuid,integer,text)@database/013_sprint3b_discussion_authority_and_request_identity.sql:L305 | s3b_apply_resolved_discussion_internal(uuid,uuid)@database/014a_sprint3b_inspect_reconnect_idempotency_fix.sql:L103 | s3b_apply_resolved_discussion_internal(uuid,uuid)@database/014a_sprint3b_inspect_reconnect_idempotency_fix.sql:L20 | s3b_apply_resolved_discussion_internal(uuid,uuid)@database/014a_sprint3b_inspect_reconnect_idempotency_fix.sql:L27 | s5_get_player_state(text,text)@database/029_sprint5_canonical_discussion_localization.sql:L85 | s5_get_discussion_state(text,text)@database/029_sprint5_canonical_discussion_localization.sql:L89 | s5_get_teacher_discussion_state(text,text)@database/031_sprint5_focused_reaudit_corrections.sql:L31 | s6_refresh_owned_discussion(uuid)@database/037_level3_independent_audit_closure.sql:L146 | s2_refresh_discussion(uuid)@database/037_level3_independent_audit_closure.sql:L159 | s7_get_teacher_console(text,text)@database/044_sprint7_focused_level1_corrections.sql:L29 | s8_verify_integrity(uuid)@database/054_level3_integrated_closure.sql:L134 | s8_verify_integrity(uuid)@database/054_level3_integrated_closure.sql:L135",STATIC_ACTIVE_FUNCTION_LAST_DEFINITION_CANDIDATES,NO_DEPLOYED_DATABASE_INSPECTION
F0086,discussion_sessions#14,18,6,12,0,"s2_submit_vote(text,text,text)@database/004_sprint2_fallback_resolution_semantics.sql:L134 | s2_submit_vote(text,text,uuid,integer,text)@database/013_sprint3b_discussion_authority_and_request_identity.sql:L397 | s5_mirror_round_for_audit()@database/028_sprint5_round_event_link.sql:L5 | s5_configure_discussion(uuid,text)@database/032_sprint5_discussion_creation_restore.sql:L11 | s5_configure_discussion(uuid,text)@database/032_sprint5_discussion_creation_restore.sql:L9 | s6_open_discussion(uuid,text,text,int,text)@database/035_sprint6_focused_audit_corrections.sql:L32",48,24,24,0,"s2_open_vote(text,text)@database/002_runtime_runs_discussion.sql:L462 | s2_add_time(text,text,integer)@database/002_runtime_runs_discussion.sql:L519 | s2_send_message(text,text,text)@database/002_runtime_runs_discussion.sql:L568 | s2_send_message(text,text,text)@database/002_runtime_runs_discussion.sql:L576 | s2_get_player_state(text,text)@database/003_sprint2_discussionroom_audit_fix.sql:L373 | s2_get_player_state(text,text)@database/003_sprint2_discussionroom_audit_fix.sql:L381 | s2_get_player_state(text,text)@database/003_sprint2_discussionroom_audit_fix.sql:L428 | s2_get_player_state(text,text)@database/003_sprint2_discussionroom_audit_fix.sql:L489 | s2_submit_vote(text,text,text)@database/004_sprint2_fallback_resolution_semantics.sql:L145 | s2_submit_vote(text,text,text)@database/004_sprint2_fallback_resolution_semantics.sql:L32 | s2_submit_vote(text,text,text)@database/004_sprint2_fallback_resolution_semantics.sql:L41 | s2_send_message(text,text,uuid,integer,uuid,text)@database/013_sprint3b_discussion_authority_and_request_identity.sql:L214 | s2_send_message(text,text,uuid,integer,uuid,text)@database/013_sprint3b_discussion_authority_and_request_identity.sql:L237 | s2_submit_vote(text,text,uuid,integer,text)@database/013_sprint3b_discussion_authority_and_request_identity.sql:L295 | s2_submit_vote(text,text,uuid,integer,text)@database/013_sprint3b_discussion_authority_and_request_identity.sql:L305 | s2_submit_vote(text,text,uuid,integer,text)@database/013_sprint3b_discussion_authority_and_request_identity.sql:L407 | s3b_apply_resolved_discussion_internal(uuid,uuid)@database/014a_sprint3b_inspect_reconnect_idempotency_fix.sql:L20 | s5_get_player_state(text,text)@database/029_sprint5_canonical_discussion_localization.sql:L85 | s5_get_discussion_state(text,text)@database/029_sprint5_canonical_discussion_localization.sql:L89 | s5_get_discussion_state(text,text)@database/029_sprint5_canonical_discussion_localization.sql:L92 | s5_get_discussion_state(text,text)@database/029_sprint5_canonical_discussion_localization.sql:L93 | s6_refresh_owned_discussion(uuid)@database/037_level3_independent_audit_closure.sql:L146 | s2_refresh_discussion(uuid)@database/037_level3_independent_audit_closure.sql:L159 | s7_get_teacher_console(text,text)@database/044_sprint7_focused_level1_corrections.sql:L29",STATIC_ACTIVE_FUNCTION_LAST_DEFINITION_CANDIDATES,NO_DEPLOYED_DATABASE_INSPECTION
F0087,discussion_sessions#15,8,4,4,0,"s5_mirror_round_for_audit()@database/028_sprint5_round_event_link.sql:L5 | s5_configure_discussion(uuid,text)@database/032_sprint5_discussion_creation_restore.sql:L11 | s5_configure_discussion(uuid,text)@database/032_sprint5_discussion_creation_restore.sql:L9 | s6_open_discussion(uuid,text,text,int,text)@database/035_sprint6_focused_audit_corrections.sql:L32",39,21,18,0,"s2_open_vote(text,text)@database/002_runtime_runs_discussion.sql:L462 | s2_add_time(text,text,integer)@database/002_runtime_runs_discussion.sql:L519 | s2_send_message(text,text,text)@database/002_runtime_runs_discussion.sql:L568 | s2_send_message(text,text,text)@database/002_runtime_runs_discussion.sql:L576 | s2_send_message(text,text,text)@database/002_runtime_runs_discussion.sql:L579 | s2_get_player_state(text,text)@database/003_sprint2_discussionroom_audit_fix.sql:L373 | s2_get_player_state(text,text)@database/003_sprint2_discussionroom_audit_fix.sql:L381 | s2_submit_vote(text,text,text)@database/004_sprint2_fallback_resolution_semantics.sql:L32 | s2_submit_vote(text,text,text)@database/004_sprint2_fallback_resolution_semantics.sql:L41 | s2_send_message(text,text,uuid,integer,uuid,text)@database/013_sprint3b_discussion_authority_and_request_identity.sql:L214 | s2_send_message(text,text,uuid,integer,uuid,text)@database/013_sprint3b_discussion_authority_and_request_identity.sql:L237 | s2_send_message(text,text,uuid,integer,uuid,text)@database/013_sprint3b_discussion_authority_and_request_identity.sql:L239 | s2_submit_vote(text,text,uuid,integer,text)@database/013_sprint3b_discussion_authority_and_request_identity.sql:L295 | s2_submit_vote(text,text,uuid,integer,text)@database/013_sprint3b_discussion_authority_and_request_identity.sql:L305 | s3b_apply_resolved_discussion_internal(uuid,uuid)@database/014a_sprint3b_inspect_reconnect_idempotency_fix.sql:L20 | s5_get_player_state(text,text)@database/029_sprint5_canonical_discussion_localization.sql:L85 | s5_get_discussion_state(text,text)@database/029_sprint5_canonical_discussion_localization.sql:L89 | s5_send_message(text,text,uuid,integer,uuid,text)@database/030_sprint5_exact_session_messages.sql:L11 | s6_refresh_owned_discussion(uuid)@database/037_level3_independent_audit_closure.sql:L146 | s2_refresh_discussion(uuid)@database/037_level3_independent_audit_closure.sql:L159 | s7_get_teacher_console(text,text)@database/044_sprint7_focused_level1_corrections.sql:L29",STATIC_ACTIVE_FUNCTION_LAST_DEFINITION_CANDIDATES,NO_DEPLOYED_DATABASE_INSPECTION
F0088,discussion_sessions#16,18,6,12,0,"s2_submit_vote(text,text,text)@database/004_sprint2_fallback_resolution_semantics.sql:L134 | s2_submit_vote(text,text,uuid,integer,text)@database/013_sprint3b_discussion_authority_and_request_identity.sql:L397 | s5_mirror_round_for_audit()@database/028_sprint5_round_event_link.sql:L5 | s5_configure_discussion(uuid,text)@database/032_sprint5_discussion_creation_restore.sql:L11 | s5_configure_discussion(uuid,text)@database/032_sprint5_discussion_creation_restore.sql:L9 | s6_open_discussion(uuid,text,text,int,text)@database/035_sprint6_focused_audit_corrections.sql:L32",46,22,24,0,"s2_open_vote(text,text)@database/002_runtime_runs_discussion.sql:L462 | s2_open_vote(text,text)@database/002_runtime_runs_discussion.sql:L472 | s2_add_time(text,text,integer)@database/002_runtime_runs_discussion.sql:L519 | s2_send_message(text,text,text)@database/002_runtime_runs_discussion.sql:L568 | s2_send_message(text,text,text)@database/002_runtime_runs_discussion.sql:L576 | s2_get_player_state(text,text)@database/003_sprint2_discussionroom_audit_fix.sql:L373 | s2_get_player_state(text,text)@database/003_sprint2_discussionroom_audit_fix.sql:L381 | s2_get_player_state(text,text)@database/003_sprint2_discussionroom_audit_fix.sql:L490 | s2_submit_vote(text,text,text)@database/004_sprint2_fallback_resolution_semantics.sql:L145 | s2_submit_vote(text,text,text)@database/004_sprint2_fallback_resolution_semantics.sql:L32 | s2_submit_vote(text,text,text)@database/004_sprint2_fallback_resolution_semantics.sql:L41 | s2_send_message(text,text,uuid,integer,uuid,text)@database/013_sprint3b_discussion_authority_and_request_identity.sql:L214 | s2_send_message(text,text,uuid,integer,uuid,text)@database/013_sprint3b_discussion_authority_and_request_identity.sql:L237 | s2_submit_vote(text,text,uuid,integer,text)@database/013_sprint3b_discussion_authority_and_request_identity.sql:L295 | s2_submit_vote(text,text,uuid,integer,text)@database/013_sprint3b_discussion_authority_and_request_identity.sql:L305 | s2_submit_vote(text,text,uuid,integer,text)@database/013_sprint3b_discussion_authority_and_request_identity.sql:L407 | s3b_apply_resolved_discussion_internal(uuid,uuid)@database/014a_sprint3b_inspect_reconnect_idempotency_fix.sql:L20 | s5_get_player_state(text,text)@database/029_sprint5_canonical_discussion_localization.sql:L85 | s5_get_discussion_state(text,text)@database/029_sprint5_canonical_discussion_localization.sql:L89 | s6_refresh_owned_discussion(uuid)@database/037_level3_independent_audit_closure.sql:L146 | s2_refresh_discussion(uuid)@database/037_level3_independent_audit_closure.sql:L159 | s7_get_teacher_console(text,text)@database/044_sprint7_focused_level1_corrections.sql:L29",STATIC_ACTIVE_FUNCTION_LAST_DEFINITION_CANDIDATES,NO_DEPLOYED_DATABASE_INSPECTION
F0089,discussion_sessions#17,18,6,12,0,"s2_submit_vote(text,text,text)@database/004_sprint2_fallback_resolution_semantics.sql:L134 | s2_submit_vote(text,text,uuid,integer,text)@database/013_sprint3b_discussion_authority_and_request_identity.sql:L397 | s5_mirror_round_for_audit()@database/028_sprint5_round_event_link.sql:L5 | s5_configure_discussion(uuid,text)@database/032_sprint5_discussion_creation_restore.sql:L11 | s5_configure_discussion(uuid,text)@database/032_sprint5_discussion_creation_restore.sql:L9 | s6_open_discussion(uuid,text,text,int,text)@database/035_sprint6_focused_audit_corrections.sql:L32",49,24,25,0,"s2_open_vote(text,text)@database/002_runtime_runs_discussion.sql:L462 | s2_add_time(text,text,integer)@database/002_runtime_runs_discussion.sql:L519 | s2_send_message(text,text,text)@database/002_runtime_runs_discussion.sql:L568 | s2_send_message(text,text,text)@database/002_runtime_runs_discussion.sql:L576 | s2_get_player_state(text,text)@database/003_sprint2_discussionroom_audit_fix.sql:L373 | s2_get_player_state(text,text)@database/003_sprint2_discussionroom_audit_fix.sql:L381 | s2_get_player_state(text,text)@database/003_sprint2_discussionroom_audit_fix.sql:L491 | s2_submit_vote(text,text,text)@database/004_sprint2_fallback_resolution_semantics.sql:L146 | s2_submit_vote(text,text,text)@database/004_sprint2_fallback_resolution_semantics.sql:L32 | s2_submit_vote(text,text,text)@database/004_sprint2_fallback_resolution_semantics.sql:L41 | s2_submit_vote(text,text,text)@database/004_sprint2_fallback_resolution_semantics.sql:L50 | s2_send_message(text,text,uuid,integer,uuid,text)@database/013_sprint3b_discussion_authority_and_request_identity.sql:L214 | s2_send_message(text,text,uuid,integer,uuid,text)@database/013_sprint3b_discussion_authority_and_request_identity.sql:L237 | s2_submit_vote(text,text,uuid,integer,text)@database/013_sprint3b_discussion_authority_and_request_identity.sql:L295 | s2_submit_vote(text,text,uuid,integer,text)@database/013_sprint3b_discussion_authority_and_request_identity.sql:L305 | s2_submit_vote(text,text,uuid,integer,text)@database/013_sprint3b_discussion_authority_and_request_identity.sql:L310 | s2_submit_vote(text,text,uuid,integer,text)@database/013_sprint3b_discussion_authority_and_request_identity.sql:L408 | s3b_apply_resolved_discussion_internal(uuid,uuid)@database/014a_sprint3b_inspect_reconnect_idempotency_fix.sql:L20 | s5_get_player_state(text,text)@database/029_sprint5_canonical_discussion_localization.sql:L85 | s5_get_discussion_state(text,text)@database/029_sprint5_canonical_discussion_localization.sql:L89 | s5_get_discussion_state(text,text)@database/029_sprint5_canonical_discussion_localization.sql:L93 | s6_refresh_owned_discussion(uuid)@database/037_level3_independent_audit_closure.sql:L146 | s2_refresh_discussion(uuid)@database/037_level3_independent_audit_closure.sql:L159 | s7_get_teacher_console(text,text)@database/044_sprint7_focused_level1_corrections.sql:L29",STATIC_ACTIVE_FUNCTION_LAST_DEFINITION_CANDIDATES,NO_DEPLOYED_DATABASE_INSPECTION
F0090,discussion_sessions#18,18,6,12,0,"s2_submit_vote(text,text,text)@database/004_sprint2_fallback_resolution_semantics.sql:L134 | s2_submit_vote(text,text,uuid,integer,text)@database/013_sprint3b_discussion_authority_and_request_identity.sql:L397 | s5_mirror_round_for_audit()@database/028_sprint5_round_event_link.sql:L5 | s5_configure_discussion(uuid,text)@database/032_sprint5_discussion_creation_restore.sql:L11 | s5_configure_discussion(uuid,text)@database/032_sprint5_discussion_creation_restore.sql:L9 | s6_open_discussion(uuid,text,text,int,text)@database/035_sprint6_focused_audit_corrections.sql:L32",53,26,27,0,"s2_open_vote(text,text)@database/002_runtime_runs_discussion.sql:L462 | s2_add_time(text,text,integer)@database/002_runtime_runs_discussion.sql:L519 | s2_send_message(text,text,text)@database/002_runtime_runs_discussion.sql:L568 | s2_send_message(text,text,text)@database/002_runtime_runs_discussion.sql:L576 | s2_get_player_state(text,text)@database/003_sprint2_discussionroom_audit_fix.sql:L373 | s2_get_player_state(text,text)@database/003_sprint2_discussionroom_audit_fix.sql:L381 | s2_get_player_state(text,text)@database/003_sprint2_discussionroom_audit_fix.sql:L492 | s2_submit_vote(text,text,text)@database/004_sprint2_fallback_resolution_semantics.sql:L127 | s2_submit_vote(text,text,text)@database/004_sprint2_fallback_resolution_semantics.sql:L129 | s2_submit_vote(text,text,text)@database/004_sprint2_fallback_resolution_semantics.sql:L146 | s2_submit_vote(text,text,text)@database/004_sprint2_fallback_resolution_semantics.sql:L32 | s2_submit_vote(text,text,text)@database/004_sprint2_fallback_resolution_semantics.sql:L41 | s2_send_message(text,text,uuid,integer,uuid,text)@database/013_sprint3b_discussion_authority_and_request_identity.sql:L214 | s2_send_message(text,text,uuid,integer,uuid,text)@database/013_sprint3b_discussion_authority_and_request_identity.sql:L237 | s2_submit_vote(text,text,uuid,integer,text)@database/013_sprint3b_discussion_authority_and_request_identity.sql:L295 | s2_submit_vote(text,text,uuid,integer,text)@database/013_sprint3b_discussion_authority_and_request_identity.sql:L305 | s2_submit_vote(text,text,uuid,integer,text)@database/013_sprint3b_discussion_authority_and_request_identity.sql:L393 | s2_submit_vote(text,text,uuid,integer,text)@database/013_sprint3b_discussion_authority_and_request_identity.sql:L394 | s2_submit_vote(text,text,uuid,integer,text)@database/013_sprint3b_discussion_authority_and_request_identity.sql:L408 | s3b_apply_resolved_discussion_internal(uuid,uuid)@database/014a_sprint3b_inspect_reconnect_idempotency_fix.sql:L20 | s5_get_player_state(text,text)@database/029_sprint5_canonical_discussion_localization.sql:L85 | s5_get_discussion_state(text,text)@database/029_sprint5_canonical_discussion_localization.sql:L89 | s5_get_discussion_state(text,text)@database/029_sprint5_canonical_discussion_localization.sql:L93 | s6_refresh_owned_discussion(uuid)@database/037_level3_independent_audit_closure.sql:L146 | s2_refresh_discussion(uuid)@database/037_level3_independent_audit_closure.sql:L159 | s7_get_teacher_console(text,text)@database/044_sprint7_focused_level1_corrections.sql:L29",STATIC_ACTIVE_FUNCTION_LAST_DEFINITION_CANDIDATES,NO_DEPLOYED_DATABASE_INSPECTION
F0091,discussion_sessions#19,13,3,10,0,"s2_submit_vote(text,text,text)@database/004_sprint2_fallback_resolution_semantics.sql:L134 | s2_submit_vote(text,text,uuid,integer,text)@database/013_sprint3b_discussion_authority_and_request_identity.sql:L397 | s5_configure_discussion(uuid,text)@database/032_sprint5_discussion_creation_restore.sql:L11",44,22,22,0,"s2_open_vote(text,text)@database/002_runtime_runs_discussion.sql:L462 | s2_add_time(text,text,integer)@database/002_runtime_runs_discussion.sql:L519 | s2_send_message(text,text,text)@database/002_runtime_runs_discussion.sql:L568 | s2_send_message(text,text,text)@database/002_runtime_runs_discussion.sql:L576 | s2_get_player_state(text,text)@database/003_sprint2_discussionroom_audit_fix.sql:L373 | s2_get_player_state(text,text)@database/003_sprint2_discussionroom_audit_fix.sql:L381 | s2_submit_vote(text,text,text)@database/004_sprint2_fallback_resolution_semantics.sql:L144 | s2_submit_vote(text,text,text)@database/004_sprint2_fallback_resolution_semantics.sql:L146 | s2_submit_vote(text,text,text)@database/004_sprint2_fallback_resolution_semantics.sql:L32 | s2_submit_vote(text,text,text)@database/004_sprint2_fallback_resolution_semantics.sql:L41 | s2_send_message(text,text,uuid,integer,uuid,text)@database/013_sprint3b_discussion_authority_and_request_identity.sql:L214 | s2_send_message(text,text,uuid,integer,uuid,text)@database/013_sprint3b_discussion_authority_and_request_identity.sql:L237 | s2_submit_vote(text,text,uuid,integer,text)@database/013_sprint3b_discussion_authority_and_request_identity.sql:L295 | s2_submit_vote(text,text,uuid,integer,text)@database/013_sprint3b_discussion_authority_and_request_identity.sql:L305 | s2_submit_vote(text,text,uuid,integer,text)@database/013_sprint3b_discussion_authority_and_request_identity.sql:L406 | s2_submit_vote(text,text,uuid,integer,text)@database/013_sprint3b_discussion_authority_and_request_identity.sql:L408 | s3b_apply_resolved_discussion_internal(uuid,uuid)@database/014a_sprint3b_inspect_reconnect_idempotency_fix.sql:L20 | s5_get_player_state(text,text)@database/029_sprint5_canonical_discussion_localization.sql:L85 | s5_get_discussion_state(text,text)@database/029_sprint5_canonical_discussion_localization.sql:L89 | s6_refresh_owned_discussion(uuid)@database/037_level3_independent_audit_closure.sql:L146 | s2_refresh_discussion(uuid)@database/037_level3_independent_audit_closure.sql:L159 | s7_get_teacher_console(text,text)@database/044_sprint7_focused_level1_corrections.sql:L29",STATIC_ACTIVE_FUNCTION_LAST_DEFINITION_CANDIDATES,NO_DEPLOYED_DATABASE_INSPECTION
F0092,discussion_sessions#20,13,3,10,0,"s2_submit_vote(text,text,text)@database/004_sprint2_fallback_resolution_semantics.sql:L134 | s2_submit_vote(text,text,uuid,integer,text)@database/013_sprint3b_discussion_authority_and_request_identity.sql:L397 | s5_configure_discussion(uuid,text)@database/032_sprint5_discussion_creation_restore.sql:L11",44,22,22,0,"s2_open_vote(text,text)@database/002_runtime_runs_discussion.sql:L462 | s2_add_time(text,text,integer)@database/002_runtime_runs_discussion.sql:L519 | s2_send_message(text,text,text)@database/002_runtime_runs_discussion.sql:L568 | s2_send_message(text,text,text)@database/002_runtime_runs_discussion.sql:L576 | s2_get_player_state(text,text)@database/003_sprint2_discussionroom_audit_fix.sql:L373 | s2_get_player_state(text,text)@database/003_sprint2_discussionroom_audit_fix.sql:L381 | s2_submit_vote(text,text,text)@database/004_sprint2_fallback_resolution_semantics.sql:L130 | s2_submit_vote(text,text,text)@database/004_sprint2_fallback_resolution_semantics.sql:L147 | s2_submit_vote(text,text,text)@database/004_sprint2_fallback_resolution_semantics.sql:L32 | s2_submit_vote(text,text,text)@database/004_sprint2_fallback_resolution_semantics.sql:L41 | s2_send_message(text,text,uuid,integer,uuid,text)@database/013_sprint3b_discussion_authority_and_request_identity.sql:L214 | s2_send_message(text,text,uuid,integer,uuid,text)@database/013_sprint3b_discussion_authority_and_request_identity.sql:L237 | s2_submit_vote(text,text,uuid,integer,text)@database/013_sprint3b_discussion_authority_and_request_identity.sql:L295 | s2_submit_vote(text,text,uuid,integer,text)@database/013_sprint3b_discussion_authority_and_request_identity.sql:L305 | s2_submit_vote(text,text,uuid,integer,text)@database/013_sprint3b_discussion_authority_and_request_identity.sql:L395 | s2_submit_vote(text,text,uuid,integer,text)@database/013_sprint3b_discussion_authority_and_request_identity.sql:L409 | s3b_apply_resolved_discussion_internal(uuid,uuid)@database/014a_sprint3b_inspect_reconnect_idempotency_fix.sql:L20 | s5_get_player_state(text,text)@database/029_sprint5_canonical_discussion_localization.sql:L85 | s5_get_discussion_state(text,text)@database/029_sprint5_canonical_discussion_localization.sql:L89 | s6_refresh_owned_discussion(uuid)@database/037_level3_independent_audit_closure.sql:L146 | s2_refresh_discussion(uuid)@database/037_level3_independent_audit_closure.sql:L159 | s7_get_teacher_console(text,text)@database/044_sprint7_focused_level1_corrections.sql:L29",STATIC_ACTIVE_FUNCTION_LAST_DEFINITION_CANDIDATES,NO_DEPLOYED_DATABASE_INSPECTION
F0093,discussion_sessions#21,13,3,10,0,"s2_submit_vote(text,text,text)@database/004_sprint2_fallback_resolution_semantics.sql:L134 | s2_submit_vote(text,text,uuid,integer,text)@database/013_sprint3b_discussion_authority_and_request_identity.sql:L397 | s5_configure_discussion(uuid,text)@database/032_sprint5_discussion_creation_restore.sql:L11",62,32,30,0,"s2_open_vote(text,text)@database/002_runtime_runs_discussion.sql:L462 | s2_add_time(text,text,integer)@database/002_runtime_runs_discussion.sql:L519 | s2_send_message(text,text,text)@database/002_runtime_runs_discussion.sql:L568 | s2_send_message(text,text,text)@database/002_runtime_runs_discussion.sql:L576 | s2_get_player_state(text,text)@database/003_sprint2_discussionroom_audit_fix.sql:L373 | s2_get_player_state(text,text)@database/003_sprint2_discussionroom_audit_fix.sql:L381 | s2_submit_vote(text,text,text)@database/004_sprint2_fallback_resolution_semantics.sql:L147 | s2_submit_vote(text,text,text)@database/004_sprint2_fallback_resolution_semantics.sql:L169 | s2_submit_vote(text,text,text)@database/004_sprint2_fallback_resolution_semantics.sql:L173 | s2_submit_vote(text,text,text)@database/004_sprint2_fallback_resolution_semantics.sql:L183 | s2_submit_vote(text,text,text)@database/004_sprint2_fallback_resolution_semantics.sql:L191 | s2_submit_vote(text,text,text)@database/004_sprint2_fallback_resolution_semantics.sql:L192 | s2_submit_vote(text,text,text)@database/004_sprint2_fallback_resolution_semantics.sql:L193 | s2_submit_vote(text,text,text)@database/004_sprint2_fallback_resolution_semantics.sql:L32 | s2_submit_vote(text,text,text)@database/004_sprint2_fallback_resolution_semantics.sql:L41 | s2_send_message(text,text,uuid,integer,uuid,text)@database/013_sprint3b_discussion_authority_and_request_identity.sql:L214 | s2_send_message(text,text,uuid,integer,uuid,text)@database/013_sprint3b_discussion_authority_and_request_identity.sql:L237 | s2_submit_vote(text,text,uuid,integer,text)@database/013_sprint3b_discussion_authority_and_request_identity.sql:L295 | s2_submit_vote(text,text,uuid,integer,text)@database/013_sprint3b_discussion_authority_and_request_identity.sql:L305 | s2_submit_vote(text,text,uuid,integer,text)@database/013_sprint3b_discussion_authority_and_request_identity.sql:L409 | s2_submit_vote(text,text,uuid,integer,text)@database/013_sprint3b_discussion_authority_and_request_identity.sql:L429 | s2_submit_vote(text,text,uuid,integer,text)@database/013_sprint3b_discussion_authority_and_request_identity.sql:L432 | s2_submit_vote(text,text,uuid,integer,text)@database/013_sprint3b_discussion_authority_and_request_identity.sql:L440 | s2_submit_vote(text,text,uuid,integer,text)@database/013_sprint3b_discussion_authority_and_request_identity.sql:L450 | s2_submit_vote(text,text,uuid,integer,text)@database/013_sprint3b_discussion_authority_and_request_identity.sql:L451 | s2_submit_vote(text,text,uuid,integer,text)@database/013_sprint3b_discussion_authority_and_request_identity.sql:L452 | s3b_apply_resolved_discussion_internal(uuid,uuid)@database/014a_sprint3b_inspect_reconnect_idempotency_fix.sql:L20 | s5_get_player_state(text,text)@database/029_sprint5_canonical_discussion_localization.sql:L85 | s5_get_discussion_state(text,text)@database/029_sprint5_canonical_discussion_localization.sql:L89 | s6_refresh_owned_discussion(uuid)@database/037_level3_independent_audit_closure.sql:L146 | s2_refresh_discussion(uuid)@database/037_level3_independent_audit_closure.sql:L159 | s7_get_teacher_console(text,text)@database/044_sprint7_focused_level1_corrections.sql:L29",STATIC_ACTIVE_FUNCTION_LAST_DEFINITION_CANDIDATES,NO_DEPLOYED_DATABASE_INSPECTION
F0094,discussion_sessions#22,0,0,0,0,,36,18,18,0,"s2_open_vote(text,text)@database/002_runtime_runs_discussion.sql:L462 | s2_add_time(text,text,integer)@database/002_runtime_runs_discussion.sql:L519 | s2_send_message(text,text,text)@database/002_runtime_runs_discussion.sql:L568 | s2_send_message(text,text,text)@database/002_runtime_runs_discussion.sql:L576 | s2_get_player_state(text,text)@database/003_sprint2_discussionroom_audit_fix.sql:L373 | s2_get_player_state(text,text)@database/003_sprint2_discussionroom_audit_fix.sql:L381 | s2_submit_vote(text,text,text)@database/004_sprint2_fallback_resolution_semantics.sql:L32 | s2_submit_vote(text,text,text)@database/004_sprint2_fallback_resolution_semantics.sql:L41 | s2_send_message(text,text,uuid,integer,uuid,text)@database/013_sprint3b_discussion_authority_and_request_identity.sql:L214 | s2_send_message(text,text,uuid,integer,uuid,text)@database/013_sprint3b_discussion_authority_and_request_identity.sql:L237 | s2_submit_vote(text,text,uuid,integer,text)@database/013_sprint3b_discussion_authority_and_request_identity.sql:L295 | s2_submit_vote(text,text,uuid,integer,text)@database/013_sprint3b_discussion_authority_and_request_identity.sql:L305 | s3b_apply_resolved_discussion_internal(uuid,uuid)@database/014a_sprint3b_inspect_reconnect_idempotency_fix.sql:L20 | s5_get_player_state(text,text)@database/029_sprint5_canonical_discussion_localization.sql:L85 | s5_get_discussion_state(text,text)@database/029_sprint5_canonical_discussion_localization.sql:L89 | s6_refresh_owned_discussion(uuid)@database/037_level3_independent_audit_closure.sql:L146 | s2_refresh_discussion(uuid)@database/037_level3_independent_audit_closure.sql:L159 | s7_get_teacher_console(text,text)@database/044_sprint7_focused_level1_corrections.sql:L29",STATIC_ACTIVE_FUNCTION_LAST_DEFINITION_CANDIDATES,NO_DEPLOYED_DATABASE_INSPECTION
F0095,discussion_sessions#23,0,0,0,0,,36,18,18,0,"s2_open_vote(text,text)@database/002_runtime_runs_discussion.sql:L462 | s2_add_time(text,text,integer)@database/002_runtime_runs_discussion.sql:L519 | s2_send_message(text,text,text)@database/002_runtime_runs_discussion.sql:L568 | s2_send_message(text,text,text)@database/002_runtime_runs_discussion.sql:L576 | s2_get_player_state(text,text)@database/003_sprint2_discussionroom_audit_fix.sql:L373 | s2_get_player_state(text,text)@database/003_sprint2_discussionroom_audit_fix.sql:L381 | s2_submit_vote(text,text,text)@database/004_sprint2_fallback_resolution_semantics.sql:L32 | s2_submit_vote(text,text,text)@database/004_sprint2_fallback_resolution_semantics.sql:L41 | s2_send_message(text,text,uuid,integer,uuid,text)@database/013_sprint3b_discussion_authority_and_request_identity.sql:L214 | s2_send_message(text,text,uuid,integer,uuid,text)@database/013_sprint3b_discussion_authority_and_request_identity.sql:L237 | s2_submit_vote(text,text,uuid,integer,text)@database/013_sprint3b_discussion_authority_and_request_identity.sql:L295 | s2_submit_vote(text,text,uuid,integer,text)@database/013_sprint3b_discussion_authority_and_request_identity.sql:L305 | s3b_apply_resolved_discussion_internal(uuid,uuid)@database/014a_sprint3b_inspect_reconnect_idempotency_fix.sql:L20 | s5_get_player_state(text,text)@database/029_sprint5_canonical_discussion_localization.sql:L85 | s5_get_discussion_state(text,text)@database/029_sprint5_canonical_discussion_localization.sql:L89 | s6_refresh_owned_discussion(uuid)@database/037_level3_independent_audit_closure.sql:L146 | s2_refresh_discussion(uuid)@database/037_level3_independent_audit_closure.sql:L159 | s7_get_teacher_console(text,text)@database/044_sprint7_focused_level1_corrections.sql:L29",STATIC_ACTIVE_FUNCTION_LAST_DEFINITION_CANDIDATES,NO_DEPLOYED_DATABASE_INSPECTION
F0096,discussion_sessions#24,18,6,12,0,"s2_submit_vote(text,text,text)@database/004_sprint2_fallback_resolution_semantics.sql:L134 | s2_submit_vote(text,text,uuid,integer,text)@database/013_sprint3b_discussion_authority_and_request_identity.sql:L397 | s5_mirror_round_for_audit()@database/028_sprint5_round_event_link.sql:L5 | s5_configure_discussion(uuid,text)@database/032_sprint5_discussion_creation_restore.sql:L11 | s5_configure_discussion(uuid,text)@database/032_sprint5_discussion_creation_restore.sql:L9 | s6_open_discussion(uuid,text,text,int,text)@database/035_sprint6_focused_audit_corrections.sql:L32",44,22,22,0,"s2_open_vote(text,text)@database/002_runtime_runs_discussion.sql:L462 | s2_add_time(text,text,integer)@database/002_runtime_runs_discussion.sql:L519 | s2_send_message(text,text,text)@database/002_runtime_runs_discussion.sql:L568 | s2_send_message(text,text,text)@database/002_runtime_runs_discussion.sql:L576 | s2_get_player_state(text,text)@database/003_sprint2_discussionroom_audit_fix.sql:L373 | s2_get_player_state(text,text)@database/003_sprint2_discussionroom_audit_fix.sql:L381 | s2_submit_vote(text,text,text)@database/004_sprint2_fallback_resolution_semantics.sql:L144 | s2_submit_vote(text,text,text)@database/004_sprint2_fallback_resolution_semantics.sql:L148 | s2_submit_vote(text,text,text)@database/004_sprint2_fallback_resolution_semantics.sql:L32 | s2_submit_vote(text,text,text)@database/004_sprint2_fallback_resolution_semantics.sql:L41 | s2_send_message(text,text,uuid,integer,uuid,text)@database/013_sprint3b_discussion_authority_and_request_identity.sql:L214 | s2_send_message(text,text,uuid,integer,uuid,text)@database/013_sprint3b_discussion_authority_and_request_identity.sql:L237 | s2_submit_vote(text,text,uuid,integer,text)@database/013_sprint3b_discussion_authority_and_request_identity.sql:L295 | s2_submit_vote(text,text,uuid,integer,text)@database/013_sprint3b_discussion_authority_and_request_identity.sql:L305 | s2_submit_vote(text,text,uuid,integer,text)@database/013_sprint3b_discussion_authority_and_request_identity.sql:L406 | s2_submit_vote(text,text,uuid,integer,text)@database/013_sprint3b_discussion_authority_and_request_identity.sql:L410 | s3b_apply_resolved_discussion_internal(uuid,uuid)@database/014a_sprint3b_inspect_reconnect_idempotency_fix.sql:L20 | s5_get_player_state(text,text)@database/029_sprint5_canonical_discussion_localization.sql:L85 | s5_get_discussion_state(text,text)@database/029_sprint5_canonical_discussion_localization.sql:L89 | s6_refresh_owned_discussion(uuid)@database/037_level3_independent_audit_closure.sql:L146 | s2_refresh_discussion(uuid)@database/037_level3_independent_audit_closure.sql:L159 | s7_get_teacher_console(text,text)@database/044_sprint7_focused_level1_corrections.sql:L29",STATIC_ACTIVE_FUNCTION_LAST_DEFINITION_CANDIDATES,NO_DEPLOYED_DATABASE_INSPECTION
F0097,discussion_sessions#25,18,6,12,0,"s2_submit_vote(text,text,text)@database/004_sprint2_fallback_resolution_semantics.sql:L134 | s2_submit_vote(text,text,uuid,integer,text)@database/013_sprint3b_discussion_authority_and_request_identity.sql:L397 | s5_mirror_round_for_audit()@database/028_sprint5_round_event_link.sql:L5 | s5_configure_discussion(uuid,text)@database/032_sprint5_discussion_creation_restore.sql:L11 | s5_configure_discussion(uuid,text)@database/032_sprint5_discussion_creation_restore.sql:L9 | s6_open_discussion(uuid,text,text,int,text)@database/035_sprint6_focused_audit_corrections.sql:L32",42,21,21,0,"s2_open_vote(text,text)@database/002_runtime_runs_discussion.sql:L462 | s2_open_vote(text,text)@database/002_runtime_runs_discussion.sql:L478 | s2_add_time(text,text,integer)@database/002_runtime_runs_discussion.sql:L519 | s2_send_message(text,text,text)@database/002_runtime_runs_discussion.sql:L568 | s2_send_message(text,text,text)@database/002_runtime_runs_discussion.sql:L576 | s2_get_player_state(text,text)@database/003_sprint2_discussionroom_audit_fix.sql:L373 | s2_get_player_state(text,text)@database/003_sprint2_discussionroom_audit_fix.sql:L381 | s2_submit_vote(text,text,text)@database/004_sprint2_fallback_resolution_semantics.sql:L148 | s2_submit_vote(text,text,text)@database/004_sprint2_fallback_resolution_semantics.sql:L32 | s2_submit_vote(text,text,text)@database/004_sprint2_fallback_resolution_semantics.sql:L41 | s2_send_message(text,text,uuid,integer,uuid,text)@database/013_sprint3b_discussion_authority_and_request_identity.sql:L214 | s2_send_message(text,text,uuid,integer,uuid,text)@database/013_sprint3b_discussion_authority_and_request_identity.sql:L237 | s2_submit_vote(text,text,uuid,integer,text)@database/013_sprint3b_discussion_authority_and_request_identity.sql:L295 | s2_submit_vote(text,text,uuid,integer,text)@database/013_sprint3b_discussion_authority_and_request_identity.sql:L305 | s2_submit_vote(text,text,uuid,integer,text)@database/013_sprint3b_discussion_authority_and_request_identity.sql:L410 | s3b_apply_resolved_discussion_internal(uuid,uuid)@database/014a_sprint3b_inspect_reconnect_idempotency_fix.sql:L20 | s5_get_player_state(text,text)@database/029_sprint5_canonical_discussion_localization.sql:L85 | s5_get_discussion_state(text,text)@database/029_sprint5_canonical_discussion_localization.sql:L89 | s6_refresh_owned_discussion(uuid)@database/037_level3_independent_audit_closure.sql:L146 | s2_refresh_discussion(uuid)@database/037_level3_independent_audit_closure.sql:L159 | s7_get_teacher_console(text,text)@database/044_sprint7_focused_level1_corrections.sql:L29",STATIC_ACTIVE_FUNCTION_LAST_DEFINITION_CANDIDATES,NO_DEPLOYED_DATABASE_INSPECTION
F0098,discussion_sessions#26,18,6,12,0,"s2_submit_vote(text,text,text)@database/004_sprint2_fallback_resolution_semantics.sql:L134 | s2_submit_vote(text,text,uuid,integer,text)@database/013_sprint3b_discussion_authority_and_request_identity.sql:L397 | s5_mirror_round_for_audit()@database/028_sprint5_round_event_link.sql:L5 | s5_configure_discussion(uuid,text)@database/032_sprint5_discussion_creation_restore.sql:L11 | s5_configure_discussion(uuid,text)@database/032_sprint5_discussion_creation_restore.sql:L9 | s6_open_discussion(uuid,text,text,int,text)@database/035_sprint6_focused_audit_corrections.sql:L32",49,22,27,0,"s2_open_vote(text,text)@database/002_runtime_runs_discussion.sql:L462 | s2_add_time(text,text,integer)@database/002_runtime_runs_discussion.sql:L519 | s2_send_message(text,text,text)@database/002_runtime_runs_discussion.sql:L568 | s2_send_message(text,text,text)@database/002_runtime_runs_discussion.sql:L576 | s2_get_player_state(text,text)@database/003_sprint2_discussionroom_audit_fix.sql:L373 | s2_get_player_state(text,text)@database/003_sprint2_discussionroom_audit_fix.sql:L381 | s2_get_player_state(text,text)@database/003_sprint2_discussionroom_audit_fix.sql:L493 | s2_submit_vote(text,text,text)@database/004_sprint2_fallback_resolution_semantics.sql:L149 | s2_submit_vote(text,text,text)@database/004_sprint2_fallback_resolution_semantics.sql:L32 | s2_submit_vote(text,text,text)@database/004_sprint2_fallback_resolution_semantics.sql:L41 | s2_send_message(text,text,uuid,integer,uuid,text)@database/013_sprint3b_discussion_authority_and_request_identity.sql:L214 | s2_send_message(text,text,uuid,integer,uuid,text)@database/013_sprint3b_discussion_authority_and_request_identity.sql:L237 | s2_submit_vote(text,text,uuid,integer,text)@database/013_sprint3b_discussion_authority_and_request_identity.sql:L295 | s2_submit_vote(text,text,uuid,integer,text)@database/013_sprint3b_discussion_authority_and_request_identity.sql:L305 | s2_submit_vote(text,text,uuid,integer,text)@database/013_sprint3b_discussion_authority_and_request_identity.sql:L411 | s3b_apply_resolved_discussion_internal(uuid,uuid)@database/014a_sprint3b_inspect_reconnect_idempotency_fix.sql:L20 | s5_get_player_state(text,text)@database/029_sprint5_canonical_discussion_localization.sql:L85 | s5_get_discussion_state(text,text)@database/029_sprint5_canonical_discussion_localization.sql:L89 | s6_refresh_owned_discussion(uuid)@database/037_level3_independent_audit_closure.sql:L146 | s2_refresh_discussion(uuid)@database/037_level3_independent_audit_closure.sql:L159 | s6_get_player_state(text,text)@database/037_level3_independent_audit_closure.sql:L179 | s7_get_teacher_console(text,text)@database/044_sprint7_focused_level1_corrections.sql:L29",STATIC_ACTIVE_FUNCTION_LAST_DEFINITION_CANDIDATES,NO_DEPLOYED_DATABASE_INSPECTION
F0099,discussion_sessions#27,3,1,2,0,"s5_configure_discussion(uuid,text)@database/032_sprint5_discussion_creation_restore.sql:L11",36,18,18,0,"s2_open_vote(text,text)@database/002_runtime_runs_discussion.sql:L462 | s2_add_time(text,text,integer)@database/002_runtime_runs_discussion.sql:L519 | s2_send_message(text,text,text)@database/002_runtime_runs_discussion.sql:L568 | s2_send_message(text,text,text)@database/002_runtime_runs_discussion.sql:L576 | s2_get_player_state(text,text)@database/003_sprint2_discussionroom_audit_fix.sql:L373 | s2_get_player_state(text,text)@database/003_sprint2_discussionroom_audit_fix.sql:L381 | s2_submit_vote(text,text,text)@database/004_sprint2_fallback_resolution_semantics.sql:L32 | s2_submit_vote(text,text,text)@database/004_sprint2_fallback_resolution_semantics.sql:L41 | s2_send_message(text,text,uuid,integer,uuid,text)@database/013_sprint3b_discussion_authority_and_request_identity.sql:L214 | s2_send_message(text,text,uuid,integer,uuid,text)@database/013_sprint3b_discussion_authority_and_request_identity.sql:L237 | s2_submit_vote(text,text,uuid,integer,text)@database/013_sprint3b_discussion_authority_and_request_identity.sql:L295 | s2_submit_vote(text,text,uuid,integer,text)@database/013_sprint3b_discussion_authority_and_request_identity.sql:L305 | s3b_apply_resolved_discussion_internal(uuid,uuid)@database/014a_sprint3b_inspect_reconnect_idempotency_fix.sql:L20 | s5_get_player_state(text,text)@database/029_sprint5_canonical_discussion_localization.sql:L85 | s5_get_discussion_state(text,text)@database/029_sprint5_canonical_discussion_localization.sql:L89 | s6_refresh_owned_discussion(uuid)@database/037_level3_independent_audit_closure.sql:L146 | s2_refresh_discussion(uuid)@database/037_level3_independent_audit_closure.sql:L159 | s7_get_teacher_console(text,text)@database/044_sprint7_focused_level1_corrections.sql:L29",STATIC_ACTIVE_FUNCTION_LAST_DEFINITION_CANDIDATES,NO_DEPLOYED_DATABASE_INSPECTION
F0100,discussion_sessions#28,3,1,2,0,"s5_configure_discussion(uuid,text)@database/032_sprint5_discussion_creation_restore.sql:L11",36,18,18,0,"s2_open_vote(text,text)@database/002_runtime_runs_discussion.sql:L462 | s2_add_time(text,text,integer)@database/002_runtime_runs_discussion.sql:L519 | s2_send_message(text,text,text)@database/002_runtime_runs_discussion.sql:L568 | s2_send_message(text,text,text)@database/002_runtime_runs_discussion.sql:L576 | s2_get_player_state(text,text)@database/003_sprint2_discussionroom_audit_fix.sql:L373 | s2_get_player_state(text,text)@database/003_sprint2_discussionroom_audit_fix.sql:L381 | s2_submit_vote(text,text,text)@database/004_sprint2_fallback_resolution_semantics.sql:L32 | s2_submit_vote(text,text,text)@database/004_sprint2_fallback_resolution_semantics.sql:L41 | s2_send_message(text,text,uuid,integer,uuid,text)@database/013_sprint3b_discussion_authority_and_request_identity.sql:L214 | s2_send_message(text,text,uuid,integer,uuid,text)@database/013_sprint3b_discussion_authority_and_request_identity.sql:L237 | s2_submit_vote(text,text,uuid,integer,text)@database/013_sprint3b_discussion_authority_and_request_identity.sql:L295 | s2_submit_vote(text,text,uuid,integer,text)@database/013_sprint3b_discussion_authority_and_request_identity.sql:L305 | s3b_apply_resolved_discussion_internal(uuid,uuid)@database/014a_sprint3b_inspect_reconnect_idempotency_fix.sql:L20 | s5_get_player_state(text,text)@database/029_sprint5_canonical_discussion_localization.sql:L85 | s5_get_discussion_state(text,text)@database/029_sprint5_canonical_discussion_localization.sql:L89 | s6_refresh_owned_discussion(uuid)@database/037_level3_independent_audit_closure.sql:L146 | s2_refresh_discussion(uuid)@database/037_level3_independent_audit_closure.sql:L159 | s7_get_teacher_console(text,text)@database/044_sprint7_focused_level1_corrections.sql:L29",STATIC_ACTIVE_FUNCTION_LAST_DEFINITION_CANDIDATES,NO_DEPLOYED_DATABASE_INSPECTION
F0101,discussion_sessions#29,3,1,2,0,"s5_configure_discussion(uuid,text)@database/032_sprint5_discussion_creation_restore.sql:L11",36,18,18,0,"s2_open_vote(text,text)@database/002_runtime_runs_discussion.sql:L462 | s2_add_time(text,text,integer)@database/002_runtime_runs_discussion.sql:L519 | s2_send_message(text,text,text)@database/002_runtime_runs_discussion.sql:L568 | s2_send_message(text,text,text)@database/002_runtime_runs_discussion.sql:L576 | s2_get_player_state(text,text)@database/003_sprint2_discussionroom_audit_fix.sql:L373 | s2_get_player_state(text,text)@database/003_sprint2_discussionroom_audit_fix.sql:L381 | s2_submit_vote(text,text,text)@database/004_sprint2_fallback_resolution_semantics.sql:L32 | s2_submit_vote(text,text,text)@database/004_sprint2_fallback_resolution_semantics.sql:L41 | s2_send_message(text,text,uuid,integer,uuid,text)@database/013_sprint3b_discussion_authority_and_request_identity.sql:L214 | s2_send_message(text,text,uuid,integer,uuid,text)@database/013_sprint3b_discussion_authority_and_request_identity.sql:L237 | s2_submit_vote(text,text,uuid,integer,text)@database/013_sprint3b_discussion_authority_and_request_identity.sql:L295 | s2_submit_vote(text,text,uuid,integer,text)@database/013_sprint3b_discussion_authority_and_request_identity.sql:L305 | s3b_apply_resolved_discussion_internal(uuid,uuid)@database/014a_sprint3b_inspect_reconnect_idempotency_fix.sql:L20 | s5_get_player_state(text,text)@database/029_sprint5_canonical_discussion_localization.sql:L85 | s5_get_discussion_state(text,text)@database/029_sprint5_canonical_discussion_localization.sql:L89 | s6_refresh_owned_discussion(uuid)@database/037_level3_independent_audit_closure.sql:L146 | s2_refresh_discussion(uuid)@database/037_level3_independent_audit_closure.sql:L159 | s7_get_teacher_console(text,text)@database/044_sprint7_focused_level1_corrections.sql:L29",STATIC_ACTIVE_FUNCTION_LAST_DEFINITION_CANDIDATES,NO_DEPLOYED_DATABASE_INSPECTION
F0102,game_runs#01,0,0,0,0,,835,308,527,0,"s2_protect_run_identity()@database/002_runtime_runs_discussion.sql:L113 | s2_start_run(text,text,text)@database/002_runtime_runs_discussion.sql:L213 | s2_start_run(text,text,text)@database/002_runtime_runs_discussion.sql:L221 | s2_open_vote(text,text)@database/002_runtime_runs_discussion.sql:L460 | s2_open_vote(text,text)@database/002_runtime_runs_discussion.sql:L464 | s2_open_vote(text,text)@database/002_runtime_runs_discussion.sql:L483 | s2_add_time(text,text,integer)@database/002_runtime_runs_discussion.sql:L517 | s2_add_time(text,text,integer)@database/002_runtime_runs_discussion.sql:L521 | s2_add_time(text,text,integer)@database/002_runtime_runs_discussion.sql:L538 | s2_send_message(text,text,text)@database/002_runtime_runs_discussion.sql:L566 | s2_send_message(text,text,text)@database/002_runtime_runs_discussion.sql:L570 | s2_send_message(text,text,text)@database/002_runtime_runs_discussion.sql:L590 | s2_send_message(text,text,text)@database/002_runtime_runs_discussion.sql:L595 | s2_get_player_state(text,text)@database/003_sprint2_discussionroom_audit_fix.sql:L369 | s2_get_player_state(text,text)@database/003_sprint2_discussionroom_audit_fix.sql:L375 | s2_get_player_state(text,text)@database/003_sprint2_discussionroom_audit_fix.sql:L395 | s2_get_player_state(text,text)@database/003_sprint2_discussionroom_audit_fix.sql:L465 | s2_get_player_state(text,text)@database/003_sprint2_discussionroom_audit_fix.sql:L471 | s2_submit_vote(text,text,text)@database/004_sprint2_fallback_resolution_semantics.sql:L100 | s2_submit_vote(text,text,text)@database/004_sprint2_fallback_resolution_semantics.sql:L122 | s2_submit_vote(text,text,text)@database/004_sprint2_fallback_resolution_semantics.sql:L153 | s2_submit_vote(text,text,text)@database/004_sprint2_fallback_resolution_semantics.sql:L180 | s2_submit_vote(text,text,text)@database/004_sprint2_fallback_resolution_semantics.sql:L30 | s2_submit_vote(text,text,text)@database/004_sprint2_fallback_resolution_semantics.sql:L34 | s2_submit_vote(text,text,text)@database/004_sprint2_fallback_resolution_semantics.sql:L59 | s2_submit_vote(text,text,text)@database/004_sprint2_fallback_resolution_semantics.sql:L65 | s3_get_teacher_state(text,text)@database/005_sprint3a_scene_pocket_knowledge_foundation.sql:L247 | s3_get_teacher_state(text,text)@database/005_sprint3a_scene_pocket_knowledge_foundation.sql:L248 | s3_get_teacher_state(text,text)@database/005_sprint3a_scene_pocket_knowledge_foundation.sql:L249 | s3_get_teacher_state(text,text)@database/005_sprint3a_scene_pocket_knowledge_foundation.sql:L251 | s3_get_teacher_state(text,text)@database/005_sprint3a_scene_pocket_knowledge_foundation.sql:L252 | s3_get_teacher_state(text,text)@database/005_sprint3a_scene_pocket_knowledge_foundation.sql:L253 | s3_get_teacher_state(text,text)@database/005_sprint3a_scene_pocket_knowledge_foundation.sql:L254 | s3_get_teacher_state(text,text)@database/005_sprint3a_scene_pocket_knowledge_foundation.sql:L255 | s3_initialize_audit_fixture(text,text)@database/006_sprint3a_provenance_view_integrity_fix.sql:L105 | s3_initialize_audit_fixture(text,text)@database/006_sprint3a_provenance_view_integrity_fix.sql:L109 | s3_initialize_audit_fixture(text,text)@database/006_sprint3a_provenance_view_integrity_fix.sql:L110 | s3_initialize_audit_fixture(text,text)@database/006_sprint3a_provenance_view_integrity_fix.sql:L111 | s3_initialize_audit_fixture(text,text)@database/006_sprint3a_provenance_view_integrity_fix.sql:L112 | s3_initialize_audit_fixture(text,text)@database/006_sprint3a_provenance_view_integrity_fix.sql:L113 | s3_initialize_audit_fixture(text,text)@database/006_sprint3a_provenance_view_integrity_fix.sql:L114 | s3_initialize_audit_fixture(text,text)@database/006_sprint3a_provenance_view_integrity_fix.sql:L115 | s3_initialize_audit_fixture(text,text)@database/006_sprint3a_provenance_view_integrity_fix.sql:L116 | s3_audit_provenance_probe(text,text,text)@database/006_sprint3a_provenance_view_integrity_fix.sql:L127 | s3_audit_provenance_probe(text,text,text)@database/006_sprint3a_provenance_view_integrity_fix.sql:L128 | s3_audit_provenance_probe(text,text,text)@database/006_sprint3a_provenance_view_integrity_fix.sql:L129 | s3_audit_provenance_probe(text,text,text)@database/006_sprint3a_provenance_view_integrity_fix.sql:L130 | s3_audit_provenance_probe(text,text,text)@database/006_sprint3a_provenance_view_integrity_fix.sql:L131 | s3b_audit_expire_puzzle(text,text)@database/007_sprint3b_act1_5_placeholder_flow.sql:L207 | s3b_audit_expire_puzzle(text,text)@database/007_sprint3b_act1_5_placeholder_flow.sql:L208 | s3b_audit_expire_puzzle(text,text)@database/007_sprint3b_act1_5_placeholder_flow.sql:L209 | s3b_get_my_facts(text,text)@database/009_sprint3b_act1_consequence_integrity.sql:L76 | s3b_audit_set_puzzle_elapsed(text,text,integer)@database/011_sprint3b_transition_and_act1_delivery_integrity.sql:L103 | s3b_apply_meeting_resolution(text,text)@database/011_sprint3b_transition_and_act1_delivery_integrity.sql:L77 | s3b_submit_library_code(text,text,text)@database/011_sprint3b_transition_and_act1_delivery_integrity.sql:L92 | s3b_apply_act5_resolution(text,text)@database/011_sprint3b_transition_and_act1_delivery_integrity.sql:L94 | s3b_choose_post_inspection_route(text,text,text)@database/011_sprint3b_transition_and_act1_delivery_integrity.sql:L95 | s2_send_message(text,text,uuid,integer,uuid,text)@database/013_sprint3b_discussion_authority_and_request_identity.sql:L212 | s2_send_message(text,text,uuid,integer,uuid,text)@database/013_sprint3b_discussion_authority_and_request_identity.sql:L215 | s2_send_message(text,text,uuid,integer,uuid,text)@database/013_sprint3b_discussion_authority_and_request_identity.sql:L220 | s2_send_message(text,text,uuid,integer,uuid,text)@database/013_sprint3b_discussion_authority_and_request_identity.sql:L224 | s2_send_message(text,text,uuid,integer,uuid,text)@database/013_sprint3b_discussion_authority_and_request_identity.sql:L250 | s2_send_message(text,text,uuid,integer,uuid,text)@database/013_sprint3b_discussion_authority_and_request_identity.sql:L255 | s2_submit_vote(text,text,uuid,integer,text)@database/013_sprint3b_discussion_authority_and_request_identity.sql:L291 | s2_submit_vote(text,text,uuid,integer,text)@database/013_sprint3b_discussion_authority_and_request_identity.sql:L296 | s2_submit_vote(text,text,uuid,integer,text)@database/013_sprint3b_discussion_authority_and_request_identity.sql:L301 | s2_submit_vote(text,text,uuid,integer,text)@database/013_sprint3b_discussion_authority_and_request_identity.sql:L331 | s2_submit_vote(text,text,uuid,integer,text)@database/013_sprint3b_discussion_authority_and_request_identity.sql:L336 | s2_submit_vote(text,text,uuid,integer,text)@database/013_sprint3b_discussion_authority_and_request_identity.sql:L366 | s2_submit_vote(text,text,uuid,integer,text)@database/013_sprint3b_discussion_authority_and_request_identity.sql:L371 | s2_submit_vote(text,text,uuid,integer,text)@database/013_sprint3b_discussion_authority_and_request_identity.sql:L388 | s2_submit_vote(text,text,uuid,integer,text)@database/013_sprint3b_discussion_authority_and_request_identity.sql:L414 | s2_submit_vote(text,text,uuid,integer,text)@database/013_sprint3b_discussion_authority_and_request_identity.sql:L437 | s2_submit_vote(text,text,uuid,integer,text)@database/013_sprint3b_discussion_authority_and_request_identity.sql:L445 | s2_open_discussion(text,text,text,integer,integer,boolean,boolean,jsonb,text,integer,integer,text,boolean)@database/013_sprint3b_discussion_authority_and_request_identity.sql:L61 | s2_open_discussion(text,text,text,integer,integer,boolean,boolean,jsonb,text,integer,integer,text,boolean)@database/013_sprint3b_discussion_authority_and_request_identity.sql:L64 | s3b_submit_library_code(text,text,uuid,text)@database/014_sprint3b_evidence_and_puzzle_integrity.sql:L386 | s3b_submit_library_code(text,text,uuid,text)@database/014_sprint3b_evidence_and_puzzle_integrity.sql:L390 | s3b_submit_library_code(text,text,uuid,text)@database/014_sprint3b_evidence_and_puzzle_integrity.sql:L403 | s3b_submit_library_code(text,text,uuid,text)@database/014_sprint3b_evidence_and_puzzle_integrity.sql:L406 | s3b_submit_library_code(text,text,uuid,text)@database/014_sprint3b_evidence_and_puzzle_integrity.sql:L407 | s3b_submit_library_code(text,text,uuid,text)@database/014_sprint3b_evidence_and_puzzle_integrity.sql:L421 | s3b_submit_library_code(text,text,uuid,text)@database/014_sprint3b_evidence_and_puzzle_integrity.sql:L426 | s3b_submit_library_code(text,text,uuid,text)@database/014_sprint3b_evidence_and_puzzle_integrity.sql:L428 | s3b_submit_library_code(text,text,uuid,text)@database/014_sprint3b_evidence_and_puzzle_integrity.sql:L435 | s3b_submit_library_code(text,text,uuid,text)@database/014_sprint3b_evidence_and_puzzle_integrity.sql:L436 | s3b_submit_library_code(text,text,uuid,text)@database/014_sprint3b_evidence_and_puzzle_integrity.sql:L438 | s3b_submit_library_code(text,text,uuid,text)@database/014_sprint3b_evidence_and_puzzle_integrity.sql:L441 | s3b_submit_post_inspection_route_vote(text,text,text)@database/014_sprint3b_evidence_and_puzzle_integrity.sql:L466 | s3b_submit_post_inspection_route_vote(text,text,text)@database/014_sprint3b_evidence_and_puzzle_integrity.sql:L468 | s3b_submit_post_inspection_route_vote(text,text,text)@database/014_sprint3b_evidence_and_puzzle_integrity.sql:L471 | s3b_submit_post_inspection_route_vote(text,text,text)@database/014_sprint3b_evidence_and_puzzle_integrity.sql:L476 | s3b_submit_post_inspection_route_vote(text,text,text)@database/014_sprint3b_evidence_and_puzzle_integrity.sql:L477 | s3b_submit_post_inspection_route_vote(text,text,text)@database/014_sprint3b_evidence_and_puzzle_integrity.sql:L482 | s3b_submit_post_inspection_route_vote(text,text,text)@database/014_sprint3b_evidence_and_puzzle_integrity.sql:L484 | s3b_submit_post_inspection_route_vote(text,text,text)@database/014_sprint3b_evidence_and_puzzle_integrity.sql:L489 | s3b_submit_post_inspection_route_vote(text,text,text)@database/014_sprint3b_evidence_and_puzzle_integrity.sql:L491 | s3b_submit_post_inspection_route_vote(text,text,text)@database/014_sprint3b_evidence_and_puzzle_integrity.sql:L495 | s3b_submit_post_inspection_route_vote(text,text,text)@database/014_sprint3b_evidence_and_puzzle_integrity.sql:L500 | s3b_submit_post_inspection_route_vote(text,text,text)@database/014_sprint3b_evidence_and_puzzle_integrity.sql:L505 | s3b_submit_post_inspection_route_vote(text,text,text)@database/014_sprint3b_evidence_and_puzzle_integrity.sql:L508 | s3b_submit_post_inspection_route_vote(text,text,text)@database/014_sprint3b_evidence_and_puzzle_integrity.sql:L513 | s3_share_photo(text,text,text,text,text)@database/014_sprint3b_evidence_and_puzzle_integrity.sql:L539 | s3_share_photo(text,text,text,text,text)@database/014_sprint3b_evidence_and_puzzle_integrity.sql:L540 | s3_share_photo(text,text,text,text,text)@database/014_sprint3b_evidence_and_puzzle_integrity.sql:L543 | s3_share_photo(text,text,text,text,text)@database/014_sprint3b_evidence_and_puzzle_integrity.sql:L547 | s3_share_photo(text,text,text,text,text)@database/014_sprint3b_evidence_and_puzzle_integrity.sql:L551 | s3_share_photo(text,text,text,text,text)@database/014_sprint3b_evidence_and_puzzle_integrity.sql:L562 | s3_share_photo(text,text,text,text,text)@database/014_sprint3b_evidence_and_puzzle_integrity.sql:L567 | s3b_get_player_state(text,text)@database/014_sprint3b_evidence_and_puzzle_integrity.sql:L596 | s3b_get_player_state(text,text)@database/014_sprint3b_evidence_and_puzzle_integrity.sql:L599 | s3b_get_player_state(text,text)@database/014_sprint3b_evidence_and_puzzle_integrity.sql:L600 | s3b_get_player_state(text,text)@database/014_sprint3b_evidence_and_puzzle_integrity.sql:L601 | s3b_get_player_state(text,text)@database/014_sprint3b_evidence_and_puzzle_integrity.sql:L608 | s3b_apply_resolved_discussion_internal(uuid,uuid)@database/014a_sprint3b_inspect_reconnect_idempotency_fix.sql:L17 | s3b_complete_act1(text,text)@database/014b_sprint3b_targeted_closure_corrections.sql:L106 | s3b_complete_act1(text,text)@database/014b_sprint3b_targeted_closure_corrections.sql:L106 | s3b_grab(text,text)@database/014b_sprint3b_targeted_closure_corrections.sql:L121 | s3b_grab(text,text)@database/014b_sprint3b_targeted_closure_corrections.sql:L121 | s3b_leave_start_room(text,text)@database/014b_sprint3b_targeted_closure_corrections.sql:L126 | s3b_leave_start_room(text,text)@database/014b_sprint3b_targeted_closure_corrections.sql:L126 | s3b_ack_route_update(text,text)@database/014b_sprint3b_targeted_closure_corrections.sql:L131 | s3b_ack_route_update(text,text)@database/014b_sprint3b_targeted_closure_corrections.sql:L131 | s3b_complete_foldback(text,text)@database/014b_sprint3b_targeted_closure_corrections.sql:L136 | s3b_complete_foldback(text,text)@database/014b_sprint3b_targeted_closure_corrections.sql:L136 | s3b_follow_sign(text,text)@database/014b_sprint3b_targeted_closure_corrections.sql:L141 | s3b_follow_sign(text,text)@database/014b_sprint3b_targeted_closure_corrections.sql:L141 | s3b_submit_act4_choice(text,text,text)@database/014b_sprint3b_targeted_closure_corrections.sql:L147 | s3b_submit_act4_choice(text,text,text)@database/014b_sprint3b_targeted_closure_corrections.sql:L147 | s3b_submit_act4_choice(text,text,text)@database/014b_sprint3b_targeted_closure_corrections.sql:L149 | s3b_submit_act4_choice(text,text,text)@database/014b_sprint3b_targeted_closure_corrections.sql:L150 | s3b_initialize_flow(text,text)@database/014b_sprint3b_targeted_closure_corrections.sql:L18 | s3b_initialize_flow(text,text)@database/014b_sprint3b_targeted_closure_corrections.sql:L21 | s3b_initialize_flow(text,text)@database/014b_sprint3b_targeted_closure_corrections.sql:L25 | s3b_initialize_flow(text,text)@database/014b_sprint3b_targeted_closure_corrections.sql:L34 | s3b_ack_act1_opening(text,text)@database/014b_sprint3b_targeted_closure_corrections.sql:L83 | s3b_ack_act1_opening(text,text)@database/014b_sprint3b_targeted_closure_corrections.sql:L83 | s3b_ack_act1_opening(text,text)@database/014b_sprint3b_targeted_closure_corrections.sql:L84 | s3b_ack_act1_opening(text,text)@database/014b_sprint3b_targeted_closure_corrections.sql:L86 | s3b_submit_act1_choice(text,text,text)@database/014b_sprint3b_targeted_closure_corrections.sql:L94 | s3b_submit_act1_choice(text,text,text)@database/014b_sprint3b_targeted_closure_corrections.sql:L94 | s3b_submit_act1_choice(text,text,text)@database/014b_sprint3b_targeted_closure_corrections.sql:L95 | s3b_submit_act1_choice(text,text,text)@database/014b_sprint3b_targeted_closure_corrections.sql:L97 | s3b_submit_act1_choice(text,text,text)@database/014b_sprint3b_targeted_closure_corrections.sql:L99 | s3b_log_formal_event_at_context(uuid,text,uuid,text,text,text,text,jsonb,text,boolean,uuid,uuid)@database/015_sprint3c_minimal_safe_teacher_override.sql:L46 | s2_log_event(uuid,text,uuid,text,uuid,jsonb)@database/016_sprint3c_level1_narrow_corrections.sql:L57 | s3b_submit_first_meeting(text,text,text)@database/017_sprint3c_override_act2_entry_correction.sql:L20 | s3b_submit_first_meeting(text,text,text)@database/017_sprint3c_override_act2_entry_correction.sql:L23 | s3b_submit_first_meeting(text,text,text)@database/017_sprint3c_override_act2_entry_correction.sql:L28 | s3b_submit_first_meeting(text,text,text)@database/017_sprint3c_override_act2_entry_correction.sql:L37 | s3b_submit_first_meeting(text,text,text)@database/017_sprint3c_override_act2_entry_correction.sql:L44 | s5_submit_private_choice(text,text,uuid,text)@database/029_sprint5_canonical_discussion_localization.sql:L79 | s5_get_player_state(text,text)@database/029_sprint5_canonical_discussion_localization.sql:L85 | s5_get_discussion_state(text,text)@database/029_sprint5_canonical_discussion_localization.sql:L89 | s5_get_discussion_state(text,text)@database/029_sprint5_canonical_discussion_localization.sql:L91 | s5_get_discussion_state(text,text)@database/029_sprint5_canonical_discussion_localization.sql:L92 | s5_audit_expire_discussion(text,text)@database/029_sprint5_canonical_discussion_localization.sql:L98 | s5_send_message(text,text,uuid,integer,uuid,text)@database/030_sprint5_exact_session_messages.sql:L10 | s5_send_message(text,text,uuid,integer,uuid,text)@database/030_sprint5_exact_session_messages.sql:L12 | s5_send_message(text,text,uuid,integer,uuid,text)@database/030_sprint5_exact_session_messages.sql:L13 | s5_send_message(text,text,uuid,integer,uuid,text)@database/030_sprint5_exact_session_messages.sql:L8 | s5_send_message(text,text,uuid,integer,uuid,text)@database/030_sprint5_exact_session_messages.sql:L9 | s5_advance(text,text)@database/031_sprint5_focused_reaudit_corrections.sql:L19 | s5_submit_vote(text,text,uuid,int,uuid,text)@database/031_sprint5_focused_reaudit_corrections.sql:L25 | s5_get_teacher_discussion_state(text,text)@database/031_sprint5_focused_reaudit_corrections.sql:L29 | s5_get_teacher_discussion_state(text,text)@database/031_sprint5_focused_reaudit_corrections.sql:L30 | s5_get_teacher_discussion_state(text,text)@database/031_sprint5_focused_reaudit_corrections.sql:L31 | s6_open_act9_console(text,text)@database/033_sprint6_act9_13_runtime.sql:L35 | s6_advance(text,text)@database/033_sprint6_act9_13_runtime.sql:L51 | s6_submit_group_choice(text,text,uuid,text)@database/034_sprint6_contract_hardening.sql:L10 | s6_submit_group_choice(text,text,uuid,text)@database/034_sprint6_contract_hardening.sql:L11 | s6_submit_group_choice(text,text,uuid,text)@database/034_sprint6_contract_hardening.sql:L12 | s6_submit_group_choice(text,text,uuid,text)@database/034_sprint6_contract_hardening.sql:L13 | s6_submit_group_choice(text,text,uuid,text)@database/034_sprint6_contract_hardening.sql:L15 | s6_submit_group_choice(text,text,uuid,text)@database/034_sprint6_contract_hardening.sql:L16 | s6_submit_group_choice(text,text,uuid,text)@database/034_sprint6_contract_hardening.sql:L17 | s6_submit_private_choice(text,text,uuid,text)@database/034_sprint6_contract_hardening.sql:L19 | s6_submit_private_choice(text,text,uuid,text)@database/034_sprint6_contract_hardening.sql:L20 | s6_submit_allocation(text,text,uuid,text)@database/034_sprint6_contract_hardening.sql:L22 | s6_submit_allocation(text,text,uuid,text)@database/034_sprint6_contract_hardening.sql:L23 | s6_submit_group_choice(text,text,uuid,text)@database/034_sprint6_contract_hardening.sql:L6 | s6_send_message_guarded(text,text,uuid,uuid,text)@database/035_sprint6_focused_audit_corrections.sql:L40 | s6_close_discussion_guarded(text,text,text,int,int,uuid)@database/035_sprint6_focused_audit_corrections.sql:L42 | s6_submit_group_choice_guarded(text,text,uuid,text,text,int,int)@database/035_sprint6_focused_audit_corrections.sql:L46 | s6_submit_group_choice_guarded(text,text,uuid,text,text,int,int)@database/035_sprint6_focused_audit_corrections.sql:L47 | s6_submit_group_choice_guarded(text,text,uuid,text,text,int,int)@database/035_sprint6_focused_audit_corrections.sql:L48 | s6_submit_group_choice_guarded(text,text,uuid,text,text,int,int)@database/035_sprint6_focused_audit_corrections.sql:L49 | s6_submit_group_choice_guarded(text,text,uuid,text,text,int,int)@database/035_sprint6_focused_audit_corrections.sql:L51 | s6_submit_group_choice_guarded(text,text,uuid,text,text,int,int)@database/035_sprint6_focused_audit_corrections.sql:L52 | s6_submit_group_choice_guarded(text,text,uuid,text,text,int,int)@database/035_sprint6_focused_audit_corrections.sql:L53 | s6_submit_group_choice_guarded(text,text,uuid,text,text,int,int)@database/035_sprint6_focused_audit_corrections.sql:L54 | s6_submit_group_choice_guarded(text,text,uuid,text,text,int,int)@database/035_sprint6_focused_audit_corrections.sql:L55 | s6_submit_private_choice_guarded(text,text,uuid,text,text,int,int)@database/035_sprint6_focused_audit_corrections.sql:L57 | s6_advance_guarded(text,text,uuid,text,int,int)@database/035_sprint6_focused_audit_corrections.sql:L59 | s6_submit_allocation_guarded(text,text,uuid,text,text,int,int)@database/035_sprint6_focused_audit_corrections.sql:L61 | s6_complete_station_guarded(text,text,uuid,text,text,int,int)@database/035_sprint6_focused_audit_corrections.sql:L63 | s6_engage(text,text,text)@database/035_sprint6_focused_audit_corrections.sql:L65 | s6_engage_guarded(text,text,uuid,text,text,int,int)@database/035_sprint6_focused_audit_corrections.sql:L67 | s6_send_message_v2(text,text,uuid,uuid,text)@database/036_sprint6_four_open_findings.sql:L14 | s6_close_discussion_v2(text,text,uuid,text,int,int,uuid)@database/036_sprint6_four_open_findings.sql:L16 | s6_submit_group_choice_v2(text,text,uuid,text,text,int,int)@database/036_sprint6_four_open_findings.sql:L18 | s6_submit_private_choice_v2(text,text,uuid,text,text,int,int)@database/036_sprint6_four_open_findings.sql:L19 | s6_submit_allocation_v2(text,text,uuid,text,text,int,int)@database/036_sprint6_four_open_findings.sql:L20 | s6_engage_v2(text,text,uuid,text,text,int,int)@database/036_sprint6_four_open_findings.sql:L21 | s6_advance_v2(text,text,uuid,text,int,int)@database/036_sprint6_four_open_findings.sql:L23 | s6_complete_station_v2(text,text,uuid,text,text,int,int)@database/036_sprint6_four_open_findings.sql:L25 | s5_initialize(text,text)@database/037_level3_independent_audit_closure.sql:L135 | s6_initialize(text,text)@database/037_level3_independent_audit_closure.sql:L139 | s6_mark_audio_consumed(text,text,uuid,text)@database/037_level3_independent_audit_closure.sql:L170 | s6_mark_audio_consumed(text,text,uuid,text)@database/037_level3_independent_audit_closure.sql:L174 | s6_get_player_state(text,text)@database/037_level3_independent_audit_closure.sql:L179 | act6_13_get_timeline(text,text)@database/037_level3_independent_audit_closure.sql:L183 | s7_set_audit_private_debug(text,text,boolean)@database/043_sprint7_teacher_console.sql:L14 | s7_set_audit_private_debug(text,text,boolean)@database/043_sprint7_teacher_console.sql:L17 | s7_set_audit_private_debug(text,text,boolean)@database/043_sprint7_teacher_console.sql:L18 | s7_set_audit_private_debug(text,text,boolean)@database/043_sprint7_teacher_console.sql:L20 | s7_get_teacher_console(text,text)@database/044_sprint7_focused_level1_corrections.sql:L22 | s7_get_teacher_console(text,text)@database/044_sprint7_focused_level1_corrections.sql:L24 | s7_get_teacher_console(text,text)@database/044_sprint7_focused_level1_corrections.sql:L25 | s7_get_teacher_console(text,text)@database/044_sprint7_focused_level1_corrections.sql:L26 | s7_get_teacher_console(text,text)@database/044_sprint7_focused_level1_corrections.sql:L29 | s7_get_teacher_console(text,text)@database/044_sprint7_focused_level1_corrections.sql:L30 | s7_get_teacher_console(text,text)@database/044_sprint7_focused_level1_corrections.sql:L35 | s7_get_teacher_console(text,text)@database/044_sprint7_focused_level1_corrections.sql:L39 | s7_get_teacher_console(text,text)@database/044_sprint7_focused_level1_corrections.sql:L40 | s7_get_teacher_console(text,text)@database/044_sprint7_focused_level1_corrections.sql:L41 | s7_get_teacher_console(text,text)@database/044_sprint7_focused_level1_corrections.sql:L42 | s7_get_teacher_console(text,text)@database/044_sprint7_focused_level1_corrections.sql:L43 | s7_get_teacher_console(text,text)@database/044_sprint7_focused_level1_corrections.sql:L46 | s7_get_teacher_console(text,text)@database/044_sprint7_focused_level1_corrections.sql:L47 | s7_get_teacher_console(text,text)@database/044_sprint7_focused_level1_corrections.sql:L50 | s7_get_teacher_console(text,text)@database/044_sprint7_focused_level1_corrections.sql:L51 | s7_get_teacher_console(text,text)@database/044_sprint7_focused_level1_corrections.sql:L55 | s7_get_teacher_console(text,text)@database/044_sprint7_focused_level1_corrections.sql:L57 | s7_get_teacher_console(text,text)@database/044_sprint7_focused_level1_corrections.sql:L58 | s7_get_teacher_console(text,text)@database/044_sprint7_focused_level1_corrections.sql:L59 | s7_get_teacher_console(text,text)@database/044_sprint7_focused_level1_corrections.sql:L60 | s7_get_teacher_console(text,text)@database/044_sprint7_focused_level1_corrections.sql:L61 | s7_get_teacher_console(text,text)@database/044_sprint7_focused_level1_corrections.sql:L62 | s7_get_teacher_console(text,text)@database/044_sprint7_focused_level1_corrections.sql:L63 | s7_get_teacher_console(text,text)@database/044_sprint7_focused_level1_corrections.sql:L65 | s5_teacher_open_vote(text,text)@database/045_sprint7_teacher_intervention_provenance.sql:L25 | s5_teacher_open_vote(text,text)@database/045_sprint7_teacher_intervention_provenance.sql:L26 | s5_teacher_add_time(text,text,integer)@database/045_sprint7_teacher_intervention_provenance.sql:L31 | s5_teacher_add_time(text,text,integer)@database/045_sprint7_teacher_intervention_provenance.sql:L32 | s8_get_player_state(text,text)@database/048_sprint8_focused_level1_corrections.sql:L83 | s8_get_player_state(text,text)@database/048_sprint8_focused_level1_corrections.sql:L84 | s8_get_player_state(text,text)@database/048_sprint8_focused_level1_corrections.sql:L85 | s8_get_player_state(text,text)@database/048_sprint8_focused_level1_corrections.sql:L86 | s8_finalize(text,text,uuid,uuid)@database/049_sprint8_final_closure.sql:L156 | s2_get_teacher_state(text,text)@database/054_level3_integrated_closure.sql:L115 | s2_get_teacher_state(text,text)@database/054_level3_integrated_closure.sql:L116 | s8_latest_completed_run(text)@database/054_level3_integrated_closure.sql:L153 | s8_get_finalization_state(text,text)@database/054_level3_integrated_closure.sql:L164 | s9_enter_act6(text,text,uuid)@database/063_package_a_player_entry_column_fix.sql:L25 | s9_enter_act6(text,text,uuid)@database/063_package_a_player_entry_column_fix.sql:L28 | s9_enter_act6(text,text,uuid)@database/063_package_a_player_entry_column_fix.sql:L29 | s9_enter_act6(text,text,uuid)@database/063_package_a_player_entry_column_fix.sql:L32 | s9_enter_act6(text,text,uuid)@database/063_package_a_player_entry_column_fix.sql:L35 | s9_enter_act6(text,text,uuid)@database/063_package_a_player_entry_column_fix.sql:L42 | s9_enter_act6(text,text,uuid)@database/063_package_a_player_entry_column_fix.sql:L43 | s9_enter_act6(text,text,uuid)@database/063_package_a_player_entry_column_fix.sql:L47 | s9_enter_act6(text,text,uuid)@database/063_package_a_player_entry_column_fix.sql:L50 | s9_enter_act6(text,text,uuid)@database/063_package_a_player_entry_column_fix.sql:L53 | s9_enter_act6(text,text,uuid)@database/063_package_a_player_entry_column_fix.sql:L54 | s9_enter_act6(text,text,uuid)@database/063_package_a_player_entry_column_fix.sql:L55 | s9_enter_act6(text,text,uuid)@database/063_package_a_player_entry_column_fix.sql:L58 | s9_observe_act5_handoff(text,text,uuid)@database/064_package_a_handoff_observation_column_fix.sql:L22 | s9_observe_act5_handoff(text,text,uuid)@database/064_package_a_handoff_observation_column_fix.sql:L25 | s9_observe_act5_handoff(text,text,uuid)@database/064_package_a_handoff_observation_column_fix.sql:L26 | s9_observe_act5_handoff(text,text,uuid)@database/064_package_a_handoff_observation_column_fix.sql:L27 | s9_observe_act5_handoff(text,text,uuid)@database/064_package_a_handoff_observation_column_fix.sql:L32 | s9_observe_act5_handoff(text,text,uuid)@database/064_package_a_handoff_observation_column_fix.sql:L33 | s9_observe_act5_handoff(text,text,uuid)@database/064_package_a_handoff_observation_column_fix.sql:L36 | s9_get_player_wait_state(text,text)@database/067_package_b_allocation_progress_fix.sql:L11 | s9_get_player_wait_state(text,text)@database/067_package_b_allocation_progress_fix.sql:L13 | s9_get_player_wait_state(text,text)@database/067_package_b_allocation_progress_fix.sql:L15 | s9_get_player_wait_state(text,text)@database/067_package_b_allocation_progress_fix.sql:L17 | s9_get_player_wait_state(text,text)@database/067_package_b_allocation_progress_fix.sql:L18 | s9_get_player_wait_state(text,text)@database/067_package_b_allocation_progress_fix.sql:L22 | s9_get_player_wait_state(text,text)@database/067_package_b_allocation_progress_fix.sql:L9 | s9_inspect_pocket_item(text,text,text)@database/068_package_c_authoritative_pocket_inspection.sql:L23 | s9_inspect_pocket_item(text,text,text)@database/068_package_c_authoritative_pocket_inspection.sql:L24 | s9_inspect_pocket_item(text,text,text)@database/068_package_c_authoritative_pocket_inspection.sql:L25 | s9_inspect_pocket_item(text,text,text)@database/068_package_c_authoritative_pocket_inspection.sql:L27 | s9_inspect_pocket_item(text,text,text)@database/068_package_c_authoritative_pocket_inspection.sql:L29 | s9_inspect_pocket_item(text,text,text)@database/068_package_c_authoritative_pocket_inspection.sql:L31 | s9_inspect_pocket_item(text,text,text)@database/068_package_c_authoritative_pocket_inspection.sql:L32 | s9_inspect_pocket_item(text,text,text)@database/068_package_c_authoritative_pocket_inspection.sql:L34 | s9_inspect_pocket_item(text,text,text)@database/068_package_c_authoritative_pocket_inspection.sql:L35 | s3_set_item_view(text,text,text,text)@database/068_package_c_authoritative_pocket_inspection.sql:L45 | s3_set_item_view(text,text,text,text)@database/068_package_c_authoritative_pocket_inspection.sql:L46 | s3_set_item_view(text,text,text,text)@database/068_package_c_authoritative_pocket_inspection.sql:L48 | s3_set_item_view(text,text,text,text)@database/068_package_c_authoritative_pocket_inspection.sql:L51 | s3_set_item_view(text,text,text,text)@database/068_package_c_authoritative_pocket_inspection.sql:L52 | s3_set_item_view(text,text,text,text)@database/068_package_c_authoritative_pocket_inspection.sql:L54 | s3_set_item_view(text,text,text,text)@database/068_package_c_authoritative_pocket_inspection.sql:L55 | s3_set_item_view(text,text,text,text)@database/068_package_c_authoritative_pocket_inspection.sql:L57 | s3_set_item_view(text,text,text,text)@database/068_package_c_authoritative_pocket_inspection.sql:L58 | s3_get_player_state(text,text)@database/068_package_c_authoritative_pocket_inspection.sql:L68 | s3_get_player_state(text,text)@database/068_package_c_authoritative_pocket_inspection.sql:L69 | s3_get_player_state(text,text)@database/068_package_c_authoritative_pocket_inspection.sql:L70 | s3_get_player_state(text,text)@database/068_package_c_authoritative_pocket_inspection.sql:L71 | s3_get_player_state(text,text)@database/068_package_c_authoritative_pocket_inspection.sql:L72 | s3_get_player_state(text,text)@database/068_package_c_authoritative_pocket_inspection.sql:L73 | s3_get_player_state(text,text)@database/068_package_c_authoritative_pocket_inspection.sql:L74 | s3_get_player_state(text,text)@database/068_package_c_authoritative_pocket_inspection.sql:L75 | s3_get_player_state(text,text)@database/068_package_c_authoritative_pocket_inspection.sql:L76",STATIC_ACTIVE_FUNCTION_LAST_DEFINITION_CANDIDATES,NO_DEPLOYED_DATABASE_INSPECTION
F0103,game_runs#02,1,1,0,0,"s2_start_run(text,text,text)@database/002_runtime_runs_discussion.sql:L206",44,24,20,0,"s2_protect_run_identity()@database/002_runtime_runs_discussion.sql:L114 | s2_get_active_run(text)@database/002_runtime_runs_discussion.sql:L138 | s2_submit_vote(text,text,uuid,integer,text)@database/013_sprint3b_discussion_authority_and_request_identity.sql:L291 | s2_open_discussion(text,text,text,integer,integer,boolean,boolean,jsonb,text,integer,integer,text,boolean)@database/013_sprint3b_discussion_authority_and_request_identity.sql:L61 | s3b_submit_library_code(text,text,uuid,text)@database/014_sprint3b_evidence_and_puzzle_integrity.sql:L386 | s3b_submit_post_inspection_route_vote(text,text,text)@database/014_sprint3b_evidence_and_puzzle_integrity.sql:L466 | s3b_apply_resolved_discussion_internal(uuid,uuid)@database/014a_sprint3b_inspect_reconnect_idempotency_fix.sql:L17 | s3b_apply_resolved_discussion_internal(uuid,uuid)@database/014a_sprint3b_inspect_reconnect_idempotency_fix.sql:L96 | s3b_complete_act1(text,text)@database/014b_sprint3b_targeted_closure_corrections.sql:L106 | s3b_grab(text,text)@database/014b_sprint3b_targeted_closure_corrections.sql:L121 | s3b_leave_start_room(text,text)@database/014b_sprint3b_targeted_closure_corrections.sql:L126 | s3b_ack_route_update(text,text)@database/014b_sprint3b_targeted_closure_corrections.sql:L131 | s3b_complete_foldback(text,text)@database/014b_sprint3b_targeted_closure_corrections.sql:L136 | s3b_follow_sign(text,text)@database/014b_sprint3b_targeted_closure_corrections.sql:L141 | s3b_submit_act4_choice(text,text,text)@database/014b_sprint3b_targeted_closure_corrections.sql:L147 | s3b_initialize_flow(text,text)@database/014b_sprint3b_targeted_closure_corrections.sql:L18 | s3b_ack_act1_opening(text,text)@database/014b_sprint3b_targeted_closure_corrections.sql:L83 | s3b_submit_act1_choice(text,text,text)@database/014b_sprint3b_targeted_closure_corrections.sql:L94 | s3b_submit_first_meeting(text,text,text)@database/017_sprint3c_override_act2_entry_correction.sql:L20 | s7_set_audit_private_debug(text,text,boolean)@database/043_sprint7_teacher_console.sql:L14 | s7_get_teacher_console(text,text)@database/044_sprint7_focused_level1_corrections.sql:L22 | s8_finalize(text,text,uuid,uuid)@database/049_sprint8_final_closure.sql:L156 | s8_latest_completed_run(text)@database/054_level3_integrated_closure.sql:L152 | s8_get_finalization_state(text,text)@database/054_level3_integrated_closure.sql:L165",STATIC_ACTIVE_FUNCTION_LAST_DEFINITION_CANDIDATES,NO_DEPLOYED_DATABASE_INSPECTION
F0104,game_runs#03,0,0,0,0,,50,26,24,0,"s2_protect_run_identity()@database/002_runtime_runs_discussion.sql:L115 | s2_get_active_run(text)@database/002_runtime_runs_discussion.sql:L140 | s2_start_run(text,text,text)@database/002_runtime_runs_discussion.sql:L222 | s2_get_player_state(text,text)@database/003_sprint2_discussionroom_audit_fix.sql:L472 | s2_submit_vote(text,text,uuid,integer,text)@database/013_sprint3b_discussion_authority_and_request_identity.sql:L291 | s2_open_discussion(text,text,text,integer,integer,boolean,boolean,jsonb,text,integer,integer,text,boolean)@database/013_sprint3b_discussion_authority_and_request_identity.sql:L61 | s3b_submit_library_code(text,text,uuid,text)@database/014_sprint3b_evidence_and_puzzle_integrity.sql:L386 | s3b_submit_post_inspection_route_vote(text,text,text)@database/014_sprint3b_evidence_and_puzzle_integrity.sql:L466 | s3b_apply_resolved_discussion_internal(uuid,uuid)@database/014a_sprint3b_inspect_reconnect_idempotency_fix.sql:L17 | s3b_complete_act1(text,text)@database/014b_sprint3b_targeted_closure_corrections.sql:L106 | s3b_grab(text,text)@database/014b_sprint3b_targeted_closure_corrections.sql:L121 | s3b_leave_start_room(text,text)@database/014b_sprint3b_targeted_closure_corrections.sql:L126 | s3b_ack_route_update(text,text)@database/014b_sprint3b_targeted_closure_corrections.sql:L131 | s3b_complete_foldback(text,text)@database/014b_sprint3b_targeted_closure_corrections.sql:L136 | s3b_follow_sign(text,text)@database/014b_sprint3b_targeted_closure_corrections.sql:L141 | s3b_submit_act4_choice(text,text,text)@database/014b_sprint3b_targeted_closure_corrections.sql:L147 | s3b_initialize_flow(text,text)@database/014b_sprint3b_targeted_closure_corrections.sql:L18 | s3b_ack_act1_opening(text,text)@database/014b_sprint3b_targeted_closure_corrections.sql:L83 | s3b_submit_act1_choice(text,text,text)@database/014b_sprint3b_targeted_closure_corrections.sql:L94 | s3b_submit_first_meeting(text,text,text)@database/017_sprint3c_override_act2_entry_correction.sql:L20 | s7_set_audit_private_debug(text,text,boolean)@database/043_sprint7_teacher_console.sql:L14 | s7_get_teacher_console(text,text)@database/044_sprint7_focused_level1_corrections.sql:L22 | s7_get_teacher_console(text,text)@database/044_sprint7_focused_level1_corrections.sql:L30 | s8_finalize(text,text,uuid,uuid)@database/049_sprint8_final_closure.sql:L156 | s8_latest_completed_run(text)@database/054_level3_integrated_closure.sql:L154 | s8_get_finalization_state(text,text)@database/054_level3_integrated_closure.sql:L164",STATIC_ACTIVE_FUNCTION_LAST_DEFINITION_CANDIDATES,NO_DEPLOYED_DATABASE_INSPECTION
F0105,game_runs#04,1,1,0,0,"s2_start_run(text,text,text)@database/002_runtime_runs_discussion.sql:L206",67,36,31,0,"s2_protect_run_identity()@database/002_runtime_runs_discussion.sql:L116 | s2_start_run(text,text,text)@database/002_runtime_runs_discussion.sql:L215 | s2_start_run(text,text,text)@database/002_runtime_runs_discussion.sql:L223 | s2_get_player_state(text,text)@database/003_sprint2_discussionroom_audit_fix.sql:L473 | s3_get_teacher_state(text,text)@database/005_sprint3a_scene_pocket_knowledge_foundation.sql:L248 | s3_initialize_audit_fixture(text,text)@database/006_sprint3a_provenance_view_integrity_fix.sql:L106 | s3_audit_provenance_probe(text,text,text)@database/006_sprint3a_provenance_view_integrity_fix.sql:L124 | s3b_audit_expire_puzzle(text,text)@database/007_sprint3b_act1_5_placeholder_flow.sql:L206 | s3b_audit_set_puzzle_elapsed(text,text,integer)@database/011_sprint3b_transition_and_act1_delivery_integrity.sql:L103 | s2_submit_vote(text,text,uuid,integer,text)@database/013_sprint3b_discussion_authority_and_request_identity.sql:L291 | s2_open_discussion(text,text,text,integer,integer,boolean,boolean,jsonb,text,integer,integer,text,boolean)@database/013_sprint3b_discussion_authority_and_request_identity.sql:L61 | s3b_submit_library_code(text,text,uuid,text)@database/014_sprint3b_evidence_and_puzzle_integrity.sql:L386 | s3b_submit_post_inspection_route_vote(text,text,text)@database/014_sprint3b_evidence_and_puzzle_integrity.sql:L466 | s3b_apply_resolved_discussion_internal(uuid,uuid)@database/014a_sprint3b_inspect_reconnect_idempotency_fix.sql:L17 | s3b_complete_act1(text,text)@database/014b_sprint3b_targeted_closure_corrections.sql:L106 | s3b_grab(text,text)@database/014b_sprint3b_targeted_closure_corrections.sql:L121 | s3b_leave_start_room(text,text)@database/014b_sprint3b_targeted_closure_corrections.sql:L126 | s3b_ack_route_update(text,text)@database/014b_sprint3b_targeted_closure_corrections.sql:L131 | s3b_complete_foldback(text,text)@database/014b_sprint3b_targeted_closure_corrections.sql:L136 | s3b_follow_sign(text,text)@database/014b_sprint3b_targeted_closure_corrections.sql:L141 | s3b_submit_act4_choice(text,text,text)@database/014b_sprint3b_targeted_closure_corrections.sql:L147 | s3b_initialize_flow(text,text)@database/014b_sprint3b_targeted_closure_corrections.sql:L18 | s3b_ack_act1_opening(text,text)@database/014b_sprint3b_targeted_closure_corrections.sql:L83 | s3b_submit_act1_choice(text,text,text)@database/014b_sprint3b_targeted_closure_corrections.sql:L94 | s3b_submit_first_meeting(text,text,text)@database/017_sprint3c_override_act2_entry_correction.sql:L20 | s5_audit_expire_discussion(text,text)@database/029_sprint5_canonical_discussion_localization.sql:L98 | s5_get_teacher_discussion_state(text,text)@database/031_sprint5_focused_reaudit_corrections.sql:L31 | s7_set_audit_private_debug(text,text,boolean)@database/043_sprint7_teacher_console.sql:L14 | s7_set_audit_private_debug(text,text,boolean)@database/043_sprint7_teacher_console.sql:L16 | s7_set_audit_private_debug(text,text,boolean)@database/043_sprint7_teacher_console.sql:L21 | s7_get_teacher_console(text,text)@database/044_sprint7_focused_level1_corrections.sql:L22 | s7_get_teacher_console(text,text)@database/044_sprint7_focused_level1_corrections.sql:L30 | s7_get_teacher_console(text,text)@database/044_sprint7_focused_level1_corrections.sql:L53 | s7_get_teacher_console(text,text)@database/044_sprint7_focused_level1_corrections.sql:L65 | s8_finalize(text,text,uuid,uuid)@database/049_sprint8_final_closure.sql:L156 | s8_get_finalization_state(text,text)@database/054_level3_integrated_closure.sql:L164",STATIC_ACTIVE_FUNCTION_LAST_DEFINITION_CANDIDATES,NO_DEPLOYED_DATABASE_INSPECTION
F0106,game_runs#05,1,1,0,0,"s2_start_run(text,text,text)@database/002_runtime_runs_discussion.sql:L206",43,25,18,0,"s2_protect_run_identity()@database/002_runtime_runs_discussion.sql:L117 | s2_start_run(text,text,text)@database/002_runtime_runs_discussion.sql:L216 | s2_start_run(text,text,text)@database/002_runtime_runs_discussion.sql:L224 | s2_get_player_state(text,text)@database/003_sprint2_discussionroom_audit_fix.sql:L474 | s2_submit_vote(text,text,uuid,integer,text)@database/013_sprint3b_discussion_authority_and_request_identity.sql:L291 | s2_open_discussion(text,text,text,integer,integer,boolean,boolean,jsonb,text,integer,integer,text,boolean)@database/013_sprint3b_discussion_authority_and_request_identity.sql:L61 | s3b_submit_library_code(text,text,uuid,text)@database/014_sprint3b_evidence_and_puzzle_integrity.sql:L386 | s3b_submit_post_inspection_route_vote(text,text,text)@database/014_sprint3b_evidence_and_puzzle_integrity.sql:L466 | s3b_apply_resolved_discussion_internal(uuid,uuid)@database/014a_sprint3b_inspect_reconnect_idempotency_fix.sql:L17 | s3b_complete_act1(text,text)@database/014b_sprint3b_targeted_closure_corrections.sql:L106 | s3b_grab(text,text)@database/014b_sprint3b_targeted_closure_corrections.sql:L121 | s3b_leave_start_room(text,text)@database/014b_sprint3b_targeted_closure_corrections.sql:L126 | s3b_ack_route_update(text,text)@database/014b_sprint3b_targeted_closure_corrections.sql:L131 | s3b_complete_foldback(text,text)@database/014b_sprint3b_targeted_closure_corrections.sql:L136 | s3b_follow_sign(text,text)@database/014b_sprint3b_targeted_closure_corrections.sql:L141 | s3b_submit_act4_choice(text,text,text)@database/014b_sprint3b_targeted_closure_corrections.sql:L147 | s3b_initialize_flow(text,text)@database/014b_sprint3b_targeted_closure_corrections.sql:L18 | s3b_ack_act1_opening(text,text)@database/014b_sprint3b_targeted_closure_corrections.sql:L83 | s3b_submit_act1_choice(text,text,text)@database/014b_sprint3b_targeted_closure_corrections.sql:L94 | s3b_submit_first_meeting(text,text,text)@database/017_sprint3c_override_act2_entry_correction.sql:L20 | s5_get_teacher_discussion_state(text,text)@database/031_sprint5_focused_reaudit_corrections.sql:L31 | s7_set_audit_private_debug(text,text,boolean)@database/043_sprint7_teacher_console.sql:L14 | s7_get_teacher_console(text,text)@database/044_sprint7_focused_level1_corrections.sql:L22 | s7_get_teacher_console(text,text)@database/044_sprint7_focused_level1_corrections.sql:L65 | s8_finalize(text,text,uuid,uuid)@database/049_sprint8_final_closure.sql:L156",STATIC_ACTIVE_FUNCTION_LAST_DEFINITION_CANDIDATES,NO_DEPLOYED_DATABASE_INSPECTION
F0107,game_runs#06,2,1,1,0,"s8_finalize(text,text,uuid,uuid)@database/049_sprint8_final_closure.sql:L169",38,24,14,0,"s2_get_active_run(text)@database/002_runtime_runs_discussion.sql:L139 | s2_submit_vote(text,text,uuid,integer,text)@database/013_sprint3b_discussion_authority_and_request_identity.sql:L291 | s2_open_discussion(text,text,text,integer,integer,boolean,boolean,jsonb,text,integer,integer,text,boolean)@database/013_sprint3b_discussion_authority_and_request_identity.sql:L61 | s3b_submit_library_code(text,text,uuid,text)@database/014_sprint3b_evidence_and_puzzle_integrity.sql:L386 | s3b_submit_post_inspection_route_vote(text,text,text)@database/014_sprint3b_evidence_and_puzzle_integrity.sql:L466 | s3b_apply_resolved_discussion_internal(uuid,uuid)@database/014a_sprint3b_inspect_reconnect_idempotency_fix.sql:L17 | s3b_complete_act1(text,text)@database/014b_sprint3b_targeted_closure_corrections.sql:L106 | s3b_grab(text,text)@database/014b_sprint3b_targeted_closure_corrections.sql:L121 | s3b_leave_start_room(text,text)@database/014b_sprint3b_targeted_closure_corrections.sql:L126 | s3b_ack_route_update(text,text)@database/014b_sprint3b_targeted_closure_corrections.sql:L131 | s3b_complete_foldback(text,text)@database/014b_sprint3b_targeted_closure_corrections.sql:L136 | s3b_follow_sign(text,text)@database/014b_sprint3b_targeted_closure_corrections.sql:L141 | s3b_submit_act4_choice(text,text,text)@database/014b_sprint3b_targeted_closure_corrections.sql:L147 | s3b_initialize_flow(text,text)@database/014b_sprint3b_targeted_closure_corrections.sql:L18 | s3b_ack_act1_opening(text,text)@database/014b_sprint3b_targeted_closure_corrections.sql:L83 | s3b_submit_act1_choice(text,text,text)@database/014b_sprint3b_targeted_closure_corrections.sql:L94 | s3b_submit_first_meeting(text,text,text)@database/017_sprint3c_override_act2_entry_correction.sql:L20 | s7_set_audit_private_debug(text,text,boolean)@database/043_sprint7_teacher_console.sql:L14 | s7_get_teacher_console(text,text)@database/044_sprint7_focused_level1_corrections.sql:L22 | s7_get_teacher_console(text,text)@database/044_sprint7_focused_level1_corrections.sql:L65 | s8_finalize(text,text,uuid,uuid)@database/049_sprint8_final_closure.sql:L156 | s8_finalize(text,text,uuid,uuid)@database/049_sprint8_final_closure.sql:L160 | s8_latest_completed_run(text)@database/054_level3_integrated_closure.sql:L152 | s8_get_finalization_state(text,text)@database/054_level3_integrated_closure.sql:L165",STATIC_ACTIVE_FUNCTION_LAST_DEFINITION_CANDIDATES,NO_DEPLOYED_DATABASE_INSPECTION
F0108,game_runs#07,3,1,2,0,"s8_finalize(text,text,uuid,uuid)@database/049_sprint8_final_closure.sql:L169",39,21,18,0,"s2_submit_vote(text,text,uuid,integer,text)@database/013_sprint3b_discussion_authority_and_request_identity.sql:L291 | s2_open_discussion(text,text,text,integer,integer,boolean,boolean,jsonb,text,integer,integer,text,boolean)@database/013_sprint3b_discussion_authority_and_request_identity.sql:L61 | s3b_submit_library_code(text,text,uuid,text)@database/014_sprint3b_evidence_and_puzzle_integrity.sql:L386 | s3b_submit_post_inspection_route_vote(text,text,text)@database/014_sprint3b_evidence_and_puzzle_integrity.sql:L466 | s3b_apply_resolved_discussion_internal(uuid,uuid)@database/014a_sprint3b_inspect_reconnect_idempotency_fix.sql:L17 | s3b_complete_act1(text,text)@database/014b_sprint3b_targeted_closure_corrections.sql:L106 | s3b_grab(text,text)@database/014b_sprint3b_targeted_closure_corrections.sql:L121 | s3b_leave_start_room(text,text)@database/014b_sprint3b_targeted_closure_corrections.sql:L126 | s3b_ack_route_update(text,text)@database/014b_sprint3b_targeted_closure_corrections.sql:L131 | s3b_complete_foldback(text,text)@database/014b_sprint3b_targeted_closure_corrections.sql:L136 | s3b_follow_sign(text,text)@database/014b_sprint3b_targeted_closure_corrections.sql:L141 | s3b_submit_act4_choice(text,text,text)@database/014b_sprint3b_targeted_closure_corrections.sql:L147 | s3b_initialize_flow(text,text)@database/014b_sprint3b_targeted_closure_corrections.sql:L18 | s3b_ack_act1_opening(text,text)@database/014b_sprint3b_targeted_closure_corrections.sql:L83 | s3b_submit_act1_choice(text,text,text)@database/014b_sprint3b_targeted_closure_corrections.sql:L94 | s3b_submit_first_meeting(text,text,text)@database/017_sprint3c_override_act2_entry_correction.sql:L20 | s7_set_audit_private_debug(text,text,boolean)@database/043_sprint7_teacher_console.sql:L14 | s7_get_teacher_console(text,text)@database/044_sprint7_focused_level1_corrections.sql:L22 | s7_get_teacher_console(text,text)@database/044_sprint7_focused_level1_corrections.sql:L28 | s7_get_teacher_console(text,text)@database/044_sprint7_focused_level1_corrections.sql:L65 | s8_finalize(text,text,uuid,uuid)@database/049_sprint8_final_closure.sql:L156",STATIC_ACTIVE_FUNCTION_LAST_DEFINITION_CANDIDATES,NO_DEPLOYED_DATABASE_INSPECTION
F0109,game_runs#08,3,1,2,0,"s8_finalize(text,text,uuid,uuid)@database/049_sprint8_final_closure.sql:L169",41,23,18,0,"s2_submit_vote(text,text,uuid,integer,text)@database/013_sprint3b_discussion_authority_and_request_identity.sql:L291 | s2_open_discussion(text,text,text,integer,integer,boolean,boolean,jsonb,text,integer,integer,text,boolean)@database/013_sprint3b_discussion_authority_and_request_identity.sql:L61 | s3b_submit_library_code(text,text,uuid,text)@database/014_sprint3b_evidence_and_puzzle_integrity.sql:L386 | s3b_submit_post_inspection_route_vote(text,text,text)@database/014_sprint3b_evidence_and_puzzle_integrity.sql:L466 | s3b_apply_resolved_discussion_internal(uuid,uuid)@database/014a_sprint3b_inspect_reconnect_idempotency_fix.sql:L17 | s3b_complete_act1(text,text)@database/014b_sprint3b_targeted_closure_corrections.sql:L106 | s3b_grab(text,text)@database/014b_sprint3b_targeted_closure_corrections.sql:L121 | s3b_leave_start_room(text,text)@database/014b_sprint3b_targeted_closure_corrections.sql:L126 | s3b_ack_route_update(text,text)@database/014b_sprint3b_targeted_closure_corrections.sql:L131 | s3b_complete_foldback(text,text)@database/014b_sprint3b_targeted_closure_corrections.sql:L136 | s3b_follow_sign(text,text)@database/014b_sprint3b_targeted_closure_corrections.sql:L141 | s3b_submit_act4_choice(text,text,text)@database/014b_sprint3b_targeted_closure_corrections.sql:L147 | s3b_initialize_flow(text,text)@database/014b_sprint3b_targeted_closure_corrections.sql:L18 | s3b_ack_act1_opening(text,text)@database/014b_sprint3b_targeted_closure_corrections.sql:L83 | s3b_submit_act1_choice(text,text,text)@database/014b_sprint3b_targeted_closure_corrections.sql:L94 | s3b_submit_first_meeting(text,text,text)@database/017_sprint3c_override_act2_entry_correction.sql:L20 | s7_set_audit_private_debug(text,text,boolean)@database/043_sprint7_teacher_console.sql:L14 | s7_get_teacher_console(text,text)@database/044_sprint7_focused_level1_corrections.sql:L22 | s7_get_teacher_console(text,text)@database/044_sprint7_focused_level1_corrections.sql:L35 | s7_get_teacher_console(text,text)@database/044_sprint7_focused_level1_corrections.sql:L44 | s7_get_teacher_console(text,text)@database/044_sprint7_focused_level1_corrections.sql:L48 | s7_get_teacher_console(text,text)@database/044_sprint7_focused_level1_corrections.sql:L65 | s8_finalize(text,text,uuid,uuid)@database/049_sprint8_final_closure.sql:L156",STATIC_ACTIVE_FUNCTION_LAST_DEFINITION_CANDIDATES,NO_DEPLOYED_DATABASE_INSPECTION
F0110,game_runs#09,3,1,2,0,"s8_finalize(text,text,uuid,uuid)@database/049_sprint8_final_closure.sql:L169",37,20,17,0,"s2_submit_vote(text,text,uuid,integer,text)@database/013_sprint3b_discussion_authority_and_request_identity.sql:L291 | s2_open_discussion(text,text,text,integer,integer,boolean,boolean,jsonb,text,integer,integer,text,boolean)@database/013_sprint3b_discussion_authority_and_request_identity.sql:L61 | s3b_submit_library_code(text,text,uuid,text)@database/014_sprint3b_evidence_and_puzzle_integrity.sql:L386 | s3b_submit_post_inspection_route_vote(text,text,text)@database/014_sprint3b_evidence_and_puzzle_integrity.sql:L466 | s3b_apply_resolved_discussion_internal(uuid,uuid)@database/014a_sprint3b_inspect_reconnect_idempotency_fix.sql:L17 | s3b_complete_act1(text,text)@database/014b_sprint3b_targeted_closure_corrections.sql:L106 | s3b_grab(text,text)@database/014b_sprint3b_targeted_closure_corrections.sql:L121 | s3b_leave_start_room(text,text)@database/014b_sprint3b_targeted_closure_corrections.sql:L126 | s3b_ack_route_update(text,text)@database/014b_sprint3b_targeted_closure_corrections.sql:L131 | s3b_complete_foldback(text,text)@database/014b_sprint3b_targeted_closure_corrections.sql:L136 | s3b_follow_sign(text,text)@database/014b_sprint3b_targeted_closure_corrections.sql:L141 | s3b_submit_act4_choice(text,text,text)@database/014b_sprint3b_targeted_closure_corrections.sql:L147 | s3b_initialize_flow(text,text)@database/014b_sprint3b_targeted_closure_corrections.sql:L18 | s3b_ack_act1_opening(text,text)@database/014b_sprint3b_targeted_closure_corrections.sql:L83 | s3b_submit_act1_choice(text,text,text)@database/014b_sprint3b_targeted_closure_corrections.sql:L94 | s3b_submit_first_meeting(text,text,text)@database/017_sprint3c_override_act2_entry_correction.sql:L20 | s7_set_audit_private_debug(text,text,boolean)@database/043_sprint7_teacher_console.sql:L14 | s7_get_teacher_console(text,text)@database/044_sprint7_focused_level1_corrections.sql:L22 | s7_get_teacher_console(text,text)@database/044_sprint7_focused_level1_corrections.sql:L65 | s8_finalize(text,text,uuid,uuid)@database/049_sprint8_final_closure.sql:L156",STATIC_ACTIVE_FUNCTION_LAST_DEFINITION_CANDIDATES,NO_DEPLOYED_DATABASE_INSPECTION
F0111,game_runs#10,4,0,4,0,,34,20,14,0,"s2_get_player_state(text,text)@database/003_sprint2_discussionroom_audit_fix.sql:L475 | s2_submit_vote(text,text,uuid,integer,text)@database/013_sprint3b_discussion_authority_and_request_identity.sql:L291 | s2_open_discussion(text,text,text,integer,integer,boolean,boolean,jsonb,text,integer,integer,text,boolean)@database/013_sprint3b_discussion_authority_and_request_identity.sql:L61 | s3b_submit_library_code(text,text,uuid,text)@database/014_sprint3b_evidence_and_puzzle_integrity.sql:L386 | s3b_submit_post_inspection_route_vote(text,text,text)@database/014_sprint3b_evidence_and_puzzle_integrity.sql:L466 | s3b_apply_resolved_discussion_internal(uuid,uuid)@database/014a_sprint3b_inspect_reconnect_idempotency_fix.sql:L17 | s3b_complete_act1(text,text)@database/014b_sprint3b_targeted_closure_corrections.sql:L106 | s3b_grab(text,text)@database/014b_sprint3b_targeted_closure_corrections.sql:L121 | s3b_leave_start_room(text,text)@database/014b_sprint3b_targeted_closure_corrections.sql:L126 | s3b_ack_route_update(text,text)@database/014b_sprint3b_targeted_closure_corrections.sql:L131 | s3b_complete_foldback(text,text)@database/014b_sprint3b_targeted_closure_corrections.sql:L136 | s3b_follow_sign(text,text)@database/014b_sprint3b_targeted_closure_corrections.sql:L141 | s3b_submit_act4_choice(text,text,text)@database/014b_sprint3b_targeted_closure_corrections.sql:L147 | s3b_initialize_flow(text,text)@database/014b_sprint3b_targeted_closure_corrections.sql:L18 | s3b_ack_act1_opening(text,text)@database/014b_sprint3b_targeted_closure_corrections.sql:L83 | s3b_submit_act1_choice(text,text,text)@database/014b_sprint3b_targeted_closure_corrections.sql:L94 | s3b_submit_first_meeting(text,text,text)@database/017_sprint3c_override_act2_entry_correction.sql:L20 | s7_set_audit_private_debug(text,text,boolean)@database/043_sprint7_teacher_console.sql:L14 | s7_get_teacher_console(text,text)@database/044_sprint7_focused_level1_corrections.sql:L22 | s8_finalize(text,text,uuid,uuid)@database/049_sprint8_final_closure.sql:L156",STATIC_ACTIVE_FUNCTION_LAST_DEFINITION_CANDIDATES,NO_DEPLOYED_DATABASE_INSPECTION
F0112,game_runs#11,0,0,0,0,,30,19,11,0,"s2_submit_vote(text,text,uuid,integer,text)@database/013_sprint3b_discussion_authority_and_request_identity.sql:L291 | s2_open_discussion(text,text,text,integer,integer,boolean,boolean,jsonb,text,integer,integer,text,boolean)@database/013_sprint3b_discussion_authority_and_request_identity.sql:L61 | s3b_submit_library_code(text,text,uuid,text)@database/014_sprint3b_evidence_and_puzzle_integrity.sql:L386 | s3b_submit_post_inspection_route_vote(text,text,text)@database/014_sprint3b_evidence_and_puzzle_integrity.sql:L466 | s3b_apply_resolved_discussion_internal(uuid,uuid)@database/014a_sprint3b_inspect_reconnect_idempotency_fix.sql:L17 | s3b_complete_act1(text,text)@database/014b_sprint3b_targeted_closure_corrections.sql:L106 | s3b_grab(text,text)@database/014b_sprint3b_targeted_closure_corrections.sql:L121 | s3b_leave_start_room(text,text)@database/014b_sprint3b_targeted_closure_corrections.sql:L126 | s3b_ack_route_update(text,text)@database/014b_sprint3b_targeted_closure_corrections.sql:L131 | s3b_complete_foldback(text,text)@database/014b_sprint3b_targeted_closure_corrections.sql:L136 | s3b_follow_sign(text,text)@database/014b_sprint3b_targeted_closure_corrections.sql:L141 | s3b_submit_act4_choice(text,text,text)@database/014b_sprint3b_targeted_closure_corrections.sql:L147 | s3b_initialize_flow(text,text)@database/014b_sprint3b_targeted_closure_corrections.sql:L18 | s3b_ack_act1_opening(text,text)@database/014b_sprint3b_targeted_closure_corrections.sql:L83 | s3b_submit_act1_choice(text,text,text)@database/014b_sprint3b_targeted_closure_corrections.sql:L94 | s3b_submit_first_meeting(text,text,text)@database/017_sprint3c_override_act2_entry_correction.sql:L20 | s7_set_audit_private_debug(text,text,boolean)@database/043_sprint7_teacher_console.sql:L14 | s7_get_teacher_console(text,text)@database/044_sprint7_focused_level1_corrections.sql:L22 | s8_finalize(text,text,uuid,uuid)@database/049_sprint8_final_closure.sql:L156",STATIC_ACTIVE_FUNCTION_LAST_DEFINITION_CANDIDATES,NO_DEPLOYED_DATABASE_INSPECTION
F0113,game_runs#12,2,1,1,0,"s7_set_audit_private_debug(text,text,boolean)@database/043_sprint7_teacher_console.sql:L17",36,21,15,0,"s2_submit_vote(text,text,uuid,integer,text)@database/013_sprint3b_discussion_authority_and_request_identity.sql:L291 | s2_open_discussion(text,text,text,integer,integer,boolean,boolean,jsonb,text,integer,integer,text,boolean)@database/013_sprint3b_discussion_authority_and_request_identity.sql:L61 | s3b_submit_library_code(text,text,uuid,text)@database/014_sprint3b_evidence_and_puzzle_integrity.sql:L386 | s3b_submit_post_inspection_route_vote(text,text,text)@database/014_sprint3b_evidence_and_puzzle_integrity.sql:L466 | s3b_apply_resolved_discussion_internal(uuid,uuid)@database/014a_sprint3b_inspect_reconnect_idempotency_fix.sql:L17 | s3b_complete_act1(text,text)@database/014b_sprint3b_targeted_closure_corrections.sql:L106 | s3b_grab(text,text)@database/014b_sprint3b_targeted_closure_corrections.sql:L121 | s3b_leave_start_room(text,text)@database/014b_sprint3b_targeted_closure_corrections.sql:L126 | s3b_ack_route_update(text,text)@database/014b_sprint3b_targeted_closure_corrections.sql:L131 | s3b_complete_foldback(text,text)@database/014b_sprint3b_targeted_closure_corrections.sql:L136 | s3b_follow_sign(text,text)@database/014b_sprint3b_targeted_closure_corrections.sql:L141 | s3b_submit_act4_choice(text,text,text)@database/014b_sprint3b_targeted_closure_corrections.sql:L147 | s3b_initialize_flow(text,text)@database/014b_sprint3b_targeted_closure_corrections.sql:L18 | s3b_ack_act1_opening(text,text)@database/014b_sprint3b_targeted_closure_corrections.sql:L83 | s3b_submit_act1_choice(text,text,text)@database/014b_sprint3b_targeted_closure_corrections.sql:L94 | s3b_submit_first_meeting(text,text,text)@database/017_sprint3c_override_act2_entry_correction.sql:L20 | s7_set_audit_private_debug(text,text,boolean)@database/043_sprint7_teacher_console.sql:L14 | s7_get_teacher_console(text,text)@database/044_sprint7_focused_level1_corrections.sql:L22 | s7_get_teacher_console(text,text)@database/044_sprint7_focused_level1_corrections.sql:L53 | s7_get_teacher_console(text,text)@database/044_sprint7_focused_level1_corrections.sql:L65 | s8_finalize(text,text,uuid,uuid)@database/049_sprint8_final_closure.sql:L156",STATIC_ACTIVE_FUNCTION_LAST_DEFINITION_CANDIDATES,NO_DEPLOYED_DATABASE_INSPECTION
F0114,game_runs#13,2,0,2,0,,32,21,11,0,"s2_submit_vote(text,text,uuid,integer,text)@database/013_sprint3b_discussion_authority_and_request_identity.sql:L291 | s2_open_discussion(text,text,text,integer,integer,boolean,boolean,jsonb,text,integer,integer,text,boolean)@database/013_sprint3b_discussion_authority_and_request_identity.sql:L61 | s3b_submit_library_code(text,text,uuid,text)@database/014_sprint3b_evidence_and_puzzle_integrity.sql:L386 | s3b_submit_post_inspection_route_vote(text,text,text)@database/014_sprint3b_evidence_and_puzzle_integrity.sql:L466 | s3b_apply_resolved_discussion_internal(uuid,uuid)@database/014a_sprint3b_inspect_reconnect_idempotency_fix.sql:L17 | s3b_complete_act1(text,text)@database/014b_sprint3b_targeted_closure_corrections.sql:L106 | s3b_grab(text,text)@database/014b_sprint3b_targeted_closure_corrections.sql:L121 | s3b_leave_start_room(text,text)@database/014b_sprint3b_targeted_closure_corrections.sql:L126 | s3b_ack_route_update(text,text)@database/014b_sprint3b_targeted_closure_corrections.sql:L131 | s3b_complete_foldback(text,text)@database/014b_sprint3b_targeted_closure_corrections.sql:L136 | s3b_follow_sign(text,text)@database/014b_sprint3b_targeted_closure_corrections.sql:L141 | s3b_submit_act4_choice(text,text,text)@database/014b_sprint3b_targeted_closure_corrections.sql:L147 | s3b_initialize_flow(text,text)@database/014b_sprint3b_targeted_closure_corrections.sql:L18 | s3b_ack_act1_opening(text,text)@database/014b_sprint3b_targeted_closure_corrections.sql:L83 | s3b_submit_act1_choice(text,text,text)@database/014b_sprint3b_targeted_closure_corrections.sql:L94 | s3b_log_formal_event_at_context(uuid,text,uuid,text,text,text,text,jsonb,text,boolean,uuid,uuid)@database/015_sprint3c_minimal_safe_teacher_override.sql:L46 | s2_log_event(uuid,text,uuid,text,uuid,jsonb)@database/016_sprint3c_level1_narrow_corrections.sql:L56 | s3b_submit_first_meeting(text,text,text)@database/017_sprint3c_override_act2_entry_correction.sql:L20 | s7_set_audit_private_debug(text,text,boolean)@database/043_sprint7_teacher_console.sql:L14 | s7_get_teacher_console(text,text)@database/044_sprint7_focused_level1_corrections.sql:L22 | s8_finalize(text,text,uuid,uuid)@database/049_sprint8_final_closure.sql:L156",STATIC_ACTIVE_FUNCTION_LAST_DEFINITION_CANDIDATES,NO_DEPLOYED_DATABASE_INSPECTION
F0115,game_runs#14,3,1,2,0,"s8_finalize(text,text,uuid,uuid)@database/049_sprint8_final_closure.sql:L169",44,22,22,0,"s2_submit_vote(text,text,uuid,integer,text)@database/013_sprint3b_discussion_authority_and_request_identity.sql:L291 | s2_open_discussion(text,text,text,integer,integer,boolean,boolean,jsonb,text,integer,integer,text,boolean)@database/013_sprint3b_discussion_authority_and_request_identity.sql:L61 | s3b_submit_library_code(text,text,uuid,text)@database/014_sprint3b_evidence_and_puzzle_integrity.sql:L386 | s3b_submit_post_inspection_route_vote(text,text,text)@database/014_sprint3b_evidence_and_puzzle_integrity.sql:L466 | s3b_apply_resolved_discussion_internal(uuid,uuid)@database/014a_sprint3b_inspect_reconnect_idempotency_fix.sql:L17 | s3b_complete_act1(text,text)@database/014b_sprint3b_targeted_closure_corrections.sql:L106 | s3b_grab(text,text)@database/014b_sprint3b_targeted_closure_corrections.sql:L121 | s3b_leave_start_room(text,text)@database/014b_sprint3b_targeted_closure_corrections.sql:L126 | s3b_ack_route_update(text,text)@database/014b_sprint3b_targeted_closure_corrections.sql:L131 | s3b_complete_foldback(text,text)@database/014b_sprint3b_targeted_closure_corrections.sql:L136 | s3b_follow_sign(text,text)@database/014b_sprint3b_targeted_closure_corrections.sql:L141 | s3b_submit_act4_choice(text,text,text)@database/014b_sprint3b_targeted_closure_corrections.sql:L147 | s3b_initialize_flow(text,text)@database/014b_sprint3b_targeted_closure_corrections.sql:L18 | s3b_ack_act1_opening(text,text)@database/014b_sprint3b_targeted_closure_corrections.sql:L83 | s3b_submit_act1_choice(text,text,text)@database/014b_sprint3b_targeted_closure_corrections.sql:L94 | s3b_submit_first_meeting(text,text,text)@database/017_sprint3c_override_act2_entry_correction.sql:L20 | s7_set_audit_private_debug(text,text,boolean)@database/043_sprint7_teacher_console.sql:L14 | s7_get_teacher_console(text,text)@database/044_sprint7_focused_level1_corrections.sql:L22 | s8_get_player_state(text,text)@database/048_sprint8_focused_level1_corrections.sql:L86 | s8_finalize(text,text,uuid,uuid)@database/049_sprint8_final_closure.sql:L156 | s8_latest_completed_run(text)@database/054_level3_integrated_closure.sql:L152 | s8_get_finalization_state(text,text)@database/054_level3_integrated_closure.sql:L165",STATIC_ACTIVE_FUNCTION_LAST_DEFINITION_CANDIDATES,NO_DEPLOYED_DATABASE_INSPECTION
F0116,game_runs#15,3,1,2,0,"s8_finalize(text,text,uuid,uuid)@database/049_sprint8_final_closure.sql:L169",41,22,19,0,"s2_submit_vote(text,text,uuid,integer,text)@database/013_sprint3b_discussion_authority_and_request_identity.sql:L291 | s2_open_discussion(text,text,text,integer,integer,boolean,boolean,jsonb,text,integer,integer,text,boolean)@database/013_sprint3b_discussion_authority_and_request_identity.sql:L61 | s3b_submit_library_code(text,text,uuid,text)@database/014_sprint3b_evidence_and_puzzle_integrity.sql:L386 | s3b_submit_post_inspection_route_vote(text,text,text)@database/014_sprint3b_evidence_and_puzzle_integrity.sql:L466 | s3b_apply_resolved_discussion_internal(uuid,uuid)@database/014a_sprint3b_inspect_reconnect_idempotency_fix.sql:L17 | s3b_complete_act1(text,text)@database/014b_sprint3b_targeted_closure_corrections.sql:L106 | s3b_grab(text,text)@database/014b_sprint3b_targeted_closure_corrections.sql:L121 | s3b_leave_start_room(text,text)@database/014b_sprint3b_targeted_closure_corrections.sql:L126 | s3b_ack_route_update(text,text)@database/014b_sprint3b_targeted_closure_corrections.sql:L131 | s3b_complete_foldback(text,text)@database/014b_sprint3b_targeted_closure_corrections.sql:L136 | s3b_follow_sign(text,text)@database/014b_sprint3b_targeted_closure_corrections.sql:L141 | s3b_submit_act4_choice(text,text,text)@database/014b_sprint3b_targeted_closure_corrections.sql:L147 | s3b_initialize_flow(text,text)@database/014b_sprint3b_targeted_closure_corrections.sql:L18 | s3b_ack_act1_opening(text,text)@database/014b_sprint3b_targeted_closure_corrections.sql:L83 | s3b_submit_act1_choice(text,text,text)@database/014b_sprint3b_targeted_closure_corrections.sql:L94 | s3b_submit_first_meeting(text,text,text)@database/017_sprint3c_override_act2_entry_correction.sql:L20 | s7_set_audit_private_debug(text,text,boolean)@database/043_sprint7_teacher_console.sql:L14 | s7_get_teacher_console(text,text)@database/044_sprint7_focused_level1_corrections.sql:L22 | s8_get_player_state(text,text)@database/048_sprint8_focused_level1_corrections.sql:L86 | s8_finalize(text,text,uuid,uuid)@database/049_sprint8_final_closure.sql:L156 | s8_latest_completed_run(text)@database/054_level3_integrated_closure.sql:L152 | s8_get_finalization_state(text,text)@database/054_level3_integrated_closure.sql:L165",STATIC_ACTIVE_FUNCTION_LAST_DEFINITION_CANDIDATES,NO_DEPLOYED_DATABASE_INSPECTION
F0117,game_runs#16,3,1,2,0,"s8_finalize(text,text,uuid,uuid)@database/049_sprint8_final_closure.sql:L169",45,23,22,0,"s2_submit_vote(text,text,uuid,integer,text)@database/013_sprint3b_discussion_authority_and_request_identity.sql:L291 | s2_open_discussion(text,text,text,integer,integer,boolean,boolean,jsonb,text,integer,integer,text,boolean)@database/013_sprint3b_discussion_authority_and_request_identity.sql:L61 | s3b_submit_library_code(text,text,uuid,text)@database/014_sprint3b_evidence_and_puzzle_integrity.sql:L386 | s3b_submit_post_inspection_route_vote(text,text,text)@database/014_sprint3b_evidence_and_puzzle_integrity.sql:L466 | s3b_apply_resolved_discussion_internal(uuid,uuid)@database/014a_sprint3b_inspect_reconnect_idempotency_fix.sql:L17 | s3b_complete_act1(text,text)@database/014b_sprint3b_targeted_closure_corrections.sql:L106 | s3b_grab(text,text)@database/014b_sprint3b_targeted_closure_corrections.sql:L121 | s3b_leave_start_room(text,text)@database/014b_sprint3b_targeted_closure_corrections.sql:L126 | s3b_ack_route_update(text,text)@database/014b_sprint3b_targeted_closure_corrections.sql:L131 | s3b_complete_foldback(text,text)@database/014b_sprint3b_targeted_closure_corrections.sql:L136 | s3b_follow_sign(text,text)@database/014b_sprint3b_targeted_closure_corrections.sql:L141 | s3b_submit_act4_choice(text,text,text)@database/014b_sprint3b_targeted_closure_corrections.sql:L147 | s3b_initialize_flow(text,text)@database/014b_sprint3b_targeted_closure_corrections.sql:L18 | s3b_ack_act1_opening(text,text)@database/014b_sprint3b_targeted_closure_corrections.sql:L83 | s3b_submit_act1_choice(text,text,text)@database/014b_sprint3b_targeted_closure_corrections.sql:L94 | s3b_submit_first_meeting(text,text,text)@database/017_sprint3c_override_act2_entry_correction.sql:L20 | s7_set_audit_private_debug(text,text,boolean)@database/043_sprint7_teacher_console.sql:L14 | s7_get_teacher_console(text,text)@database/044_sprint7_focused_level1_corrections.sql:L22 | s8_get_player_state(text,text)@database/048_sprint8_focused_level1_corrections.sql:L86 | s8_finalize(text,text,uuid,uuid)@database/049_sprint8_final_closure.sql:L156 | s8_latest_completed_run(text)@database/054_level3_integrated_closure.sql:L152 | s8_get_finalization_state(text,text)@database/054_level3_integrated_closure.sql:L164 | s8_get_finalization_state(text,text)@database/054_level3_integrated_closure.sql:L165",STATIC_ACTIVE_FUNCTION_LAST_DEFINITION_CANDIDATES,NO_DEPLOYED_DATABASE_INSPECTION
F0118,game_runs#17,3,1,2,0,"s8_finalize(text,text,uuid,uuid)@database/049_sprint8_final_closure.sql:L169",36,21,15,0,"s2_submit_vote(text,text,uuid,integer,text)@database/013_sprint3b_discussion_authority_and_request_identity.sql:L291 | s2_open_discussion(text,text,text,integer,integer,boolean,boolean,jsonb,text,integer,integer,text,boolean)@database/013_sprint3b_discussion_authority_and_request_identity.sql:L61 | s3b_submit_library_code(text,text,uuid,text)@database/014_sprint3b_evidence_and_puzzle_integrity.sql:L386 | s3b_submit_post_inspection_route_vote(text,text,text)@database/014_sprint3b_evidence_and_puzzle_integrity.sql:L466 | s3b_apply_resolved_discussion_internal(uuid,uuid)@database/014a_sprint3b_inspect_reconnect_idempotency_fix.sql:L17 | s3b_complete_act1(text,text)@database/014b_sprint3b_targeted_closure_corrections.sql:L106 | s3b_grab(text,text)@database/014b_sprint3b_targeted_closure_corrections.sql:L121 | s3b_leave_start_room(text,text)@database/014b_sprint3b_targeted_closure_corrections.sql:L126 | s3b_ack_route_update(text,text)@database/014b_sprint3b_targeted_closure_corrections.sql:L131 | s3b_complete_foldback(text,text)@database/014b_sprint3b_targeted_closure_corrections.sql:L136 | s3b_follow_sign(text,text)@database/014b_sprint3b_targeted_closure_corrections.sql:L141 | s3b_submit_act4_choice(text,text,text)@database/014b_sprint3b_targeted_closure_corrections.sql:L147 | s3b_initialize_flow(text,text)@database/014b_sprint3b_targeted_closure_corrections.sql:L18 | s3b_ack_act1_opening(text,text)@database/014b_sprint3b_targeted_closure_corrections.sql:L83 | s3b_submit_act1_choice(text,text,text)@database/014b_sprint3b_targeted_closure_corrections.sql:L94 | s3b_submit_first_meeting(text,text,text)@database/017_sprint3c_override_act2_entry_correction.sql:L20 | s7_set_audit_private_debug(text,text,boolean)@database/043_sprint7_teacher_console.sql:L14 | s7_get_teacher_console(text,text)@database/044_sprint7_focused_level1_corrections.sql:L22 | s8_finalize(text,text,uuid,uuid)@database/049_sprint8_final_closure.sql:L156 | s8_latest_completed_run(text)@database/054_level3_integrated_closure.sql:L154 | s8_get_finalization_state(text,text)@database/054_level3_integrated_closure.sql:L164",STATIC_ACTIVE_FUNCTION_LAST_DEFINITION_CANDIDATES,NO_DEPLOYED_DATABASE_INSPECTION
F0119,runtime_events#01,0,0,0,0,,6,0,6,0,,STATIC_ACTIVE_FUNCTION_LAST_DEFINITION_CANDIDATES,NO_DEPLOYED_DATABASE_INSPECTION
F0120,runtime_events#02,19,9,10,0,"s3b_log_formal_event(uuid,text,uuid,text,jsonb,text,boolean,uuid,uuid)@database/014_sprint3b_evidence_and_puzzle_integrity.sql:L154 | s3b_set_scene(uuid,text,text,text,text,text)@database/014_sprint3b_evidence_and_puzzle_integrity.sql:L214 | s3b_log_formal_event_at_context(uuid,text,uuid,text,text,text,text,jsonb,text,boolean,uuid,uuid)@database/015_sprint3c_minimal_safe_teacher_override.sql:L53 | s2_log_event(uuid,text,uuid,text,uuid,jsonb)@database/016_sprint3c_level1_narrow_corrections.sql:L65 | s7_set_audit_private_debug(text,text,boolean)@database/043_sprint7_teacher_console.sql:L19 | s5_teacher_open_vote(text,text)@database/045_sprint7_teacher_intervention_provenance.sql:L26 | s5_teacher_add_time(text,text,integer)@database/045_sprint7_teacher_intervention_provenance.sql:L32 | s7_mirror_teacher_discussion_event()@database/045_sprint7_teacher_intervention_provenance.sql:L8 | s8_finalize(text,text,uuid,uuid)@database/049_sprint8_final_closure.sql:L170",4,0,4,0,,STATIC_ACTIVE_FUNCTION_LAST_DEFINITION_CANDIDATES,NO_DEPLOYED_DATABASE_INSPECTION
F0121,runtime_events#03,19,9,10,0,"s3b_log_formal_event(uuid,text,uuid,text,jsonb,text,boolean,uuid,uuid)@database/014_sprint3b_evidence_and_puzzle_integrity.sql:L154 | s3b_set_scene(uuid,text,text,text,text,text)@database/014_sprint3b_evidence_and_puzzle_integrity.sql:L214 | s3b_log_formal_event_at_context(uuid,text,uuid,text,text,text,text,jsonb,text,boolean,uuid,uuid)@database/015_sprint3c_minimal_safe_teacher_override.sql:L53 | s2_log_event(uuid,text,uuid,text,uuid,jsonb)@database/016_sprint3c_level1_narrow_corrections.sql:L65 | s7_set_audit_private_debug(text,text,boolean)@database/043_sprint7_teacher_console.sql:L19 | s5_teacher_open_vote(text,text)@database/045_sprint7_teacher_intervention_provenance.sql:L26 | s5_teacher_add_time(text,text,integer)@database/045_sprint7_teacher_intervention_provenance.sql:L32 | s7_mirror_teacher_discussion_event()@database/045_sprint7_teacher_intervention_provenance.sql:L8 | s8_finalize(text,text,uuid,uuid)@database/049_sprint8_final_closure.sql:L170",0,0,0,0,,STATIC_ACTIVE_FUNCTION_LAST_DEFINITION_CANDIDATES,NO_DEPLOYED_DATABASE_INSPECTION
F0122,runtime_events#04,10,6,4,0,"s3b_log_formal_event(uuid,text,uuid,text,jsonb,text,boolean,uuid,uuid)@database/014_sprint3b_evidence_and_puzzle_integrity.sql:L154 | s3b_log_formal_event_at_context(uuid,text,uuid,text,text,text,text,jsonb,text,boolean,uuid,uuid)@database/015_sprint3c_minimal_safe_teacher_override.sql:L53 | s2_log_event(uuid,text,uuid,text,uuid,jsonb)@database/016_sprint3c_level1_narrow_corrections.sql:L65 | s5_teacher_open_vote(text,text)@database/045_sprint7_teacher_intervention_provenance.sql:L26 | s5_teacher_add_time(text,text,integer)@database/045_sprint7_teacher_intervention_provenance.sql:L32 | s7_mirror_teacher_discussion_event()@database/045_sprint7_teacher_intervention_provenance.sql:L8",3,0,3,0,,STATIC_ACTIVE_FUNCTION_LAST_DEFINITION_CANDIDATES,NO_DEPLOYED_DATABASE_INSPECTION
F0123,runtime_events#05,19,9,10,0,"s3b_log_formal_event(uuid,text,uuid,text,jsonb,text,boolean,uuid,uuid)@database/014_sprint3b_evidence_and_puzzle_integrity.sql:L154 | s3b_set_scene(uuid,text,text,text,text,text)@database/014_sprint3b_evidence_and_puzzle_integrity.sql:L214 | s3b_log_formal_event_at_context(uuid,text,uuid,text,text,text,text,jsonb,text,boolean,uuid,uuid)@database/015_sprint3c_minimal_safe_teacher_override.sql:L53 | s2_log_event(uuid,text,uuid,text,uuid,jsonb)@database/016_sprint3c_level1_narrow_corrections.sql:L65 | s7_set_audit_private_debug(text,text,boolean)@database/043_sprint7_teacher_console.sql:L19 | s5_teacher_open_vote(text,text)@database/045_sprint7_teacher_intervention_provenance.sql:L26 | s5_teacher_add_time(text,text,integer)@database/045_sprint7_teacher_intervention_provenance.sql:L32 | s7_mirror_teacher_discussion_event()@database/045_sprint7_teacher_intervention_provenance.sql:L8 | s8_finalize(text,text,uuid,uuid)@database/049_sprint8_final_closure.sql:L170",4,1,3,0,"teacher_apply_override(text,text,text,text)@database/057_teacher_override_event_scope_consistency.sql:L24",STATIC_ACTIVE_FUNCTION_LAST_DEFINITION_CANDIDATES,NO_DEPLOYED_DATABASE_INSPECTION
F0124,runtime_events#06,9,4,5,0,"s3b_log_formal_event(uuid,text,uuid,text,jsonb,text,boolean,uuid,uuid)@database/014_sprint3b_evidence_and_puzzle_integrity.sql:L154 | s3b_log_formal_event_at_context(uuid,text,uuid,text,text,text,text,jsonb,text,boolean,uuid,uuid)@database/015_sprint3c_minimal_safe_teacher_override.sql:L53 | s2_log_event(uuid,text,uuid,text,uuid,jsonb)@database/016_sprint3c_level1_narrow_corrections.sql:L65 | s8_finalize(text,text,uuid,uuid)@database/049_sprint8_final_closure.sql:L170",1,0,1,0,,STATIC_ACTIVE_FUNCTION_LAST_DEFINITION_CANDIDATES,NO_DEPLOYED_DATABASE_INSPECTION
F0125,runtime_events#07,20,10,10,0,"s3b_log_formal_event(uuid,text,uuid,text,jsonb,text,boolean,uuid,uuid)@database/014_sprint3b_evidence_and_puzzle_integrity.sql:L154 | s3b_set_scene(uuid,text,text,text,text,text)@database/014_sprint3b_evidence_and_puzzle_integrity.sql:L214 | s3b_log_formal_event_at_context(uuid,text,uuid,text,text,text,text,jsonb,text,boolean,uuid,uuid)@database/015_sprint3c_minimal_safe_teacher_override.sql:L53 | s2_log_event(uuid,text,uuid,text,uuid,jsonb)@database/016_sprint3c_level1_narrow_corrections.sql:L65 | s7_set_audit_private_debug(text,text,boolean)@database/043_sprint7_teacher_console.sql:L19 | s5_teacher_open_vote(text,text)@database/045_sprint7_teacher_intervention_provenance.sql:L26 | s5_teacher_add_time(text,text,integer)@database/045_sprint7_teacher_intervention_provenance.sql:L32 | s7_mirror_teacher_discussion_event()@database/045_sprint7_teacher_intervention_provenance.sql:L8 | s8_finalize(text,text,uuid,uuid)@database/049_sprint8_final_closure.sql:L170 | teacher_apply_override(text,text,text,text)@database/057_teacher_override_event_scope_consistency.sql:L23",4,1,3,0,"teacher_apply_override(text,text,text,text)@database/057_teacher_override_event_scope_consistency.sql:L23",STATIC_ACTIVE_FUNCTION_LAST_DEFINITION_CANDIDATES,NO_DEPLOYED_DATABASE_INSPECTION
F0126,runtime_events#08,0,0,0,0,,6,0,6,0,,STATIC_ACTIVE_FUNCTION_LAST_DEFINITION_CANDIDATES,NO_DEPLOYED_DATABASE_INSPECTION
F0127,runtime_events#09,19,9,10,0,"s3b_log_formal_event(uuid,text,uuid,text,jsonb,text,boolean,uuid,uuid)@database/014_sprint3b_evidence_and_puzzle_integrity.sql:L154 | s3b_set_scene(uuid,text,text,text,text,text)@database/014_sprint3b_evidence_and_puzzle_integrity.sql:L214 | s3b_log_formal_event_at_context(uuid,text,uuid,text,text,text,text,jsonb,text,boolean,uuid,uuid)@database/015_sprint3c_minimal_safe_teacher_override.sql:L53 | s2_log_event(uuid,text,uuid,text,uuid,jsonb)@database/016_sprint3c_level1_narrow_corrections.sql:L65 | s7_set_audit_private_debug(text,text,boolean)@database/043_sprint7_teacher_console.sql:L19 | s5_teacher_open_vote(text,text)@database/045_sprint7_teacher_intervention_provenance.sql:L26 | s5_teacher_add_time(text,text,integer)@database/045_sprint7_teacher_intervention_provenance.sql:L32 | s7_mirror_teacher_discussion_event()@database/045_sprint7_teacher_intervention_provenance.sql:L8 | s8_finalize(text,text,uuid,uuid)@database/049_sprint8_final_closure.sql:L170",1,0,1,0,,STATIC_ACTIVE_FUNCTION_LAST_DEFINITION_CANDIDATES,NO_DEPLOYED_DATABASE_INSPECTION
F0128,runtime_events#10,19,9,10,0,"s3b_log_formal_event(uuid,text,uuid,text,jsonb,text,boolean,uuid,uuid)@database/014_sprint3b_evidence_and_puzzle_integrity.sql:L154 | s3b_set_scene(uuid,text,text,text,text,text)@database/014_sprint3b_evidence_and_puzzle_integrity.sql:L214 | s3b_log_formal_event_at_context(uuid,text,uuid,text,text,text,text,jsonb,text,boolean,uuid,uuid)@database/015_sprint3c_minimal_safe_teacher_override.sql:L53 | s2_log_event(uuid,text,uuid,text,uuid,jsonb)@database/016_sprint3c_level1_narrow_corrections.sql:L65 | s7_set_audit_private_debug(text,text,boolean)@database/043_sprint7_teacher_console.sql:L19 | s5_teacher_open_vote(text,text)@database/045_sprint7_teacher_intervention_provenance.sql:L26 | s5_teacher_add_time(text,text,integer)@database/045_sprint7_teacher_intervention_provenance.sql:L32 | s7_mirror_teacher_discussion_event()@database/045_sprint7_teacher_intervention_provenance.sql:L8 | s8_finalize(text,text,uuid,uuid)@database/049_sprint8_final_closure.sql:L170",2,0,2,0,,STATIC_ACTIVE_FUNCTION_LAST_DEFINITION_CANDIDATES,NO_DEPLOYED_DATABASE_INSPECTION
F0129,runtime_events#11,19,9,10,0,"s3b_log_formal_event(uuid,text,uuid,text,jsonb,text,boolean,uuid,uuid)@database/014_sprint3b_evidence_and_puzzle_integrity.sql:L154 | s3b_set_scene(uuid,text,text,text,text,text)@database/014_sprint3b_evidence_and_puzzle_integrity.sql:L214 | s3b_log_formal_event_at_context(uuid,text,uuid,text,text,text,text,jsonb,text,boolean,uuid,uuid)@database/015_sprint3c_minimal_safe_teacher_override.sql:L53 | s2_log_event(uuid,text,uuid,text,uuid,jsonb)@database/016_sprint3c_level1_narrow_corrections.sql:L65 | s7_set_audit_private_debug(text,text,boolean)@database/043_sprint7_teacher_console.sql:L19 | s5_teacher_open_vote(text,text)@database/045_sprint7_teacher_intervention_provenance.sql:L26 | s5_teacher_add_time(text,text,integer)@database/045_sprint7_teacher_intervention_provenance.sql:L32 | s7_mirror_teacher_discussion_event()@database/045_sprint7_teacher_intervention_provenance.sql:L8 | s8_finalize(text,text,uuid,uuid)@database/049_sprint8_final_closure.sql:L170",1,0,1,0,,STATIC_ACTIVE_FUNCTION_LAST_DEFINITION_CANDIDATES,NO_DEPLOYED_DATABASE_INSPECTION
F0130,runtime_events#12,20,9,11,0,"s3b_log_formal_event(uuid,text,uuid,text,jsonb,text,boolean,uuid,uuid)@database/014_sprint3b_evidence_and_puzzle_integrity.sql:L154 | s3b_set_scene(uuid,text,text,text,text,text)@database/014_sprint3b_evidence_and_puzzle_integrity.sql:L214 | s3b_log_formal_event_at_context(uuid,text,uuid,text,text,text,text,jsonb,text,boolean,uuid,uuid)@database/015_sprint3c_minimal_safe_teacher_override.sql:L53 | s2_log_event(uuid,text,uuid,text,uuid,jsonb)@database/016_sprint3c_level1_narrow_corrections.sql:L65 | s7_set_audit_private_debug(text,text,boolean)@database/043_sprint7_teacher_console.sql:L19 | s5_teacher_open_vote(text,text)@database/045_sprint7_teacher_intervention_provenance.sql:L26 | s5_teacher_add_time(text,text,integer)@database/045_sprint7_teacher_intervention_provenance.sql:L32 | s7_mirror_teacher_discussion_event()@database/045_sprint7_teacher_intervention_provenance.sql:L8 | s8_finalize(text,text,uuid,uuid)@database/049_sprint8_final_closure.sql:L170",1,0,1,0,,STATIC_ACTIVE_FUNCTION_LAST_DEFINITION_CANDIDATES,NO_DEPLOYED_DATABASE_INSPECTION
F0131,runtime_events#13,20,9,11,0,"s3b_log_formal_event(uuid,text,uuid,text,jsonb,text,boolean,uuid,uuid)@database/014_sprint3b_evidence_and_puzzle_integrity.sql:L154 | s3b_set_scene(uuid,text,text,text,text,text)@database/014_sprint3b_evidence_and_puzzle_integrity.sql:L214 | s3b_log_formal_event_at_context(uuid,text,uuid,text,text,text,text,jsonb,text,boolean,uuid,uuid)@database/015_sprint3c_minimal_safe_teacher_override.sql:L53 | s2_log_event(uuid,text,uuid,text,uuid,jsonb)@database/016_sprint3c_level1_narrow_corrections.sql:L65 | s7_set_audit_private_debug(text,text,boolean)@database/043_sprint7_teacher_console.sql:L19 | s5_teacher_open_vote(text,text)@database/045_sprint7_teacher_intervention_provenance.sql:L26 | s5_teacher_add_time(text,text,integer)@database/045_sprint7_teacher_intervention_provenance.sql:L32 | s7_mirror_teacher_discussion_event()@database/045_sprint7_teacher_intervention_provenance.sql:L8 | s8_finalize(text,text,uuid,uuid)@database/049_sprint8_final_closure.sql:L170",2,0,2,0,,STATIC_ACTIVE_FUNCTION_LAST_DEFINITION_CANDIDATES,NO_DEPLOYED_DATABASE_INSPECTION
F0132,runtime_events#14,19,9,10,0,"s3b_log_formal_event(uuid,text,uuid,text,jsonb,text,boolean,uuid,uuid)@database/014_sprint3b_evidence_and_puzzle_integrity.sql:L154 | s3b_set_scene(uuid,text,text,text,text,text)@database/014_sprint3b_evidence_and_puzzle_integrity.sql:L214 | s3b_log_formal_event_at_context(uuid,text,uuid,text,text,text,text,jsonb,text,boolean,uuid,uuid)@database/015_sprint3c_minimal_safe_teacher_override.sql:L53 | s2_log_event(uuid,text,uuid,text,uuid,jsonb)@database/016_sprint3c_level1_narrow_corrections.sql:L65 | s7_set_audit_private_debug(text,text,boolean)@database/043_sprint7_teacher_console.sql:L19 | s5_teacher_open_vote(text,text)@database/045_sprint7_teacher_intervention_provenance.sql:L26 | s5_teacher_add_time(text,text,integer)@database/045_sprint7_teacher_intervention_provenance.sql:L32 | s7_mirror_teacher_discussion_event()@database/045_sprint7_teacher_intervention_provenance.sql:L8 | s8_finalize(text,text,uuid,uuid)@database/049_sprint8_final_closure.sql:L170",1,0,1,0,,STATIC_ACTIVE_FUNCTION_LAST_DEFINITION_CANDIDATES,NO_DEPLOYED_DATABASE_INSPECTION
F0133,runtime_events#15,14,6,8,0,"s3b_log_formal_event(uuid,text,uuid,text,jsonb,text,boolean,uuid,uuid)@database/014_sprint3b_evidence_and_puzzle_integrity.sql:L154 | s3b_log_formal_event_at_context(uuid,text,uuid,text,text,text,text,jsonb,text,boolean,uuid,uuid)@database/015_sprint3c_minimal_safe_teacher_override.sql:L53 | s2_log_event(uuid,text,uuid,text,uuid,jsonb)@database/016_sprint3c_level1_narrow_corrections.sql:L65 | s5_teacher_open_vote(text,text)@database/045_sprint7_teacher_intervention_provenance.sql:L26 | s5_teacher_add_time(text,text,integer)@database/045_sprint7_teacher_intervention_provenance.sql:L32 | s7_mirror_teacher_discussion_event()@database/045_sprint7_teacher_intervention_provenance.sql:L8",2,1,1,0,"teacher_apply_override(text,text,text,text)@database/057_teacher_override_event_scope_consistency.sql:L24",STATIC_ACTIVE_FUNCTION_LAST_DEFINITION_CANDIDATES,NO_DEPLOYED_DATABASE_INSPECTION
F0134,runtime_events#16,8,4,4,0,"s3b_log_formal_event(uuid,text,uuid,text,jsonb,text,boolean,uuid,uuid)@database/014_sprint3b_evidence_and_puzzle_integrity.sql:L154 | s3b_log_formal_event_at_context(uuid,text,uuid,text,text,text,text,jsonb,text,boolean,uuid,uuid)@database/015_sprint3c_minimal_safe_teacher_override.sql:L53 | s2_log_event(uuid,text,uuid,text,uuid,jsonb)@database/016_sprint3c_level1_narrow_corrections.sql:L65 | s8_finalize(text,text,uuid,uuid)@database/049_sprint8_final_closure.sql:L170",1,0,1,0,,STATIC_ACTIVE_FUNCTION_LAST_DEFINITION_CANDIDATES,NO_DEPLOYED_DATABASE_INSPECTION
F0135,runtime_player_decisions#01,0,0,0,0,,7,1,6,0,"s2_submit_vote(text,text,uuid,integer,text)@database/013_sprint3b_discussion_authority_and_request_identity.sql:L314",STATIC_ACTIVE_FUNCTION_LAST_DEFINITION_CANDIDATES,NO_DEPLOYED_DATABASE_INSPECTION
F0136,runtime_player_decisions#02,4,2,2,0,"s2_submit_vote(text,text,text)@database/004_sprint2_fallback_resolution_semantics.sql:L55 | s2_submit_vote(text,text,uuid,integer,text)@database/013_sprint3b_discussion_authority_and_request_identity.sql:L327",7,1,6,0,"s2_submit_vote(text,text,uuid,integer,text)@database/013_sprint3b_discussion_authority_and_request_identity.sql:L314",STATIC_ACTIVE_FUNCTION_LAST_DEFINITION_CANDIDATES,NO_DEPLOYED_DATABASE_INSPECTION
F0137,runtime_player_decisions#03,4,2,2,0,"s2_submit_vote(text,text,text)@database/004_sprint2_fallback_resolution_semantics.sql:L55 | s2_submit_vote(text,text,uuid,integer,text)@database/013_sprint3b_discussion_authority_and_request_identity.sql:L327",15,4,11,0,"s2_get_player_state(text,text)@database/003_sprint2_discussionroom_audit_fix.sql:L409 | s2_get_player_state(text,text)@database/003_sprint2_discussionroom_audit_fix.sql:L424 | s2_get_player_state(text,text)@database/003_sprint2_discussionroom_audit_fix.sql:L459 | s2_submit_vote(text,text,uuid,integer,text)@database/013_sprint3b_discussion_authority_and_request_identity.sql:L314",STATIC_ACTIVE_FUNCTION_LAST_DEFINITION_CANDIDATES,NO_DEPLOYED_DATABASE_INSPECTION
F0138,runtime_player_decisions#04,4,2,2,0,"s2_submit_vote(text,text,text)@database/004_sprint2_fallback_resolution_semantics.sql:L55 | s2_submit_vote(text,text,uuid,integer,text)@database/013_sprint3b_discussion_authority_and_request_identity.sql:L327",4,2,2,0,"s2_get_player_state(text,text)@database/003_sprint2_discussionroom_audit_fix.sql:L441 | s2_submit_vote(text,text,uuid,integer,text)@database/013_sprint3b_discussion_authority_and_request_identity.sql:L314",STATIC_ACTIVE_FUNCTION_LAST_DEFINITION_CANDIDATES,NO_DEPLOYED_DATABASE_INSPECTION
F0139,runtime_player_decisions#05,4,2,2,0,"s2_submit_vote(text,text,text)@database/004_sprint2_fallback_resolution_semantics.sql:L55 | s2_submit_vote(text,text,uuid,integer,text)@database/013_sprint3b_discussion_authority_and_request_identity.sql:L327",2,1,1,0,"s2_submit_vote(text,text,uuid,integer,text)@database/013_sprint3b_discussion_authority_and_request_identity.sql:L314",STATIC_ACTIVE_FUNCTION_LAST_DEFINITION_CANDIDATES,NO_DEPLOYED_DATABASE_INSPECTION
F0140,runtime_player_decisions#06,4,2,2,0,"s2_submit_vote(text,text,text)@database/004_sprint2_fallback_resolution_semantics.sql:L55 | s2_submit_vote(text,text,uuid,integer,text)@database/013_sprint3b_discussion_authority_and_request_identity.sql:L327",1,1,0,0,"s2_submit_vote(text,text,uuid,integer,text)@database/013_sprint3b_discussion_authority_and_request_identity.sql:L314",STATIC_ACTIVE_FUNCTION_LAST_DEFINITION_CANDIDATES,NO_DEPLOYED_DATABASE_INSPECTION
F0141,runtime_player_decisions#07,4,2,2,0,"s2_submit_vote(text,text,text)@database/004_sprint2_fallback_resolution_semantics.sql:L55 | s2_submit_vote(text,text,uuid,integer,text)@database/013_sprint3b_discussion_authority_and_request_identity.sql:L327",2,1,1,0,"s2_submit_vote(text,text,uuid,integer,text)@database/013_sprint3b_discussion_authority_and_request_identity.sql:L314",STATIC_ACTIVE_FUNCTION_LAST_DEFINITION_CANDIDATES,NO_DEPLOYED_DATABASE_INSPECTION
F0142,runtime_player_decisions#08,4,2,2,0,"s2_submit_vote(text,text,text)@database/004_sprint2_fallback_resolution_semantics.sql:L55 | s2_submit_vote(text,text,uuid,integer,text)@database/013_sprint3b_discussion_authority_and_request_identity.sql:L327",16,5,11,0,"s2_get_player_state(text,text)@database/003_sprint2_discussionroom_audit_fix.sql:L410 | s2_get_player_state(text,text)@database/003_sprint2_discussionroom_audit_fix.sql:L423 | s2_get_player_state(text,text)@database/003_sprint2_discussionroom_audit_fix.sql:L438 | s2_get_player_state(text,text)@database/003_sprint2_discussionroom_audit_fix.sql:L458 | s2_submit_vote(text,text,uuid,integer,text)@database/013_sprint3b_discussion_authority_and_request_identity.sql:L314",STATIC_ACTIVE_FUNCTION_LAST_DEFINITION_CANDIDATES,NO_DEPLOYED_DATABASE_INSPECTION
F0143,runtime_player_decisions#09,4,2,2,0,"s2_submit_vote(text,text,text)@database/004_sprint2_fallback_resolution_semantics.sql:L55 | s2_submit_vote(text,text,uuid,integer,text)@database/013_sprint3b_discussion_authority_and_request_identity.sql:L327",11,5,6,0,"s2_get_player_state(text,text)@database/003_sprint2_discussionroom_audit_fix.sql:L411 | s2_get_player_state(text,text)@database/003_sprint2_discussionroom_audit_fix.sql:L425 | s2_get_player_state(text,text)@database/003_sprint2_discussionroom_audit_fix.sql:L442 | s2_get_player_state(text,text)@database/003_sprint2_discussionroom_audit_fix.sql:L460 | s2_submit_vote(text,text,uuid,integer,text)@database/013_sprint3b_discussion_authority_and_request_identity.sql:L314",STATIC_ACTIVE_FUNCTION_LAST_DEFINITION_CANDIDATES,NO_DEPLOYED_DATABASE_INSPECTION
F0144,runtime_player_decisions#10,4,2,2,0,"s2_submit_vote(text,text,text)@database/004_sprint2_fallback_resolution_semantics.sql:L55 | s2_submit_vote(text,text,uuid,integer,text)@database/013_sprint3b_discussion_authority_and_request_identity.sql:L327",13,7,6,0,"s2_get_player_state(text,text)@database/003_sprint2_discussionroom_audit_fix.sql:L404 | s2_get_player_state(text,text)@database/003_sprint2_discussionroom_audit_fix.sql:L417 | s2_get_player_state(text,text)@database/003_sprint2_discussionroom_audit_fix.sql:L432 | s2_get_player_state(text,text)@database/003_sprint2_discussionroom_audit_fix.sql:L454 | s2_submit_vote(text,text,uuid,integer,text)@database/013_sprint3b_discussion_authority_and_request_identity.sql:L314 | s2_submit_vote(text,text,uuid,integer,text)@database/013_sprint3b_discussion_authority_and_request_identity.sql:L318 | s2_submit_vote(text,text,uuid,integer,text)@database/013_sprint3b_discussion_authority_and_request_identity.sql:L322",STATIC_ACTIVE_FUNCTION_LAST_DEFINITION_CANDIDATES,NO_DEPLOYED_DATABASE_INSPECTION
F0145,runtime_player_decisions#11,4,2,2,0,"s2_submit_vote(text,text,text)@database/004_sprint2_fallback_resolution_semantics.sql:L55 | s2_submit_vote(text,text,uuid,integer,text)@database/013_sprint3b_discussion_authority_and_request_identity.sql:L327",11,5,6,0,"s2_get_player_state(text,text)@database/003_sprint2_discussionroom_audit_fix.sql:L405 | s2_get_player_state(text,text)@database/003_sprint2_discussionroom_audit_fix.sql:L418 | s2_get_player_state(text,text)@database/003_sprint2_discussionroom_audit_fix.sql:L433 | s2_get_player_state(text,text)@database/003_sprint2_discussionroom_audit_fix.sql:L455 | s2_submit_vote(text,text,uuid,integer,text)@database/013_sprint3b_discussion_authority_and_request_identity.sql:L314",STATIC_ACTIVE_FUNCTION_LAST_DEFINITION_CANDIDATES,NO_DEPLOYED_DATABASE_INSPECTION
F0146,runtime_player_decisions#12,0,0,0,0,,11,4,7,0,"s2_get_player_state(text,text)@database/003_sprint2_discussionroom_audit_fix.sql:L406 | s2_get_player_state(text,text)@database/003_sprint2_discussionroom_audit_fix.sql:L419 | s2_get_player_state(text,text)@database/003_sprint2_discussionroom_audit_fix.sql:L434 | s2_submit_vote(text,text,uuid,integer,text)@database/013_sprint3b_discussion_authority_and_request_identity.sql:L314",STATIC_ACTIVE_FUNCTION_LAST_DEFINITION_CANDIDATES,NO_DEPLOYED_DATABASE_INSPECTION
F0147,runtime_player_decisions#13,0,0,0,0,,1,1,0,0,"s2_submit_vote(text,text,uuid,integer,text)@database/013_sprint3b_discussion_authority_and_request_identity.sql:L314",STATIC_ACTIVE_FUNCTION_LAST_DEFINITION_CANDIDATES,NO_DEPLOYED_DATABASE_INSPECTION
F0148,runtime_player_decisions#14,0,0,0,0,,1,1,0,0,"s2_submit_vote(text,text,uuid,integer,text)@database/013_sprint3b_discussion_authority_and_request_identity.sql:L314",STATIC_ACTIVE_FUNCTION_LAST_DEFINITION_CANDIDATES,NO_DEPLOYED_DATABASE_INSPECTION
F0149,s1_game_events#01,0,0,0,0,,0,0,0,0,,STATIC_ACTIVE_FUNCTION_LAST_DEFINITION_CANDIDATES,NO_DEPLOYED_DATABASE_INSPECTION
F0150,s1_game_events#02,7,7,0,0,"s1_create_room(text,text,text,text,text)@database/001_sprint1_core.sql:L190 | s1_join_player(text,text)@database/001_sprint1_core.sql:L233 | s1_submit_private_choice(text,text,text,text)@database/001_sprint1_core.sql:L384 | s1_submit_private_choice(text,text,text,text)@database/001_sprint1_core.sql:L400 | s1_advance_scene(text,text)@database/001_sprint1_core.sql:L512 | s1_release_player_session(text,text,text)@database/001_sprint1_core.sql:L552 | s1_reset_room(text,text)@database/001_sprint1_core.sql:L577",0,0,0,0,,STATIC_ACTIVE_FUNCTION_LAST_DEFINITION_CANDIDATES,NO_DEPLOYED_DATABASE_INSPECTION
F0151,s1_game_events#03,7,7,0,0,"s1_create_room(text,text,text,text,text)@database/001_sprint1_core.sql:L190 | s1_join_player(text,text)@database/001_sprint1_core.sql:L233 | s1_submit_private_choice(text,text,text,text)@database/001_sprint1_core.sql:L384 | s1_submit_private_choice(text,text,text,text)@database/001_sprint1_core.sql:L400 | s1_advance_scene(text,text)@database/001_sprint1_core.sql:L512 | s1_release_player_session(text,text,text)@database/001_sprint1_core.sql:L552 | s1_reset_room(text,text)@database/001_sprint1_core.sql:L577",0,0,0,0,,STATIC_ACTIVE_FUNCTION_LAST_DEFINITION_CANDIDATES,NO_DEPLOYED_DATABASE_INSPECTION
F0152,s1_game_events#04,3,3,0,0,"s1_join_player(text,text)@database/001_sprint1_core.sql:L233 | s1_submit_private_choice(text,text,text,text)@database/001_sprint1_core.sql:L384 | s1_release_player_session(text,text,text)@database/001_sprint1_core.sql:L552",0,0,0,0,,STATIC_ACTIVE_FUNCTION_LAST_DEFINITION_CANDIDATES,NO_DEPLOYED_DATABASE_INSPECTION
F0153,s1_game_events#05,7,7,0,0,"s1_create_room(text,text,text,text,text)@database/001_sprint1_core.sql:L190 | s1_join_player(text,text)@database/001_sprint1_core.sql:L233 | s1_submit_private_choice(text,text,text,text)@database/001_sprint1_core.sql:L384 | s1_submit_private_choice(text,text,text,text)@database/001_sprint1_core.sql:L400 | s1_advance_scene(text,text)@database/001_sprint1_core.sql:L512 | s1_release_player_session(text,text,text)@database/001_sprint1_core.sql:L552 | s1_reset_room(text,text)@database/001_sprint1_core.sql:L577",0,0,0,0,,STATIC_ACTIVE_FUNCTION_LAST_DEFINITION_CANDIDATES,NO_DEPLOYED_DATABASE_INSPECTION
F0154,s1_game_events#06,0,0,0,0,,0,0,0,0,,STATIC_ACTIVE_FUNCTION_LAST_DEFINITION_CANDIDATES,NO_DEPLOYED_DATABASE_INSPECTION
F0155,s1_player_decisions#01,0,0,0,0,,1,1,0,0,"s1_get_player_state(text,text)@database/001_sprint1_core.sql:L301",STATIC_ACTIVE_FUNCTION_LAST_DEFINITION_CANDIDATES,NO_DEPLOYED_DATABASE_INSPECTION
F0156,s1_player_decisions#02,1,1,0,0,"s1_submit_private_choice(text,text,text,text)@database/001_sprint1_core.sql:L381",3,3,0,0,"s1_get_player_state(text,text)@database/001_sprint1_core.sql:L301 | s1_get_player_state(text,text)@database/001_sprint1_core.sql:L304 | s1_get_player_state(text,text)@database/001_sprint1_core.sql:L321",STATIC_ACTIVE_FUNCTION_LAST_DEFINITION_CANDIDATES,NO_DEPLOYED_DATABASE_INSPECTION
F0157,s1_player_decisions#03,1,1,0,0,"s1_submit_private_choice(text,text,text,text)@database/001_sprint1_core.sql:L381",3,3,0,0,"s1_get_player_state(text,text)@database/001_sprint1_core.sql:L301 | s1_get_player_state(text,text)@database/001_sprint1_core.sql:L305 | s1_get_player_state(text,text)@database/001_sprint1_core.sql:L322",STATIC_ACTIVE_FUNCTION_LAST_DEFINITION_CANDIDATES,NO_DEPLOYED_DATABASE_INSPECTION
F0158,s1_player_decisions#04,1,1,0,0,"s1_submit_private_choice(text,text,text,text)@database/001_sprint1_core.sql:L381",3,3,0,0,"s1_get_player_state(text,text)@database/001_sprint1_core.sql:L301 | s1_get_player_state(text,text)@database/001_sprint1_core.sql:L306 | s1_get_player_state(text,text)@database/001_sprint1_core.sql:L320",STATIC_ACTIVE_FUNCTION_LAST_DEFINITION_CANDIDATES,NO_DEPLOYED_DATABASE_INSPECTION
F0159,s1_player_decisions#05,1,1,0,0,"s1_submit_private_choice(text,text,text,text)@database/001_sprint1_core.sql:L381",3,3,0,0,"s1_get_player_state(text,text)@database/001_sprint1_core.sql:L301 | s1_get_player_state(text,text)@database/001_sprint1_core.sql:L307 | s1_get_player_state(text,text)@database/001_sprint1_core.sql:L323",STATIC_ACTIVE_FUNCTION_LAST_DEFINITION_CANDIDATES,NO_DEPLOYED_DATABASE_INSPECTION
F0160,s1_player_decisions#06,1,1,0,0,"s1_submit_private_choice(text,text,text,text)@database/001_sprint1_core.sql:L381",2,2,0,0,"s1_get_player_state(text,text)@database/001_sprint1_core.sql:L301 | s1_get_player_state(text,text)@database/001_sprint1_core.sql:L314",STATIC_ACTIVE_FUNCTION_LAST_DEFINITION_CANDIDATES,NO_DEPLOYED_DATABASE_INSPECTION
F0161,s1_player_decisions#07,1,1,0,0,"s1_submit_private_choice(text,text,text,text)@database/001_sprint1_core.sql:L381",2,2,0,0,"s1_get_player_state(text,text)@database/001_sprint1_core.sql:L301 | s1_get_player_state(text,text)@database/001_sprint1_core.sql:L315",STATIC_ACTIVE_FUNCTION_LAST_DEFINITION_CANDIDATES,NO_DEPLOYED_DATABASE_INSPECTION
F0162,s1_player_decisions#08,0,0,0,0,,2,2,0,0,"s1_get_player_state(text,text)@database/001_sprint1_core.sql:L301 | s1_get_player_state(text,text)@database/001_sprint1_core.sql:L316",STATIC_ACTIVE_FUNCTION_LAST_DEFINITION_CANDIDATES,NO_DEPLOYED_DATABASE_INSPECTION
F0163,s1_room_players#01,0,0,0,0,,280,139,141,0,"s1_join_player(text,text)@database/001_sprint1_core.sql:L212 | s1_join_player(text,text)@database/001_sprint1_core.sql:L231 | s1_join_player(text,text)@database/001_sprint1_core.sql:L234 | s1_join_player(text,text)@database/001_sprint1_core.sql:L238 | s1_get_player_by_session(text,text)@database/001_sprint1_core.sql:L255 | s1_get_player_by_session(text,text)@database/001_sprint1_core.sql:L267 | s1_get_player_state(text,text)@database/001_sprint1_core.sql:L306 | s1_get_player_state(text,text)@database/001_sprint1_core.sql:L311 | s1_get_player_state(text,text)@database/001_sprint1_core.sql:L320 | s1_get_player_state(text,text)@database/001_sprint1_core.sql:L328 | s1_submit_private_choice(text,text,text,text)@database/001_sprint1_core.sql:L382 | s1_submit_private_choice(text,text,text,text)@database/001_sprint1_core.sql:L385 | s2_send_message(text,text,text)@database/002_runtime_runs_discussion.sql:L591 | s2_send_message(text,text,text)@database/002_runtime_runs_discussion.sql:L596 | s2_get_player_state(text,text)@database/003_sprint2_discussionroom_audit_fix.sql:L394 | s2_get_player_state(text,text)@database/003_sprint2_discussionroom_audit_fix.sql:L410 | s2_get_player_state(text,text)@database/003_sprint2_discussionroom_audit_fix.sql:L423 | s2_get_player_state(text,text)@database/003_sprint2_discussionroom_audit_fix.sql:L438 | s2_get_player_state(text,text)@database/003_sprint2_discussionroom_audit_fix.sql:L458 | s2_get_player_state(text,text)@database/003_sprint2_discussionroom_audit_fix.sql:L478 | s2_submit_vote(text,text,text)@database/004_sprint2_fallback_resolution_semantics.sql:L61 | s2_submit_vote(text,text,text)@database/004_sprint2_fallback_resolution_semantics.sql:L66 | s3b_get_my_facts(text,text)@database/009_sprint3b_act1_consequence_integrity.sql:L76 | s2_send_message(text,text,uuid,integer,uuid,text)@database/013_sprint3b_discussion_authority_and_request_identity.sql:L224 | s2_send_message(text,text,uuid,integer,uuid,text)@database/013_sprint3b_discussion_authority_and_request_identity.sql:L251 | s2_send_message(text,text,uuid,integer,uuid,text)@database/013_sprint3b_discussion_authority_and_request_identity.sql:L256 | s2_submit_vote(text,text,uuid,integer,text)@database/013_sprint3b_discussion_authority_and_request_identity.sql:L316 | s2_submit_vote(text,text,uuid,integer,text)@database/013_sprint3b_discussion_authority_and_request_identity.sql:L333 | s2_submit_vote(text,text,uuid,integer,text)@database/013_sprint3b_discussion_authority_and_request_identity.sql:L337 | s3b_submit_library_code(text,text,uuid,text)@database/014_sprint3b_evidence_and_puzzle_integrity.sql:L390 | s3b_submit_library_code(text,text,uuid,text)@database/014_sprint3b_evidence_and_puzzle_integrity.sql:L426 | s3b_submit_library_code(text,text,uuid,text)@database/014_sprint3b_evidence_and_puzzle_integrity.sql:L428 | s3b_submit_library_code(text,text,uuid,text)@database/014_sprint3b_evidence_and_puzzle_integrity.sql:L441 | s3b_submit_post_inspection_route_vote(text,text,text)@database/014_sprint3b_evidence_and_puzzle_integrity.sql:L471 | s3b_submit_post_inspection_route_vote(text,text,text)@database/014_sprint3b_evidence_and_puzzle_integrity.sql:L489 | s3b_submit_post_inspection_route_vote(text,text,text)@database/014_sprint3b_evidence_and_puzzle_integrity.sql:L491 | s3_share_photo(text,text,text,text,text)@database/014_sprint3b_evidence_and_puzzle_integrity.sql:L547 | s3_share_photo(text,text,text,text,text)@database/014_sprint3b_evidence_and_puzzle_integrity.sql:L551 | s3_share_photo(text,text,text,text,text)@database/014_sprint3b_evidence_and_puzzle_integrity.sql:L559 | s3_share_photo(text,text,text,text,text)@database/014_sprint3b_evidence_and_puzzle_integrity.sql:L562 | s3_share_photo(text,text,text,text,text)@database/014_sprint3b_evidence_and_puzzle_integrity.sql:L567 | s3b_get_player_state(text,text)@database/014_sprint3b_evidence_and_puzzle_integrity.sql:L599 | s3b_get_player_state(text,text)@database/014_sprint3b_evidence_and_puzzle_integrity.sql:L607 | s3b_complete_act1(text,text)@database/014b_sprint3b_targeted_closure_corrections.sql:L106 | s3b_grab(text,text)@database/014b_sprint3b_targeted_closure_corrections.sql:L121 | s3b_leave_start_room(text,text)@database/014b_sprint3b_targeted_closure_corrections.sql:L126 | s3b_ack_route_update(text,text)@database/014b_sprint3b_targeted_closure_corrections.sql:L131 | s3b_complete_foldback(text,text)@database/014b_sprint3b_targeted_closure_corrections.sql:L136 | s3b_follow_sign(text,text)@database/014b_sprint3b_targeted_closure_corrections.sql:L141 | s3b_submit_act4_choice(text,text,text)@database/014b_sprint3b_targeted_closure_corrections.sql:L147 | s3b_submit_act4_choice(text,text,text)@database/014b_sprint3b_targeted_closure_corrections.sql:L149 | s3b_submit_act4_choice(text,text,text)@database/014b_sprint3b_targeted_closure_corrections.sql:L150 | s3b_initialize_flow(text,text)@database/014b_sprint3b_targeted_closure_corrections.sql:L34 | s3b_ack_act1_opening(text,text)@database/014b_sprint3b_targeted_closure_corrections.sql:L84 | s3b_ack_act1_opening(text,text)@database/014b_sprint3b_targeted_closure_corrections.sql:L86 | s3b_submit_act1_choice(text,text,text)@database/014b_sprint3b_targeted_closure_corrections.sql:L95 | s3b_submit_act1_choice(text,text,text)@database/014b_sprint3b_targeted_closure_corrections.sql:L97 | s3b_submit_act1_choice(text,text,text)@database/014b_sprint3b_targeted_closure_corrections.sql:L99 | s3b_submit_first_meeting(text,text,text)@database/017_sprint3c_override_act2_entry_correction.sql:L28 | s3b_submit_first_meeting(text,text,text)@database/017_sprint3c_override_act2_entry_correction.sql:L37 | s3b_submit_first_meeting(text,text,text)@database/017_sprint3c_override_act2_entry_correction.sql:L44 | s5_get_discussion_state(text,text)@database/029_sprint5_canonical_discussion_localization.sql:L90 | s5_get_discussion_state(text,text)@database/029_sprint5_canonical_discussion_localization.sql:L91 | s5_send_message(text,text,uuid,integer,uuid,text)@database/030_sprint5_exact_session_messages.sql:L12 | s5_send_message(text,text,uuid,integer,uuid,text)@database/030_sprint5_exact_session_messages.sql:L13 | s5_send_message(text,text,uuid,integer,uuid,text)@database/030_sprint5_exact_session_messages.sql:L9 | s5_submit_vote(text,text,uuid,int,uuid,text)@database/031_sprint5_focused_reaudit_corrections.sql:L25 | s5_get_teacher_discussion_state(text,text)@database/031_sprint5_focused_reaudit_corrections.sql:L30 | s6_submit_group_choice(text,text,uuid,text)@database/034_sprint6_contract_hardening.sql:L10 | s6_submit_group_choice(text,text,uuid,text)@database/034_sprint6_contract_hardening.sql:L16 | s6_submit_private_choice(text,text,uuid,text)@database/034_sprint6_contract_hardening.sql:L19 | s6_submit_private_choice(text,text,uuid,text)@database/034_sprint6_contract_hardening.sql:L20 | s6_submit_allocation(text,text,uuid,text)@database/034_sprint6_contract_hardening.sql:L22 | s6_submit_allocation(text,text,uuid,text)@database/034_sprint6_contract_hardening.sql:L23 | s6_submit_group_choice(text,text,uuid,text)@database/034_sprint6_contract_hardening.sql:L6 | s6_send_message_guarded(text,text,uuid,uuid,text)@database/035_sprint6_focused_audit_corrections.sql:L40 | s6_submit_group_choice_guarded(text,text,uuid,text,text,int,int)@database/035_sprint6_focused_audit_corrections.sql:L46 | s6_submit_group_choice_guarded(text,text,uuid,text,text,int,int)@database/035_sprint6_focused_audit_corrections.sql:L55 | s6_submit_private_choice_guarded(text,text,uuid,text,text,int,int)@database/035_sprint6_focused_audit_corrections.sql:L57 | s6_advance_guarded(text,text,uuid,text,int,int)@database/035_sprint6_focused_audit_corrections.sql:L59 | s6_submit_allocation_guarded(text,text,uuid,text,text,int,int)@database/035_sprint6_focused_audit_corrections.sql:L61 | s6_complete_station_guarded(text,text,uuid,text,text,int,int)@database/035_sprint6_focused_audit_corrections.sql:L63 | s6_engage(text,text,text)@database/035_sprint6_focused_audit_corrections.sql:L65 | s6_engage_guarded(text,text,uuid,text,text,int,int)@database/035_sprint6_focused_audit_corrections.sql:L67 | s6_send_message_v2(text,text,uuid,uuid,text)@database/036_sprint6_four_open_findings.sql:L14 | s6_close_discussion_v2(text,text,uuid,text,int,int,uuid)@database/036_sprint6_four_open_findings.sql:L16 | s6_submit_group_choice_v2(text,text,uuid,text,text,int,int)@database/036_sprint6_four_open_findings.sql:L18 | s6_submit_private_choice_v2(text,text,uuid,text,text,int,int)@database/036_sprint6_four_open_findings.sql:L19 | s6_submit_allocation_v2(text,text,uuid,text,text,int,int)@database/036_sprint6_four_open_findings.sql:L20 | s6_engage_v2(text,text,uuid,text,text,int,int)@database/036_sprint6_four_open_findings.sql:L21 | s6_advance_v2(text,text,uuid,text,int,int)@database/036_sprint6_four_open_findings.sql:L23 | s6_complete_station_v2(text,text,uuid,text,text,int,int)@database/036_sprint6_four_open_findings.sql:L25 | s6_mark_audio_consumed(text,text,uuid,text)@database/037_level3_independent_audit_closure.sql:L173 | s6_mark_audio_consumed(text,text,uuid,text)@database/037_level3_independent_audit_closure.sql:L174 | s6_get_player_state(text,text)@database/037_level3_independent_audit_closure.sql:L179 | s7_get_teacher_console(text,text)@database/044_sprint7_focused_level1_corrections.sql:L33 | s7_get_teacher_console(text,text)@database/044_sprint7_focused_level1_corrections.sql:L35 | s7_get_teacher_console(text,text)@database/044_sprint7_focused_level1_corrections.sql:L39 | s7_get_teacher_console(text,text)@database/044_sprint7_focused_level1_corrections.sql:L40 | s7_get_teacher_console(text,text)@database/044_sprint7_focused_level1_corrections.sql:L41 | s7_get_teacher_console(text,text)@database/044_sprint7_focused_level1_corrections.sql:L42 | s7_get_teacher_console(text,text)@database/044_sprint7_focused_level1_corrections.sql:L43 | s7_get_teacher_console(text,text)@database/044_sprint7_focused_level1_corrections.sql:L46 | s7_get_teacher_console(text,text)@database/044_sprint7_focused_level1_corrections.sql:L47 | s7_get_teacher_console(text,text)@database/044_sprint7_focused_level1_corrections.sql:L50 | s7_get_teacher_console(text,text)@database/044_sprint7_focused_level1_corrections.sql:L51 | s7_get_teacher_console(text,text)@database/044_sprint7_focused_level1_corrections.sql:L55 | s7_get_teacher_console(text,text)@database/044_sprint7_focused_level1_corrections.sql:L58 | s8_finalize(text,text,uuid,uuid)@database/049_sprint8_final_closure.sql:L167 | s8_finalize(text,text,uuid,uuid)@database/049_sprint8_final_closure.sql:L171 | s9_enter_act6(text,text,uuid)@database/063_package_a_player_entry_column_fix.sql:L35 | s9_enter_act6(text,text,uuid)@database/063_package_a_player_entry_column_fix.sql:L42 | s9_enter_act6(text,text,uuid)@database/063_package_a_player_entry_column_fix.sql:L43 | s9_observe_act5_handoff(text,text,uuid)@database/064_package_a_handoff_observation_column_fix.sql:L32 | s9_observe_act5_handoff(text,text,uuid)@database/064_package_a_handoff_observation_column_fix.sql:L33 | s9_get_player_wait_state(text,text)@database/067_package_b_allocation_progress_fix.sql:L11 | s9_get_player_wait_state(text,text)@database/067_package_b_allocation_progress_fix.sql:L17 | s9_get_player_wait_state(text,text)@database/067_package_b_allocation_progress_fix.sql:L18 | s9_inspect_pocket_item(text,text,text)@database/068_package_c_authoritative_pocket_inspection.sql:L23 | s9_inspect_pocket_item(text,text,text)@database/068_package_c_authoritative_pocket_inspection.sql:L25 | s9_inspect_pocket_item(text,text,text)@database/068_package_c_authoritative_pocket_inspection.sql:L27 | s9_inspect_pocket_item(text,text,text)@database/068_package_c_authoritative_pocket_inspection.sql:L29 | s9_inspect_pocket_item(text,text,text)@database/068_package_c_authoritative_pocket_inspection.sql:L31 | s9_inspect_pocket_item(text,text,text)@database/068_package_c_authoritative_pocket_inspection.sql:L32 | s9_inspect_pocket_item(text,text,text)@database/068_package_c_authoritative_pocket_inspection.sql:L34 | s9_inspect_pocket_item(text,text,text)@database/068_package_c_authoritative_pocket_inspection.sql:L35 | s3_set_item_view(text,text,text,text)@database/068_package_c_authoritative_pocket_inspection.sql:L45 | s3_set_item_view(text,text,text,text)@database/068_package_c_authoritative_pocket_inspection.sql:L46 | s3_set_item_view(text,text,text,text)@database/068_package_c_authoritative_pocket_inspection.sql:L48 | s3_set_item_view(text,text,text,text)@database/068_package_c_authoritative_pocket_inspection.sql:L51 | s3_set_item_view(text,text,text,text)@database/068_package_c_authoritative_pocket_inspection.sql:L54 | s3_set_item_view(text,text,text,text)@database/068_package_c_authoritative_pocket_inspection.sql:L55 | s3_set_item_view(text,text,text,text)@database/068_package_c_authoritative_pocket_inspection.sql:L57 | s3_set_item_view(text,text,text,text)@database/068_package_c_authoritative_pocket_inspection.sql:L58 | s3_get_player_state(text,text)@database/068_package_c_authoritative_pocket_inspection.sql:L71 | s3_get_player_state(text,text)@database/068_package_c_authoritative_pocket_inspection.sql:L72 | s3_get_player_state(text,text)@database/068_package_c_authoritative_pocket_inspection.sql:L73 | s3_get_player_state(text,text)@database/068_package_c_authoritative_pocket_inspection.sql:L74 | s3_get_player_state(text,text)@database/068_package_c_authoritative_pocket_inspection.sql:L76",STATIC_ACTIVE_FUNCTION_LAST_DEFINITION_CANDIDATES,NO_DEPLOYED_DATABASE_INSPECTION
F0164,s1_room_players#02,1,1,0,0,"s1_create_room(text,text,text,text,text)@database/001_sprint1_core.sql:L184",14,5,9,0,"s1_join_player(text,text)@database/001_sprint1_core.sql:L212 | s1_get_player_by_session(text,text)@database/001_sprint1_core.sql:L255 | s5_get_teacher_discussion_state(text,text)@database/031_sprint5_focused_reaudit_corrections.sql:L30 | s7_get_teacher_console(text,text)@database/044_sprint7_focused_level1_corrections.sql:L55 | s7_get_teacher_console(text,text)@database/044_sprint7_focused_level1_corrections.sql:L58",STATIC_ACTIVE_FUNCTION_LAST_DEFINITION_CANDIDATES,NO_DEPLOYED_DATABASE_INSPECTION
F0165,s1_room_players#03,1,1,0,0,"s1_create_room(text,text,text,text,text)@database/001_sprint1_core.sql:L184",69,29,40,0,"s1_join_player(text,text)@database/001_sprint1_core.sql:L212 | s1_join_player(text,text)@database/001_sprint1_core.sql:L234 | s1_join_player(text,text)@database/001_sprint1_core.sql:L239 | s1_get_player_by_session(text,text)@database/001_sprint1_core.sql:L255 | s1_get_player_state(text,text)@database/001_sprint1_core.sql:L313 | s1_get_player_state(text,text)@database/001_sprint1_core.sql:L317 | s1_get_player_state(text,text)@database/001_sprint1_core.sql:L330 | s2_get_player_state(text,text)@database/003_sprint2_discussionroom_audit_fix.sql:L388 | s2_get_player_state(text,text)@database/003_sprint2_discussionroom_audit_fix.sql:L416 | s2_get_player_state(text,text)@database/003_sprint2_discussionroom_audit_fix.sql:L420 | s2_get_player_state(text,text)@database/003_sprint2_discussionroom_audit_fix.sql:L431 | s2_get_player_state(text,text)@database/003_sprint2_discussionroom_audit_fix.sql:L435 | s2_get_player_state(text,text)@database/003_sprint2_discussionroom_audit_fix.sql:L453 | s2_get_player_state(text,text)@database/003_sprint2_discussionroom_audit_fix.sql:L456 | s2_get_player_state(text,text)@database/003_sprint2_discussionroom_audit_fix.sql:L480 | s3b_get_player_state(text,text)@database/014_sprint3b_evidence_and_puzzle_integrity.sql:L604 | s3b_get_player_state(text,text)@database/014_sprint3b_evidence_and_puzzle_integrity.sql:L605 | s3b_initialize_flow(text,text)@database/014b_sprint3b_targeted_closure_corrections.sql:L29 | s5_get_discussion_state(text,text)@database/029_sprint5_canonical_discussion_localization.sql:L90 | s5_get_discussion_state(text,text)@database/029_sprint5_canonical_discussion_localization.sql:L92 | s5_get_teacher_discussion_state(text,text)@database/031_sprint5_focused_reaudit_corrections.sql:L30 | s6_submit_allocation(text,text,uuid,text)@database/034_sprint6_contract_hardening.sql:L23 | s6_submit_allocation_guarded(text,text,uuid,text,text,int,int)@database/035_sprint6_focused_audit_corrections.sql:L61 | s6_complete_station_guarded(text,text,uuid,text,text,int,int)@database/035_sprint6_focused_audit_corrections.sql:L63 | s6_get_player_state(text,text)@database/037_level3_independent_audit_closure.sql:L179 | s7_get_teacher_console(text,text)@database/044_sprint7_focused_level1_corrections.sql:L33 | s7_get_teacher_console(text,text)@database/044_sprint7_focused_level1_corrections.sql:L54 | s7_get_teacher_console(text,text)@database/044_sprint7_focused_level1_corrections.sql:L57 | s7_get_teacher_console(text,text)@database/044_sprint7_focused_level1_corrections.sql:L58",STATIC_ACTIVE_FUNCTION_LAST_DEFINITION_CANDIDATES,NO_DEPLOYED_DATABASE_INSPECTION
F0166,s1_room_players#04,1,1,0,0,"s1_create_room(text,text,text,text,text)@database/001_sprint1_core.sql:L184",35,17,18,0,"s1_join_player(text,text)@database/001_sprint1_core.sql:L212 | s1_join_player(text,text)@database/001_sprint1_core.sql:L240 | s1_get_player_by_session(text,text)@database/001_sprint1_core.sql:L255 | s1_get_player_state(text,text)@database/001_sprint1_core.sql:L312 | s1_get_player_state(text,text)@database/001_sprint1_core.sql:L329 | s2_get_player_state(text,text)@database/003_sprint2_discussionroom_audit_fix.sql:L387 | s2_get_player_state(text,text)@database/003_sprint2_discussionroom_audit_fix.sql:L415 | s2_get_player_state(text,text)@database/003_sprint2_discussionroom_audit_fix.sql:L430 | s2_get_player_state(text,text)@database/003_sprint2_discussionroom_audit_fix.sql:L452 | s2_get_player_state(text,text)@database/003_sprint2_discussionroom_audit_fix.sql:L479 | s5_get_discussion_state(text,text)@database/029_sprint5_canonical_discussion_localization.sql:L90 | s5_get_discussion_state(text,text)@database/029_sprint5_canonical_discussion_localization.sql:L92 | s5_get_teacher_discussion_state(text,text)@database/031_sprint5_focused_reaudit_corrections.sql:L30 | s6_get_player_state(text,text)@database/037_level3_independent_audit_closure.sql:L179 | s7_get_teacher_console(text,text)@database/044_sprint7_focused_level1_corrections.sql:L33 | s7_get_teacher_console(text,text)@database/044_sprint7_focused_level1_corrections.sql:L57 | s7_get_teacher_console(text,text)@database/044_sprint7_focused_level1_corrections.sql:L58",STATIC_ACTIVE_FUNCTION_LAST_DEFINITION_CANDIDATES,NO_DEPLOYED_DATABASE_INSPECTION
F0167,s1_room_players#05,1,1,0,0,"s1_create_room(text,text,text,text,text)@database/001_sprint1_core.sql:L184",2,2,0,0,"s1_join_player(text,text)@database/001_sprint1_core.sql:L212 | s1_get_player_by_session(text,text)@database/001_sprint1_core.sql:L255",STATIC_ACTIVE_FUNCTION_LAST_DEFINITION_CANDIDATES,NO_DEPLOYED_DATABASE_INSPECTION
F0168,s1_room_players#06,2,2,0,0,"s1_join_player(text,text)@database/001_sprint1_core.sql:L228 | s1_release_player_session(text,text,text)@database/001_sprint1_core.sql:L547",3,3,0,0,"s1_join_player(text,text)@database/001_sprint1_core.sql:L212 | s1_join_player(text,text)@database/001_sprint1_core.sql:L223 | s1_get_player_by_session(text,text)@database/001_sprint1_core.sql:L255",STATIC_ACTIVE_FUNCTION_LAST_DEFINITION_CANDIDATES,NO_DEPLOYED_DATABASE_INSPECTION
F0169,s1_room_players#07,2,2,0,0,"s1_join_player(text,text)@database/001_sprint1_core.sql:L228 | s1_release_player_session(text,text,text)@database/001_sprint1_core.sql:L547",2,2,0,0,"s1_join_player(text,text)@database/001_sprint1_core.sql:L212 | s1_get_player_by_session(text,text)@database/001_sprint1_core.sql:L255",STATIC_ACTIVE_FUNCTION_LAST_DEFINITION_CANDIDATES,NO_DEPLOYED_DATABASE_INSPECTION
F0170,s1_room_players#08,3,3,0,0,"s1_join_player(text,text)@database/001_sprint1_core.sql:L229 | s1_get_player_by_session(text,text)@database/001_sprint1_core.sql:L266 | s1_release_player_session(text,text,text)@database/001_sprint1_core.sql:L548",4,3,1,0,"s1_join_player(text,text)@database/001_sprint1_core.sql:L212 | s1_get_player_by_session(text,text)@database/001_sprint1_core.sql:L255 | s7_get_teacher_console(text,text)@database/044_sprint7_focused_level1_corrections.sql:L34",STATIC_ACTIVE_FUNCTION_LAST_DEFINITION_CANDIDATES,NO_DEPLOYED_DATABASE_INSPECTION
F0171,s1_room_state#01,1,1,0,0,"s1_create_room(text,text,text,text,text)@database/001_sprint1_core.sql:L181",6,5,1,0,"s1_get_player_state(text,text)@database/001_sprint1_core.sql:L289 | s1_submit_private_choice(text,text,text,text)@database/001_sprint1_core.sql:L360 | s1_get_teacher_state(text,text)@database/001_sprint1_core.sql:L427 | s1_advance_scene(text,text)@database/001_sprint1_core.sql:L489 | s2_get_player_state(text,text)@database/003_sprint2_discussionroom_audit_fix.sql:L439",STATIC_ACTIVE_FUNCTION_LAST_DEFINITION_CANDIDATES,NO_DEPLOYED_DATABASE_INSPECTION
F0172,s1_room_state#02,3,3,0,0,"s1_create_room(text,text,text,text,text)@database/001_sprint1_core.sql:L181 | s1_advance_scene(text,text)@database/001_sprint1_core.sql:L506 | s1_reset_room(text,text)@database/001_sprint1_core.sql:L572",20,19,1,0,"s1_get_player_state(text,text)@database/001_sprint1_core.sql:L289 | s1_get_player_state(text,text)@database/001_sprint1_core.sql:L298 | s1_get_player_state(text,text)@database/001_sprint1_core.sql:L305 | s1_get_player_state(text,text)@database/001_sprint1_core.sql:L322 | s1_get_player_state(text,text)@database/001_sprint1_core.sql:L331 | s1_submit_private_choice(text,text,text,text)@database/001_sprint1_core.sql:L360 | s1_submit_private_choice(text,text,text,text)@database/001_sprint1_core.sql:L373 | s1_submit_private_choice(text,text,text,text)@database/001_sprint1_core.sql:L382 | s1_submit_private_choice(text,text,text,text)@database/001_sprint1_core.sql:L385 | s1_submit_private_choice(text,text,text,text)@database/001_sprint1_core.sql:L391 | s1_submit_private_choice(text,text,text,text)@database/001_sprint1_core.sql:L401 | s1_get_teacher_state(text,text)@database/001_sprint1_core.sql:L427 | s1_get_teacher_state(text,text)@database/001_sprint1_core.sql:L453 | s1_get_teacher_state(text,text)@database/001_sprint1_core.sql:L463 | s1_get_teacher_state(text,text)@database/001_sprint1_core.sql:L469 | s1_advance_scene(text,text)@database/001_sprint1_core.sql:L489 | s1_advance_scene(text,text)@database/001_sprint1_core.sql:L499 | s1_advance_scene(text,text)@database/001_sprint1_core.sql:L513 | s2_get_player_state(text,text)@database/003_sprint2_discussionroom_audit_fix.sql:L441",STATIC_ACTIVE_FUNCTION_LAST_DEFINITION_CANDIDATES,NO_DEPLOYED_DATABASE_INSPECTION
F0173,s1_room_state#03,5,5,0,0,"s1_create_room(text,text,text,text,text)@database/001_sprint1_core.sql:L181 | s1_submit_private_choice(text,text,text,text)@database/001_sprint1_core.sql:L396 | s1_advance_scene(text,text)@database/001_sprint1_core.sql:L501 | s1_advance_scene(text,text)@database/001_sprint1_core.sql:L506 | s1_reset_room(text,text)@database/001_sprint1_core.sql:L572",12,11,1,0,"s1_get_player_state(text,text)@database/001_sprint1_core.sql:L289 | s1_get_player_state(text,text)@database/001_sprint1_core.sql:L309 | s1_get_player_state(text,text)@database/001_sprint1_core.sql:L332 | s1_submit_private_choice(text,text,text,text)@database/001_sprint1_core.sql:L360 | s1_submit_private_choice(text,text,text,text)@database/001_sprint1_core.sql:L366 | s1_get_teacher_state(text,text)@database/001_sprint1_core.sql:L427 | s1_get_teacher_state(text,text)@database/001_sprint1_core.sql:L443 | s1_get_teacher_state(text,text)@database/001_sprint1_core.sql:L470 | s1_advance_scene(text,text)@database/001_sprint1_core.sql:L489 | s1_advance_scene(text,text)@database/001_sprint1_core.sql:L495 | s2_get_player_state(text,text)@database/003_sprint2_discussionroom_audit_fix.sql:L443",STATIC_ACTIVE_FUNCTION_LAST_DEFINITION_CANDIDATES,NO_DEPLOYED_DATABASE_INSPECTION
F0174,s1_room_state#04,4,4,0,0,"s1_submit_private_choice(text,text,text,text)@database/001_sprint1_core.sql:L396 | s1_advance_scene(text,text)@database/001_sprint1_core.sql:L501 | s1_advance_scene(text,text)@database/001_sprint1_core.sql:L507 | s1_reset_room(text,text)@database/001_sprint1_core.sql:L573",4,4,0,0,"s1_get_player_state(text,text)@database/001_sprint1_core.sql:L289 | s1_submit_private_choice(text,text,text,text)@database/001_sprint1_core.sql:L360 | s1_get_teacher_state(text,text)@database/001_sprint1_core.sql:L427 | s1_advance_scene(text,text)@database/001_sprint1_core.sql:L489",STATIC_ACTIVE_FUNCTION_LAST_DEFINITION_CANDIDATES,NO_DEPLOYED_DATABASE_INSPECTION
F0175,s1_rooms#01,1,1,0,0,"s1_create_room(text,text,text,text,text)@database/001_sprint1_core.sql:L178",0,0,0,0,,STATIC_ACTIVE_FUNCTION_LAST_DEFINITION_CANDIDATES,NO_DEPLOYED_DATABASE_INSPECTION
F0176,s1_rooms#02,1,1,0,0,"s1_create_room(text,text,text,text,text)@database/001_sprint1_core.sql:L178",0,0,0,0,,STATIC_ACTIVE_FUNCTION_LAST_DEFINITION_CANDIDATES,NO_DEPLOYED_DATABASE_INSPECTION
F0177,s1_rooms#03,0,0,0,0,,0,0,0,0,,STATIC_ACTIVE_FUNCTION_LAST_DEFINITION_CANDIDATES,NO_DEPLOYED_DATABASE_INSPECTION
F0178,s1_rooms#04,1,1,0,0,s1_touch_room(text)@database/001_sprint1_core.sql:L120,0,0,0,0,,STATIC_ACTIVE_FUNCTION_LAST_DEFINITION_CANDIDATES,NO_DEPLOYED_DATABASE_INSPECTION
F0179,s1_scene_choices#01,1,0,1,0,,0,0,0,0,,STATIC_ACTIVE_FUNCTION_LAST_DEFINITION_CANDIDATES,NO_DEPLOYED_DATABASE_INSPECTION
F0180,s1_scene_choices#02,1,0,1,0,,0,0,0,0,,STATIC_ACTIVE_FUNCTION_LAST_DEFINITION_CANDIDATES,NO_DEPLOYED_DATABASE_INSPECTION
F0181,s1_scene_choices#03,1,0,1,0,,0,0,0,0,,STATIC_ACTIVE_FUNCTION_LAST_DEFINITION_CANDIDATES,NO_DEPLOYED_DATABASE_INSPECTION
F0182,s1_scene_choices#04,1,0,1,0,,0,0,0,0,,STATIC_ACTIVE_FUNCTION_LAST_DEFINITION_CANDIDATES,NO_DEPLOYED_DATABASE_INSPECTION
F0183,s3_group_items#01,10,5,5,0,"s3_initialize_audit_fixture(text,text)@database/006_sprint3a_provenance_view_integrity_fix.sql:L112 | s3b_refresh_puzzle(uuid)@database/011_sprint3b_transition_and_act1_delivery_integrity.sql:L100 | s3b_submit_library_code(text,text,uuid,text)@database/014_sprint3b_evidence_and_puzzle_integrity.sql:L434 | s6_submit_group_choice(text,text,uuid,text)@database/034_sprint6_contract_hardening.sql:L13 | s6_submit_group_choice_guarded(text,text,uuid,text,text,int,int)@database/035_sprint6_focused_audit_corrections.sql:L49",6,2,4,0,"s3_get_player_state(text,text)@database/068_package_c_authoritative_pocket_inspection.sql:L75 | s3_get_player_state(text,text)@database/068_package_c_authoritative_pocket_inspection.sql:L75",STATIC_ACTIVE_FUNCTION_LAST_DEFINITION_CANDIDATES,NO_DEPLOYED_DATABASE_INSPECTION
F0184,s3_group_items#02,10,5,5,0,"s3_initialize_audit_fixture(text,text)@database/006_sprint3a_provenance_view_integrity_fix.sql:L112 | s3b_refresh_puzzle(uuid)@database/011_sprint3b_transition_and_act1_delivery_integrity.sql:L100 | s3b_submit_library_code(text,text,uuid,text)@database/014_sprint3b_evidence_and_puzzle_integrity.sql:L434 | s6_submit_group_choice(text,text,uuid,text)@database/034_sprint6_contract_hardening.sql:L13 | s6_submit_group_choice_guarded(text,text,uuid,text,text,int,int)@database/035_sprint6_focused_audit_corrections.sql:L49",3,1,2,0,"s3_get_player_state(text,text)@database/068_package_c_authoritative_pocket_inspection.sql:L75",STATIC_ACTIVE_FUNCTION_LAST_DEFINITION_CANDIDATES,NO_DEPLOYED_DATABASE_INSPECTION
F0185,s3_group_items#03,12,5,7,0,"s3_initialize_audit_fixture(text,text)@database/006_sprint3a_provenance_view_integrity_fix.sql:L112 | s3b_refresh_puzzle(uuid)@database/011_sprint3b_transition_and_act1_delivery_integrity.sql:L100 | s3b_submit_library_code(text,text,uuid,text)@database/014_sprint3b_evidence_and_puzzle_integrity.sql:L434 | s6_submit_group_choice(text,text,uuid,text)@database/034_sprint6_contract_hardening.sql:L13 | s6_submit_group_choice_guarded(text,text,uuid,text,text,int,int)@database/035_sprint6_focused_audit_corrections.sql:L49",3,1,2,0,"s3_get_player_state(text,text)@database/068_package_c_authoritative_pocket_inspection.sql:L75",STATIC_ACTIVE_FUNCTION_LAST_DEFINITION_CANDIDATES,NO_DEPLOYED_DATABASE_INSPECTION
F0186,s3_group_items#04,0,0,0,0,,3,1,2,0,"s3_get_player_state(text,text)@database/068_package_c_authoritative_pocket_inspection.sql:L75",STATIC_ACTIVE_FUNCTION_LAST_DEFINITION_CANDIDATES,NO_DEPLOYED_DATABASE_INSPECTION
F0187,s3_item_catalog#01,3,0,3,0,,0,0,0,0,,STATIC_ACTIVE_FUNCTION_LAST_DEFINITION_CANDIDATES,NO_DEPLOYED_DATABASE_INSPECTION
F0188,s3_item_catalog#02,5,0,5,0,,3,1,2,0,"s3_get_player_state(text,text)@database/068_package_c_authoritative_pocket_inspection.sql:L71",STATIC_ACTIVE_FUNCTION_LAST_DEFINITION_CANDIDATES,NO_DEPLOYED_DATABASE_INSPECTION
F0189,s3_item_catalog#03,4,0,4,0,,0,0,0,0,,STATIC_ACTIVE_FUNCTION_LAST_DEFINITION_CANDIDATES,NO_DEPLOYED_DATABASE_INSPECTION
F0190,s3_knowledge_catalog#01,3,0,3,0,,0,0,0,0,,STATIC_ACTIVE_FUNCTION_LAST_DEFINITION_CANDIDATES,NO_DEPLOYED_DATABASE_INSPECTION
F0191,s3_observation_catalog#01,2,0,2,0,,0,0,0,0,,STATIC_ACTIVE_FUNCTION_LAST_DEFINITION_CANDIDATES,NO_DEPLOYED_DATABASE_INSPECTION
F0192,s3_observation_catalog#02,2,0,2,0,,0,0,0,0,,STATIC_ACTIVE_FUNCTION_LAST_DEFINITION_CANDIDATES,NO_DEPLOYED_DATABASE_INSPECTION
F0193,s3_player_item_view_state#01,4,2,2,0,"s3_initialize_audit_fixture(text,text)@database/006_sprint3a_provenance_view_integrity_fix.sql:L111 | s3b_add_optional_grab_item()@database/009_sprint3b_act1_consequence_integrity.sql:L61",2,1,1,0,"s3_get_player_state(text,text)@database/068_package_c_authoritative_pocket_inspection.sql:L71",STATIC_ACTIVE_FUNCTION_LAST_DEFINITION_CANDIDATES,NO_DEPLOYED_DATABASE_INSPECTION
F0194,s3_player_item_view_state#02,4,2,2,0,"s3_initialize_audit_fixture(text,text)@database/006_sprint3a_provenance_view_integrity_fix.sql:L111 | s3b_add_optional_grab_item()@database/009_sprint3b_act1_consequence_integrity.sql:L61",2,1,1,0,"s3_get_player_state(text,text)@database/068_package_c_authoritative_pocket_inspection.sql:L71",STATIC_ACTIVE_FUNCTION_LAST_DEFINITION_CANDIDATES,NO_DEPLOYED_DATABASE_INSPECTION
F0195,s3_player_item_view_state#03,4,2,2,0,"s3_initialize_audit_fixture(text,text)@database/006_sprint3a_provenance_view_integrity_fix.sql:L111 | s3b_add_optional_grab_item()@database/009_sprint3b_act1_consequence_integrity.sql:L61",2,1,1,0,"s3_get_player_state(text,text)@database/068_package_c_authoritative_pocket_inspection.sql:L71",STATIC_ACTIVE_FUNCTION_LAST_DEFINITION_CANDIDATES,NO_DEPLOYED_DATABASE_INSPECTION
F0196,s3_player_item_view_state#04,6,3,3,0,"s3_initialize_audit_fixture(text,text)@database/006_sprint3a_provenance_view_integrity_fix.sql:L111 | s3b_add_optional_grab_item()@database/009_sprint3b_act1_consequence_integrity.sql:L61 | s3_set_item_view(text,text,text,text)@database/068_package_c_authoritative_pocket_inspection.sql:L51",2,1,1,0,"s3_get_player_state(text,text)@database/068_package_c_authoritative_pocket_inspection.sql:L71",STATIC_ACTIVE_FUNCTION_LAST_DEFINITION_CANDIDATES,NO_DEPLOYED_DATABASE_INSPECTION
F0197,s3_player_item_view_state#05,2,1,1,0,"s3_set_item_view(text,text,text,text)@database/068_package_c_authoritative_pocket_inspection.sql:L51",0,0,0,0,,STATIC_ACTIVE_FUNCTION_LAST_DEFINITION_CANDIDATES,NO_DEPLOYED_DATABASE_INSPECTION
F0198,s3_player_items#01,5,2,3,0,"s3_initialize_audit_fixture(text,text)@database/006_sprint3a_provenance_view_integrity_fix.sql:L110 | s3b_add_optional_grab_item()@database/009_sprint3b_act1_consequence_integrity.sql:L60",6,2,4,0,"s7_get_teacher_console(text,text)@database/044_sprint7_focused_level1_corrections.sql:L58 | s3_get_player_state(text,text)@database/068_package_c_authoritative_pocket_inspection.sql:L71",STATIC_ACTIVE_FUNCTION_LAST_DEFINITION_CANDIDATES,NO_DEPLOYED_DATABASE_INSPECTION
F0199,s3_player_items#02,5,2,3,0,"s3_initialize_audit_fixture(text,text)@database/006_sprint3a_provenance_view_integrity_fix.sql:L110 | s3b_add_optional_grab_item()@database/009_sprint3b_act1_consequence_integrity.sql:L60",6,2,4,0,"s7_get_teacher_console(text,text)@database/044_sprint7_focused_level1_corrections.sql:L58 | s3_get_player_state(text,text)@database/068_package_c_authoritative_pocket_inspection.sql:L71",STATIC_ACTIVE_FUNCTION_LAST_DEFINITION_CANDIDATES,NO_DEPLOYED_DATABASE_INSPECTION
F0200,s3_player_items#03,5,2,3,0,"s3_initialize_audit_fixture(text,text)@database/006_sprint3a_provenance_view_integrity_fix.sql:L110 | s3b_add_optional_grab_item()@database/009_sprint3b_act1_consequence_integrity.sql:L60",6,2,4,0,"s7_get_teacher_console(text,text)@database/044_sprint7_focused_level1_corrections.sql:L58 | s3_get_player_state(text,text)@database/068_package_c_authoritative_pocket_inspection.sql:L71",STATIC_ACTIVE_FUNCTION_LAST_DEFINITION_CANDIDATES,NO_DEPLOYED_DATABASE_INSPECTION
F0201,s3_player_items#04,0,0,0,0,,3,2,1,0,"s7_get_teacher_console(text,text)@database/044_sprint7_focused_level1_corrections.sql:L58 | s3_get_player_state(text,text)@database/068_package_c_authoritative_pocket_inspection.sql:L71",STATIC_ACTIVE_FUNCTION_LAST_DEFINITION_CANDIDATES,NO_DEPLOYED_DATABASE_INSPECTION
F0202,s3_player_knowledge#01,0,0,0,0,,3,1,2,0,"s3_get_player_state(text,text)@database/068_package_c_authoritative_pocket_inspection.sql:L76",STATIC_ACTIVE_FUNCTION_LAST_DEFINITION_CANDIDATES,NO_DEPLOYED_DATABASE_INSPECTION
F0203,s3_player_knowledge#02,2,1,1,0,"s3_record_knowledge(uuid,uuid,text,text,text,uuid,text)@database/006_sprint3a_provenance_view_integrity_fix.sql:L57",6,2,4,0,"s3_get_player_state(text,text)@database/068_package_c_authoritative_pocket_inspection.sql:L76 | s3_get_player_state(text,text)@database/068_package_c_authoritative_pocket_inspection.sql:L76",STATIC_ACTIVE_FUNCTION_LAST_DEFINITION_CANDIDATES,NO_DEPLOYED_DATABASE_INSPECTION
F0204,s3_player_knowledge#03,2,1,1,0,"s3_record_knowledge(uuid,uuid,text,text,text,uuid,text)@database/006_sprint3a_provenance_view_integrity_fix.sql:L57",6,2,4,0,"s3_get_player_state(text,text)@database/068_package_c_authoritative_pocket_inspection.sql:L76 | s3_get_player_state(text,text)@database/068_package_c_authoritative_pocket_inspection.sql:L76",STATIC_ACTIVE_FUNCTION_LAST_DEFINITION_CANDIDATES,NO_DEPLOYED_DATABASE_INSPECTION
F0205,s3_player_knowledge#04,2,1,1,0,"s3_record_knowledge(uuid,uuid,text,text,text,uuid,text)@database/006_sprint3a_provenance_view_integrity_fix.sql:L57",3,1,2,0,"s3_get_player_state(text,text)@database/068_package_c_authoritative_pocket_inspection.sql:L76",STATIC_ACTIVE_FUNCTION_LAST_DEFINITION_CANDIDATES,NO_DEPLOYED_DATABASE_INSPECTION
F0206,s3_player_knowledge#05,2,1,1,0,"s3_record_knowledge(uuid,uuid,text,text,text,uuid,text)@database/006_sprint3a_provenance_view_integrity_fix.sql:L57",3,1,2,0,"s3_get_player_state(text,text)@database/068_package_c_authoritative_pocket_inspection.sql:L76",STATIC_ACTIVE_FUNCTION_LAST_DEFINITION_CANDIDATES,NO_DEPLOYED_DATABASE_INSPECTION
F0207,s3_player_knowledge#06,2,1,1,0,"s3_record_knowledge(uuid,uuid,text,text,text,uuid,text)@database/006_sprint3a_provenance_view_integrity_fix.sql:L57",3,1,2,0,"s3_get_player_state(text,text)@database/068_package_c_authoritative_pocket_inspection.sql:L76",STATIC_ACTIVE_FUNCTION_LAST_DEFINITION_CANDIDATES,NO_DEPLOYED_DATABASE_INSPECTION
F0208,s3_player_knowledge#07,2,1,1,0,"s3_record_knowledge(uuid,uuid,text,text,text,uuid,text)@database/006_sprint3a_provenance_view_integrity_fix.sql:L57",3,1,2,0,"s3_get_player_state(text,text)@database/068_package_c_authoritative_pocket_inspection.sql:L76",STATIC_ACTIVE_FUNCTION_LAST_DEFINITION_CANDIDATES,NO_DEPLOYED_DATABASE_INSPECTION
F0209,s3_player_knowledge#08,2,1,1,0,"s3_record_knowledge(uuid,uuid,text,text,text,uuid,text)@database/006_sprint3a_provenance_view_integrity_fix.sql:L57",3,1,2,0,"s3_get_player_state(text,text)@database/068_package_c_authoritative_pocket_inspection.sql:L76",STATIC_ACTIVE_FUNCTION_LAST_DEFINITION_CANDIDATES,NO_DEPLOYED_DATABASE_INSPECTION
F0210,s3_player_knowledge#09,0,0,0,0,,3,1,2,0,"s3_get_player_state(text,text)@database/068_package_c_authoritative_pocket_inspection.sql:L76",STATIC_ACTIVE_FUNCTION_LAST_DEFINITION_CANDIDATES,NO_DEPLOYED_DATABASE_INSPECTION
F0211,s3_player_observations#01,1,1,0,0,"s3_record_observation(uuid,uuid,text,text)@database/005_sprint3a_scene_pocket_knowledge_foundation.sql:L121",6,2,4,0,"s3_get_player_state(text,text)@database/068_package_c_authoritative_pocket_inspection.sql:L73 | s3_get_player_state(text,text)@database/068_package_c_authoritative_pocket_inspection.sql:L73",STATIC_ACTIVE_FUNCTION_LAST_DEFINITION_CANDIDATES,NO_DEPLOYED_DATABASE_INSPECTION
F0212,s3_player_observations#02,1,1,0,0,"s3_record_observation(uuid,uuid,text,text)@database/005_sprint3a_scene_pocket_knowledge_foundation.sql:L121",6,2,4,0,"s3_get_player_state(text,text)@database/068_package_c_authoritative_pocket_inspection.sql:L73 | s3_get_player_state(text,text)@database/068_package_c_authoritative_pocket_inspection.sql:L73",STATIC_ACTIVE_FUNCTION_LAST_DEFINITION_CANDIDATES,NO_DEPLOYED_DATABASE_INSPECTION
F0213,s3_player_observations#03,1,1,0,0,"s3_record_observation(uuid,uuid,text,text)@database/005_sprint3a_scene_pocket_knowledge_foundation.sql:L121",3,1,2,0,"s3_get_player_state(text,text)@database/068_package_c_authoritative_pocket_inspection.sql:L73",STATIC_ACTIVE_FUNCTION_LAST_DEFINITION_CANDIDATES,NO_DEPLOYED_DATABASE_INSPECTION
F0214,s3_player_observations#04,1,1,0,0,"s3_record_observation(uuid,uuid,text,text)@database/005_sprint3a_scene_pocket_knowledge_foundation.sql:L121",3,1,2,0,"s3_get_player_state(text,text)@database/068_package_c_authoritative_pocket_inspection.sql:L73",STATIC_ACTIVE_FUNCTION_LAST_DEFINITION_CANDIDATES,NO_DEPLOYED_DATABASE_INSPECTION
F0215,s3_player_observations#05,1,1,0,0,"s3_record_observation(uuid,uuid,text,text)@database/005_sprint3a_scene_pocket_knowledge_foundation.sql:L121",3,1,2,0,"s3_get_player_state(text,text)@database/068_package_c_authoritative_pocket_inspection.sql:L73",STATIC_ACTIVE_FUNCTION_LAST_DEFINITION_CANDIDATES,NO_DEPLOYED_DATABASE_INSPECTION
F0216,s3_player_observations#06,0,0,0,0,,3,1,2,0,"s3_get_player_state(text,text)@database/068_package_c_authoritative_pocket_inspection.sql:L73",STATIC_ACTIVE_FUNCTION_LAST_DEFINITION_CANDIDATES,NO_DEPLOYED_DATABASE_INSPECTION
F0217,s3_runtime_scene_state#01,4,2,2,0,"s3_initialize_audit_fixture(text,text)@database/006_sprint3a_provenance_view_integrity_fix.sql:L108 | s3b_set_scene(uuid,text,text,text,text,text)@database/014_sprint3b_evidence_and_puzzle_integrity.sql:L190",34,18,16,0,"s3b_log_formal_event(uuid,text,uuid,text,jsonb,text,boolean,uuid,uuid)@database/014_sprint3b_evidence_and_puzzle_integrity.sql:L153 | s3b_set_scene(uuid,text,text,text,text,text)@database/014_sprint3b_evidence_and_puzzle_integrity.sql:L185 | s3_share_photo(text,text,text,text,text)@database/014_sprint3b_evidence_and_puzzle_integrity.sql:L540 | s3b_complete_act1(text,text)@database/014b_sprint3b_targeted_closure_corrections.sql:L106 | s3b_grab(text,text)@database/014b_sprint3b_targeted_closure_corrections.sql:L121 | s3b_leave_start_room(text,text)@database/014b_sprint3b_targeted_closure_corrections.sql:L126 | s3b_ack_route_update(text,text)@database/014b_sprint3b_targeted_closure_corrections.sql:L131 | s3b_complete_foldback(text,text)@database/014b_sprint3b_targeted_closure_corrections.sql:L136 | s3b_follow_sign(text,text)@database/014b_sprint3b_targeted_closure_corrections.sql:L141 | s3b_submit_act4_choice(text,text,text)@database/014b_sprint3b_targeted_closure_corrections.sql:L147 | s3b_ack_act1_opening(text,text)@database/014b_sprint3b_targeted_closure_corrections.sql:L83 | s3b_submit_act1_choice(text,text,text)@database/014b_sprint3b_targeted_closure_corrections.sql:L94 | s3b_submit_first_meeting(text,text,text)@database/017_sprint3c_override_act2_entry_correction.sql:L23 | s7_set_audit_private_debug(text,text,boolean)@database/043_sprint7_teacher_console.sql:L18 | s7_get_teacher_console(text,text)@database/044_sprint7_focused_level1_corrections.sql:L24 | s2_get_teacher_state(text,text)@database/054_level3_integrated_closure.sql:L116 | s3_get_player_state(text,text)@database/068_package_c_authoritative_pocket_inspection.sql:L70 | s3_get_player_state(text,text)@database/068_package_c_authoritative_pocket_inspection.sql:L70",STATIC_ACTIVE_FUNCTION_LAST_DEFINITION_CANDIDATES,NO_DEPLOYED_DATABASE_INSPECTION
F0218,s3_runtime_scene_state#02,4,2,2,0,"s3_initialize_audit_fixture(text,text)@database/006_sprint3a_provenance_view_integrity_fix.sql:L108 | s3b_set_scene(uuid,text,text,text,text,text)@database/014_sprint3b_evidence_and_puzzle_integrity.sql:L190",97,47,50,0,"s3b_guard_player_progress_phase()@database/010_sprint3b_flow_integrity_and_inspect_fix.sql:L42 | s3b_guard_player_progress_phase()@database/010_sprint3b_flow_integrity_and_inspect_fix.sql:L43 | s3b_guard_player_progress_phase()@database/010_sprint3b_flow_integrity_and_inspect_fix.sql:L44 | s3b_guard_player_progress_phase()@database/010_sprint3b_flow_integrity_and_inspect_fix.sql:L45 | s3b_guard_player_progress_phase()@database/010_sprint3b_flow_integrity_and_inspect_fix.sql:L46 | s3b_guard_player_progress_phase()@database/010_sprint3b_flow_integrity_and_inspect_fix.sql:L47 | s3b_guard_run_state_phase()@database/010_sprint3b_flow_integrity_and_inspect_fix.sql:L59 | s3b_guard_run_state_phase()@database/010_sprint3b_flow_integrity_and_inspect_fix.sql:L60 | s3b_guard_run_state_phase()@database/010_sprint3b_flow_integrity_and_inspect_fix.sql:L62 | s3b_guard_run_state_phase()@database/010_sprint3b_flow_integrity_and_inspect_fix.sql:L64 | s3b_log_formal_event(uuid,text,uuid,text,jsonb,text,boolean,uuid,uuid)@database/014_sprint3b_evidence_and_puzzle_integrity.sql:L153 | s3b_log_formal_event(uuid,text,uuid,text,jsonb,text,boolean,uuid,uuid)@database/014_sprint3b_evidence_and_puzzle_integrity.sql:L160 | s3b_set_scene(uuid,text,text,text,text,text)@database/014_sprint3b_evidence_and_puzzle_integrity.sql:L185 | s3b_set_scene(uuid,text,text,text,text,text)@database/014_sprint3b_evidence_and_puzzle_integrity.sql:L210 | s3b_set_scene(uuid,text,text,text,text,text)@database/014_sprint3b_evidence_and_puzzle_integrity.sql:L219 | s3_share_photo(text,text,text,text,text)@database/014_sprint3b_evidence_and_puzzle_integrity.sql:L540 | s3_share_photo(text,text,text,text,text)@database/014_sprint3b_evidence_and_puzzle_integrity.sql:L543 | s3b_complete_act1(text,text)@database/014b_sprint3b_targeted_closure_corrections.sql:L106 | s3b_complete_act1(text,text)@database/014b_sprint3b_targeted_closure_corrections.sql:L106 | s3b_grab(text,text)@database/014b_sprint3b_targeted_closure_corrections.sql:L121 | s3b_grab(text,text)@database/014b_sprint3b_targeted_closure_corrections.sql:L121 | s3b_leave_start_room(text,text)@database/014b_sprint3b_targeted_closure_corrections.sql:L126 | s3b_leave_start_room(text,text)@database/014b_sprint3b_targeted_closure_corrections.sql:L126 | s3b_ack_route_update(text,text)@database/014b_sprint3b_targeted_closure_corrections.sql:L131 | s3b_ack_route_update(text,text)@database/014b_sprint3b_targeted_closure_corrections.sql:L131 | s3b_complete_foldback(text,text)@database/014b_sprint3b_targeted_closure_corrections.sql:L136 | s3b_complete_foldback(text,text)@database/014b_sprint3b_targeted_closure_corrections.sql:L136 | s3b_follow_sign(text,text)@database/014b_sprint3b_targeted_closure_corrections.sql:L141 | s3b_follow_sign(text,text)@database/014b_sprint3b_targeted_closure_corrections.sql:L141 | s3b_submit_act4_choice(text,text,text)@database/014b_sprint3b_targeted_closure_corrections.sql:L147 | s3b_submit_act4_choice(text,text,text)@database/014b_sprint3b_targeted_closure_corrections.sql:L149 | s3b_ack_act1_opening(text,text)@database/014b_sprint3b_targeted_closure_corrections.sql:L83 | s3b_ack_act1_opening(text,text)@database/014b_sprint3b_targeted_closure_corrections.sql:L84 | s3b_submit_act1_choice(text,text,text)@database/014b_sprint3b_targeted_closure_corrections.sql:L94 | s3b_submit_act1_choice(text,text,text)@database/014b_sprint3b_targeted_closure_corrections.sql:L97 | s3b_submit_first_meeting(text,text,text)@database/017_sprint3c_override_act2_entry_correction.sql:L23 | s3b_submit_first_meeting(text,text,text)@database/017_sprint3c_override_act2_entry_correction.sql:L24 | s3b_submit_first_meeting(text,text,text)@database/017_sprint3c_override_act2_entry_correction.sql:L38 | s7_set_audit_private_debug(text,text,boolean)@database/043_sprint7_teacher_console.sql:L18 | s7_set_audit_private_debug(text,text,boolean)@database/043_sprint7_teacher_console.sql:L20 | s7_get_teacher_console(text,text)@database/044_sprint7_focused_level1_corrections.sql:L24 | s7_get_teacher_console(text,text)@database/044_sprint7_focused_level1_corrections.sql:L28 | s7_get_teacher_console(text,text)@database/044_sprint7_focused_level1_corrections.sql:L65 | s2_get_teacher_state(text,text)@database/054_level3_integrated_closure.sql:L116 | s2_get_teacher_state(text,text)@database/054_level3_integrated_closure.sql:L118 | s2_get_teacher_state(text,text)@database/054_level3_integrated_closure.sql:L119 | s3_get_player_state(text,text)@database/068_package_c_authoritative_pocket_inspection.sql:L70",STATIC_ACTIVE_FUNCTION_LAST_DEFINITION_CANDIDATES,NO_DEPLOYED_DATABASE_INSPECTION
F0219,s3_runtime_scene_state#03,4,2,2,0,"s3_initialize_audit_fixture(text,text)@database/006_sprint3a_provenance_view_integrity_fix.sql:L108 | s3b_set_scene(uuid,text,text,text,text,text)@database/014_sprint3b_evidence_and_puzzle_integrity.sql:L190",104,51,53,0,"s3b_guard_player_progress_phase()@database/010_sprint3b_flow_integrity_and_inspect_fix.sql:L42 | s3b_guard_player_progress_phase()@database/010_sprint3b_flow_integrity_and_inspect_fix.sql:L43 | s3b_guard_player_progress_phase()@database/010_sprint3b_flow_integrity_and_inspect_fix.sql:L44 | s3b_guard_player_progress_phase()@database/010_sprint3b_flow_integrity_and_inspect_fix.sql:L45 | s3b_guard_player_progress_phase()@database/010_sprint3b_flow_integrity_and_inspect_fix.sql:L46 | s3b_guard_player_progress_phase()@database/010_sprint3b_flow_integrity_and_inspect_fix.sql:L47 | s3b_guard_run_state_phase()@database/010_sprint3b_flow_integrity_and_inspect_fix.sql:L59 | s3b_guard_run_state_phase()@database/010_sprint3b_flow_integrity_and_inspect_fix.sql:L60 | s3b_guard_run_state_phase()@database/010_sprint3b_flow_integrity_and_inspect_fix.sql:L62 | s3b_log_formal_event(uuid,text,uuid,text,jsonb,text,boolean,uuid,uuid)@database/014_sprint3b_evidence_and_puzzle_integrity.sql:L153 | s3b_log_formal_event(uuid,text,uuid,text,jsonb,text,boolean,uuid,uuid)@database/014_sprint3b_evidence_and_puzzle_integrity.sql:L160 | s3b_set_scene(uuid,text,text,text,text,text)@database/014_sprint3b_evidence_and_puzzle_integrity.sql:L185 | s3b_set_scene(uuid,text,text,text,text,text)@database/014_sprint3b_evidence_and_puzzle_integrity.sql:L211 | s3b_set_scene(uuid,text,text,text,text,text)@database/014_sprint3b_evidence_and_puzzle_integrity.sql:L219 | s3_share_photo(text,text,text,text,text)@database/014_sprint3b_evidence_and_puzzle_integrity.sql:L540 | s3b_complete_act1(text,text)@database/014b_sprint3b_targeted_closure_corrections.sql:L106 | s3b_complete_act1(text,text)@database/014b_sprint3b_targeted_closure_corrections.sql:L106 | s3b_grab(text,text)@database/014b_sprint3b_targeted_closure_corrections.sql:L121 | s3b_grab(text,text)@database/014b_sprint3b_targeted_closure_corrections.sql:L121 | s3b_leave_start_room(text,text)@database/014b_sprint3b_targeted_closure_corrections.sql:L126 | s3b_leave_start_room(text,text)@database/014b_sprint3b_targeted_closure_corrections.sql:L126 | s3b_ack_route_update(text,text)@database/014b_sprint3b_targeted_closure_corrections.sql:L131 | s3b_ack_route_update(text,text)@database/014b_sprint3b_targeted_closure_corrections.sql:L131 | s3b_complete_foldback(text,text)@database/014b_sprint3b_targeted_closure_corrections.sql:L136 | s3b_complete_foldback(text,text)@database/014b_sprint3b_targeted_closure_corrections.sql:L136 | s3b_follow_sign(text,text)@database/014b_sprint3b_targeted_closure_corrections.sql:L141 | s3b_follow_sign(text,text)@database/014b_sprint3b_targeted_closure_corrections.sql:L141 | s3b_submit_act4_choice(text,text,text)@database/014b_sprint3b_targeted_closure_corrections.sql:L147 | s3b_submit_act4_choice(text,text,text)@database/014b_sprint3b_targeted_closure_corrections.sql:L149 | s3b_ack_act1_opening(text,text)@database/014b_sprint3b_targeted_closure_corrections.sql:L83 | s3b_ack_act1_opening(text,text)@database/014b_sprint3b_targeted_closure_corrections.sql:L84 | s3b_submit_act1_choice(text,text,text)@database/014b_sprint3b_targeted_closure_corrections.sql:L94 | s3b_submit_act1_choice(text,text,text)@database/014b_sprint3b_targeted_closure_corrections.sql:L97 | s3b_submit_first_meeting(text,text,text)@database/017_sprint3c_override_act2_entry_correction.sql:L23 | s3b_submit_first_meeting(text,text,text)@database/017_sprint3c_override_act2_entry_correction.sql:L24 | s3b_submit_first_meeting(text,text,text)@database/017_sprint3c_override_act2_entry_correction.sql:L38 | s7_set_audit_private_debug(text,text,boolean)@database/043_sprint7_teacher_console.sql:L18 | s7_set_audit_private_debug(text,text,boolean)@database/043_sprint7_teacher_console.sql:L20 | s7_get_teacher_console(text,text)@database/044_sprint7_focused_level1_corrections.sql:L24 | s7_get_teacher_console(text,text)@database/044_sprint7_focused_level1_corrections.sql:L35 | s7_get_teacher_console(text,text)@database/044_sprint7_focused_level1_corrections.sql:L36 | s7_get_teacher_console(text,text)@database/044_sprint7_focused_level1_corrections.sql:L37 | s7_get_teacher_console(text,text)@database/044_sprint7_focused_level1_corrections.sql:L38 | s7_get_teacher_console(text,text)@database/044_sprint7_focused_level1_corrections.sql:L39 | s7_get_teacher_console(text,text)@database/044_sprint7_focused_level1_corrections.sql:L44 | s7_get_teacher_console(text,text)@database/044_sprint7_focused_level1_corrections.sql:L48 | s7_get_teacher_console(text,text)@database/044_sprint7_focused_level1_corrections.sql:L65 | s2_get_teacher_state(text,text)@database/054_level3_integrated_closure.sql:L116 | s2_get_teacher_state(text,text)@database/054_level3_integrated_closure.sql:L118 | s2_get_teacher_state(text,text)@database/054_level3_integrated_closure.sql:L119 | s3_get_player_state(text,text)@database/068_package_c_authoritative_pocket_inspection.sql:L70",STATIC_ACTIVE_FUNCTION_LAST_DEFINITION_CANDIDATES,NO_DEPLOYED_DATABASE_INSPECTION
F0220,s3_runtime_scene_state#04,4,2,2,0,"s3_initialize_audit_fixture(text,text)@database/006_sprint3a_provenance_view_integrity_fix.sql:L108 | s3b_set_scene(uuid,text,text,text,text,text)@database/014_sprint3b_evidence_and_puzzle_integrity.sql:L190",61,32,29,0,"s3b_log_formal_event(uuid,text,uuid,text,jsonb,text,boolean,uuid,uuid)@database/014_sprint3b_evidence_and_puzzle_integrity.sql:L153 | s3b_log_formal_event(uuid,text,uuid,text,jsonb,text,boolean,uuid,uuid)@database/014_sprint3b_evidence_and_puzzle_integrity.sql:L160 | s3b_set_scene(uuid,text,text,text,text,text)@database/014_sprint3b_evidence_and_puzzle_integrity.sql:L185 | s3b_set_scene(uuid,text,text,text,text,text)@database/014_sprint3b_evidence_and_puzzle_integrity.sql:L212 | s3b_set_scene(uuid,text,text,text,text,text)@database/014_sprint3b_evidence_and_puzzle_integrity.sql:L220 | s3_share_photo(text,text,text,text,text)@database/014_sprint3b_evidence_and_puzzle_integrity.sql:L540 | s3b_complete_act1(text,text)@database/014b_sprint3b_targeted_closure_corrections.sql:L106 | s3b_complete_act1(text,text)@database/014b_sprint3b_targeted_closure_corrections.sql:L106 | s3b_grab(text,text)@database/014b_sprint3b_targeted_closure_corrections.sql:L121 | s3b_grab(text,text)@database/014b_sprint3b_targeted_closure_corrections.sql:L121 | s3b_leave_start_room(text,text)@database/014b_sprint3b_targeted_closure_corrections.sql:L126 | s3b_leave_start_room(text,text)@database/014b_sprint3b_targeted_closure_corrections.sql:L126 | s3b_ack_route_update(text,text)@database/014b_sprint3b_targeted_closure_corrections.sql:L131 | s3b_ack_route_update(text,text)@database/014b_sprint3b_targeted_closure_corrections.sql:L131 | s3b_complete_foldback(text,text)@database/014b_sprint3b_targeted_closure_corrections.sql:L136 | s3b_complete_foldback(text,text)@database/014b_sprint3b_targeted_closure_corrections.sql:L136 | s3b_follow_sign(text,text)@database/014b_sprint3b_targeted_closure_corrections.sql:L141 | s3b_follow_sign(text,text)@database/014b_sprint3b_targeted_closure_corrections.sql:L141 | s3b_submit_act4_choice(text,text,text)@database/014b_sprint3b_targeted_closure_corrections.sql:L147 | s3b_submit_act4_choice(text,text,text)@database/014b_sprint3b_targeted_closure_corrections.sql:L149 | s3b_ack_act1_opening(text,text)@database/014b_sprint3b_targeted_closure_corrections.sql:L83 | s3b_ack_act1_opening(text,text)@database/014b_sprint3b_targeted_closure_corrections.sql:L84 | s3b_submit_act1_choice(text,text,text)@database/014b_sprint3b_targeted_closure_corrections.sql:L94 | s3b_submit_act1_choice(text,text,text)@database/014b_sprint3b_targeted_closure_corrections.sql:L97 | s3b_submit_first_meeting(text,text,text)@database/017_sprint3c_override_act2_entry_correction.sql:L23 | s3b_submit_first_meeting(text,text,text)@database/017_sprint3c_override_act2_entry_correction.sql:L38 | s7_set_audit_private_debug(text,text,boolean)@database/043_sprint7_teacher_console.sql:L18 | s7_set_audit_private_debug(text,text,boolean)@database/043_sprint7_teacher_console.sql:L20 | s7_get_teacher_console(text,text)@database/044_sprint7_focused_level1_corrections.sql:L24 | s7_get_teacher_console(text,text)@database/044_sprint7_focused_level1_corrections.sql:L65 | s2_get_teacher_state(text,text)@database/054_level3_integrated_closure.sql:L116 | s3_get_player_state(text,text)@database/068_package_c_authoritative_pocket_inspection.sql:L70",STATIC_ACTIVE_FUNCTION_LAST_DEFINITION_CANDIDATES,NO_DEPLOYED_DATABASE_INSPECTION
F0221,s3_runtime_scene_state#05,4,2,2,0,"s3_initialize_audit_fixture(text,text)@database/006_sprint3a_provenance_view_integrity_fix.sql:L108 | s3b_set_scene(uuid,text,text,text,text,text)@database/014_sprint3b_evidence_and_puzzle_integrity.sql:L190",28,18,10,0,"s3b_log_formal_event(uuid,text,uuid,text,jsonb,text,boolean,uuid,uuid)@database/014_sprint3b_evidence_and_puzzle_integrity.sql:L153 | s3b_set_scene(uuid,text,text,text,text,text)@database/014_sprint3b_evidence_and_puzzle_integrity.sql:L185 | s3_share_photo(text,text,text,text,text)@database/014_sprint3b_evidence_and_puzzle_integrity.sql:L540 | s3b_complete_act1(text,text)@database/014b_sprint3b_targeted_closure_corrections.sql:L106 | s3b_grab(text,text)@database/014b_sprint3b_targeted_closure_corrections.sql:L121 | s3b_leave_start_room(text,text)@database/014b_sprint3b_targeted_closure_corrections.sql:L126 | s3b_ack_route_update(text,text)@database/014b_sprint3b_targeted_closure_corrections.sql:L131 | s3b_complete_foldback(text,text)@database/014b_sprint3b_targeted_closure_corrections.sql:L136 | s3b_follow_sign(text,text)@database/014b_sprint3b_targeted_closure_corrections.sql:L141 | s3b_submit_act4_choice(text,text,text)@database/014b_sprint3b_targeted_closure_corrections.sql:L147 | s3b_ack_act1_opening(text,text)@database/014b_sprint3b_targeted_closure_corrections.sql:L83 | s3b_submit_act1_choice(text,text,text)@database/014b_sprint3b_targeted_closure_corrections.sql:L94 | s3b_submit_first_meeting(text,text,text)@database/017_sprint3c_override_act2_entry_correction.sql:L23 | s7_set_audit_private_debug(text,text,boolean)@database/043_sprint7_teacher_console.sql:L18 | s7_get_teacher_console(text,text)@database/044_sprint7_focused_level1_corrections.sql:L24 | s7_get_teacher_console(text,text)@database/044_sprint7_focused_level1_corrections.sql:L65 | s2_get_teacher_state(text,text)@database/054_level3_integrated_closure.sql:L116 | s3_get_player_state(text,text)@database/068_package_c_authoritative_pocket_inspection.sql:L70",STATIC_ACTIVE_FUNCTION_LAST_DEFINITION_CANDIDATES,NO_DEPLOYED_DATABASE_INSPECTION
F0222,s3_runtime_scene_state#06,4,2,2,0,"s3_initialize_audit_fixture(text,text)@database/006_sprint3a_provenance_view_integrity_fix.sql:L108 | s3b_set_scene(uuid,text,text,text,text,text)@database/014_sprint3b_evidence_and_puzzle_integrity.sql:L190",28,18,10,0,"s3b_log_formal_event(uuid,text,uuid,text,jsonb,text,boolean,uuid,uuid)@database/014_sprint3b_evidence_and_puzzle_integrity.sql:L153 | s3b_set_scene(uuid,text,text,text,text,text)@database/014_sprint3b_evidence_and_puzzle_integrity.sql:L185 | s3_share_photo(text,text,text,text,text)@database/014_sprint3b_evidence_and_puzzle_integrity.sql:L540 | s3b_complete_act1(text,text)@database/014b_sprint3b_targeted_closure_corrections.sql:L106 | s3b_grab(text,text)@database/014b_sprint3b_targeted_closure_corrections.sql:L121 | s3b_leave_start_room(text,text)@database/014b_sprint3b_targeted_closure_corrections.sql:L126 | s3b_ack_route_update(text,text)@database/014b_sprint3b_targeted_closure_corrections.sql:L131 | s3b_complete_foldback(text,text)@database/014b_sprint3b_targeted_closure_corrections.sql:L136 | s3b_follow_sign(text,text)@database/014b_sprint3b_targeted_closure_corrections.sql:L141 | s3b_submit_act4_choice(text,text,text)@database/014b_sprint3b_targeted_closure_corrections.sql:L147 | s3b_ack_act1_opening(text,text)@database/014b_sprint3b_targeted_closure_corrections.sql:L83 | s3b_submit_act1_choice(text,text,text)@database/014b_sprint3b_targeted_closure_corrections.sql:L94 | s3b_submit_first_meeting(text,text,text)@database/017_sprint3c_override_act2_entry_correction.sql:L23 | s7_set_audit_private_debug(text,text,boolean)@database/043_sprint7_teacher_console.sql:L18 | s7_get_teacher_console(text,text)@database/044_sprint7_focused_level1_corrections.sql:L24 | s7_get_teacher_console(text,text)@database/044_sprint7_focused_level1_corrections.sql:L65 | s2_get_teacher_state(text,text)@database/054_level3_integrated_closure.sql:L116 | s3_get_player_state(text,text)@database/068_package_c_authoritative_pocket_inspection.sql:L70",STATIC_ACTIVE_FUNCTION_LAST_DEFINITION_CANDIDATES,NO_DEPLOYED_DATABASE_INSPECTION
F0223,s3_runtime_scene_state#07,9,1,8,0,"s3b_apply_resolved_discussion_internal(uuid,uuid)@database/014a_sprint3b_inspect_reconnect_idempotency_fix.sql:L51",28,18,10,0,"s3b_log_formal_event(uuid,text,uuid,text,jsonb,text,boolean,uuid,uuid)@database/014_sprint3b_evidence_and_puzzle_integrity.sql:L153 | s3b_set_scene(uuid,text,text,text,text,text)@database/014_sprint3b_evidence_and_puzzle_integrity.sql:L185 | s3_share_photo(text,text,text,text,text)@database/014_sprint3b_evidence_and_puzzle_integrity.sql:L540 | s3b_complete_act1(text,text)@database/014b_sprint3b_targeted_closure_corrections.sql:L106 | s3b_grab(text,text)@database/014b_sprint3b_targeted_closure_corrections.sql:L121 | s3b_leave_start_room(text,text)@database/014b_sprint3b_targeted_closure_corrections.sql:L126 | s3b_ack_route_update(text,text)@database/014b_sprint3b_targeted_closure_corrections.sql:L131 | s3b_complete_foldback(text,text)@database/014b_sprint3b_targeted_closure_corrections.sql:L136 | s3b_follow_sign(text,text)@database/014b_sprint3b_targeted_closure_corrections.sql:L141 | s3b_submit_act4_choice(text,text,text)@database/014b_sprint3b_targeted_closure_corrections.sql:L147 | s3b_ack_act1_opening(text,text)@database/014b_sprint3b_targeted_closure_corrections.sql:L83 | s3b_submit_act1_choice(text,text,text)@database/014b_sprint3b_targeted_closure_corrections.sql:L94 | s3b_submit_first_meeting(text,text,text)@database/017_sprint3c_override_act2_entry_correction.sql:L23 | s7_set_audit_private_debug(text,text,boolean)@database/043_sprint7_teacher_console.sql:L18 | s7_get_teacher_console(text,text)@database/044_sprint7_focused_level1_corrections.sql:L24 | s7_get_teacher_console(text,text)@database/044_sprint7_focused_level1_corrections.sql:L65 | s2_get_teacher_state(text,text)@database/054_level3_integrated_closure.sql:L116 | s3_get_player_state(text,text)@database/068_package_c_authoritative_pocket_inspection.sql:L70",STATIC_ACTIVE_FUNCTION_LAST_DEFINITION_CANDIDATES,NO_DEPLOYED_DATABASE_INSPECTION
F0224,s3_runtime_scene_state#08,9,1,8,0,"s3b_apply_resolved_discussion_internal(uuid,uuid)@database/014a_sprint3b_inspect_reconnect_idempotency_fix.sql:L51",28,18,10,0,"s3b_log_formal_event(uuid,text,uuid,text,jsonb,text,boolean,uuid,uuid)@database/014_sprint3b_evidence_and_puzzle_integrity.sql:L153 | s3b_set_scene(uuid,text,text,text,text,text)@database/014_sprint3b_evidence_and_puzzle_integrity.sql:L185 | s3_share_photo(text,text,text,text,text)@database/014_sprint3b_evidence_and_puzzle_integrity.sql:L540 | s3b_complete_act1(text,text)@database/014b_sprint3b_targeted_closure_corrections.sql:L106 | s3b_grab(text,text)@database/014b_sprint3b_targeted_closure_corrections.sql:L121 | s3b_leave_start_room(text,text)@database/014b_sprint3b_targeted_closure_corrections.sql:L126 | s3b_ack_route_update(text,text)@database/014b_sprint3b_targeted_closure_corrections.sql:L131 | s3b_complete_foldback(text,text)@database/014b_sprint3b_targeted_closure_corrections.sql:L136 | s3b_follow_sign(text,text)@database/014b_sprint3b_targeted_closure_corrections.sql:L141 | s3b_submit_act4_choice(text,text,text)@database/014b_sprint3b_targeted_closure_corrections.sql:L147 | s3b_ack_act1_opening(text,text)@database/014b_sprint3b_targeted_closure_corrections.sql:L83 | s3b_submit_act1_choice(text,text,text)@database/014b_sprint3b_targeted_closure_corrections.sql:L94 | s3b_submit_first_meeting(text,text,text)@database/017_sprint3c_override_act2_entry_correction.sql:L23 | s7_set_audit_private_debug(text,text,boolean)@database/043_sprint7_teacher_console.sql:L18 | s7_get_teacher_console(text,text)@database/044_sprint7_focused_level1_corrections.sql:L24 | s7_get_teacher_console(text,text)@database/044_sprint7_focused_level1_corrections.sql:L65 | s2_get_teacher_state(text,text)@database/054_level3_integrated_closure.sql:L116 | s3_get_player_state(text,text)@database/068_package_c_authoritative_pocket_inspection.sql:L70",STATIC_ACTIVE_FUNCTION_LAST_DEFINITION_CANDIDATES,NO_DEPLOYED_DATABASE_INSPECTION
F0225,s3_runtime_scene_state#09,7,1,6,0,"s3b_apply_resolved_discussion_internal(uuid,uuid)@database/014a_sprint3b_inspect_reconnect_idempotency_fix.sql:L52",26,17,9,0,"s3b_log_formal_event(uuid,text,uuid,text,jsonb,text,boolean,uuid,uuid)@database/014_sprint3b_evidence_and_puzzle_integrity.sql:L153 | s3b_set_scene(uuid,text,text,text,text,text)@database/014_sprint3b_evidence_and_puzzle_integrity.sql:L185 | s3_share_photo(text,text,text,text,text)@database/014_sprint3b_evidence_and_puzzle_integrity.sql:L540 | s3b_complete_act1(text,text)@database/014b_sprint3b_targeted_closure_corrections.sql:L106 | s3b_grab(text,text)@database/014b_sprint3b_targeted_closure_corrections.sql:L121 | s3b_leave_start_room(text,text)@database/014b_sprint3b_targeted_closure_corrections.sql:L126 | s3b_ack_route_update(text,text)@database/014b_sprint3b_targeted_closure_corrections.sql:L131 | s3b_complete_foldback(text,text)@database/014b_sprint3b_targeted_closure_corrections.sql:L136 | s3b_follow_sign(text,text)@database/014b_sprint3b_targeted_closure_corrections.sql:L141 | s3b_submit_act4_choice(text,text,text)@database/014b_sprint3b_targeted_closure_corrections.sql:L147 | s3b_ack_act1_opening(text,text)@database/014b_sprint3b_targeted_closure_corrections.sql:L83 | s3b_submit_act1_choice(text,text,text)@database/014b_sprint3b_targeted_closure_corrections.sql:L94 | s3b_submit_first_meeting(text,text,text)@database/017_sprint3c_override_act2_entry_correction.sql:L23 | s7_set_audit_private_debug(text,text,boolean)@database/043_sprint7_teacher_console.sql:L18 | s7_get_teacher_console(text,text)@database/044_sprint7_focused_level1_corrections.sql:L24 | s2_get_teacher_state(text,text)@database/054_level3_integrated_closure.sql:L116 | s3_get_player_state(text,text)@database/068_package_c_authoritative_pocket_inspection.sql:L70",STATIC_ACTIVE_FUNCTION_LAST_DEFINITION_CANDIDATES,NO_DEPLOYED_DATABASE_INSPECTION
F0226,s3_runtime_scene_state#10,7,4,3,0,"s3b_set_scene(uuid,text,text,text,text,text)@database/014_sprint3b_evidence_and_puzzle_integrity.sql:L190 | s5_submit_private_choice(text,text,uuid,text)@database/029_sprint5_canonical_discussion_localization.sql:L79 | s5_advance(text,text)@database/031_sprint5_focused_reaudit_corrections.sql:L19 | s5_ensure_initialized(uuid)@database/062_package_a_prepared_event_fk_fix.sql:L16",27,18,9,0,"s3b_log_formal_event(uuid,text,uuid,text,jsonb,text,boolean,uuid,uuid)@database/014_sprint3b_evidence_and_puzzle_integrity.sql:L153 | s3b_set_scene(uuid,text,text,text,text,text)@database/014_sprint3b_evidence_and_puzzle_integrity.sql:L185 | s3_share_photo(text,text,text,text,text)@database/014_sprint3b_evidence_and_puzzle_integrity.sql:L540 | s3_share_photo(text,text,text,text,text)@database/014_sprint3b_evidence_and_puzzle_integrity.sql:L541 | s3b_complete_act1(text,text)@database/014b_sprint3b_targeted_closure_corrections.sql:L106 | s3b_grab(text,text)@database/014b_sprint3b_targeted_closure_corrections.sql:L121 | s3b_leave_start_room(text,text)@database/014b_sprint3b_targeted_closure_corrections.sql:L126 | s3b_ack_route_update(text,text)@database/014b_sprint3b_targeted_closure_corrections.sql:L131 | s3b_complete_foldback(text,text)@database/014b_sprint3b_targeted_closure_corrections.sql:L136 | s3b_follow_sign(text,text)@database/014b_sprint3b_targeted_closure_corrections.sql:L141 | s3b_submit_act4_choice(text,text,text)@database/014b_sprint3b_targeted_closure_corrections.sql:L147 | s3b_ack_act1_opening(text,text)@database/014b_sprint3b_targeted_closure_corrections.sql:L83 | s3b_submit_act1_choice(text,text,text)@database/014b_sprint3b_targeted_closure_corrections.sql:L94 | s3b_submit_first_meeting(text,text,text)@database/017_sprint3c_override_act2_entry_correction.sql:L23 | s7_set_audit_private_debug(text,text,boolean)@database/043_sprint7_teacher_console.sql:L18 | s7_get_teacher_console(text,text)@database/044_sprint7_focused_level1_corrections.sql:L24 | s2_get_teacher_state(text,text)@database/054_level3_integrated_closure.sql:L116 | s3_get_player_state(text,text)@database/068_package_c_authoritative_pocket_inspection.sql:L70",STATIC_ACTIVE_FUNCTION_LAST_DEFINITION_CANDIDATES,NO_DEPLOYED_DATABASE_INSPECTION
F0227,s3_shared_photos#01,0,0,0,0,,3,1,2,0,"s3_get_player_state(text,text)@database/068_package_c_authoritative_pocket_inspection.sql:L74",STATIC_ACTIVE_FUNCTION_LAST_DEFINITION_CANDIDATES,NO_DEPLOYED_DATABASE_INSPECTION
F0228,s3_shared_photos#02,3,1,2,0,"s3_share_photo(text,text,text,text,text)@database/014_sprint3b_evidence_and_puzzle_integrity.sql:L560",26,13,13,0,"s7_get_teacher_console(text,text)@database/044_sprint7_focused_level1_corrections.sql:L35 | s7_get_teacher_console(text,text)@database/044_sprint7_focused_level1_corrections.sql:L39 | s7_get_teacher_console(text,text)@database/044_sprint7_focused_level1_corrections.sql:L40 | s7_get_teacher_console(text,text)@database/044_sprint7_focused_level1_corrections.sql:L41 | s7_get_teacher_console(text,text)@database/044_sprint7_focused_level1_corrections.sql:L42 | s7_get_teacher_console(text,text)@database/044_sprint7_focused_level1_corrections.sql:L43 | s7_get_teacher_console(text,text)@database/044_sprint7_focused_level1_corrections.sql:L46 | s7_get_teacher_console(text,text)@database/044_sprint7_focused_level1_corrections.sql:L47 | s7_get_teacher_console(text,text)@database/044_sprint7_focused_level1_corrections.sql:L50 | s7_get_teacher_console(text,text)@database/044_sprint7_focused_level1_corrections.sql:L51 | s7_get_teacher_console(text,text)@database/044_sprint7_focused_level1_corrections.sql:L58 | s3_get_player_state(text,text)@database/068_package_c_authoritative_pocket_inspection.sql:L74 | s3_get_player_state(text,text)@database/068_package_c_authoritative_pocket_inspection.sql:L74",STATIC_ACTIVE_FUNCTION_LAST_DEFINITION_CANDIDATES,NO_DEPLOYED_DATABASE_INSPECTION
F0229,s3_shared_photos#03,3,1,2,0,"s3_share_photo(text,text,text,text,text)@database/014_sprint3b_evidence_and_puzzle_integrity.sql:L560",8,3,5,0,"s7_get_teacher_console(text,text)@database/044_sprint7_focused_level1_corrections.sql:L58 | s3_get_player_state(text,text)@database/068_package_c_authoritative_pocket_inspection.sql:L74 | s3_get_player_state(text,text)@database/068_package_c_authoritative_pocket_inspection.sql:L74",STATIC_ACTIVE_FUNCTION_LAST_DEFINITION_CANDIDATES,NO_DEPLOYED_DATABASE_INSPECTION
F0230,s3_shared_photos#04,3,1,2,0,"s3_share_photo(text,text,text,text,text)@database/014_sprint3b_evidence_and_puzzle_integrity.sql:L560",3,1,2,0,"s3_get_player_state(text,text)@database/068_package_c_authoritative_pocket_inspection.sql:L74",STATIC_ACTIVE_FUNCTION_LAST_DEFINITION_CANDIDATES,NO_DEPLOYED_DATABASE_INSPECTION
F0231,s3_shared_photos#05,3,1,2,0,"s3_share_photo(text,text,text,text,text)@database/014_sprint3b_evidence_and_puzzle_integrity.sql:L560",5,2,3,0,"s7_get_teacher_console(text,text)@database/044_sprint7_focused_level1_corrections.sql:L58 | s3_get_player_state(text,text)@database/068_package_c_authoritative_pocket_inspection.sql:L74",STATIC_ACTIVE_FUNCTION_LAST_DEFINITION_CANDIDATES,NO_DEPLOYED_DATABASE_INSPECTION
F0232,s3_shared_photos#06,3,1,2,0,"s3_share_photo(text,text,text,text,text)@database/014_sprint3b_evidence_and_puzzle_integrity.sql:L560",5,2,3,0,"s7_get_teacher_console(text,text)@database/044_sprint7_focused_level1_corrections.sql:L58 | s3_get_player_state(text,text)@database/068_package_c_authoritative_pocket_inspection.sql:L74",STATIC_ACTIVE_FUNCTION_LAST_DEFINITION_CANDIDATES,NO_DEPLOYED_DATABASE_INSPECTION
F0233,s3_shared_photos#07,3,1,2,0,"s3_share_photo(text,text,text,text,text)@database/014_sprint3b_evidence_and_puzzle_integrity.sql:L560",5,2,3,0,"s7_get_teacher_console(text,text)@database/044_sprint7_focused_level1_corrections.sql:L58 | s3_get_player_state(text,text)@database/068_package_c_authoritative_pocket_inspection.sql:L74",STATIC_ACTIVE_FUNCTION_LAST_DEFINITION_CANDIDATES,NO_DEPLOYED_DATABASE_INSPECTION
F0234,s3_shared_photos#08,0,0,0,0,,8,3,5,0,"s3_share_photo(text,text,text,text,text)@database/014_sprint3b_evidence_and_puzzle_integrity.sql:L564 | s7_get_teacher_console(text,text)@database/044_sprint7_focused_level1_corrections.sql:L58 | s3_get_player_state(text,text)@database/068_package_c_authoritative_pocket_inspection.sql:L74",STATIC_ACTIVE_FUNCTION_LAST_DEFINITION_CANDIDATES,NO_DEPLOYED_DATABASE_INSPECTION
F0235,s3b_library_attempts#01,2,1,1,0,"s3b_submit_library_code(text,text,uuid,text)@database/014_sprint3b_evidence_and_puzzle_integrity.sql:L424",1,1,0,0,"s3b_submit_library_code(text,text,uuid,text)@database/014_sprint3b_evidence_and_puzzle_integrity.sql:L389",STATIC_ACTIVE_FUNCTION_LAST_DEFINITION_CANDIDATES,NO_DEPLOYED_DATABASE_INSPECTION
F0236,s3b_library_attempts#02,2,1,1,0,"s3b_submit_library_code(text,text,uuid,text)@database/014_sprint3b_evidence_and_puzzle_integrity.sql:L424",2,2,0,0,"s3b_submit_library_code(text,text,uuid,text)@database/014_sprint3b_evidence_and_puzzle_integrity.sql:L389 | s3b_submit_library_code(text,text,uuid,text)@database/014_sprint3b_evidence_and_puzzle_integrity.sql:L397",STATIC_ACTIVE_FUNCTION_LAST_DEFINITION_CANDIDATES,NO_DEPLOYED_DATABASE_INSPECTION
F0237,s3b_library_attempts#03,2,1,1,0,"s3b_submit_library_code(text,text,uuid,text)@database/014_sprint3b_evidence_and_puzzle_integrity.sql:L424",1,1,0,0,"s3b_submit_library_code(text,text,uuid,text)@database/014_sprint3b_evidence_and_puzzle_integrity.sql:L389",STATIC_ACTIVE_FUNCTION_LAST_DEFINITION_CANDIDATES,NO_DEPLOYED_DATABASE_INSPECTION
F0238,s3b_library_attempts#04,2,1,1,0,"s3b_submit_library_code(text,text,uuid,text)@database/014_sprint3b_evidence_and_puzzle_integrity.sql:L424",2,2,0,0,"s3b_submit_library_code(text,text,uuid,text)@database/014_sprint3b_evidence_and_puzzle_integrity.sql:L389 | s3b_submit_library_code(text,text,uuid,text)@database/014_sprint3b_evidence_and_puzzle_integrity.sql:L393",STATIC_ACTIVE_FUNCTION_LAST_DEFINITION_CANDIDATES,NO_DEPLOYED_DATABASE_INSPECTION
F0239,s3b_library_attempts#05,2,1,1,0,"s3b_submit_library_code(text,text,uuid,text)@database/014_sprint3b_evidence_and_puzzle_integrity.sql:L424",1,1,0,0,"s3b_submit_library_code(text,text,uuid,text)@database/014_sprint3b_evidence_and_puzzle_integrity.sql:L389",STATIC_ACTIVE_FUNCTION_LAST_DEFINITION_CANDIDATES,NO_DEPLOYED_DATABASE_INSPECTION
F0240,s3b_library_attempts#06,2,1,1,0,"s3b_submit_library_code(text,text,uuid,text)@database/014_sprint3b_evidence_and_puzzle_integrity.sql:L424",2,2,0,0,"s3b_submit_library_code(text,text,uuid,text)@database/014_sprint3b_evidence_and_puzzle_integrity.sql:L389 | s3b_submit_library_code(text,text,uuid,text)@database/014_sprint3b_evidence_and_puzzle_integrity.sql:L397",STATIC_ACTIVE_FUNCTION_LAST_DEFINITION_CANDIDATES,NO_DEPLOYED_DATABASE_INSPECTION
F0241,s3b_library_attempts#07,2,1,1,0,"s3b_submit_library_code(text,text,uuid,text)@database/014_sprint3b_evidence_and_puzzle_integrity.sql:L424",1,1,0,0,"s3b_submit_library_code(text,text,uuid,text)@database/014_sprint3b_evidence_and_puzzle_integrity.sql:L389",STATIC_ACTIVE_FUNCTION_LAST_DEFINITION_CANDIDATES,NO_DEPLOYED_DATABASE_INSPECTION
F0242,s3b_player_facts#01,19,19,0,0,"s3b_apply_act1_consequence()@database/009_sprint3b_act1_consequence_integrity.sql:L29 | s3b_apply_act1_consequence()@database/009_sprint3b_act1_consequence_integrity.sql:L31 | s3b_apply_act1_consequence()@database/009_sprint3b_act1_consequence_integrity.sql:L32 | s3b_apply_act1_consequence()@database/009_sprint3b_act1_consequence_integrity.sql:L33 | s3b_apply_act1_consequence()@database/009_sprint3b_act1_consequence_integrity.sql:L34 | s3b_apply_act1_consequence()@database/009_sprint3b_act1_consequence_integrity.sql:L36 | s3b_apply_act1_consequence()@database/009_sprint3b_act1_consequence_integrity.sql:L38 | s3b_apply_act1_consequence()@database/009_sprint3b_act1_consequence_integrity.sql:L39 | s3b_apply_act1_consequence()@database/009_sprint3b_act1_consequence_integrity.sql:L40 | s3b_apply_act1_consequence()@database/009_sprint3b_act1_consequence_integrity.sql:L41 | s3b_apply_act1_consequence()@database/009_sprint3b_act1_consequence_integrity.sql:L43 | s3b_apply_act1_consequence()@database/009_sprint3b_act1_consequence_integrity.sql:L44 | s3b_apply_act1_consequence()@database/009_sprint3b_act1_consequence_integrity.sql:L45 | s3b_apply_act1_consequence()@database/009_sprint3b_act1_consequence_integrity.sql:L46 | s3b_apply_act1_consequence()@database/009_sprint3b_act1_consequence_integrity.sql:L47 | s9_inspect_pocket_item(text,text,text)@database/068_package_c_authoritative_pocket_inspection.sql:L31 | s9_inspect_pocket_item(text,text,text)@database/068_package_c_authoritative_pocket_inspection.sql:L34 | s3_set_item_view(text,text,text,text)@database/068_package_c_authoritative_pocket_inspection.sql:L54 | s3_set_item_view(text,text,text,text)@database/068_package_c_authoritative_pocket_inspection.sql:L57",0,0,0,0,,STATIC_ACTIVE_FUNCTION_LAST_DEFINITION_CANDIDATES,NO_DEPLOYED_DATABASE_INSPECTION
F0243,s3b_player_facts#02,19,19,0,0,"s3b_apply_act1_consequence()@database/009_sprint3b_act1_consequence_integrity.sql:L29 | s3b_apply_act1_consequence()@database/009_sprint3b_act1_consequence_integrity.sql:L31 | s3b_apply_act1_consequence()@database/009_sprint3b_act1_consequence_integrity.sql:L32 | s3b_apply_act1_consequence()@database/009_sprint3b_act1_consequence_integrity.sql:L33 | s3b_apply_act1_consequence()@database/009_sprint3b_act1_consequence_integrity.sql:L34 | s3b_apply_act1_consequence()@database/009_sprint3b_act1_consequence_integrity.sql:L36 | s3b_apply_act1_consequence()@database/009_sprint3b_act1_consequence_integrity.sql:L38 | s3b_apply_act1_consequence()@database/009_sprint3b_act1_consequence_integrity.sql:L39 | s3b_apply_act1_consequence()@database/009_sprint3b_act1_consequence_integrity.sql:L40 | s3b_apply_act1_consequence()@database/009_sprint3b_act1_consequence_integrity.sql:L41 | s3b_apply_act1_consequence()@database/009_sprint3b_act1_consequence_integrity.sql:L43 | s3b_apply_act1_consequence()@database/009_sprint3b_act1_consequence_integrity.sql:L44 | s3b_apply_act1_consequence()@database/009_sprint3b_act1_consequence_integrity.sql:L45 | s3b_apply_act1_consequence()@database/009_sprint3b_act1_consequence_integrity.sql:L46 | s3b_apply_act1_consequence()@database/009_sprint3b_act1_consequence_integrity.sql:L47 | s9_inspect_pocket_item(text,text,text)@database/068_package_c_authoritative_pocket_inspection.sql:L31 | s9_inspect_pocket_item(text,text,text)@database/068_package_c_authoritative_pocket_inspection.sql:L34 | s3_set_item_view(text,text,text,text)@database/068_package_c_authoritative_pocket_inspection.sql:L54 | s3_set_item_view(text,text,text,text)@database/068_package_c_authoritative_pocket_inspection.sql:L57",0,0,0,0,,STATIC_ACTIVE_FUNCTION_LAST_DEFINITION_CANDIDATES,NO_DEPLOYED_DATABASE_INSPECTION
F0244,s3b_player_facts#03,19,19,0,0,"s3b_apply_act1_consequence()@database/009_sprint3b_act1_consequence_integrity.sql:L29 | s3b_apply_act1_consequence()@database/009_sprint3b_act1_consequence_integrity.sql:L31 | s3b_apply_act1_consequence()@database/009_sprint3b_act1_consequence_integrity.sql:L32 | s3b_apply_act1_consequence()@database/009_sprint3b_act1_consequence_integrity.sql:L33 | s3b_apply_act1_consequence()@database/009_sprint3b_act1_consequence_integrity.sql:L34 | s3b_apply_act1_consequence()@database/009_sprint3b_act1_consequence_integrity.sql:L36 | s3b_apply_act1_consequence()@database/009_sprint3b_act1_consequence_integrity.sql:L38 | s3b_apply_act1_consequence()@database/009_sprint3b_act1_consequence_integrity.sql:L39 | s3b_apply_act1_consequence()@database/009_sprint3b_act1_consequence_integrity.sql:L40 | s3b_apply_act1_consequence()@database/009_sprint3b_act1_consequence_integrity.sql:L41 | s3b_apply_act1_consequence()@database/009_sprint3b_act1_consequence_integrity.sql:L43 | s3b_apply_act1_consequence()@database/009_sprint3b_act1_consequence_integrity.sql:L44 | s3b_apply_act1_consequence()@database/009_sprint3b_act1_consequence_integrity.sql:L45 | s3b_apply_act1_consequence()@database/009_sprint3b_act1_consequence_integrity.sql:L46 | s3b_apply_act1_consequence()@database/009_sprint3b_act1_consequence_integrity.sql:L47 | s9_inspect_pocket_item(text,text,text)@database/068_package_c_authoritative_pocket_inspection.sql:L31 | s9_inspect_pocket_item(text,text,text)@database/068_package_c_authoritative_pocket_inspection.sql:L34 | s3_set_item_view(text,text,text,text)@database/068_package_c_authoritative_pocket_inspection.sql:L54 | s3_set_item_view(text,text,text,text)@database/068_package_c_authoritative_pocket_inspection.sql:L57",0,0,0,0,,STATIC_ACTIVE_FUNCTION_LAST_DEFINITION_CANDIDATES,NO_DEPLOYED_DATABASE_INSPECTION
F0245,s3b_player_facts#04,19,19,0,0,"s3b_apply_act1_consequence()@database/009_sprint3b_act1_consequence_integrity.sql:L29 | s3b_apply_act1_consequence()@database/009_sprint3b_act1_consequence_integrity.sql:L31 | s3b_apply_act1_consequence()@database/009_sprint3b_act1_consequence_integrity.sql:L32 | s3b_apply_act1_consequence()@database/009_sprint3b_act1_consequence_integrity.sql:L33 | s3b_apply_act1_consequence()@database/009_sprint3b_act1_consequence_integrity.sql:L34 | s3b_apply_act1_consequence()@database/009_sprint3b_act1_consequence_integrity.sql:L36 | s3b_apply_act1_consequence()@database/009_sprint3b_act1_consequence_integrity.sql:L38 | s3b_apply_act1_consequence()@database/009_sprint3b_act1_consequence_integrity.sql:L39 | s3b_apply_act1_consequence()@database/009_sprint3b_act1_consequence_integrity.sql:L40 | s3b_apply_act1_consequence()@database/009_sprint3b_act1_consequence_integrity.sql:L41 | s3b_apply_act1_consequence()@database/009_sprint3b_act1_consequence_integrity.sql:L43 | s3b_apply_act1_consequence()@database/009_sprint3b_act1_consequence_integrity.sql:L44 | s3b_apply_act1_consequence()@database/009_sprint3b_act1_consequence_integrity.sql:L45 | s3b_apply_act1_consequence()@database/009_sprint3b_act1_consequence_integrity.sql:L46 | s3b_apply_act1_consequence()@database/009_sprint3b_act1_consequence_integrity.sql:L47 | s9_inspect_pocket_item(text,text,text)@database/068_package_c_authoritative_pocket_inspection.sql:L31 | s9_inspect_pocket_item(text,text,text)@database/068_package_c_authoritative_pocket_inspection.sql:L34 | s3_set_item_view(text,text,text,text)@database/068_package_c_authoritative_pocket_inspection.sql:L54 | s3_set_item_view(text,text,text,text)@database/068_package_c_authoritative_pocket_inspection.sql:L57",0,0,0,0,,STATIC_ACTIVE_FUNCTION_LAST_DEFINITION_CANDIDATES,NO_DEPLOYED_DATABASE_INSPECTION
F0246,s3b_player_progress#01,1,0,1,0,,15,4,11,0,"s3b_initialize_flow(text,text)@database/014b_sprint3b_targeted_closure_corrections.sql:L34 | s3b_submit_first_meeting(text,text,text)@database/017_sprint3c_override_act2_entry_correction.sql:L27 | s7_get_teacher_console(text,text)@database/044_sprint7_focused_level1_corrections.sql:L55 | s9_enter_act6(text,text,uuid)@database/063_package_a_player_entry_column_fix.sql:L34",STATIC_ACTIVE_FUNCTION_LAST_DEFINITION_CANDIDATES,NO_DEPLOYED_DATABASE_INSPECTION
F0247,s3b_player_progress#02,1,0,1,0,,15,4,11,0,"s3b_initialize_flow(text,text)@database/014b_sprint3b_targeted_closure_corrections.sql:L34 | s3b_submit_first_meeting(text,text,text)@database/017_sprint3c_override_act2_entry_correction.sql:L27 | s7_get_teacher_console(text,text)@database/044_sprint7_focused_level1_corrections.sql:L55 | s9_enter_act6(text,text,uuid)@database/063_package_a_player_entry_column_fix.sql:L34",STATIC_ACTIVE_FUNCTION_LAST_DEFINITION_CANDIDATES,NO_DEPLOYED_DATABASE_INSPECTION
F0248,s3b_player_progress#03,2,0,2,0,,16,8,8,0,"s3b_apply_act1_consequence()@database/009_sprint3b_act1_consequence_integrity.sql:L25 | s3b_guard_player_progress_phase()@database/010_sprint3b_flow_integrity_and_inspect_fix.sql:L42 | s3b_submit_first_meeting(text,text,text)@database/017_sprint3c_override_act2_entry_correction.sql:L27 | s7_get_teacher_console(text,text)@database/044_sprint7_focused_level1_corrections.sql:L36 | s7_get_teacher_console(text,text)@database/044_sprint7_focused_level1_corrections.sql:L45 | s7_get_teacher_console(text,text)@database/044_sprint7_focused_level1_corrections.sql:L49 | s7_get_teacher_console(text,text)@database/044_sprint7_focused_level1_corrections.sql:L53 | s9_enter_act6(text,text,uuid)@database/063_package_a_player_entry_column_fix.sql:L34",STATIC_ACTIVE_FUNCTION_LAST_DEFINITION_CANDIDATES,NO_DEPLOYED_DATABASE_INSPECTION
F0249,s3b_player_progress#04,2,0,2,0,,8,2,6,0,"s3b_submit_first_meeting(text,text,text)@database/017_sprint3c_override_act2_entry_correction.sql:L27 | s9_enter_act6(text,text,uuid)@database/063_package_a_player_entry_column_fix.sql:L34",STATIC_ACTIVE_FUNCTION_LAST_DEFINITION_CANDIDATES,NO_DEPLOYED_DATABASE_INSPECTION
F0250,s3b_player_progress#05,2,1,1,0,"s3b_submit_first_meeting(text,text,text)@database/017_sprint3c_override_act2_entry_correction.sql:L42",18,8,10,0,"s3b_guard_player_progress_phase()@database/010_sprint3b_flow_integrity_and_inspect_fix.sql:L43 | s3b_submit_first_meeting(text,text,text)@database/017_sprint3c_override_act2_entry_correction.sql:L27 | s3b_submit_first_meeting(text,text,text)@database/017_sprint3c_override_act2_entry_correction.sql:L30 | s7_get_teacher_console(text,text)@database/044_sprint7_focused_level1_corrections.sql:L37 | s7_get_teacher_console(text,text)@database/044_sprint7_focused_level1_corrections.sql:L45 | s7_get_teacher_console(text,text)@database/044_sprint7_focused_level1_corrections.sql:L49 | s7_get_teacher_console(text,text)@database/044_sprint7_focused_level1_corrections.sql:L53 | s9_enter_act6(text,text,uuid)@database/063_package_a_player_entry_column_fix.sql:L34",STATIC_ACTIVE_FUNCTION_LAST_DEFINITION_CANDIDATES,NO_DEPLOYED_DATABASE_INSPECTION
F0251,s3b_player_progress#06,2,1,1,0,"s3b_submit_first_meeting(text,text,text)@database/017_sprint3c_override_act2_entry_correction.sql:L42",8,2,6,0,"s3b_submit_first_meeting(text,text,text)@database/017_sprint3c_override_act2_entry_correction.sql:L27 | s9_enter_act6(text,text,uuid)@database/063_package_a_player_entry_column_fix.sql:L34",STATIC_ACTIVE_FUNCTION_LAST_DEFINITION_CANDIDATES,NO_DEPLOYED_DATABASE_INSPECTION
F0252,s3b_player_progress#07,3,0,3,0,,7,4,3,0,"s3b_add_optional_grab_item()@database/009_sprint3b_act1_consequence_integrity.sql:L59 | s3b_guard_player_progress_phase()@database/010_sprint3b_flow_integrity_and_inspect_fix.sql:L44 | s3b_submit_first_meeting(text,text,text)@database/017_sprint3c_override_act2_entry_correction.sql:L27 | s9_enter_act6(text,text,uuid)@database/063_package_a_player_entry_column_fix.sql:L34",STATIC_ACTIVE_FUNCTION_LAST_DEFINITION_CANDIDATES,NO_DEPLOYED_DATABASE_INSPECTION
F0253,s3b_player_progress#08,3,0,3,0,,6,3,3,0,"s3b_guard_player_progress_phase()@database/010_sprint3b_flow_integrity_and_inspect_fix.sql:L45 | s3b_submit_first_meeting(text,text,text)@database/017_sprint3c_override_act2_entry_correction.sql:L27 | s9_enter_act6(text,text,uuid)@database/063_package_a_player_entry_column_fix.sql:L34",STATIC_ACTIVE_FUNCTION_LAST_DEFINITION_CANDIDATES,NO_DEPLOYED_DATABASE_INSPECTION
F0254,s3b_player_progress#09,8,1,7,0,"s9_enter_act6(text,text,uuid)@database/063_package_a_player_entry_column_fix.sql:L41",8,4,4,0,"s3b_guard_player_progress_phase()@database/010_sprint3b_flow_integrity_and_inspect_fix.sql:L46 | s3b_submit_first_meeting(text,text,text)@database/017_sprint3c_override_act2_entry_correction.sql:L27 | s7_get_teacher_console(text,text)@database/044_sprint7_focused_level1_corrections.sql:L34 | s9_enter_act6(text,text,uuid)@database/063_package_a_player_entry_column_fix.sql:L34",STATIC_ACTIVE_FUNCTION_LAST_DEFINITION_CANDIDATES,NO_DEPLOYED_DATABASE_INSPECTION
F0255,s3b_player_progress#10,1,0,1,0,,16,7,9,0,"s3b_guard_player_progress_phase()@database/010_sprint3b_flow_integrity_and_inspect_fix.sql:L47 | s3b_submit_first_meeting(text,text,text)@database/017_sprint3c_override_act2_entry_correction.sql:L27 | s7_get_teacher_console(text,text)@database/044_sprint7_focused_level1_corrections.sql:L38 | s7_get_teacher_console(text,text)@database/044_sprint7_focused_level1_corrections.sql:L46 | s7_get_teacher_console(text,text)@database/044_sprint7_focused_level1_corrections.sql:L50 | s7_get_teacher_console(text,text)@database/044_sprint7_focused_level1_corrections.sql:L53 | s9_enter_act6(text,text,uuid)@database/063_package_a_player_entry_column_fix.sql:L34",STATIC_ACTIVE_FUNCTION_LAST_DEFINITION_CANDIDATES,NO_DEPLOYED_DATABASE_INSPECTION
F0256,s3b_player_progress#11,1,0,1,0,,8,2,6,0,"s3b_submit_first_meeting(text,text,text)@database/017_sprint3c_override_act2_entry_correction.sql:L27 | s9_enter_act6(text,text,uuid)@database/063_package_a_player_entry_column_fix.sql:L34",STATIC_ACTIVE_FUNCTION_LAST_DEFINITION_CANDIDATES,NO_DEPLOYED_DATABASE_INSPECTION
F0257,s3b_player_progress#12,7,0,7,0,,6,3,3,0,"s3b_submit_first_meeting(text,text,text)@database/017_sprint3c_override_act2_entry_correction.sql:L27 | s3b_submit_first_meeting(text,text,text)@database/017_sprint3c_override_act2_entry_correction.sql:L29 | s9_enter_act6(text,text,uuid)@database/063_package_a_player_entry_column_fix.sql:L34",STATIC_ACTIVE_FUNCTION_LAST_DEFINITION_CANDIDATES,NO_DEPLOYED_DATABASE_INSPECTION
F0258,s3b_player_progress#13,7,1,6,0,"s3b_initialize_flow(text,text)@database/014b_sprint3b_targeted_closure_corrections.sql:L29",5,2,3,0,"s3b_submit_first_meeting(text,text,text)@database/017_sprint3c_override_act2_entry_correction.sql:L27 | s9_enter_act6(text,text,uuid)@database/063_package_a_player_entry_column_fix.sql:L34",STATIC_ACTIVE_FUNCTION_LAST_DEFINITION_CANDIDATES,NO_DEPLOYED_DATABASE_INSPECTION
F0259,s3b_player_progress#14,1,0,1,0,,5,2,3,0,"s3b_submit_first_meeting(text,text,text)@database/017_sprint3c_override_act2_entry_correction.sql:L27 | s9_enter_act6(text,text,uuid)@database/063_package_a_player_entry_column_fix.sql:L34",STATIC_ACTIVE_FUNCTION_LAST_DEFINITION_CANDIDATES,NO_DEPLOYED_DATABASE_INSPECTION
F0260,s3b_player_progress#15,2,1,1,0,"s3b_ack_act1_opening(text,text)@database/014b_sprint3b_targeted_closure_corrections.sql:L86",5,2,3,0,"s3b_submit_first_meeting(text,text,text)@database/017_sprint3c_override_act2_entry_correction.sql:L27 | s9_enter_act6(text,text,uuid)@database/063_package_a_player_entry_column_fix.sql:L34",STATIC_ACTIVE_FUNCTION_LAST_DEFINITION_CANDIDATES,NO_DEPLOYED_DATABASE_INSPECTION
F0261,s3b_player_progress#16,7,2,5,0,"s3b_ack_act1_opening(text,text)@database/014b_sprint3b_targeted_closure_corrections.sql:L86 | s3b_submit_act1_choice(text,text,text)@database/014b_sprint3b_targeted_closure_corrections.sql:L99",8,2,6,0,"s3b_submit_first_meeting(text,text,text)@database/017_sprint3c_override_act2_entry_correction.sql:L27 | s9_enter_act6(text,text,uuid)@database/063_package_a_player_entry_column_fix.sql:L34",STATIC_ACTIVE_FUNCTION_LAST_DEFINITION_CANDIDATES,NO_DEPLOYED_DATABASE_INSPECTION
F0262,s3b_player_progress#17,1,1,0,0,"s3b_set_scene(uuid,text,text,text,text,text)@database/014_sprint3b_evidence_and_puzzle_integrity.sql:L200",8,5,3,0,"s3b_submit_first_meeting(text,text,text)@database/017_sprint3c_override_act2_entry_correction.sql:L27 | s3b_submit_first_meeting(text,text,text)@database/017_sprint3c_override_act2_entry_correction.sql:L33 | s3b_submit_first_meeting(text,text,text)@database/017_sprint3c_override_act2_entry_correction.sql:L34 | s3b_submit_first_meeting(text,text,text)@database/017_sprint3c_override_act2_entry_correction.sql:L35 | s9_enter_act6(text,text,uuid)@database/063_package_a_player_entry_column_fix.sql:L34",STATIC_ACTIVE_FUNCTION_LAST_DEFINITION_CANDIDATES,NO_DEPLOYED_DATABASE_INSPECTION
F0263,s3b_player_progress#18,6,2,4,0,"s3b_set_scene(uuid,text,text,text,text,text)@database/014_sprint3b_evidence_and_puzzle_integrity.sql:L200 | s3b_submit_first_meeting(text,text,text)@database/017_sprint3c_override_act2_entry_correction.sql:L42",8,2,6,0,"s3b_submit_first_meeting(text,text,text)@database/017_sprint3c_override_act2_entry_correction.sql:L27 | s9_enter_act6(text,text,uuid)@database/063_package_a_player_entry_column_fix.sql:L34",STATIC_ACTIVE_FUNCTION_LAST_DEFINITION_CANDIDATES,NO_DEPLOYED_DATABASE_INSPECTION
F0264,s3b_player_progress#19,1,1,0,0,"s3b_set_scene(uuid,text,text,text,text,text)@database/014_sprint3b_evidence_and_puzzle_integrity.sql:L205",5,2,3,0,"s3b_submit_first_meeting(text,text,text)@database/017_sprint3c_override_act2_entry_correction.sql:L27 | s9_enter_act6(text,text,uuid)@database/063_package_a_player_entry_column_fix.sql:L34",STATIC_ACTIVE_FUNCTION_LAST_DEFINITION_CANDIDATES,NO_DEPLOYED_DATABASE_INSPECTION
F0265,s3b_player_progress#20,5,2,3,0,"s3b_set_scene(uuid,text,text,text,text,text)@database/014_sprint3b_evidence_and_puzzle_integrity.sql:L205 | s3b_submit_act4_choice(text,text,text)@database/014b_sprint3b_targeted_closure_corrections.sql:L150",8,2,6,0,"s3b_submit_first_meeting(text,text,text)@database/017_sprint3c_override_act2_entry_correction.sql:L27 | s9_enter_act6(text,text,uuid)@database/063_package_a_player_entry_column_fix.sql:L34",STATIC_ACTIVE_FUNCTION_LAST_DEFINITION_CANDIDATES,NO_DEPLOYED_DATABASE_INSPECTION
F0266,s3b_player_progress#21,3,1,2,0,"s9_observe_act5_handoff(text,text,uuid)@database/064_package_a_handoff_observation_column_fix.sql:L31",8,3,5,0,"s3b_submit_first_meeting(text,text,text)@database/017_sprint3c_override_act2_entry_correction.sql:L27 | s9_enter_act6(text,text,uuid)@database/063_package_a_player_entry_column_fix.sql:L34 | s9_enter_act6(text,text,uuid)@database/063_package_a_player_entry_column_fix.sql:L36",STATIC_ACTIVE_FUNCTION_LAST_DEFINITION_CANDIDATES,NO_DEPLOYED_DATABASE_INSPECTION
F0267,s3b_player_progress#22,4,1,3,0,"s9_enter_act6(text,text,uuid)@database/063_package_a_player_entry_column_fix.sql:L41",8,3,5,0,"s3b_submit_first_meeting(text,text,text)@database/017_sprint3c_override_act2_entry_correction.sql:L27 | s9_enter_act6(text,text,uuid)@database/063_package_a_player_entry_column_fix.sql:L34 | s9_enter_act6(text,text,uuid)@database/063_package_a_player_entry_column_fix.sql:L39",STATIC_ACTIVE_FUNCTION_LAST_DEFINITION_CANDIDATES,NO_DEPLOYED_DATABASE_INSPECTION
F0268,s3b_post_inspection_route_votes#01,0,0,0,0,,1,1,0,0,"s3b_submit_post_inspection_route_vote(text,text,text)@database/014_sprint3b_evidence_and_puzzle_integrity.sql:L470",STATIC_ACTIVE_FUNCTION_LAST_DEFINITION_CANDIDATES,NO_DEPLOYED_DATABASE_INSPECTION
F0269,s3b_post_inspection_route_votes#02,1,1,0,0,"s3b_submit_post_inspection_route_vote(text,text,text)@database/014_sprint3b_evidence_and_puzzle_integrity.sql:L488",2,2,0,0,"s3b_submit_post_inspection_route_vote(text,text,text)@database/014_sprint3b_evidence_and_puzzle_integrity.sql:L470 | s3b_get_player_state(text,text)@database/014_sprint3b_evidence_and_puzzle_integrity.sql:L608",STATIC_ACTIVE_FUNCTION_LAST_DEFINITION_CANDIDATES,NO_DEPLOYED_DATABASE_INSPECTION
F0270,s3b_post_inspection_route_votes#03,1,1,0,0,"s3b_submit_post_inspection_route_vote(text,text,text)@database/014_sprint3b_evidence_and_puzzle_integrity.sql:L488",2,2,0,0,"s3b_submit_post_inspection_route_vote(text,text,text)@database/014_sprint3b_evidence_and_puzzle_integrity.sql:L470 | s3b_get_player_state(text,text)@database/014_sprint3b_evidence_and_puzzle_integrity.sql:L607",STATIC_ACTIVE_FUNCTION_LAST_DEFINITION_CANDIDATES,NO_DEPLOYED_DATABASE_INSPECTION
F0271,s3b_post_inspection_route_votes#04,0,0,0,0,,1,1,0,0,"s3b_submit_post_inspection_route_vote(text,text,text)@database/014_sprint3b_evidence_and_puzzle_integrity.sql:L470",STATIC_ACTIVE_FUNCTION_LAST_DEFINITION_CANDIDATES,NO_DEPLOYED_DATABASE_INSPECTION
F0272,s3b_post_inspection_route_votes#05,1,1,0,0,"s3b_submit_post_inspection_route_vote(text,text,text)@database/014_sprint3b_evidence_and_puzzle_integrity.sql:L488",3,3,0,0,"s3b_submit_post_inspection_route_vote(text,text,text)@database/014_sprint3b_evidence_and_puzzle_integrity.sql:L470 | s3b_submit_post_inspection_route_vote(text,text,text)@database/014_sprint3b_evidence_and_puzzle_integrity.sql:L473 | s3b_get_player_state(text,text)@database/014_sprint3b_evidence_and_puzzle_integrity.sql:L604",STATIC_ACTIVE_FUNCTION_LAST_DEFINITION_CANDIDATES,NO_DEPLOYED_DATABASE_INSPECTION
F0273,s3b_post_inspection_route_votes#06,0,0,0,0,,1,1,0,0,"s3b_submit_post_inspection_route_vote(text,text,text)@database/014_sprint3b_evidence_and_puzzle_integrity.sql:L470",STATIC_ACTIVE_FUNCTION_LAST_DEFINITION_CANDIDATES,NO_DEPLOYED_DATABASE_INSPECTION
F0274,s3b_post_inspection_route_votes#07,0,0,0,0,,1,1,0,0,"s3b_submit_post_inspection_route_vote(text,text,text)@database/014_sprint3b_evidence_and_puzzle_integrity.sql:L470",STATIC_ACTIVE_FUNCTION_LAST_DEFINITION_CANDIDATES,NO_DEPLOYED_DATABASE_INSPECTION
F0275,s3b_post_inspection_route_votes#08,0,0,0,0,,1,1,0,0,"s3b_submit_post_inspection_route_vote(text,text,text)@database/014_sprint3b_evidence_and_puzzle_integrity.sql:L470",STATIC_ACTIVE_FUNCTION_LAST_DEFINITION_CANDIDATES,NO_DEPLOYED_DATABASE_INSPECTION
F0276,s3b_post_inspection_route_votes#09,0,0,0,0,,2,2,0,0,"s3b_submit_post_inspection_route_vote(text,text,text)@database/014_sprint3b_evidence_and_puzzle_integrity.sql:L470 | s3b_get_player_state(text,text)@database/014_sprint3b_evidence_and_puzzle_integrity.sql:L604",STATIC_ACTIVE_FUNCTION_LAST_DEFINITION_CANDIDATES,NO_DEPLOYED_DATABASE_INSPECTION
F0277,s3b_run_state#01,1,0,1,0,,10,5,5,0,"s3b_refresh_puzzle(uuid)@database/011_sprint3b_transition_and_act1_delivery_integrity.sql:L100 | s3b_submit_library_code(text,text,text)@database/011_sprint3b_transition_and_act1_delivery_integrity.sql:L92 | s3b_submit_library_code(text,text,uuid,text)@database/014_sprint3b_evidence_and_puzzle_integrity.sql:L407 | s3b_apply_resolved_discussion_internal(uuid,uuid)@database/014a_sprint3b_inspect_reconnect_idempotency_fix.sql:L32 | s8_verify_integrity(uuid)@database/054_level3_integrated_closure.sql:L129",STATIC_ACTIVE_FUNCTION_LAST_DEFINITION_CANDIDATES,NO_DEPLOYED_DATABASE_INSPECTION
F0278,s3b_run_state#02,4,1,3,0,"s3b_apply_resolved_discussion_internal(uuid,uuid)@database/014a_sprint3b_inspect_reconnect_idempotency_fix.sql:L48",20,10,10,0,"s3b_guard_run_state_phase()@database/010_sprint3b_flow_integrity_and_inspect_fix.sql:L59 | s3b_refresh_puzzle(uuid)@database/011_sprint3b_transition_and_act1_delivery_integrity.sql:L100 | s3b_submit_library_code(text,text,text)@database/011_sprint3b_transition_and_act1_delivery_integrity.sql:L92 | s3b_submit_library_code(text,text,uuid,text)@database/014_sprint3b_evidence_and_puzzle_integrity.sql:L407 | s3b_apply_resolved_discussion_internal(uuid,uuid)@database/014a_sprint3b_inspect_reconnect_idempotency_fix.sql:L32 | s3b_apply_resolved_discussion_internal(uuid,uuid)@database/014a_sprint3b_inspect_reconnect_idempotency_fix.sql:L41 | s3b_apply_resolved_discussion_internal(uuid,uuid)@database/014a_sprint3b_inspect_reconnect_idempotency_fix.sql:L42 | s8_verify_integrity(uuid)@database/054_level3_integrated_closure.sql:L129 | s8_verify_integrity(uuid)@database/054_level3_integrated_closure.sql:L134 | s8_verify_integrity(uuid)@database/054_level3_integrated_closure.sql:L135",STATIC_ACTIVE_FUNCTION_LAST_DEFINITION_CANDIDATES,NO_DEPLOYED_DATABASE_INSPECTION
F0279,s3b_run_state#03,3,0,3,0,,10,5,5,0,"s3b_refresh_puzzle(uuid)@database/011_sprint3b_transition_and_act1_delivery_integrity.sql:L100 | s3b_submit_library_code(text,text,text)@database/011_sprint3b_transition_and_act1_delivery_integrity.sql:L92 | s3b_submit_library_code(text,text,uuid,text)@database/014_sprint3b_evidence_and_puzzle_integrity.sql:L407 | s3b_apply_resolved_discussion_internal(uuid,uuid)@database/014a_sprint3b_inspect_reconnect_idempotency_fix.sql:L32 | s8_verify_integrity(uuid)@database/054_level3_integrated_closure.sql:L129",STATIC_ACTIVE_FUNCTION_LAST_DEFINITION_CANDIDATES,NO_DEPLOYED_DATABASE_INSPECTION
F0280,s3b_run_state#04,2,0,2,0,,12,7,5,0,"s3b_guard_run_state_phase()@database/010_sprint3b_flow_integrity_and_inspect_fix.sql:L60 | s3b_refresh_puzzle(uuid)@database/011_sprint3b_transition_and_act1_delivery_integrity.sql:L100 | s3b_submit_library_code(text,text,text)@database/011_sprint3b_transition_and_act1_delivery_integrity.sql:L92 | s3b_submit_library_code(text,text,uuid,text)@database/014_sprint3b_evidence_and_puzzle_integrity.sql:L407 | s3b_submit_library_code(text,text,uuid,text)@database/014_sprint3b_evidence_and_puzzle_integrity.sql:L408 | s3b_apply_resolved_discussion_internal(uuid,uuid)@database/014a_sprint3b_inspect_reconnect_idempotency_fix.sql:L32 | s8_verify_integrity(uuid)@database/054_level3_integrated_closure.sql:L129",STATIC_ACTIVE_FUNCTION_LAST_DEFINITION_CANDIDATES,NO_DEPLOYED_DATABASE_INSPECTION
F0281,s3b_run_state#05,4,1,3,0,"s3b_audit_set_puzzle_elapsed(text,text,integer)@database/011_sprint3b_transition_and_act1_delivery_integrity.sql:L103",10,5,5,0,"s3b_refresh_puzzle(uuid)@database/011_sprint3b_transition_and_act1_delivery_integrity.sql:L100 | s3b_submit_library_code(text,text,text)@database/011_sprint3b_transition_and_act1_delivery_integrity.sql:L92 | s3b_submit_library_code(text,text,uuid,text)@database/014_sprint3b_evidence_and_puzzle_integrity.sql:L407 | s3b_apply_resolved_discussion_internal(uuid,uuid)@database/014a_sprint3b_inspect_reconnect_idempotency_fix.sql:L32 | s8_verify_integrity(uuid)@database/054_level3_integrated_closure.sql:L129",STATIC_ACTIVE_FUNCTION_LAST_DEFINITION_CANDIDATES,NO_DEPLOYED_DATABASE_INSPECTION
F0282,s3b_run_state#06,5,2,3,0,"s3b_audit_expire_puzzle(text,text)@database/007_sprint3b_act1_5_placeholder_flow.sql:L207 | s3b_audit_set_puzzle_elapsed(text,text,integer)@database/011_sprint3b_transition_and_act1_delivery_integrity.sql:L103",13,6,7,0,"s3b_refresh_puzzle(uuid)@database/011_sprint3b_transition_and_act1_delivery_integrity.sql:L100 | s3b_refresh_puzzle(uuid)@database/011_sprint3b_transition_and_act1_delivery_integrity.sql:L100 | s3b_submit_library_code(text,text,text)@database/011_sprint3b_transition_and_act1_delivery_integrity.sql:L92 | s3b_submit_library_code(text,text,uuid,text)@database/014_sprint3b_evidence_and_puzzle_integrity.sql:L407 | s3b_apply_resolved_discussion_internal(uuid,uuid)@database/014a_sprint3b_inspect_reconnect_idempotency_fix.sql:L32 | s8_verify_integrity(uuid)@database/054_level3_integrated_closure.sql:L129",STATIC_ACTIVE_FUNCTION_LAST_DEFINITION_CANDIDATES,NO_DEPLOYED_DATABASE_INSPECTION
F0283,s3b_run_state#07,2,1,1,0,"s3b_submit_library_code(text,text,uuid,text)@database/014_sprint3b_evidence_and_puzzle_integrity.sql:L417",11,6,5,0,"s3b_guard_run_state_phase()@database/010_sprint3b_flow_integrity_and_inspect_fix.sql:L61 | s3b_refresh_puzzle(uuid)@database/011_sprint3b_transition_and_act1_delivery_integrity.sql:L100 | s3b_submit_library_code(text,text,text)@database/011_sprint3b_transition_and_act1_delivery_integrity.sql:L92 | s3b_submit_library_code(text,text,uuid,text)@database/014_sprint3b_evidence_and_puzzle_integrity.sql:L407 | s3b_apply_resolved_discussion_internal(uuid,uuid)@database/014a_sprint3b_inspect_reconnect_idempotency_fix.sql:L32 | s8_verify_integrity(uuid)@database/054_level3_integrated_closure.sql:L129",STATIC_ACTIVE_FUNCTION_LAST_DEFINITION_CANDIDATES,NO_DEPLOYED_DATABASE_INSPECTION
F0284,s3b_run_state#08,5,2,3,0,"s3b_refresh_puzzle(uuid)@database/011_sprint3b_transition_and_act1_delivery_integrity.sql:L100 | s3b_submit_library_code(text,text,uuid,text)@database/014_sprint3b_evidence_and_puzzle_integrity.sql:L417",13,7,6,0,"s3b_guard_run_state_phase()@database/010_sprint3b_flow_integrity_and_inspect_fix.sql:L61 | s3b_refresh_puzzle(uuid)@database/011_sprint3b_transition_and_act1_delivery_integrity.sql:L100 | s3b_refresh_puzzle(uuid)@database/011_sprint3b_transition_and_act1_delivery_integrity.sql:L100 | s3b_submit_library_code(text,text,text)@database/011_sprint3b_transition_and_act1_delivery_integrity.sql:L92 | s3b_submit_library_code(text,text,uuid,text)@database/014_sprint3b_evidence_and_puzzle_integrity.sql:L407 | s3b_apply_resolved_discussion_internal(uuid,uuid)@database/014a_sprint3b_inspect_reconnect_idempotency_fix.sql:L32 | s8_verify_integrity(uuid)@database/054_level3_integrated_closure.sql:L129",STATIC_ACTIVE_FUNCTION_LAST_DEFINITION_CANDIDATES,NO_DEPLOYED_DATABASE_INSPECTION
F0285,s3b_run_state#09,5,2,3,0,"s3b_refresh_puzzle(uuid)@database/011_sprint3b_transition_and_act1_delivery_integrity.sql:L100 | s3b_submit_library_code(text,text,uuid,text)@database/014_sprint3b_evidence_and_puzzle_integrity.sql:L418",19,10,9,0,"s3b_guard_run_state_phase()@database/010_sprint3b_flow_integrity_and_inspect_fix.sql:L61 | s3b_refresh_puzzle(uuid)@database/011_sprint3b_transition_and_act1_delivery_integrity.sql:L100 | s3b_refresh_puzzle(uuid)@database/011_sprint3b_transition_and_act1_delivery_integrity.sql:L100 | s3b_submit_library_code(text,text,text)@database/011_sprint3b_transition_and_act1_delivery_integrity.sql:L92 | s3b_submit_library_code(text,text,text)@database/011_sprint3b_transition_and_act1_delivery_integrity.sql:L92 | s3b_submit_library_code(text,text,uuid,text)@database/014_sprint3b_evidence_and_puzzle_integrity.sql:L407 | s3b_submit_library_code(text,text,uuid,text)@database/014_sprint3b_evidence_and_puzzle_integrity.sql:L408 | s3b_apply_resolved_discussion_internal(uuid,uuid)@database/014a_sprint3b_inspect_reconnect_idempotency_fix.sql:L32 | s8_verify_integrity(uuid)@database/054_level3_integrated_closure.sql:L129 | s8_verify_integrity(uuid)@database/054_level3_integrated_closure.sql:L131",STATIC_ACTIVE_FUNCTION_LAST_DEFINITION_CANDIDATES,NO_DEPLOYED_DATABASE_INSPECTION
F0286,s3b_run_state#10,12,3,9,0,"s3b_submit_post_inspection_route_vote(text,text,text)@database/014_sprint3b_evidence_and_puzzle_integrity.sql:L503 | s3b_apply_resolved_discussion_internal(uuid,uuid)@database/014a_sprint3b_inspect_reconnect_idempotency_fix.sql:L74 | s3b_apply_resolved_discussion_internal(uuid,uuid)@database/014a_sprint3b_inspect_reconnect_idempotency_fix.sql:L83",18,8,10,0,"s3b_guard_run_state_phase()@database/010_sprint3b_flow_integrity_and_inspect_fix.sql:L63 | s3b_refresh_puzzle(uuid)@database/011_sprint3b_transition_and_act1_delivery_integrity.sql:L100 | s3b_submit_library_code(text,text,text)@database/011_sprint3b_transition_and_act1_delivery_integrity.sql:L92 | s3b_submit_library_code(text,text,uuid,text)@database/014_sprint3b_evidence_and_puzzle_integrity.sql:L407 | s3b_apply_resolved_discussion_internal(uuid,uuid)@database/014a_sprint3b_inspect_reconnect_idempotency_fix.sql:L32 | s3b_apply_resolved_discussion_internal(uuid,uuid)@database/014a_sprint3b_inspect_reconnect_idempotency_fix.sql:L64 | s3b_apply_resolved_discussion_internal(uuid,uuid)@database/014a_sprint3b_inspect_reconnect_idempotency_fix.sql:L67 | s8_verify_integrity(uuid)@database/054_level3_integrated_closure.sql:L129",STATIC_ACTIVE_FUNCTION_LAST_DEFINITION_CANDIDATES,NO_DEPLOYED_DATABASE_INSPECTION
F0287,s3b_run_state#11,5,1,4,0,"s3b_apply_resolved_discussion_internal(uuid,uuid)@database/014a_sprint3b_inspect_reconnect_idempotency_fix.sql:L74",14,6,8,0,"s3b_refresh_puzzle(uuid)@database/011_sprint3b_transition_and_act1_delivery_integrity.sql:L100 | s3b_submit_library_code(text,text,text)@database/011_sprint3b_transition_and_act1_delivery_integrity.sql:L92 | s3b_submit_library_code(text,text,uuid,text)@database/014_sprint3b_evidence_and_puzzle_integrity.sql:L407 | s3b_apply_resolved_discussion_internal(uuid,uuid)@database/014a_sprint3b_inspect_reconnect_idempotency_fix.sql:L32 | s3b_apply_resolved_discussion_internal(uuid,uuid)@database/014a_sprint3b_inspect_reconnect_idempotency_fix.sql:L65 | s8_verify_integrity(uuid)@database/054_level3_integrated_closure.sql:L129",STATIC_ACTIVE_FUNCTION_LAST_DEFINITION_CANDIDATES,NO_DEPLOYED_DATABASE_INSPECTION
F0288,s3b_run_state#12,12,3,9,0,"s3b_submit_post_inspection_route_vote(text,text,text)@database/014_sprint3b_evidence_and_puzzle_integrity.sql:L503 | s3b_apply_resolved_discussion_internal(uuid,uuid)@database/014a_sprint3b_inspect_reconnect_idempotency_fix.sql:L75 | s3b_apply_resolved_discussion_internal(uuid,uuid)@database/014a_sprint3b_inspect_reconnect_idempotency_fix.sql:L83",10,5,5,0,"s3b_refresh_puzzle(uuid)@database/011_sprint3b_transition_and_act1_delivery_integrity.sql:L100 | s3b_submit_library_code(text,text,text)@database/011_sprint3b_transition_and_act1_delivery_integrity.sql:L92 | s3b_submit_library_code(text,text,uuid,text)@database/014_sprint3b_evidence_and_puzzle_integrity.sql:L407 | s3b_apply_resolved_discussion_internal(uuid,uuid)@database/014a_sprint3b_inspect_reconnect_idempotency_fix.sql:L32 | s8_verify_integrity(uuid)@database/054_level3_integrated_closure.sql:L129",STATIC_ACTIVE_FUNCTION_LAST_DEFINITION_CANDIDATES,NO_DEPLOYED_DATABASE_INSPECTION
F0289,s3b_run_state#13,28,6,22,0,"s3b_refresh_puzzle(uuid)@database/011_sprint3b_transition_and_act1_delivery_integrity.sql:L100 | s3b_submit_library_code(text,text,uuid,text)@database/014_sprint3b_evidence_and_puzzle_integrity.sql:L419 | s3b_submit_post_inspection_route_vote(text,text,text)@database/014_sprint3b_evidence_and_puzzle_integrity.sql:L504 | s3b_apply_resolved_discussion_internal(uuid,uuid)@database/014a_sprint3b_inspect_reconnect_idempotency_fix.sql:L48 | s3b_apply_resolved_discussion_internal(uuid,uuid)@database/014a_sprint3b_inspect_reconnect_idempotency_fix.sql:L75 | s3b_apply_resolved_discussion_internal(uuid,uuid)@database/014a_sprint3b_inspect_reconnect_idempotency_fix.sql:L84",10,5,5,0,"s3b_refresh_puzzle(uuid)@database/011_sprint3b_transition_and_act1_delivery_integrity.sql:L100 | s3b_submit_library_code(text,text,text)@database/011_sprint3b_transition_and_act1_delivery_integrity.sql:L92 | s3b_submit_library_code(text,text,uuid,text)@database/014_sprint3b_evidence_and_puzzle_integrity.sql:L407 | s3b_apply_resolved_discussion_internal(uuid,uuid)@database/014a_sprint3b_inspect_reconnect_idempotency_fix.sql:L32 | s8_verify_integrity(uuid)@database/054_level3_integrated_closure.sql:L129",STATIC_ACTIVE_FUNCTION_LAST_DEFINITION_CANDIDATES,NO_DEPLOYED_DATABASE_INSPECTION
F0290,s3b_run_state#14,10,3,7,0,"s3b_submit_post_inspection_route_vote(text,text,text)@database/014_sprint3b_evidence_and_puzzle_integrity.sql:L503 | s3b_apply_resolved_discussion_internal(uuid,uuid)@database/014a_sprint3b_inspect_reconnect_idempotency_fix.sql:L74 | s3b_apply_resolved_discussion_internal(uuid,uuid)@database/014a_sprint3b_inspect_reconnect_idempotency_fix.sql:L83",13,6,7,0,"s3b_refresh_puzzle(uuid)@database/011_sprint3b_transition_and_act1_delivery_integrity.sql:L100 | s3b_submit_library_code(text,text,text)@database/011_sprint3b_transition_and_act1_delivery_integrity.sql:L92 | s3b_submit_library_code(text,text,uuid,text)@database/014_sprint3b_evidence_and_puzzle_integrity.sql:L407 | s3b_apply_resolved_discussion_internal(uuid,uuid)@database/014a_sprint3b_inspect_reconnect_idempotency_fix.sql:L32 | s3b_apply_resolved_discussion_internal(uuid,uuid)@database/014a_sprint3b_inspect_reconnect_idempotency_fix.sql:L64 | s8_verify_integrity(uuid)@database/054_level3_integrated_closure.sql:L129",STATIC_ACTIVE_FUNCTION_LAST_DEFINITION_CANDIDATES,NO_DEPLOYED_DATABASE_INSPECTION
F0291,s3b_run_state#15,2,1,1,0,s3b_refresh_puzzle(uuid)@database/011_sprint3b_transition_and_act1_delivery_integrity.sql:L100,12,7,5,0,"s3b_refresh_puzzle(uuid)@database/011_sprint3b_transition_and_act1_delivery_integrity.sql:L100 | s3b_submit_library_code(text,text,text)@database/011_sprint3b_transition_and_act1_delivery_integrity.sql:L92 | s3b_submit_library_code(text,text,text)@database/011_sprint3b_transition_and_act1_delivery_integrity.sql:L92 | s3b_submit_library_code(text,text,uuid,text)@database/014_sprint3b_evidence_and_puzzle_integrity.sql:L407 | s3b_submit_library_code(text,text,uuid,text)@database/014_sprint3b_evidence_and_puzzle_integrity.sql:L411 | s3b_apply_resolved_discussion_internal(uuid,uuid)@database/014a_sprint3b_inspect_reconnect_idempotency_fix.sql:L32 | s8_verify_integrity(uuid)@database/054_level3_integrated_closure.sql:L129",STATIC_ACTIVE_FUNCTION_LAST_DEFINITION_CANDIDATES,NO_DEPLOYED_DATABASE_INSPECTION
F0292,s5_act8_private_choices#01,1,0,1,0,,3,1,2,0,"s5_get_discussion_state(text,text)@database/029_sprint5_canonical_discussion_localization.sql:L92",STATIC_ACTIVE_FUNCTION_LAST_DEFINITION_CANDIDATES,NO_DEPLOYED_DATABASE_INSPECTION
F0293,s5_act8_private_choices#02,1,0,1,0,,1,0,1,0,,STATIC_ACTIVE_FUNCTION_LAST_DEFINITION_CANDIDATES,NO_DEPLOYED_DATABASE_INSPECTION
F0294,s5_act8_private_choices#03,1,0,1,0,,4,1,3,0,"s5_get_discussion_state(text,text)@database/029_sprint5_canonical_discussion_localization.sql:L92",STATIC_ACTIVE_FUNCTION_LAST_DEFINITION_CANDIDATES,NO_DEPLOYED_DATABASE_INSPECTION
F0295,s5_act8_private_choices#04,1,0,1,0,,1,0,1,0,,STATIC_ACTIVE_FUNCTION_LAST_DEFINITION_CANDIDATES,NO_DEPLOYED_DATABASE_INSPECTION
F0296,s5_act8_private_choices#05,0,0,0,0,,2,1,1,0,"s5_get_discussion_state(text,text)@database/029_sprint5_canonical_discussion_localization.sql:L92",STATIC_ACTIVE_FUNCTION_LAST_DEFINITION_CANDIDATES,NO_DEPLOYED_DATABASE_INSPECTION
F0297,s5_rounds#01,0,0,0,0,,7,1,6,0,"s5_configure_discussion(uuid,text)@database/032_sprint5_discussion_creation_restore.sql:L10",STATIC_ACTIVE_FUNCTION_LAST_DEFINITION_CANDIDATES,NO_DEPLOYED_DATABASE_INSPECTION
F0298,s5_rounds#02,9,1,8,0,s5_ensure_initialized(uuid)@database/062_package_a_prepared_event_fk_fix.sql:L14,8,5,3,0,"s5_get_player_state(text,text)@database/029_sprint5_canonical_discussion_localization.sql:L85 | s5_get_discussion_state(text,text)@database/029_sprint5_canonical_discussion_localization.sql:L89 | s5_send_message(text,text,uuid,integer,uuid,text)@database/030_sprint5_exact_session_messages.sql:L10 | s5_get_teacher_discussion_state(text,text)@database/031_sprint5_focused_reaudit_corrections.sql:L30 | s5_configure_discussion(uuid,text)@database/032_sprint5_discussion_creation_restore.sql:L10",STATIC_ACTIVE_FUNCTION_LAST_DEFINITION_CANDIDATES,NO_DEPLOYED_DATABASE_INSPECTION
F0299,s5_rounds#03,9,1,8,0,s5_ensure_initialized(uuid)@database/062_package_a_prepared_event_fk_fix.sql:L14,6,4,2,0,"s5_get_player_state(text,text)@database/029_sprint5_canonical_discussion_localization.sql:L85 | s5_get_discussion_state(text,text)@database/029_sprint5_canonical_discussion_localization.sql:L89 | s5_send_message(text,text,uuid,integer,uuid,text)@database/030_sprint5_exact_session_messages.sql:L10 | s5_get_teacher_discussion_state(text,text)@database/031_sprint5_focused_reaudit_corrections.sql:L30",STATIC_ACTIVE_FUNCTION_LAST_DEFINITION_CANDIDATES,NO_DEPLOYED_DATABASE_INSPECTION
F0300,s5_rounds#04,9,1,8,0,s5_ensure_initialized(uuid)@database/062_package_a_prepared_event_fk_fix.sql:L14,9,5,4,0,"s5_get_player_state(text,text)@database/029_sprint5_canonical_discussion_localization.sql:L85 | s5_get_discussion_state(text,text)@database/029_sprint5_canonical_discussion_localization.sql:L89 | s5_send_message(text,text,uuid,integer,uuid,text)@database/030_sprint5_exact_session_messages.sql:L10 | s5_get_teacher_discussion_state(text,text)@database/031_sprint5_focused_reaudit_corrections.sql:L30 | s5_configure_discussion(uuid,text)@database/032_sprint5_discussion_creation_restore.sql:L10",STATIC_ACTIVE_FUNCTION_LAST_DEFINITION_CANDIDATES,NO_DEPLOYED_DATABASE_INSPECTION
F0301,s5_rounds#05,9,1,8,0,s5_ensure_initialized(uuid)@database/062_package_a_prepared_event_fk_fix.sql:L14,3,1,2,0,"s5_configure_discussion(uuid,text)@database/032_sprint5_discussion_creation_restore.sql:L10",STATIC_ACTIVE_FUNCTION_LAST_DEFINITION_CANDIDATES,NO_DEPLOYED_DATABASE_INSPECTION
F0302,s5_rounds#06,4,0,4,0,,3,0,3,0,,STATIC_ACTIVE_FUNCTION_LAST_DEFINITION_CANDIDATES,NO_DEPLOYED_DATABASE_INSPECTION
F0303,s5_rounds#07,4,0,4,0,,2,0,2,0,,STATIC_ACTIVE_FUNCTION_LAST_DEFINITION_CANDIDATES,NO_DEPLOYED_DATABASE_INSPECTION
F0304,s5_rounds#08,0,0,0,0,,1,0,1,0,,STATIC_ACTIVE_FUNCTION_LAST_DEFINITION_CANDIDATES,NO_DEPLOYED_DATABASE_INSPECTION
F0305,s5_rounds#09,4,0,4,0,,1,0,1,0,,STATIC_ACTIVE_FUNCTION_LAST_DEFINITION_CANDIDATES,NO_DEPLOYED_DATABASE_INSPECTION
F0306,s5_run_state#01,5,1,4,0,s5_ensure_initialized(uuid)@database/062_package_a_prepared_event_fk_fix.sql:L11,21,9,12,0,"s5_submit_private_choice(text,text,uuid,text)@database/029_sprint5_canonical_discussion_localization.sql:L79 | s5_get_player_state(text,text)@database/029_sprint5_canonical_discussion_localization.sql:L85 | s5_get_discussion_state(text,text)@database/029_sprint5_canonical_discussion_localization.sql:L89 | s5_audit_expire_discussion(text,text)@database/029_sprint5_canonical_discussion_localization.sql:L98 | s5_send_message(text,text,uuid,integer,uuid,text)@database/030_sprint5_exact_session_messages.sql:L8 | s7_get_teacher_console(text,text)@database/044_sprint7_focused_level1_corrections.sql:L26 | s7_get_teacher_console(text,text)@database/044_sprint7_focused_level1_corrections.sql:L27 | s8_verify_integrity(uuid)@database/054_level3_integrated_closure.sql:L129 | s9_enter_act6(text,text,uuid)@database/063_package_a_player_entry_column_fix.sql:L32",STATIC_ACTIVE_FUNCTION_LAST_DEFINITION_CANDIDATES,NO_DEPLOYED_DATABASE_INSPECTION
F0307,s5_run_state#02,2,0,2,0,,22,10,12,0,"s5_submit_private_choice(text,text,uuid,text)@database/029_sprint5_canonical_discussion_localization.sql:L79 | s5_get_player_state(text,text)@database/029_sprint5_canonical_discussion_localization.sql:L85 | s5_get_discussion_state(text,text)@database/029_sprint5_canonical_discussion_localization.sql:L89 | s5_audit_expire_discussion(text,text)@database/029_sprint5_canonical_discussion_localization.sql:L98 | s5_send_message(text,text,uuid,integer,uuid,text)@database/030_sprint5_exact_session_messages.sql:L8 | act6_13_capture_s5_transition()@database/037_level3_independent_audit_closure.sql:L48 | s7_get_teacher_console(text,text)@database/044_sprint7_focused_level1_corrections.sql:L26 | s7_get_teacher_console(text,text)@database/044_sprint7_focused_level1_corrections.sql:L27 | s8_verify_integrity(uuid)@database/054_level3_integrated_closure.sql:L129 | s9_enter_act6(text,text,uuid)@database/063_package_a_player_entry_column_fix.sql:L32",STATIC_ACTIVE_FUNCTION_LAST_DEFINITION_CANDIDATES,NO_DEPLOYED_DATABASE_INSPECTION
F0308,s5_run_state#03,8,0,8,0,,60,24,36,0,"s5_submit_private_choice(text,text,uuid,text)@database/029_sprint5_canonical_discussion_localization.sql:L79 | s5_submit_private_choice(text,text,uuid,text)@database/029_sprint5_canonical_discussion_localization.sql:L79 | s5_get_player_state(text,text)@database/029_sprint5_canonical_discussion_localization.sql:L85 | s5_get_player_state(text,text)@database/029_sprint5_canonical_discussion_localization.sql:L85 | s5_get_discussion_state(text,text)@database/029_sprint5_canonical_discussion_localization.sql:L89 | s5_get_discussion_state(text,text)@database/029_sprint5_canonical_discussion_localization.sql:L89 | s5_get_discussion_state(text,text)@database/029_sprint5_canonical_discussion_localization.sql:L91 | s5_audit_expire_discussion(text,text)@database/029_sprint5_canonical_discussion_localization.sql:L98 | s5_audit_expire_discussion(text,text)@database/029_sprint5_canonical_discussion_localization.sql:L98 | s5_send_message(text,text,uuid,integer,uuid,text)@database/030_sprint5_exact_session_messages.sql:L10 | s5_send_message(text,text,uuid,integer,uuid,text)@database/030_sprint5_exact_session_messages.sql:L8 | s5_advance(text,text)@database/031_sprint5_focused_reaudit_corrections.sql:L19 | s5_get_teacher_discussion_state(text,text)@database/031_sprint5_focused_reaudit_corrections.sql:L30 | act6_13_capture_s5_transition()@database/037_level3_independent_audit_closure.sql:L48 | act6_13_capture_s5_transition()@database/037_level3_independent_audit_closure.sql:L50 | s7_get_teacher_console(text,text)@database/044_sprint7_focused_level1_corrections.sql:L26 | s7_get_teacher_console(text,text)@database/044_sprint7_focused_level1_corrections.sql:L39 | s7_get_teacher_console(text,text)@database/044_sprint7_focused_level1_corrections.sql:L40 | s5_teacher_open_vote(text,text)@database/045_sprint7_teacher_intervention_provenance.sql:L25 | s5_teacher_open_vote(text,text)@database/045_sprint7_teacher_intervention_provenance.sql:L26 | s5_teacher_add_time(text,text,integer)@database/045_sprint7_teacher_intervention_provenance.sql:L31 | s5_teacher_add_time(text,text,integer)@database/045_sprint7_teacher_intervention_provenance.sql:L32 | s8_verify_integrity(uuid)@database/054_level3_integrated_closure.sql:L129 | s9_enter_act6(text,text,uuid)@database/063_package_a_player_entry_column_fix.sql:L32",STATIC_ACTIVE_FUNCTION_LAST_DEFINITION_CANDIDATES,NO_DEPLOYED_DATABASE_INSPECTION
F0309,s5_run_state#04,5,0,5,0,,47,21,26,0,"s5_submit_private_choice(text,text,uuid,text)@database/029_sprint5_canonical_discussion_localization.sql:L79 | s5_submit_private_choice(text,text,uuid,text)@database/029_sprint5_canonical_discussion_localization.sql:L79 | s5_get_player_state(text,text)@database/029_sprint5_canonical_discussion_localization.sql:L85 | s5_get_player_state(text,text)@database/029_sprint5_canonical_discussion_localization.sql:L85 | s5_get_discussion_state(text,text)@database/029_sprint5_canonical_discussion_localization.sql:L89 | s5_get_discussion_state(text,text)@database/029_sprint5_canonical_discussion_localization.sql:L89 | s5_get_discussion_state(text,text)@database/029_sprint5_canonical_discussion_localization.sql:L91 | s5_get_discussion_state(text,text)@database/029_sprint5_canonical_discussion_localization.sql:L93 | s5_audit_expire_discussion(text,text)@database/029_sprint5_canonical_discussion_localization.sql:L98 | s5_audit_expire_discussion(text,text)@database/029_sprint5_canonical_discussion_localization.sql:L98 | s5_send_message(text,text,uuid,integer,uuid,text)@database/030_sprint5_exact_session_messages.sql:L8 | s5_get_teacher_discussion_state(text,text)@database/031_sprint5_focused_reaudit_corrections.sql:L30 | s5_get_teacher_discussion_state(text,text)@database/031_sprint5_focused_reaudit_corrections.sql:L31 | act6_13_capture_s5_transition()@database/037_level3_independent_audit_closure.sql:L48 | s7_get_teacher_console(text,text)@database/044_sprint7_focused_level1_corrections.sql:L26 | s5_teacher_open_vote(text,text)@database/045_sprint7_teacher_intervention_provenance.sql:L25 | s5_teacher_open_vote(text,text)@database/045_sprint7_teacher_intervention_provenance.sql:L26 | s5_teacher_add_time(text,text,integer)@database/045_sprint7_teacher_intervention_provenance.sql:L31 | s5_teacher_add_time(text,text,integer)@database/045_sprint7_teacher_intervention_provenance.sql:L32 | s8_verify_integrity(uuid)@database/054_level3_integrated_closure.sql:L129 | s9_enter_act6(text,text,uuid)@database/063_package_a_player_entry_column_fix.sql:L32",STATIC_ACTIVE_FUNCTION_LAST_DEFINITION_CANDIDATES,NO_DEPLOYED_DATABASE_INSPECTION
F0310,s5_run_state#05,2,0,2,0,,22,8,14,0,"s5_submit_private_choice(text,text,uuid,text)@database/029_sprint5_canonical_discussion_localization.sql:L79 | s5_get_player_state(text,text)@database/029_sprint5_canonical_discussion_localization.sql:L85 | s5_get_discussion_state(text,text)@database/029_sprint5_canonical_discussion_localization.sql:L89 | s5_audit_expire_discussion(text,text)@database/029_sprint5_canonical_discussion_localization.sql:L98 | s5_send_message(text,text,uuid,integer,uuid,text)@database/030_sprint5_exact_session_messages.sql:L8 | s7_get_teacher_console(text,text)@database/044_sprint7_focused_level1_corrections.sql:L26 | s8_verify_integrity(uuid)@database/054_level3_integrated_closure.sql:L129 | s9_enter_act6(text,text,uuid)@database/063_package_a_player_entry_column_fix.sql:L32",STATIC_ACTIVE_FUNCTION_LAST_DEFINITION_CANDIDATES,NO_DEPLOYED_DATABASE_INSPECTION
F0311,s5_run_state#06,1,0,1,0,,20,8,12,0,"s5_submit_private_choice(text,text,uuid,text)@database/029_sprint5_canonical_discussion_localization.sql:L79 | s5_get_player_state(text,text)@database/029_sprint5_canonical_discussion_localization.sql:L85 | s5_get_discussion_state(text,text)@database/029_sprint5_canonical_discussion_localization.sql:L89 | s5_audit_expire_discussion(text,text)@database/029_sprint5_canonical_discussion_localization.sql:L98 | s5_send_message(text,text,uuid,integer,uuid,text)@database/030_sprint5_exact_session_messages.sql:L8 | s7_get_teacher_console(text,text)@database/044_sprint7_focused_level1_corrections.sql:L26 | s8_verify_integrity(uuid)@database/054_level3_integrated_closure.sql:L129 | s9_enter_act6(text,text,uuid)@database/063_package_a_player_entry_column_fix.sql:L32",STATIC_ACTIVE_FUNCTION_LAST_DEFINITION_CANDIDATES,NO_DEPLOYED_DATABASE_INSPECTION
F0312,s5_run_state#07,2,0,2,0,,23,11,12,0,"s5_submit_private_choice(text,text,uuid,text)@database/029_sprint5_canonical_discussion_localization.sql:L79 | s5_get_player_state(text,text)@database/029_sprint5_canonical_discussion_localization.sql:L85 | s5_get_discussion_state(text,text)@database/029_sprint5_canonical_discussion_localization.sql:L89 | s5_audit_expire_discussion(text,text)@database/029_sprint5_canonical_discussion_localization.sql:L98 | s5_send_message(text,text,uuid,integer,uuid,text)@database/030_sprint5_exact_session_messages.sql:L8 | s7_get_teacher_console(text,text)@database/044_sprint7_focused_level1_corrections.sql:L26 | s8_verify_integrity(uuid)@database/054_level3_integrated_closure.sql:L129 | s8_verify_integrity(uuid)@database/054_level3_integrated_closure.sql:L138 | s8_verify_integrity(uuid)@database/054_level3_integrated_closure.sql:L140 | s8_verify_integrity(uuid)@database/054_level3_integrated_closure.sql:L142 | s9_enter_act6(text,text,uuid)@database/063_package_a_player_entry_column_fix.sql:L32",STATIC_ACTIVE_FUNCTION_LAST_DEFINITION_CANDIDATES,NO_DEPLOYED_DATABASE_INSPECTION
F0313,s5_run_state#08,1,0,1,0,,19,8,11,0,"s5_submit_private_choice(text,text,uuid,text)@database/029_sprint5_canonical_discussion_localization.sql:L79 | s5_get_player_state(text,text)@database/029_sprint5_canonical_discussion_localization.sql:L85 | s5_get_discussion_state(text,text)@database/029_sprint5_canonical_discussion_localization.sql:L89 | s5_audit_expire_discussion(text,text)@database/029_sprint5_canonical_discussion_localization.sql:L98 | s5_send_message(text,text,uuid,integer,uuid,text)@database/030_sprint5_exact_session_messages.sql:L8 | s7_get_teacher_console(text,text)@database/044_sprint7_focused_level1_corrections.sql:L26 | s8_verify_integrity(uuid)@database/054_level3_integrated_closure.sql:L129 | s9_enter_act6(text,text,uuid)@database/063_package_a_player_entry_column_fix.sql:L32",STATIC_ACTIVE_FUNCTION_LAST_DEFINITION_CANDIDATES,NO_DEPLOYED_DATABASE_INSPECTION
F0314,s5_run_state#09,12,1,11,0,"s9_enter_act6(text,text,uuid)@database/063_package_a_player_entry_column_fix.sql:L54",19,8,11,0,"s5_submit_private_choice(text,text,uuid,text)@database/029_sprint5_canonical_discussion_localization.sql:L79 | s5_get_player_state(text,text)@database/029_sprint5_canonical_discussion_localization.sql:L85 | s5_get_discussion_state(text,text)@database/029_sprint5_canonical_discussion_localization.sql:L89 | s5_audit_expire_discussion(text,text)@database/029_sprint5_canonical_discussion_localization.sql:L98 | s5_send_message(text,text,uuid,integer,uuid,text)@database/030_sprint5_exact_session_messages.sql:L8 | s7_get_teacher_console(text,text)@database/044_sprint7_focused_level1_corrections.sql:L26 | s8_verify_integrity(uuid)@database/054_level3_integrated_closure.sql:L129 | s9_enter_act6(text,text,uuid)@database/063_package_a_player_entry_column_fix.sql:L32",STATIC_ACTIVE_FUNCTION_LAST_DEFINITION_CANDIDATES,NO_DEPLOYED_DATABASE_INSPECTION
F0315,s5_run_state#10,4,1,3,0,"s9_enter_act6(text,text,uuid)@database/063_package_a_player_entry_column_fix.sql:L54",22,9,13,0,"s5_submit_private_choice(text,text,uuid,text)@database/029_sprint5_canonical_discussion_localization.sql:L79 | s5_get_player_state(text,text)@database/029_sprint5_canonical_discussion_localization.sql:L85 | s5_get_discussion_state(text,text)@database/029_sprint5_canonical_discussion_localization.sql:L89 | s5_audit_expire_discussion(text,text)@database/029_sprint5_canonical_discussion_localization.sql:L98 | s5_send_message(text,text,uuid,integer,uuid,text)@database/030_sprint5_exact_session_messages.sql:L8 | s7_get_teacher_console(text,text)@database/044_sprint7_focused_level1_corrections.sql:L26 | s8_verify_integrity(uuid)@database/054_level3_integrated_closure.sql:L129 | s9_enter_act6(text,text,uuid)@database/063_package_a_player_entry_column_fix.sql:L32 | s9_enter_act6(text,text,uuid)@database/063_package_a_player_entry_column_fix.sql:L48",STATIC_ACTIVE_FUNCTION_LAST_DEFINITION_CANDIDATES,NO_DEPLOYED_DATABASE_INSPECTION
F0316,s5_votes#01,1,0,1,0,,2,1,1,0,"s5_get_teacher_discussion_state(text,text)@database/031_sprint5_focused_reaudit_corrections.sql:L30",STATIC_ACTIVE_FUNCTION_LAST_DEFINITION_CANDIDATES,NO_DEPLOYED_DATABASE_INSPECTION
F0317,s5_votes#02,1,0,1,0,,2,1,1,0,"s5_get_teacher_discussion_state(text,text)@database/031_sprint5_focused_reaudit_corrections.sql:L30",STATIC_ACTIVE_FUNCTION_LAST_DEFINITION_CANDIDATES,NO_DEPLOYED_DATABASE_INSPECTION
F0318,s5_votes#03,1,0,1,0,,2,1,1,0,"s5_get_teacher_discussion_state(text,text)@database/031_sprint5_focused_reaudit_corrections.sql:L30",STATIC_ACTIVE_FUNCTION_LAST_DEFINITION_CANDIDATES,NO_DEPLOYED_DATABASE_INSPECTION
F0319,s5_votes#04,1,0,1,0,,2,1,1,0,"s5_get_teacher_discussion_state(text,text)@database/031_sprint5_focused_reaudit_corrections.sql:L30",STATIC_ACTIVE_FUNCTION_LAST_DEFINITION_CANDIDATES,NO_DEPLOYED_DATABASE_INSPECTION
F0320,s5_votes#05,1,0,1,0,,4,2,2,0,"s5_submit_vote(text,text,uuid,int,uuid,text)@database/031_sprint5_focused_reaudit_corrections.sql:L25 | s5_get_teacher_discussion_state(text,text)@database/031_sprint5_focused_reaudit_corrections.sql:L30",STATIC_ACTIVE_FUNCTION_LAST_DEFINITION_CANDIDATES,NO_DEPLOYED_DATABASE_INSPECTION
F0321,s5_votes#06,1,0,1,0,,1,0,1,0,,STATIC_ACTIVE_FUNCTION_LAST_DEFINITION_CANDIDATES,NO_DEPLOYED_DATABASE_INSPECTION
F0322,s5_votes#07,0,0,0,0,,2,1,1,0,"s5_get_teacher_discussion_state(text,text)@database/031_sprint5_focused_reaudit_corrections.sql:L30",STATIC_ACTIVE_FUNCTION_LAST_DEFINITION_CANDIDATES,NO_DEPLOYED_DATABASE_INSPECTION
F0323,s6_action_receipts#01,9,9,0,0,"s6_send_message_guarded(text,text,uuid,uuid,text)@database/035_sprint6_focused_audit_corrections.sql:L40 | s6_submit_group_choice_guarded(text,text,uuid,text,text,int,int)@database/035_sprint6_focused_audit_corrections.sql:L55 | s6_submit_private_choice_guarded(text,text,uuid,text,text,int,int)@database/035_sprint6_focused_audit_corrections.sql:L57 | s6_advance_guarded(text,text,uuid,text,int,int)@database/035_sprint6_focused_audit_corrections.sql:L59 | s6_submit_allocation_guarded(text,text,uuid,text,text,int,int)@database/035_sprint6_focused_audit_corrections.sql:L61 | s6_complete_station_guarded(text,text,uuid,text,text,int,int)@database/035_sprint6_focused_audit_corrections.sql:L63 | s6_engage_guarded(text,text,uuid,text,text,int,int)@database/035_sprint6_focused_audit_corrections.sql:L67 | s6_close_discussion_v2(text,text,uuid,text,int,int,uuid)@database/036_sprint6_four_open_findings.sql:L16 | s6_complete_station_v2(text,text,uuid,text,text,int,int)@database/036_sprint6_four_open_findings.sql:L25",0,0,0,0,,STATIC_ACTIVE_FUNCTION_LAST_DEFINITION_CANDIDATES,NO_DEPLOYED_DATABASE_INSPECTION
F0324,s6_action_receipts#02,9,9,0,0,"s6_send_message_guarded(text,text,uuid,uuid,text)@database/035_sprint6_focused_audit_corrections.sql:L40 | s6_submit_group_choice_guarded(text,text,uuid,text,text,int,int)@database/035_sprint6_focused_audit_corrections.sql:L55 | s6_submit_private_choice_guarded(text,text,uuid,text,text,int,int)@database/035_sprint6_focused_audit_corrections.sql:L57 | s6_advance_guarded(text,text,uuid,text,int,int)@database/035_sprint6_focused_audit_corrections.sql:L59 | s6_submit_allocation_guarded(text,text,uuid,text,text,int,int)@database/035_sprint6_focused_audit_corrections.sql:L61 | s6_complete_station_guarded(text,text,uuid,text,text,int,int)@database/035_sprint6_focused_audit_corrections.sql:L63 | s6_engage_guarded(text,text,uuid,text,text,int,int)@database/035_sprint6_focused_audit_corrections.sql:L67 | s6_close_discussion_v2(text,text,uuid,text,int,int,uuid)@database/036_sprint6_four_open_findings.sql:L16 | s6_complete_station_v2(text,text,uuid,text,text,int,int)@database/036_sprint6_four_open_findings.sql:L25",0,0,0,0,,STATIC_ACTIVE_FUNCTION_LAST_DEFINITION_CANDIDATES,NO_DEPLOYED_DATABASE_INSPECTION
F0325,s6_action_receipts#03,9,9,0,0,"s6_send_message_guarded(text,text,uuid,uuid,text)@database/035_sprint6_focused_audit_corrections.sql:L40 | s6_submit_group_choice_guarded(text,text,uuid,text,text,int,int)@database/035_sprint6_focused_audit_corrections.sql:L55 | s6_submit_private_choice_guarded(text,text,uuid,text,text,int,int)@database/035_sprint6_focused_audit_corrections.sql:L57 | s6_advance_guarded(text,text,uuid,text,int,int)@database/035_sprint6_focused_audit_corrections.sql:L59 | s6_submit_allocation_guarded(text,text,uuid,text,text,int,int)@database/035_sprint6_focused_audit_corrections.sql:L61 | s6_complete_station_guarded(text,text,uuid,text,text,int,int)@database/035_sprint6_focused_audit_corrections.sql:L63 | s6_engage_guarded(text,text,uuid,text,text,int,int)@database/035_sprint6_focused_audit_corrections.sql:L67 | s6_close_discussion_v2(text,text,uuid,text,int,int,uuid)@database/036_sprint6_four_open_findings.sql:L16 | s6_complete_station_v2(text,text,uuid,text,text,int,int)@database/036_sprint6_four_open_findings.sql:L25",0,0,0,0,,STATIC_ACTIVE_FUNCTION_LAST_DEFINITION_CANDIDATES,NO_DEPLOYED_DATABASE_INSPECTION
F0326,s6_action_receipts#04,9,9,0,0,"s6_send_message_guarded(text,text,uuid,uuid,text)@database/035_sprint6_focused_audit_corrections.sql:L40 | s6_submit_group_choice_guarded(text,text,uuid,text,text,int,int)@database/035_sprint6_focused_audit_corrections.sql:L55 | s6_submit_private_choice_guarded(text,text,uuid,text,text,int,int)@database/035_sprint6_focused_audit_corrections.sql:L57 | s6_advance_guarded(text,text,uuid,text,int,int)@database/035_sprint6_focused_audit_corrections.sql:L59 | s6_submit_allocation_guarded(text,text,uuid,text,text,int,int)@database/035_sprint6_focused_audit_corrections.sql:L61 | s6_complete_station_guarded(text,text,uuid,text,text,int,int)@database/035_sprint6_focused_audit_corrections.sql:L63 | s6_engage_guarded(text,text,uuid,text,text,int,int)@database/035_sprint6_focused_audit_corrections.sql:L67 | s6_close_discussion_v2(text,text,uuid,text,int,int,uuid)@database/036_sprint6_four_open_findings.sql:L16 | s6_complete_station_v2(text,text,uuid,text,text,int,int)@database/036_sprint6_four_open_findings.sql:L25",9,9,0,0,"s6_send_message_guarded(text,text,uuid,uuid,text)@database/035_sprint6_focused_audit_corrections.sql:L40 | s6_submit_group_choice_guarded(text,text,uuid,text,text,int,int)@database/035_sprint6_focused_audit_corrections.sql:L46 | s6_submit_private_choice_guarded(text,text,uuid,text,text,int,int)@database/035_sprint6_focused_audit_corrections.sql:L57 | s6_advance_guarded(text,text,uuid,text,int,int)@database/035_sprint6_focused_audit_corrections.sql:L59 | s6_submit_allocation_guarded(text,text,uuid,text,text,int,int)@database/035_sprint6_focused_audit_corrections.sql:L61 | s6_complete_station_guarded(text,text,uuid,text,text,int,int)@database/035_sprint6_focused_audit_corrections.sql:L63 | s6_engage_guarded(text,text,uuid,text,text,int,int)@database/035_sprint6_focused_audit_corrections.sql:L67 | s6_close_discussion_v2(text,text,uuid,text,int,int,uuid)@database/036_sprint6_four_open_findings.sql:L16 | s6_complete_station_v2(text,text,uuid,text,text,int,int)@database/036_sprint6_four_open_findings.sql:L25",STATIC_ACTIVE_FUNCTION_LAST_DEFINITION_CANDIDATES,NO_DEPLOYED_DATABASE_INSPECTION
F0327,s6_action_receipts#05,9,9,0,0,"s6_send_message_guarded(text,text,uuid,uuid,text)@database/035_sprint6_focused_audit_corrections.sql:L40 | s6_submit_group_choice_guarded(text,text,uuid,text,text,int,int)@database/035_sprint6_focused_audit_corrections.sql:L55 | s6_submit_private_choice_guarded(text,text,uuid,text,text,int,int)@database/035_sprint6_focused_audit_corrections.sql:L57 | s6_advance_guarded(text,text,uuid,text,int,int)@database/035_sprint6_focused_audit_corrections.sql:L59 | s6_submit_allocation_guarded(text,text,uuid,text,text,int,int)@database/035_sprint6_focused_audit_corrections.sql:L61 | s6_complete_station_guarded(text,text,uuid,text,text,int,int)@database/035_sprint6_focused_audit_corrections.sql:L63 | s6_engage_guarded(text,text,uuid,text,text,int,int)@database/035_sprint6_focused_audit_corrections.sql:L67 | s6_close_discussion_v2(text,text,uuid,text,int,int,uuid)@database/036_sprint6_four_open_findings.sql:L16 | s6_complete_station_v2(text,text,uuid,text,text,int,int)@database/036_sprint6_four_open_findings.sql:L25",9,9,0,0,"s6_send_message_guarded(text,text,uuid,uuid,text)@database/035_sprint6_focused_audit_corrections.sql:L40 | s6_submit_group_choice_guarded(text,text,uuid,text,text,int,int)@database/035_sprint6_focused_audit_corrections.sql:L46 | s6_submit_private_choice_guarded(text,text,uuid,text,text,int,int)@database/035_sprint6_focused_audit_corrections.sql:L57 | s6_advance_guarded(text,text,uuid,text,int,int)@database/035_sprint6_focused_audit_corrections.sql:L59 | s6_submit_allocation_guarded(text,text,uuid,text,text,int,int)@database/035_sprint6_focused_audit_corrections.sql:L61 | s6_complete_station_guarded(text,text,uuid,text,text,int,int)@database/035_sprint6_focused_audit_corrections.sql:L63 | s6_engage_guarded(text,text,uuid,text,text,int,int)@database/035_sprint6_focused_audit_corrections.sql:L67 | s6_close_discussion_v2(text,text,uuid,text,int,int,uuid)@database/036_sprint6_four_open_findings.sql:L16 | s6_complete_station_v2(text,text,uuid,text,text,int,int)@database/036_sprint6_four_open_findings.sql:L25",STATIC_ACTIVE_FUNCTION_LAST_DEFINITION_CANDIDATES,NO_DEPLOYED_DATABASE_INSPECTION
F0328,s6_action_receipts#06,9,9,0,0,"s6_send_message_guarded(text,text,uuid,uuid,text)@database/035_sprint6_focused_audit_corrections.sql:L40 | s6_submit_group_choice_guarded(text,text,uuid,text,text,int,int)@database/035_sprint6_focused_audit_corrections.sql:L55 | s6_submit_private_choice_guarded(text,text,uuid,text,text,int,int)@database/035_sprint6_focused_audit_corrections.sql:L57 | s6_advance_guarded(text,text,uuid,text,int,int)@database/035_sprint6_focused_audit_corrections.sql:L59 | s6_submit_allocation_guarded(text,text,uuid,text,text,int,int)@database/035_sprint6_focused_audit_corrections.sql:L61 | s6_complete_station_guarded(text,text,uuid,text,text,int,int)@database/035_sprint6_focused_audit_corrections.sql:L63 | s6_engage_guarded(text,text,uuid,text,text,int,int)@database/035_sprint6_focused_audit_corrections.sql:L67 | s6_close_discussion_v2(text,text,uuid,text,int,int,uuid)@database/036_sprint6_four_open_findings.sql:L16 | s6_complete_station_v2(text,text,uuid,text,text,int,int)@database/036_sprint6_four_open_findings.sql:L25",9,9,0,0,"s6_send_message_guarded(text,text,uuid,uuid,text)@database/035_sprint6_focused_audit_corrections.sql:L40 | s6_submit_group_choice_guarded(text,text,uuid,text,text,int,int)@database/035_sprint6_focused_audit_corrections.sql:L46 | s6_submit_private_choice_guarded(text,text,uuid,text,text,int,int)@database/035_sprint6_focused_audit_corrections.sql:L57 | s6_advance_guarded(text,text,uuid,text,int,int)@database/035_sprint6_focused_audit_corrections.sql:L59 | s6_submit_allocation_guarded(text,text,uuid,text,text,int,int)@database/035_sprint6_focused_audit_corrections.sql:L61 | s6_complete_station_guarded(text,text,uuid,text,text,int,int)@database/035_sprint6_focused_audit_corrections.sql:L63 | s6_engage_guarded(text,text,uuid,text,text,int,int)@database/035_sprint6_focused_audit_corrections.sql:L67 | s6_close_discussion_v2(text,text,uuid,text,int,int,uuid)@database/036_sprint6_four_open_findings.sql:L16 | s6_complete_station_v2(text,text,uuid,text,text,int,int)@database/036_sprint6_four_open_findings.sql:L25",STATIC_ACTIVE_FUNCTION_LAST_DEFINITION_CANDIDATES,NO_DEPLOYED_DATABASE_INSPECTION
F0329,s6_action_receipts#07,9,9,0,0,"s6_send_message_guarded(text,text,uuid,uuid,text)@database/035_sprint6_focused_audit_corrections.sql:L40 | s6_submit_group_choice_guarded(text,text,uuid,text,text,int,int)@database/035_sprint6_focused_audit_corrections.sql:L55 | s6_submit_private_choice_guarded(text,text,uuid,text,text,int,int)@database/035_sprint6_focused_audit_corrections.sql:L57 | s6_advance_guarded(text,text,uuid,text,int,int)@database/035_sprint6_focused_audit_corrections.sql:L59 | s6_submit_allocation_guarded(text,text,uuid,text,text,int,int)@database/035_sprint6_focused_audit_corrections.sql:L61 | s6_complete_station_guarded(text,text,uuid,text,text,int,int)@database/035_sprint6_focused_audit_corrections.sql:L63 | s6_engage_guarded(text,text,uuid,text,text,int,int)@database/035_sprint6_focused_audit_corrections.sql:L67 | s6_close_discussion_v2(text,text,uuid,text,int,int,uuid)@database/036_sprint6_four_open_findings.sql:L16 | s6_complete_station_v2(text,text,uuid,text,text,int,int)@database/036_sprint6_four_open_findings.sql:L25",0,0,0,0,,STATIC_ACTIVE_FUNCTION_LAST_DEFINITION_CANDIDATES,NO_DEPLOYED_DATABASE_INSPECTION
F0330,s6_allocation_attempts#01,0,0,0,0,,0,0,0,0,,STATIC_ACTIVE_FUNCTION_LAST_DEFINITION_CANDIDATES,NO_DEPLOYED_DATABASE_INSPECTION
F0331,s6_allocation_attempts#02,1,1,0,0,"s6_submit_allocation_guarded(text,text,uuid,text,text,int,int)@database/035_sprint6_focused_audit_corrections.sql:L61",0,0,0,0,,STATIC_ACTIVE_FUNCTION_LAST_DEFINITION_CANDIDATES,NO_DEPLOYED_DATABASE_INSPECTION
F0332,s6_allocation_attempts#03,1,1,0,0,"s6_submit_allocation_guarded(text,text,uuid,text,text,int,int)@database/035_sprint6_focused_audit_corrections.sql:L61",0,0,0,0,,STATIC_ACTIVE_FUNCTION_LAST_DEFINITION_CANDIDATES,NO_DEPLOYED_DATABASE_INSPECTION
F0333,s6_allocation_attempts#04,1,1,0,0,"s6_submit_allocation_guarded(text,text,uuid,text,text,int,int)@database/035_sprint6_focused_audit_corrections.sql:L61",0,0,0,0,,STATIC_ACTIVE_FUNCTION_LAST_DEFINITION_CANDIDATES,NO_DEPLOYED_DATABASE_INSPECTION
F0334,s6_allocation_attempts#05,1,1,0,0,"s6_submit_allocation_guarded(text,text,uuid,text,text,int,int)@database/035_sprint6_focused_audit_corrections.sql:L61",0,0,0,0,,STATIC_ACTIVE_FUNCTION_LAST_DEFINITION_CANDIDATES,NO_DEPLOYED_DATABASE_INSPECTION
F0335,s6_allocation_attempts#06,1,1,0,0,"s6_submit_allocation_guarded(text,text,uuid,text,text,int,int)@database/035_sprint6_focused_audit_corrections.sql:L61",0,0,0,0,,STATIC_ACTIVE_FUNCTION_LAST_DEFINITION_CANDIDATES,NO_DEPLOYED_DATABASE_INSPECTION
F0336,s6_allocation_attempts#07,0,0,0,0,,0,0,0,0,,STATIC_ACTIVE_FUNCTION_LAST_DEFINITION_CANDIDATES,NO_DEPLOYED_DATABASE_INSPECTION
F0337,s6_allocations#01,3,2,1,0,"s6_submit_allocation(text,text,uuid,text)@database/034_sprint6_contract_hardening.sql:L23 | s6_submit_allocation_guarded(text,text,uuid,text,text,int,int)@database/035_sprint6_focused_audit_corrections.sql:L61",3,2,1,0,"s6_submit_allocation(text,text,uuid,text)@database/034_sprint6_contract_hardening.sql:L23 | s6_submit_allocation_guarded(text,text,uuid,text,text,int,int)@database/035_sprint6_focused_audit_corrections.sql:L61",STATIC_ACTIVE_FUNCTION_LAST_DEFINITION_CANDIDATES,NO_DEPLOYED_DATABASE_INSPECTION
F0338,s6_allocations#02,3,2,1,0,"s6_submit_allocation(text,text,uuid,text)@database/034_sprint6_contract_hardening.sql:L23 | s6_submit_allocation_guarded(text,text,uuid,text,text,int,int)@database/035_sprint6_focused_audit_corrections.sql:L61",0,0,0,0,,STATIC_ACTIVE_FUNCTION_LAST_DEFINITION_CANDIDATES,NO_DEPLOYED_DATABASE_INSPECTION
F0339,s6_allocations#03,3,2,1,0,"s6_submit_allocation(text,text,uuid,text)@database/034_sprint6_contract_hardening.sql:L23 | s6_submit_allocation_guarded(text,text,uuid,text,text,int,int)@database/035_sprint6_focused_audit_corrections.sql:L61",4,3,1,0,"s6_submit_allocation(text,text,uuid,text)@database/034_sprint6_contract_hardening.sql:L22 | s6_submit_allocation(text,text,uuid,text)@database/034_sprint6_contract_hardening.sql:L23 | s6_submit_allocation_guarded(text,text,uuid,text,text,int,int)@database/035_sprint6_focused_audit_corrections.sql:L61",STATIC_ACTIVE_FUNCTION_LAST_DEFINITION_CANDIDATES,NO_DEPLOYED_DATABASE_INSPECTION
F0340,s6_allocations#04,3,2,1,0,"s6_submit_allocation(text,text,uuid,text)@database/034_sprint6_contract_hardening.sql:L23 | s6_submit_allocation_guarded(text,text,uuid,text,text,int,int)@database/035_sprint6_focused_audit_corrections.sql:L61",0,0,0,0,,STATIC_ACTIVE_FUNCTION_LAST_DEFINITION_CANDIDATES,NO_DEPLOYED_DATABASE_INSPECTION
F0341,s6_allocations#05,3,2,1,0,"s6_submit_allocation(text,text,uuid,text)@database/034_sprint6_contract_hardening.sql:L23 | s6_submit_allocation_guarded(text,text,uuid,text,text,int,int)@database/035_sprint6_focused_audit_corrections.sql:L61",0,0,0,0,,STATIC_ACTIVE_FUNCTION_LAST_DEFINITION_CANDIDATES,NO_DEPLOYED_DATABASE_INSPECTION
F0342,s6_audio_consumptions#01,1,1,0,0,"s6_mark_audio_consumed(text,text,uuid,text)@database/037_level3_independent_audit_closure.sql:L173",7,1,6,0,"s7_get_teacher_console(text,text)@database/044_sprint7_focused_level1_corrections.sql:L63",STATIC_ACTIVE_FUNCTION_LAST_DEFINITION_CANDIDATES,NO_DEPLOYED_DATABASE_INSPECTION
F0343,s6_audio_consumptions#02,1,1,0,0,"s6_mark_audio_consumed(text,text,uuid,text)@database/037_level3_independent_audit_closure.sql:L173",2,0,2,0,,STATIC_ACTIVE_FUNCTION_LAST_DEFINITION_CANDIDATES,NO_DEPLOYED_DATABASE_INSPECTION
F0344,s6_audio_consumptions#03,1,1,0,0,"s6_mark_audio_consumed(text,text,uuid,text)@database/037_level3_independent_audit_closure.sql:L173",2,0,2,0,,STATIC_ACTIVE_FUNCTION_LAST_DEFINITION_CANDIDATES,NO_DEPLOYED_DATABASE_INSPECTION
F0345,s6_audio_consumptions#04,0,0,0,0,,2,0,2,0,,STATIC_ACTIVE_FUNCTION_LAST_DEFINITION_CANDIDATES,NO_DEPLOYED_DATABASE_INSPECTION
F0346,s6_audio_occurrences#01,0,0,0,0,,7,4,3,0,"s6_mark_audio_consumed(text,text,uuid,text)@database/037_level3_independent_audit_closure.sql:L170 | s6_mark_audio_consumed(text,text,uuid,text)@database/037_level3_independent_audit_closure.sql:L173 | s6_mark_audio_consumed(text,text,uuid,text)@database/037_level3_independent_audit_closure.sql:L174 | s6_mark_audio_consumed(text,text,uuid,text)@database/037_level3_independent_audit_closure.sql:L175",STATIC_ACTIVE_FUNCTION_LAST_DEFINITION_CANDIDATES,NO_DEPLOYED_DATABASE_INSPECTION
F0347,s6_audio_occurrences#02,1,1,0,0,act6_13_prepare_s6_state()@database/037_level3_independent_audit_closure.sql:L63,3,1,2,0,"s6_mark_audio_consumed(text,text,uuid,text)@database/037_level3_independent_audit_closure.sql:L170",STATIC_ACTIVE_FUNCTION_LAST_DEFINITION_CANDIDATES,NO_DEPLOYED_DATABASE_INSPECTION
F0348,s6_audio_occurrences#03,1,1,0,0,act6_13_prepare_s6_state()@database/037_level3_independent_audit_closure.sql:L63,2,2,0,0,"s6_mark_audio_consumed(text,text,uuid,text)@database/037_level3_independent_audit_closure.sql:L170 | s6_mark_audio_consumed(text,text,uuid,text)@database/037_level3_independent_audit_closure.sql:L174",STATIC_ACTIVE_FUNCTION_LAST_DEFINITION_CANDIDATES,NO_DEPLOYED_DATABASE_INSPECTION
F0349,s6_audio_occurrences#04,1,1,0,0,act6_13_prepare_s6_state()@database/037_level3_independent_audit_closure.sql:L63,2,2,0,0,"s6_mark_audio_consumed(text,text,uuid,text)@database/037_level3_independent_audit_closure.sql:L170 | s6_mark_audio_consumed(text,text,uuid,text)@database/037_level3_independent_audit_closure.sql:L174",STATIC_ACTIVE_FUNCTION_LAST_DEFINITION_CANDIDATES,NO_DEPLOYED_DATABASE_INSPECTION
F0350,s6_audio_occurrences#05,1,1,0,0,act6_13_prepare_s6_state()@database/037_level3_independent_audit_closure.sql:L63,1,1,0,0,"s6_mark_audio_consumed(text,text,uuid,text)@database/037_level3_independent_audit_closure.sql:L170",STATIC_ACTIVE_FUNCTION_LAST_DEFINITION_CANDIDATES,NO_DEPLOYED_DATABASE_INSPECTION
F0351,s6_audio_occurrences#06,0,0,0,0,,1,1,0,0,"s6_mark_audio_consumed(text,text,uuid,text)@database/037_level3_independent_audit_closure.sql:L170",STATIC_ACTIVE_FUNCTION_LAST_DEFINITION_CANDIDATES,NO_DEPLOYED_DATABASE_INSPECTION
F0352,s6_choices#01,6,4,2,0,"s6_submit_group_choice(text,text,uuid,text)@database/034_sprint6_contract_hardening.sql:L10 | s6_submit_private_choice(text,text,uuid,text)@database/034_sprint6_contract_hardening.sql:L20 | s6_submit_group_choice_guarded(text,text,uuid,text,text,int,int)@database/035_sprint6_focused_audit_corrections.sql:L46 | s6_submit_private_choice_guarded(text,text,uuid,text,text,int,int)@database/035_sprint6_focused_audit_corrections.sql:L57",8,2,6,0,"s6_get_player_state(text,text)@database/037_level3_independent_audit_closure.sql:L179 | s9_get_player_wait_state(text,text)@database/067_package_b_allocation_progress_fix.sql:L11",STATIC_ACTIVE_FUNCTION_LAST_DEFINITION_CANDIDATES,NO_DEPLOYED_DATABASE_INSPECTION
F0353,s6_choices#02,6,4,2,0,"s6_submit_group_choice(text,text,uuid,text)@database/034_sprint6_contract_hardening.sql:L10 | s6_submit_private_choice(text,text,uuid,text)@database/034_sprint6_contract_hardening.sql:L20 | s6_submit_group_choice_guarded(text,text,uuid,text,text,int,int)@database/035_sprint6_focused_audit_corrections.sql:L46 | s6_submit_private_choice_guarded(text,text,uuid,text,text,int,int)@database/035_sprint6_focused_audit_corrections.sql:L57",8,2,6,0,"s6_get_player_state(text,text)@database/037_level3_independent_audit_closure.sql:L179 | s9_get_player_wait_state(text,text)@database/067_package_b_allocation_progress_fix.sql:L11",STATIC_ACTIVE_FUNCTION_LAST_DEFINITION_CANDIDATES,NO_DEPLOYED_DATABASE_INSPECTION
F0354,s6_choices#03,6,4,2,0,"s6_submit_group_choice(text,text,uuid,text)@database/034_sprint6_contract_hardening.sql:L10 | s6_submit_private_choice(text,text,uuid,text)@database/034_sprint6_contract_hardening.sql:L20 | s6_submit_group_choice_guarded(text,text,uuid,text,text,int,int)@database/035_sprint6_focused_audit_corrections.sql:L46 | s6_submit_private_choice_guarded(text,text,uuid,text,text,int,int)@database/035_sprint6_focused_audit_corrections.sql:L57",5,1,4,0,"s9_get_player_wait_state(text,text)@database/067_package_b_allocation_progress_fix.sql:L11",STATIC_ACTIVE_FUNCTION_LAST_DEFINITION_CANDIDATES,NO_DEPLOYED_DATABASE_INSPECTION
F0355,s6_choices#04,6,4,2,0,"s6_submit_group_choice(text,text,uuid,text)@database/034_sprint6_contract_hardening.sql:L10 | s6_submit_private_choice(text,text,uuid,text)@database/034_sprint6_contract_hardening.sql:L20 | s6_submit_group_choice_guarded(text,text,uuid,text,text,int,int)@database/035_sprint6_focused_audit_corrections.sql:L46 | s6_submit_private_choice_guarded(text,text,uuid,text,text,int,int)@database/035_sprint6_focused_audit_corrections.sql:L57",6,2,4,0,"s9_get_player_wait_state(text,text)@database/067_package_b_allocation_progress_fix.sql:L11 | s9_get_player_wait_state(text,text)@database/067_package_b_allocation_progress_fix.sql:L20",STATIC_ACTIVE_FUNCTION_LAST_DEFINITION_CANDIDATES,NO_DEPLOYED_DATABASE_INSPECTION
F0356,s6_choices#05,6,4,2,0,"s6_submit_group_choice(text,text,uuid,text)@database/034_sprint6_contract_hardening.sql:L10 | s6_submit_private_choice(text,text,uuid,text)@database/034_sprint6_contract_hardening.sql:L20 | s6_submit_group_choice_guarded(text,text,uuid,text,text,int,int)@database/035_sprint6_focused_audit_corrections.sql:L46 | s6_submit_private_choice_guarded(text,text,uuid,text,text,int,int)@database/035_sprint6_focused_audit_corrections.sql:L57",10,3,7,0,"s6_submit_group_choice(text,text,uuid,text)@database/034_sprint6_contract_hardening.sql:L6 | s6_get_player_state(text,text)@database/037_level3_independent_audit_closure.sql:L179 | s9_get_player_wait_state(text,text)@database/067_package_b_allocation_progress_fix.sql:L11",STATIC_ACTIVE_FUNCTION_LAST_DEFINITION_CANDIDATES,NO_DEPLOYED_DATABASE_INSPECTION
F0357,s6_choices#06,6,4,2,0,"s6_submit_group_choice(text,text,uuid,text)@database/034_sprint6_contract_hardening.sql:L10 | s6_submit_private_choice(text,text,uuid,text)@database/034_sprint6_contract_hardening.sql:L20 | s6_submit_group_choice_guarded(text,text,uuid,text,text,int,int)@database/035_sprint6_focused_audit_corrections.sql:L46 | s6_submit_private_choice_guarded(text,text,uuid,text,text,int,int)@database/035_sprint6_focused_audit_corrections.sql:L57",3,1,2,0,"s9_get_player_wait_state(text,text)@database/067_package_b_allocation_progress_fix.sql:L11",STATIC_ACTIVE_FUNCTION_LAST_DEFINITION_CANDIDATES,NO_DEPLOYED_DATABASE_INSPECTION
F0358,s6_choices#07,6,4,2,0,"s6_submit_group_choice(text,text,uuid,text)@database/034_sprint6_contract_hardening.sql:L10 | s6_submit_private_choice(text,text,uuid,text)@database/034_sprint6_contract_hardening.sql:L20 | s6_submit_group_choice_guarded(text,text,uuid,text,text,int,int)@database/035_sprint6_focused_audit_corrections.sql:L46 | s6_submit_private_choice_guarded(text,text,uuid,text,text,int,int)@database/035_sprint6_focused_audit_corrections.sql:L57",3,1,2,0,"s9_get_player_wait_state(text,text)@database/067_package_b_allocation_progress_fix.sql:L11",STATIC_ACTIVE_FUNCTION_LAST_DEFINITION_CANDIDATES,NO_DEPLOYED_DATABASE_INSPECTION
F0359,s6_choices#08,6,4,2,0,"s6_submit_group_choice(text,text,uuid,text)@database/034_sprint6_contract_hardening.sql:L10 | s6_submit_private_choice(text,text,uuid,text)@database/034_sprint6_contract_hardening.sql:L20 | s6_submit_group_choice_guarded(text,text,uuid,text,text,int,int)@database/035_sprint6_focused_audit_corrections.sql:L46 | s6_submit_private_choice_guarded(text,text,uuid,text,text,int,int)@database/035_sprint6_focused_audit_corrections.sql:L57",3,1,2,0,"s9_get_player_wait_state(text,text)@database/067_package_b_allocation_progress_fix.sql:L11",STATIC_ACTIVE_FUNCTION_LAST_DEFINITION_CANDIDATES,NO_DEPLOYED_DATABASE_INSPECTION
F0360,s6_choices#09,6,4,2,0,"s6_submit_group_choice(text,text,uuid,text)@database/034_sprint6_contract_hardening.sql:L10 | s6_submit_private_choice(text,text,uuid,text)@database/034_sprint6_contract_hardening.sql:L20 | s6_submit_group_choice_guarded(text,text,uuid,text,text,int,int)@database/035_sprint6_focused_audit_corrections.sql:L46 | s6_submit_private_choice_guarded(text,text,uuid,text,text,int,int)@database/035_sprint6_focused_audit_corrections.sql:L57",3,1,2,0,"s9_get_player_wait_state(text,text)@database/067_package_b_allocation_progress_fix.sql:L11",STATIC_ACTIVE_FUNCTION_LAST_DEFINITION_CANDIDATES,NO_DEPLOYED_DATABASE_INSPECTION
F0361,s6_choices#10,7,4,3,0,"s6_submit_group_choice(text,text,uuid,text)@database/034_sprint6_contract_hardening.sql:L10 | s6_submit_private_choice(text,text,uuid,text)@database/034_sprint6_contract_hardening.sql:L20 | s6_submit_group_choice_guarded(text,text,uuid,text,text,int,int)@database/035_sprint6_focused_audit_corrections.sql:L46 | s6_submit_private_choice_guarded(text,text,uuid,text,text,int,int)@database/035_sprint6_focused_audit_corrections.sql:L57",4,1,3,0,"s9_get_player_wait_state(text,text)@database/067_package_b_allocation_progress_fix.sql:L11",STATIC_ACTIVE_FUNCTION_LAST_DEFINITION_CANDIDATES,NO_DEPLOYED_DATABASE_INSPECTION
F0362,s6_engagements#01,3,2,1,0,"s6_engage(text,text,text)@database/035_sprint6_focused_audit_corrections.sql:L65 | s6_engage_guarded(text,text,uuid,text,text,int,int)@database/035_sprint6_focused_audit_corrections.sql:L67",0,0,0,0,,STATIC_ACTIVE_FUNCTION_LAST_DEFINITION_CANDIDATES,NO_DEPLOYED_DATABASE_INSPECTION
F0363,s6_engagements#02,3,2,1,0,"s6_engage(text,text,text)@database/035_sprint6_focused_audit_corrections.sql:L65 | s6_engage_guarded(text,text,uuid,text,text,int,int)@database/035_sprint6_focused_audit_corrections.sql:L67",0,0,0,0,,STATIC_ACTIVE_FUNCTION_LAST_DEFINITION_CANDIDATES,NO_DEPLOYED_DATABASE_INSPECTION
F0364,s6_engagements#03,3,2,1,0,"s6_engage(text,text,text)@database/035_sprint6_focused_audit_corrections.sql:L65 | s6_engage_guarded(text,text,uuid,text,text,int,int)@database/035_sprint6_focused_audit_corrections.sql:L67",0,0,0,0,,STATIC_ACTIVE_FUNCTION_LAST_DEFINITION_CANDIDATES,NO_DEPLOYED_DATABASE_INSPECTION
F0365,s6_engagements#04,3,2,1,0,"s6_engage(text,text,text)@database/035_sprint6_focused_audit_corrections.sql:L65 | s6_engage_guarded(text,text,uuid,text,text,int,int)@database/035_sprint6_focused_audit_corrections.sql:L67",0,0,0,0,,STATIC_ACTIVE_FUNCTION_LAST_DEFINITION_CANDIDATES,NO_DEPLOYED_DATABASE_INSPECTION
F0366,s6_private_clues#01,1,1,0,0,"s6_deliver_clues(uuid,int)@database/033_sprint6_act9_13_runtime.sql:L30",0,0,0,0,,STATIC_ACTIVE_FUNCTION_LAST_DEFINITION_CANDIDATES,NO_DEPLOYED_DATABASE_INSPECTION
F0367,s6_private_clues#02,1,1,0,0,"s6_deliver_clues(uuid,int)@database/033_sprint6_act9_13_runtime.sql:L30",0,0,0,0,,STATIC_ACTIVE_FUNCTION_LAST_DEFINITION_CANDIDATES,NO_DEPLOYED_DATABASE_INSPECTION
F0368,s6_private_clues#03,1,1,0,0,"s6_deliver_clues(uuid,int)@database/033_sprint6_act9_13_runtime.sql:L30",0,0,0,0,,STATIC_ACTIVE_FUNCTION_LAST_DEFINITION_CANDIDATES,NO_DEPLOYED_DATABASE_INSPECTION
F0369,s6_private_clues#04,1,1,0,0,"s6_deliver_clues(uuid,int)@database/033_sprint6_act9_13_runtime.sql:L30",0,0,0,0,,STATIC_ACTIVE_FUNCTION_LAST_DEFINITION_CANDIDATES,NO_DEPLOYED_DATABASE_INSPECTION
F0370,s6_private_clues#05,1,1,0,0,"s6_deliver_clues(uuid,int)@database/033_sprint6_act9_13_runtime.sql:L30",0,0,0,0,,STATIC_ACTIVE_FUNCTION_LAST_DEFINITION_CANDIDATES,NO_DEPLOYED_DATABASE_INSPECTION
F0371,s6_private_clues#06,1,1,0,0,"s6_deliver_clues(uuid,int)@database/033_sprint6_act9_13_runtime.sql:L30",0,0,0,0,,STATIC_ACTIVE_FUNCTION_LAST_DEFINITION_CANDIDATES,NO_DEPLOYED_DATABASE_INSPECTION
F0372,s6_run_state#01,3,1,2,0,s6_ensure_initialized(uuid)@database/037_level3_independent_audit_closure.sql:L109,15,5,10,0,"s6_refresh_owned_discussion(uuid)@database/037_level3_independent_audit_closure.sql:L144 | s6_get_player_state(text,text)@database/037_level3_independent_audit_closure.sql:L179 | s7_get_teacher_console(text,text)@database/044_sprint7_focused_level1_corrections.sql:L25 | s8_verify_integrity(uuid)@database/054_level3_integrated_closure.sql:L129 | s9_get_player_wait_state(text,text)@database/067_package_b_allocation_progress_fix.sql:L9",STATIC_ACTIVE_FUNCTION_LAST_DEFINITION_CANDIDATES,NO_DEPLOYED_DATABASE_INSPECTION
F0373,s6_run_state#02,15,9,6,0,"s6_advance(text,text)@database/033_sprint6_act9_13_runtime.sql:L51 | s6_submit_group_choice(text,text,uuid,text)@database/034_sprint6_contract_hardening.sql:L17 | s6_submit_private_choice(text,text,uuid,text)@database/034_sprint6_contract_hardening.sql:L20 | s6_submit_allocation(text,text,uuid,text)@database/034_sprint6_contract_hardening.sql:L23 | s6_submit_group_choice_guarded(text,text,uuid,text,text,int,int)@database/035_sprint6_focused_audit_corrections.sql:L54 | s6_advance_guarded(text,text,uuid,text,int,int)@database/035_sprint6_focused_audit_corrections.sql:L59 | s6_submit_allocation_guarded(text,text,uuid,text,text,int,int)@database/035_sprint6_focused_audit_corrections.sql:L61 | s6_tick_cinematic(uuid)@database/036_sprint6_four_open_findings.sql:L27 | s8_finalize(text,text,uuid,uuid)@database/049_sprint8_final_closure.sql:L168",25,9,16,0,"s6_refresh_owned_discussion(uuid)@database/037_level3_independent_audit_closure.sql:L144 | s6_refresh_owned_discussion(uuid)@database/037_level3_independent_audit_closure.sql:L151 | s6_get_player_state(text,text)@database/037_level3_independent_audit_closure.sql:L179 | s6_get_player_state(text,text)@database/037_level3_independent_audit_closure.sql:L179 | act6_13_capture_s6_transition()@database/037_level3_independent_audit_closure.sql:L74 | s7_get_teacher_console(text,text)@database/044_sprint7_focused_level1_corrections.sql:L25 | s7_get_teacher_console(text,text)@database/044_sprint7_focused_level1_corrections.sql:L26 | s8_verify_integrity(uuid)@database/054_level3_integrated_closure.sql:L129 | s9_get_player_wait_state(text,text)@database/067_package_b_allocation_progress_fix.sql:L9",STATIC_ACTIVE_FUNCTION_LAST_DEFINITION_CANDIDATES,NO_DEPLOYED_DATABASE_INSPECTION
F0374,s6_run_state#03,27,19,8,0,"s6_open_act9_console(text,text)@database/033_sprint6_act9_13_runtime.sql:L35 | s6_advance(text,text)@database/033_sprint6_act9_13_runtime.sql:L51 | s6_submit_group_choice(text,text,uuid,text)@database/034_sprint6_contract_hardening.sql:L13 | s6_submit_group_choice(text,text,uuid,text)@database/034_sprint6_contract_hardening.sql:L17 | s6_submit_private_choice(text,text,uuid,text)@database/034_sprint6_contract_hardening.sql:L20 | s6_submit_allocation(text,text,uuid,text)@database/034_sprint6_contract_hardening.sql:L23 | s6_close_discussion_guarded(text,text,text,int,int,uuid)@database/035_sprint6_focused_audit_corrections.sql:L42 | s6_submit_group_choice_guarded(text,text,uuid,text,text,int,int)@database/035_sprint6_focused_audit_corrections.sql:L47 | s6_submit_group_choice_guarded(text,text,uuid,text,text,int,int)@database/035_sprint6_focused_audit_corrections.sql:L49 | s6_submit_group_choice_guarded(text,text,uuid,text,text,int,int)@database/035_sprint6_focused_audit_corrections.sql:L52 | s6_submit_group_choice_guarded(text,text,uuid,text,text,int,int)@database/035_sprint6_focused_audit_corrections.sql:L54 | s6_submit_private_choice_guarded(text,text,uuid,text,text,int,int)@database/035_sprint6_focused_audit_corrections.sql:L57 | s6_advance_guarded(text,text,uuid,text,int,int)@database/035_sprint6_focused_audit_corrections.sql:L59 | s6_submit_allocation_guarded(text,text,uuid,text,text,int,int)@database/035_sprint6_focused_audit_corrections.sql:L61 | s6_engage(text,text,text)@database/035_sprint6_focused_audit_corrections.sql:L65 | s6_engage_guarded(text,text,uuid,text,text,int,int)@database/035_sprint6_focused_audit_corrections.sql:L67 | s6_tick_cinematic(uuid)@database/036_sprint6_four_open_findings.sql:L27 | s6_refresh_owned_discussion(uuid)@database/037_level3_independent_audit_closure.sql:L150 | s8_finalize(text,text,uuid,uuid)@database/049_sprint8_final_closure.sql:L168",70,39,31,0,"s6_advance(text,text)@database/033_sprint6_act9_13_runtime.sql:L51 | s6_submit_group_choice(text,text,uuid,text)@database/034_sprint6_contract_hardening.sql:L10 | s6_submit_group_choice(text,text,uuid,text)@database/034_sprint6_contract_hardening.sql:L12 | s6_submit_group_choice(text,text,uuid,text)@database/034_sprint6_contract_hardening.sql:L13 | s6_submit_private_choice(text,text,uuid,text)@database/034_sprint6_contract_hardening.sql:L19 | s6_submit_private_choice(text,text,uuid,text)@database/034_sprint6_contract_hardening.sql:L20 | s6_submit_allocation(text,text,uuid,text)@database/034_sprint6_contract_hardening.sql:L22 | s6_submit_group_choice(text,text,uuid,text)@database/034_sprint6_contract_hardening.sql:L7 | s6_submit_group_choice(text,text,uuid,text)@database/034_sprint6_contract_hardening.sql:L8 | s6_submit_group_choice(text,text,uuid,text)@database/034_sprint6_contract_hardening.sql:L9 | s6_submit_group_choice_guarded(text,text,uuid,text,text,int,int)@database/035_sprint6_focused_audit_corrections.sql:L46 | s6_submit_group_choice_guarded(text,text,uuid,text,text,int,int)@database/035_sprint6_focused_audit_corrections.sql:L48 | s6_submit_group_choice_guarded(text,text,uuid,text,text,int,int)@database/035_sprint6_focused_audit_corrections.sql:L49 | s6_submit_private_choice_guarded(text,text,uuid,text,text,int,int)@database/035_sprint6_focused_audit_corrections.sql:L57 | s6_advance_guarded(text,text,uuid,text,int,int)@database/035_sprint6_focused_audit_corrections.sql:L59 | s6_submit_allocation_guarded(text,text,uuid,text,text,int,int)@database/035_sprint6_focused_audit_corrections.sql:L61 | s6_complete_station_guarded(text,text,uuid,text,text,int,int)@database/035_sprint6_focused_audit_corrections.sql:L63 | s6_engage(text,text,text)@database/035_sprint6_focused_audit_corrections.sql:L65 | s6_engage_guarded(text,text,uuid,text,text,int,int)@database/035_sprint6_focused_audit_corrections.sql:L67 | s6_tick_cinematic(uuid)@database/036_sprint6_four_open_findings.sql:L27 | s6_refresh_owned_discussion(uuid)@database/037_level3_independent_audit_closure.sql:L144 | s6_refresh_owned_discussion(uuid)@database/037_level3_independent_audit_closure.sql:L145 | s6_refresh_owned_discussion(uuid)@database/037_level3_independent_audit_closure.sql:L146 | s6_refresh_owned_discussion(uuid)@database/037_level3_independent_audit_closure.sql:L148 | s6_refresh_owned_discussion(uuid)@database/037_level3_independent_audit_closure.sql:L151 | s6_get_player_state(text,text)@database/037_level3_independent_audit_closure.sql:L179 | s6_get_player_state(text,text)@database/037_level3_independent_audit_closure.sql:L179 | act6_13_capture_s6_transition()@database/037_level3_independent_audit_closure.sql:L74 | act6_13_capture_s6_transition()@database/037_level3_independent_audit_closure.sql:L76 | s7_get_teacher_console(text,text)@database/044_sprint7_focused_level1_corrections.sql:L25 | s7_get_teacher_console(text,text)@database/044_sprint7_focused_level1_corrections.sql:L41 | s7_get_teacher_console(text,text)@database/044_sprint7_focused_level1_corrections.sql:L42 | s7_get_teacher_console(text,text)@database/044_sprint7_focused_level1_corrections.sql:L43 | s8_verify_integrity(uuid)@database/054_level3_integrated_closure.sql:L129 | s9_get_player_wait_state(text,text)@database/067_package_b_allocation_progress_fix.sql:L11 | s9_get_player_wait_state(text,text)@database/067_package_b_allocation_progress_fix.sql:L12 | s9_get_player_wait_state(text,text)@database/067_package_b_allocation_progress_fix.sql:L15 | s9_get_player_wait_state(text,text)@database/067_package_b_allocation_progress_fix.sql:L19 | s9_get_player_wait_state(text,text)@database/067_package_b_allocation_progress_fix.sql:L9",STATIC_ACTIVE_FUNCTION_LAST_DEFINITION_CANDIDATES,NO_DEPLOYED_DATABASE_INSPECTION
F0375,s6_run_state#04,6,4,2,0,"s6_submit_group_choice(text,text,uuid,text)@database/034_sprint6_contract_hardening.sql:L16 | s6_submit_group_choice(text,text,uuid,text)@database/034_sprint6_contract_hardening.sql:L17 | s6_submit_group_choice_guarded(text,text,uuid,text,text,int,int)@database/035_sprint6_focused_audit_corrections.sql:L52 | s6_submit_group_choice_guarded(text,text,uuid,text,text,int,int)@database/035_sprint6_focused_audit_corrections.sql:L53",31,17,14,0,"s6_submit_group_choice(text,text,uuid,text)@database/034_sprint6_contract_hardening.sql:L14 | s6_submit_group_choice(text,text,uuid,text)@database/034_sprint6_contract_hardening.sql:L15 | s6_submit_group_choice(text,text,uuid,text)@database/034_sprint6_contract_hardening.sql:L16 | s6_submit_group_choice(text,text,uuid,text)@database/034_sprint6_contract_hardening.sql:L17 | s6_submit_group_choice(text,text,uuid,text)@database/034_sprint6_contract_hardening.sql:L9 | s6_submit_group_choice_guarded(text,text,uuid,text,text,int,int)@database/035_sprint6_focused_audit_corrections.sql:L46 | s6_submit_group_choice_guarded(text,text,uuid,text,text,int,int)@database/035_sprint6_focused_audit_corrections.sql:L47 | s6_submit_group_choice_guarded(text,text,uuid,text,text,int,int)@database/035_sprint6_focused_audit_corrections.sql:L50 | s6_submit_group_choice_guarded(text,text,uuid,text,text,int,int)@database/035_sprint6_focused_audit_corrections.sql:L51 | s6_submit_group_choice_guarded(text,text,uuid,text,text,int,int)@database/035_sprint6_focused_audit_corrections.sql:L52 | s6_submit_group_choice_guarded(text,text,uuid,text,text,int,int)@database/035_sprint6_focused_audit_corrections.sql:L53 | s6_refresh_owned_discussion(uuid)@database/037_level3_independent_audit_closure.sql:L144 | s6_get_player_state(text,text)@database/037_level3_independent_audit_closure.sql:L179 | act6_13_capture_s6_transition()@database/037_level3_independent_audit_closure.sql:L74 | s7_get_teacher_console(text,text)@database/044_sprint7_focused_level1_corrections.sql:L25 | s8_verify_integrity(uuid)@database/054_level3_integrated_closure.sql:L129 | s9_get_player_wait_state(text,text)@database/067_package_b_allocation_progress_fix.sql:L9",STATIC_ACTIVE_FUNCTION_LAST_DEFINITION_CANDIDATES,NO_DEPLOYED_DATABASE_INSPECTION
F0376,s6_run_state#05,24,17,7,0,"s6_advance(text,text)@database/033_sprint6_act9_13_runtime.sql:L51 | s6_submit_group_choice(text,text,uuid,text)@database/034_sprint6_contract_hardening.sql:L11 | s6_submit_group_choice(text,text,uuid,text)@database/034_sprint6_contract_hardening.sql:L15 | s6_submit_group_choice(text,text,uuid,text)@database/034_sprint6_contract_hardening.sql:L16 | s6_submit_group_choice(text,text,uuid,text)@database/034_sprint6_contract_hardening.sql:L17 | s6_submit_private_choice(text,text,uuid,text)@database/034_sprint6_contract_hardening.sql:L20 | s6_submit_allocation(text,text,uuid,text)@database/034_sprint6_contract_hardening.sql:L23 | s6_submit_group_choice_guarded(text,text,uuid,text,text,int,int)@database/035_sprint6_focused_audit_corrections.sql:L47 | s6_submit_group_choice_guarded(text,text,uuid,text,text,int,int)@database/035_sprint6_focused_audit_corrections.sql:L51 | s6_submit_group_choice_guarded(text,text,uuid,text,text,int,int)@database/035_sprint6_focused_audit_corrections.sql:L52 | s6_submit_group_choice_guarded(text,text,uuid,text,text,int,int)@database/035_sprint6_focused_audit_corrections.sql:L53 | s6_submit_group_choice_guarded(text,text,uuid,text,text,int,int)@database/035_sprint6_focused_audit_corrections.sql:L54 | s6_submit_private_choice_guarded(text,text,uuid,text,text,int,int)@database/035_sprint6_focused_audit_corrections.sql:L57 | s6_advance_guarded(text,text,uuid,text,int,int)@database/035_sprint6_focused_audit_corrections.sql:L59 | s6_submit_allocation_guarded(text,text,uuid,text,text,int,int)@database/035_sprint6_focused_audit_corrections.sql:L61 | s6_engage(text,text,text)@database/035_sprint6_focused_audit_corrections.sql:L65 | s6_engage_guarded(text,text,uuid,text,text,int,int)@database/035_sprint6_focused_audit_corrections.sql:L67",38,17,21,0,"s6_submit_group_choice(text,text,uuid,text)@database/034_sprint6_contract_hardening.sql:L10 | s6_submit_group_choice(text,text,uuid,text)@database/034_sprint6_contract_hardening.sql:L12 | s6_submit_private_choice(text,text,uuid,text)@database/034_sprint6_contract_hardening.sql:L20 | s6_submit_group_choice_guarded(text,text,uuid,text,text,int,int)@database/035_sprint6_focused_audit_corrections.sql:L46 | s6_submit_group_choice_guarded(text,text,uuid,text,text,int,int)@database/035_sprint6_focused_audit_corrections.sql:L48 | s6_submit_private_choice_guarded(text,text,uuid,text,text,int,int)@database/035_sprint6_focused_audit_corrections.sql:L57 | s6_submit_allocation_guarded(text,text,uuid,text,text,int,int)@database/035_sprint6_focused_audit_corrections.sql:L61 | s6_refresh_owned_discussion(uuid)@database/037_level3_independent_audit_closure.sql:L144 | s6_get_player_state(text,text)@database/037_level3_independent_audit_closure.sql:L179 | act6_13_capture_s6_transition()@database/037_level3_independent_audit_closure.sql:L74 | s7_get_teacher_console(text,text)@database/044_sprint7_focused_level1_corrections.sql:L25 | s7_get_teacher_console(text,text)@database/044_sprint7_focused_level1_corrections.sql:L41 | s8_verify_integrity(uuid)@database/054_level3_integrated_closure.sql:L129 | s9_get_player_wait_state(text,text)@database/067_package_b_allocation_progress_fix.sql:L11 | s9_get_player_wait_state(text,text)@database/067_package_b_allocation_progress_fix.sql:L15 | s9_get_player_wait_state(text,text)@database/067_package_b_allocation_progress_fix.sql:L19 | s9_get_player_wait_state(text,text)@database/067_package_b_allocation_progress_fix.sql:L9",STATIC_ACTIVE_FUNCTION_LAST_DEFINITION_CANDIDATES,NO_DEPLOYED_DATABASE_INSPECTION
F0377,s6_run_state#06,6,4,2,0,"s6_submit_group_choice(text,text,uuid,text)@database/034_sprint6_contract_hardening.sql:L16 | s6_submit_group_choice(text,text,uuid,text)@database/034_sprint6_contract_hardening.sql:L17 | s6_submit_group_choice_guarded(text,text,uuid,text,text,int,int)@database/035_sprint6_focused_audit_corrections.sql:L52 | s6_submit_group_choice_guarded(text,text,uuid,text,text,int,int)@database/035_sprint6_focused_audit_corrections.sql:L53",16,5,11,0,"s6_refresh_owned_discussion(uuid)@database/037_level3_independent_audit_closure.sql:L144 | s6_get_player_state(text,text)@database/037_level3_independent_audit_closure.sql:L179 | s7_get_teacher_console(text,text)@database/044_sprint7_focused_level1_corrections.sql:L25 | s8_verify_integrity(uuid)@database/054_level3_integrated_closure.sql:L129 | s9_get_player_wait_state(text,text)@database/067_package_b_allocation_progress_fix.sql:L9",STATIC_ACTIVE_FUNCTION_LAST_DEFINITION_CANDIDATES,NO_DEPLOYED_DATABASE_INSPECTION
F0378,s6_run_state#07,6,4,2,0,"s6_submit_group_choice(text,text,uuid,text)@database/034_sprint6_contract_hardening.sql:L16 | s6_submit_group_choice(text,text,uuid,text)@database/034_sprint6_contract_hardening.sql:L17 | s6_submit_group_choice_guarded(text,text,uuid,text,text,int,int)@database/035_sprint6_focused_audit_corrections.sql:L52 | s6_submit_group_choice_guarded(text,text,uuid,text,text,int,int)@database/035_sprint6_focused_audit_corrections.sql:L53",16,5,11,0,"s6_refresh_owned_discussion(uuid)@database/037_level3_independent_audit_closure.sql:L144 | s6_get_player_state(text,text)@database/037_level3_independent_audit_closure.sql:L179 | s7_get_teacher_console(text,text)@database/044_sprint7_focused_level1_corrections.sql:L25 | s8_verify_integrity(uuid)@database/054_level3_integrated_closure.sql:L129 | s9_get_player_wait_state(text,text)@database/067_package_b_allocation_progress_fix.sql:L9",STATIC_ACTIVE_FUNCTION_LAST_DEFINITION_CANDIDATES,NO_DEPLOYED_DATABASE_INSPECTION
F0379,s6_run_state#08,3,2,1,0,"s6_submit_group_choice(text,text,uuid,text)@database/034_sprint6_contract_hardening.sql:L13 | s6_submit_group_choice_guarded(text,text,uuid,text,text,int,int)@database/035_sprint6_focused_audit_corrections.sql:L49",25,12,13,0,"s6_submit_allocation(text,text,uuid,text)@database/034_sprint6_contract_hardening.sql:L22 | s6_submit_allocation(text,text,uuid,text)@database/034_sprint6_contract_hardening.sql:L23 | s6_advance_guarded(text,text,uuid,text,int,int)@database/035_sprint6_focused_audit_corrections.sql:L59 | s6_submit_allocation_guarded(text,text,uuid,text,text,int,int)@database/035_sprint6_focused_audit_corrections.sql:L61 | s6_advance_v2(text,text,uuid,text,int,int)@database/036_sprint6_four_open_findings.sql:L23 | s6_tick_cinematic(uuid)@database/036_sprint6_four_open_findings.sql:L27 | s6_refresh_owned_discussion(uuid)@database/037_level3_independent_audit_closure.sql:L144 | s6_get_player_state(text,text)@database/037_level3_independent_audit_closure.sql:L179 | s7_get_teacher_console(text,text)@database/044_sprint7_focused_level1_corrections.sql:L25 | s8_verify_integrity(uuid)@database/054_level3_integrated_closure.sql:L129 | s8_verify_integrity(uuid)@database/054_level3_integrated_closure.sql:L145 | s9_get_player_wait_state(text,text)@database/067_package_b_allocation_progress_fix.sql:L9",STATIC_ACTIVE_FUNCTION_LAST_DEFINITION_CANDIDATES,NO_DEPLOYED_DATABASE_INSPECTION
F0380,s6_run_state#09,3,2,1,0,"s6_submit_group_choice(text,text,uuid,text)@database/034_sprint6_contract_hardening.sql:L13 | s6_submit_group_choice_guarded(text,text,uuid,text,text,int,int)@database/035_sprint6_focused_audit_corrections.sql:L49",16,5,11,0,"s6_refresh_owned_discussion(uuid)@database/037_level3_independent_audit_closure.sql:L144 | s6_get_player_state(text,text)@database/037_level3_independent_audit_closure.sql:L179 | s7_get_teacher_console(text,text)@database/044_sprint7_focused_level1_corrections.sql:L25 | s8_verify_integrity(uuid)@database/054_level3_integrated_closure.sql:L129 | s9_get_player_wait_state(text,text)@database/067_package_b_allocation_progress_fix.sql:L9",STATIC_ACTIVE_FUNCTION_LAST_DEFINITION_CANDIDATES,NO_DEPLOYED_DATABASE_INSPECTION
F0381,s6_run_state#10,3,2,1,0,"s6_submit_group_choice(text,text,uuid,text)@database/034_sprint6_contract_hardening.sql:L13 | s6_submit_group_choice_guarded(text,text,uuid,text,text,int,int)@database/035_sprint6_focused_audit_corrections.sql:L49",19,5,14,0,"s6_refresh_owned_discussion(uuid)@database/037_level3_independent_audit_closure.sql:L144 | s6_get_player_state(text,text)@database/037_level3_independent_audit_closure.sql:L179 | s7_get_teacher_console(text,text)@database/044_sprint7_focused_level1_corrections.sql:L25 | s8_verify_integrity(uuid)@database/054_level3_integrated_closure.sql:L129 | s9_get_player_wait_state(text,text)@database/067_package_b_allocation_progress_fix.sql:L9",STATIC_ACTIVE_FUNCTION_LAST_DEFINITION_CANDIDATES,NO_DEPLOYED_DATABASE_INSPECTION
F0382,s6_run_state#11,3,2,1,0,"s6_submit_group_choice(text,text,uuid,text)@database/034_sprint6_contract_hardening.sql:L13 | s6_submit_group_choice_guarded(text,text,uuid,text,text,int,int)@database/035_sprint6_focused_audit_corrections.sql:L49",15,5,10,0,"s6_refresh_owned_discussion(uuid)@database/037_level3_independent_audit_closure.sql:L144 | s6_get_player_state(text,text)@database/037_level3_independent_audit_closure.sql:L179 | s7_get_teacher_console(text,text)@database/044_sprint7_focused_level1_corrections.sql:L25 | s8_verify_integrity(uuid)@database/054_level3_integrated_closure.sql:L129 | s9_get_player_wait_state(text,text)@database/067_package_b_allocation_progress_fix.sql:L9",STATIC_ACTIVE_FUNCTION_LAST_DEFINITION_CANDIDATES,NO_DEPLOYED_DATABASE_INSPECTION
F0383,s6_run_state#12,3,2,1,0,"s6_submit_allocation(text,text,uuid,text)@database/034_sprint6_contract_hardening.sql:L23 | s6_submit_allocation_guarded(text,text,uuid,text,text,int,int)@database/035_sprint6_focused_audit_corrections.sql:L61",15,5,10,0,"s6_refresh_owned_discussion(uuid)@database/037_level3_independent_audit_closure.sql:L144 | s6_get_player_state(text,text)@database/037_level3_independent_audit_closure.sql:L179 | s7_get_teacher_console(text,text)@database/044_sprint7_focused_level1_corrections.sql:L25 | s8_verify_integrity(uuid)@database/054_level3_integrated_closure.sql:L129 | s9_get_player_wait_state(text,text)@database/067_package_b_allocation_progress_fix.sql:L9",STATIC_ACTIVE_FUNCTION_LAST_DEFINITION_CANDIDATES,NO_DEPLOYED_DATABASE_INSPECTION
F0384,s6_run_state#13,3,2,1,0,"s6_engage(text,text,text)@database/035_sprint6_focused_audit_corrections.sql:L65 | s6_engage_guarded(text,text,uuid,text,text,int,int)@database/035_sprint6_focused_audit_corrections.sql:L67",17,7,10,0,"s6_submit_private_choice(text,text,uuid,text)@database/034_sprint6_contract_hardening.sql:L19 | s6_submit_private_choice_guarded(text,text,uuid,text,text,int,int)@database/035_sprint6_focused_audit_corrections.sql:L57 | s6_refresh_owned_discussion(uuid)@database/037_level3_independent_audit_closure.sql:L144 | s6_get_player_state(text,text)@database/037_level3_independent_audit_closure.sql:L179 | s7_get_teacher_console(text,text)@database/044_sprint7_focused_level1_corrections.sql:L25 | s8_verify_integrity(uuid)@database/054_level3_integrated_closure.sql:L129 | s9_get_player_wait_state(text,text)@database/067_package_b_allocation_progress_fix.sql:L9",STATIC_ACTIVE_FUNCTION_LAST_DEFINITION_CANDIDATES,NO_DEPLOYED_DATABASE_INSPECTION
F0385,s6_run_state#14,7,4,3,0,"s6_submit_private_choice(text,text,uuid,text)@database/034_sprint6_contract_hardening.sql:L20 | s6_engage(text,text,text)@database/035_sprint6_focused_audit_corrections.sql:L65 | s6_engage_guarded(text,text,uuid,text,text,int,int)@database/035_sprint6_focused_audit_corrections.sql:L67 | s6_tick_cinematic(uuid)@database/036_sprint6_four_open_findings.sql:L27",19,5,14,0,"s6_refresh_owned_discussion(uuid)@database/037_level3_independent_audit_closure.sql:L144 | s6_get_player_state(text,text)@database/037_level3_independent_audit_closure.sql:L179 | s7_get_teacher_console(text,text)@database/044_sprint7_focused_level1_corrections.sql:L25 | s8_verify_integrity(uuid)@database/054_level3_integrated_closure.sql:L129 | s9_get_player_wait_state(text,text)@database/067_package_b_allocation_progress_fix.sql:L9",STATIC_ACTIVE_FUNCTION_LAST_DEFINITION_CANDIDATES,NO_DEPLOYED_DATABASE_INSPECTION
F0386,s6_run_state#15,8,5,3,0,"s6_submit_private_choice(text,text,uuid,text)@database/034_sprint6_contract_hardening.sql:L20 | s6_submit_private_choice_guarded(text,text,uuid,text,text,int,int)@database/035_sprint6_focused_audit_corrections.sql:L57 | s6_engage(text,text,text)@database/035_sprint6_focused_audit_corrections.sql:L65 | s6_engage_guarded(text,text,uuid,text,text,int,int)@database/035_sprint6_focused_audit_corrections.sql:L67 | s6_tick_cinematic(uuid)@database/036_sprint6_four_open_findings.sql:L27",15,5,10,0,"s6_refresh_owned_discussion(uuid)@database/037_level3_independent_audit_closure.sql:L144 | s6_get_player_state(text,text)@database/037_level3_independent_audit_closure.sql:L179 | s7_get_teacher_console(text,text)@database/044_sprint7_focused_level1_corrections.sql:L25 | s8_verify_integrity(uuid)@database/054_level3_integrated_closure.sql:L129 | s9_get_player_wait_state(text,text)@database/067_package_b_allocation_progress_fix.sql:L9",STATIC_ACTIVE_FUNCTION_LAST_DEFINITION_CANDIDATES,NO_DEPLOYED_DATABASE_INSPECTION
F0387,s6_run_state#16,4,2,2,0,"s6_submit_private_choice(text,text,uuid,text)@database/034_sprint6_contract_hardening.sql:L20 | s6_tick_cinematic(uuid)@database/036_sprint6_four_open_findings.sql:L27",20,7,13,0,"s6_advance(text,text)@database/033_sprint6_act9_13_runtime.sql:L51 | s6_advance_guarded(text,text,uuid,text,int,int)@database/035_sprint6_focused_audit_corrections.sql:L59 | s6_refresh_owned_discussion(uuid)@database/037_level3_independent_audit_closure.sql:L144 | s6_get_player_state(text,text)@database/037_level3_independent_audit_closure.sql:L179 | s7_get_teacher_console(text,text)@database/044_sprint7_focused_level1_corrections.sql:L25 | s8_verify_integrity(uuid)@database/054_level3_integrated_closure.sql:L129 | s9_get_player_wait_state(text,text)@database/067_package_b_allocation_progress_fix.sql:L9",STATIC_ACTIVE_FUNCTION_LAST_DEFINITION_CANDIDATES,NO_DEPLOYED_DATABASE_INSPECTION
F0388,s6_run_state#17,2,2,0,0,"s6_advance(text,text)@database/033_sprint6_act9_13_runtime.sql:L51 | s6_advance_guarded(text,text,uuid,text,int,int)@database/035_sprint6_focused_audit_corrections.sql:L59",18,5,13,0,"s6_refresh_owned_discussion(uuid)@database/037_level3_independent_audit_closure.sql:L144 | s6_get_player_state(text,text)@database/037_level3_independent_audit_closure.sql:L179 | s7_get_teacher_console(text,text)@database/044_sprint7_focused_level1_corrections.sql:L25 | s8_verify_integrity(uuid)@database/054_level3_integrated_closure.sql:L129 | s9_get_player_wait_state(text,text)@database/067_package_b_allocation_progress_fix.sql:L9",STATIC_ACTIVE_FUNCTION_LAST_DEFINITION_CANDIDATES,NO_DEPLOYED_DATABASE_INSPECTION
F0389,s6_run_state#18,31,23,8,0,"s6_open_act9_console(text,text)@database/033_sprint6_act9_13_runtime.sql:L35 | s6_submit_group_choice(text,text,uuid,text)@database/034_sprint6_contract_hardening.sql:L11 | s6_submit_group_choice(text,text,uuid,text)@database/034_sprint6_contract_hardening.sql:L13 | s6_submit_group_choice(text,text,uuid,text)@database/034_sprint6_contract_hardening.sql:L15 | s6_submit_group_choice(text,text,uuid,text)@database/034_sprint6_contract_hardening.sql:L16 | s6_submit_group_choice(text,text,uuid,text)@database/034_sprint6_contract_hardening.sql:L17 | s6_submit_private_choice(text,text,uuid,text)@database/034_sprint6_contract_hardening.sql:L20 | s6_submit_allocation(text,text,uuid,text)@database/034_sprint6_contract_hardening.sql:L23 | s6_close_discussion_guarded(text,text,text,int,int,uuid)@database/035_sprint6_focused_audit_corrections.sql:L42 | s6_submit_group_choice_guarded(text,text,uuid,text,text,int,int)@database/035_sprint6_focused_audit_corrections.sql:L47 | s6_submit_group_choice_guarded(text,text,uuid,text,text,int,int)@database/035_sprint6_focused_audit_corrections.sql:L49 | s6_submit_group_choice_guarded(text,text,uuid,text,text,int,int)@database/035_sprint6_focused_audit_corrections.sql:L51 | s6_submit_group_choice_guarded(text,text,uuid,text,text,int,int)@database/035_sprint6_focused_audit_corrections.sql:L52 | s6_submit_group_choice_guarded(text,text,uuid,text,text,int,int)@database/035_sprint6_focused_audit_corrections.sql:L53 | s6_submit_group_choice_guarded(text,text,uuid,text,text,int,int)@database/035_sprint6_focused_audit_corrections.sql:L54 | s6_submit_private_choice_guarded(text,text,uuid,text,text,int,int)@database/035_sprint6_focused_audit_corrections.sql:L57 | s6_advance_guarded(text,text,uuid,text,int,int)@database/035_sprint6_focused_audit_corrections.sql:L59 | s6_submit_allocation_guarded(text,text,uuid,text,text,int,int)@database/035_sprint6_focused_audit_corrections.sql:L61 | s6_engage(text,text,text)@database/035_sprint6_focused_audit_corrections.sql:L65 | s6_engage_guarded(text,text,uuid,text,text,int,int)@database/035_sprint6_focused_audit_corrections.sql:L67 | s6_tick_cinematic(uuid)@database/036_sprint6_four_open_findings.sql:L27 | s6_refresh_owned_discussion(uuid)@database/037_level3_independent_audit_closure.sql:L150 | s8_finalize(text,text,uuid,uuid)@database/049_sprint8_final_closure.sql:L168",18,7,11,0,"s6_submit_private_choice(text,text,uuid,text)@database/034_sprint6_contract_hardening.sql:L20 | s6_submit_private_choice_guarded(text,text,uuid,text,text,int,int)@database/035_sprint6_focused_audit_corrections.sql:L57 | s6_refresh_owned_discussion(uuid)@database/037_level3_independent_audit_closure.sql:L144 | s6_get_player_state(text,text)@database/037_level3_independent_audit_closure.sql:L179 | s7_get_teacher_console(text,text)@database/044_sprint7_focused_level1_corrections.sql:L25 | s8_verify_integrity(uuid)@database/054_level3_integrated_closure.sql:L129 | s9_get_player_wait_state(text,text)@database/067_package_b_allocation_progress_fix.sql:L9",STATIC_ACTIVE_FUNCTION_LAST_DEFINITION_CANDIDATES,NO_DEPLOYED_DATABASE_INSPECTION
F0390,s6_run_state#19,16,15,1,0,"s6_close_discussion_guarded(text,text,text,int,int,uuid)@database/035_sprint6_focused_audit_corrections.sql:L42 | s6_submit_group_choice_guarded(text,text,uuid,text,text,int,int)@database/035_sprint6_focused_audit_corrections.sql:L47 | s6_submit_group_choice_guarded(text,text,uuid,text,text,int,int)@database/035_sprint6_focused_audit_corrections.sql:L49 | s6_submit_group_choice_guarded(text,text,uuid,text,text,int,int)@database/035_sprint6_focused_audit_corrections.sql:L51 | s6_submit_group_choice_guarded(text,text,uuid,text,text,int,int)@database/035_sprint6_focused_audit_corrections.sql:L52 | s6_submit_group_choice_guarded(text,text,uuid,text,text,int,int)@database/035_sprint6_focused_audit_corrections.sql:L53 | s6_submit_group_choice_guarded(text,text,uuid,text,text,int,int)@database/035_sprint6_focused_audit_corrections.sql:L54 | s6_submit_private_choice_guarded(text,text,uuid,text,text,int,int)@database/035_sprint6_focused_audit_corrections.sql:L57 | s6_advance_guarded(text,text,uuid,text,int,int)@database/035_sprint6_focused_audit_corrections.sql:L59 | s6_submit_allocation_guarded(text,text,uuid,text,text,int,int)@database/035_sprint6_focused_audit_corrections.sql:L61 | s6_engage(text,text,text)@database/035_sprint6_focused_audit_corrections.sql:L65 | s6_engage_guarded(text,text,uuid,text,text,int,int)@database/035_sprint6_focused_audit_corrections.sql:L67 | s6_advance_v2(text,text,uuid,text,int,int)@database/036_sprint6_four_open_findings.sql:L23 | s6_tick_cinematic(uuid)@database/036_sprint6_four_open_findings.sql:L27 | s6_refresh_owned_discussion(uuid)@database/037_level3_independent_audit_closure.sql:L150",15,5,10,0,"s6_refresh_owned_discussion(uuid)@database/037_level3_independent_audit_closure.sql:L144 | s6_get_player_state(text,text)@database/037_level3_independent_audit_closure.sql:L179 | s7_get_teacher_console(text,text)@database/044_sprint7_focused_level1_corrections.sql:L25 | s8_verify_integrity(uuid)@database/054_level3_integrated_closure.sql:L129 | s9_get_player_wait_state(text,text)@database/067_package_b_allocation_progress_fix.sql:L9",STATIC_ACTIVE_FUNCTION_LAST_DEFINITION_CANDIDATES,NO_DEPLOYED_DATABASE_INSPECTION
F0391,s6_run_state#20,8,7,1,0,"s6_close_discussion_guarded(text,text,text,int,int,uuid)@database/035_sprint6_focused_audit_corrections.sql:L42 | s6_submit_group_choice_guarded(text,text,uuid,text,text,int,int)@database/035_sprint6_focused_audit_corrections.sql:L49 | s6_submit_group_choice_guarded(text,text,uuid,text,text,int,int)@database/035_sprint6_focused_audit_corrections.sql:L52 | s6_submit_private_choice_guarded(text,text,uuid,text,text,int,int)@database/035_sprint6_focused_audit_corrections.sql:L57 | s6_advance_guarded(text,text,uuid,text,int,int)@database/035_sprint6_focused_audit_corrections.sql:L59 | s6_tick_cinematic(uuid)@database/036_sprint6_four_open_findings.sql:L27 | s6_refresh_owned_discussion(uuid)@database/037_level3_independent_audit_closure.sql:L150",18,7,11,0,"s6_refresh_owned_discussion(uuid)@database/037_level3_independent_audit_closure.sql:L144 | s6_get_player_state(text,text)@database/037_level3_independent_audit_closure.sql:L179 | act6_13_prepare_s6_state()@database/037_level3_independent_audit_closure.sql:L62 | s7_get_teacher_console(text,text)@database/044_sprint7_focused_level1_corrections.sql:L25 | s7_get_teacher_console(text,text)@database/044_sprint7_focused_level1_corrections.sql:L63 | s8_verify_integrity(uuid)@database/054_level3_integrated_closure.sql:L129 | s9_get_player_wait_state(text,text)@database/067_package_b_allocation_progress_fix.sql:L9",STATIC_ACTIVE_FUNCTION_LAST_DEFINITION_CANDIDATES,NO_DEPLOYED_DATABASE_INSPECTION
F0392,s6_run_state#21,3,2,1,0,"s6_submit_private_choice_guarded(text,text,uuid,text,text,int,int)@database/035_sprint6_focused_audit_corrections.sql:L57 | s6_tick_cinematic(uuid)@database/036_sprint6_four_open_findings.sql:L27",18,7,11,0,"s6_tick_cinematic(uuid)@database/036_sprint6_four_open_findings.sql:L27 | s6_refresh_owned_discussion(uuid)@database/037_level3_independent_audit_closure.sql:L144 | s6_get_player_state(text,text)@database/037_level3_independent_audit_closure.sql:L179 | act6_13_capture_s6_transition()@database/037_level3_independent_audit_closure.sql:L74 | s7_get_teacher_console(text,text)@database/044_sprint7_focused_level1_corrections.sql:L25 | s8_verify_integrity(uuid)@database/054_level3_integrated_closure.sql:L129 | s9_get_player_wait_state(text,text)@database/067_package_b_allocation_progress_fix.sql:L9",STATIC_ACTIVE_FUNCTION_LAST_DEFINITION_CANDIDATES,NO_DEPLOYED_DATABASE_INSPECTION
F0393,s6_run_state#22,3,2,1,0,"s6_submit_private_choice_guarded(text,text,uuid,text,text,int,int)@database/035_sprint6_focused_audit_corrections.sql:L57 | s6_tick_cinematic(uuid)@database/036_sprint6_four_open_findings.sql:L27",20,8,12,0,"s6_advance_v2(text,text,uuid,text,int,int)@database/036_sprint6_four_open_findings.sql:L23 | s6_tick_cinematic(uuid)@database/036_sprint6_four_open_findings.sql:L27 | s6_refresh_owned_discussion(uuid)@database/037_level3_independent_audit_closure.sql:L144 | s6_get_player_state(text,text)@database/037_level3_independent_audit_closure.sql:L179 | s6_get_player_state(text,text)@database/037_level3_independent_audit_closure.sql:L179 | s7_get_teacher_console(text,text)@database/044_sprint7_focused_level1_corrections.sql:L25 | s8_verify_integrity(uuid)@database/054_level3_integrated_closure.sql:L129 | s9_get_player_wait_state(text,text)@database/067_package_b_allocation_progress_fix.sql:L9",STATIC_ACTIVE_FUNCTION_LAST_DEFINITION_CANDIDATES,NO_DEPLOYED_DATABASE_INSPECTION
F0394,s6_run_state#23,0,0,0,0,,20,9,11,0,"s6_refresh_owned_discussion(uuid)@database/037_level3_independent_audit_closure.sql:L144 | s6_get_player_state(text,text)@database/037_level3_independent_audit_closure.sql:L179 | s6_get_player_state(text,text)@database/037_level3_independent_audit_closure.sql:L179 | act6_13_prepare_s6_state()@database/037_level3_independent_audit_closure.sql:L62 | act6_13_capture_s6_transition()@database/037_level3_independent_audit_closure.sql:L78 | s7_get_teacher_console(text,text)@database/044_sprint7_focused_level1_corrections.sql:L25 | s7_get_teacher_console(text,text)@database/044_sprint7_focused_level1_corrections.sql:L63 | s8_verify_integrity(uuid)@database/054_level3_integrated_closure.sql:L129 | s9_get_player_wait_state(text,text)@database/067_package_b_allocation_progress_fix.sql:L9",STATIC_ACTIVE_FUNCTION_LAST_DEFINITION_CANDIDATES,NO_DEPLOYED_DATABASE_INSPECTION
F0395,s6_station_b_progress#01,1,1,0,0,"s6_complete_station_v2(text,text,uuid,text,text,int,int)@database/036_sprint6_four_open_findings.sql:L25",0,0,0,0,,STATIC_ACTIVE_FUNCTION_LAST_DEFINITION_CANDIDATES,NO_DEPLOYED_DATABASE_INSPECTION
F0396,s6_station_b_progress#02,1,1,0,0,"s6_complete_station_v2(text,text,uuid,text,text,int,int)@database/036_sprint6_four_open_findings.sql:L25",0,0,0,0,,STATIC_ACTIVE_FUNCTION_LAST_DEFINITION_CANDIDATES,NO_DEPLOYED_DATABASE_INSPECTION
F0397,s6_station_b_progress#03,2,2,0,0,"s6_complete_station_v2(text,text,uuid,text,text,int,int)@database/036_sprint6_four_open_findings.sql:L25 | s6_complete_station_v2(text,text,uuid,text,text,int,int)@database/036_sprint6_four_open_findings.sql:L25",0,0,0,0,,STATIC_ACTIVE_FUNCTION_LAST_DEFINITION_CANDIDATES,NO_DEPLOYED_DATABASE_INSPECTION
F0398,s6_station_b_progress#04,0,0,0,0,,0,0,0,0,,STATIC_ACTIVE_FUNCTION_LAST_DEFINITION_CANDIDATES,NO_DEPLOYED_DATABASE_INSPECTION
F0399,s6_station_b_progress#05,1,1,0,0,"s6_complete_station_v2(text,text,uuid,text,text,int,int)@database/036_sprint6_four_open_findings.sql:L25",0,0,0,0,,STATIC_ACTIVE_FUNCTION_LAST_DEFINITION_CANDIDATES,NO_DEPLOYED_DATABASE_INSPECTION
F0400,s6_station_tasks#01,2,2,0,0,"s6_complete_station_guarded(text,text,uuid,text,text,int,int)@database/035_sprint6_focused_audit_corrections.sql:L63 | s6_complete_station_v2(text,text,uuid,text,text,int,int)@database/036_sprint6_four_open_findings.sql:L25",0,0,0,0,,STATIC_ACTIVE_FUNCTION_LAST_DEFINITION_CANDIDATES,NO_DEPLOYED_DATABASE_INSPECTION
F0401,s6_station_tasks#02,2,2,0,0,"s6_complete_station_guarded(text,text,uuid,text,text,int,int)@database/035_sprint6_focused_audit_corrections.sql:L63 | s6_complete_station_v2(text,text,uuid,text,text,int,int)@database/036_sprint6_four_open_findings.sql:L25",0,0,0,0,,STATIC_ACTIVE_FUNCTION_LAST_DEFINITION_CANDIDATES,NO_DEPLOYED_DATABASE_INSPECTION
F0402,s6_station_tasks#03,2,2,0,0,"s6_complete_station_guarded(text,text,uuid,text,text,int,int)@database/035_sprint6_focused_audit_corrections.sql:L63 | s6_complete_station_v2(text,text,uuid,text,text,int,int)@database/036_sprint6_four_open_findings.sql:L25",0,0,0,0,,STATIC_ACTIVE_FUNCTION_LAST_DEFINITION_CANDIDATES,NO_DEPLOYED_DATABASE_INSPECTION
F0403,s6_station_tasks#04,2,2,0,0,"s6_complete_station_guarded(text,text,uuid,text,text,int,int)@database/035_sprint6_focused_audit_corrections.sql:L63 | s6_complete_station_v2(text,text,uuid,text,text,int,int)@database/036_sprint6_four_open_findings.sql:L25",0,0,0,0,,STATIC_ACTIVE_FUNCTION_LAST_DEFINITION_CANDIDATES,NO_DEPLOYED_DATABASE_INSPECTION
F0404,s6_station_tasks#05,2,2,0,0,"s6_complete_station_guarded(text,text,uuid,text,text,int,int)@database/035_sprint6_focused_audit_corrections.sql:L63 | s6_complete_station_v2(text,text,uuid,text,text,int,int)@database/036_sprint6_four_open_findings.sql:L25",0,0,0,0,,STATIC_ACTIVE_FUNCTION_LAST_DEFINITION_CANDIDATES,NO_DEPLOYED_DATABASE_INSPECTION
F0405,s8_finalizations#01,3,1,2,0,"s8_finalize(text,text,uuid,uuid)@database/049_sprint8_final_closure.sql:L166",9,2,7,0,"s8_get_player_state(text,text)@database/048_sprint8_focused_level1_corrections.sql:L85 | s8_finalize(text,text,uuid,uuid)@database/049_sprint8_final_closure.sql:L158",STATIC_ACTIVE_FUNCTION_LAST_DEFINITION_CANDIDATES,NO_DEPLOYED_DATABASE_INSPECTION
F0406,s8_finalizations#02,0,0,0,0,,9,2,7,0,"s8_get_player_state(text,text)@database/048_sprint8_focused_level1_corrections.sql:L85 | s8_finalize(text,text,uuid,uuid)@database/049_sprint8_final_closure.sql:L158",STATIC_ACTIVE_FUNCTION_LAST_DEFINITION_CANDIDATES,NO_DEPLOYED_DATABASE_INSPECTION
F0407,s8_finalizations#03,3,1,2,0,"s8_finalize(text,text,uuid,uuid)@database/049_sprint8_final_closure.sql:L166",6,2,4,0,"s8_get_player_state(text,text)@database/048_sprint8_focused_level1_corrections.sql:L85 | s8_finalize(text,text,uuid,uuid)@database/049_sprint8_final_closure.sql:L158",STATIC_ACTIVE_FUNCTION_LAST_DEFINITION_CANDIDATES,NO_DEPLOYED_DATABASE_INSPECTION
F0408,s8_finalizations#04,3,1,2,0,"s8_finalize(text,text,uuid,uuid)@database/049_sprint8_final_closure.sql:L166",7,2,5,0,"s8_get_player_state(text,text)@database/048_sprint8_focused_level1_corrections.sql:L85 | s8_finalize(text,text,uuid,uuid)@database/049_sprint8_final_closure.sql:L158",STATIC_ACTIVE_FUNCTION_LAST_DEFINITION_CANDIDATES,NO_DEPLOYED_DATABASE_INSPECTION
F0409,s8_finalizations#05,3,1,2,0,"s8_finalize(text,text,uuid,uuid)@database/049_sprint8_final_closure.sql:L166",11,3,8,0,"s8_get_player_state(text,text)@database/048_sprint8_focused_level1_corrections.sql:L85 | s8_get_player_state(text,text)@database/048_sprint8_focused_level1_corrections.sql:L86 | s8_finalize(text,text,uuid,uuid)@database/049_sprint8_final_closure.sql:L158",STATIC_ACTIVE_FUNCTION_LAST_DEFINITION_CANDIDATES,NO_DEPLOYED_DATABASE_INSPECTION
F0410,s8_finalizations#06,2,1,1,0,"s8_finalize(text,text,uuid,uuid)@database/049_sprint8_final_closure.sql:L166",13,5,8,0,"s8_get_player_state(text,text)@database/048_sprint8_focused_level1_corrections.sql:L85 | s8_finalize(text,text,uuid,uuid)@database/049_sprint8_final_closure.sql:L158 | s8_finalize(text,text,uuid,uuid)@database/049_sprint8_final_closure.sql:L159 | s8_finalize(text,text,uuid,uuid)@database/049_sprint8_final_closure.sql:L171 | s8_finalize(text,text,uuid,uuid)@database/049_sprint8_final_closure.sql:L172",STATIC_ACTIVE_FUNCTION_LAST_DEFINITION_CANDIDATES,NO_DEPLOYED_DATABASE_INSPECTION
F0411,s9_pocket_item_inspections#01,1,1,0,0,"s9_inspect_pocket_item(text,text,text)@database/068_package_c_authoritative_pocket_inspection.sql:L25",1,1,0,0,"s3_get_player_state(text,text)@database/068_package_c_authoritative_pocket_inspection.sql:L72",STATIC_ACTIVE_FUNCTION_LAST_DEFINITION_CANDIDATES,NO_DEPLOYED_DATABASE_INSPECTION
F0412,s9_pocket_item_inspections#02,1,1,0,0,"s9_inspect_pocket_item(text,text,text)@database/068_package_c_authoritative_pocket_inspection.sql:L25",1,1,0,0,"s3_get_player_state(text,text)@database/068_package_c_authoritative_pocket_inspection.sql:L72",STATIC_ACTIVE_FUNCTION_LAST_DEFINITION_CANDIDATES,NO_DEPLOYED_DATABASE_INSPECTION
F0413,s9_pocket_item_inspections#03,1,1,0,0,"s9_inspect_pocket_item(text,text,text)@database/068_package_c_authoritative_pocket_inspection.sql:L25",1,1,0,0,"s3_get_player_state(text,text)@database/068_package_c_authoritative_pocket_inspection.sql:L72",STATIC_ACTIVE_FUNCTION_LAST_DEFINITION_CANDIDATES,NO_DEPLOYED_DATABASE_INSPECTION
F0414,s9_pocket_item_inspections#04,0,0,0,0,,1,1,0,0,"s3_get_player_state(text,text)@database/068_package_c_authoritative_pocket_inspection.sql:L72",STATIC_ACTIVE_FUNCTION_LAST_DEFINITION_CANDIDATES,NO_DEPLOYED_DATABASE_INSPECTION
F0415,teacher_override_validity#01,6,0,6,0,,2,0,2,0,,STATIC_ACTIVE_FUNCTION_LAST_DEFINITION_CANDIDATES,NO_DEPLOYED_DATABASE_INSPECTION
F0416,teacher_override_validity#02,6,0,6,0,,6,0,6,0,,STATIC_ACTIVE_FUNCTION_LAST_DEFINITION_CANDIDATES,NO_DEPLOYED_DATABASE_INSPECTION
F0417,teacher_override_validity#03,6,0,6,0,,8,0,8,0,,STATIC_ACTIVE_FUNCTION_LAST_DEFINITION_CANDIDATES,NO_DEPLOYED_DATABASE_INSPECTION
F0418,teacher_override_validity#04,6,0,6,0,,8,0,8,0,,STATIC_ACTIVE_FUNCTION_LAST_DEFINITION_CANDIDATES,NO_DEPLOYED_DATABASE_INSPECTION
F0419,teacher_override_validity#05,6,0,6,0,,2,0,2,0,,STATIC_ACTIVE_FUNCTION_LAST_DEFINITION_CANDIDATES,NO_DEPLOYED_DATABASE_INSPECTION
F0420,teacher_override_validity#06,0,0,0,0,,8,0,8,0,,STATIC_ACTIVE_FUNCTION_LAST_DEFINITION_CANDIDATES,NO_DEPLOYED_DATABASE_INSPECTION
F0421,teacher_overrides#01,11,0,11,0,,16,8,8,0,"s3b_log_formal_event_at_context(uuid,text,uuid,text,text,text,text,jsonb,text,boolean,uuid,uuid)@database/015_sprint3c_minimal_safe_teacher_override.sql:L46 | s3b_log_formal_event_at_context(uuid,text,uuid,text,text,text,text,jsonb,text,boolean,uuid,uuid)@database/015_sprint3c_minimal_safe_teacher_override.sql:L47 | s3b_log_formal_event_at_context(uuid,text,uuid,text,text,text,text,jsonb,text,boolean,uuid,uuid)@database/015_sprint3c_minimal_safe_teacher_override.sql:L49 | s2_log_event(uuid,text,uuid,text,uuid,jsonb)@database/016_sprint3c_level1_narrow_corrections.sql:L56 | s2_log_event(uuid,text,uuid,text,uuid,jsonb)@database/016_sprint3c_level1_narrow_corrections.sql:L58 | s2_log_event(uuid,text,uuid,text,uuid,jsonb)@database/016_sprint3c_level1_narrow_corrections.sql:L61 | s7_get_teacher_console(text,text)@database/044_sprint7_focused_level1_corrections.sql:L65 | teacher_apply_override(text,text,text,text)@database/057_teacher_override_event_scope_consistency.sql:L20",STATIC_ACTIVE_FUNCTION_LAST_DEFINITION_CANDIDATES,NO_DEPLOYED_DATABASE_INSPECTION
F0422,teacher_overrides#02,11,0,11,0,,13,3,10,0,"s7_get_teacher_console(text,text)@database/044_sprint7_focused_level1_corrections.sql:L58 | s7_get_teacher_console(text,text)@database/044_sprint7_focused_level1_corrections.sql:L65 | s7_get_teacher_console(text,text)@database/044_sprint7_focused_level1_corrections.sql:L65",STATIC_ACTIVE_FUNCTION_LAST_DEFINITION_CANDIDATES,NO_DEPLOYED_DATABASE_INSPECTION
F0423,teacher_overrides#03,11,0,11,0,,6,3,3,0,"s3b_log_formal_event_at_context(uuid,text,uuid,text,text,text,text,jsonb,text,boolean,uuid,uuid)@database/015_sprint3c_minimal_safe_teacher_override.sql:L50 | s2_log_event(uuid,text,uuid,text,uuid,jsonb)@database/016_sprint3c_level1_narrow_corrections.sql:L62 | s7_get_teacher_console(text,text)@database/044_sprint7_focused_level1_corrections.sql:L65",STATIC_ACTIVE_FUNCTION_LAST_DEFINITION_CANDIDATES,NO_DEPLOYED_DATABASE_INSPECTION
F0424,teacher_overrides#04,11,0,11,0,,6,3,3,0,"s3b_log_formal_event_at_context(uuid,text,uuid,text,text,text,text,jsonb,text,boolean,uuid,uuid)@database/015_sprint3c_minimal_safe_teacher_override.sql:L50 | s2_log_event(uuid,text,uuid,text,uuid,jsonb)@database/016_sprint3c_level1_narrow_corrections.sql:L62 | s7_get_teacher_console(text,text)@database/044_sprint7_focused_level1_corrections.sql:L65",STATIC_ACTIVE_FUNCTION_LAST_DEFINITION_CANDIDATES,NO_DEPLOYED_DATABASE_INSPECTION
F0425,teacher_overrides#05,11,0,11,0,,4,1,3,0,"s7_get_teacher_console(text,text)@database/044_sprint7_focused_level1_corrections.sql:L65",STATIC_ACTIVE_FUNCTION_LAST_DEFINITION_CANDIDATES,NO_DEPLOYED_DATABASE_INSPECTION
F0426,teacher_overrides#06,11,0,11,0,,7,3,4,0,"s3b_log_formal_event_at_context(uuid,text,uuid,text,text,text,text,jsonb,text,boolean,uuid,uuid)@database/015_sprint3c_minimal_safe_teacher_override.sql:L51 | s2_log_event(uuid,text,uuid,text,uuid,jsonb)@database/016_sprint3c_level1_narrow_corrections.sql:L63 | s7_get_teacher_console(text,text)@database/044_sprint7_focused_level1_corrections.sql:L65",STATIC_ACTIVE_FUNCTION_LAST_DEFINITION_CANDIDATES,NO_DEPLOYED_DATABASE_INSPECTION
F0427,teacher_overrides#07,11,0,11,0,,2,1,1,0,"s7_get_teacher_console(text,text)@database/044_sprint7_focused_level1_corrections.sql:L65",STATIC_ACTIVE_FUNCTION_LAST_DEFINITION_CANDIDATES,NO_DEPLOYED_DATABASE_INSPECTION
F0428,teacher_overrides#08,11,0,11,0,,2,1,1,0,"s7_get_teacher_console(text,text)@database/044_sprint7_focused_level1_corrections.sql:L65",STATIC_ACTIVE_FUNCTION_LAST_DEFINITION_CANDIDATES,NO_DEPLOYED_DATABASE_INSPECTION
F0429,teacher_overrides#09,11,0,11,0,,4,1,3,0,"s7_get_teacher_console(text,text)@database/044_sprint7_focused_level1_corrections.sql:L65",STATIC_ACTIVE_FUNCTION_LAST_DEFINITION_CANDIDATES,NO_DEPLOYED_DATABASE_INSPECTION
F0430,teacher_overrides#10,13,0,13,0,,5,2,3,0,"s7_get_teacher_console(text,text)@database/044_sprint7_focused_level1_corrections.sql:L65 | teacher_apply_override(text,text,text,text)@database/057_teacher_override_event_scope_consistency.sql:L19",STATIC_ACTIVE_FUNCTION_LAST_DEFINITION_CANDIDATES,NO_DEPLOYED_DATABASE_INSPECTION
F0431,teacher_overrides#11,11,0,11,0,,2,1,1,0,"s7_get_teacher_console(text,text)@database/044_sprint7_focused_level1_corrections.sql:L65",STATIC_ACTIVE_FUNCTION_LAST_DEFINITION_CANDIDATES,NO_DEPLOYED_DATABASE_INSPECTION
F0432,teacher_overrides#12,11,0,11,0,,7,2,5,0,"s7_get_teacher_console(text,text)@database/044_sprint7_focused_level1_corrections.sql:L65 | s7_get_teacher_console(text,text)@database/044_sprint7_focused_level1_corrections.sql:L65",STATIC_ACTIVE_FUNCTION_LAST_DEFINITION_CANDIDATES,NO_DEPLOYED_DATABASE_INSPECTION
