global_field_id,field_id,original_declaration_origin,declaration_default_or_generated_literal,inline_fk_reference_literal,fk_referenced_field_id_if_single_column,fk_edge_kind,scanner_derived_or_copy_witness_count,scanner_derived_or_copy_sql_evidence,direct_field_to_field_copy_verified,upstream_data_source_proven,original_field_generator_from_ddl_only,lineage_investigation_limit
F0001,act6_13_event_ledger#01,database/037_level3_independent_audit_closure.sql:L8,GENERATED_DECLARATION,,,NO_INLINE_FK,0,,NO_DIRECT_EDGE_ADJUDICATION,UNRESOLVED_FROM_LITERAL_SCAN,GENERATED_DECLARATION,SQL_WRITE_HEURISTIC_NOT_LINEAGE_PROOF; DDL_FRAGMENT_NOT_FULL_EFFECTIVE_SCHEMA
F0002,act6_13_event_ledger#02,database/037_level3_independent_audit_closure.sql:L9,NO_INLINE_DECLARATION,game_runs#run_id,game_runs#01,FOREIGN_KEY_REFERENCE_NOT_COPY,0,,NO_DIRECT_EDGE_ADJUDICATION,UNRESOLVED_FROM_LITERAL_SCAN,NONE,SQL_WRITE_HEURISTIC_NOT_LINEAGE_PROOF; DDL_FRAGMENT_NOT_FULL_EFFECTIVE_SCHEMA
F0003,act6_13_event_ledger#03,database/037_level3_independent_audit_closure.sql:L10,NO_INLINE_DECLARATION,,,NO_INLINE_FK,0,,NO_DIRECT_EDGE_ADJUDICATION,UNRESOLVED_FROM_LITERAL_SCAN,NONE,SQL_WRITE_HEURISTIC_NOT_LINEAGE_PROOF; DDL_FRAGMENT_NOT_FULL_EFFECTIVE_SCHEMA
F0004,act6_13_event_ledger#04,database/037_level3_independent_audit_closure.sql:L11,NO_INLINE_DECLARATION,,,NO_INLINE_FK,0,,NO_DIRECT_EDGE_ADJUDICATION,UNRESOLVED_FROM_LITERAL_SCAN,NONE,SQL_WRITE_HEURISTIC_NOT_LINEAGE_PROOF; DDL_FRAGMENT_NOT_FULL_EFFECTIVE_SCHEMA
F0005,act6_13_event_ledger#05,database/037_level3_independent_audit_closure.sql:L12,NO_INLINE_DECLARATION,,,NO_INLINE_FK,0,,NO_DIRECT_EDGE_ADJUDICATION,UNRESOLVED_FROM_LITERAL_SCAN,NONE,SQL_WRITE_HEURISTIC_NOT_LINEAGE_PROOF; DDL_FRAGMENT_NOT_FULL_EFFECTIVE_SCHEMA
F0006,act6_13_event_ledger#06,database/037_level3_independent_audit_closure.sql:L13,NO_INLINE_DECLARATION,,,NO_INLINE_FK,0,,NO_DIRECT_EDGE_ADJUDICATION,UNRESOLVED_FROM_LITERAL_SCAN,NONE,SQL_WRITE_HEURISTIC_NOT_LINEAGE_PROOF; DDL_FRAGMENT_NOT_FULL_EFFECTIVE_SCHEMA
F0007,act6_13_event_ledger#07,database/037_level3_independent_audit_closure.sql:L14,NO_INLINE_DECLARATION,s1_room_players#player_id,s1_room_players#01,FOREIGN_KEY_REFERENCE_NOT_COPY,0,,NO_DIRECT_EDGE_ADJUDICATION,UNRESOLVED_FROM_LITERAL_SCAN,NONE,SQL_WRITE_HEURISTIC_NOT_LINEAGE_PROOF; DDL_FRAGMENT_NOT_FULL_EFFECTIVE_SCHEMA
F0008,act6_13_event_ledger#08,database/037_level3_independent_audit_closure.sql:L15,DEFAULT_DECLARATION,,,NO_INLINE_FK,0,,NO_DIRECT_EDGE_ADJUDICATION,UNRESOLVED_FROM_LITERAL_SCAN,DEFAULT_DECLARATION,SQL_WRITE_HEURISTIC_NOT_LINEAGE_PROOF; DDL_FRAGMENT_NOT_FULL_EFFECTIVE_SCHEMA
F0009,act6_13_event_ledger#09,database/037_level3_independent_audit_closure.sql:L16,DEFAULT_DECLARATION,,,NO_INLINE_FK,0,,NO_DIRECT_EDGE_ADJUDICATION,UNRESOLVED_FROM_LITERAL_SCAN,DEFAULT_DECLARATION,SQL_WRITE_HEURISTIC_NOT_LINEAGE_PROOF; DDL_FRAGMENT_NOT_FULL_EFFECTIVE_SCHEMA
F0010,asset_candidates#01,database/018_sprint4_asset_manager_v2.sql:L10,DEFAULT_DECLARATION,,,NO_INLINE_FK,0,,NO_DIRECT_EDGE_ADJUDICATION,UNRESOLVED_FROM_LITERAL_SCAN,DEFAULT_DECLARATION,SQL_WRITE_HEURISTIC_NOT_LINEAGE_PROOF; DDL_FRAGMENT_NOT_FULL_EFFECTIVE_SCHEMA
F0011,asset_candidates#02,database/018_sprint4_asset_manager_v2.sql:L10,NO_INLINE_DECLARATION,asset_registry_projection#asset_key,asset_registry_projection#01,FOREIGN_KEY_REFERENCE_NOT_COPY,0,,NO_DIRECT_EDGE_ADJUDICATION,UNRESOLVED_FROM_LITERAL_SCAN,NONE,SQL_WRITE_HEURISTIC_NOT_LINEAGE_PROOF; DDL_FRAGMENT_NOT_FULL_EFFECTIVE_SCHEMA
F0012,asset_candidates#03,database/018_sprint4_asset_manager_v2.sql:L10,NO_INLINE_DECLARATION,,,NO_INLINE_FK,0,,NO_DIRECT_EDGE_ADJUDICATION,UNRESOLVED_FROM_LITERAL_SCAN,NONE,SQL_WRITE_HEURISTIC_NOT_LINEAGE_PROOF; DDL_FRAGMENT_NOT_FULL_EFFECTIVE_SCHEMA
F0013,asset_candidates#04,database/018_sprint4_asset_manager_v2.sql:L11,NO_INLINE_DECLARATION,,,NO_INLINE_FK,0,,NO_DIRECT_EDGE_ADJUDICATION,UNRESOLVED_FROM_LITERAL_SCAN,NONE,SQL_WRITE_HEURISTIC_NOT_LINEAGE_PROOF; DDL_FRAGMENT_NOT_FULL_EFFECTIVE_SCHEMA
F0014,asset_candidates#05,database/018_sprint4_asset_manager_v2.sql:L11,NO_INLINE_DECLARATION,,,NO_INLINE_FK,0,,NO_DIRECT_EDGE_ADJUDICATION,UNRESOLVED_FROM_LITERAL_SCAN,NONE,SQL_WRITE_HEURISTIC_NOT_LINEAGE_PROOF; DDL_FRAGMENT_NOT_FULL_EFFECTIVE_SCHEMA
F0015,asset_candidates#06,database/018_sprint4_asset_manager_v2.sql:L11,NO_INLINE_DECLARATION,,,NO_INLINE_FK,0,,NO_DIRECT_EDGE_ADJUDICATION,UNRESOLVED_FROM_LITERAL_SCAN,NONE,SQL_WRITE_HEURISTIC_NOT_LINEAGE_PROOF; DDL_FRAGMENT_NOT_FULL_EFFECTIVE_SCHEMA
F0016,asset_candidates#07,database/018_sprint4_asset_manager_v2.sql:L11,NO_INLINE_DECLARATION,,,NO_INLINE_FK,0,,NO_DIRECT_EDGE_ADJUDICATION,UNRESOLVED_FROM_LITERAL_SCAN,NONE,SQL_WRITE_HEURISTIC_NOT_LINEAGE_PROOF; DDL_FRAGMENT_NOT_FULL_EFFECTIVE_SCHEMA
F0017,asset_candidates#08,database/018_sprint4_asset_manager_v2.sql:L11,NO_INLINE_DECLARATION,,,NO_INLINE_FK,0,,NO_DIRECT_EDGE_ADJUDICATION,UNRESOLVED_FROM_LITERAL_SCAN,NONE,SQL_WRITE_HEURISTIC_NOT_LINEAGE_PROOF; DDL_FRAGMENT_NOT_FULL_EFFECTIVE_SCHEMA
F0018,asset_candidates#09,database/018_sprint4_asset_manager_v2.sql:L12,NO_INLINE_DECLARATION,,,NO_INLINE_FK,0,,NO_DIRECT_EDGE_ADJUDICATION,UNRESOLVED_FROM_LITERAL_SCAN,NONE,SQL_WRITE_HEURISTIC_NOT_LINEAGE_PROOF; DDL_FRAGMENT_NOT_FULL_EFFECTIVE_SCHEMA
F0019,asset_candidates#10,database/018_sprint4_asset_manager_v2.sql:L13,NO_INLINE_DECLARATION,,,NO_INLINE_FK,0,,NO_DIRECT_EDGE_ADJUDICATION,UNRESOLVED_FROM_LITERAL_SCAN,NONE,SQL_WRITE_HEURISTIC_NOT_LINEAGE_PROOF; DDL_FRAGMENT_NOT_FULL_EFFECTIVE_SCHEMA
F0020,asset_candidates#11,database/018_sprint4_asset_manager_v2.sql:L13,NO_INLINE_DECLARATION,,,NO_INLINE_FK,0,,NO_DIRECT_EDGE_ADJUDICATION,UNRESOLVED_FROM_LITERAL_SCAN,NONE,SQL_WRITE_HEURISTIC_NOT_LINEAGE_PROOF; DDL_FRAGMENT_NOT_FULL_EFFECTIVE_SCHEMA
F0021,asset_candidates#12,database/018_sprint4_asset_manager_v2.sql:L13,DEFAULT_DECLARATION,,,NO_INLINE_FK,0,,NO_DIRECT_EDGE_ADJUDICATION,UNRESOLVED_FROM_LITERAL_SCAN,DEFAULT_DECLARATION,SQL_WRITE_HEURISTIC_NOT_LINEAGE_PROOF; DDL_FRAGMENT_NOT_FULL_EFFECTIVE_SCHEMA
F0022,asset_candidates#13,database/018_sprint4_asset_manager_v2.sql:L13,NO_INLINE_DECLARATION,,,NO_INLINE_FK,0,,NO_DIRECT_EDGE_ADJUDICATION,UNRESOLVED_FROM_LITERAL_SCAN,NONE,SQL_WRITE_HEURISTIC_NOT_LINEAGE_PROOF; DDL_FRAGMENT_NOT_FULL_EFFECTIVE_SCHEMA
F0023,asset_candidates#14,database/018_sprint4_asset_manager_v2.sql:L13,NO_INLINE_DECLARATION,,,NO_INLINE_FK,0,,NO_DIRECT_EDGE_ADJUDICATION,UNRESOLVED_FROM_LITERAL_SCAN,NONE,SQL_WRITE_HEURISTIC_NOT_LINEAGE_PROOF; DDL_FRAGMENT_NOT_FULL_EFFECTIVE_SCHEMA
F0024,asset_candidates#15,database/018_sprint4_asset_manager_v2.sql:L13,NO_INLINE_DECLARATION,,,NO_INLINE_FK,0,,NO_DIRECT_EDGE_ADJUDICATION,UNRESOLVED_FROM_LITERAL_SCAN,NONE,SQL_WRITE_HEURISTIC_NOT_LINEAGE_PROOF; DDL_FRAGMENT_NOT_FULL_EFFECTIVE_SCHEMA
F0025,asset_candidates#16,database/018_sprint4_asset_manager_v2.sql:L14,NO_INLINE_DECLARATION,,,NO_INLINE_FK,0,,NO_DIRECT_EDGE_ADJUDICATION,UNRESOLVED_FROM_LITERAL_SCAN,NONE,SQL_WRITE_HEURISTIC_NOT_LINEAGE_PROOF; DDL_FRAGMENT_NOT_FULL_EFFECTIVE_SCHEMA
F0026,asset_candidates#17,database/018_sprint4_asset_manager_v2.sql:L14,NO_INLINE_DECLARATION,,,NO_INLINE_FK,0,,NO_DIRECT_EDGE_ADJUDICATION,UNRESOLVED_FROM_LITERAL_SCAN,NONE,SQL_WRITE_HEURISTIC_NOT_LINEAGE_PROOF; DDL_FRAGMENT_NOT_FULL_EFFECTIVE_SCHEMA
F0027,asset_candidates#18,database/018_sprint4_asset_manager_v2.sql:L14,DEFAULT_DECLARATION,,,NO_INLINE_FK,0,,NO_DIRECT_EDGE_ADJUDICATION,UNRESOLVED_FROM_LITERAL_SCAN,DEFAULT_DECLARATION,SQL_WRITE_HEURISTIC_NOT_LINEAGE_PROOF; DDL_FRAGMENT_NOT_FULL_EFFECTIVE_SCHEMA
F0028,asset_candidates#19,database/018_sprint4_asset_manager_v2.sql:L14,NO_INLINE_DECLARATION,,,NO_INLINE_FK,0,,NO_DIRECT_EDGE_ADJUDICATION,UNRESOLVED_FROM_LITERAL_SCAN,NONE,SQL_WRITE_HEURISTIC_NOT_LINEAGE_PROOF; DDL_FRAGMENT_NOT_FULL_EFFECTIVE_SCHEMA
F0029,asset_candidates#20,database/018_sprint4_asset_manager_v2.sql:L14,NO_INLINE_DECLARATION,,,NO_INLINE_FK,0,,NO_DIRECT_EDGE_ADJUDICATION,UNRESOLVED_FROM_LITERAL_SCAN,NONE,SQL_WRITE_HEURISTIC_NOT_LINEAGE_PROOF; DDL_FRAGMENT_NOT_FULL_EFFECTIVE_SCHEMA
F0030,asset_candidates#21,database/018_sprint4_asset_manager_v2.sql:L14,NO_INLINE_DECLARATION,,,NO_INLINE_FK,0,,NO_DIRECT_EDGE_ADJUDICATION,UNRESOLVED_FROM_LITERAL_SCAN,NONE,SQL_WRITE_HEURISTIC_NOT_LINEAGE_PROOF; DDL_FRAGMENT_NOT_FULL_EFFECTIVE_SCHEMA
F0031,asset_candidates#22,database/018_sprint4_asset_manager_v2.sql:L14,NO_INLINE_DECLARATION,,,NO_INLINE_FK,0,,NO_DIRECT_EDGE_ADJUDICATION,UNRESOLVED_FROM_LITERAL_SCAN,NONE,SQL_WRITE_HEURISTIC_NOT_LINEAGE_PROOF; DDL_FRAGMENT_NOT_FULL_EFFECTIVE_SCHEMA
F0032,asset_candidates#23,database/018_sprint4_asset_manager_v2.sql:L14,NO_INLINE_DECLARATION,,,NO_INLINE_FK,0,,NO_DIRECT_EDGE_ADJUDICATION,UNRESOLVED_FROM_LITERAL_SCAN,NONE,SQL_WRITE_HEURISTIC_NOT_LINEAGE_PROOF; DDL_FRAGMENT_NOT_FULL_EFFECTIVE_SCHEMA
F0033,asset_candidates#24,database/018_sprint4_asset_manager_v2.sql:L15,NO_INLINE_DECLARATION,,,NO_INLINE_FK,0,,NO_DIRECT_EDGE_ADJUDICATION,UNRESOLVED_FROM_LITERAL_SCAN,NONE,SQL_WRITE_HEURISTIC_NOT_LINEAGE_PROOF; DDL_FRAGMENT_NOT_FULL_EFFECTIVE_SCHEMA
F0034,asset_candidates#25,database/018_sprint4_asset_manager_v2.sql:L15,NO_INLINE_DECLARATION,,,NO_INLINE_FK,0,,NO_DIRECT_EDGE_ADJUDICATION,UNRESOLVED_FROM_LITERAL_SCAN,NONE,SQL_WRITE_HEURISTIC_NOT_LINEAGE_PROOF; DDL_FRAGMENT_NOT_FULL_EFFECTIVE_SCHEMA
F0035,asset_candidates#26,database/018_sprint4_asset_manager_v2.sql:L15,DEFAULT_DECLARATION,,,NO_INLINE_FK,0,,NO_DIRECT_EDGE_ADJUDICATION,UNRESOLVED_FROM_LITERAL_SCAN,DEFAULT_DECLARATION,SQL_WRITE_HEURISTIC_NOT_LINEAGE_PROOF; DDL_FRAGMENT_NOT_FULL_EFFECTIVE_SCHEMA
F0036,asset_candidates#27,database/018_sprint4_asset_manager_v2.sql:L15,DEFAULT_DECLARATION,,,NO_INLINE_FK,0,,NO_DIRECT_EDGE_ADJUDICATION,UNRESOLVED_FROM_LITERAL_SCAN,DEFAULT_DECLARATION,SQL_WRITE_HEURISTIC_NOT_LINEAGE_PROOF; DDL_FRAGMENT_NOT_FULL_EFFECTIVE_SCHEMA
F0037,asset_candidates#28,database/018_sprint4_asset_manager_v2.sql:L15,NO_INLINE_DECLARATION,,,NO_INLINE_FK,0,,NO_DIRECT_EDGE_ADJUDICATION,UNRESOLVED_FROM_LITERAL_SCAN,NONE,SQL_WRITE_HEURISTIC_NOT_LINEAGE_PROOF; DDL_FRAGMENT_NOT_FULL_EFFECTIVE_SCHEMA
F0038,asset_candidates#29,database/018_sprint4_asset_manager_v2.sql:L16,NO_INLINE_DECLARATION,,,NO_INLINE_FK,0,,NO_DIRECT_EDGE_ADJUDICATION,UNRESOLVED_FROM_LITERAL_SCAN,NONE,SQL_WRITE_HEURISTIC_NOT_LINEAGE_PROOF; DDL_FRAGMENT_NOT_FULL_EFFECTIVE_SCHEMA
F0039,asset_events#01,database/018_sprint4_asset_manager_v2.sql:L20,DEFAULT_DECLARATION,,,NO_INLINE_FK,0,,NO_DIRECT_EDGE_ADJUDICATION,UNRESOLVED_FROM_LITERAL_SCAN,DEFAULT_DECLARATION,SQL_WRITE_HEURISTIC_NOT_LINEAGE_PROOF; DDL_FRAGMENT_NOT_FULL_EFFECTIVE_SCHEMA
F0040,asset_events#02,database/018_sprint4_asset_manager_v2.sql:L20,NO_INLINE_DECLARATION,,,NO_INLINE_FK,0,,NO_DIRECT_EDGE_ADJUDICATION,UNRESOLVED_FROM_LITERAL_SCAN,NONE,SQL_WRITE_HEURISTIC_NOT_LINEAGE_PROOF; DDL_FRAGMENT_NOT_FULL_EFFECTIVE_SCHEMA
F0041,asset_events#03,database/018_sprint4_asset_manager_v2.sql:L20,NO_INLINE_DECLARATION,,,NO_INLINE_FK,0,,NO_DIRECT_EDGE_ADJUDICATION,UNRESOLVED_FROM_LITERAL_SCAN,NONE,SQL_WRITE_HEURISTIC_NOT_LINEAGE_PROOF; DDL_FRAGMENT_NOT_FULL_EFFECTIVE_SCHEMA
F0042,asset_events#04,database/018_sprint4_asset_manager_v2.sql:L20,NO_INLINE_DECLARATION,,,NO_INLINE_FK,0,,NO_DIRECT_EDGE_ADJUDICATION,UNRESOLVED_FROM_LITERAL_SCAN,NONE,SQL_WRITE_HEURISTIC_NOT_LINEAGE_PROOF; DDL_FRAGMENT_NOT_FULL_EFFECTIVE_SCHEMA
F0043,asset_events#05,database/018_sprint4_asset_manager_v2.sql:L20,DEFAULT_DECLARATION,,,NO_INLINE_FK,0,,NO_DIRECT_EDGE_ADJUDICATION,UNRESOLVED_FROM_LITERAL_SCAN,DEFAULT_DECLARATION,SQL_WRITE_HEURISTIC_NOT_LINEAGE_PROOF; DDL_FRAGMENT_NOT_FULL_EFFECTIVE_SCHEMA
F0044,asset_events#06,database/018_sprint4_asset_manager_v2.sql:L20,DEFAULT_DECLARATION,,,NO_INLINE_FK,0,,NO_DIRECT_EDGE_ADJUDICATION,UNRESOLVED_FROM_LITERAL_SCAN,DEFAULT_DECLARATION,SQL_WRITE_HEURISTIC_NOT_LINEAGE_PROOF; DDL_FRAGMENT_NOT_FULL_EFFECTIVE_SCHEMA
F0045,asset_manager_reviewers#01,database/024_sprint4_level1_narrow_corrections.sql:L3,NO_INLINE_DECLARATION,,,NO_INLINE_FK,0,,NO_DIRECT_EDGE_ADJUDICATION,UNRESOLVED_FROM_LITERAL_SCAN,NONE,SQL_WRITE_HEURISTIC_NOT_LINEAGE_PROOF; DDL_FRAGMENT_NOT_FULL_EFFECTIVE_SCHEMA
F0046,asset_manager_reviewers#02,database/024_sprint4_level1_narrow_corrections.sql:L3,NO_INLINE_DECLARATION,,,NO_INLINE_FK,0,,NO_DIRECT_EDGE_ADJUDICATION,UNRESOLVED_FROM_LITERAL_SCAN,NONE,SQL_WRITE_HEURISTIC_NOT_LINEAGE_PROOF; DDL_FRAGMENT_NOT_FULL_EFFECTIVE_SCHEMA
F0047,asset_manager_reviewers#03,database/024_sprint4_level1_narrow_corrections.sql:L3,DEFAULT_DECLARATION,,,NO_INLINE_FK,0,,NO_DIRECT_EDGE_ADJUDICATION,UNRESOLVED_FROM_LITERAL_SCAN,DEFAULT_DECLARATION,SQL_WRITE_HEURISTIC_NOT_LINEAGE_PROOF; DDL_FRAGMENT_NOT_FULL_EFFECTIVE_SCHEMA
F0048,asset_manager_reviewers#04,database/024_sprint4_level1_narrow_corrections.sql:L3,DEFAULT_DECLARATION,,,NO_INLINE_FK,0,,NO_DIRECT_EDGE_ADJUDICATION,UNRESOLVED_FROM_LITERAL_SCAN,DEFAULT_DECLARATION,SQL_WRITE_HEURISTIC_NOT_LINEAGE_PROOF; DDL_FRAGMENT_NOT_FULL_EFFECTIVE_SCHEMA
F0049,asset_registry_projection#01,database/018_sprint4_asset_manager_v2.sql:L3,NO_INLINE_DECLARATION,,,NO_INLINE_FK,0,,NO_DIRECT_EDGE_ADJUDICATION,UNRESOLVED_FROM_LITERAL_SCAN,NONE,SQL_WRITE_HEURISTIC_NOT_LINEAGE_PROOF; DDL_FRAGMENT_NOT_FULL_EFFECTIVE_SCHEMA
F0050,asset_registry_projection#02,database/018_sprint4_asset_manager_v2.sql:L3,NO_INLINE_DECLARATION,,,NO_INLINE_FK,0,,NO_DIRECT_EDGE_ADJUDICATION,UNRESOLVED_FROM_LITERAL_SCAN,NONE,SQL_WRITE_HEURISTIC_NOT_LINEAGE_PROOF; DDL_FRAGMENT_NOT_FULL_EFFECTIVE_SCHEMA
F0051,asset_registry_projection#03,database/018_sprint4_asset_manager_v2.sql:L3,DEFAULT_DECLARATION,,,NO_INLINE_FK,0,,NO_DIRECT_EDGE_ADJUDICATION,UNRESOLVED_FROM_LITERAL_SCAN,DEFAULT_DECLARATION,SQL_WRITE_HEURISTIC_NOT_LINEAGE_PROOF; DDL_FRAGMENT_NOT_FULL_EFFECTIVE_SCHEMA
F0052,asset_registry_projection#04,database/018_sprint4_asset_manager_v2.sql:L3,NO_INLINE_DECLARATION,,,NO_INLINE_FK,0,,NO_DIRECT_EDGE_ADJUDICATION,UNRESOLVED_FROM_LITERAL_SCAN,NONE,SQL_WRITE_HEURISTIC_NOT_LINEAGE_PROOF; DDL_FRAGMENT_NOT_FULL_EFFECTIVE_SCHEMA
F0053,asset_registry_projection#05,database/018_sprint4_asset_manager_v2.sql:L4,NO_INLINE_DECLARATION,,,NO_INLINE_FK,0,,NO_DIRECT_EDGE_ADJUDICATION,UNRESOLVED_FROM_LITERAL_SCAN,NONE,SQL_WRITE_HEURISTIC_NOT_LINEAGE_PROOF; DDL_FRAGMENT_NOT_FULL_EFFECTIVE_SCHEMA
F0054,asset_registry_projection#06,database/018_sprint4_asset_manager_v2.sql:L4,NO_INLINE_DECLARATION,,,NO_INLINE_FK,0,,NO_DIRECT_EDGE_ADJUDICATION,UNRESOLVED_FROM_LITERAL_SCAN,NONE,SQL_WRITE_HEURISTIC_NOT_LINEAGE_PROOF; DDL_FRAGMENT_NOT_FULL_EFFECTIVE_SCHEMA
F0055,asset_registry_projection#07,database/018_sprint4_asset_manager_v2.sql:L4,DEFAULT_DECLARATION,,,NO_INLINE_FK,0,,NO_DIRECT_EDGE_ADJUDICATION,UNRESOLVED_FROM_LITERAL_SCAN,DEFAULT_DECLARATION,SQL_WRITE_HEURISTIC_NOT_LINEAGE_PROOF; DDL_FRAGMENT_NOT_FULL_EFFECTIVE_SCHEMA
F0056,asset_registry_projection#08,database/018_sprint4_asset_manager_v2.sql:L4,NO_INLINE_DECLARATION,,,NO_INLINE_FK,0,,NO_DIRECT_EDGE_ADJUDICATION,UNRESOLVED_FROM_LITERAL_SCAN,NONE,SQL_WRITE_HEURISTIC_NOT_LINEAGE_PROOF; DDL_FRAGMENT_NOT_FULL_EFFECTIVE_SCHEMA
F0057,asset_registry_projection#09,database/018_sprint4_asset_manager_v2.sql:L5,DEFAULT_DECLARATION,,,NO_INLINE_FK,0,,NO_DIRECT_EDGE_ADJUDICATION,UNRESOLVED_FROM_LITERAL_SCAN,DEFAULT_DECLARATION,SQL_WRITE_HEURISTIC_NOT_LINEAGE_PROOF; DDL_FRAGMENT_NOT_FULL_EFFECTIVE_SCHEMA
F0058,asset_registry_projection#10,database/018_sprint4_asset_manager_v2.sql:L5,NO_INLINE_DECLARATION,,,NO_INLINE_FK,0,,NO_DIRECT_EDGE_ADJUDICATION,UNRESOLVED_FROM_LITERAL_SCAN,NONE,SQL_WRITE_HEURISTIC_NOT_LINEAGE_PROOF; DDL_FRAGMENT_NOT_FULL_EFFECTIVE_SCHEMA
F0059,asset_registry_projection#11,database/018_sprint4_asset_manager_v2.sql:L5,DEFAULT_DECLARATION,,,NO_INLINE_FK,0,,NO_DIRECT_EDGE_ADJUDICATION,UNRESOLVED_FROM_LITERAL_SCAN,DEFAULT_DECLARATION,SQL_WRITE_HEURISTIC_NOT_LINEAGE_PROOF; DDL_FRAGMENT_NOT_FULL_EFFECTIVE_SCHEMA
F0060,asset_registry_projection#12,database/018_sprint4_asset_manager_v2.sql:L5,DEFAULT_DECLARATION,,,NO_INLINE_FK,0,,NO_DIRECT_EDGE_ADJUDICATION,UNRESOLVED_FROM_LITERAL_SCAN,DEFAULT_DECLARATION,SQL_WRITE_HEURISTIC_NOT_LINEAGE_PROOF; DDL_FRAGMENT_NOT_FULL_EFFECTIVE_SCHEMA
F0061,asset_registry_projection#13,database/018_sprint4_asset_manager_v2.sql:L6,NO_INLINE_DECLARATION,,,NO_INLINE_FK,0,,NO_DIRECT_EDGE_ADJUDICATION,UNRESOLVED_FROM_LITERAL_SCAN,NONE,SQL_WRITE_HEURISTIC_NOT_LINEAGE_PROOF; DDL_FRAGMENT_NOT_FULL_EFFECTIVE_SCHEMA
F0062,asset_registry_projection#14,database/018_sprint4_asset_manager_v2.sql:L6,DEFAULT_DECLARATION,,,NO_INLINE_FK,0,,NO_DIRECT_EDGE_ADJUDICATION,UNRESOLVED_FROM_LITERAL_SCAN,DEFAULT_DECLARATION,SQL_WRITE_HEURISTIC_NOT_LINEAGE_PROOF; DDL_FRAGMENT_NOT_FULL_EFFECTIVE_SCHEMA
F0063,dialogue_messages#01,database/002_runtime_runs_discussion.sql:L56,DEFAULT_DECLARATION|GENERATED_DECLARATION,,,NO_INLINE_FK,0,,NO_DIRECT_EDGE_ADJUDICATION,UNRESOLVED_FROM_LITERAL_SCAN,DEFAULT_DECLARATION|GENERATED_DECLARATION,SQL_WRITE_HEURISTIC_NOT_LINEAGE_PROOF; DDL_FRAGMENT_NOT_FULL_EFFECTIVE_SCHEMA
F0064,dialogue_messages#02,database/002_runtime_runs_discussion.sql:L57,NO_INLINE_DECLARATION,game_runs#run_id,game_runs#01,FOREIGN_KEY_REFERENCE_NOT_COPY,0,,NO_DIRECT_EDGE_ADJUDICATION,UNRESOLVED_FROM_LITERAL_SCAN,NONE,SQL_WRITE_HEURISTIC_NOT_LINEAGE_PROOF; DDL_FRAGMENT_NOT_FULL_EFFECTIVE_SCHEMA
F0065,dialogue_messages#03,database/002_runtime_runs_discussion.sql:L58,NO_INLINE_DECLARATION,discussion_sessions#discussion_session_id,discussion_sessions#01,FOREIGN_KEY_REFERENCE_NOT_COPY,0,,NO_DIRECT_EDGE_ADJUDICATION,UNRESOLVED_FROM_LITERAL_SCAN,NONE,SQL_WRITE_HEURISTIC_NOT_LINEAGE_PROOF; DDL_FRAGMENT_NOT_FULL_EFFECTIVE_SCHEMA
F0066,dialogue_messages#04,database/002_runtime_runs_discussion.sql:L59,NO_INLINE_DECLARATION,,,NO_INLINE_FK,0,,NO_DIRECT_EDGE_ADJUDICATION,UNRESOLVED_FROM_LITERAL_SCAN,NONE,SQL_WRITE_HEURISTIC_NOT_LINEAGE_PROOF; DDL_FRAGMENT_NOT_FULL_EFFECTIVE_SCHEMA
F0067,dialogue_messages#05,database/002_runtime_runs_discussion.sql:L60,NO_INLINE_DECLARATION,,,NO_INLINE_FK,0,,NO_DIRECT_EDGE_ADJUDICATION,UNRESOLVED_FROM_LITERAL_SCAN,NONE,SQL_WRITE_HEURISTIC_NOT_LINEAGE_PROOF; DDL_FRAGMENT_NOT_FULL_EFFECTIVE_SCHEMA
F0068,dialogue_messages#06,database/002_runtime_runs_discussion.sql:L61,DEFAULT_DECLARATION,,,NO_INLINE_FK,0,,NO_DIRECT_EDGE_ADJUDICATION,UNRESOLVED_FROM_LITERAL_SCAN,DEFAULT_DECLARATION,SQL_WRITE_HEURISTIC_NOT_LINEAGE_PROOF; DDL_FRAGMENT_NOT_FULL_EFFECTIVE_SCHEMA
F0069,dialogue_messages#07,database/002_runtime_runs_discussion.sql:L62,NO_INLINE_DECLARATION,s1_room_players#player_id,s1_room_players#01,FOREIGN_KEY_REFERENCE_NOT_COPY,0,,NO_DIRECT_EDGE_ADJUDICATION,UNRESOLVED_FROM_LITERAL_SCAN,NONE,SQL_WRITE_HEURISTIC_NOT_LINEAGE_PROOF; DDL_FRAGMENT_NOT_FULL_EFFECTIVE_SCHEMA
F0070,dialogue_messages#08,database/002_runtime_runs_discussion.sql:L63,NO_INLINE_DECLARATION,,,NO_INLINE_FK,0,,NO_DIRECT_EDGE_ADJUDICATION,UNRESOLVED_FROM_LITERAL_SCAN,NONE,SQL_WRITE_HEURISTIC_NOT_LINEAGE_PROOF; DDL_FRAGMENT_NOT_FULL_EFFECTIVE_SCHEMA
F0071,dialogue_messages#09,database/002_runtime_runs_discussion.sql:L64,DEFAULT_DECLARATION,,,NO_INLINE_FK,0,,NO_DIRECT_EDGE_ADJUDICATION,UNRESOLVED_FROM_LITERAL_SCAN,DEFAULT_DECLARATION,SQL_WRITE_HEURISTIC_NOT_LINEAGE_PROOF; DDL_FRAGMENT_NOT_FULL_EFFECTIVE_SCHEMA
F0072,dialogue_messages#10,database/013_sprint3b_discussion_authority_and_request_identity.sql:L24,NO_INLINE_DECLARATION,,,NO_INLINE_FK,0,,NO_DIRECT_EDGE_ADJUDICATION,UNRESOLVED_FROM_LITERAL_SCAN,NONE,SQL_WRITE_HEURISTIC_NOT_LINEAGE_PROOF; DDL_FRAGMENT_NOT_FULL_EFFECTIVE_SCHEMA
F0073,discussion_sessions#01,database/002_runtime_runs_discussion.sql:L24,DEFAULT_DECLARATION,,,NO_INLINE_FK,0,,NO_DIRECT_EDGE_ADJUDICATION,UNRESOLVED_FROM_LITERAL_SCAN,DEFAULT_DECLARATION,SQL_WRITE_HEURISTIC_NOT_LINEAGE_PROOF; DDL_FRAGMENT_NOT_FULL_EFFECTIVE_SCHEMA
F0074,discussion_sessions#02,database/002_runtime_runs_discussion.sql:L25,NO_INLINE_DECLARATION,game_runs#run_id,game_runs#01,FOREIGN_KEY_REFERENCE_NOT_COPY,0,,NO_DIRECT_EDGE_ADJUDICATION,UNRESOLVED_FROM_LITERAL_SCAN,NONE,SQL_WRITE_HEURISTIC_NOT_LINEAGE_PROOF; DDL_FRAGMENT_NOT_FULL_EFFECTIVE_SCHEMA
F0075,discussion_sessions#03,database/002_runtime_runs_discussion.sql:L26,NO_INLINE_DECLARATION,,,NO_INLINE_FK,0,,NO_DIRECT_EDGE_ADJUDICATION,UNRESOLVED_FROM_LITERAL_SCAN,NONE,SQL_WRITE_HEURISTIC_NOT_LINEAGE_PROOF; DDL_FRAGMENT_NOT_FULL_EFFECTIVE_SCHEMA
F0076,discussion_sessions#04,database/002_runtime_runs_discussion.sql:L27,NO_INLINE_DECLARATION,,,NO_INLINE_FK,0,,NO_DIRECT_EDGE_ADJUDICATION,UNRESOLVED_FROM_LITERAL_SCAN,NONE,SQL_WRITE_HEURISTIC_NOT_LINEAGE_PROOF; DDL_FRAGMENT_NOT_FULL_EFFECTIVE_SCHEMA
F0077,discussion_sessions#05,database/002_runtime_runs_discussion.sql:L28,DEFAULT_DECLARATION,,,NO_INLINE_FK,0,,NO_DIRECT_EDGE_ADJUDICATION,UNRESOLVED_FROM_LITERAL_SCAN,DEFAULT_DECLARATION,SQL_WRITE_HEURISTIC_NOT_LINEAGE_PROOF; DDL_FRAGMENT_NOT_FULL_EFFECTIVE_SCHEMA
F0078,discussion_sessions#06,database/002_runtime_runs_discussion.sql:L29,NO_INLINE_DECLARATION,,,NO_INLINE_FK,0,,NO_DIRECT_EDGE_ADJUDICATION,UNRESOLVED_FROM_LITERAL_SCAN,NONE,SQL_WRITE_HEURISTIC_NOT_LINEAGE_PROOF; DDL_FRAGMENT_NOT_FULL_EFFECTIVE_SCHEMA
F0079,discussion_sessions#07,database/002_runtime_runs_discussion.sql:L30,NO_INLINE_DECLARATION,,,NO_INLINE_FK,0,,NO_DIRECT_EDGE_ADJUDICATION,UNRESOLVED_FROM_LITERAL_SCAN,NONE,SQL_WRITE_HEURISTIC_NOT_LINEAGE_PROOF; DDL_FRAGMENT_NOT_FULL_EFFECTIVE_SCHEMA
F0080,discussion_sessions#08,database/002_runtime_runs_discussion.sql:L31,NO_INLINE_DECLARATION,,,NO_INLINE_FK,0,,NO_DIRECT_EDGE_ADJUDICATION,UNRESOLVED_FROM_LITERAL_SCAN,NONE,SQL_WRITE_HEURISTIC_NOT_LINEAGE_PROOF; DDL_FRAGMENT_NOT_FULL_EFFECTIVE_SCHEMA
F0081,discussion_sessions#09,database/002_runtime_runs_discussion.sql:L32,DEFAULT_DECLARATION,,,NO_INLINE_FK,0,,NO_DIRECT_EDGE_ADJUDICATION,UNRESOLVED_FROM_LITERAL_SCAN,DEFAULT_DECLARATION,SQL_WRITE_HEURISTIC_NOT_LINEAGE_PROOF; DDL_FRAGMENT_NOT_FULL_EFFECTIVE_SCHEMA
F0082,discussion_sessions#10,database/002_runtime_runs_discussion.sql:L34,DEFAULT_DECLARATION,,,NO_INLINE_FK,0,,NO_DIRECT_EDGE_ADJUDICATION,UNRESOLVED_FROM_LITERAL_SCAN,DEFAULT_DECLARATION,SQL_WRITE_HEURISTIC_NOT_LINEAGE_PROOF; DDL_FRAGMENT_NOT_FULL_EFFECTIVE_SCHEMA
F0083,discussion_sessions#11,database/002_runtime_runs_discussion.sql:L35,NO_INLINE_DECLARATION,,,NO_INLINE_FK,2,database/002_runtime_runs_discussion.sql:L403@s2_refresh_discussion | database/002_runtime_runs_discussion.sql:L477@s2_open_vote,NO_DIRECT_EDGE_ADJUDICATION,UNRESOLVED_FROM_LITERAL_SCAN,NONE,SQL_WRITE_HEURISTIC_NOT_LINEAGE_PROOF; DDL_FRAGMENT_NOT_FULL_EFFECTIVE_SCHEMA
F0084,discussion_sessions#12,database/002_runtime_runs_discussion.sql:L36,NO_INLINE_DECLARATION,,,NO_INLINE_FK,0,,NO_DIRECT_EDGE_ADJUDICATION,UNRESOLVED_FROM_LITERAL_SCAN,NONE,SQL_WRITE_HEURISTIC_NOT_LINEAGE_PROOF; DDL_FRAGMENT_NOT_FULL_EFFECTIVE_SCHEMA
F0085,discussion_sessions#13,database/002_runtime_runs_discussion.sql:L37,NO_INLINE_DECLARATION,,,NO_INLINE_FK,0,,NO_DIRECT_EDGE_ADJUDICATION,UNRESOLVED_FROM_LITERAL_SCAN,NONE,SQL_WRITE_HEURISTIC_NOT_LINEAGE_PROOF; DDL_FRAGMENT_NOT_FULL_EFFECTIVE_SCHEMA
F0086,discussion_sessions#14,database/002_runtime_runs_discussion.sql:L38,DEFAULT_DECLARATION,,,NO_INLINE_FK,0,,NO_DIRECT_EDGE_ADJUDICATION,UNRESOLVED_FROM_LITERAL_SCAN,DEFAULT_DECLARATION,SQL_WRITE_HEURISTIC_NOT_LINEAGE_PROOF; DDL_FRAGMENT_NOT_FULL_EFFECTIVE_SCHEMA
F0087,discussion_sessions#15,database/002_runtime_runs_discussion.sql:L39,DEFAULT_DECLARATION,,,NO_INLINE_FK,0,,NO_DIRECT_EDGE_ADJUDICATION,UNRESOLVED_FROM_LITERAL_SCAN,DEFAULT_DECLARATION,SQL_WRITE_HEURISTIC_NOT_LINEAGE_PROOF; DDL_FRAGMENT_NOT_FULL_EFFECTIVE_SCHEMA
F0088,discussion_sessions#16,database/002_runtime_runs_discussion.sql:L40,DEFAULT_DECLARATION,,,NO_INLINE_FK,0,,NO_DIRECT_EDGE_ADJUDICATION,UNRESOLVED_FROM_LITERAL_SCAN,DEFAULT_DECLARATION,SQL_WRITE_HEURISTIC_NOT_LINEAGE_PROOF; DDL_FRAGMENT_NOT_FULL_EFFECTIVE_SCHEMA
F0089,discussion_sessions#17,database/002_runtime_runs_discussion.sql:L41,DEFAULT_DECLARATION,,,NO_INLINE_FK,0,,NO_DIRECT_EDGE_ADJUDICATION,UNRESOLVED_FROM_LITERAL_SCAN,DEFAULT_DECLARATION,SQL_WRITE_HEURISTIC_NOT_LINEAGE_PROOF; DDL_FRAGMENT_NOT_FULL_EFFECTIVE_SCHEMA
F0090,discussion_sessions#18,database/002_runtime_runs_discussion.sql:L42,DEFAULT_DECLARATION,,,NO_INLINE_FK,0,,NO_DIRECT_EDGE_ADJUDICATION,UNRESOLVED_FROM_LITERAL_SCAN,DEFAULT_DECLARATION,SQL_WRITE_HEURISTIC_NOT_LINEAGE_PROOF; DDL_FRAGMENT_NOT_FULL_EFFECTIVE_SCHEMA
F0091,discussion_sessions#19,database/002_runtime_runs_discussion.sql:L44,NO_INLINE_DECLARATION,,,NO_INLINE_FK,0,,NO_DIRECT_EDGE_ADJUDICATION,UNRESOLVED_FROM_LITERAL_SCAN,NONE,SQL_WRITE_HEURISTIC_NOT_LINEAGE_PROOF; DDL_FRAGMENT_NOT_FULL_EFFECTIVE_SCHEMA
F0092,discussion_sessions#20,database/002_runtime_runs_discussion.sql:L45,NO_INLINE_DECLARATION,,,NO_INLINE_FK,0,,NO_DIRECT_EDGE_ADJUDICATION,UNRESOLVED_FROM_LITERAL_SCAN,NONE,SQL_WRITE_HEURISTIC_NOT_LINEAGE_PROOF; DDL_FRAGMENT_NOT_FULL_EFFECTIVE_SCHEMA
F0093,discussion_sessions#21,database/002_runtime_runs_discussion.sql:L46,NO_INLINE_DECLARATION,,,NO_INLINE_FK,0,,NO_DIRECT_EDGE_ADJUDICATION,UNRESOLVED_FROM_LITERAL_SCAN,NONE,SQL_WRITE_HEURISTIC_NOT_LINEAGE_PROOF; DDL_FRAGMENT_NOT_FULL_EFFECTIVE_SCHEMA
F0094,discussion_sessions#22,database/002_runtime_runs_discussion.sql:L47,DEFAULT_DECLARATION,,,NO_INLINE_FK,0,,NO_DIRECT_EDGE_ADJUDICATION,UNRESOLVED_FROM_LITERAL_SCAN,DEFAULT_DECLARATION,SQL_WRITE_HEURISTIC_NOT_LINEAGE_PROOF; DDL_FRAGMENT_NOT_FULL_EFFECTIVE_SCHEMA
F0095,discussion_sessions#23,database/002_runtime_runs_discussion.sql:L48,DEFAULT_DECLARATION,,,NO_INLINE_FK,0,,NO_DIRECT_EDGE_ADJUDICATION,UNRESOLVED_FROM_LITERAL_SCAN,DEFAULT_DECLARATION,SQL_WRITE_HEURISTIC_NOT_LINEAGE_PROOF; DDL_FRAGMENT_NOT_FULL_EFFECTIVE_SCHEMA
F0096,discussion_sessions#24,database/002_runtime_runs_discussion.sql:L49,NO_INLINE_DECLARATION,,,NO_INLINE_FK,0,,NO_DIRECT_EDGE_ADJUDICATION,UNRESOLVED_FROM_LITERAL_SCAN,NONE,SQL_WRITE_HEURISTIC_NOT_LINEAGE_PROOF; DDL_FRAGMENT_NOT_FULL_EFFECTIVE_SCHEMA
F0097,discussion_sessions#25,database/002_runtime_runs_discussion.sql:L50,NO_INLINE_DECLARATION,,,NO_INLINE_FK,0,,NO_DIRECT_EDGE_ADJUDICATION,UNRESOLVED_FROM_LITERAL_SCAN,NONE,SQL_WRITE_HEURISTIC_NOT_LINEAGE_PROOF; DDL_FRAGMENT_NOT_FULL_EFFECTIVE_SCHEMA
F0098,discussion_sessions#26,database/002_runtime_runs_discussion.sql:L51,DEFAULT_DECLARATION,,,NO_INLINE_FK,0,,NO_DIRECT_EDGE_ADJUDICATION,UNRESOLVED_FROM_LITERAL_SCAN,DEFAULT_DECLARATION,SQL_WRITE_HEURISTIC_NOT_LINEAGE_PROOF; DDL_FRAGMENT_NOT_FULL_EFFECTIVE_SCHEMA
F0099,discussion_sessions#27,database/029_sprint5_canonical_discussion_localization.sql:L4,DEFAULT_DECLARATION,,,NO_INLINE_FK,0,,NO_DIRECT_EDGE_ADJUDICATION,UNRESOLVED_FROM_LITERAL_SCAN,DEFAULT_DECLARATION,SQL_WRITE_HEURISTIC_NOT_LINEAGE_PROOF; DDL_FRAGMENT_NOT_FULL_EFFECTIVE_SCHEMA
F0100,discussion_sessions#28,database/029_sprint5_canonical_discussion_localization.sql:L5,DEFAULT_DECLARATION,,,NO_INLINE_FK,0,,NO_DIRECT_EDGE_ADJUDICATION,UNRESOLVED_FROM_LITERAL_SCAN,DEFAULT_DECLARATION,SQL_WRITE_HEURISTIC_NOT_LINEAGE_PROOF; DDL_FRAGMENT_NOT_FULL_EFFECTIVE_SCHEMA
F0101,discussion_sessions#29,database/029_sprint5_canonical_discussion_localization.sql:L6,DEFAULT_DECLARATION,,,NO_INLINE_FK,0,,NO_DIRECT_EDGE_ADJUDICATION,UNRESOLVED_FROM_LITERAL_SCAN,DEFAULT_DECLARATION,SQL_WRITE_HEURISTIC_NOT_LINEAGE_PROOF; DDL_FRAGMENT_NOT_FULL_EFFECTIVE_SCHEMA
F0102,game_runs#01,database/002_runtime_runs_discussion.sql:L6,DEFAULT_DECLARATION,,,NO_INLINE_FK,0,,NO_DIRECT_EDGE_ADJUDICATION,UNRESOLVED_FROM_LITERAL_SCAN,DEFAULT_DECLARATION,SQL_WRITE_HEURISTIC_NOT_LINEAGE_PROOF; DDL_FRAGMENT_NOT_FULL_EFFECTIVE_SCHEMA
F0103,game_runs#02,database/002_runtime_runs_discussion.sql:L7,NO_INLINE_DECLARATION,s1_rooms#room_code,s1_rooms#01,FOREIGN_KEY_REFERENCE_NOT_COPY,0,,NO_DIRECT_EDGE_ADJUDICATION,UNRESOLVED_FROM_LITERAL_SCAN,NONE,SQL_WRITE_HEURISTIC_NOT_LINEAGE_PROOF; DDL_FRAGMENT_NOT_FULL_EFFECTIVE_SCHEMA
F0104,game_runs#03,database/002_runtime_runs_discussion.sql:L8,DEFAULT_DECLARATION,,,NO_INLINE_FK,0,,NO_DIRECT_EDGE_ADJUDICATION,UNRESOLVED_FROM_LITERAL_SCAN,DEFAULT_DECLARATION,SQL_WRITE_HEURISTIC_NOT_LINEAGE_PROOF; DDL_FRAGMENT_NOT_FULL_EFFECTIVE_SCHEMA
F0105,game_runs#04,database/002_runtime_runs_discussion.sql:L9,NO_INLINE_DECLARATION,,,NO_INLINE_FK,0,,NO_DIRECT_EDGE_ADJUDICATION,UNRESOLVED_FROM_LITERAL_SCAN,NONE,SQL_WRITE_HEURISTIC_NOT_LINEAGE_PROOF; DDL_FRAGMENT_NOT_FULL_EFFECTIVE_SCHEMA
F0106,game_runs#05,database/002_runtime_runs_discussion.sql:L10,NO_INLINE_DECLARATION,,,NO_INLINE_FK,0,,NO_DIRECT_EDGE_ADJUDICATION,UNRESOLVED_FROM_LITERAL_SCAN,NONE,SQL_WRITE_HEURISTIC_NOT_LINEAGE_PROOF; DDL_FRAGMENT_NOT_FULL_EFFECTIVE_SCHEMA
F0107,game_runs#06,database/002_runtime_runs_discussion.sql:L11,DEFAULT_DECLARATION,,,NO_INLINE_FK,0,,NO_DIRECT_EDGE_ADJUDICATION,UNRESOLVED_FROM_LITERAL_SCAN,DEFAULT_DECLARATION,SQL_WRITE_HEURISTIC_NOT_LINEAGE_PROOF; DDL_FRAGMENT_NOT_FULL_EFFECTIVE_SCHEMA
F0108,game_runs#07,database/002_runtime_runs_discussion.sql:L12,DEFAULT_DECLARATION,,,NO_INLINE_FK,0,,NO_DIRECT_EDGE_ADJUDICATION,UNRESOLVED_FROM_LITERAL_SCAN,DEFAULT_DECLARATION,SQL_WRITE_HEURISTIC_NOT_LINEAGE_PROOF; DDL_FRAGMENT_NOT_FULL_EFFECTIVE_SCHEMA
F0109,game_runs#08,database/002_runtime_runs_discussion.sql:L13,DEFAULT_DECLARATION,,,NO_INLINE_FK,0,,NO_DIRECT_EDGE_ADJUDICATION,UNRESOLVED_FROM_LITERAL_SCAN,DEFAULT_DECLARATION,SQL_WRITE_HEURISTIC_NOT_LINEAGE_PROOF; DDL_FRAGMENT_NOT_FULL_EFFECTIVE_SCHEMA
F0110,game_runs#09,database/002_runtime_runs_discussion.sql:L14,DEFAULT_DECLARATION,,,NO_INLINE_FK,0,,NO_DIRECT_EDGE_ADJUDICATION,UNRESOLVED_FROM_LITERAL_SCAN,DEFAULT_DECLARATION,SQL_WRITE_HEURISTIC_NOT_LINEAGE_PROOF; DDL_FRAGMENT_NOT_FULL_EFFECTIVE_SCHEMA
F0111,game_runs#10,database/002_runtime_runs_discussion.sql:L15,DEFAULT_DECLARATION,,,NO_INLINE_FK,0,,NO_DIRECT_EDGE_ADJUDICATION,UNRESOLVED_FROM_LITERAL_SCAN,DEFAULT_DECLARATION,SQL_WRITE_HEURISTIC_NOT_LINEAGE_PROOF; DDL_FRAGMENT_NOT_FULL_EFFECTIVE_SCHEMA
F0112,game_runs#11,database/002_runtime_runs_discussion.sql:L16,DEFAULT_DECLARATION,,,NO_INLINE_FK,0,,NO_DIRECT_EDGE_ADJUDICATION,UNRESOLVED_FROM_LITERAL_SCAN,DEFAULT_DECLARATION,SQL_WRITE_HEURISTIC_NOT_LINEAGE_PROOF; DDL_FRAGMENT_NOT_FULL_EFFECTIVE_SCHEMA
F0113,game_runs#12,database/014b_sprint3b_targeted_closure_corrections.sql:L6,DEFAULT_DECLARATION,,,NO_INLINE_FK,0,,NO_DIRECT_EDGE_ADJUDICATION,UNRESOLVED_FROM_LITERAL_SCAN,DEFAULT_DECLARATION,SQL_WRITE_HEURISTIC_NOT_LINEAGE_PROOF; DDL_FRAGMENT_NOT_FULL_EFFECTIVE_SCHEMA
F0114,game_runs#13,database/015_sprint3c_minimal_safe_teacher_override.sql:L32,NO_INLINE_DECLARATION,teacher_overrides#override_id,teacher_overrides#01,FOREIGN_KEY_REFERENCE_NOT_COPY,0,,NO_DIRECT_EDGE_ADJUDICATION,UNRESOLVED_FROM_LITERAL_SCAN,NONE,SQL_WRITE_HEURISTIC_NOT_LINEAGE_PROOF; DDL_FRAGMENT_NOT_FULL_EFFECTIVE_SCHEMA
F0115,game_runs#14,database/046_sprint8_act14_finalization_export.sql:L5,DEFAULT_DECLARATION,,,NO_INLINE_FK,0,,NO_DIRECT_EDGE_ADJUDICATION,UNRESOLVED_FROM_LITERAL_SCAN,DEFAULT_DECLARATION,SQL_WRITE_HEURISTIC_NOT_LINEAGE_PROOF; DDL_FRAGMENT_NOT_FULL_EFFECTIVE_SCHEMA
F0116,game_runs#15,database/046_sprint8_act14_finalization_export.sql:L6,DEFAULT_DECLARATION,,,NO_INLINE_FK,0,,NO_DIRECT_EDGE_ADJUDICATION,UNRESOLVED_FROM_LITERAL_SCAN,DEFAULT_DECLARATION,SQL_WRITE_HEURISTIC_NOT_LINEAGE_PROOF; DDL_FRAGMENT_NOT_FULL_EFFECTIVE_SCHEMA
F0117,game_runs#16,database/046_sprint8_act14_finalization_export.sql:L7,DEFAULT_DECLARATION,,,NO_INLINE_FK,0,,NO_DIRECT_EDGE_ADJUDICATION,UNRESOLVED_FROM_LITERAL_SCAN,DEFAULT_DECLARATION,SQL_WRITE_HEURISTIC_NOT_LINEAGE_PROOF; DDL_FRAGMENT_NOT_FULL_EFFECTIVE_SCHEMA
F0118,game_runs#17,database/046_sprint8_act14_finalization_export.sql:L8,NO_INLINE_DECLARATION,,,NO_INLINE_FK,0,,NO_DIRECT_EDGE_ADJUDICATION,UNRESOLVED_FROM_LITERAL_SCAN,NONE,SQL_WRITE_HEURISTIC_NOT_LINEAGE_PROOF; DDL_FRAGMENT_NOT_FULL_EFFECTIVE_SCHEMA
F0119,runtime_events#01,database/002_runtime_runs_discussion.sql:L89,DEFAULT_DECLARATION|GENERATED_DECLARATION,,,NO_INLINE_FK,0,,NO_DIRECT_EDGE_ADJUDICATION,UNRESOLVED_FROM_LITERAL_SCAN,DEFAULT_DECLARATION|GENERATED_DECLARATION,SQL_WRITE_HEURISTIC_NOT_LINEAGE_PROOF; DDL_FRAGMENT_NOT_FULL_EFFECTIVE_SCHEMA
F0120,runtime_events#02,database/002_runtime_runs_discussion.sql:L90,NO_INLINE_DECLARATION,game_runs#run_id,game_runs#01,FOREIGN_KEY_REFERENCE_NOT_COPY,0,,NO_DIRECT_EDGE_ADJUDICATION,UNRESOLVED_FROM_LITERAL_SCAN,NONE,SQL_WRITE_HEURISTIC_NOT_LINEAGE_PROOF; DDL_FRAGMENT_NOT_FULL_EFFECTIVE_SCHEMA
F0121,runtime_events#03,database/002_runtime_runs_discussion.sql:L91,NO_INLINE_DECLARATION,s1_rooms#room_code,s1_rooms#01,FOREIGN_KEY_REFERENCE_NOT_COPY,0,,NO_DIRECT_EDGE_ADJUDICATION,UNRESOLVED_FROM_LITERAL_SCAN,NONE,SQL_WRITE_HEURISTIC_NOT_LINEAGE_PROOF; DDL_FRAGMENT_NOT_FULL_EFFECTIVE_SCHEMA
F0122,runtime_events#04,database/002_runtime_runs_discussion.sql:L92,NO_INLINE_DECLARATION,discussion_sessions#discussion_session_id,discussion_sessions#01,FOREIGN_KEY_REFERENCE_NOT_COPY,0,,NO_DIRECT_EDGE_ADJUDICATION,UNRESOLVED_FROM_LITERAL_SCAN,NONE,SQL_WRITE_HEURISTIC_NOT_LINEAGE_PROOF; DDL_FRAGMENT_NOT_FULL_EFFECTIVE_SCHEMA
F0123,runtime_events#05,database/002_runtime_runs_discussion.sql:L93,NO_INLINE_DECLARATION,,,NO_INLINE_FK,0,,NO_DIRECT_EDGE_ADJUDICATION,UNRESOLVED_FROM_LITERAL_SCAN,NONE,SQL_WRITE_HEURISTIC_NOT_LINEAGE_PROOF; DDL_FRAGMENT_NOT_FULL_EFFECTIVE_SCHEMA
F0124,runtime_events#06,database/002_runtime_runs_discussion.sql:L94,NO_INLINE_DECLARATION,s1_room_players#player_id,s1_room_players#01,FOREIGN_KEY_REFERENCE_NOT_COPY,0,,NO_DIRECT_EDGE_ADJUDICATION,UNRESOLVED_FROM_LITERAL_SCAN,NONE,SQL_WRITE_HEURISTIC_NOT_LINEAGE_PROOF; DDL_FRAGMENT_NOT_FULL_EFFECTIVE_SCHEMA
F0125,runtime_events#07,database/002_runtime_runs_discussion.sql:L95,DEFAULT_DECLARATION,,,NO_INLINE_FK,1,database/057_teacher_override_event_scope_consistency.sql:L23@teacher_apply_override,NO_DIRECT_EDGE_ADJUDICATION,UNRESOLVED_FROM_LITERAL_SCAN,DEFAULT_DECLARATION,SQL_WRITE_HEURISTIC_NOT_LINEAGE_PROOF; DDL_FRAGMENT_NOT_FULL_EFFECTIVE_SCHEMA
F0126,runtime_events#08,database/002_runtime_runs_discussion.sql:L96,DEFAULT_DECLARATION,,,NO_INLINE_FK,0,,NO_DIRECT_EDGE_ADJUDICATION,UNRESOLVED_FROM_LITERAL_SCAN,DEFAULT_DECLARATION,SQL_WRITE_HEURISTIC_NOT_LINEAGE_PROOF; DDL_FRAGMENT_NOT_FULL_EFFECTIVE_SCHEMA
F0127,runtime_events#09,database/014_sprint3b_evidence_and_puzzle_integrity.sql:L47,NO_INLINE_DECLARATION,,,NO_INLINE_FK,1,database/014_sprint3b_evidence_and_puzzle_integrity.sql:L57@TOP_LEVEL,NO_DIRECT_EDGE_ADJUDICATION,UNRESOLVED_FROM_LITERAL_SCAN,NONE,SQL_WRITE_HEURISTIC_NOT_LINEAGE_PROOF; DDL_FRAGMENT_NOT_FULL_EFFECTIVE_SCHEMA
F0128,runtime_events#10,database/014_sprint3b_evidence_and_puzzle_integrity.sql:L48,NO_INLINE_DECLARATION,,,NO_INLINE_FK,1,database/014_sprint3b_evidence_and_puzzle_integrity.sql:L57@TOP_LEVEL,NO_DIRECT_EDGE_ADJUDICATION,UNRESOLVED_FROM_LITERAL_SCAN,NONE,SQL_WRITE_HEURISTIC_NOT_LINEAGE_PROOF; DDL_FRAGMENT_NOT_FULL_EFFECTIVE_SCHEMA
F0129,runtime_events#11,database/014_sprint3b_evidence_and_puzzle_integrity.sql:L49,NO_INLINE_DECLARATION,,,NO_INLINE_FK,1,database/014_sprint3b_evidence_and_puzzle_integrity.sql:L58@TOP_LEVEL,NO_DIRECT_EDGE_ADJUDICATION,UNRESOLVED_FROM_LITERAL_SCAN,NONE,SQL_WRITE_HEURISTIC_NOT_LINEAGE_PROOF; DDL_FRAGMENT_NOT_FULL_EFFECTIVE_SCHEMA
F0130,runtime_events#12,database/014_sprint3b_evidence_and_puzzle_integrity.sql:L50,NO_INLINE_DECLARATION,,,NO_INLINE_FK,1,database/014_sprint3b_evidence_and_puzzle_integrity.sql:L59@TOP_LEVEL,NO_DIRECT_EDGE_ADJUDICATION,UNRESOLVED_FROM_LITERAL_SCAN,NONE,SQL_WRITE_HEURISTIC_NOT_LINEAGE_PROOF; DDL_FRAGMENT_NOT_FULL_EFFECTIVE_SCHEMA
F0131,runtime_events#13,database/014_sprint3b_evidence_and_puzzle_integrity.sql:L51,NO_INLINE_DECLARATION,,,NO_INLINE_FK,1,database/014_sprint3b_evidence_and_puzzle_integrity.sql:L60@TOP_LEVEL,NO_DIRECT_EDGE_ADJUDICATION,UNRESOLVED_FROM_LITERAL_SCAN,NONE,SQL_WRITE_HEURISTIC_NOT_LINEAGE_PROOF; DDL_FRAGMENT_NOT_FULL_EFFECTIVE_SCHEMA
F0132,runtime_events#14,database/014_sprint3b_evidence_and_puzzle_integrity.sql:L52,NO_INLINE_DECLARATION,,,NO_INLINE_FK,1,database/014_sprint3b_evidence_and_puzzle_integrity.sql:L61@TOP_LEVEL,NO_DIRECT_EDGE_ADJUDICATION,UNRESOLVED_FROM_LITERAL_SCAN,NONE,SQL_WRITE_HEURISTIC_NOT_LINEAGE_PROOF; DDL_FRAGMENT_NOT_FULL_EFFECTIVE_SCHEMA
F0133,runtime_events#15,database/014_sprint3b_evidence_and_puzzle_integrity.sql:L53,NO_INLINE_DECLARATION,,,NO_INLINE_FK,1,database/014_sprint3b_evidence_and_puzzle_integrity.sql:L63@TOP_LEVEL,NO_DIRECT_EDGE_ADJUDICATION,UNRESOLVED_FROM_LITERAL_SCAN,NONE,SQL_WRITE_HEURISTIC_NOT_LINEAGE_PROOF; DDL_FRAGMENT_NOT_FULL_EFFECTIVE_SCHEMA
F0134,runtime_events#16,database/014_sprint3b_evidence_and_puzzle_integrity.sql:L54,NO_INLINE_DECLARATION,,,NO_INLINE_FK,0,,NO_DIRECT_EDGE_ADJUDICATION,UNRESOLVED_FROM_LITERAL_SCAN,NONE,SQL_WRITE_HEURISTIC_NOT_LINEAGE_PROOF; DDL_FRAGMENT_NOT_FULL_EFFECTIVE_SCHEMA
F0135,runtime_player_decisions#01,database/002_runtime_runs_discussion.sql:L71,DEFAULT_DECLARATION|GENERATED_DECLARATION,,,NO_INLINE_FK,0,,NO_DIRECT_EDGE_ADJUDICATION,UNRESOLVED_FROM_LITERAL_SCAN,DEFAULT_DECLARATION|GENERATED_DECLARATION,SQL_WRITE_HEURISTIC_NOT_LINEAGE_PROOF; DDL_FRAGMENT_NOT_FULL_EFFECTIVE_SCHEMA
F0136,runtime_player_decisions#02,database/002_runtime_runs_discussion.sql:L72,NO_INLINE_DECLARATION,game_runs#run_id,game_runs#01,FOREIGN_KEY_REFERENCE_NOT_COPY,0,,NO_DIRECT_EDGE_ADJUDICATION,UNRESOLVED_FROM_LITERAL_SCAN,NONE,SQL_WRITE_HEURISTIC_NOT_LINEAGE_PROOF; DDL_FRAGMENT_NOT_FULL_EFFECTIVE_SCHEMA
F0137,runtime_player_decisions#03,database/002_runtime_runs_discussion.sql:L73,NO_INLINE_DECLARATION,discussion_sessions#discussion_session_id,discussion_sessions#01,FOREIGN_KEY_REFERENCE_NOT_COPY,0,,NO_DIRECT_EDGE_ADJUDICATION,UNRESOLVED_FROM_LITERAL_SCAN,NONE,SQL_WRITE_HEURISTIC_NOT_LINEAGE_PROOF; DDL_FRAGMENT_NOT_FULL_EFFECTIVE_SCHEMA
F0138,runtime_player_decisions#04,database/002_runtime_runs_discussion.sql:L74,NO_INLINE_DECLARATION,,,NO_INLINE_FK,0,,NO_DIRECT_EDGE_ADJUDICATION,UNRESOLVED_FROM_LITERAL_SCAN,NONE,SQL_WRITE_HEURISTIC_NOT_LINEAGE_PROOF; DDL_FRAGMENT_NOT_FULL_EFFECTIVE_SCHEMA
F0139,runtime_player_decisions#05,database/002_runtime_runs_discussion.sql:L75,NO_INLINE_DECLARATION,,,NO_INLINE_FK,0,,NO_DIRECT_EDGE_ADJUDICATION,UNRESOLVED_FROM_LITERAL_SCAN,NONE,SQL_WRITE_HEURISTIC_NOT_LINEAGE_PROOF; DDL_FRAGMENT_NOT_FULL_EFFECTIVE_SCHEMA
F0140,runtime_player_decisions#06,database/002_runtime_runs_discussion.sql:L76,DEFAULT_DECLARATION,,,NO_INLINE_FK,0,,NO_DIRECT_EDGE_ADJUDICATION,UNRESOLVED_FROM_LITERAL_SCAN,DEFAULT_DECLARATION,SQL_WRITE_HEURISTIC_NOT_LINEAGE_PROOF; DDL_FRAGMENT_NOT_FULL_EFFECTIVE_SCHEMA
F0141,runtime_player_decisions#07,database/002_runtime_runs_discussion.sql:L77,NO_INLINE_DECLARATION,,,NO_INLINE_FK,0,,NO_DIRECT_EDGE_ADJUDICATION,UNRESOLVED_FROM_LITERAL_SCAN,NONE,SQL_WRITE_HEURISTIC_NOT_LINEAGE_PROOF; DDL_FRAGMENT_NOT_FULL_EFFECTIVE_SCHEMA
F0142,runtime_player_decisions#08,database/002_runtime_runs_discussion.sql:L78,NO_INLINE_DECLARATION,s1_room_players#player_id,s1_room_players#01,FOREIGN_KEY_REFERENCE_NOT_COPY,0,,NO_DIRECT_EDGE_ADJUDICATION,UNRESOLVED_FROM_LITERAL_SCAN,NONE,SQL_WRITE_HEURISTIC_NOT_LINEAGE_PROOF; DDL_FRAGMENT_NOT_FULL_EFFECTIVE_SCHEMA
F0143,runtime_player_decisions#09,database/002_runtime_runs_discussion.sql:L79,DEFAULT_DECLARATION,,,NO_INLINE_FK,0,,NO_DIRECT_EDGE_ADJUDICATION,UNRESOLVED_FROM_LITERAL_SCAN,DEFAULT_DECLARATION,SQL_WRITE_HEURISTIC_NOT_LINEAGE_PROOF; DDL_FRAGMENT_NOT_FULL_EFFECTIVE_SCHEMA
F0144,runtime_player_decisions#10,database/002_runtime_runs_discussion.sql:L80,NO_INLINE_DECLARATION,,,NO_INLINE_FK,0,,NO_DIRECT_EDGE_ADJUDICATION,UNRESOLVED_FROM_LITERAL_SCAN,NONE,SQL_WRITE_HEURISTIC_NOT_LINEAGE_PROOF; DDL_FRAGMENT_NOT_FULL_EFFECTIVE_SCHEMA
F0145,runtime_player_decisions#11,database/002_runtime_runs_discussion.sql:L81,NO_INLINE_DECLARATION,,,NO_INLINE_FK,0,,NO_DIRECT_EDGE_ADJUDICATION,UNRESOLVED_FROM_LITERAL_SCAN,NONE,SQL_WRITE_HEURISTIC_NOT_LINEAGE_PROOF; DDL_FRAGMENT_NOT_FULL_EFFECTIVE_SCHEMA
F0146,runtime_player_decisions#12,database/002_runtime_runs_discussion.sql:L82,DEFAULT_DECLARATION,,,NO_INLINE_FK,0,,NO_DIRECT_EDGE_ADJUDICATION,UNRESOLVED_FROM_LITERAL_SCAN,DEFAULT_DECLARATION,SQL_WRITE_HEURISTIC_NOT_LINEAGE_PROOF; DDL_FRAGMENT_NOT_FULL_EFFECTIVE_SCHEMA
F0147,runtime_player_decisions#13,database/002_runtime_runs_discussion.sql:L83,DEFAULT_DECLARATION,,,NO_INLINE_FK,0,,NO_DIRECT_EDGE_ADJUDICATION,UNRESOLVED_FROM_LITERAL_SCAN,DEFAULT_DECLARATION,SQL_WRITE_HEURISTIC_NOT_LINEAGE_PROOF; DDL_FRAGMENT_NOT_FULL_EFFECTIVE_SCHEMA
F0148,runtime_player_decisions#14,database/002_runtime_runs_discussion.sql:L84,DEFAULT_DECLARATION,,,NO_INLINE_FK,0,,NO_DIRECT_EDGE_ADJUDICATION,UNRESOLVED_FROM_LITERAL_SCAN,DEFAULT_DECLARATION,SQL_WRITE_HEURISTIC_NOT_LINEAGE_PROOF; DDL_FRAGMENT_NOT_FULL_EFFECTIVE_SCHEMA
F0149,s1_game_events#01,database/001_sprint1_core.sql:L74,DEFAULT_DECLARATION|GENERATED_DECLARATION,,,NO_INLINE_FK,0,,NO_DIRECT_EDGE_ADJUDICATION,UNRESOLVED_FROM_LITERAL_SCAN,DEFAULT_DECLARATION|GENERATED_DECLARATION,SQL_WRITE_HEURISTIC_NOT_LINEAGE_PROOF; DDL_FRAGMENT_NOT_FULL_EFFECTIVE_SCHEMA
F0150,s1_game_events#02,database/001_sprint1_core.sql:L75,NO_INLINE_DECLARATION,s1_rooms#room_code,s1_rooms#01,FOREIGN_KEY_REFERENCE_NOT_COPY,0,,NO_DIRECT_EDGE_ADJUDICATION,UNRESOLVED_FROM_LITERAL_SCAN,NONE,SQL_WRITE_HEURISTIC_NOT_LINEAGE_PROOF; DDL_FRAGMENT_NOT_FULL_EFFECTIVE_SCHEMA
F0151,s1_game_events#03,database/001_sprint1_core.sql:L76,NO_INLINE_DECLARATION,,,NO_INLINE_FK,0,,NO_DIRECT_EDGE_ADJUDICATION,UNRESOLVED_FROM_LITERAL_SCAN,NONE,SQL_WRITE_HEURISTIC_NOT_LINEAGE_PROOF; DDL_FRAGMENT_NOT_FULL_EFFECTIVE_SCHEMA
F0152,s1_game_events#04,database/001_sprint1_core.sql:L77,NO_INLINE_DECLARATION,,,NO_INLINE_FK,0,,NO_DIRECT_EDGE_ADJUDICATION,UNRESOLVED_FROM_LITERAL_SCAN,NONE,SQL_WRITE_HEURISTIC_NOT_LINEAGE_PROOF; DDL_FRAGMENT_NOT_FULL_EFFECTIVE_SCHEMA
F0153,s1_game_events#05,database/001_sprint1_core.sql:L78,DEFAULT_DECLARATION,,,NO_INLINE_FK,0,,NO_DIRECT_EDGE_ADJUDICATION,UNRESOLVED_FROM_LITERAL_SCAN,DEFAULT_DECLARATION,SQL_WRITE_HEURISTIC_NOT_LINEAGE_PROOF; DDL_FRAGMENT_NOT_FULL_EFFECTIVE_SCHEMA
F0154,s1_game_events#06,database/001_sprint1_core.sql:L79,DEFAULT_DECLARATION,,,NO_INLINE_FK,0,,NO_DIRECT_EDGE_ADJUDICATION,UNRESOLVED_FROM_LITERAL_SCAN,DEFAULT_DECLARATION,SQL_WRITE_HEURISTIC_NOT_LINEAGE_PROOF; DDL_FRAGMENT_NOT_FULL_EFFECTIVE_SCHEMA
F0155,s1_player_decisions#01,database/001_sprint1_core.sql:L62,DEFAULT_DECLARATION|GENERATED_DECLARATION,,,NO_INLINE_FK,0,,NO_DIRECT_EDGE_ADJUDICATION,UNRESOLVED_FROM_LITERAL_SCAN,DEFAULT_DECLARATION|GENERATED_DECLARATION,SQL_WRITE_HEURISTIC_NOT_LINEAGE_PROOF; DDL_FRAGMENT_NOT_FULL_EFFECTIVE_SCHEMA
F0156,s1_player_decisions#02,database/001_sprint1_core.sql:L63,NO_INLINE_DECLARATION,s1_rooms#room_code,s1_rooms#01,FOREIGN_KEY_REFERENCE_NOT_COPY,0,,NO_DIRECT_EDGE_ADJUDICATION,UNRESOLVED_FROM_LITERAL_SCAN,NONE,SQL_WRITE_HEURISTIC_NOT_LINEAGE_PROOF; DDL_FRAGMENT_NOT_FULL_EFFECTIVE_SCHEMA
F0157,s1_player_decisions#03,database/001_sprint1_core.sql:L64,NO_INLINE_DECLARATION,,,NO_INLINE_FK,0,,NO_DIRECT_EDGE_ADJUDICATION,UNRESOLVED_FROM_LITERAL_SCAN,NONE,SQL_WRITE_HEURISTIC_NOT_LINEAGE_PROOF; DDL_FRAGMENT_NOT_FULL_EFFECTIVE_SCHEMA
F0158,s1_player_decisions#04,database/001_sprint1_core.sql:L65,NO_INLINE_DECLARATION,s1_room_players#player_id,s1_room_players#01,FOREIGN_KEY_REFERENCE_NOT_COPY,0,,NO_DIRECT_EDGE_ADJUDICATION,UNRESOLVED_FROM_LITERAL_SCAN,NONE,SQL_WRITE_HEURISTIC_NOT_LINEAGE_PROOF; DDL_FRAGMENT_NOT_FULL_EFFECTIVE_SCHEMA
F0159,s1_player_decisions#05,database/001_sprint1_core.sql:L66,DEFAULT_DECLARATION,,,NO_INLINE_FK,0,,NO_DIRECT_EDGE_ADJUDICATION,UNRESOLVED_FROM_LITERAL_SCAN,DEFAULT_DECLARATION,SQL_WRITE_HEURISTIC_NOT_LINEAGE_PROOF; DDL_FRAGMENT_NOT_FULL_EFFECTIVE_SCHEMA
F0160,s1_player_decisions#06,database/001_sprint1_core.sql:L67,NO_INLINE_DECLARATION,,,NO_INLINE_FK,0,,NO_DIRECT_EDGE_ADJUDICATION,UNRESOLVED_FROM_LITERAL_SCAN,NONE,SQL_WRITE_HEURISTIC_NOT_LINEAGE_PROOF; DDL_FRAGMENT_NOT_FULL_EFFECTIVE_SCHEMA
F0161,s1_player_decisions#07,database/001_sprint1_core.sql:L68,NO_INLINE_DECLARATION,,,NO_INLINE_FK,0,,NO_DIRECT_EDGE_ADJUDICATION,UNRESOLVED_FROM_LITERAL_SCAN,NONE,SQL_WRITE_HEURISTIC_NOT_LINEAGE_PROOF; DDL_FRAGMENT_NOT_FULL_EFFECTIVE_SCHEMA
F0162,s1_player_decisions#08,database/001_sprint1_core.sql:L69,DEFAULT_DECLARATION,,,NO_INLINE_FK,0,,NO_DIRECT_EDGE_ADJUDICATION,UNRESOLVED_FROM_LITERAL_SCAN,DEFAULT_DECLARATION,SQL_WRITE_HEURISTIC_NOT_LINEAGE_PROOF; DDL_FRAGMENT_NOT_FULL_EFFECTIVE_SCHEMA
F0163,s1_room_players#01,database/001_sprint1_core.sql:L21,DEFAULT_DECLARATION,,,NO_INLINE_FK,0,,NO_DIRECT_EDGE_ADJUDICATION,UNRESOLVED_FROM_LITERAL_SCAN,DEFAULT_DECLARATION,SQL_WRITE_HEURISTIC_NOT_LINEAGE_PROOF; DDL_FRAGMENT_NOT_FULL_EFFECTIVE_SCHEMA
F0164,s1_room_players#02,database/001_sprint1_core.sql:L22,NO_INLINE_DECLARATION,s1_rooms#room_code,s1_rooms#01,FOREIGN_KEY_REFERENCE_NOT_COPY,0,,NO_DIRECT_EDGE_ADJUDICATION,UNRESOLVED_FROM_LITERAL_SCAN,NONE,SQL_WRITE_HEURISTIC_NOT_LINEAGE_PROOF; DDL_FRAGMENT_NOT_FULL_EFFECTIVE_SCHEMA
F0165,s1_room_players#03,database/001_sprint1_core.sql:L23,NO_INLINE_DECLARATION,,,NO_INLINE_FK,0,,NO_DIRECT_EDGE_ADJUDICATION,UNRESOLVED_FROM_LITERAL_SCAN,NONE,SQL_WRITE_HEURISTIC_NOT_LINEAGE_PROOF; DDL_FRAGMENT_NOT_FULL_EFFECTIVE_SCHEMA
F0166,s1_room_players#04,database/001_sprint1_core.sql:L24,NO_INLINE_DECLARATION,,,NO_INLINE_FK,0,,NO_DIRECT_EDGE_ADJUDICATION,UNRESOLVED_FROM_LITERAL_SCAN,NONE,SQL_WRITE_HEURISTIC_NOT_LINEAGE_PROOF; DDL_FRAGMENT_NOT_FULL_EFFECTIVE_SCHEMA
F0167,s1_room_players#05,database/001_sprint1_core.sql:L25,NO_INLINE_DECLARATION,,,NO_INLINE_FK,0,,NO_DIRECT_EDGE_ADJUDICATION,UNRESOLVED_FROM_LITERAL_SCAN,NONE,SQL_WRITE_HEURISTIC_NOT_LINEAGE_PROOF; DDL_FRAGMENT_NOT_FULL_EFFECTIVE_SCHEMA
F0168,s1_room_players#06,database/001_sprint1_core.sql:L26,NO_INLINE_DECLARATION,,,NO_INLINE_FK,1,database/001_sprint1_core.sql:L228@s1_join_player,NO_DIRECT_EDGE_ADJUDICATION,UNRESOLVED_FROM_LITERAL_SCAN,NONE,SQL_WRITE_HEURISTIC_NOT_LINEAGE_PROOF; DDL_FRAGMENT_NOT_FULL_EFFECTIVE_SCHEMA
F0169,s1_room_players#07,database/001_sprint1_core.sql:L27,NO_INLINE_DECLARATION,,,NO_INLINE_FK,0,,NO_DIRECT_EDGE_ADJUDICATION,UNRESOLVED_FROM_LITERAL_SCAN,NONE,SQL_WRITE_HEURISTIC_NOT_LINEAGE_PROOF; DDL_FRAGMENT_NOT_FULL_EFFECTIVE_SCHEMA
F0170,s1_room_players#08,database/001_sprint1_core.sql:L28,NO_INLINE_DECLARATION,,,NO_INLINE_FK,0,,NO_DIRECT_EDGE_ADJUDICATION,UNRESOLVED_FROM_LITERAL_SCAN,NONE,SQL_WRITE_HEURISTIC_NOT_LINEAGE_PROOF; DDL_FRAGMENT_NOT_FULL_EFFECTIVE_SCHEMA
F0171,s1_room_state#01,database/001_sprint1_core.sql:L55,NO_INLINE_DECLARATION,s1_rooms#room_code,s1_rooms#01,FOREIGN_KEY_REFERENCE_NOT_COPY,0,,NO_DIRECT_EDGE_ADJUDICATION,UNRESOLVED_FROM_LITERAL_SCAN,NONE,SQL_WRITE_HEURISTIC_NOT_LINEAGE_PROOF; DDL_FRAGMENT_NOT_FULL_EFFECTIVE_SCHEMA
F0172,s1_room_state#02,database/001_sprint1_core.sql:L56,DEFAULT_DECLARATION,,,NO_INLINE_FK,0,,NO_DIRECT_EDGE_ADJUDICATION,UNRESOLVED_FROM_LITERAL_SCAN,DEFAULT_DECLARATION,SQL_WRITE_HEURISTIC_NOT_LINEAGE_PROOF; DDL_FRAGMENT_NOT_FULL_EFFECTIVE_SCHEMA
F0173,s1_room_state#03,database/001_sprint1_core.sql:L57,DEFAULT_DECLARATION,,,NO_INLINE_FK,0,,NO_DIRECT_EDGE_ADJUDICATION,UNRESOLVED_FROM_LITERAL_SCAN,DEFAULT_DECLARATION,SQL_WRITE_HEURISTIC_NOT_LINEAGE_PROOF; DDL_FRAGMENT_NOT_FULL_EFFECTIVE_SCHEMA
F0174,s1_room_state#04,database/001_sprint1_core.sql:L58,DEFAULT_DECLARATION,,,NO_INLINE_FK,0,,NO_DIRECT_EDGE_ADJUDICATION,UNRESOLVED_FROM_LITERAL_SCAN,DEFAULT_DECLARATION,SQL_WRITE_HEURISTIC_NOT_LINEAGE_PROOF; DDL_FRAGMENT_NOT_FULL_EFFECTIVE_SCHEMA
F0175,s1_rooms#01,database/001_sprint1_core.sql:L14,NO_INLINE_DECLARATION,,,NO_INLINE_FK,0,,NO_DIRECT_EDGE_ADJUDICATION,UNRESOLVED_FROM_LITERAL_SCAN,NONE,SQL_WRITE_HEURISTIC_NOT_LINEAGE_PROOF; DDL_FRAGMENT_NOT_FULL_EFFECTIVE_SCHEMA
F0176,s1_rooms#02,database/001_sprint1_core.sql:L15,NO_INLINE_DECLARATION,,,NO_INLINE_FK,0,,NO_DIRECT_EDGE_ADJUDICATION,UNRESOLVED_FROM_LITERAL_SCAN,NONE,SQL_WRITE_HEURISTIC_NOT_LINEAGE_PROOF; DDL_FRAGMENT_NOT_FULL_EFFECTIVE_SCHEMA
F0177,s1_rooms#03,database/001_sprint1_core.sql:L16,DEFAULT_DECLARATION,,,NO_INLINE_FK,0,,NO_DIRECT_EDGE_ADJUDICATION,UNRESOLVED_FROM_LITERAL_SCAN,DEFAULT_DECLARATION,SQL_WRITE_HEURISTIC_NOT_LINEAGE_PROOF; DDL_FRAGMENT_NOT_FULL_EFFECTIVE_SCHEMA
F0178,s1_rooms#04,database/001_sprint1_core.sql:L17,DEFAULT_DECLARATION,,,NO_INLINE_FK,0,,NO_DIRECT_EDGE_ADJUDICATION,UNRESOLVED_FROM_LITERAL_SCAN,DEFAULT_DECLARATION,SQL_WRITE_HEURISTIC_NOT_LINEAGE_PROOF; DDL_FRAGMENT_NOT_FULL_EFFECTIVE_SCHEMA
F0179,s1_scene_choices#01,database/001_sprint1_core.sql:L47,NO_INLINE_DECLARATION,,,NO_INLINE_FK,0,,NO_DIRECT_EDGE_ADJUDICATION,UNRESOLVED_FROM_LITERAL_SCAN,NONE,SQL_WRITE_HEURISTIC_NOT_LINEAGE_PROOF; DDL_FRAGMENT_NOT_FULL_EFFECTIVE_SCHEMA
F0180,s1_scene_choices#02,database/001_sprint1_core.sql:L48,NO_INLINE_DECLARATION,,,NO_INLINE_FK,0,,NO_DIRECT_EDGE_ADJUDICATION,UNRESOLVED_FROM_LITERAL_SCAN,NONE,SQL_WRITE_HEURISTIC_NOT_LINEAGE_PROOF; DDL_FRAGMENT_NOT_FULL_EFFECTIVE_SCHEMA
F0181,s1_scene_choices#03,database/001_sprint1_core.sql:L49,NO_INLINE_DECLARATION,,,NO_INLINE_FK,0,,NO_DIRECT_EDGE_ADJUDICATION,UNRESOLVED_FROM_LITERAL_SCAN,NONE,SQL_WRITE_HEURISTIC_NOT_LINEAGE_PROOF; DDL_FRAGMENT_NOT_FULL_EFFECTIVE_SCHEMA
F0182,s1_scene_choices#04,database/001_sprint1_core.sql:L50,DEFAULT_DECLARATION,,,NO_INLINE_FK,0,,NO_DIRECT_EDGE_ADJUDICATION,UNRESOLVED_FROM_LITERAL_SCAN,DEFAULT_DECLARATION,SQL_WRITE_HEURISTIC_NOT_LINEAGE_PROOF; DDL_FRAGMENT_NOT_FULL_EFFECTIVE_SCHEMA
F0183,s3_group_items#01,database/005_sprint3a_scene_pocket_knowledge_foundation.sql:L81,NO_INLINE_DECLARATION,game_runs#run_id,game_runs#01,FOREIGN_KEY_REFERENCE_NOT_COPY,0,,NO_DIRECT_EDGE_ADJUDICATION,UNRESOLVED_FROM_LITERAL_SCAN,NONE,SQL_WRITE_HEURISTIC_NOT_LINEAGE_PROOF; DDL_FRAGMENT_NOT_FULL_EFFECTIVE_SCHEMA
F0184,s3_group_items#02,database/005_sprint3a_scene_pocket_knowledge_foundation.sql:L82,NO_INLINE_DECLARATION,s3_item_catalog#item_key,s3_item_catalog#01,FOREIGN_KEY_REFERENCE_NOT_COPY,0,,NO_DIRECT_EDGE_ADJUDICATION,UNRESOLVED_FROM_LITERAL_SCAN,NONE,SQL_WRITE_HEURISTIC_NOT_LINEAGE_PROOF; DDL_FRAGMENT_NOT_FULL_EFFECTIVE_SCHEMA
F0185,s3_group_items#03,database/005_sprint3a_scene_pocket_knowledge_foundation.sql:L83,NO_INLINE_DECLARATION,,,NO_INLINE_FK,2,database/010_sprint3b_flow_integrity_and_inspect_fix.sql:L23@TOP_LEVEL | database/035_sprint6_focused_audit_corrections.sql:L28@TOP_LEVEL,NO_DIRECT_EDGE_ADJUDICATION,UNRESOLVED_FROM_LITERAL_SCAN,NONE,SQL_WRITE_HEURISTIC_NOT_LINEAGE_PROOF; DDL_FRAGMENT_NOT_FULL_EFFECTIVE_SCHEMA
F0186,s3_group_items#04,database/005_sprint3a_scene_pocket_knowledge_foundation.sql:L84,DEFAULT_DECLARATION,,,NO_INLINE_FK,0,,NO_DIRECT_EDGE_ADJUDICATION,UNRESOLVED_FROM_LITERAL_SCAN,DEFAULT_DECLARATION,SQL_WRITE_HEURISTIC_NOT_LINEAGE_PROOF; DDL_FRAGMENT_NOT_FULL_EFFECTIVE_SCHEMA
F0187,s3_item_catalog#01,database/005_sprint3a_scene_pocket_knowledge_foundation.sql:L17,NO_INLINE_DECLARATION,,,NO_INLINE_FK,0,,NO_DIRECT_EDGE_ADJUDICATION,UNRESOLVED_FROM_LITERAL_SCAN,NONE,SQL_WRITE_HEURISTIC_NOT_LINEAGE_PROOF; DDL_FRAGMENT_NOT_FULL_EFFECTIVE_SCHEMA
F0188,s3_item_catalog#02,database/005_sprint3a_scene_pocket_knowledge_foundation.sql:L18,NO_INLINE_DECLARATION,,,NO_INLINE_FK,2,database/010_sprint3b_flow_integrity_and_inspect_fix.sql:L10@TOP_LEVEL | database/035_sprint6_focused_audit_corrections.sql:L27@TOP_LEVEL,NO_DIRECT_EDGE_ADJUDICATION,UNRESOLVED_FROM_LITERAL_SCAN,NONE,SQL_WRITE_HEURISTIC_NOT_LINEAGE_PROOF; DDL_FRAGMENT_NOT_FULL_EFFECTIVE_SCHEMA
F0189,s3_item_catalog#03,database/005_sprint3a_scene_pocket_knowledge_foundation.sql:L19,DEFAULT_DECLARATION,,,NO_INLINE_FK,0,,NO_DIRECT_EDGE_ADJUDICATION,UNRESOLVED_FROM_LITERAL_SCAN,DEFAULT_DECLARATION,SQL_WRITE_HEURISTIC_NOT_LINEAGE_PROOF; DDL_FRAGMENT_NOT_FULL_EFFECTIVE_SCHEMA
F0190,s3_knowledge_catalog#01,database/005_sprint3a_scene_pocket_knowledge_foundation.sql:L28,NO_INLINE_DECLARATION,,,NO_INLINE_FK,0,,NO_DIRECT_EDGE_ADJUDICATION,UNRESOLVED_FROM_LITERAL_SCAN,NONE,SQL_WRITE_HEURISTIC_NOT_LINEAGE_PROOF; DDL_FRAGMENT_NOT_FULL_EFFECTIVE_SCHEMA
F0191,s3_observation_catalog#01,database/005_sprint3a_scene_pocket_knowledge_foundation.sql:L23,NO_INLINE_DECLARATION,,,NO_INLINE_FK,0,,NO_DIRECT_EDGE_ADJUDICATION,UNRESOLVED_FROM_LITERAL_SCAN,NONE,SQL_WRITE_HEURISTIC_NOT_LINEAGE_PROOF; DDL_FRAGMENT_NOT_FULL_EFFECTIVE_SCHEMA
F0192,s3_observation_catalog#02,database/005_sprint3a_scene_pocket_knowledge_foundation.sql:L24,NO_INLINE_DECLARATION,,,NO_INLINE_FK,0,,NO_DIRECT_EDGE_ADJUDICATION,UNRESOLVED_FROM_LITERAL_SCAN,NONE,SQL_WRITE_HEURISTIC_NOT_LINEAGE_PROOF; DDL_FRAGMENT_NOT_FULL_EFFECTIVE_SCHEMA
F0193,s3_player_item_view_state#01,database/006_sprint3a_provenance_view_integrity_fix.sql:L5,NO_INLINE_DECLARATION,game_runs#run_id,game_runs#01,FOREIGN_KEY_REFERENCE_NOT_COPY,0,,NO_DIRECT_EDGE_ADJUDICATION,UNRESOLVED_FROM_LITERAL_SCAN,NONE,SQL_WRITE_HEURISTIC_NOT_LINEAGE_PROOF; DDL_FRAGMENT_NOT_FULL_EFFECTIVE_SCHEMA
F0194,s3_player_item_view_state#02,database/006_sprint3a_provenance_view_integrity_fix.sql:L6,NO_INLINE_DECLARATION,s1_room_players#player_id,s1_room_players#01,FOREIGN_KEY_REFERENCE_NOT_COPY,0,,NO_DIRECT_EDGE_ADJUDICATION,UNRESOLVED_FROM_LITERAL_SCAN,NONE,SQL_WRITE_HEURISTIC_NOT_LINEAGE_PROOF; DDL_FRAGMENT_NOT_FULL_EFFECTIVE_SCHEMA
F0195,s3_player_item_view_state#03,database/006_sprint3a_provenance_view_integrity_fix.sql:L7,NO_INLINE_DECLARATION,s3_item_catalog#item_key,s3_item_catalog#01,FOREIGN_KEY_REFERENCE_NOT_COPY,0,,NO_DIRECT_EDGE_ADJUDICATION,UNRESOLVED_FROM_LITERAL_SCAN,NONE,SQL_WRITE_HEURISTIC_NOT_LINEAGE_PROOF; DDL_FRAGMENT_NOT_FULL_EFFECTIVE_SCHEMA
F0196,s3_player_item_view_state#04,database/006_sprint3a_provenance_view_integrity_fix.sql:L8,NO_INLINE_DECLARATION,,,NO_INLINE_FK,0,,NO_DIRECT_EDGE_ADJUDICATION,UNRESOLVED_FROM_LITERAL_SCAN,NONE,SQL_WRITE_HEURISTIC_NOT_LINEAGE_PROOF; DDL_FRAGMENT_NOT_FULL_EFFECTIVE_SCHEMA
F0197,s3_player_item_view_state#05,database/006_sprint3a_provenance_view_integrity_fix.sql:L9,DEFAULT_DECLARATION,,,NO_INLINE_FK,0,,NO_DIRECT_EDGE_ADJUDICATION,UNRESOLVED_FROM_LITERAL_SCAN,DEFAULT_DECLARATION,SQL_WRITE_HEURISTIC_NOT_LINEAGE_PROOF; DDL_FRAGMENT_NOT_FULL_EFFECTIVE_SCHEMA
F0198,s3_player_items#01,database/005_sprint3a_scene_pocket_knowledge_foundation.sql:L32,NO_INLINE_DECLARATION,game_runs#run_id,game_runs#01,FOREIGN_KEY_REFERENCE_NOT_COPY,0,,NO_DIRECT_EDGE_ADJUDICATION,UNRESOLVED_FROM_LITERAL_SCAN,NONE,SQL_WRITE_HEURISTIC_NOT_LINEAGE_PROOF; DDL_FRAGMENT_NOT_FULL_EFFECTIVE_SCHEMA
F0199,s3_player_items#02,database/005_sprint3a_scene_pocket_knowledge_foundation.sql:L33,NO_INLINE_DECLARATION,s3_item_catalog#item_key,s3_item_catalog#01,FOREIGN_KEY_REFERENCE_NOT_COPY,0,,NO_DIRECT_EDGE_ADJUDICATION,UNRESOLVED_FROM_LITERAL_SCAN,NONE,SQL_WRITE_HEURISTIC_NOT_LINEAGE_PROOF; DDL_FRAGMENT_NOT_FULL_EFFECTIVE_SCHEMA
F0200,s3_player_items#03,database/005_sprint3a_scene_pocket_knowledge_foundation.sql:L34,NO_INLINE_DECLARATION,s1_room_players#player_id,s1_room_players#01,FOREIGN_KEY_REFERENCE_NOT_COPY,0,,NO_DIRECT_EDGE_ADJUDICATION,UNRESOLVED_FROM_LITERAL_SCAN,NONE,SQL_WRITE_HEURISTIC_NOT_LINEAGE_PROOF; DDL_FRAGMENT_NOT_FULL_EFFECTIVE_SCHEMA
F0201,s3_player_items#04,database/005_sprint3a_scene_pocket_knowledge_foundation.sql:L35,DEFAULT_DECLARATION,,,NO_INLINE_FK,0,,NO_DIRECT_EDGE_ADJUDICATION,UNRESOLVED_FROM_LITERAL_SCAN,DEFAULT_DECLARATION,SQL_WRITE_HEURISTIC_NOT_LINEAGE_PROOF; DDL_FRAGMENT_NOT_FULL_EFFECTIVE_SCHEMA
F0202,s3_player_knowledge#01,database/005_sprint3a_scene_pocket_knowledge_foundation.sql:L50,DEFAULT_DECLARATION,,,NO_INLINE_FK,0,,NO_DIRECT_EDGE_ADJUDICATION,UNRESOLVED_FROM_LITERAL_SCAN,DEFAULT_DECLARATION,SQL_WRITE_HEURISTIC_NOT_LINEAGE_PROOF; DDL_FRAGMENT_NOT_FULL_EFFECTIVE_SCHEMA
F0203,s3_player_knowledge#02,database/005_sprint3a_scene_pocket_knowledge_foundation.sql:L51,NO_INLINE_DECLARATION,game_runs#run_id,game_runs#01,FOREIGN_KEY_REFERENCE_NOT_COPY,0,,NO_DIRECT_EDGE_ADJUDICATION,UNRESOLVED_FROM_LITERAL_SCAN,NONE,SQL_WRITE_HEURISTIC_NOT_LINEAGE_PROOF; DDL_FRAGMENT_NOT_FULL_EFFECTIVE_SCHEMA
F0204,s3_player_knowledge#03,database/005_sprint3a_scene_pocket_knowledge_foundation.sql:L52,NO_INLINE_DECLARATION,s1_room_players#player_id,s1_room_players#01,FOREIGN_KEY_REFERENCE_NOT_COPY,0,,NO_DIRECT_EDGE_ADJUDICATION,UNRESOLVED_FROM_LITERAL_SCAN,NONE,SQL_WRITE_HEURISTIC_NOT_LINEAGE_PROOF; DDL_FRAGMENT_NOT_FULL_EFFECTIVE_SCHEMA
F0205,s3_player_knowledge#04,database/005_sprint3a_scene_pocket_knowledge_foundation.sql:L53,NO_INLINE_DECLARATION,s3_knowledge_catalog#knowledge_key,s3_knowledge_catalog#01,FOREIGN_KEY_REFERENCE_NOT_COPY,0,,NO_DIRECT_EDGE_ADJUDICATION,UNRESOLVED_FROM_LITERAL_SCAN,NONE,SQL_WRITE_HEURISTIC_NOT_LINEAGE_PROOF; DDL_FRAGMENT_NOT_FULL_EFFECTIVE_SCHEMA
F0206,s3_player_knowledge#05,database/005_sprint3a_scene_pocket_knowledge_foundation.sql:L54,NO_INLINE_DECLARATION,,,NO_INLINE_FK,0,,NO_DIRECT_EDGE_ADJUDICATION,UNRESOLVED_FROM_LITERAL_SCAN,NONE,SQL_WRITE_HEURISTIC_NOT_LINEAGE_PROOF; DDL_FRAGMENT_NOT_FULL_EFFECTIVE_SCHEMA
F0207,s3_player_knowledge#06,database/005_sprint3a_scene_pocket_knowledge_foundation.sql:L55,NO_INLINE_DECLARATION,,,NO_INLINE_FK,0,,NO_DIRECT_EDGE_ADJUDICATION,UNRESOLVED_FROM_LITERAL_SCAN,NONE,SQL_WRITE_HEURISTIC_NOT_LINEAGE_PROOF; DDL_FRAGMENT_NOT_FULL_EFFECTIVE_SCHEMA
F0208,s3_player_knowledge#07,database/005_sprint3a_scene_pocket_knowledge_foundation.sql:L56,NO_INLINE_DECLARATION,s1_room_players#player_id,s1_room_players#01,FOREIGN_KEY_REFERENCE_NOT_COPY,0,,NO_DIRECT_EDGE_ADJUDICATION,UNRESOLVED_FROM_LITERAL_SCAN,NONE,SQL_WRITE_HEURISTIC_NOT_LINEAGE_PROOF; DDL_FRAGMENT_NOT_FULL_EFFECTIVE_SCHEMA
F0209,s3_player_knowledge#08,database/005_sprint3a_scene_pocket_knowledge_foundation.sql:L57,NO_INLINE_DECLARATION,s3_item_catalog#item_key,s3_item_catalog#01,FOREIGN_KEY_REFERENCE_NOT_COPY,0,,NO_DIRECT_EDGE_ADJUDICATION,UNRESOLVED_FROM_LITERAL_SCAN,NONE,SQL_WRITE_HEURISTIC_NOT_LINEAGE_PROOF; DDL_FRAGMENT_NOT_FULL_EFFECTIVE_SCHEMA
F0210,s3_player_knowledge#09,database/005_sprint3a_scene_pocket_knowledge_foundation.sql:L58,DEFAULT_DECLARATION,,,NO_INLINE_FK,0,,NO_DIRECT_EDGE_ADJUDICATION,UNRESOLVED_FROM_LITERAL_SCAN,DEFAULT_DECLARATION,SQL_WRITE_HEURISTIC_NOT_LINEAGE_PROOF; DDL_FRAGMENT_NOT_FULL_EFFECTIVE_SCHEMA
F0211,s3_player_observations#01,database/005_sprint3a_scene_pocket_knowledge_foundation.sql:L40,NO_INLINE_DECLARATION,game_runs#run_id,game_runs#01,FOREIGN_KEY_REFERENCE_NOT_COPY,0,,NO_DIRECT_EDGE_ADJUDICATION,UNRESOLVED_FROM_LITERAL_SCAN,NONE,SQL_WRITE_HEURISTIC_NOT_LINEAGE_PROOF; DDL_FRAGMENT_NOT_FULL_EFFECTIVE_SCHEMA
F0212,s3_player_observations#02,database/005_sprint3a_scene_pocket_knowledge_foundation.sql:L41,NO_INLINE_DECLARATION,s1_room_players#player_id,s1_room_players#01,FOREIGN_KEY_REFERENCE_NOT_COPY,0,,NO_DIRECT_EDGE_ADJUDICATION,UNRESOLVED_FROM_LITERAL_SCAN,NONE,SQL_WRITE_HEURISTIC_NOT_LINEAGE_PROOF; DDL_FRAGMENT_NOT_FULL_EFFECTIVE_SCHEMA
F0213,s3_player_observations#03,database/005_sprint3a_scene_pocket_knowledge_foundation.sql:L42,NO_INLINE_DECLARATION,s3_observation_catalog#observation_key,s3_observation_catalog#01,FOREIGN_KEY_REFERENCE_NOT_COPY,0,,NO_DIRECT_EDGE_ADJUDICATION,UNRESOLVED_FROM_LITERAL_SCAN,NONE,SQL_WRITE_HEURISTIC_NOT_LINEAGE_PROOF; DDL_FRAGMENT_NOT_FULL_EFFECTIVE_SCHEMA
F0214,s3_player_observations#04,database/005_sprint3a_scene_pocket_knowledge_foundation.sql:L43,NO_INLINE_DECLARATION,,,NO_INLINE_FK,0,,NO_DIRECT_EDGE_ADJUDICATION,UNRESOLVED_FROM_LITERAL_SCAN,NONE,SQL_WRITE_HEURISTIC_NOT_LINEAGE_PROOF; DDL_FRAGMENT_NOT_FULL_EFFECTIVE_SCHEMA
F0215,s3_player_observations#05,database/005_sprint3a_scene_pocket_knowledge_foundation.sql:L44,NO_INLINE_DECLARATION,,,NO_INLINE_FK,0,,NO_DIRECT_EDGE_ADJUDICATION,UNRESOLVED_FROM_LITERAL_SCAN,NONE,SQL_WRITE_HEURISTIC_NOT_LINEAGE_PROOF; DDL_FRAGMENT_NOT_FULL_EFFECTIVE_SCHEMA
F0216,s3_player_observations#06,database/005_sprint3a_scene_pocket_knowledge_foundation.sql:L45,DEFAULT_DECLARATION,,,NO_INLINE_FK,0,,NO_DIRECT_EDGE_ADJUDICATION,UNRESOLVED_FROM_LITERAL_SCAN,DEFAULT_DECLARATION,SQL_WRITE_HEURISTIC_NOT_LINEAGE_PROOF; DDL_FRAGMENT_NOT_FULL_EFFECTIVE_SCHEMA
F0217,s3_runtime_scene_state#01,database/005_sprint3a_scene_pocket_knowledge_foundation.sql:L5,NO_INLINE_DECLARATION,game_runs#run_id,game_runs#01,FOREIGN_KEY_REFERENCE_NOT_COPY,0,,NO_DIRECT_EDGE_ADJUDICATION,UNRESOLVED_FROM_LITERAL_SCAN,NONE,SQL_WRITE_HEURISTIC_NOT_LINEAGE_PROOF; DDL_FRAGMENT_NOT_FULL_EFFECTIVE_SCHEMA
F0218,s3_runtime_scene_state#02,database/005_sprint3a_scene_pocket_knowledge_foundation.sql:L6,NO_INLINE_DECLARATION,,,NO_INLINE_FK,0,,NO_DIRECT_EDGE_ADJUDICATION,UNRESOLVED_FROM_LITERAL_SCAN,NONE,SQL_WRITE_HEURISTIC_NOT_LINEAGE_PROOF; DDL_FRAGMENT_NOT_FULL_EFFECTIVE_SCHEMA
F0219,s3_runtime_scene_state#03,database/005_sprint3a_scene_pocket_knowledge_foundation.sql:L7,NO_INLINE_DECLARATION,,,NO_INLINE_FK,0,,NO_DIRECT_EDGE_ADJUDICATION,UNRESOLVED_FROM_LITERAL_SCAN,NONE,SQL_WRITE_HEURISTIC_NOT_LINEAGE_PROOF; DDL_FRAGMENT_NOT_FULL_EFFECTIVE_SCHEMA
F0220,s3_runtime_scene_state#04,database/005_sprint3a_scene_pocket_knowledge_foundation.sql:L8,DEFAULT_DECLARATION,,,NO_INLINE_FK,0,,NO_DIRECT_EDGE_ADJUDICATION,UNRESOLVED_FROM_LITERAL_SCAN,DEFAULT_DECLARATION,SQL_WRITE_HEURISTIC_NOT_LINEAGE_PROOF; DDL_FRAGMENT_NOT_FULL_EFFECTIVE_SCHEMA
F0221,s3_runtime_scene_state#05,database/005_sprint3a_scene_pocket_knowledge_foundation.sql:L9,NO_INLINE_DECLARATION,,,NO_INLINE_FK,0,,NO_DIRECT_EDGE_ADJUDICATION,UNRESOLVED_FROM_LITERAL_SCAN,NONE,SQL_WRITE_HEURISTIC_NOT_LINEAGE_PROOF; DDL_FRAGMENT_NOT_FULL_EFFECTIVE_SCHEMA
F0222,s3_runtime_scene_state#06,database/005_sprint3a_scene_pocket_knowledge_foundation.sql:L10,NO_INLINE_DECLARATION,,,NO_INLINE_FK,0,,NO_DIRECT_EDGE_ADJUDICATION,UNRESOLVED_FROM_LITERAL_SCAN,NONE,SQL_WRITE_HEURISTIC_NOT_LINEAGE_PROOF; DDL_FRAGMENT_NOT_FULL_EFFECTIVE_SCHEMA
F0223,s3_runtime_scene_state#07,database/005_sprint3a_scene_pocket_knowledge_foundation.sql:L11,NO_INLINE_DECLARATION,,,NO_INLINE_FK,0,,NO_DIRECT_EDGE_ADJUDICATION,UNRESOLVED_FROM_LITERAL_SCAN,NONE,SQL_WRITE_HEURISTIC_NOT_LINEAGE_PROOF; DDL_FRAGMENT_NOT_FULL_EFFECTIVE_SCHEMA
F0224,s3_runtime_scene_state#08,database/005_sprint3a_scene_pocket_knowledge_foundation.sql:L12,NO_INLINE_DECLARATION,,,NO_INLINE_FK,0,,NO_DIRECT_EDGE_ADJUDICATION,UNRESOLVED_FROM_LITERAL_SCAN,NONE,SQL_WRITE_HEURISTIC_NOT_LINEAGE_PROOF; DDL_FRAGMENT_NOT_FULL_EFFECTIVE_SCHEMA
F0225,s3_runtime_scene_state#09,database/005_sprint3a_scene_pocket_knowledge_foundation.sql:L13,DEFAULT_DECLARATION,,,NO_INLINE_FK,0,,NO_DIRECT_EDGE_ADJUDICATION,UNRESOLVED_FROM_LITERAL_SCAN,DEFAULT_DECLARATION,SQL_WRITE_HEURISTIC_NOT_LINEAGE_PROOF; DDL_FRAGMENT_NOT_FULL_EFFECTIVE_SCHEMA
F0226,s3_runtime_scene_state#10,database/014_sprint3b_evidence_and_puzzle_integrity.sql:L6,DEFAULT_DECLARATION,,,NO_INLINE_FK,1,database/031_sprint5_focused_reaudit_corrections.sql:L19@s5_advance,NO_DIRECT_EDGE_ADJUDICATION,UNRESOLVED_FROM_LITERAL_SCAN,DEFAULT_DECLARATION,SQL_WRITE_HEURISTIC_NOT_LINEAGE_PROOF; DDL_FRAGMENT_NOT_FULL_EFFECTIVE_SCHEMA
F0227,s3_shared_photos#01,database/005_sprint3a_scene_pocket_knowledge_foundation.sql:L69,DEFAULT_DECLARATION,,,NO_INLINE_FK,0,,NO_DIRECT_EDGE_ADJUDICATION,UNRESOLVED_FROM_LITERAL_SCAN,DEFAULT_DECLARATION,SQL_WRITE_HEURISTIC_NOT_LINEAGE_PROOF; DDL_FRAGMENT_NOT_FULL_EFFECTIVE_SCHEMA
F0228,s3_shared_photos#02,database/005_sprint3a_scene_pocket_knowledge_foundation.sql:L70,NO_INLINE_DECLARATION,game_runs#run_id,game_runs#01,FOREIGN_KEY_REFERENCE_NOT_COPY,0,,NO_DIRECT_EDGE_ADJUDICATION,UNRESOLVED_FROM_LITERAL_SCAN,NONE,SQL_WRITE_HEURISTIC_NOT_LINEAGE_PROOF; DDL_FRAGMENT_NOT_FULL_EFFECTIVE_SCHEMA
F0229,s3_shared_photos#03,database/005_sprint3a_scene_pocket_knowledge_foundation.sql:L71,NO_INLINE_DECLARATION,s1_room_players#player_id,s1_room_players#01,FOREIGN_KEY_REFERENCE_NOT_COPY,0,,NO_DIRECT_EDGE_ADJUDICATION,UNRESOLVED_FROM_LITERAL_SCAN,NONE,SQL_WRITE_HEURISTIC_NOT_LINEAGE_PROOF; DDL_FRAGMENT_NOT_FULL_EFFECTIVE_SCHEMA
F0230,s3_shared_photos#04,database/005_sprint3a_scene_pocket_knowledge_foundation.sql:L72,NO_INLINE_DECLARATION,s1_room_players#player_id,s1_room_players#01,FOREIGN_KEY_REFERENCE_NOT_COPY,0,,NO_DIRECT_EDGE_ADJUDICATION,UNRESOLVED_FROM_LITERAL_SCAN,NONE,SQL_WRITE_HEURISTIC_NOT_LINEAGE_PROOF; DDL_FRAGMENT_NOT_FULL_EFFECTIVE_SCHEMA
F0231,s3_shared_photos#05,database/005_sprint3a_scene_pocket_knowledge_foundation.sql:L73,NO_INLINE_DECLARATION,s3_item_catalog#item_key,s3_item_catalog#01,FOREIGN_KEY_REFERENCE_NOT_COPY,0,,NO_DIRECT_EDGE_ADJUDICATION,UNRESOLVED_FROM_LITERAL_SCAN,NONE,SQL_WRITE_HEURISTIC_NOT_LINEAGE_PROOF; DDL_FRAGMENT_NOT_FULL_EFFECTIVE_SCHEMA
F0232,s3_shared_photos#06,database/005_sprint3a_scene_pocket_knowledge_foundation.sql:L74,NO_INLINE_DECLARATION,,,NO_INLINE_FK,0,,NO_DIRECT_EDGE_ADJUDICATION,UNRESOLVED_FROM_LITERAL_SCAN,NONE,SQL_WRITE_HEURISTIC_NOT_LINEAGE_PROOF; DDL_FRAGMENT_NOT_FULL_EFFECTIVE_SCHEMA
F0233,s3_shared_photos#07,database/005_sprint3a_scene_pocket_knowledge_foundation.sql:L75,NO_INLINE_DECLARATION,,,NO_INLINE_FK,0,,NO_DIRECT_EDGE_ADJUDICATION,UNRESOLVED_FROM_LITERAL_SCAN,NONE,SQL_WRITE_HEURISTIC_NOT_LINEAGE_PROOF; DDL_FRAGMENT_NOT_FULL_EFFECTIVE_SCHEMA
F0234,s3_shared_photos#08,database/005_sprint3a_scene_pocket_knowledge_foundation.sql:L76,DEFAULT_DECLARATION,,,NO_INLINE_FK,0,,NO_DIRECT_EDGE_ADJUDICATION,UNRESOLVED_FROM_LITERAL_SCAN,DEFAULT_DECLARATION,SQL_WRITE_HEURISTIC_NOT_LINEAGE_PROOF; DDL_FRAGMENT_NOT_FULL_EFFECTIVE_SCHEMA
F0235,s3b_library_attempts#01,database/007_sprint3b_act1_5_placeholder_flow.sql:L36,NO_INLINE_DECLARATION,game_runs#run_id,game_runs#01,FOREIGN_KEY_REFERENCE_NOT_COPY,0,,NO_DIRECT_EDGE_ADJUDICATION,UNRESOLVED_FROM_LITERAL_SCAN,NONE,SQL_WRITE_HEURISTIC_NOT_LINEAGE_PROOF; DDL_FRAGMENT_NOT_FULL_EFFECTIVE_SCHEMA
F0236,s3b_library_attempts#02,database/007_sprint3b_act1_5_placeholder_flow.sql:L37,NO_INLINE_DECLARATION,,,NO_INLINE_FK,0,,NO_DIRECT_EDGE_ADJUDICATION,UNRESOLVED_FROM_LITERAL_SCAN,NONE,SQL_WRITE_HEURISTIC_NOT_LINEAGE_PROOF; DDL_FRAGMENT_NOT_FULL_EFFECTIVE_SCHEMA
F0237,s3b_library_attempts#03,database/007_sprint3b_act1_5_placeholder_flow.sql:L38,NO_INLINE_DECLARATION,s1_room_players#player_id,s1_room_players#01,FOREIGN_KEY_REFERENCE_NOT_COPY,0,,NO_DIRECT_EDGE_ADJUDICATION,UNRESOLVED_FROM_LITERAL_SCAN,NONE,SQL_WRITE_HEURISTIC_NOT_LINEAGE_PROOF; DDL_FRAGMENT_NOT_FULL_EFFECTIVE_SCHEMA
F0238,s3b_library_attempts#04,database/007_sprint3b_act1_5_placeholder_flow.sql:L39,NO_INLINE_DECLARATION,,,NO_INLINE_FK,0,,NO_DIRECT_EDGE_ADJUDICATION,UNRESOLVED_FROM_LITERAL_SCAN,NONE,SQL_WRITE_HEURISTIC_NOT_LINEAGE_PROOF; DDL_FRAGMENT_NOT_FULL_EFFECTIVE_SCHEMA
F0239,s3b_library_attempts#05,database/007_sprint3b_act1_5_placeholder_flow.sql:L40,DEFAULT_DECLARATION,,,NO_INLINE_FK,0,,NO_DIRECT_EDGE_ADJUDICATION,UNRESOLVED_FROM_LITERAL_SCAN,DEFAULT_DECLARATION,SQL_WRITE_HEURISTIC_NOT_LINEAGE_PROOF; DDL_FRAGMENT_NOT_FULL_EFFECTIVE_SCHEMA
F0240,s3b_library_attempts#06,database/007_sprint3b_act1_5_placeholder_flow.sql:L41,NO_INLINE_DECLARATION,,,NO_INLINE_FK,0,,NO_DIRECT_EDGE_ADJUDICATION,UNRESOLVED_FROM_LITERAL_SCAN,NONE,SQL_WRITE_HEURISTIC_NOT_LINEAGE_PROOF; DDL_FRAGMENT_NOT_FULL_EFFECTIVE_SCHEMA
F0241,s3b_library_attempts#07,database/014_sprint3b_evidence_and_puzzle_integrity.sql:L40,NO_INLINE_DECLARATION,,,NO_INLINE_FK,0,,NO_DIRECT_EDGE_ADJUDICATION,UNRESOLVED_FROM_LITERAL_SCAN,NONE,SQL_WRITE_HEURISTIC_NOT_LINEAGE_PROOF; DDL_FRAGMENT_NOT_FULL_EFFECTIVE_SCHEMA
F0242,s3b_player_facts#01,database/009_sprint3b_act1_consequence_integrity.sql:L5,NO_INLINE_DECLARATION,game_runs#run_id,game_runs#01,FOREIGN_KEY_REFERENCE_NOT_COPY,0,,NO_DIRECT_EDGE_ADJUDICATION,UNRESOLVED_FROM_LITERAL_SCAN,NONE,SQL_WRITE_HEURISTIC_NOT_LINEAGE_PROOF; DDL_FRAGMENT_NOT_FULL_EFFECTIVE_SCHEMA
F0243,s3b_player_facts#02,database/009_sprint3b_act1_consequence_integrity.sql:L6,NO_INLINE_DECLARATION,s1_room_players#player_id,s1_room_players#01,FOREIGN_KEY_REFERENCE_NOT_COPY,0,,NO_DIRECT_EDGE_ADJUDICATION,UNRESOLVED_FROM_LITERAL_SCAN,NONE,SQL_WRITE_HEURISTIC_NOT_LINEAGE_PROOF; DDL_FRAGMENT_NOT_FULL_EFFECTIVE_SCHEMA
F0244,s3b_player_facts#03,database/009_sprint3b_act1_consequence_integrity.sql:L7,NO_INLINE_DECLARATION,,,NO_INLINE_FK,0,,NO_DIRECT_EDGE_ADJUDICATION,UNRESOLVED_FROM_LITERAL_SCAN,NONE,SQL_WRITE_HEURISTIC_NOT_LINEAGE_PROOF; DDL_FRAGMENT_NOT_FULL_EFFECTIVE_SCHEMA
F0245,s3b_player_facts#04,database/009_sprint3b_act1_consequence_integrity.sql:L8,DEFAULT_DECLARATION,,,NO_INLINE_FK,0,,NO_DIRECT_EDGE_ADJUDICATION,UNRESOLVED_FROM_LITERAL_SCAN,DEFAULT_DECLARATION,SQL_WRITE_HEURISTIC_NOT_LINEAGE_PROOF; DDL_FRAGMENT_NOT_FULL_EFFECTIVE_SCHEMA
F0246,s3b_player_progress#01,database/007_sprint3b_act1_5_placeholder_flow.sql:L21,NO_INLINE_DECLARATION,game_runs#run_id,game_runs#01,FOREIGN_KEY_REFERENCE_NOT_COPY,0,,NO_DIRECT_EDGE_ADJUDICATION,UNRESOLVED_FROM_LITERAL_SCAN,NONE,SQL_WRITE_HEURISTIC_NOT_LINEAGE_PROOF; DDL_FRAGMENT_NOT_FULL_EFFECTIVE_SCHEMA
F0247,s3b_player_progress#02,database/007_sprint3b_act1_5_placeholder_flow.sql:L22,NO_INLINE_DECLARATION,s1_room_players#player_id,s1_room_players#01,FOREIGN_KEY_REFERENCE_NOT_COPY,0,,NO_DIRECT_EDGE_ADJUDICATION,UNRESOLVED_FROM_LITERAL_SCAN,NONE,SQL_WRITE_HEURISTIC_NOT_LINEAGE_PROOF; DDL_FRAGMENT_NOT_FULL_EFFECTIVE_SCHEMA
F0248,s3b_player_progress#03,database/007_sprint3b_act1_5_placeholder_flow.sql:L23,NO_INLINE_DECLARATION,,,NO_INLINE_FK,0,,NO_DIRECT_EDGE_ADJUDICATION,UNRESOLVED_FROM_LITERAL_SCAN,NONE,SQL_WRITE_HEURISTIC_NOT_LINEAGE_PROOF; DDL_FRAGMENT_NOT_FULL_EFFECTIVE_SCHEMA
F0249,s3b_player_progress#04,database/007_sprint3b_act1_5_placeholder_flow.sql:L24,NO_INLINE_DECLARATION,,,NO_INLINE_FK,0,,NO_DIRECT_EDGE_ADJUDICATION,UNRESOLVED_FROM_LITERAL_SCAN,NONE,SQL_WRITE_HEURISTIC_NOT_LINEAGE_PROOF; DDL_FRAGMENT_NOT_FULL_EFFECTIVE_SCHEMA
F0250,s3b_player_progress#05,database/007_sprint3b_act1_5_placeholder_flow.sql:L25,NO_INLINE_DECLARATION,,,NO_INLINE_FK,0,,NO_DIRECT_EDGE_ADJUDICATION,UNRESOLVED_FROM_LITERAL_SCAN,NONE,SQL_WRITE_HEURISTIC_NOT_LINEAGE_PROOF; DDL_FRAGMENT_NOT_FULL_EFFECTIVE_SCHEMA
F0251,s3b_player_progress#06,database/007_sprint3b_act1_5_placeholder_flow.sql:L26,NO_INLINE_DECLARATION,,,NO_INLINE_FK,0,,NO_DIRECT_EDGE_ADJUDICATION,UNRESOLVED_FROM_LITERAL_SCAN,NONE,SQL_WRITE_HEURISTIC_NOT_LINEAGE_PROOF; DDL_FRAGMENT_NOT_FULL_EFFECTIVE_SCHEMA
F0252,s3b_player_progress#07,database/007_sprint3b_act1_5_placeholder_flow.sql:L27,DEFAULT_DECLARATION,,,NO_INLINE_FK,0,,NO_DIRECT_EDGE_ADJUDICATION,UNRESOLVED_FROM_LITERAL_SCAN,DEFAULT_DECLARATION,SQL_WRITE_HEURISTIC_NOT_LINEAGE_PROOF; DDL_FRAGMENT_NOT_FULL_EFFECTIVE_SCHEMA
F0253,s3b_player_progress#08,database/007_sprint3b_act1_5_placeholder_flow.sql:L28,DEFAULT_DECLARATION,,,NO_INLINE_FK,0,,NO_DIRECT_EDGE_ADJUDICATION,UNRESOLVED_FROM_LITERAL_SCAN,DEFAULT_DECLARATION,SQL_WRITE_HEURISTIC_NOT_LINEAGE_PROOF; DDL_FRAGMENT_NOT_FULL_EFFECTIVE_SCHEMA
F0254,s3b_player_progress#09,database/007_sprint3b_act1_5_placeholder_flow.sql:L29,DEFAULT_DECLARATION,,,NO_INLINE_FK,0,,NO_DIRECT_EDGE_ADJUDICATION,UNRESOLVED_FROM_LITERAL_SCAN,DEFAULT_DECLARATION,SQL_WRITE_HEURISTIC_NOT_LINEAGE_PROOF; DDL_FRAGMENT_NOT_FULL_EFFECTIVE_SCHEMA
F0255,s3b_player_progress#10,database/007_sprint3b_act1_5_placeholder_flow.sql:L30,NO_INLINE_DECLARATION,,,NO_INLINE_FK,0,,NO_DIRECT_EDGE_ADJUDICATION,UNRESOLVED_FROM_LITERAL_SCAN,NONE,SQL_WRITE_HEURISTIC_NOT_LINEAGE_PROOF; DDL_FRAGMENT_NOT_FULL_EFFECTIVE_SCHEMA
F0256,s3b_player_progress#11,database/007_sprint3b_act1_5_placeholder_flow.sql:L31,NO_INLINE_DECLARATION,,,NO_INLINE_FK,0,,NO_DIRECT_EDGE_ADJUDICATION,UNRESOLVED_FROM_LITERAL_SCAN,NONE,SQL_WRITE_HEURISTIC_NOT_LINEAGE_PROOF; DDL_FRAGMENT_NOT_FULL_EFFECTIVE_SCHEMA
F0257,s3b_player_progress#12,database/011_sprint3b_transition_and_act1_delivery_integrity.sql:L3,DEFAULT_DECLARATION,,,NO_INLINE_FK,0,,NO_DIRECT_EDGE_ADJUDICATION,UNRESOLVED_FROM_LITERAL_SCAN,DEFAULT_DECLARATION,SQL_WRITE_HEURISTIC_NOT_LINEAGE_PROOF; DDL_FRAGMENT_NOT_FULL_EFFECTIVE_SCHEMA
F0258,s3b_player_progress#13,database/011_sprint3b_transition_and_act1_delivery_integrity.sql:L4,DEFAULT_DECLARATION,,,NO_INLINE_FK,3,database/011_sprint3b_transition_and_act1_delivery_integrity.sql:L28@s3b_initialize_flow | database/011_sprint3b_transition_and_act1_delivery_integrity.sql:L42@s3b_ack_act1_opening | database/014b_sprint3b_targeted_closure_corrections.sql:L29@s3b_initialize_flow,NO_DIRECT_EDGE_ADJUDICATION,UNRESOLVED_FROM_LITERAL_SCAN,DEFAULT_DECLARATION,SQL_WRITE_HEURISTIC_NOT_LINEAGE_PROOF; DDL_FRAGMENT_NOT_FULL_EFFECTIVE_SCHEMA
F0259,s3b_player_progress#14,database/012_sprint3b_internal_wrapper_lockdown_and_route_delivery.sql:L19,NO_INLINE_DECLARATION,,,NO_INLINE_FK,0,,NO_DIRECT_EDGE_ADJUDICATION,UNRESOLVED_FROM_LITERAL_SCAN,NONE,SQL_WRITE_HEURISTIC_NOT_LINEAGE_PROOF; DDL_FRAGMENT_NOT_FULL_EFFECTIVE_SCHEMA
F0260,s3b_player_progress#15,database/014_sprint3b_evidence_and_puzzle_integrity.sql:L9,NO_INLINE_DECLARATION,,,NO_INLINE_FK,0,,NO_DIRECT_EDGE_ADJUDICATION,UNRESOLVED_FROM_LITERAL_SCAN,NONE,SQL_WRITE_HEURISTIC_NOT_LINEAGE_PROOF; DDL_FRAGMENT_NOT_FULL_EFFECTIVE_SCHEMA
F0261,s3b_player_progress#16,database/014_sprint3b_evidence_and_puzzle_integrity.sql:L10,DEFAULT_DECLARATION,,,NO_INLINE_FK,0,,NO_DIRECT_EDGE_ADJUDICATION,UNRESOLVED_FROM_LITERAL_SCAN,DEFAULT_DECLARATION,SQL_WRITE_HEURISTIC_NOT_LINEAGE_PROOF; DDL_FRAGMENT_NOT_FULL_EFFECTIVE_SCHEMA
F0262,s3b_player_progress#17,database/014_sprint3b_evidence_and_puzzle_integrity.sql:L11,NO_INLINE_DECLARATION,,,NO_INLINE_FK,0,,NO_DIRECT_EDGE_ADJUDICATION,UNRESOLVED_FROM_LITERAL_SCAN,NONE,SQL_WRITE_HEURISTIC_NOT_LINEAGE_PROOF; DDL_FRAGMENT_NOT_FULL_EFFECTIVE_SCHEMA
F0263,s3b_player_progress#18,database/014_sprint3b_evidence_and_puzzle_integrity.sql:L12,DEFAULT_DECLARATION,,,NO_INLINE_FK,0,,NO_DIRECT_EDGE_ADJUDICATION,UNRESOLVED_FROM_LITERAL_SCAN,DEFAULT_DECLARATION,SQL_WRITE_HEURISTIC_NOT_LINEAGE_PROOF; DDL_FRAGMENT_NOT_FULL_EFFECTIVE_SCHEMA
F0264,s3b_player_progress#19,database/014_sprint3b_evidence_and_puzzle_integrity.sql:L13,NO_INLINE_DECLARATION,,,NO_INLINE_FK,0,,NO_DIRECT_EDGE_ADJUDICATION,UNRESOLVED_FROM_LITERAL_SCAN,NONE,SQL_WRITE_HEURISTIC_NOT_LINEAGE_PROOF; DDL_FRAGMENT_NOT_FULL_EFFECTIVE_SCHEMA
F0265,s3b_player_progress#20,database/014_sprint3b_evidence_and_puzzle_integrity.sql:L14,DEFAULT_DECLARATION,,,NO_INLINE_FK,0,,NO_DIRECT_EDGE_ADJUDICATION,UNRESOLVED_FROM_LITERAL_SCAN,DEFAULT_DECLARATION,SQL_WRITE_HEURISTIC_NOT_LINEAGE_PROOF; DDL_FRAGMENT_NOT_FULL_EFFECTIVE_SCHEMA
F0266,s3b_player_progress#21,database/060_package_a_ca_a_bounded_corrections.sql:L9,NO_INLINE_DECLARATION,,,NO_INLINE_FK,1,database/060_package_a_ca_a_bounded_corrections.sql:L15@TOP_LEVEL,NO_DIRECT_EDGE_ADJUDICATION,UNRESOLVED_FROM_LITERAL_SCAN,NONE,SQL_WRITE_HEURISTIC_NOT_LINEAGE_PROOF; DDL_FRAGMENT_NOT_FULL_EFFECTIVE_SCHEMA
F0267,s3b_player_progress#22,database/060_package_a_ca_a_bounded_corrections.sql:L10,NO_INLINE_DECLARATION,,,NO_INLINE_FK,1,database/060_package_a_ca_a_bounded_corrections.sql:L15@TOP_LEVEL,NO_DIRECT_EDGE_ADJUDICATION,UNRESOLVED_FROM_LITERAL_SCAN,NONE,SQL_WRITE_HEURISTIC_NOT_LINEAGE_PROOF; DDL_FRAGMENT_NOT_FULL_EFFECTIVE_SCHEMA
F0268,s3b_post_inspection_route_votes#01,database/014_sprint3b_evidence_and_puzzle_integrity.sql:L74,DEFAULT_DECLARATION|GENERATED_DECLARATION,,,NO_INLINE_FK,0,,NO_DIRECT_EDGE_ADJUDICATION,UNRESOLVED_FROM_LITERAL_SCAN,DEFAULT_DECLARATION|GENERATED_DECLARATION,SQL_WRITE_HEURISTIC_NOT_LINEAGE_PROOF; DDL_FRAGMENT_NOT_FULL_EFFECTIVE_SCHEMA
F0269,s3b_post_inspection_route_votes#02,database/014_sprint3b_evidence_and_puzzle_integrity.sql:L75,NO_INLINE_DECLARATION,game_runs#run_id,game_runs#01,FOREIGN_KEY_REFERENCE_NOT_COPY,0,,NO_DIRECT_EDGE_ADJUDICATION,UNRESOLVED_FROM_LITERAL_SCAN,NONE,SQL_WRITE_HEURISTIC_NOT_LINEAGE_PROOF; DDL_FRAGMENT_NOT_FULL_EFFECTIVE_SCHEMA
F0270,s3b_post_inspection_route_votes#03,database/014_sprint3b_evidence_and_puzzle_integrity.sql:L76,NO_INLINE_DECLARATION,s1_room_players#player_id,s1_room_players#01,FOREIGN_KEY_REFERENCE_NOT_COPY,0,,NO_DIRECT_EDGE_ADJUDICATION,UNRESOLVED_FROM_LITERAL_SCAN,NONE,SQL_WRITE_HEURISTIC_NOT_LINEAGE_PROOF; DDL_FRAGMENT_NOT_FULL_EFFECTIVE_SCHEMA
F0271,s3b_post_inspection_route_votes#04,database/014_sprint3b_evidence_and_puzzle_integrity.sql:L77,DEFAULT_DECLARATION,,,NO_INLINE_FK,0,,NO_DIRECT_EDGE_ADJUDICATION,UNRESOLVED_FROM_LITERAL_SCAN,DEFAULT_DECLARATION,SQL_WRITE_HEURISTIC_NOT_LINEAGE_PROOF; DDL_FRAGMENT_NOT_FULL_EFFECTIVE_SCHEMA
F0272,s3b_post_inspection_route_votes#05,database/014_sprint3b_evidence_and_puzzle_integrity.sql:L79,NO_INLINE_DECLARATION,,,NO_INLINE_FK,0,,NO_DIRECT_EDGE_ADJUDICATION,UNRESOLVED_FROM_LITERAL_SCAN,NONE,SQL_WRITE_HEURISTIC_NOT_LINEAGE_PROOF; DDL_FRAGMENT_NOT_FULL_EFFECTIVE_SCHEMA
F0273,s3b_post_inspection_route_votes#06,database/014_sprint3b_evidence_and_puzzle_integrity.sql:L80,DEFAULT_DECLARATION,,,NO_INLINE_FK,0,,NO_DIRECT_EDGE_ADJUDICATION,UNRESOLVED_FROM_LITERAL_SCAN,DEFAULT_DECLARATION,SQL_WRITE_HEURISTIC_NOT_LINEAGE_PROOF; DDL_FRAGMENT_NOT_FULL_EFFECTIVE_SCHEMA
F0274,s3b_post_inspection_route_votes#07,database/014_sprint3b_evidence_and_puzzle_integrity.sql:L82,DEFAULT_DECLARATION,,,NO_INLINE_FK,0,,NO_DIRECT_EDGE_ADJUDICATION,UNRESOLVED_FROM_LITERAL_SCAN,DEFAULT_DECLARATION,SQL_WRITE_HEURISTIC_NOT_LINEAGE_PROOF; DDL_FRAGMENT_NOT_FULL_EFFECTIVE_SCHEMA
F0275,s3b_post_inspection_route_votes#08,database/014_sprint3b_evidence_and_puzzle_integrity.sql:L83,DEFAULT_DECLARATION,,,NO_INLINE_FK,0,,NO_DIRECT_EDGE_ADJUDICATION,UNRESOLVED_FROM_LITERAL_SCAN,DEFAULT_DECLARATION,SQL_WRITE_HEURISTIC_NOT_LINEAGE_PROOF; DDL_FRAGMENT_NOT_FULL_EFFECTIVE_SCHEMA
F0276,s3b_post_inspection_route_votes#09,database/014_sprint3b_evidence_and_puzzle_integrity.sql:L84,DEFAULT_DECLARATION,,,NO_INLINE_FK,0,,NO_DIRECT_EDGE_ADJUDICATION,UNRESOLVED_FROM_LITERAL_SCAN,DEFAULT_DECLARATION,SQL_WRITE_HEURISTIC_NOT_LINEAGE_PROOF; DDL_FRAGMENT_NOT_FULL_EFFECTIVE_SCHEMA
F0277,s3b_run_state#01,database/007_sprint3b_act1_5_placeholder_flow.sql:L5,NO_INLINE_DECLARATION,game_runs#run_id,game_runs#01,FOREIGN_KEY_REFERENCE_NOT_COPY,0,,NO_DIRECT_EDGE_ADJUDICATION,UNRESOLVED_FROM_LITERAL_SCAN,NONE,SQL_WRITE_HEURISTIC_NOT_LINEAGE_PROOF; DDL_FRAGMENT_NOT_FULL_EFFECTIVE_SCHEMA
F0278,s3b_run_state#02,database/007_sprint3b_act1_5_placeholder_flow.sql:L6,NO_INLINE_DECLARATION,,,NO_INLINE_FK,0,,NO_DIRECT_EDGE_ADJUDICATION,UNRESOLVED_FROM_LITERAL_SCAN,NONE,SQL_WRITE_HEURISTIC_NOT_LINEAGE_PROOF; DDL_FRAGMENT_NOT_FULL_EFFECTIVE_SCHEMA
F0279,s3b_run_state#03,database/007_sprint3b_act1_5_placeholder_flow.sql:L7,DEFAULT_DECLARATION,,,NO_INLINE_FK,0,,NO_DIRECT_EDGE_ADJUDICATION,UNRESOLVED_FROM_LITERAL_SCAN,DEFAULT_DECLARATION,SQL_WRITE_HEURISTIC_NOT_LINEAGE_PROOF; DDL_FRAGMENT_NOT_FULL_EFFECTIVE_SCHEMA
F0280,s3b_run_state#04,database/007_sprint3b_act1_5_placeholder_flow.sql:L8,DEFAULT_DECLARATION,,,NO_INLINE_FK,0,,NO_DIRECT_EDGE_ADJUDICATION,UNRESOLVED_FROM_LITERAL_SCAN,DEFAULT_DECLARATION,SQL_WRITE_HEURISTIC_NOT_LINEAGE_PROOF; DDL_FRAGMENT_NOT_FULL_EFFECTIVE_SCHEMA
F0281,s3b_run_state#05,database/007_sprint3b_act1_5_placeholder_flow.sql:L9,NO_INLINE_DECLARATION,,,NO_INLINE_FK,0,,NO_DIRECT_EDGE_ADJUDICATION,UNRESOLVED_FROM_LITERAL_SCAN,NONE,SQL_WRITE_HEURISTIC_NOT_LINEAGE_PROOF; DDL_FRAGMENT_NOT_FULL_EFFECTIVE_SCHEMA
F0282,s3b_run_state#06,database/007_sprint3b_act1_5_placeholder_flow.sql:L10,NO_INLINE_DECLARATION,,,NO_INLINE_FK,0,,NO_DIRECT_EDGE_ADJUDICATION,UNRESOLVED_FROM_LITERAL_SCAN,NONE,SQL_WRITE_HEURISTIC_NOT_LINEAGE_PROOF; DDL_FRAGMENT_NOT_FULL_EFFECTIVE_SCHEMA
F0283,s3b_run_state#07,database/007_sprint3b_act1_5_placeholder_flow.sql:L11,DEFAULT_DECLARATION,,,NO_INLINE_FK,0,,NO_DIRECT_EDGE_ADJUDICATION,UNRESOLVED_FROM_LITERAL_SCAN,DEFAULT_DECLARATION,SQL_WRITE_HEURISTIC_NOT_LINEAGE_PROOF; DDL_FRAGMENT_NOT_FULL_EFFECTIVE_SCHEMA
F0284,s3b_run_state#08,database/007_sprint3b_act1_5_placeholder_flow.sql:L12,DEFAULT_DECLARATION,,,NO_INLINE_FK,0,,NO_DIRECT_EDGE_ADJUDICATION,UNRESOLVED_FROM_LITERAL_SCAN,DEFAULT_DECLARATION,SQL_WRITE_HEURISTIC_NOT_LINEAGE_PROOF; DDL_FRAGMENT_NOT_FULL_EFFECTIVE_SCHEMA
F0285,s3b_run_state#09,database/007_sprint3b_act1_5_placeholder_flow.sql:L13,NO_INLINE_DECLARATION,,,NO_INLINE_FK,0,,NO_DIRECT_EDGE_ADJUDICATION,UNRESOLVED_FROM_LITERAL_SCAN,NONE,SQL_WRITE_HEURISTIC_NOT_LINEAGE_PROOF; DDL_FRAGMENT_NOT_FULL_EFFECTIVE_SCHEMA
F0286,s3b_run_state#10,database/007_sprint3b_act1_5_placeholder_flow.sql:L14,NO_INLINE_DECLARATION,,,NO_INLINE_FK,0,,NO_DIRECT_EDGE_ADJUDICATION,UNRESOLVED_FROM_LITERAL_SCAN,NONE,SQL_WRITE_HEURISTIC_NOT_LINEAGE_PROOF; DDL_FRAGMENT_NOT_FULL_EFFECTIVE_SCHEMA
F0287,s3b_run_state#11,database/007_sprint3b_act1_5_placeholder_flow.sql:L15,DEFAULT_DECLARATION,,,NO_INLINE_FK,0,,NO_DIRECT_EDGE_ADJUDICATION,UNRESOLVED_FROM_LITERAL_SCAN,DEFAULT_DECLARATION,SQL_WRITE_HEURISTIC_NOT_LINEAGE_PROOF; DDL_FRAGMENT_NOT_FULL_EFFECTIVE_SCHEMA
F0288,s3b_run_state#12,database/007_sprint3b_act1_5_placeholder_flow.sql:L16,NO_INLINE_DECLARATION,,,NO_INLINE_FK,0,,NO_DIRECT_EDGE_ADJUDICATION,UNRESOLVED_FROM_LITERAL_SCAN,NONE,SQL_WRITE_HEURISTIC_NOT_LINEAGE_PROOF; DDL_FRAGMENT_NOT_FULL_EFFECTIVE_SCHEMA
F0289,s3b_run_state#13,database/007_sprint3b_act1_5_placeholder_flow.sql:L17,DEFAULT_DECLARATION,,,NO_INLINE_FK,0,,NO_DIRECT_EDGE_ADJUDICATION,UNRESOLVED_FROM_LITERAL_SCAN,DEFAULT_DECLARATION,SQL_WRITE_HEURISTIC_NOT_LINEAGE_PROOF; DDL_FRAGMENT_NOT_FULL_EFFECTIVE_SCHEMA
F0290,s3b_run_state#14,database/010_sprint3b_flow_integrity_and_inspect_fix.sql:L6,DEFAULT_DECLARATION,,,NO_INLINE_FK,0,,NO_DIRECT_EDGE_ADJUDICATION,UNRESOLVED_FROM_LITERAL_SCAN,DEFAULT_DECLARATION,SQL_WRITE_HEURISTIC_NOT_LINEAGE_PROOF; DDL_FRAGMENT_NOT_FULL_EFFECTIVE_SCHEMA
F0291,s3b_run_state#15,database/011_sprint3b_transition_and_act1_delivery_integrity.sql:L5,DEFAULT_DECLARATION,,,NO_INLINE_FK,0,,NO_DIRECT_EDGE_ADJUDICATION,UNRESOLVED_FROM_LITERAL_SCAN,DEFAULT_DECLARATION,SQL_WRITE_HEURISTIC_NOT_LINEAGE_PROOF; DDL_FRAGMENT_NOT_FULL_EFFECTIVE_SCHEMA
F0292,s5_act8_private_choices#01,database/027_sprint5_act6_8_runtime.sql:L23,NO_INLINE_DECLARATION,game_runs#run_id,game_runs#01,FOREIGN_KEY_REFERENCE_NOT_COPY,0,,NO_DIRECT_EDGE_ADJUDICATION,UNRESOLVED_FROM_LITERAL_SCAN,NONE,SQL_WRITE_HEURISTIC_NOT_LINEAGE_PROOF; DDL_FRAGMENT_NOT_FULL_EFFECTIVE_SCHEMA
F0293,s5_act8_private_choices#02,database/027_sprint5_act6_8_runtime.sql:L23,NO_INLINE_DECLARATION,s1_room_players#player_id,s1_room_players#01,FOREIGN_KEY_REFERENCE_NOT_COPY,0,,NO_DIRECT_EDGE_ADJUDICATION,UNRESOLVED_FROM_LITERAL_SCAN,NONE,SQL_WRITE_HEURISTIC_NOT_LINEAGE_PROOF; DDL_FRAGMENT_NOT_FULL_EFFECTIVE_SCHEMA
F0294,s5_act8_private_choices#03,database/027_sprint5_act6_8_runtime.sql:L24,NO_INLINE_DECLARATION,,,NO_INLINE_FK,0,,NO_DIRECT_EDGE_ADJUDICATION,UNRESOLVED_FROM_LITERAL_SCAN,NONE,SQL_WRITE_HEURISTIC_NOT_LINEAGE_PROOF; DDL_FRAGMENT_NOT_FULL_EFFECTIVE_SCHEMA
F0295,s5_act8_private_choices#04,database/027_sprint5_act6_8_runtime.sql:L24,NO_INLINE_DECLARATION,,,NO_INLINE_FK,0,,NO_DIRECT_EDGE_ADJUDICATION,UNRESOLVED_FROM_LITERAL_SCAN,NONE,SQL_WRITE_HEURISTIC_NOT_LINEAGE_PROOF; DDL_FRAGMENT_NOT_FULL_EFFECTIVE_SCHEMA
F0296,s5_act8_private_choices#05,database/027_sprint5_act6_8_runtime.sql:L24,DEFAULT_DECLARATION,,,NO_INLINE_FK,0,,NO_DIRECT_EDGE_ADJUDICATION,UNRESOLVED_FROM_LITERAL_SCAN,DEFAULT_DECLARATION,SQL_WRITE_HEURISTIC_NOT_LINEAGE_PROOF; DDL_FRAGMENT_NOT_FULL_EFFECTIVE_SCHEMA
F0297,s5_rounds#01,database/027_sprint5_act6_8_runtime.sql:L17,DEFAULT_DECLARATION,,,NO_INLINE_FK,0,,NO_DIRECT_EDGE_ADJUDICATION,UNRESOLVED_FROM_LITERAL_SCAN,DEFAULT_DECLARATION,SQL_WRITE_HEURISTIC_NOT_LINEAGE_PROOF; DDL_FRAGMENT_NOT_FULL_EFFECTIVE_SCHEMA
F0298,s5_rounds#02,database/027_sprint5_act6_8_runtime.sql:L17,NO_INLINE_DECLARATION,game_runs#run_id,game_runs#01,FOREIGN_KEY_REFERENCE_NOT_COPY,0,,NO_DIRECT_EDGE_ADJUDICATION,UNRESOLVED_FROM_LITERAL_SCAN,NONE,SQL_WRITE_HEURISTIC_NOT_LINEAGE_PROOF; DDL_FRAGMENT_NOT_FULL_EFFECTIVE_SCHEMA
F0299,s5_rounds#03,database/027_sprint5_act6_8_runtime.sql:L18,NO_INLINE_DECLARATION,,,NO_INLINE_FK,0,,NO_DIRECT_EDGE_ADJUDICATION,UNRESOLVED_FROM_LITERAL_SCAN,NONE,SQL_WRITE_HEURISTIC_NOT_LINEAGE_PROOF; DDL_FRAGMENT_NOT_FULL_EFFECTIVE_SCHEMA
F0300,s5_rounds#04,database/027_sprint5_act6_8_runtime.sql:L18,NO_INLINE_DECLARATION,,,NO_INLINE_FK,0,,NO_DIRECT_EDGE_ADJUDICATION,UNRESOLVED_FROM_LITERAL_SCAN,NONE,SQL_WRITE_HEURISTIC_NOT_LINEAGE_PROOF; DDL_FRAGMENT_NOT_FULL_EFFECTIVE_SCHEMA
F0301,s5_rounds#05,database/027_sprint5_act6_8_runtime.sql:L18,NO_INLINE_DECLARATION,,,NO_INLINE_FK,0,,NO_DIRECT_EDGE_ADJUDICATION,UNRESOLVED_FROM_LITERAL_SCAN,NONE,SQL_WRITE_HEURISTIC_NOT_LINEAGE_PROOF; DDL_FRAGMENT_NOT_FULL_EFFECTIVE_SCHEMA
F0302,s5_rounds#06,database/027_sprint5_act6_8_runtime.sql:L18,DEFAULT_DECLARATION,,,NO_INLINE_FK,0,,NO_DIRECT_EDGE_ADJUDICATION,UNRESOLVED_FROM_LITERAL_SCAN,DEFAULT_DECLARATION,SQL_WRITE_HEURISTIC_NOT_LINEAGE_PROOF; DDL_FRAGMENT_NOT_FULL_EFFECTIVE_SCHEMA
F0303,s5_rounds#07,database/027_sprint5_act6_8_runtime.sql:L19,NO_INLINE_DECLARATION,,,NO_INLINE_FK,1,database/029_sprint5_canonical_discussion_localization.sql:L62@s5_submit_vote,NO_DIRECT_EDGE_ADJUDICATION,UNRESOLVED_FROM_LITERAL_SCAN,NONE,SQL_WRITE_HEURISTIC_NOT_LINEAGE_PROOF; DDL_FRAGMENT_NOT_FULL_EFFECTIVE_SCHEMA
F0304,s5_rounds#08,database/027_sprint5_act6_8_runtime.sql:L19,DEFAULT_DECLARATION,,,NO_INLINE_FK,0,,NO_DIRECT_EDGE_ADJUDICATION,UNRESOLVED_FROM_LITERAL_SCAN,DEFAULT_DECLARATION,SQL_WRITE_HEURISTIC_NOT_LINEAGE_PROOF; DDL_FRAGMENT_NOT_FULL_EFFECTIVE_SCHEMA
F0305,s5_rounds#09,database/027_sprint5_act6_8_runtime.sql:L19,NO_INLINE_DECLARATION,,,NO_INLINE_FK,0,,NO_DIRECT_EDGE_ADJUDICATION,UNRESOLVED_FROM_LITERAL_SCAN,NONE,SQL_WRITE_HEURISTIC_NOT_LINEAGE_PROOF; DDL_FRAGMENT_NOT_FULL_EFFECTIVE_SCHEMA
F0306,s5_run_state#01,database/027_sprint5_act6_8_runtime.sql:L3,NO_INLINE_DECLARATION,game_runs#run_id,game_runs#01,FOREIGN_KEY_REFERENCE_NOT_COPY,0,,NO_DIRECT_EDGE_ADJUDICATION,UNRESOLVED_FROM_LITERAL_SCAN,NONE,SQL_WRITE_HEURISTIC_NOT_LINEAGE_PROOF; DDL_FRAGMENT_NOT_FULL_EFFECTIVE_SCHEMA
F0307,s5_run_state#02,database/027_sprint5_act6_8_runtime.sql:L4,DEFAULT_DECLARATION,,,NO_INLINE_FK,0,,NO_DIRECT_EDGE_ADJUDICATION,UNRESOLVED_FROM_LITERAL_SCAN,DEFAULT_DECLARATION,SQL_WRITE_HEURISTIC_NOT_LINEAGE_PROOF; DDL_FRAGMENT_NOT_FULL_EFFECTIVE_SCHEMA
F0308,s5_run_state#03,database/027_sprint5_act6_8_runtime.sql:L5,DEFAULT_DECLARATION,,,NO_INLINE_FK,0,,NO_DIRECT_EDGE_ADJUDICATION,UNRESOLVED_FROM_LITERAL_SCAN,DEFAULT_DECLARATION,SQL_WRITE_HEURISTIC_NOT_LINEAGE_PROOF; DDL_FRAGMENT_NOT_FULL_EFFECTIVE_SCHEMA
F0309,s5_run_state#04,database/027_sprint5_act6_8_runtime.sql:L5,DEFAULT_DECLARATION,,,NO_INLINE_FK,0,,NO_DIRECT_EDGE_ADJUDICATION,UNRESOLVED_FROM_LITERAL_SCAN,DEFAULT_DECLARATION,SQL_WRITE_HEURISTIC_NOT_LINEAGE_PROOF; DDL_FRAGMENT_NOT_FULL_EFFECTIVE_SCHEMA
F0310,s5_run_state#05,database/027_sprint5_act6_8_runtime.sql:L6,NO_INLINE_DECLARATION,,,NO_INLINE_FK,0,,NO_DIRECT_EDGE_ADJUDICATION,UNRESOLVED_FROM_LITERAL_SCAN,NONE,SQL_WRITE_HEURISTIC_NOT_LINEAGE_PROOF; DDL_FRAGMENT_NOT_FULL_EFFECTIVE_SCHEMA
F0311,s5_run_state#06,database/027_sprint5_act6_8_runtime.sql:L6,DEFAULT_DECLARATION,,,NO_INLINE_FK,0,,NO_DIRECT_EDGE_ADJUDICATION,UNRESOLVED_FROM_LITERAL_SCAN,DEFAULT_DECLARATION,SQL_WRITE_HEURISTIC_NOT_LINEAGE_PROOF; DDL_FRAGMENT_NOT_FULL_EFFECTIVE_SCHEMA
F0312,s5_run_state#07,database/027_sprint5_act6_8_runtime.sql:L7,NO_INLINE_DECLARATION,,,NO_INLINE_FK,0,,NO_DIRECT_EDGE_ADJUDICATION,UNRESOLVED_FROM_LITERAL_SCAN,NONE,SQL_WRITE_HEURISTIC_NOT_LINEAGE_PROOF; DDL_FRAGMENT_NOT_FULL_EFFECTIVE_SCHEMA
F0313,s5_run_state#08,database/027_sprint5_act6_8_runtime.sql:L8,NO_INLINE_DECLARATION,,,NO_INLINE_FK,0,,NO_DIRECT_EDGE_ADJUDICATION,UNRESOLVED_FROM_LITERAL_SCAN,NONE,SQL_WRITE_HEURISTIC_NOT_LINEAGE_PROOF; DDL_FRAGMENT_NOT_FULL_EFFECTIVE_SCHEMA
F0314,s5_run_state#09,database/027_sprint5_act6_8_runtime.sql:L8,DEFAULT_DECLARATION,,,NO_INLINE_FK,0,,NO_DIRECT_EDGE_ADJUDICATION,UNRESOLVED_FROM_LITERAL_SCAN,DEFAULT_DECLARATION,SQL_WRITE_HEURISTIC_NOT_LINEAGE_PROOF; DDL_FRAGMENT_NOT_FULL_EFFECTIVE_SCHEMA
F0315,s5_run_state#10,database/059_structural_lifecycle_transition_spine.sql:L34,NO_INLINE_DECLARATION,,,NO_INLINE_FK,0,,NO_DIRECT_EDGE_ADJUDICATION,UNRESOLVED_FROM_LITERAL_SCAN,NONE,SQL_WRITE_HEURISTIC_NOT_LINEAGE_PROOF; DDL_FRAGMENT_NOT_FULL_EFFECTIVE_SCHEMA
F0316,s5_votes#01,database/027_sprint5_act6_8_runtime.sql:L11,NO_INLINE_DECLARATION,game_runs#run_id,game_runs#01,FOREIGN_KEY_REFERENCE_NOT_COPY,0,,NO_DIRECT_EDGE_ADJUDICATION,UNRESOLVED_FROM_LITERAL_SCAN,NONE,SQL_WRITE_HEURISTIC_NOT_LINEAGE_PROOF; DDL_FRAGMENT_NOT_FULL_EFFECTIVE_SCHEMA
F0317,s5_votes#02,database/027_sprint5_act6_8_runtime.sql:L11,NO_INLINE_DECLARATION,,,NO_INLINE_FK,0,,NO_DIRECT_EDGE_ADJUDICATION,UNRESOLVED_FROM_LITERAL_SCAN,NONE,SQL_WRITE_HEURISTIC_NOT_LINEAGE_PROOF; DDL_FRAGMENT_NOT_FULL_EFFECTIVE_SCHEMA
F0318,s5_votes#03,database/027_sprint5_act6_8_runtime.sql:L11,NO_INLINE_DECLARATION,,,NO_INLINE_FK,0,,NO_DIRECT_EDGE_ADJUDICATION,UNRESOLVED_FROM_LITERAL_SCAN,NONE,SQL_WRITE_HEURISTIC_NOT_LINEAGE_PROOF; DDL_FRAGMENT_NOT_FULL_EFFECTIVE_SCHEMA
F0319,s5_votes#04,database/027_sprint5_act6_8_runtime.sql:L12,NO_INLINE_DECLARATION,s1_room_players#player_id,s1_room_players#01,FOREIGN_KEY_REFERENCE_NOT_COPY,0,,NO_DIRECT_EDGE_ADJUDICATION,UNRESOLVED_FROM_LITERAL_SCAN,NONE,SQL_WRITE_HEURISTIC_NOT_LINEAGE_PROOF; DDL_FRAGMENT_NOT_FULL_EFFECTIVE_SCHEMA
F0320,s5_votes#05,database/027_sprint5_act6_8_runtime.sql:L12,NO_INLINE_DECLARATION,,,NO_INLINE_FK,0,,NO_DIRECT_EDGE_ADJUDICATION,UNRESOLVED_FROM_LITERAL_SCAN,NONE,SQL_WRITE_HEURISTIC_NOT_LINEAGE_PROOF; DDL_FRAGMENT_NOT_FULL_EFFECTIVE_SCHEMA
F0321,s5_votes#06,database/027_sprint5_act6_8_runtime.sql:L12,NO_INLINE_DECLARATION,,,NO_INLINE_FK,0,,NO_DIRECT_EDGE_ADJUDICATION,UNRESOLVED_FROM_LITERAL_SCAN,NONE,SQL_WRITE_HEURISTIC_NOT_LINEAGE_PROOF; DDL_FRAGMENT_NOT_FULL_EFFECTIVE_SCHEMA
F0322,s5_votes#07,database/027_sprint5_act6_8_runtime.sql:L12,DEFAULT_DECLARATION,,,NO_INLINE_FK,0,,NO_DIRECT_EDGE_ADJUDICATION,UNRESOLVED_FROM_LITERAL_SCAN,DEFAULT_DECLARATION,SQL_WRITE_HEURISTIC_NOT_LINEAGE_PROOF; DDL_FRAGMENT_NOT_FULL_EFFECTIVE_SCHEMA
F0323,s6_action_receipts#01,database/035_sprint6_focused_audit_corrections.sql:L10,NO_INLINE_DECLARATION,game_runs#run_id,game_runs#01,FOREIGN_KEY_REFERENCE_NOT_COPY,0,,NO_DIRECT_EDGE_ADJUDICATION,UNRESOLVED_FROM_LITERAL_SCAN,NONE,SQL_WRITE_HEURISTIC_NOT_LINEAGE_PROOF; DDL_FRAGMENT_NOT_FULL_EFFECTIVE_SCHEMA
F0324,s6_action_receipts#02,database/035_sprint6_focused_audit_corrections.sql:L10,NO_INLINE_DECLARATION,s1_room_players#player_id,s1_room_players#01,FOREIGN_KEY_REFERENCE_NOT_COPY,0,,NO_DIRECT_EDGE_ADJUDICATION,UNRESOLVED_FROM_LITERAL_SCAN,NONE,SQL_WRITE_HEURISTIC_NOT_LINEAGE_PROOF; DDL_FRAGMENT_NOT_FULL_EFFECTIVE_SCHEMA
F0325,s6_action_receipts#03,database/035_sprint6_focused_audit_corrections.sql:L11,NO_INLINE_DECLARATION,,,NO_INLINE_FK,0,,NO_DIRECT_EDGE_ADJUDICATION,UNRESOLVED_FROM_LITERAL_SCAN,NONE,SQL_WRITE_HEURISTIC_NOT_LINEAGE_PROOF; DDL_FRAGMENT_NOT_FULL_EFFECTIVE_SCHEMA
F0326,s6_action_receipts#04,database/035_sprint6_focused_audit_corrections.sql:L11,NO_INLINE_DECLARATION,,,NO_INLINE_FK,0,,NO_DIRECT_EDGE_ADJUDICATION,UNRESOLVED_FROM_LITERAL_SCAN,NONE,SQL_WRITE_HEURISTIC_NOT_LINEAGE_PROOF; DDL_FRAGMENT_NOT_FULL_EFFECTIVE_SCHEMA
F0327,s6_action_receipts#05,database/035_sprint6_focused_audit_corrections.sql:L11,NO_INLINE_DECLARATION,,,NO_INLINE_FK,0,,NO_DIRECT_EDGE_ADJUDICATION,UNRESOLVED_FROM_LITERAL_SCAN,NONE,SQL_WRITE_HEURISTIC_NOT_LINEAGE_PROOF; DDL_FRAGMENT_NOT_FULL_EFFECTIVE_SCHEMA
F0328,s6_action_receipts#06,database/035_sprint6_focused_audit_corrections.sql:L11,NO_INLINE_DECLARATION,,,NO_INLINE_FK,0,,NO_DIRECT_EDGE_ADJUDICATION,UNRESOLVED_FROM_LITERAL_SCAN,NONE,SQL_WRITE_HEURISTIC_NOT_LINEAGE_PROOF; DDL_FRAGMENT_NOT_FULL_EFFECTIVE_SCHEMA
F0329,s6_action_receipts#07,database/035_sprint6_focused_audit_corrections.sql:L11,DEFAULT_DECLARATION,,,NO_INLINE_FK,0,,NO_DIRECT_EDGE_ADJUDICATION,UNRESOLVED_FROM_LITERAL_SCAN,DEFAULT_DECLARATION,SQL_WRITE_HEURISTIC_NOT_LINEAGE_PROOF; DDL_FRAGMENT_NOT_FULL_EFFECTIVE_SCHEMA
F0330,s6_allocation_attempts#01,database/035_sprint6_focused_audit_corrections.sql:L15,GENERATED_DECLARATION,,,NO_INLINE_FK,0,,NO_DIRECT_EDGE_ADJUDICATION,UNRESOLVED_FROM_LITERAL_SCAN,GENERATED_DECLARATION,SQL_WRITE_HEURISTIC_NOT_LINEAGE_PROOF; DDL_FRAGMENT_NOT_FULL_EFFECTIVE_SCHEMA
F0331,s6_allocation_attempts#02,database/035_sprint6_focused_audit_corrections.sql:L15,NO_INLINE_DECLARATION,game_runs#run_id,game_runs#01,FOREIGN_KEY_REFERENCE_NOT_COPY,0,,NO_DIRECT_EDGE_ADJUDICATION,UNRESOLVED_FROM_LITERAL_SCAN,NONE,SQL_WRITE_HEURISTIC_NOT_LINEAGE_PROOF; DDL_FRAGMENT_NOT_FULL_EFFECTIVE_SCHEMA
F0332,s6_allocation_attempts#03,database/035_sprint6_focused_audit_corrections.sql:L15,NO_INLINE_DECLARATION,,,NO_INLINE_FK,0,,NO_DIRECT_EDGE_ADJUDICATION,UNRESOLVED_FROM_LITERAL_SCAN,NONE,SQL_WRITE_HEURISTIC_NOT_LINEAGE_PROOF; DDL_FRAGMENT_NOT_FULL_EFFECTIVE_SCHEMA
F0333,s6_allocation_attempts#04,database/035_sprint6_focused_audit_corrections.sql:L16,NO_INLINE_DECLARATION,s1_room_players#player_id,s1_room_players#01,FOREIGN_KEY_REFERENCE_NOT_COPY,0,,NO_DIRECT_EDGE_ADJUDICATION,UNRESOLVED_FROM_LITERAL_SCAN,NONE,SQL_WRITE_HEURISTIC_NOT_LINEAGE_PROOF; DDL_FRAGMENT_NOT_FULL_EFFECTIVE_SCHEMA
F0334,s6_allocation_attempts#05,database/035_sprint6_focused_audit_corrections.sql:L16,NO_INLINE_DECLARATION,,,NO_INLINE_FK,0,,NO_DIRECT_EDGE_ADJUDICATION,UNRESOLVED_FROM_LITERAL_SCAN,NONE,SQL_WRITE_HEURISTIC_NOT_LINEAGE_PROOF; DDL_FRAGMENT_NOT_FULL_EFFECTIVE_SCHEMA
F0335,s6_allocation_attempts#06,database/035_sprint6_focused_audit_corrections.sql:L16,NO_INLINE_DECLARATION,,,NO_INLINE_FK,0,,NO_DIRECT_EDGE_ADJUDICATION,UNRESOLVED_FROM_LITERAL_SCAN,NONE,SQL_WRITE_HEURISTIC_NOT_LINEAGE_PROOF; DDL_FRAGMENT_NOT_FULL_EFFECTIVE_SCHEMA
F0336,s6_allocation_attempts#07,database/035_sprint6_focused_audit_corrections.sql:L16,DEFAULT_DECLARATION,,,NO_INLINE_FK,0,,NO_DIRECT_EDGE_ADJUDICATION,UNRESOLVED_FROM_LITERAL_SCAN,DEFAULT_DECLARATION,SQL_WRITE_HEURISTIC_NOT_LINEAGE_PROOF; DDL_FRAGMENT_NOT_FULL_EFFECTIVE_SCHEMA
F0337,s6_allocations#01,database/033_sprint6_act9_13_runtime.sql:L16,NO_INLINE_DECLARATION,game_runs#run_id,game_runs#01,FOREIGN_KEY_REFERENCE_NOT_COPY,0,,NO_DIRECT_EDGE_ADJUDICATION,UNRESOLVED_FROM_LITERAL_SCAN,NONE,SQL_WRITE_HEURISTIC_NOT_LINEAGE_PROOF; DDL_FRAGMENT_NOT_FULL_EFFECTIVE_SCHEMA
F0338,s6_allocations#02,database/033_sprint6_act9_13_runtime.sql:L16,NO_INLINE_DECLARATION,s1_room_players#player_id,s1_room_players#01,FOREIGN_KEY_REFERENCE_NOT_COPY,0,,NO_DIRECT_EDGE_ADJUDICATION,UNRESOLVED_FROM_LITERAL_SCAN,NONE,SQL_WRITE_HEURISTIC_NOT_LINEAGE_PROOF; DDL_FRAGMENT_NOT_FULL_EFFECTIVE_SCHEMA
F0339,s6_allocations#03,database/033_sprint6_act9_13_runtime.sql:L16,NO_INLINE_DECLARATION,,,NO_INLINE_FK,0,,NO_DIRECT_EDGE_ADJUDICATION,UNRESOLVED_FROM_LITERAL_SCAN,NONE,SQL_WRITE_HEURISTIC_NOT_LINEAGE_PROOF; DDL_FRAGMENT_NOT_FULL_EFFECTIVE_SCHEMA
F0340,s6_allocations#04,database/033_sprint6_act9_13_runtime.sql:L16,NO_INLINE_DECLARATION,,,NO_INLINE_FK,0,,NO_DIRECT_EDGE_ADJUDICATION,UNRESOLVED_FROM_LITERAL_SCAN,NONE,SQL_WRITE_HEURISTIC_NOT_LINEAGE_PROOF; DDL_FRAGMENT_NOT_FULL_EFFECTIVE_SCHEMA
F0341,s6_allocations#05,database/033_sprint6_act9_13_runtime.sql:L16,DEFAULT_DECLARATION,,,NO_INLINE_FK,0,,NO_DIRECT_EDGE_ADJUDICATION,UNRESOLVED_FROM_LITERAL_SCAN,DEFAULT_DECLARATION,SQL_WRITE_HEURISTIC_NOT_LINEAGE_PROOF; DDL_FRAGMENT_NOT_FULL_EFFECTIVE_SCHEMA
F0342,s6_audio_consumptions#01,database/037_level3_independent_audit_closure.sql:L35,NO_INLINE_DECLARATION,s6_audio_occurrences#occurrence_id,s6_audio_occurrences#01,FOREIGN_KEY_REFERENCE_NOT_COPY,0,,NO_DIRECT_EDGE_ADJUDICATION,UNRESOLVED_FROM_LITERAL_SCAN,NONE,SQL_WRITE_HEURISTIC_NOT_LINEAGE_PROOF; DDL_FRAGMENT_NOT_FULL_EFFECTIVE_SCHEMA
F0343,s6_audio_consumptions#02,database/037_level3_independent_audit_closure.sql:L36,NO_INLINE_DECLARATION,s1_room_players#player_id,s1_room_players#01,FOREIGN_KEY_REFERENCE_NOT_COPY,0,,NO_DIRECT_EDGE_ADJUDICATION,UNRESOLVED_FROM_LITERAL_SCAN,NONE,SQL_WRITE_HEURISTIC_NOT_LINEAGE_PROOF; DDL_FRAGMENT_NOT_FULL_EFFECTIVE_SCHEMA
F0344,s6_audio_consumptions#03,database/037_level3_independent_audit_closure.sql:L37,NO_INLINE_DECLARATION,,,NO_INLINE_FK,0,,NO_DIRECT_EDGE_ADJUDICATION,UNRESOLVED_FROM_LITERAL_SCAN,NONE,SQL_WRITE_HEURISTIC_NOT_LINEAGE_PROOF; DDL_FRAGMENT_NOT_FULL_EFFECTIVE_SCHEMA
F0345,s6_audio_consumptions#04,database/037_level3_independent_audit_closure.sql:L38,DEFAULT_DECLARATION,,,NO_INLINE_FK,0,,NO_DIRECT_EDGE_ADJUDICATION,UNRESOLVED_FROM_LITERAL_SCAN,DEFAULT_DECLARATION,SQL_WRITE_HEURISTIC_NOT_LINEAGE_PROOF; DDL_FRAGMENT_NOT_FULL_EFFECTIVE_SCHEMA
F0346,s6_audio_occurrences#01,database/037_level3_independent_audit_closure.sql:L23,DEFAULT_DECLARATION,,,NO_INLINE_FK,0,,NO_DIRECT_EDGE_ADJUDICATION,UNRESOLVED_FROM_LITERAL_SCAN,DEFAULT_DECLARATION,SQL_WRITE_HEURISTIC_NOT_LINEAGE_PROOF; DDL_FRAGMENT_NOT_FULL_EFFECTIVE_SCHEMA
F0347,s6_audio_occurrences#02,database/037_level3_independent_audit_closure.sql:L24,NO_INLINE_DECLARATION,game_runs#run_id,game_runs#01,FOREIGN_KEY_REFERENCE_NOT_COPY,0,,NO_DIRECT_EDGE_ADJUDICATION,UNRESOLVED_FROM_LITERAL_SCAN,NONE,SQL_WRITE_HEURISTIC_NOT_LINEAGE_PROOF; DDL_FRAGMENT_NOT_FULL_EFFECTIVE_SCHEMA
F0348,s6_audio_occurrences#03,database/037_level3_independent_audit_closure.sql:L25,NO_INLINE_DECLARATION,,,NO_INLINE_FK,0,,NO_DIRECT_EDGE_ADJUDICATION,UNRESOLVED_FROM_LITERAL_SCAN,NONE,SQL_WRITE_HEURISTIC_NOT_LINEAGE_PROOF; DDL_FRAGMENT_NOT_FULL_EFFECTIVE_SCHEMA
F0349,s6_audio_occurrences#04,database/037_level3_independent_audit_closure.sql:L26,NO_INLINE_DECLARATION,,,NO_INLINE_FK,0,,NO_DIRECT_EDGE_ADJUDICATION,UNRESOLVED_FROM_LITERAL_SCAN,NONE,SQL_WRITE_HEURISTIC_NOT_LINEAGE_PROOF; DDL_FRAGMENT_NOT_FULL_EFFECTIVE_SCHEMA
F0350,s6_audio_occurrences#05,database/037_level3_independent_audit_closure.sql:L27,NO_INLINE_DECLARATION,,,NO_INLINE_FK,0,,NO_DIRECT_EDGE_ADJUDICATION,UNRESOLVED_FROM_LITERAL_SCAN,NONE,SQL_WRITE_HEURISTIC_NOT_LINEAGE_PROOF; DDL_FRAGMENT_NOT_FULL_EFFECTIVE_SCHEMA
F0351,s6_audio_occurrences#06,database/037_level3_independent_audit_closure.sql:L28,DEFAULT_DECLARATION,,,NO_INLINE_FK,0,,NO_DIRECT_EDGE_ADJUDICATION,UNRESOLVED_FROM_LITERAL_SCAN,DEFAULT_DECLARATION,SQL_WRITE_HEURISTIC_NOT_LINEAGE_PROOF; DDL_FRAGMENT_NOT_FULL_EFFECTIVE_SCHEMA
F0352,s6_choices#01,database/033_sprint6_act9_13_runtime.sql:L15,NO_INLINE_DECLARATION,game_runs#run_id,game_runs#01,FOREIGN_KEY_REFERENCE_NOT_COPY,0,,NO_DIRECT_EDGE_ADJUDICATION,UNRESOLVED_FROM_LITERAL_SCAN,NONE,SQL_WRITE_HEURISTIC_NOT_LINEAGE_PROOF; DDL_FRAGMENT_NOT_FULL_EFFECTIVE_SCHEMA
F0353,s6_choices#02,database/033_sprint6_act9_13_runtime.sql:L15,NO_INLINE_DECLARATION,,,NO_INLINE_FK,0,,NO_DIRECT_EDGE_ADJUDICATION,UNRESOLVED_FROM_LITERAL_SCAN,NONE,SQL_WRITE_HEURISTIC_NOT_LINEAGE_PROOF; DDL_FRAGMENT_NOT_FULL_EFFECTIVE_SCHEMA
F0354,s6_choices#03,database/033_sprint6_act9_13_runtime.sql:L15,NO_INLINE_DECLARATION,,,NO_INLINE_FK,0,,NO_DIRECT_EDGE_ADJUDICATION,UNRESOLVED_FROM_LITERAL_SCAN,NONE,SQL_WRITE_HEURISTIC_NOT_LINEAGE_PROOF; DDL_FRAGMENT_NOT_FULL_EFFECTIVE_SCHEMA
F0355,s6_choices#04,database/033_sprint6_act9_13_runtime.sql:L15,NO_INLINE_DECLARATION,s1_room_players#player_id,s1_room_players#01,FOREIGN_KEY_REFERENCE_NOT_COPY,0,,NO_DIRECT_EDGE_ADJUDICATION,UNRESOLVED_FROM_LITERAL_SCAN,NONE,SQL_WRITE_HEURISTIC_NOT_LINEAGE_PROOF; DDL_FRAGMENT_NOT_FULL_EFFECTIVE_SCHEMA
F0356,s6_choices#05,database/033_sprint6_act9_13_runtime.sql:L15,NO_INLINE_DECLARATION,,,NO_INLINE_FK,0,,NO_DIRECT_EDGE_ADJUDICATION,UNRESOLVED_FROM_LITERAL_SCAN,NONE,SQL_WRITE_HEURISTIC_NOT_LINEAGE_PROOF; DDL_FRAGMENT_NOT_FULL_EFFECTIVE_SCHEMA
F0357,s6_choices#06,database/033_sprint6_act9_13_runtime.sql:L15,NO_INLINE_DECLARATION,,,NO_INLINE_FK,0,,NO_DIRECT_EDGE_ADJUDICATION,UNRESOLVED_FROM_LITERAL_SCAN,NONE,SQL_WRITE_HEURISTIC_NOT_LINEAGE_PROOF; DDL_FRAGMENT_NOT_FULL_EFFECTIVE_SCHEMA
F0358,s6_choices#07,database/033_sprint6_act9_13_runtime.sql:L15,NO_INLINE_DECLARATION,,,NO_INLINE_FK,0,,NO_DIRECT_EDGE_ADJUDICATION,UNRESOLVED_FROM_LITERAL_SCAN,NONE,SQL_WRITE_HEURISTIC_NOT_LINEAGE_PROOF; DDL_FRAGMENT_NOT_FULL_EFFECTIVE_SCHEMA
F0359,s6_choices#08,database/033_sprint6_act9_13_runtime.sql:L15,NO_INLINE_DECLARATION,,,NO_INLINE_FK,0,,NO_DIRECT_EDGE_ADJUDICATION,UNRESOLVED_FROM_LITERAL_SCAN,NONE,SQL_WRITE_HEURISTIC_NOT_LINEAGE_PROOF; DDL_FRAGMENT_NOT_FULL_EFFECTIVE_SCHEMA
F0360,s6_choices#09,database/033_sprint6_act9_13_runtime.sql:L15,DEFAULT_DECLARATION,,,NO_INLINE_FK,0,,NO_DIRECT_EDGE_ADJUDICATION,UNRESOLVED_FROM_LITERAL_SCAN,DEFAULT_DECLARATION,SQL_WRITE_HEURISTIC_NOT_LINEAGE_PROOF; DDL_FRAGMENT_NOT_FULL_EFFECTIVE_SCHEMA
F0361,s6_choices#10,database/049_sprint8_final_closure.sql:L5,NO_INLINE_DECLARATION,,,NO_INLINE_FK,1,database/049_sprint8_final_closure.sql:L8@TOP_LEVEL,NO_DIRECT_EDGE_ADJUDICATION,UNRESOLVED_FROM_LITERAL_SCAN,NONE,SQL_WRITE_HEURISTIC_NOT_LINEAGE_PROOF; DDL_FRAGMENT_NOT_FULL_EFFECTIVE_SCHEMA
F0362,s6_engagements#01,database/033_sprint6_act9_13_runtime.sql:L17,NO_INLINE_DECLARATION,game_runs#run_id,game_runs#01,FOREIGN_KEY_REFERENCE_NOT_COPY,0,,NO_DIRECT_EDGE_ADJUDICATION,UNRESOLVED_FROM_LITERAL_SCAN,NONE,SQL_WRITE_HEURISTIC_NOT_LINEAGE_PROOF; DDL_FRAGMENT_NOT_FULL_EFFECTIVE_SCHEMA
F0363,s6_engagements#02,database/033_sprint6_act9_13_runtime.sql:L17,NO_INLINE_DECLARATION,,,NO_INLINE_FK,0,,NO_DIRECT_EDGE_ADJUDICATION,UNRESOLVED_FROM_LITERAL_SCAN,NONE,SQL_WRITE_HEURISTIC_NOT_LINEAGE_PROOF; DDL_FRAGMENT_NOT_FULL_EFFECTIVE_SCHEMA
F0364,s6_engagements#03,database/033_sprint6_act9_13_runtime.sql:L17,NO_INLINE_DECLARATION,s1_room_players#player_id,s1_room_players#01,FOREIGN_KEY_REFERENCE_NOT_COPY,0,,NO_DIRECT_EDGE_ADJUDICATION,UNRESOLVED_FROM_LITERAL_SCAN,NONE,SQL_WRITE_HEURISTIC_NOT_LINEAGE_PROOF; DDL_FRAGMENT_NOT_FULL_EFFECTIVE_SCHEMA
F0365,s6_engagements#04,database/033_sprint6_act9_13_runtime.sql:L17,DEFAULT_DECLARATION,,,NO_INLINE_FK,0,,NO_DIRECT_EDGE_ADJUDICATION,UNRESOLVED_FROM_LITERAL_SCAN,DEFAULT_DECLARATION,SQL_WRITE_HEURISTIC_NOT_LINEAGE_PROOF; DDL_FRAGMENT_NOT_FULL_EFFECTIVE_SCHEMA
F0366,s6_private_clues#01,database/033_sprint6_act9_13_runtime.sql:L14,NO_INLINE_DECLARATION,game_runs#run_id,game_runs#01,FOREIGN_KEY_REFERENCE_NOT_COPY,0,,NO_DIRECT_EDGE_ADJUDICATION,UNRESOLVED_FROM_LITERAL_SCAN,NONE,SQL_WRITE_HEURISTIC_NOT_LINEAGE_PROOF; DDL_FRAGMENT_NOT_FULL_EFFECTIVE_SCHEMA
F0367,s6_private_clues#02,database/033_sprint6_act9_13_runtime.sql:L14,NO_INLINE_DECLARATION,s1_room_players#player_id,s1_room_players#01,FOREIGN_KEY_REFERENCE_NOT_COPY,0,,NO_DIRECT_EDGE_ADJUDICATION,UNRESOLVED_FROM_LITERAL_SCAN,NONE,SQL_WRITE_HEURISTIC_NOT_LINEAGE_PROOF; DDL_FRAGMENT_NOT_FULL_EFFECTIVE_SCHEMA
F0368,s6_private_clues#03,database/033_sprint6_act9_13_runtime.sql:L14,NO_INLINE_DECLARATION,,,NO_INLINE_FK,0,,NO_DIRECT_EDGE_ADJUDICATION,UNRESOLVED_FROM_LITERAL_SCAN,NONE,SQL_WRITE_HEURISTIC_NOT_LINEAGE_PROOF; DDL_FRAGMENT_NOT_FULL_EFFECTIVE_SCHEMA
F0369,s6_private_clues#04,database/033_sprint6_act9_13_runtime.sql:L14,NO_INLINE_DECLARATION,,,NO_INLINE_FK,0,,NO_DIRECT_EDGE_ADJUDICATION,UNRESOLVED_FROM_LITERAL_SCAN,NONE,SQL_WRITE_HEURISTIC_NOT_LINEAGE_PROOF; DDL_FRAGMENT_NOT_FULL_EFFECTIVE_SCHEMA
F0370,s6_private_clues#05,database/033_sprint6_act9_13_runtime.sql:L14,NO_INLINE_DECLARATION,,,NO_INLINE_FK,0,,NO_DIRECT_EDGE_ADJUDICATION,UNRESOLVED_FROM_LITERAL_SCAN,NONE,SQL_WRITE_HEURISTIC_NOT_LINEAGE_PROOF; DDL_FRAGMENT_NOT_FULL_EFFECTIVE_SCHEMA
F0371,s6_private_clues#06,database/033_sprint6_act9_13_runtime.sql:L14,DEFAULT_DECLARATION,,,NO_INLINE_FK,0,,NO_DIRECT_EDGE_ADJUDICATION,UNRESOLVED_FROM_LITERAL_SCAN,DEFAULT_DECLARATION,SQL_WRITE_HEURISTIC_NOT_LINEAGE_PROOF; DDL_FRAGMENT_NOT_FULL_EFFECTIVE_SCHEMA
F0372,s6_run_state#01,database/033_sprint6_act9_13_runtime.sql:L4,NO_INLINE_DECLARATION,game_runs#run_id,game_runs#01,FOREIGN_KEY_REFERENCE_NOT_COPY,0,,NO_DIRECT_EDGE_ADJUDICATION,UNRESOLVED_FROM_LITERAL_SCAN,NONE,SQL_WRITE_HEURISTIC_NOT_LINEAGE_PROOF; DDL_FRAGMENT_NOT_FULL_EFFECTIVE_SCHEMA
F0373,s6_run_state#02,database/033_sprint6_act9_13_runtime.sql:L4,DEFAULT_DECLARATION,,,NO_INLINE_FK,0,,NO_DIRECT_EDGE_ADJUDICATION,UNRESOLVED_FROM_LITERAL_SCAN,DEFAULT_DECLARATION,SQL_WRITE_HEURISTIC_NOT_LINEAGE_PROOF; DDL_FRAGMENT_NOT_FULL_EFFECTIVE_SCHEMA
F0374,s6_run_state#03,database/033_sprint6_act9_13_runtime.sql:L5,DEFAULT_DECLARATION,,,NO_INLINE_FK,0,,NO_DIRECT_EDGE_ADJUDICATION,UNRESOLVED_FROM_LITERAL_SCAN,DEFAULT_DECLARATION,SQL_WRITE_HEURISTIC_NOT_LINEAGE_PROOF; DDL_FRAGMENT_NOT_FULL_EFFECTIVE_SCHEMA
F0375,s6_run_state#04,database/033_sprint6_act9_13_runtime.sql:L5,DEFAULT_DECLARATION,,,NO_INLINE_FK,0,,NO_DIRECT_EDGE_ADJUDICATION,UNRESOLVED_FROM_LITERAL_SCAN,DEFAULT_DECLARATION,SQL_WRITE_HEURISTIC_NOT_LINEAGE_PROOF; DDL_FRAGMENT_NOT_FULL_EFFECTIVE_SCHEMA
F0376,s6_run_state#05,database/033_sprint6_act9_13_runtime.sql:L5,DEFAULT_DECLARATION,,,NO_INLINE_FK,0,,NO_DIRECT_EDGE_ADJUDICATION,UNRESOLVED_FROM_LITERAL_SCAN,DEFAULT_DECLARATION,SQL_WRITE_HEURISTIC_NOT_LINEAGE_PROOF; DDL_FRAGMENT_NOT_FULL_EFFECTIVE_SCHEMA
F0377,s6_run_state#06,database/033_sprint6_act9_13_runtime.sql:L6,DEFAULT_DECLARATION,,,NO_INLINE_FK,0,,NO_DIRECT_EDGE_ADJUDICATION,UNRESOLVED_FROM_LITERAL_SCAN,DEFAULT_DECLARATION,SQL_WRITE_HEURISTIC_NOT_LINEAGE_PROOF; DDL_FRAGMENT_NOT_FULL_EFFECTIVE_SCHEMA
F0378,s6_run_state#07,database/033_sprint6_act9_13_runtime.sql:L6,DEFAULT_DECLARATION,,,NO_INLINE_FK,3,database/035_sprint6_focused_audit_corrections.sql:L53@s6_submit_group_choice_guarded | database/033_sprint6_act9_13_runtime.sql:L47@s6_submit_group_choice | database/034_sprint6_contract_hardening.sql:L17@s6_submit_group_choice,NO_DIRECT_EDGE_ADJUDICATION,UNRESOLVED_FROM_LITERAL_SCAN,DEFAULT_DECLARATION,SQL_WRITE_HEURISTIC_NOT_LINEAGE_PROOF; DDL_FRAGMENT_NOT_FULL_EFFECTIVE_SCHEMA
F0379,s6_run_state#08,database/033_sprint6_act9_13_runtime.sql:L7,NO_INLINE_DECLARATION,,,NO_INLINE_FK,0,,NO_DIRECT_EDGE_ADJUDICATION,UNRESOLVED_FROM_LITERAL_SCAN,NONE,SQL_WRITE_HEURISTIC_NOT_LINEAGE_PROOF; DDL_FRAGMENT_NOT_FULL_EFFECTIVE_SCHEMA
F0380,s6_run_state#09,database/033_sprint6_act9_13_runtime.sql:L7,DEFAULT_DECLARATION,,,NO_INLINE_FK,0,,NO_DIRECT_EDGE_ADJUDICATION,UNRESOLVED_FROM_LITERAL_SCAN,DEFAULT_DECLARATION,SQL_WRITE_HEURISTIC_NOT_LINEAGE_PROOF; DDL_FRAGMENT_NOT_FULL_EFFECTIVE_SCHEMA
F0381,s6_run_state#10,database/033_sprint6_act9_13_runtime.sql:L7,DEFAULT_DECLARATION,,,NO_INLINE_FK,0,,NO_DIRECT_EDGE_ADJUDICATION,UNRESOLVED_FROM_LITERAL_SCAN,DEFAULT_DECLARATION,SQL_WRITE_HEURISTIC_NOT_LINEAGE_PROOF; DDL_FRAGMENT_NOT_FULL_EFFECTIVE_SCHEMA
F0382,s6_run_state#11,database/033_sprint6_act9_13_runtime.sql:L8,DEFAULT_DECLARATION,,,NO_INLINE_FK,0,,NO_DIRECT_EDGE_ADJUDICATION,UNRESOLVED_FROM_LITERAL_SCAN,DEFAULT_DECLARATION,SQL_WRITE_HEURISTIC_NOT_LINEAGE_PROOF; DDL_FRAGMENT_NOT_FULL_EFFECTIVE_SCHEMA
F0383,s6_run_state#12,database/033_sprint6_act9_13_runtime.sql:L8,DEFAULT_DECLARATION,,,NO_INLINE_FK,0,,NO_DIRECT_EDGE_ADJUDICATION,UNRESOLVED_FROM_LITERAL_SCAN,DEFAULT_DECLARATION,SQL_WRITE_HEURISTIC_NOT_LINEAGE_PROOF; DDL_FRAGMENT_NOT_FULL_EFFECTIVE_SCHEMA
F0384,s6_run_state#13,database/033_sprint6_act9_13_runtime.sql:L9,NO_INLINE_DECLARATION,,,NO_INLINE_FK,0,,NO_DIRECT_EDGE_ADJUDICATION,UNRESOLVED_FROM_LITERAL_SCAN,NONE,SQL_WRITE_HEURISTIC_NOT_LINEAGE_PROOF; DDL_FRAGMENT_NOT_FULL_EFFECTIVE_SCHEMA
F0385,s6_run_state#14,database/033_sprint6_act9_13_runtime.sql:L10,DEFAULT_DECLARATION,,,NO_INLINE_FK,0,,NO_DIRECT_EDGE_ADJUDICATION,UNRESOLVED_FROM_LITERAL_SCAN,DEFAULT_DECLARATION,SQL_WRITE_HEURISTIC_NOT_LINEAGE_PROOF; DDL_FRAGMENT_NOT_FULL_EFFECTIVE_SCHEMA
F0386,s6_run_state#15,database/033_sprint6_act9_13_runtime.sql:L10,NO_INLINE_DECLARATION,,,NO_INLINE_FK,0,,NO_DIRECT_EDGE_ADJUDICATION,UNRESOLVED_FROM_LITERAL_SCAN,NONE,SQL_WRITE_HEURISTIC_NOT_LINEAGE_PROOF; DDL_FRAGMENT_NOT_FULL_EFFECTIVE_SCHEMA
F0387,s6_run_state#16,database/033_sprint6_act9_13_runtime.sql:L11,DEFAULT_DECLARATION,,,NO_INLINE_FK,0,,NO_DIRECT_EDGE_ADJUDICATION,UNRESOLVED_FROM_LITERAL_SCAN,DEFAULT_DECLARATION,SQL_WRITE_HEURISTIC_NOT_LINEAGE_PROOF; DDL_FRAGMENT_NOT_FULL_EFFECTIVE_SCHEMA
F0388,s6_run_state#17,database/033_sprint6_act9_13_runtime.sql:L11,DEFAULT_DECLARATION,,,NO_INLINE_FK,0,,NO_DIRECT_EDGE_ADJUDICATION,UNRESOLVED_FROM_LITERAL_SCAN,DEFAULT_DECLARATION,SQL_WRITE_HEURISTIC_NOT_LINEAGE_PROOF; DDL_FRAGMENT_NOT_FULL_EFFECTIVE_SCHEMA
F0389,s6_run_state#18,database/033_sprint6_act9_13_runtime.sql:L12,DEFAULT_DECLARATION,,,NO_INLINE_FK,0,,NO_DIRECT_EDGE_ADJUDICATION,UNRESOLVED_FROM_LITERAL_SCAN,DEFAULT_DECLARATION,SQL_WRITE_HEURISTIC_NOT_LINEAGE_PROOF; DDL_FRAGMENT_NOT_FULL_EFFECTIVE_SCHEMA
F0390,s6_run_state#19,database/035_sprint6_focused_audit_corrections.sql:L4,DEFAULT_DECLARATION,,,NO_INLINE_FK,0,,NO_DIRECT_EDGE_ADJUDICATION,UNRESOLVED_FROM_LITERAL_SCAN,DEFAULT_DECLARATION,SQL_WRITE_HEURISTIC_NOT_LINEAGE_PROOF; DDL_FRAGMENT_NOT_FULL_EFFECTIVE_SCHEMA
F0391,s6_run_state#20,database/035_sprint6_focused_audit_corrections.sql:L5,NO_INLINE_DECLARATION,,,NO_INLINE_FK,4,database/035_sprint6_focused_audit_corrections.sql:L49@s6_submit_group_choice_guarded | database/035_sprint6_focused_audit_corrections.sql:L52@s6_submit_group_choice_guarded | database/035_sprint6_focused_audit_corrections.sql:L57@s6_submit_private_choice_guarded | database/035_sprint6_focused_audit_corrections.sql:L69@s6_tick_cinematic,NO_DIRECT_EDGE_ADJUDICATION,UNRESOLVED_FROM_LITERAL_SCAN,NONE,SQL_WRITE_HEURISTIC_NOT_LINEAGE_PROOF; DDL_FRAGMENT_NOT_FULL_EFFECTIVE_SCHEMA
F0392,s6_run_state#21,database/035_sprint6_focused_audit_corrections.sql:L6,DEFAULT_DECLARATION,,,NO_INLINE_FK,0,,NO_DIRECT_EDGE_ADJUDICATION,UNRESOLVED_FROM_LITERAL_SCAN,DEFAULT_DECLARATION,SQL_WRITE_HEURISTIC_NOT_LINEAGE_PROOF; DDL_FRAGMENT_NOT_FULL_EFFECTIVE_SCHEMA
F0393,s6_run_state#22,database/035_sprint6_focused_audit_corrections.sql:L7,NO_INLINE_DECLARATION,,,NO_INLINE_FK,0,,NO_DIRECT_EDGE_ADJUDICATION,UNRESOLVED_FROM_LITERAL_SCAN,NONE,SQL_WRITE_HEURISTIC_NOT_LINEAGE_PROOF; DDL_FRAGMENT_NOT_FULL_EFFECTIVE_SCHEMA
F0394,s6_run_state#23,database/037_level3_independent_audit_closure.sql:L44,NO_INLINE_DECLARATION,s6_audio_occurrences#occurrence_id,s6_audio_occurrences#01,FOREIGN_KEY_REFERENCE_NOT_COPY,0,,NO_DIRECT_EDGE_ADJUDICATION,UNRESOLVED_FROM_LITERAL_SCAN,NONE,SQL_WRITE_HEURISTIC_NOT_LINEAGE_PROOF; DDL_FRAGMENT_NOT_FULL_EFFECTIVE_SCHEMA
F0395,s6_station_b_progress#01,database/036_sprint6_four_open_findings.sql:L4,NO_INLINE_DECLARATION,game_runs#run_id,game_runs#01,FOREIGN_KEY_REFERENCE_NOT_COPY,0,,NO_DIRECT_EDGE_ADJUDICATION,UNRESOLVED_FROM_LITERAL_SCAN,NONE,SQL_WRITE_HEURISTIC_NOT_LINEAGE_PROOF; DDL_FRAGMENT_NOT_FULL_EFFECTIVE_SCHEMA
F0396,s6_station_b_progress#02,database/036_sprint6_four_open_findings.sql:L5,NO_INLINE_DECLARATION,s1_room_players#player_id,s1_room_players#01,FOREIGN_KEY_REFERENCE_NOT_COPY,0,,NO_DIRECT_EDGE_ADJUDICATION,UNRESOLVED_FROM_LITERAL_SCAN,NONE,SQL_WRITE_HEURISTIC_NOT_LINEAGE_PROOF; DDL_FRAGMENT_NOT_FULL_EFFECTIVE_SCHEMA
F0397,s6_station_b_progress#03,database/036_sprint6_four_open_findings.sql:L6,NO_INLINE_DECLARATION,,,NO_INLINE_FK,0,,NO_DIRECT_EDGE_ADJUDICATION,UNRESOLVED_FROM_LITERAL_SCAN,NONE,SQL_WRITE_HEURISTIC_NOT_LINEAGE_PROOF; DDL_FRAGMENT_NOT_FULL_EFFECTIVE_SCHEMA
F0398,s6_station_b_progress#04,database/036_sprint6_four_open_findings.sql:L7,DEFAULT_DECLARATION,,,NO_INLINE_FK,0,,NO_DIRECT_EDGE_ADJUDICATION,UNRESOLVED_FROM_LITERAL_SCAN,DEFAULT_DECLARATION,SQL_WRITE_HEURISTIC_NOT_LINEAGE_PROOF; DDL_FRAGMENT_NOT_FULL_EFFECTIVE_SCHEMA
F0399,s6_station_b_progress#05,database/036_sprint6_four_open_findings.sql:L8,NO_INLINE_DECLARATION,,,NO_INLINE_FK,0,,NO_DIRECT_EDGE_ADJUDICATION,UNRESOLVED_FROM_LITERAL_SCAN,NONE,SQL_WRITE_HEURISTIC_NOT_LINEAGE_PROOF; DDL_FRAGMENT_NOT_FULL_EFFECTIVE_SCHEMA
F0400,s6_station_tasks#01,database/035_sprint6_focused_audit_corrections.sql:L20,NO_INLINE_DECLARATION,game_runs#run_id,game_runs#01,FOREIGN_KEY_REFERENCE_NOT_COPY,0,,NO_DIRECT_EDGE_ADJUDICATION,UNRESOLVED_FROM_LITERAL_SCAN,NONE,SQL_WRITE_HEURISTIC_NOT_LINEAGE_PROOF; DDL_FRAGMENT_NOT_FULL_EFFECTIVE_SCHEMA
F0401,s6_station_tasks#02,database/035_sprint6_focused_audit_corrections.sql:L20,NO_INLINE_DECLARATION,,,NO_INLINE_FK,0,,NO_DIRECT_EDGE_ADJUDICATION,UNRESOLVED_FROM_LITERAL_SCAN,NONE,SQL_WRITE_HEURISTIC_NOT_LINEAGE_PROOF; DDL_FRAGMENT_NOT_FULL_EFFECTIVE_SCHEMA
F0402,s6_station_tasks#03,database/035_sprint6_focused_audit_corrections.sql:L20,NO_INLINE_DECLARATION,s1_room_players#player_id,s1_room_players#01,FOREIGN_KEY_REFERENCE_NOT_COPY,0,,NO_DIRECT_EDGE_ADJUDICATION,UNRESOLVED_FROM_LITERAL_SCAN,NONE,SQL_WRITE_HEURISTIC_NOT_LINEAGE_PROOF; DDL_FRAGMENT_NOT_FULL_EFFECTIVE_SCHEMA
F0403,s6_station_tasks#04,database/035_sprint6_focused_audit_corrections.sql:L21,NO_INLINE_DECLARATION,,,NO_INLINE_FK,0,,NO_DIRECT_EDGE_ADJUDICATION,UNRESOLVED_FROM_LITERAL_SCAN,NONE,SQL_WRITE_HEURISTIC_NOT_LINEAGE_PROOF; DDL_FRAGMENT_NOT_FULL_EFFECTIVE_SCHEMA
F0404,s6_station_tasks#05,database/035_sprint6_focused_audit_corrections.sql:L21,DEFAULT_DECLARATION,,,NO_INLINE_FK,0,,NO_DIRECT_EDGE_ADJUDICATION,UNRESOLVED_FROM_LITERAL_SCAN,DEFAULT_DECLARATION,SQL_WRITE_HEURISTIC_NOT_LINEAGE_PROOF; DDL_FRAGMENT_NOT_FULL_EFFECTIVE_SCHEMA
F0405,s8_finalizations#01,database/046_sprint8_act14_finalization_export.sql:L11,NO_INLINE_DECLARATION,game_runs#run_id,game_runs#01,FOREIGN_KEY_REFERENCE_NOT_COPY,0,,NO_DIRECT_EDGE_ADJUDICATION,UNRESOLVED_FROM_LITERAL_SCAN,NONE,SQL_WRITE_HEURISTIC_NOT_LINEAGE_PROOF; DDL_FRAGMENT_NOT_FULL_EFFECTIVE_SCHEMA
F0406,s8_finalizations#02,database/046_sprint8_act14_finalization_export.sql:L12,DEFAULT_DECLARATION,,,NO_INLINE_FK,0,,NO_DIRECT_EDGE_ADJUDICATION,UNRESOLVED_FROM_LITERAL_SCAN,DEFAULT_DECLARATION,SQL_WRITE_HEURISTIC_NOT_LINEAGE_PROOF; DDL_FRAGMENT_NOT_FULL_EFFECTIVE_SCHEMA
F0407,s8_finalizations#03,database/046_sprint8_act14_finalization_export.sql:L13,NO_INLINE_DECLARATION,s1_room_players#player_id,s1_room_players#01,FOREIGN_KEY_REFERENCE_NOT_COPY,0,,NO_DIRECT_EDGE_ADJUDICATION,UNRESOLVED_FROM_LITERAL_SCAN,NONE,SQL_WRITE_HEURISTIC_NOT_LINEAGE_PROOF; DDL_FRAGMENT_NOT_FULL_EFFECTIVE_SCHEMA
F0408,s8_finalizations#04,database/046_sprint8_act14_finalization_export.sql:L14,NO_INLINE_DECLARATION,,,NO_INLINE_FK,0,,NO_DIRECT_EDGE_ADJUDICATION,UNRESOLVED_FROM_LITERAL_SCAN,NONE,SQL_WRITE_HEURISTIC_NOT_LINEAGE_PROOF; DDL_FRAGMENT_NOT_FULL_EFFECTIVE_SCHEMA
F0409,s8_finalizations#05,database/046_sprint8_act14_finalization_export.sql:L15,NO_INLINE_DECLARATION,,,NO_INLINE_FK,0,,NO_DIRECT_EDGE_ADJUDICATION,UNRESOLVED_FROM_LITERAL_SCAN,NONE,SQL_WRITE_HEURISTIC_NOT_LINEAGE_PROOF; DDL_FRAGMENT_NOT_FULL_EFFECTIVE_SCHEMA
F0410,s8_finalizations#06,database/046_sprint8_act14_finalization_export.sql:L16,DEFAULT_DECLARATION,,,NO_INLINE_FK,0,,NO_DIRECT_EDGE_ADJUDICATION,UNRESOLVED_FROM_LITERAL_SCAN,DEFAULT_DECLARATION,SQL_WRITE_HEURISTIC_NOT_LINEAGE_PROOF; DDL_FRAGMENT_NOT_FULL_EFFECTIVE_SCHEMA
F0411,s9_pocket_item_inspections#01,database/068_package_c_authoritative_pocket_inspection.sql:L5,NO_INLINE_DECLARATION,game_runs#run_id,game_runs#01,FOREIGN_KEY_REFERENCE_NOT_COPY,0,,NO_DIRECT_EDGE_ADJUDICATION,UNRESOLVED_FROM_LITERAL_SCAN,NONE,SQL_WRITE_HEURISTIC_NOT_LINEAGE_PROOF; DDL_FRAGMENT_NOT_FULL_EFFECTIVE_SCHEMA
F0412,s9_pocket_item_inspections#02,database/068_package_c_authoritative_pocket_inspection.sql:L6,NO_INLINE_DECLARATION,s1_room_players#player_id,s1_room_players#01,FOREIGN_KEY_REFERENCE_NOT_COPY,0,,NO_DIRECT_EDGE_ADJUDICATION,UNRESOLVED_FROM_LITERAL_SCAN,NONE,SQL_WRITE_HEURISTIC_NOT_LINEAGE_PROOF; DDL_FRAGMENT_NOT_FULL_EFFECTIVE_SCHEMA
F0413,s9_pocket_item_inspections#03,database/068_package_c_authoritative_pocket_inspection.sql:L7,NO_INLINE_DECLARATION,s3_item_catalog#item_key,s3_item_catalog#01,FOREIGN_KEY_REFERENCE_NOT_COPY,0,,NO_DIRECT_EDGE_ADJUDICATION,UNRESOLVED_FROM_LITERAL_SCAN,NONE,SQL_WRITE_HEURISTIC_NOT_LINEAGE_PROOF; DDL_FRAGMENT_NOT_FULL_EFFECTIVE_SCHEMA
F0414,s9_pocket_item_inspections#04,database/068_package_c_authoritative_pocket_inspection.sql:L8,DEFAULT_DECLARATION,,,NO_INLINE_FK,0,,NO_DIRECT_EDGE_ADJUDICATION,UNRESOLVED_FROM_LITERAL_SCAN,DEFAULT_DECLARATION,SQL_WRITE_HEURISTIC_NOT_LINEAGE_PROOF; DDL_FRAGMENT_NOT_FULL_EFFECTIVE_SCHEMA
F0415,teacher_override_validity#01,database/015_sprint3c_minimal_safe_teacher_override.sql:L21,NO_INLINE_DECLARATION,teacher_overrides#override_id,teacher_overrides#01,FOREIGN_KEY_REFERENCE_NOT_COPY,0,,NO_DIRECT_EDGE_ADJUDICATION,UNRESOLVED_FROM_LITERAL_SCAN,NONE,SQL_WRITE_HEURISTIC_NOT_LINEAGE_PROOF; DDL_FRAGMENT_NOT_FULL_EFFECTIVE_SCHEMA
F0416,teacher_override_validity#02,database/015_sprint3c_minimal_safe_teacher_override.sql:L22,NO_INLINE_DECLARATION,game_runs#run_id,game_runs#01,FOREIGN_KEY_REFERENCE_NOT_COPY,0,,NO_DIRECT_EDGE_ADJUDICATION,UNRESOLVED_FROM_LITERAL_SCAN,NONE,SQL_WRITE_HEURISTIC_NOT_LINEAGE_PROOF; DDL_FRAGMENT_NOT_FULL_EFFECTIVE_SCHEMA
F0417,teacher_override_validity#03,database/015_sprint3c_minimal_safe_teacher_override.sql:L23,NO_INLINE_DECLARATION,s1_room_players#player_id,s1_room_players#01,FOREIGN_KEY_REFERENCE_NOT_COPY,0,,NO_DIRECT_EDGE_ADJUDICATION,UNRESOLVED_FROM_LITERAL_SCAN,NONE,SQL_WRITE_HEURISTIC_NOT_LINEAGE_PROOF; DDL_FRAGMENT_NOT_FULL_EFFECTIVE_SCHEMA
F0418,teacher_override_validity#04,database/015_sprint3c_minimal_safe_teacher_override.sql:L24,NO_INLINE_DECLARATION,,,NO_INLINE_FK,0,,NO_DIRECT_EDGE_ADJUDICATION,UNRESOLVED_FROM_LITERAL_SCAN,NONE,SQL_WRITE_HEURISTIC_NOT_LINEAGE_PROOF; DDL_FRAGMENT_NOT_FULL_EFFECTIVE_SCHEMA
F0419,teacher_override_validity#05,database/015_sprint3c_minimal_safe_teacher_override.sql:L25,NO_INLINE_DECLARATION,,,NO_INLINE_FK,0,,NO_DIRECT_EDGE_ADJUDICATION,UNRESOLVED_FROM_LITERAL_SCAN,NONE,SQL_WRITE_HEURISTIC_NOT_LINEAGE_PROOF; DDL_FRAGMENT_NOT_FULL_EFFECTIVE_SCHEMA
F0420,teacher_override_validity#06,database/015_sprint3c_minimal_safe_teacher_override.sql:L26,DEFAULT_DECLARATION,,,NO_INLINE_FK,0,,NO_DIRECT_EDGE_ADJUDICATION,UNRESOLVED_FROM_LITERAL_SCAN,DEFAULT_DECLARATION,SQL_WRITE_HEURISTIC_NOT_LINEAGE_PROOF; DDL_FRAGMENT_NOT_FULL_EFFECTIVE_SCHEMA
F0421,teacher_overrides#01,database/015_sprint3c_minimal_safe_teacher_override.sql:L5,DEFAULT_DECLARATION,,,NO_INLINE_FK,0,,NO_DIRECT_EDGE_ADJUDICATION,UNRESOLVED_FROM_LITERAL_SCAN,DEFAULT_DECLARATION,SQL_WRITE_HEURISTIC_NOT_LINEAGE_PROOF; DDL_FRAGMENT_NOT_FULL_EFFECTIVE_SCHEMA
F0422,teacher_overrides#02,database/015_sprint3c_minimal_safe_teacher_override.sql:L6,NO_INLINE_DECLARATION,game_runs#run_id,game_runs#01,FOREIGN_KEY_REFERENCE_NOT_COPY,0,,NO_DIRECT_EDGE_ADJUDICATION,UNRESOLVED_FROM_LITERAL_SCAN,NONE,SQL_WRITE_HEURISTIC_NOT_LINEAGE_PROOF; DDL_FRAGMENT_NOT_FULL_EFFECTIVE_SCHEMA
F0423,teacher_overrides#03,database/015_sprint3c_minimal_safe_teacher_override.sql:L7,NO_INLINE_DECLARATION,,,NO_INLINE_FK,0,,NO_DIRECT_EDGE_ADJUDICATION,UNRESOLVED_FROM_LITERAL_SCAN,NONE,SQL_WRITE_HEURISTIC_NOT_LINEAGE_PROOF; DDL_FRAGMENT_NOT_FULL_EFFECTIVE_SCHEMA
F0424,teacher_overrides#04,database/015_sprint3c_minimal_safe_teacher_override.sql:L8,NO_INLINE_DECLARATION,,,NO_INLINE_FK,0,,NO_DIRECT_EDGE_ADJUDICATION,UNRESOLVED_FROM_LITERAL_SCAN,NONE,SQL_WRITE_HEURISTIC_NOT_LINEAGE_PROOF; DDL_FRAGMENT_NOT_FULL_EFFECTIVE_SCHEMA
F0425,teacher_overrides#05,database/015_sprint3c_minimal_safe_teacher_override.sql:L9,NO_INLINE_DECLARATION,,,NO_INLINE_FK,0,,NO_DIRECT_EDGE_ADJUDICATION,UNRESOLVED_FROM_LITERAL_SCAN,NONE,SQL_WRITE_HEURISTIC_NOT_LINEAGE_PROOF; DDL_FRAGMENT_NOT_FULL_EFFECTIVE_SCHEMA
F0426,teacher_overrides#06,database/015_sprint3c_minimal_safe_teacher_override.sql:L10,NO_INLINE_DECLARATION,,,NO_INLINE_FK,0,,NO_DIRECT_EDGE_ADJUDICATION,UNRESOLVED_FROM_LITERAL_SCAN,NONE,SQL_WRITE_HEURISTIC_NOT_LINEAGE_PROOF; DDL_FRAGMENT_NOT_FULL_EFFECTIVE_SCHEMA
F0427,teacher_overrides#07,database/015_sprint3c_minimal_safe_teacher_override.sql:L11,NO_INLINE_DECLARATION,,,NO_INLINE_FK,0,,NO_DIRECT_EDGE_ADJUDICATION,UNRESOLVED_FROM_LITERAL_SCAN,NONE,SQL_WRITE_HEURISTIC_NOT_LINEAGE_PROOF; DDL_FRAGMENT_NOT_FULL_EFFECTIVE_SCHEMA
F0428,teacher_overrides#08,database/015_sprint3c_minimal_safe_teacher_override.sql:L12,DEFAULT_DECLARATION,,,NO_INLINE_FK,0,,NO_DIRECT_EDGE_ADJUDICATION,UNRESOLVED_FROM_LITERAL_SCAN,DEFAULT_DECLARATION,SQL_WRITE_HEURISTIC_NOT_LINEAGE_PROOF; DDL_FRAGMENT_NOT_FULL_EFFECTIVE_SCHEMA
F0429,teacher_overrides#09,database/015_sprint3c_minimal_safe_teacher_override.sql:L13,NO_INLINE_DECLARATION,,,NO_INLINE_FK,0,,NO_DIRECT_EDGE_ADJUDICATION,UNRESOLVED_FROM_LITERAL_SCAN,NONE,SQL_WRITE_HEURISTIC_NOT_LINEAGE_PROOF; DDL_FRAGMENT_NOT_FULL_EFFECTIVE_SCHEMA
F0430,teacher_overrides#10,database/015_sprint3c_minimal_safe_teacher_override.sql:L14,DEFAULT_DECLARATION,,,NO_INLINE_FK,0,,NO_DIRECT_EDGE_ADJUDICATION,UNRESOLVED_FROM_LITERAL_SCAN,DEFAULT_DECLARATION,SQL_WRITE_HEURISTIC_NOT_LINEAGE_PROOF; DDL_FRAGMENT_NOT_FULL_EFFECTIVE_SCHEMA
F0431,teacher_overrides#11,database/015_sprint3c_minimal_safe_teacher_override.sql:L15,DEFAULT_DECLARATION,,,NO_INLINE_FK,0,,NO_DIRECT_EDGE_ADJUDICATION,UNRESOLVED_FROM_LITERAL_SCAN,DEFAULT_DECLARATION,SQL_WRITE_HEURISTIC_NOT_LINEAGE_PROOF; DDL_FRAGMENT_NOT_FULL_EFFECTIVE_SCHEMA
F0432,teacher_overrides#12,database/015_sprint3c_minimal_safe_teacher_override.sql:L16,DEFAULT_DECLARATION,,,NO_INLINE_FK,0,,NO_DIRECT_EDGE_ADJUDICATION,UNRESOLVED_FROM_LITERAL_SCAN,DEFAULT_DECLARATION,SQL_WRITE_HEURISTIC_NOT_LINEAGE_PROOF; DDL_FRAGMENT_NOT_FULL_EFFECTIVE_SCHEMA
