global_field_id,field_id,raw_historical_sql_write_occurrences,sql_write_contexts_distinct,sql_write_scripts_distinct,write_shape_literal_markers,first_two_raw_write_evidence,last_two_raw_write_evidence,effective_current_writer_verified,source_catalog_file
F0001,act6_13_event_ledger#01,0,0,0,NONE,,,NO_HISTORICAL_FUNCTION_DEDUP,docs/plans/ROUND1_FIELD_READ_WRITE_OVERVIEW_V1.0_part1.csv
F0002,act6_13_event_ledger#02,5,4,1,DIRECT_OR_COMPUTED,database/037_level3_independent_audit_closure.sql:L151@s6_refresh_owned_discussion[INSERT explicit column]{DIRECT_OR_COMPUTED} | database/037_level3_independent_audit_closure.sql:L174@s6_mark_audio_consumed[INSERT explicit column]{DIRECT_OR_COMPUTED},database/037_level3_independent_audit_closure.sql:L75@act6_13_capture_s6_transition[INSERT explicit column]{DIRECT_OR_COMPUTED} | database/037_level3_independent_audit_closure.sql:L79@act6_13_capture_s6_transition[INSERT explicit column]{DIRECT_OR_COMPUTED},NO_HISTORICAL_FUNCTION_DEDUP,docs/plans/ROUND1_FIELD_READ_WRITE_OVERVIEW_V1.0_part1.csv
F0003,act6_13_event_ledger#03,5,4,1,DIRECT_OR_COMPUTED,database/037_level3_independent_audit_closure.sql:L151@s6_refresh_owned_discussion[INSERT explicit column]{DIRECT_OR_COMPUTED} | database/037_level3_independent_audit_closure.sql:L174@s6_mark_audio_consumed[INSERT explicit column]{DIRECT_OR_COMPUTED},database/037_level3_independent_audit_closure.sql:L75@act6_13_capture_s6_transition[INSERT explicit column]{DIRECT_OR_COMPUTED} | database/037_level3_independent_audit_closure.sql:L79@act6_13_capture_s6_transition[INSERT explicit column]{DIRECT_OR_COMPUTED},NO_HISTORICAL_FUNCTION_DEDUP,docs/plans/ROUND1_FIELD_READ_WRITE_OVERVIEW_V1.0_part1.csv
F0004,act6_13_event_ledger#04,4,3,1,DIRECT_OR_COMPUTED,database/037_level3_independent_audit_closure.sql:L151@s6_refresh_owned_discussion[INSERT explicit column]{DIRECT_OR_COMPUTED} | database/037_level3_independent_audit_closure.sql:L49@act6_13_capture_s5_transition[INSERT explicit column]{DIRECT_OR_COMPUTED},database/037_level3_independent_audit_closure.sql:L75@act6_13_capture_s6_transition[INSERT explicit column]{DIRECT_OR_COMPUTED} | database/037_level3_independent_audit_closure.sql:L79@act6_13_capture_s6_transition[INSERT explicit column]{DIRECT_OR_COMPUTED},NO_HISTORICAL_FUNCTION_DEDUP,docs/plans/ROUND1_FIELD_READ_WRITE_OVERVIEW_V1.0_part1.csv
F0005,act6_13_event_ledger#05,5,4,1,DIRECT_OR_COMPUTED,database/037_level3_independent_audit_closure.sql:L151@s6_refresh_owned_discussion[INSERT explicit column]{DIRECT_OR_COMPUTED} | database/037_level3_independent_audit_closure.sql:L174@s6_mark_audio_consumed[INSERT explicit column]{DIRECT_OR_COMPUTED},database/037_level3_independent_audit_closure.sql:L75@act6_13_capture_s6_transition[INSERT explicit column]{DIRECT_OR_COMPUTED} | database/037_level3_independent_audit_closure.sql:L79@act6_13_capture_s6_transition[INSERT explicit column]{DIRECT_OR_COMPUTED},NO_HISTORICAL_FUNCTION_DEDUP,docs/plans/ROUND1_FIELD_READ_WRITE_OVERVIEW_V1.0_part1.csv
F0006,act6_13_event_ledger#06,2,2,1,DIRECT_OR_COMPUTED,database/037_level3_independent_audit_closure.sql:L174@s6_mark_audio_consumed[INSERT explicit column]{DIRECT_OR_COMPUTED} | database/037_level3_independent_audit_closure.sql:L79@act6_13_capture_s6_transition[INSERT explicit column]{DIRECT_OR_COMPUTED},database/037_level3_independent_audit_closure.sql:L174@s6_mark_audio_consumed[INSERT explicit column]{DIRECT_OR_COMPUTED} | database/037_level3_independent_audit_closure.sql:L79@act6_13_capture_s6_transition[INSERT explicit column]{DIRECT_OR_COMPUTED},NO_HISTORICAL_FUNCTION_DEDUP,docs/plans/ROUND1_FIELD_READ_WRITE_OVERVIEW_V1.0_part1.csv
F0007,act6_13_event_ledger#07,1,1,1,DIRECT_OR_COMPUTED,database/037_level3_independent_audit_closure.sql:L174@s6_mark_audio_consumed[INSERT explicit column]{DIRECT_OR_COMPUTED},database/037_level3_independent_audit_closure.sql:L174@s6_mark_audio_consumed[INSERT explicit column]{DIRECT_OR_COMPUTED},NO_HISTORICAL_FUNCTION_DEDUP,docs/plans/ROUND1_FIELD_READ_WRITE_OVERVIEW_V1.0_part1.csv
F0008,act6_13_event_ledger#08,5,4,1,DIRECT_OR_COMPUTED,database/037_level3_independent_audit_closure.sql:L151@s6_refresh_owned_discussion[INSERT explicit column]{DIRECT_OR_COMPUTED} | database/037_level3_independent_audit_closure.sql:L174@s6_mark_audio_consumed[INSERT explicit column]{DIRECT_OR_COMPUTED},database/037_level3_independent_audit_closure.sql:L75@act6_13_capture_s6_transition[INSERT explicit column]{DIRECT_OR_COMPUTED} | database/037_level3_independent_audit_closure.sql:L79@act6_13_capture_s6_transition[INSERT explicit column]{DIRECT_OR_COMPUTED},NO_HISTORICAL_FUNCTION_DEDUP,docs/plans/ROUND1_FIELD_READ_WRITE_OVERVIEW_V1.0_part1.csv
F0009,act6_13_event_ledger#09,0,0,0,NONE,,,NO_HISTORICAL_FUNCTION_DEDUP,docs/plans/ROUND1_FIELD_READ_WRITE_OVERVIEW_V1.0_part1.csv
F0010,asset_candidates#01,0,0,0,NONE,,,NO_HISTORICAL_FUNCTION_DEDUP,docs/plans/ROUND1_FIELD_READ_WRITE_OVERVIEW_V1.0_part1.csv
F0011,asset_candidates#02,4,2,4,DIRECT_OR_COMPUTED,database/018_sprint4_asset_manager_v2.sql:L48@asset_manager_register_candidate[INSERT explicit column]{DIRECT_OR_COMPUTED} | database/019_sprint4_teacher_authority_correction.sql:L48@asset_manager_register_candidate[INSERT explicit column]{DIRECT_OR_COMPUTED},database/024_sprint4_level1_narrow_corrections.sql:L39@asset_manager_import_candidate[INSERT explicit column]{DIRECT_OR_COMPUTED} | database/025_sprint4_two_narrow_blockers.sql:L25@asset_manager_import_candidate[INSERT explicit column]{DIRECT_OR_COMPUTED},NO_HISTORICAL_FUNCTION_DEDUP,docs/plans/ROUND1_FIELD_READ_WRITE_OVERVIEW_V1.0_part1.csv
F0012,asset_candidates#03,4,2,4,DIRECT_OR_COMPUTED,database/018_sprint4_asset_manager_v2.sql:L48@asset_manager_register_candidate[INSERT explicit column]{DIRECT_OR_COMPUTED} | database/019_sprint4_teacher_authority_correction.sql:L48@asset_manager_register_candidate[INSERT explicit column]{DIRECT_OR_COMPUTED},database/024_sprint4_level1_narrow_corrections.sql:L39@asset_manager_import_candidate[INSERT explicit column]{DIRECT_OR_COMPUTED} | database/025_sprint4_two_narrow_blockers.sql:L25@asset_manager_import_candidate[INSERT explicit column]{DIRECT_OR_COMPUTED},NO_HISTORICAL_FUNCTION_DEDUP,docs/plans/ROUND1_FIELD_READ_WRITE_OVERVIEW_V1.0_part1.csv
F0013,asset_candidates#04,4,2,4,DIRECT_OR_COMPUTED,database/018_sprint4_asset_manager_v2.sql:L48@asset_manager_register_candidate[INSERT explicit column]{DIRECT_OR_COMPUTED} | database/019_sprint4_teacher_authority_correction.sql:L48@asset_manager_register_candidate[INSERT explicit column]{DIRECT_OR_COMPUTED},database/024_sprint4_level1_narrow_corrections.sql:L39@asset_manager_import_candidate[INSERT explicit column]{DIRECT_OR_COMPUTED} | database/025_sprint4_two_narrow_blockers.sql:L25@asset_manager_import_candidate[INSERT explicit column]{DIRECT_OR_COMPUTED},NO_HISTORICAL_FUNCTION_DEDUP,docs/plans/ROUND1_FIELD_READ_WRITE_OVERVIEW_V1.0_part1.csv
F0014,asset_candidates#05,2,1,2,DIRECT_OR_COMPUTED,database/018_sprint4_asset_manager_v2.sql:L48@asset_manager_register_candidate[INSERT explicit column]{DIRECT_OR_COMPUTED} | database/019_sprint4_teacher_authority_correction.sql:L48@asset_manager_register_candidate[INSERT explicit column]{DIRECT_OR_COMPUTED},database/018_sprint4_asset_manager_v2.sql:L48@asset_manager_register_candidate[INSERT explicit column]{DIRECT_OR_COMPUTED} | database/019_sprint4_teacher_authority_correction.sql:L48@asset_manager_register_candidate[INSERT explicit column]{DIRECT_OR_COMPUTED},NO_HISTORICAL_FUNCTION_DEDUP,docs/plans/ROUND1_FIELD_READ_WRITE_OVERVIEW_V1.0_part1.csv
F0015,asset_candidates#06,2,1,2,DIRECT_OR_COMPUTED,database/018_sprint4_asset_manager_v2.sql:L48@asset_manager_register_candidate[INSERT explicit column]{DIRECT_OR_COMPUTED} | database/019_sprint4_teacher_authority_correction.sql:L48@asset_manager_register_candidate[INSERT explicit column]{DIRECT_OR_COMPUTED},database/018_sprint4_asset_manager_v2.sql:L48@asset_manager_register_candidate[INSERT explicit column]{DIRECT_OR_COMPUTED} | database/019_sprint4_teacher_authority_correction.sql:L48@asset_manager_register_candidate[INSERT explicit column]{DIRECT_OR_COMPUTED},NO_HISTORICAL_FUNCTION_DEDUP,docs/plans/ROUND1_FIELD_READ_WRITE_OVERVIEW_V1.0_part1.csv
F0016,asset_candidates#07,4,2,4,DIRECT_OR_COMPUTED,database/018_sprint4_asset_manager_v2.sql:L48@asset_manager_register_candidate[INSERT explicit column]{DIRECT_OR_COMPUTED} | database/019_sprint4_teacher_authority_correction.sql:L48@asset_manager_register_candidate[INSERT explicit column]{DIRECT_OR_COMPUTED},database/024_sprint4_level1_narrow_corrections.sql:L39@asset_manager_import_candidate[INSERT explicit column]{DIRECT_OR_COMPUTED} | database/025_sprint4_two_narrow_blockers.sql:L25@asset_manager_import_candidate[INSERT explicit column]{DIRECT_OR_COMPUTED},NO_HISTORICAL_FUNCTION_DEDUP,docs/plans/ROUND1_FIELD_READ_WRITE_OVERVIEW_V1.0_part1.csv
F0017,asset_candidates#08,4,2,2,DIRECT_OR_COMPUTED,database/018_sprint4_asset_manager_v2.sql:L48@asset_manager_register_candidate[INSERT explicit column]{DIRECT_OR_COMPUTED} | database/018_sprint4_asset_manager_v2.sql:L66@asset_manager_mark_published[UPDATE SET]{DIRECT_OR_COMPUTED},database/019_sprint4_teacher_authority_correction.sql:L48@asset_manager_register_candidate[INSERT explicit column]{DIRECT_OR_COMPUTED} | database/019_sprint4_teacher_authority_correction.sql:L66@asset_manager_mark_published[UPDATE SET]{DIRECT_OR_COMPUTED},NO_HISTORICAL_FUNCTION_DEDUP,docs/plans/ROUND1_FIELD_READ_WRITE_OVERVIEW_V1.0_part1.csv
F0018,asset_candidates#09,17,9,6,DIRECT_OR_COMPUTED,database/018_sprint4_asset_manager_v2.sql:L48@asset_manager_register_candidate[INSERT explicit column]{DIRECT_OR_COMPUTED} | database/018_sprint4_asset_manager_v2.sql:L59@asset_manager_review[UPDATE SET]{DIRECT_OR_COMPUTED},database/026_sprint4_group_target_and_registry_lock.sql:L38@asset_manager_transition_group[UPDATE SET]{DIRECT_OR_COMPUTED} | database/026_sprint4_group_target_and_registry_lock.sql:L39@asset_manager_transition_group[UPDATE SET]{DIRECT_OR_COMPUTED},NO_HISTORICAL_FUNCTION_DEDUP,docs/plans/ROUND1_FIELD_READ_WRITE_OVERVIEW_V1.0_part1.csv
F0019,asset_candidates#10,2,1,2,DIRECT_OR_COMPUTED,database/018_sprint4_asset_manager_v2.sql:L59@asset_manager_review[UPDATE SET]{DIRECT_OR_COMPUTED} | database/019_sprint4_teacher_authority_correction.sql:L59@asset_manager_review[UPDATE SET]{DIRECT_OR_COMPUTED},database/018_sprint4_asset_manager_v2.sql:L59@asset_manager_review[UPDATE SET]{DIRECT_OR_COMPUTED} | database/019_sprint4_teacher_authority_correction.sql:L59@asset_manager_review[UPDATE SET]{DIRECT_OR_COMPUTED},NO_HISTORICAL_FUNCTION_DEDUP,docs/plans/ROUND1_FIELD_READ_WRITE_OVERVIEW_V1.0_part1.csv
F0020,asset_candidates#11,2,1,2,DIRECT_OR_COMPUTED,database/018_sprint4_asset_manager_v2.sql:L59@asset_manager_review[UPDATE SET]{DIRECT_OR_COMPUTED} | database/019_sprint4_teacher_authority_correction.sql:L59@asset_manager_review[UPDATE SET]{DIRECT_OR_COMPUTED},database/018_sprint4_asset_manager_v2.sql:L59@asset_manager_review[UPDATE SET]{DIRECT_OR_COMPUTED} | database/019_sprint4_teacher_authority_correction.sql:L59@asset_manager_review[UPDATE SET]{DIRECT_OR_COMPUTED},NO_HISTORICAL_FUNCTION_DEDUP,docs/plans/ROUND1_FIELD_READ_WRITE_OVERVIEW_V1.0_part1.csv
F0021,asset_candidates#12,0,0,0,NONE,,,NO_HISTORICAL_FUNCTION_DEDUP,docs/plans/ROUND1_FIELD_READ_WRITE_OVERVIEW_V1.0_part1.csv
F0022,asset_candidates#13,4,2,4,DIRECT_OR_COMPUTED,database/018_sprint4_asset_manager_v2.sql:L48@asset_manager_register_candidate[INSERT explicit column]{DIRECT_OR_COMPUTED} | database/019_sprint4_teacher_authority_correction.sql:L48@asset_manager_register_candidate[INSERT explicit column]{DIRECT_OR_COMPUTED},database/024_sprint4_level1_narrow_corrections.sql:L39@asset_manager_import_candidate[INSERT explicit column]{DIRECT_OR_COMPUTED} | database/025_sprint4_two_narrow_blockers.sql:L25@asset_manager_import_candidate[INSERT explicit column]{DIRECT_OR_COMPUTED},NO_HISTORICAL_FUNCTION_DEDUP,docs/plans/ROUND1_FIELD_READ_WRITE_OVERVIEW_V1.0_part1.csv
F0023,asset_candidates#14,4,2,4,DIRECT_OR_COMPUTED,database/018_sprint4_asset_manager_v2.sql:L48@asset_manager_register_candidate[INSERT explicit column]{DIRECT_OR_COMPUTED} | database/019_sprint4_teacher_authority_correction.sql:L48@asset_manager_register_candidate[INSERT explicit column]{DIRECT_OR_COMPUTED},database/024_sprint4_level1_narrow_corrections.sql:L39@asset_manager_import_candidate[INSERT explicit column]{DIRECT_OR_COMPUTED} | database/025_sprint4_two_narrow_blockers.sql:L25@asset_manager_import_candidate[INSERT explicit column]{DIRECT_OR_COMPUTED},NO_HISTORICAL_FUNCTION_DEDUP,docs/plans/ROUND1_FIELD_READ_WRITE_OVERVIEW_V1.0_part1.csv
F0024,asset_candidates#15,4,2,4,DIRECT_OR_COMPUTED,database/018_sprint4_asset_manager_v2.sql:L48@asset_manager_register_candidate[INSERT explicit column]{DIRECT_OR_COMPUTED} | database/019_sprint4_teacher_authority_correction.sql:L48@asset_manager_register_candidate[INSERT explicit column]{DIRECT_OR_COMPUTED},database/024_sprint4_level1_narrow_corrections.sql:L39@asset_manager_import_candidate[INSERT explicit column]{DIRECT_OR_COMPUTED} | database/025_sprint4_two_narrow_blockers.sql:L25@asset_manager_import_candidate[INSERT explicit column]{DIRECT_OR_COMPUTED},NO_HISTORICAL_FUNCTION_DEDUP,docs/plans/ROUND1_FIELD_READ_WRITE_OVERVIEW_V1.0_part1.csv
F0025,asset_candidates#16,4,2,4,DIRECT_OR_COMPUTED,database/018_sprint4_asset_manager_v2.sql:L48@asset_manager_register_candidate[INSERT explicit column]{DIRECT_OR_COMPUTED} | database/019_sprint4_teacher_authority_correction.sql:L48@asset_manager_register_candidate[INSERT explicit column]{DIRECT_OR_COMPUTED},database/024_sprint4_level1_narrow_corrections.sql:L39@asset_manager_import_candidate[INSERT explicit column]{DIRECT_OR_COMPUTED} | database/025_sprint4_two_narrow_blockers.sql:L25@asset_manager_import_candidate[INSERT explicit column]{DIRECT_OR_COMPUTED},NO_HISTORICAL_FUNCTION_DEDUP,docs/plans/ROUND1_FIELD_READ_WRITE_OVERVIEW_V1.0_part1.csv
F0026,asset_candidates#17,4,2,4,DIRECT_OR_COMPUTED,database/018_sprint4_asset_manager_v2.sql:L48@asset_manager_register_candidate[INSERT explicit column]{DIRECT_OR_COMPUTED} | database/019_sprint4_teacher_authority_correction.sql:L48@asset_manager_register_candidate[INSERT explicit column]{DIRECT_OR_COMPUTED},database/024_sprint4_level1_narrow_corrections.sql:L39@asset_manager_import_candidate[INSERT explicit column]{DIRECT_OR_COMPUTED} | database/025_sprint4_two_narrow_blockers.sql:L25@asset_manager_import_candidate[INSERT explicit column]{DIRECT_OR_COMPUTED},NO_HISTORICAL_FUNCTION_DEDUP,docs/plans/ROUND1_FIELD_READ_WRITE_OVERVIEW_V1.0_part1.csv
F0027,asset_candidates#18,5,3,5,DIRECT_OR_COMPUTED,database/018_sprint4_asset_manager_v2.sql:L48@asset_manager_register_candidate[INSERT explicit column]{DIRECT_OR_COMPUTED} | database/019_sprint4_teacher_authority_correction.sql:L48@asset_manager_register_candidate[INSERT explicit column]{DIRECT_OR_COMPUTED},database/024_sprint4_level1_narrow_corrections.sql:L39@asset_manager_import_candidate[INSERT explicit column]{DIRECT_OR_COMPUTED} | database/025_sprint4_two_narrow_blockers.sql:L25@asset_manager_import_candidate[INSERT explicit column]{DIRECT_OR_COMPUTED},NO_HISTORICAL_FUNCTION_DEDUP,docs/plans/ROUND1_FIELD_READ_WRITE_OVERVIEW_V1.0_part1.csv
F0028,asset_candidates#19,4,2,4,DIRECT_OR_COMPUTED,database/018_sprint4_asset_manager_v2.sql:L48@asset_manager_register_candidate[INSERT explicit column]{DIRECT_OR_COMPUTED} | database/019_sprint4_teacher_authority_correction.sql:L48@asset_manager_register_candidate[INSERT explicit column]{DIRECT_OR_COMPUTED},database/024_sprint4_level1_narrow_corrections.sql:L39@asset_manager_import_candidate[INSERT explicit column]{DIRECT_OR_COMPUTED} | database/025_sprint4_two_narrow_blockers.sql:L25@asset_manager_import_candidate[INSERT explicit column]{DIRECT_OR_COMPUTED},NO_HISTORICAL_FUNCTION_DEDUP,docs/plans/ROUND1_FIELD_READ_WRITE_OVERVIEW_V1.0_part1.csv
F0029,asset_candidates#20,4,2,4,DIRECT_OR_COMPUTED,database/018_sprint4_asset_manager_v2.sql:L48@asset_manager_register_candidate[INSERT explicit column]{DIRECT_OR_COMPUTED} | database/019_sprint4_teacher_authority_correction.sql:L48@asset_manager_register_candidate[INSERT explicit column]{DIRECT_OR_COMPUTED},database/024_sprint4_level1_narrow_corrections.sql:L39@asset_manager_import_candidate[INSERT explicit column]{DIRECT_OR_COMPUTED} | database/025_sprint4_two_narrow_blockers.sql:L25@asset_manager_import_candidate[INSERT explicit column]{DIRECT_OR_COMPUTED},NO_HISTORICAL_FUNCTION_DEDUP,docs/plans/ROUND1_FIELD_READ_WRITE_OVERVIEW_V1.0_part1.csv
F0030,asset_candidates#21,4,2,4,DIRECT_OR_COMPUTED,database/018_sprint4_asset_manager_v2.sql:L48@asset_manager_register_candidate[INSERT explicit column]{DIRECT_OR_COMPUTED} | database/019_sprint4_teacher_authority_correction.sql:L48@asset_manager_register_candidate[INSERT explicit column]{DIRECT_OR_COMPUTED},database/024_sprint4_level1_narrow_corrections.sql:L39@asset_manager_import_candidate[INSERT explicit column]{DIRECT_OR_COMPUTED} | database/025_sprint4_two_narrow_blockers.sql:L25@asset_manager_import_candidate[INSERT explicit column]{DIRECT_OR_COMPUTED},NO_HISTORICAL_FUNCTION_DEDUP,docs/plans/ROUND1_FIELD_READ_WRITE_OVERVIEW_V1.0_part1.csv
F0031,asset_candidates#22,4,2,4,DIRECT_OR_COMPUTED,database/018_sprint4_asset_manager_v2.sql:L48@asset_manager_register_candidate[INSERT explicit column]{DIRECT_OR_COMPUTED} | database/019_sprint4_teacher_authority_correction.sql:L48@asset_manager_register_candidate[INSERT explicit column]{DIRECT_OR_COMPUTED},database/024_sprint4_level1_narrow_corrections.sql:L39@asset_manager_import_candidate[INSERT explicit column]{DIRECT_OR_COMPUTED} | database/025_sprint4_two_narrow_blockers.sql:L25@asset_manager_import_candidate[INSERT explicit column]{DIRECT_OR_COMPUTED},NO_HISTORICAL_FUNCTION_DEDUP,docs/plans/ROUND1_FIELD_READ_WRITE_OVERVIEW_V1.0_part1.csv
F0032,asset_candidates#23,4,2,4,DIRECT_OR_COMPUTED,database/018_sprint4_asset_manager_v2.sql:L48@asset_manager_register_candidate[INSERT explicit column]{DIRECT_OR_COMPUTED} | database/019_sprint4_teacher_authority_correction.sql:L48@asset_manager_register_candidate[INSERT explicit column]{DIRECT_OR_COMPUTED},database/024_sprint4_level1_narrow_corrections.sql:L39@asset_manager_import_candidate[INSERT explicit column]{DIRECT_OR_COMPUTED} | database/025_sprint4_two_narrow_blockers.sql:L25@asset_manager_import_candidate[INSERT explicit column]{DIRECT_OR_COMPUTED},NO_HISTORICAL_FUNCTION_DEDUP,docs/plans/ROUND1_FIELD_READ_WRITE_OVERVIEW_V1.0_part1.csv
F0033,asset_candidates#24,4,2,4,DIRECT_OR_COMPUTED,database/018_sprint4_asset_manager_v2.sql:L48@asset_manager_register_candidate[INSERT explicit column]{DIRECT_OR_COMPUTED} | database/019_sprint4_teacher_authority_correction.sql:L48@asset_manager_register_candidate[INSERT explicit column]{DIRECT_OR_COMPUTED},database/024_sprint4_level1_narrow_corrections.sql:L39@asset_manager_import_candidate[INSERT explicit column]{DIRECT_OR_COMPUTED} | database/025_sprint4_two_narrow_blockers.sql:L25@asset_manager_import_candidate[INSERT explicit column]{DIRECT_OR_COMPUTED},NO_HISTORICAL_FUNCTION_DEDUP,docs/plans/ROUND1_FIELD_READ_WRITE_OVERVIEW_V1.0_part1.csv
F0034,asset_candidates#25,4,2,4,DIRECT_OR_COMPUTED,database/018_sprint4_asset_manager_v2.sql:L48@asset_manager_register_candidate[INSERT explicit column]{DIRECT_OR_COMPUTED} | database/019_sprint4_teacher_authority_correction.sql:L48@asset_manager_register_candidate[INSERT explicit column]{DIRECT_OR_COMPUTED},database/024_sprint4_level1_narrow_corrections.sql:L39@asset_manager_import_candidate[INSERT explicit column]{DIRECT_OR_COMPUTED} | database/025_sprint4_two_narrow_blockers.sql:L25@asset_manager_import_candidate[INSERT explicit column]{DIRECT_OR_COMPUTED},NO_HISTORICAL_FUNCTION_DEDUP,docs/plans/ROUND1_FIELD_READ_WRITE_OVERVIEW_V1.0_part1.csv
F0035,asset_candidates#26,4,2,4,DIRECT_OR_COMPUTED,database/018_sprint4_asset_manager_v2.sql:L48@asset_manager_register_candidate[INSERT explicit column]{DIRECT_OR_COMPUTED} | database/019_sprint4_teacher_authority_correction.sql:L48@asset_manager_register_candidate[INSERT explicit column]{DIRECT_OR_COMPUTED},database/024_sprint4_level1_narrow_corrections.sql:L39@asset_manager_import_candidate[INSERT explicit column]{DIRECT_OR_COMPUTED} | database/025_sprint4_two_narrow_blockers.sql:L25@asset_manager_import_candidate[INSERT explicit column]{DIRECT_OR_COMPUTED},NO_HISTORICAL_FUNCTION_DEDUP,docs/plans/ROUND1_FIELD_READ_WRITE_OVERVIEW_V1.0_part1.csv
F0036,asset_candidates#27,4,2,4,DIRECT_OR_COMPUTED,database/018_sprint4_asset_manager_v2.sql:L48@asset_manager_register_candidate[INSERT explicit column]{DIRECT_OR_COMPUTED} | database/019_sprint4_teacher_authority_correction.sql:L48@asset_manager_register_candidate[INSERT explicit column]{DIRECT_OR_COMPUTED},database/024_sprint4_level1_narrow_corrections.sql:L39@asset_manager_import_candidate[INSERT explicit column]{DIRECT_OR_COMPUTED} | database/025_sprint4_two_narrow_blockers.sql:L25@asset_manager_import_candidate[INSERT explicit column]{DIRECT_OR_COMPUTED},NO_HISTORICAL_FUNCTION_DEDUP,docs/plans/ROUND1_FIELD_READ_WRITE_OVERVIEW_V1.0_part1.csv
F0037,asset_candidates#28,4,2,4,DIRECT_OR_COMPUTED,database/018_sprint4_asset_manager_v2.sql:L48@asset_manager_register_candidate[INSERT explicit column]{DIRECT_OR_COMPUTED} | database/019_sprint4_teacher_authority_correction.sql:L48@asset_manager_register_candidate[INSERT explicit column]{DIRECT_OR_COMPUTED},database/024_sprint4_level1_narrow_corrections.sql:L39@asset_manager_import_candidate[INSERT explicit column]{DIRECT_OR_COMPUTED} | database/025_sprint4_two_narrow_blockers.sql:L25@asset_manager_import_candidate[INSERT explicit column]{DIRECT_OR_COMPUTED},NO_HISTORICAL_FUNCTION_DEDUP,docs/plans/ROUND1_FIELD_READ_WRITE_OVERVIEW_V1.0_part1.csv
F0038,asset_candidates#29,2,1,2,DIRECT_OR_COMPUTED,database/018_sprint4_asset_manager_v2.sql:L66@asset_manager_mark_published[UPDATE SET]{DIRECT_OR_COMPUTED} | database/019_sprint4_teacher_authority_correction.sql:L66@asset_manager_mark_published[UPDATE SET]{DIRECT_OR_COMPUTED},database/018_sprint4_asset_manager_v2.sql:L66@asset_manager_mark_published[UPDATE SET]{DIRECT_OR_COMPUTED} | database/019_sprint4_teacher_authority_correction.sql:L66@asset_manager_mark_published[UPDATE SET]{DIRECT_OR_COMPUTED},NO_HISTORICAL_FUNCTION_DEDUP,docs/plans/ROUND1_FIELD_READ_WRITE_OVERVIEW_V1.0_part1.csv
F0039,asset_events#01,9,5,3,POSITIONAL_WRITE,database/018_sprint4_asset_manager_v2.sql:L50@asset_manager_register_candidate[INSERT positional/all columns]{POSITIONAL_WRITE} | database/018_sprint4_asset_manager_v2.sql:L60@asset_manager_review[INSERT positional/all columns]{POSITIONAL_WRITE},database/019_sprint4_teacher_authority_correction.sql:L73@asset_manager_activate[INSERT positional/all columns]{POSITIONAL_WRITE} | database/021_sprint4_anchor_and_activation_controls.sql:L13@asset_manager_save_anchors[INSERT positional/all columns]{POSITIONAL_WRITE},NO_HISTORICAL_FUNCTION_DEDUP,docs/plans/ROUND1_FIELD_READ_WRITE_OVERVIEW_V1.0_part1.csv
F0040,asset_events#02,15,9,6,POSITIONAL_WRITE|DIRECT_OR_COMPUTED,database/018_sprint4_asset_manager_v2.sql:L50@asset_manager_register_candidate[INSERT positional/all columns]{POSITIONAL_WRITE} | database/018_sprint4_asset_manager_v2.sql:L60@asset_manager_review[INSERT positional/all columns]{POSITIONAL_WRITE},database/026_sprint4_group_target_and_registry_lock.sql:L35@asset_manager_transition_group[INSERT explicit column]{DIRECT_OR_COMPUTED} | database/058_sprint9_active_asset_load_failure_telemetry.sql:L27@asset_report_load_failure[INSERT explicit column]{DIRECT_OR_COMPUTED},NO_HISTORICAL_FUNCTION_DEDUP,docs/plans/ROUND1_FIELD_READ_WRITE_OVERVIEW_V1.0_part1.csv
F0041,asset_events#03,15,9,6,POSITIONAL_WRITE|DIRECT_OR_COMPUTED,database/018_sprint4_asset_manager_v2.sql:L50@asset_manager_register_candidate[INSERT positional/all columns]{POSITIONAL_WRITE} | database/018_sprint4_asset_manager_v2.sql:L60@asset_manager_review[INSERT positional/all columns]{POSITIONAL_WRITE},database/026_sprint4_group_target_and_registry_lock.sql:L35@asset_manager_transition_group[INSERT explicit column]{DIRECT_OR_COMPUTED} | database/058_sprint9_active_asset_load_failure_telemetry.sql:L27@asset_report_load_failure[INSERT explicit column]{DIRECT_OR_COMPUTED},NO_HISTORICAL_FUNCTION_DEDUP,docs/plans/ROUND1_FIELD_READ_WRITE_OVERVIEW_V1.0_part1.csv
F0042,asset_events#04,15,9,6,POSITIONAL_WRITE|DIRECT_OR_COMPUTED,database/018_sprint4_asset_manager_v2.sql:L50@asset_manager_register_candidate[INSERT positional/all columns]{POSITIONAL_WRITE} | database/018_sprint4_asset_manager_v2.sql:L60@asset_manager_review[INSERT positional/all columns]{POSITIONAL_WRITE},database/026_sprint4_group_target_and_registry_lock.sql:L35@asset_manager_transition_group[INSERT explicit column]{DIRECT_OR_COMPUTED} | database/058_sprint9_active_asset_load_failure_telemetry.sql:L27@asset_report_load_failure[INSERT explicit column]{DIRECT_OR_COMPUTED},NO_HISTORICAL_FUNCTION_DEDUP,docs/plans/ROUND1_FIELD_READ_WRITE_OVERVIEW_V1.0_part1.csv
F0043,asset_events#05,15,9,6,POSITIONAL_WRITE|DIRECT_OR_COMPUTED,database/018_sprint4_asset_manager_v2.sql:L50@asset_manager_register_candidate[INSERT positional/all columns]{POSITIONAL_WRITE} | database/018_sprint4_asset_manager_v2.sql:L60@asset_manager_review[INSERT positional/all columns]{POSITIONAL_WRITE},database/026_sprint4_group_target_and_registry_lock.sql:L35@asset_manager_transition_group[INSERT explicit column]{DIRECT_OR_COMPUTED} | database/058_sprint9_active_asset_load_failure_telemetry.sql:L27@asset_report_load_failure[INSERT explicit column]{DIRECT_OR_COMPUTED},NO_HISTORICAL_FUNCTION_DEDUP,docs/plans/ROUND1_FIELD_READ_WRITE_OVERVIEW_V1.0_part1.csv
F0044,asset_events#06,9,5,3,POSITIONAL_WRITE,database/018_sprint4_asset_manager_v2.sql:L50@asset_manager_register_candidate[INSERT positional/all columns]{POSITIONAL_WRITE} | database/018_sprint4_asset_manager_v2.sql:L60@asset_manager_review[INSERT positional/all columns]{POSITIONAL_WRITE},database/019_sprint4_teacher_authority_correction.sql:L73@asset_manager_activate[INSERT positional/all columns]{POSITIONAL_WRITE} | database/021_sprint4_anchor_and_activation_controls.sql:L13@asset_manager_save_anchors[INSERT positional/all columns]{POSITIONAL_WRITE},NO_HISTORICAL_FUNCTION_DEDUP,docs/plans/ROUND1_FIELD_READ_WRITE_OVERVIEW_V1.0_part1.csv
F0045,asset_manager_reviewers#01,0,0,0,NONE,,,NO_HISTORICAL_FUNCTION_DEDUP,docs/plans/ROUND1_FIELD_READ_WRITE_OVERVIEW_V1.0_part1.csv
F0046,asset_manager_reviewers#02,0,0,0,NONE,,,NO_HISTORICAL_FUNCTION_DEDUP,docs/plans/ROUND1_FIELD_READ_WRITE_OVERVIEW_V1.0_part1.csv
F0047,asset_manager_reviewers#03,0,0,0,NONE,,,NO_HISTORICAL_FUNCTION_DEDUP,docs/plans/ROUND1_FIELD_READ_WRITE_OVERVIEW_V1.0_part1.csv
F0048,asset_manager_reviewers#04,0,0,0,NONE,,,NO_HISTORICAL_FUNCTION_DEDUP,docs/plans/ROUND1_FIELD_READ_WRITE_OVERVIEW_V1.0_part1.csv
F0049,asset_registry_projection#01,3,1,3,DIRECT_OR_COMPUTED,database/018_sprint4_asset_manager_v2.sql:L31@asset_manager_sync_registry[INSERT explicit column]{DIRECT_OR_COMPUTED} | database/019_sprint4_teacher_authority_correction.sql:L31@asset_manager_sync_registry[INSERT explicit column]{DIRECT_OR_COMPUTED},database/019_sprint4_teacher_authority_correction.sql:L31@asset_manager_sync_registry[INSERT explicit column]{DIRECT_OR_COMPUTED} | database/024_sprint4_level1_narrow_corrections.sql:L28@asset_manager_sync_registry[INSERT explicit column]{DIRECT_OR_COMPUTED},NO_HISTORICAL_FUNCTION_DEDUP,docs/plans/ROUND1_FIELD_READ_WRITE_OVERVIEW_V1.0_part1.csv
F0050,asset_registry_projection#02,3,1,3,DIRECT_OR_COMPUTED,database/018_sprint4_asset_manager_v2.sql:L31@asset_manager_sync_registry[INSERT explicit column]{DIRECT_OR_COMPUTED} | database/019_sprint4_teacher_authority_correction.sql:L31@asset_manager_sync_registry[INSERT explicit column]{DIRECT_OR_COMPUTED},database/019_sprint4_teacher_authority_correction.sql:L31@asset_manager_sync_registry[INSERT explicit column]{DIRECT_OR_COMPUTED} | database/024_sprint4_level1_narrow_corrections.sql:L28@asset_manager_sync_registry[INSERT explicit column]{DIRECT_OR_COMPUTED},NO_HISTORICAL_FUNCTION_DEDUP,docs/plans/ROUND1_FIELD_READ_WRITE_OVERVIEW_V1.0_part1.csv
F0051,asset_registry_projection#03,3,1,3,DIRECT_OR_COMPUTED,database/018_sprint4_asset_manager_v2.sql:L31@asset_manager_sync_registry[INSERT explicit column]{DIRECT_OR_COMPUTED} | database/019_sprint4_teacher_authority_correction.sql:L31@asset_manager_sync_registry[INSERT explicit column]{DIRECT_OR_COMPUTED},database/019_sprint4_teacher_authority_correction.sql:L31@asset_manager_sync_registry[INSERT explicit column]{DIRECT_OR_COMPUTED} | database/024_sprint4_level1_narrow_corrections.sql:L28@asset_manager_sync_registry[INSERT explicit column]{DIRECT_OR_COMPUTED},NO_HISTORICAL_FUNCTION_DEDUP,docs/plans/ROUND1_FIELD_READ_WRITE_OVERVIEW_V1.0_part1.csv
F0052,asset_registry_projection#04,3,1,3,DIRECT_OR_COMPUTED,database/018_sprint4_asset_manager_v2.sql:L31@asset_manager_sync_registry[INSERT explicit column]{DIRECT_OR_COMPUTED} | database/019_sprint4_teacher_authority_correction.sql:L31@asset_manager_sync_registry[INSERT explicit column]{DIRECT_OR_COMPUTED},database/019_sprint4_teacher_authority_correction.sql:L31@asset_manager_sync_registry[INSERT explicit column]{DIRECT_OR_COMPUTED} | database/024_sprint4_level1_narrow_corrections.sql:L28@asset_manager_sync_registry[INSERT explicit column]{DIRECT_OR_COMPUTED},NO_HISTORICAL_FUNCTION_DEDUP,docs/plans/ROUND1_FIELD_READ_WRITE_OVERVIEW_V1.0_part1.csv
F0053,asset_registry_projection#05,0,0,0,NONE,,,NO_HISTORICAL_FUNCTION_DEDUP,docs/plans/ROUND1_FIELD_READ_WRITE_OVERVIEW_V1.0_part1.csv
F0054,asset_registry_projection#06,0,0,0,NONE,,,NO_HISTORICAL_FUNCTION_DEDUP,docs/plans/ROUND1_FIELD_READ_WRITE_OVERVIEW_V1.0_part1.csv
F0055,asset_registry_projection#07,3,1,3,DIRECT_OR_COMPUTED,database/018_sprint4_asset_manager_v2.sql:L31@asset_manager_sync_registry[INSERT explicit column]{DIRECT_OR_COMPUTED} | database/019_sprint4_teacher_authority_correction.sql:L31@asset_manager_sync_registry[INSERT explicit column]{DIRECT_OR_COMPUTED},database/019_sprint4_teacher_authority_correction.sql:L31@asset_manager_sync_registry[INSERT explicit column]{DIRECT_OR_COMPUTED} | database/024_sprint4_level1_narrow_corrections.sql:L28@asset_manager_sync_registry[INSERT explicit column]{DIRECT_OR_COMPUTED},NO_HISTORICAL_FUNCTION_DEDUP,docs/plans/ROUND1_FIELD_READ_WRITE_OVERVIEW_V1.0_part1.csv
F0056,asset_registry_projection#08,3,1,3,DIRECT_OR_COMPUTED,database/018_sprint4_asset_manager_v2.sql:L31@asset_manager_sync_registry[INSERT explicit column]{DIRECT_OR_COMPUTED} | database/019_sprint4_teacher_authority_correction.sql:L31@asset_manager_sync_registry[INSERT explicit column]{DIRECT_OR_COMPUTED},database/019_sprint4_teacher_authority_correction.sql:L31@asset_manager_sync_registry[INSERT explicit column]{DIRECT_OR_COMPUTED} | database/024_sprint4_level1_narrow_corrections.sql:L28@asset_manager_sync_registry[INSERT explicit column]{DIRECT_OR_COMPUTED},NO_HISTORICAL_FUNCTION_DEDUP,docs/plans/ROUND1_FIELD_READ_WRITE_OVERVIEW_V1.0_part1.csv
F0057,asset_registry_projection#09,3,1,3,DIRECT_OR_COMPUTED,database/018_sprint4_asset_manager_v2.sql:L31@asset_manager_sync_registry[INSERT explicit column]{DIRECT_OR_COMPUTED} | database/019_sprint4_teacher_authority_correction.sql:L31@asset_manager_sync_registry[INSERT explicit column]{DIRECT_OR_COMPUTED},database/019_sprint4_teacher_authority_correction.sql:L31@asset_manager_sync_registry[INSERT explicit column]{DIRECT_OR_COMPUTED} | database/024_sprint4_level1_narrow_corrections.sql:L28@asset_manager_sync_registry[INSERT explicit column]{DIRECT_OR_COMPUTED},NO_HISTORICAL_FUNCTION_DEDUP,docs/plans/ROUND1_FIELD_READ_WRITE_OVERVIEW_V1.0_part1.csv
F0058,asset_registry_projection#10,3,1,3,DIRECT_OR_COMPUTED,database/018_sprint4_asset_manager_v2.sql:L31@asset_manager_sync_registry[INSERT explicit column]{DIRECT_OR_COMPUTED} | database/019_sprint4_teacher_authority_correction.sql:L31@asset_manager_sync_registry[INSERT explicit column]{DIRECT_OR_COMPUTED},database/019_sprint4_teacher_authority_correction.sql:L31@asset_manager_sync_registry[INSERT explicit column]{DIRECT_OR_COMPUTED} | database/024_sprint4_level1_narrow_corrections.sql:L28@asset_manager_sync_registry[INSERT explicit column]{DIRECT_OR_COMPUTED},NO_HISTORICAL_FUNCTION_DEDUP,docs/plans/ROUND1_FIELD_READ_WRITE_OVERVIEW_V1.0_part1.csv
F0059,asset_registry_projection#11,3,1,3,DIRECT_OR_COMPUTED,database/018_sprint4_asset_manager_v2.sql:L31@asset_manager_sync_registry[INSERT explicit column]{DIRECT_OR_COMPUTED} | database/019_sprint4_teacher_authority_correction.sql:L31@asset_manager_sync_registry[INSERT explicit column]{DIRECT_OR_COMPUTED},database/019_sprint4_teacher_authority_correction.sql:L31@asset_manager_sync_registry[INSERT explicit column]{DIRECT_OR_COMPUTED} | database/024_sprint4_level1_narrow_corrections.sql:L28@asset_manager_sync_registry[INSERT explicit column]{DIRECT_OR_COMPUTED},NO_HISTORICAL_FUNCTION_DEDUP,docs/plans/ROUND1_FIELD_READ_WRITE_OVERVIEW_V1.0_part1.csv
F0060,asset_registry_projection#12,3,1,3,DIRECT_OR_COMPUTED,database/018_sprint4_asset_manager_v2.sql:L31@asset_manager_sync_registry[INSERT explicit column]{DIRECT_OR_COMPUTED} | database/019_sprint4_teacher_authority_correction.sql:L31@asset_manager_sync_registry[INSERT explicit column]{DIRECT_OR_COMPUTED},database/019_sprint4_teacher_authority_correction.sql:L31@asset_manager_sync_registry[INSERT explicit column]{DIRECT_OR_COMPUTED} | database/024_sprint4_level1_narrow_corrections.sql:L28@asset_manager_sync_registry[INSERT explicit column]{DIRECT_OR_COMPUTED},NO_HISTORICAL_FUNCTION_DEDUP,docs/plans/ROUND1_FIELD_READ_WRITE_OVERVIEW_V1.0_part1.csv
F0061,asset_registry_projection#13,3,1,3,DIRECT_OR_COMPUTED,database/018_sprint4_asset_manager_v2.sql:L31@asset_manager_sync_registry[INSERT explicit column]{DIRECT_OR_COMPUTED} | database/019_sprint4_teacher_authority_correction.sql:L31@asset_manager_sync_registry[INSERT explicit column]{DIRECT_OR_COMPUTED},database/019_sprint4_teacher_authority_correction.sql:L31@asset_manager_sync_registry[INSERT explicit column]{DIRECT_OR_COMPUTED} | database/024_sprint4_level1_narrow_corrections.sql:L28@asset_manager_sync_registry[INSERT explicit column]{DIRECT_OR_COMPUTED},NO_HISTORICAL_FUNCTION_DEDUP,docs/plans/ROUND1_FIELD_READ_WRITE_OVERVIEW_V1.0_part1.csv
F0062,asset_registry_projection#14,3,1,3,DIRECT_OR_COMPUTED,database/018_sprint4_asset_manager_v2.sql:L31@asset_manager_sync_registry[INSERT explicit column]{DIRECT_OR_COMPUTED} | database/019_sprint4_teacher_authority_correction.sql:L31@asset_manager_sync_registry[INSERT explicit column]{DIRECT_OR_COMPUTED},database/019_sprint4_teacher_authority_correction.sql:L31@asset_manager_sync_registry[INSERT explicit column]{DIRECT_OR_COMPUTED} | database/024_sprint4_level1_narrow_corrections.sql:L28@asset_manager_sync_registry[INSERT explicit column]{DIRECT_OR_COMPUTED},NO_HISTORICAL_FUNCTION_DEDUP,docs/plans/ROUND1_FIELD_READ_WRITE_OVERVIEW_V1.0_part1.csv
F0063,dialogue_messages#01,0,0,0,NONE,,,NO_HISTORICAL_FUNCTION_DEDUP,docs/plans/ROUND1_FIELD_READ_WRITE_OVERVIEW_V1.0_part1.csv
F0064,dialogue_messages#02,4,3,4,DIRECT_OR_COMPUTED,database/002_runtime_runs_discussion.sql:L586@s2_send_message[INSERT explicit column]{DIRECT_OR_COMPUTED} | database/013_sprint3b_discussion_authority_and_request_identity.sql:L246@s2_send_message[INSERT explicit column]{DIRECT_OR_COMPUTED},database/030_sprint5_exact_session_messages.sql:L12@s5_send_message[INSERT explicit column]{DIRECT_OR_COMPUTED} | database/035_sprint6_focused_audit_corrections.sql:L40@s6_send_message_guarded[INSERT explicit column]{DIRECT_OR_COMPUTED},NO_HISTORICAL_FUNCTION_DEDUP,docs/plans/ROUND1_FIELD_READ_WRITE_OVERVIEW_V1.0_part1.csv
F0065,dialogue_messages#03,4,3,4,DIRECT_OR_COMPUTED,database/002_runtime_runs_discussion.sql:L586@s2_send_message[INSERT explicit column]{DIRECT_OR_COMPUTED} | database/013_sprint3b_discussion_authority_and_request_identity.sql:L246@s2_send_message[INSERT explicit column]{DIRECT_OR_COMPUTED},database/030_sprint5_exact_session_messages.sql:L12@s5_send_message[INSERT explicit column]{DIRECT_OR_COMPUTED} | database/035_sprint6_focused_audit_corrections.sql:L40@s6_send_message_guarded[INSERT explicit column]{DIRECT_OR_COMPUTED},NO_HISTORICAL_FUNCTION_DEDUP,docs/plans/ROUND1_FIELD_READ_WRITE_OVERVIEW_V1.0_part1.csv
F0066,dialogue_messages#04,4,3,4,DIRECT_OR_COMPUTED,database/002_runtime_runs_discussion.sql:L586@s2_send_message[INSERT explicit column]{DIRECT_OR_COMPUTED} | database/013_sprint3b_discussion_authority_and_request_identity.sql:L246@s2_send_message[INSERT explicit column]{DIRECT_OR_COMPUTED},database/030_sprint5_exact_session_messages.sql:L12@s5_send_message[INSERT explicit column]{DIRECT_OR_COMPUTED} | database/035_sprint6_focused_audit_corrections.sql:L40@s6_send_message_guarded[INSERT explicit column]{DIRECT_OR_COMPUTED},NO_HISTORICAL_FUNCTION_DEDUP,docs/plans/ROUND1_FIELD_READ_WRITE_OVERVIEW_V1.0_part1.csv
F0067,dialogue_messages#05,4,3,4,DIRECT_OR_COMPUTED,database/002_runtime_runs_discussion.sql:L586@s2_send_message[INSERT explicit column]{DIRECT_OR_COMPUTED} | database/013_sprint3b_discussion_authority_and_request_identity.sql:L246@s2_send_message[INSERT explicit column]{DIRECT_OR_COMPUTED},database/030_sprint5_exact_session_messages.sql:L12@s5_send_message[INSERT explicit column]{DIRECT_OR_COMPUTED} | database/035_sprint6_focused_audit_corrections.sql:L40@s6_send_message_guarded[INSERT explicit column]{DIRECT_OR_COMPUTED},NO_HISTORICAL_FUNCTION_DEDUP,docs/plans/ROUND1_FIELD_READ_WRITE_OVERVIEW_V1.0_part1.csv
F0068,dialogue_messages#06,4,3,4,DIRECT_OR_COMPUTED,database/002_runtime_runs_discussion.sql:L586@s2_send_message[INSERT explicit column]{DIRECT_OR_COMPUTED} | database/013_sprint3b_discussion_authority_and_request_identity.sql:L246@s2_send_message[INSERT explicit column]{DIRECT_OR_COMPUTED},database/030_sprint5_exact_session_messages.sql:L12@s5_send_message[INSERT explicit column]{DIRECT_OR_COMPUTED} | database/035_sprint6_focused_audit_corrections.sql:L40@s6_send_message_guarded[INSERT explicit column]{DIRECT_OR_COMPUTED},NO_HISTORICAL_FUNCTION_DEDUP,docs/plans/ROUND1_FIELD_READ_WRITE_OVERVIEW_V1.0_part1.csv
F0069,dialogue_messages#07,4,3,4,DIRECT_OR_COMPUTED,database/002_runtime_runs_discussion.sql:L586@s2_send_message[INSERT explicit column]{DIRECT_OR_COMPUTED} | database/013_sprint3b_discussion_authority_and_request_identity.sql:L246@s2_send_message[INSERT explicit column]{DIRECT_OR_COMPUTED},database/030_sprint5_exact_session_messages.sql:L12@s5_send_message[INSERT explicit column]{DIRECT_OR_COMPUTED} | database/035_sprint6_focused_audit_corrections.sql:L40@s6_send_message_guarded[INSERT explicit column]{DIRECT_OR_COMPUTED},NO_HISTORICAL_FUNCTION_DEDUP,docs/plans/ROUND1_FIELD_READ_WRITE_OVERVIEW_V1.0_part1.csv
F0070,dialogue_messages#08,4,3,4,DIRECT_OR_COMPUTED,database/002_runtime_runs_discussion.sql:L586@s2_send_message[INSERT explicit column]{DIRECT_OR_COMPUTED} | database/013_sprint3b_discussion_authority_and_request_identity.sql:L246@s2_send_message[INSERT explicit column]{DIRECT_OR_COMPUTED},database/030_sprint5_exact_session_messages.sql:L12@s5_send_message[INSERT explicit column]{DIRECT_OR_COMPUTED} | database/035_sprint6_focused_audit_corrections.sql:L40@s6_send_message_guarded[INSERT explicit column]{DIRECT_OR_COMPUTED},NO_HISTORICAL_FUNCTION_DEDUP,docs/plans/ROUND1_FIELD_READ_WRITE_OVERVIEW_V1.0_part1.csv
F0071,dialogue_messages#09,0,0,0,NONE,,,NO_HISTORICAL_FUNCTION_DEDUP,docs/plans/ROUND1_FIELD_READ_WRITE_OVERVIEW_V1.0_part1.csv
F0072,dialogue_messages#10,2,2,2,DIRECT_OR_COMPUTED,database/013_sprint3b_discussion_authority_and_request_identity.sql:L246@s2_send_message[INSERT explicit column]{DIRECT_OR_COMPUTED} | database/030_sprint5_exact_session_messages.sql:L12@s5_send_message[INSERT explicit column]{DIRECT_OR_COMPUTED},database/013_sprint3b_discussion_authority_and_request_identity.sql:L246@s2_send_message[INSERT explicit column]{DIRECT_OR_COMPUTED} | database/030_sprint5_exact_session_messages.sql:L12@s5_send_message[INSERT explicit column]{DIRECT_OR_COMPUTED},NO_HISTORICAL_FUNCTION_DEDUP,docs/plans/ROUND1_FIELD_READ_WRITE_OVERVIEW_V1.0_part1.csv
F0073,discussion_sessions#01,4,3,3,DIRECT_OR_COMPUTED,database/028_sprint5_round_event_link.sql:L27@TOP_LEVEL[INSERT explicit column]{DIRECT_OR_COMPUTED} | database/028_sprint5_round_event_link.sql:L5@s5_mirror_round_for_audit[INSERT explicit column]{DIRECT_OR_COMPUTED},database/029_sprint5_canonical_discussion_localization.sql:L20@s5_configure_discussion[INSERT explicit column]{DIRECT_OR_COMPUTED} | database/032_sprint5_discussion_creation_restore.sql:L9@s5_configure_discussion[INSERT explicit column]{DIRECT_OR_COMPUTED},NO_HISTORICAL_FUNCTION_DEDUP,docs/plans/ROUND1_FIELD_READ_WRITE_OVERVIEW_V1.0_part1.csv
F0074,discussion_sessions#02,15,9,10,DIRECT_OR_COMPUTED,database/002_runtime_runs_discussion.sql:L342@s2_open_discussion[INSERT explicit column]{DIRECT_OR_COMPUTED} | database/002_runtime_runs_discussion.sql:L735@s2_submit_vote[INSERT explicit column]{DIRECT_OR_COMPUTED},database/054_level3_integrated_closure.sql:L55@teacher_apply_override[INSERT explicit column]{DIRECT_OR_COMPUTED} | database/054_level3_integrated_closure.sql:L85@teacher_apply_override[INSERT explicit column]{DIRECT_OR_COMPUTED},NO_HISTORICAL_FUNCTION_DEDUP,docs/plans/ROUND1_FIELD_READ_WRITE_OVERVIEW_V1.0_part1.csv
F0075,discussion_sessions#03,16,9,10,DIRECT_OR_COMPUTED,database/002_runtime_runs_discussion.sql:L342@s2_open_discussion[INSERT explicit column]{DIRECT_OR_COMPUTED} | database/002_runtime_runs_discussion.sql:L735@s2_submit_vote[INSERT explicit column]{DIRECT_OR_COMPUTED},database/054_level3_integrated_closure.sql:L55@teacher_apply_override[INSERT explicit column]{DIRECT_OR_COMPUTED} | database/054_level3_integrated_closure.sql:L85@teacher_apply_override[INSERT explicit column]{DIRECT_OR_COMPUTED},NO_HISTORICAL_FUNCTION_DEDUP,docs/plans/ROUND1_FIELD_READ_WRITE_OVERVIEW_V1.0_part1.csv
F0076,discussion_sessions#04,18,9,11,DIRECT_OR_COMPUTED,database/002_runtime_runs_discussion.sql:L342@s2_open_discussion[INSERT explicit column]{DIRECT_OR_COMPUTED} | database/002_runtime_runs_discussion.sql:L735@s2_submit_vote[INSERT explicit column]{DIRECT_OR_COMPUTED},database/054_level3_integrated_closure.sql:L55@teacher_apply_override[INSERT explicit column]{DIRECT_OR_COMPUTED} | database/054_level3_integrated_closure.sql:L85@teacher_apply_override[INSERT explicit column]{DIRECT_OR_COMPUTED},NO_HISTORICAL_FUNCTION_DEDUP,docs/plans/ROUND1_FIELD_READ_WRITE_OVERVIEW_V1.0_part1.csv
F0077,discussion_sessions#05,16,9,10,DIRECT_OR_COMPUTED,database/002_runtime_runs_discussion.sql:L342@s2_open_discussion[INSERT explicit column]{DIRECT_OR_COMPUTED} | database/002_runtime_runs_discussion.sql:L735@s2_submit_vote[INSERT explicit column]{DIRECT_OR_COMPUTED},database/054_level3_integrated_closure.sql:L55@teacher_apply_override[INSERT explicit column]{DIRECT_OR_COMPUTED} | database/054_level3_integrated_closure.sql:L85@teacher_apply_override[INSERT explicit column]{DIRECT_OR_COMPUTED},NO_HISTORICAL_FUNCTION_DEDUP,docs/plans/ROUND1_FIELD_READ_WRITE_OVERVIEW_V1.0_part1.csv
F0078,discussion_sessions#06,15,9,10,DIRECT_OR_COMPUTED,database/002_runtime_runs_discussion.sql:L342@s2_open_discussion[INSERT explicit column]{DIRECT_OR_COMPUTED} | database/002_runtime_runs_discussion.sql:L735@s2_submit_vote[INSERT explicit column]{DIRECT_OR_COMPUTED},database/054_level3_integrated_closure.sql:L55@teacher_apply_override[INSERT explicit column]{DIRECT_OR_COMPUTED} | database/054_level3_integrated_closure.sql:L85@teacher_apply_override[INSERT explicit column]{DIRECT_OR_COMPUTED},NO_HISTORICAL_FUNCTION_DEDUP,docs/plans/ROUND1_FIELD_READ_WRITE_OVERVIEW_V1.0_part1.csv
F0079,discussion_sessions#07,15,9,10,DIRECT_OR_COMPUTED,database/002_runtime_runs_discussion.sql:L342@s2_open_discussion[INSERT explicit column]{DIRECT_OR_COMPUTED} | database/002_runtime_runs_discussion.sql:L735@s2_submit_vote[INSERT explicit column]{DIRECT_OR_COMPUTED},database/054_level3_integrated_closure.sql:L55@teacher_apply_override[INSERT explicit column]{DIRECT_OR_COMPUTED} | database/054_level3_integrated_closure.sql:L85@teacher_apply_override[INSERT explicit column]{DIRECT_OR_COMPUTED},NO_HISTORICAL_FUNCTION_DEDUP,docs/plans/ROUND1_FIELD_READ_WRITE_OVERVIEW_V1.0_part1.csv
F0080,discussion_sessions#08,15,9,10,DIRECT_OR_COMPUTED,database/002_runtime_runs_discussion.sql:L342@s2_open_discussion[INSERT explicit column]{DIRECT_OR_COMPUTED} | database/002_runtime_runs_discussion.sql:L735@s2_submit_vote[INSERT explicit column]{DIRECT_OR_COMPUTED},database/054_level3_integrated_closure.sql:L55@teacher_apply_override[INSERT explicit column]{DIRECT_OR_COMPUTED} | database/054_level3_integrated_closure.sql:L85@teacher_apply_override[INSERT explicit column]{DIRECT_OR_COMPUTED},NO_HISTORICAL_FUNCTION_DEDUP,docs/plans/ROUND1_FIELD_READ_WRITE_OVERVIEW_V1.0_part1.csv
F0081,discussion_sessions#09,29,13,12,DIRECT_OR_COMPUTED,database/002_runtime_runs_discussion.sql:L403@s2_refresh_discussion[UPDATE SET]{DIRECT_OR_COMPUTED} | database/002_runtime_runs_discussion.sql:L414@s2_refresh_discussion[UPDATE SET]{DIRECT_OR_COMPUTED},database/054_level3_integrated_closure.sql:L63@teacher_apply_override[UPDATE SET]{DIRECT_OR_COMPUTED} | database/054_level3_integrated_closure.sql:L92@teacher_apply_override[UPDATE SET]{DIRECT_OR_COMPUTED},NO_HISTORICAL_FUNCTION_DEDUP,docs/plans/ROUND1_FIELD_READ_WRITE_OVERVIEW_V1.0_part1.csv
F0082,discussion_sessions#10,3,1,3,DIRECT_OR_COMPUTED,database/029_sprint5_canonical_discussion_localization.sql:L31@s5_configure_discussion[UPDATE SET]{DIRECT_OR_COMPUTED} | database/031_sprint5_focused_reaudit_corrections.sql:L9@s5_configure_discussion[UPDATE SET]{DIRECT_OR_COMPUTED},database/031_sprint5_focused_reaudit_corrections.sql:L9@s5_configure_discussion[UPDATE SET]{DIRECT_OR_COMPUTED} | database/032_sprint5_discussion_creation_restore.sql:L11@s5_configure_discussion[UPDATE SET]{DIRECT_OR_COMPUTED},NO_HISTORICAL_FUNCTION_DEDUP,docs/plans/ROUND1_FIELD_READ_WRITE_OVERVIEW_V1.0_part1.csv
F0083,discussion_sessions#11,38,18,14,DIRECT_OR_COMPUTED|DERIVED_OR_COPY,database/002_runtime_runs_discussion.sql:L342@s2_open_discussion[INSERT explicit column]{DIRECT_OR_COMPUTED} | database/002_runtime_runs_discussion.sql:L403@s2_refresh_discussion[UPDATE SET]{DERIVED_OR_COPY},database/054_level3_integrated_closure.sql:L55@teacher_apply_override[INSERT explicit column]{DIRECT_OR_COMPUTED} | database/054_level3_integrated_closure.sql:L85@teacher_apply_override[INSERT explicit column]{DIRECT_OR_COMPUTED},NO_HISTORICAL_FUNCTION_DEDUP,docs/plans/ROUND1_FIELD_READ_WRITE_OVERVIEW_V1.0_part1.csv
F0084,discussion_sessions#12,20,10,11,DIRECT_OR_COMPUTED,database/002_runtime_runs_discussion.sql:L414@s2_refresh_discussion[UPDATE SET]{DIRECT_OR_COMPUTED} | database/002_runtime_runs_discussion.sql:L692@s2_submit_vote[UPDATE SET]{DIRECT_OR_COMPUTED},database/054_level3_integrated_closure.sql:L63@teacher_apply_override[UPDATE SET]{DIRECT_OR_COMPUTED} | database/054_level3_integrated_closure.sql:L92@teacher_apply_override[UPDATE SET]{DIRECT_OR_COMPUTED},NO_HISTORICAL_FUNCTION_DEDUP,docs/plans/ROUND1_FIELD_READ_WRITE_OVERVIEW_V1.0_part1.csv
F0085,discussion_sessions#13,24,10,11,DIRECT_OR_COMPUTED,database/002_runtime_runs_discussion.sql:L414@s2_refresh_discussion[UPDATE SET]{DIRECT_OR_COMPUTED} | database/002_runtime_runs_discussion.sql:L692@s2_submit_vote[UPDATE SET]{DIRECT_OR_COMPUTED},database/054_level3_integrated_closure.sql:L63@teacher_apply_override[UPDATE SET]{DIRECT_OR_COMPUTED} | database/054_level3_integrated_closure.sql:L92@teacher_apply_override[UPDATE SET]{DIRECT_OR_COMPUTED},NO_HISTORICAL_FUNCTION_DEDUP,docs/plans/ROUND1_FIELD_READ_WRITE_OVERVIEW_V1.0_part1.csv
F0086,discussion_sessions#14,18,9,11,DIRECT_OR_COMPUTED,database/002_runtime_runs_discussion.sql:L342@s2_open_discussion[INSERT explicit column]{DIRECT_OR_COMPUTED} | database/002_runtime_runs_discussion.sql:L735@s2_submit_vote[INSERT explicit column]{DIRECT_OR_COMPUTED},database/054_level3_integrated_closure.sql:L55@teacher_apply_override[INSERT explicit column]{DIRECT_OR_COMPUTED} | database/054_level3_integrated_closure.sql:L85@teacher_apply_override[INSERT explicit column]{DIRECT_OR_COMPUTED},NO_HISTORICAL_FUNCTION_DEDUP,docs/plans/ROUND1_FIELD_READ_WRITE_OVERVIEW_V1.0_part1.csv
F0087,discussion_sessions#15,8,4,5,DIRECT_OR_COMPUTED,database/028_sprint5_round_event_link.sql:L27@TOP_LEVEL[INSERT explicit column]{DIRECT_OR_COMPUTED} | database/028_sprint5_round_event_link.sql:L5@s5_mirror_round_for_audit[INSERT explicit column]{DIRECT_OR_COMPUTED},database/032_sprint5_discussion_creation_restore.sql:L9@s5_configure_discussion[INSERT explicit column]{DIRECT_OR_COMPUTED} | database/035_sprint6_focused_audit_corrections.sql:L32@s6_open_discussion[INSERT explicit column]{DIRECT_OR_COMPUTED},NO_HISTORICAL_FUNCTION_DEDUP,docs/plans/ROUND1_FIELD_READ_WRITE_OVERVIEW_V1.0_part1.csv
F0088,discussion_sessions#16,18,9,11,DIRECT_OR_COMPUTED,database/002_runtime_runs_discussion.sql:L342@s2_open_discussion[INSERT explicit column]{DIRECT_OR_COMPUTED} | database/002_runtime_runs_discussion.sql:L735@s2_submit_vote[INSERT explicit column]{DIRECT_OR_COMPUTED},database/054_level3_integrated_closure.sql:L55@teacher_apply_override[INSERT explicit column]{DIRECT_OR_COMPUTED} | database/054_level3_integrated_closure.sql:L85@teacher_apply_override[INSERT explicit column]{DIRECT_OR_COMPUTED},NO_HISTORICAL_FUNCTION_DEDUP,docs/plans/ROUND1_FIELD_READ_WRITE_OVERVIEW_V1.0_part1.csv
F0089,discussion_sessions#17,18,9,11,DIRECT_OR_COMPUTED,database/002_runtime_runs_discussion.sql:L342@s2_open_discussion[INSERT explicit column]{DIRECT_OR_COMPUTED} | database/002_runtime_runs_discussion.sql:L735@s2_submit_vote[INSERT explicit column]{DIRECT_OR_COMPUTED},database/054_level3_integrated_closure.sql:L55@teacher_apply_override[INSERT explicit column]{DIRECT_OR_COMPUTED} | database/054_level3_integrated_closure.sql:L85@teacher_apply_override[INSERT explicit column]{DIRECT_OR_COMPUTED},NO_HISTORICAL_FUNCTION_DEDUP,docs/plans/ROUND1_FIELD_READ_WRITE_OVERVIEW_V1.0_part1.csv
F0090,discussion_sessions#18,18,9,11,DIRECT_OR_COMPUTED,database/002_runtime_runs_discussion.sql:L342@s2_open_discussion[INSERT explicit column]{DIRECT_OR_COMPUTED} | database/002_runtime_runs_discussion.sql:L735@s2_submit_vote[INSERT explicit column]{DIRECT_OR_COMPUTED},database/054_level3_integrated_closure.sql:L55@teacher_apply_override[INSERT explicit column]{DIRECT_OR_COMPUTED} | database/054_level3_integrated_closure.sql:L85@teacher_apply_override[INSERT explicit column]{DIRECT_OR_COMPUTED},NO_HISTORICAL_FUNCTION_DEDUP,docs/plans/ROUND1_FIELD_READ_WRITE_OVERVIEW_V1.0_part1.csv
F0091,discussion_sessions#19,13,6,9,DIRECT_OR_COMPUTED,database/002_runtime_runs_discussion.sql:L342@s2_open_discussion[INSERT explicit column]{DIRECT_OR_COMPUTED} | database/002_runtime_runs_discussion.sql:L735@s2_submit_vote[INSERT explicit column]{DIRECT_OR_COMPUTED},database/054_level3_integrated_closure.sql:L55@teacher_apply_override[INSERT explicit column]{DIRECT_OR_COMPUTED} | database/054_level3_integrated_closure.sql:L85@teacher_apply_override[INSERT explicit column]{DIRECT_OR_COMPUTED},NO_HISTORICAL_FUNCTION_DEDUP,docs/plans/ROUND1_FIELD_READ_WRITE_OVERVIEW_V1.0_part1.csv
F0092,discussion_sessions#20,13,6,9,DIRECT_OR_COMPUTED,database/002_runtime_runs_discussion.sql:L342@s2_open_discussion[INSERT explicit column]{DIRECT_OR_COMPUTED} | database/002_runtime_runs_discussion.sql:L735@s2_submit_vote[INSERT explicit column]{DIRECT_OR_COMPUTED},database/054_level3_integrated_closure.sql:L55@teacher_apply_override[INSERT explicit column]{DIRECT_OR_COMPUTED} | database/054_level3_integrated_closure.sql:L85@teacher_apply_override[INSERT explicit column]{DIRECT_OR_COMPUTED},NO_HISTORICAL_FUNCTION_DEDUP,docs/plans/ROUND1_FIELD_READ_WRITE_OVERVIEW_V1.0_part1.csv
F0093,discussion_sessions#21,13,6,9,DIRECT_OR_COMPUTED,database/002_runtime_runs_discussion.sql:L342@s2_open_discussion[INSERT explicit column]{DIRECT_OR_COMPUTED} | database/002_runtime_runs_discussion.sql:L735@s2_submit_vote[INSERT explicit column]{DIRECT_OR_COMPUTED},database/054_level3_integrated_closure.sql:L55@teacher_apply_override[INSERT explicit column]{DIRECT_OR_COMPUTED} | database/054_level3_integrated_closure.sql:L85@teacher_apply_override[INSERT explicit column]{DIRECT_OR_COMPUTED},NO_HISTORICAL_FUNCTION_DEDUP,docs/plans/ROUND1_FIELD_READ_WRITE_OVERVIEW_V1.0_part1.csv
F0094,discussion_sessions#22,0,0,0,NONE,,,NO_HISTORICAL_FUNCTION_DEDUP,docs/plans/ROUND1_FIELD_READ_WRITE_OVERVIEW_V1.0_part1.csv
F0095,discussion_sessions#23,0,0,0,NONE,,,NO_HISTORICAL_FUNCTION_DEDUP,docs/plans/ROUND1_FIELD_READ_WRITE_OVERVIEW_V1.0_part1.csv
F0096,discussion_sessions#24,18,9,11,DIRECT_OR_COMPUTED,database/002_runtime_runs_discussion.sql:L342@s2_open_discussion[INSERT explicit column]{DIRECT_OR_COMPUTED} | database/002_runtime_runs_discussion.sql:L735@s2_submit_vote[INSERT explicit column]{DIRECT_OR_COMPUTED},database/054_level3_integrated_closure.sql:L55@teacher_apply_override[INSERT explicit column]{DIRECT_OR_COMPUTED} | database/054_level3_integrated_closure.sql:L85@teacher_apply_override[INSERT explicit column]{DIRECT_OR_COMPUTED},NO_HISTORICAL_FUNCTION_DEDUP,docs/plans/ROUND1_FIELD_READ_WRITE_OVERVIEW_V1.0_part1.csv
F0097,discussion_sessions#25,18,9,11,DIRECT_OR_COMPUTED,database/002_runtime_runs_discussion.sql:L342@s2_open_discussion[INSERT explicit column]{DIRECT_OR_COMPUTED} | database/002_runtime_runs_discussion.sql:L735@s2_submit_vote[INSERT explicit column]{DIRECT_OR_COMPUTED},database/054_level3_integrated_closure.sql:L55@teacher_apply_override[INSERT explicit column]{DIRECT_OR_COMPUTED} | database/054_level3_integrated_closure.sql:L85@teacher_apply_override[INSERT explicit column]{DIRECT_OR_COMPUTED},NO_HISTORICAL_FUNCTION_DEDUP,docs/plans/ROUND1_FIELD_READ_WRITE_OVERVIEW_V1.0_part1.csv
F0098,discussion_sessions#26,18,9,11,DIRECT_OR_COMPUTED,database/002_runtime_runs_discussion.sql:L342@s2_open_discussion[INSERT explicit column]{DIRECT_OR_COMPUTED} | database/002_runtime_runs_discussion.sql:L735@s2_submit_vote[INSERT explicit column]{DIRECT_OR_COMPUTED},database/054_level3_integrated_closure.sql:L55@teacher_apply_override[INSERT explicit column]{DIRECT_OR_COMPUTED} | database/054_level3_integrated_closure.sql:L85@teacher_apply_override[INSERT explicit column]{DIRECT_OR_COMPUTED},NO_HISTORICAL_FUNCTION_DEDUP,docs/plans/ROUND1_FIELD_READ_WRITE_OVERVIEW_V1.0_part1.csv
F0099,discussion_sessions#27,3,1,3,DIRECT_OR_COMPUTED,database/029_sprint5_canonical_discussion_localization.sql:L32@s5_configure_discussion[UPDATE SET]{DIRECT_OR_COMPUTED} | database/031_sprint5_focused_reaudit_corrections.sql:L9@s5_configure_discussion[UPDATE SET]{DIRECT_OR_COMPUTED},database/031_sprint5_focused_reaudit_corrections.sql:L9@s5_configure_discussion[UPDATE SET]{DIRECT_OR_COMPUTED} | database/032_sprint5_discussion_creation_restore.sql:L11@s5_configure_discussion[UPDATE SET]{DIRECT_OR_COMPUTED},NO_HISTORICAL_FUNCTION_DEDUP,docs/plans/ROUND1_FIELD_READ_WRITE_OVERVIEW_V1.0_part1.csv
F0100,discussion_sessions#28,3,1,3,DIRECT_OR_COMPUTED,database/029_sprint5_canonical_discussion_localization.sql:L32@s5_configure_discussion[UPDATE SET]{DIRECT_OR_COMPUTED} | database/031_sprint5_focused_reaudit_corrections.sql:L9@s5_configure_discussion[UPDATE SET]{DIRECT_OR_COMPUTED},database/031_sprint5_focused_reaudit_corrections.sql:L9@s5_configure_discussion[UPDATE SET]{DIRECT_OR_COMPUTED} | database/032_sprint5_discussion_creation_restore.sql:L11@s5_configure_discussion[UPDATE SET]{DIRECT_OR_COMPUTED},NO_HISTORICAL_FUNCTION_DEDUP,docs/plans/ROUND1_FIELD_READ_WRITE_OVERVIEW_V1.0_part1.csv
F0101,discussion_sessions#29,3,1,3,DIRECT_OR_COMPUTED,database/029_sprint5_canonical_discussion_localization.sql:L33@s5_configure_discussion[UPDATE SET]{DIRECT_OR_COMPUTED} | database/031_sprint5_focused_reaudit_corrections.sql:L9@s5_configure_discussion[UPDATE SET]{DIRECT_OR_COMPUTED},database/031_sprint5_focused_reaudit_corrections.sql:L9@s5_configure_discussion[UPDATE SET]{DIRECT_OR_COMPUTED} | database/032_sprint5_discussion_creation_restore.sql:L11@s5_configure_discussion[UPDATE SET]{DIRECT_OR_COMPUTED},NO_HISTORICAL_FUNCTION_DEDUP,docs/plans/ROUND1_FIELD_READ_WRITE_OVERVIEW_V1.0_part1.csv
F0102,game_runs#01,0,0,0,NONE,,,NO_HISTORICAL_FUNCTION_DEDUP,docs/plans/ROUND1_FIELD_READ_WRITE_OVERVIEW_V1.0_part1.csv
F0103,game_runs#02,1,1,1,DIRECT_OR_COMPUTED,database/002_runtime_runs_discussion.sql:L206@s2_start_run[INSERT explicit column]{DIRECT_OR_COMPUTED},database/002_runtime_runs_discussion.sql:L206@s2_start_run[INSERT explicit column]{DIRECT_OR_COMPUTED},NO_HISTORICAL_FUNCTION_DEDUP,docs/plans/ROUND1_FIELD_READ_WRITE_OVERVIEW_V1.0_part1.csv
F0104,game_runs#03,0,0,0,NONE,,,NO_HISTORICAL_FUNCTION_DEDUP,docs/plans/ROUND1_FIELD_READ_WRITE_OVERVIEW_V1.0_part1.csv
F0105,game_runs#04,1,1,1,DIRECT_OR_COMPUTED,database/002_runtime_runs_discussion.sql:L206@s2_start_run[INSERT explicit column]{DIRECT_OR_COMPUTED},database/002_runtime_runs_discussion.sql:L206@s2_start_run[INSERT explicit column]{DIRECT_OR_COMPUTED},NO_HISTORICAL_FUNCTION_DEDUP,docs/plans/ROUND1_FIELD_READ_WRITE_OVERVIEW_V1.0_part1.csv
F0106,game_runs#05,1,1,1,DIRECT_OR_COMPUTED,database/002_runtime_runs_discussion.sql:L206@s2_start_run[INSERT explicit column]{DIRECT_OR_COMPUTED},database/002_runtime_runs_discussion.sql:L206@s2_start_run[INSERT explicit column]{DIRECT_OR_COMPUTED},NO_HISTORICAL_FUNCTION_DEDUP,docs/plans/ROUND1_FIELD_READ_WRITE_OVERVIEW_V1.0_part1.csv
F0107,game_runs#06,2,1,2,DIRECT_OR_COMPUTED,database/048_sprint8_focused_level1_corrections.sql:L72@s8_finalize[UPDATE SET]{DIRECT_OR_COMPUTED} | database/049_sprint8_final_closure.sql:L169@s8_finalize[UPDATE SET]{DIRECT_OR_COMPUTED},database/048_sprint8_focused_level1_corrections.sql:L72@s8_finalize[UPDATE SET]{DIRECT_OR_COMPUTED} | database/049_sprint8_final_closure.sql:L169@s8_finalize[UPDATE SET]{DIRECT_OR_COMPUTED},NO_HISTORICAL_FUNCTION_DEDUP,docs/plans/ROUND1_FIELD_READ_WRITE_OVERVIEW_V1.0_part1.csv
F0108,game_runs#07,3,1,3,DIRECT_OR_COMPUTED,database/046_sprint8_act14_finalization_export.sql:L56@s8_finalize[UPDATE SET]{DIRECT_OR_COMPUTED} | database/048_sprint8_focused_level1_corrections.sql:L72@s8_finalize[UPDATE SET]{DIRECT_OR_COMPUTED},database/048_sprint8_focused_level1_corrections.sql:L72@s8_finalize[UPDATE SET]{DIRECT_OR_COMPUTED} | database/049_sprint8_final_closure.sql:L169@s8_finalize[UPDATE SET]{DIRECT_OR_COMPUTED},NO_HISTORICAL_FUNCTION_DEDUP,docs/plans/ROUND1_FIELD_READ_WRITE_OVERVIEW_V1.0_part1.csv
F0109,game_runs#08,3,1,3,DIRECT_OR_COMPUTED,database/046_sprint8_act14_finalization_export.sql:L56@s8_finalize[UPDATE SET]{DIRECT_OR_COMPUTED} | database/048_sprint8_focused_level1_corrections.sql:L72@s8_finalize[UPDATE SET]{DIRECT_OR_COMPUTED},database/048_sprint8_focused_level1_corrections.sql:L72@s8_finalize[UPDATE SET]{DIRECT_OR_COMPUTED} | database/049_sprint8_final_closure.sql:L169@s8_finalize[UPDATE SET]{DIRECT_OR_COMPUTED},NO_HISTORICAL_FUNCTION_DEDUP,docs/plans/ROUND1_FIELD_READ_WRITE_OVERVIEW_V1.0_part1.csv
F0110,game_runs#09,3,1,3,DIRECT_OR_COMPUTED,database/046_sprint8_act14_finalization_export.sql:L56@s8_finalize[UPDATE SET]{DIRECT_OR_COMPUTED} | database/048_sprint8_focused_level1_corrections.sql:L72@s8_finalize[UPDATE SET]{DIRECT_OR_COMPUTED},database/048_sprint8_focused_level1_corrections.sql:L72@s8_finalize[UPDATE SET]{DIRECT_OR_COMPUTED} | database/049_sprint8_final_closure.sql:L169@s8_finalize[UPDATE SET]{DIRECT_OR_COMPUTED},NO_HISTORICAL_FUNCTION_DEDUP,docs/plans/ROUND1_FIELD_READ_WRITE_OVERVIEW_V1.0_part1.csv
F0111,game_runs#10,4,3,4,EXPLICIT_COPY|DIRECT_OR_COMPUTED,database/002_runtime_runs_discussion.sql:L360@s2_open_discussion[UPDATE SET]{EXPLICIT_COPY} | database/003_sprint2_discussionroom_audit_fix.sql:L135@s2_open_discussion[UPDATE SET]{EXPLICIT_COPY},database/007_sprint3b_act1_5_placeholder_flow.sql:L189@s3b_follow_sign[UPDATE SET]{DIRECT_OR_COMPUTED} | database/054_level3_integrated_closure.sql:L77@teacher_apply_override[UPDATE SET]{DIRECT_OR_COMPUTED},NO_HISTORICAL_FUNCTION_DEDUP,docs/plans/ROUND1_FIELD_READ_WRITE_OVERVIEW_V1.0_part1.csv
F0112,game_runs#11,0,0,0,NONE,,,NO_HISTORICAL_FUNCTION_DEDUP,docs/plans/ROUND1_FIELD_READ_WRITE_OVERVIEW_V1.0_part1.csv
F0113,game_runs#12,2,2,2,DIRECT_OR_COMPUTED,database/014b_sprint3b_targeted_closure_corrections.sql:L197@s3b_audit_set_private_debug_view[UPDATE SET]{DIRECT_OR_COMPUTED} | database/043_sprint7_teacher_console.sql:L17@s7_set_audit_private_debug[UPDATE SET]{DIRECT_OR_COMPUTED},database/014b_sprint3b_targeted_closure_corrections.sql:L197@s3b_audit_set_private_debug_view[UPDATE SET]{DIRECT_OR_COMPUTED} | database/043_sprint7_teacher_console.sql:L17@s7_set_audit_private_debug[UPDATE SET]{DIRECT_OR_COMPUTED},NO_HISTORICAL_FUNCTION_DEDUP,docs/plans/ROUND1_FIELD_READ_WRITE_OVERVIEW_V1.0_part1.csv
F0114,game_runs#13,2,1,2,DIRECT_OR_COMPUTED,database/015_sprint3c_minimal_safe_teacher_override.sql:L108@teacher_apply_override[UPDATE SET]{DIRECT_OR_COMPUTED} | database/054_level3_integrated_closure.sql:L104@teacher_apply_override[UPDATE SET]{DIRECT_OR_COMPUTED},database/015_sprint3c_minimal_safe_teacher_override.sql:L108@teacher_apply_override[UPDATE SET]{DIRECT_OR_COMPUTED} | database/054_level3_integrated_closure.sql:L104@teacher_apply_override[UPDATE SET]{DIRECT_OR_COMPUTED},NO_HISTORICAL_FUNCTION_DEDUP,docs/plans/ROUND1_FIELD_READ_WRITE_OVERVIEW_V1.0_part1.csv
F0115,game_runs#14,3,1,3,DIRECT_OR_COMPUTED,database/046_sprint8_act14_finalization_export.sql:L56@s8_finalize[UPDATE SET]{DIRECT_OR_COMPUTED} | database/048_sprint8_focused_level1_corrections.sql:L72@s8_finalize[UPDATE SET]{DIRECT_OR_COMPUTED},database/048_sprint8_focused_level1_corrections.sql:L72@s8_finalize[UPDATE SET]{DIRECT_OR_COMPUTED} | database/049_sprint8_final_closure.sql:L169@s8_finalize[UPDATE SET]{DIRECT_OR_COMPUTED},NO_HISTORICAL_FUNCTION_DEDUP,docs/plans/ROUND1_FIELD_READ_WRITE_OVERVIEW_V1.0_part1.csv
F0116,game_runs#15,3,1,3,DIRECT_OR_COMPUTED,database/046_sprint8_act14_finalization_export.sql:L56@s8_finalize[UPDATE SET]{DIRECT_OR_COMPUTED} | database/048_sprint8_focused_level1_corrections.sql:L72@s8_finalize[UPDATE SET]{DIRECT_OR_COMPUTED},database/048_sprint8_focused_level1_corrections.sql:L72@s8_finalize[UPDATE SET]{DIRECT_OR_COMPUTED} | database/049_sprint8_final_closure.sql:L169@s8_finalize[UPDATE SET]{DIRECT_OR_COMPUTED},NO_HISTORICAL_FUNCTION_DEDUP,docs/plans/ROUND1_FIELD_READ_WRITE_OVERVIEW_V1.0_part1.csv
F0117,game_runs#16,3,1,3,DIRECT_OR_COMPUTED,database/046_sprint8_act14_finalization_export.sql:L56@s8_finalize[UPDATE SET]{DIRECT_OR_COMPUTED} | database/048_sprint8_focused_level1_corrections.sql:L72@s8_finalize[UPDATE SET]{DIRECT_OR_COMPUTED},database/048_sprint8_focused_level1_corrections.sql:L72@s8_finalize[UPDATE SET]{DIRECT_OR_COMPUTED} | database/049_sprint8_final_closure.sql:L169@s8_finalize[UPDATE SET]{DIRECT_OR_COMPUTED},NO_HISTORICAL_FUNCTION_DEDUP,docs/plans/ROUND1_FIELD_READ_WRITE_OVERVIEW_V1.0_part1.csv
F0118,game_runs#17,3,1,3,DIRECT_OR_COMPUTED,database/046_sprint8_act14_finalization_export.sql:L56@s8_finalize[UPDATE SET]{DIRECT_OR_COMPUTED} | database/048_sprint8_focused_level1_corrections.sql:L72@s8_finalize[UPDATE SET]{DIRECT_OR_COMPUTED},database/048_sprint8_focused_level1_corrections.sql:L72@s8_finalize[UPDATE SET]{DIRECT_OR_COMPUTED} | database/049_sprint8_final_closure.sql:L169@s8_finalize[UPDATE SET]{DIRECT_OR_COMPUTED},NO_HISTORICAL_FUNCTION_DEDUP,docs/plans/ROUND1_FIELD_READ_WRITE_OVERVIEW_V1.0_part1.csv
F0119,runtime_events#01,0,0,0,NONE,,,NO_HISTORICAL_FUNCTION_DEDUP,docs/plans/ROUND1_FIELD_READ_WRITE_OVERVIEW_V1.0_part1.csv
F0120,runtime_events#02,19,11,11,DIRECT_OR_COMPUTED,database/002_runtime_runs_discussion.sql:L158@s2_log_event[INSERT explicit column]{DIRECT_OR_COMPUTED} | database/014_sprint3b_evidence_and_puzzle_integrity.sql:L114@s2_log_event[INSERT explicit column]{DIRECT_OR_COMPUTED},database/049_sprint8_final_closure.sql:L170@s8_finalize[INSERT explicit column]{DIRECT_OR_COMPUTED} | database/054_level3_integrated_closure.sql:L102@teacher_apply_override[INSERT explicit column]{DIRECT_OR_COMPUTED},NO_HISTORICAL_FUNCTION_DEDUP,docs/plans/ROUND1_FIELD_READ_WRITE_OVERVIEW_V1.0_part1.csv
F0121,runtime_events#03,19,11,11,DIRECT_OR_COMPUTED,database/002_runtime_runs_discussion.sql:L158@s2_log_event[INSERT explicit column]{DIRECT_OR_COMPUTED} | database/014_sprint3b_evidence_and_puzzle_integrity.sql:L114@s2_log_event[INSERT explicit column]{DIRECT_OR_COMPUTED},database/049_sprint8_final_closure.sql:L170@s8_finalize[INSERT explicit column]{DIRECT_OR_COMPUTED} | database/054_level3_integrated_closure.sql:L102@teacher_apply_override[INSERT explicit column]{DIRECT_OR_COMPUTED},NO_HISTORICAL_FUNCTION_DEDUP,docs/plans/ROUND1_FIELD_READ_WRITE_OVERVIEW_V1.0_part1.csv
F0122,runtime_events#04,10,7,6,DIRECT_OR_COMPUTED,database/002_runtime_runs_discussion.sql:L158@s2_log_event[INSERT explicit column]{DIRECT_OR_COMPUTED} | database/014_sprint3b_evidence_and_puzzle_integrity.sql:L114@s2_log_event[INSERT explicit column]{DIRECT_OR_COMPUTED},database/045_sprint7_teacher_intervention_provenance.sql:L32@s5_teacher_add_time[INSERT explicit column]{DIRECT_OR_COMPUTED} | database/045_sprint7_teacher_intervention_provenance.sql:L8@s7_mirror_teacher_discussion_event[INSERT explicit column]{DIRECT_OR_COMPUTED},NO_HISTORICAL_FUNCTION_DEDUP,docs/plans/ROUND1_FIELD_READ_WRITE_OVERVIEW_V1.0_part1.csv
F0123,runtime_events#05,19,11,11,DIRECT_OR_COMPUTED,database/002_runtime_runs_discussion.sql:L158@s2_log_event[INSERT explicit column]{DIRECT_OR_COMPUTED} | database/014_sprint3b_evidence_and_puzzle_integrity.sql:L114@s2_log_event[INSERT explicit column]{DIRECT_OR_COMPUTED},database/049_sprint8_final_closure.sql:L170@s8_finalize[INSERT explicit column]{DIRECT_OR_COMPUTED} | database/054_level3_integrated_closure.sql:L102@teacher_apply_override[INSERT explicit column]{DIRECT_OR_COMPUTED},NO_HISTORICAL_FUNCTION_DEDUP,docs/plans/ROUND1_FIELD_READ_WRITE_OVERVIEW_V1.0_part1.csv
F0124,runtime_events#06,9,4,8,DIRECT_OR_COMPUTED,database/002_runtime_runs_discussion.sql:L158@s2_log_event[INSERT explicit column]{DIRECT_OR_COMPUTED} | database/014_sprint3b_evidence_and_puzzle_integrity.sql:L114@s2_log_event[INSERT explicit column]{DIRECT_OR_COMPUTED},database/048_sprint8_focused_level1_corrections.sql:L73@s8_finalize[INSERT explicit column]{DIRECT_OR_COMPUTED} | database/049_sprint8_final_closure.sql:L170@s8_finalize[INSERT explicit column]{DIRECT_OR_COMPUTED},NO_HISTORICAL_FUNCTION_DEDUP,docs/plans/ROUND1_FIELD_READ_WRITE_OVERVIEW_V1.0_part1.csv
F0125,runtime_events#07,20,11,12,DIRECT_OR_COMPUTED|DERIVED_OR_COPY,database/002_runtime_runs_discussion.sql:L158@s2_log_event[INSERT explicit column]{DIRECT_OR_COMPUTED} | database/014_sprint3b_evidence_and_puzzle_integrity.sql:L114@s2_log_event[INSERT explicit column]{DIRECT_OR_COMPUTED},database/054_level3_integrated_closure.sql:L102@teacher_apply_override[INSERT explicit column]{DIRECT_OR_COMPUTED} | database/057_teacher_override_event_scope_consistency.sql:L23@teacher_apply_override[UPDATE SET]{DERIVED_OR_COPY},NO_HISTORICAL_FUNCTION_DEDUP,docs/plans/ROUND1_FIELD_READ_WRITE_OVERVIEW_V1.0_part1.csv
F0126,runtime_events#08,0,0,0,NONE,,,NO_HISTORICAL_FUNCTION_DEDUP,docs/plans/ROUND1_FIELD_READ_WRITE_OVERVIEW_V1.0_part1.csv
F0127,runtime_events#09,19,11,10,DIRECT_OR_COMPUTED|DERIVED_OR_COPY,database/014_sprint3b_evidence_and_puzzle_integrity.sql:L114@s2_log_event[INSERT explicit column]{DIRECT_OR_COMPUTED} | database/014_sprint3b_evidence_and_puzzle_integrity.sql:L154@s3b_log_formal_event[INSERT explicit column]{DIRECT_OR_COMPUTED},database/049_sprint8_final_closure.sql:L170@s8_finalize[INSERT explicit column]{DIRECT_OR_COMPUTED} | database/054_level3_integrated_closure.sql:L102@teacher_apply_override[INSERT explicit column]{DIRECT_OR_COMPUTED},NO_HISTORICAL_FUNCTION_DEDUP,docs/plans/ROUND1_FIELD_READ_WRITE_OVERVIEW_V1.0_part1.csv
F0128,runtime_events#10,19,11,10,DIRECT_OR_COMPUTED|DERIVED_OR_COPY,database/014_sprint3b_evidence_and_puzzle_integrity.sql:L114@s2_log_event[INSERT explicit column]{DIRECT_OR_COMPUTED} | database/014_sprint3b_evidence_and_puzzle_integrity.sql:L154@s3b_log_formal_event[INSERT explicit column]{DIRECT_OR_COMPUTED},database/049_sprint8_final_closure.sql:L170@s8_finalize[INSERT explicit column]{DIRECT_OR_COMPUTED} | database/054_level3_integrated_closure.sql:L102@teacher_apply_override[INSERT explicit column]{DIRECT_OR_COMPUTED},NO_HISTORICAL_FUNCTION_DEDUP,docs/plans/ROUND1_FIELD_READ_WRITE_OVERVIEW_V1.0_part1.csv
F0129,runtime_events#11,19,11,10,DIRECT_OR_COMPUTED|DERIVED_OR_COPY,database/014_sprint3b_evidence_and_puzzle_integrity.sql:L114@s2_log_event[INSERT explicit column]{DIRECT_OR_COMPUTED} | database/014_sprint3b_evidence_and_puzzle_integrity.sql:L154@s3b_log_formal_event[INSERT explicit column]{DIRECT_OR_COMPUTED},database/049_sprint8_final_closure.sql:L170@s8_finalize[INSERT explicit column]{DIRECT_OR_COMPUTED} | database/054_level3_integrated_closure.sql:L102@teacher_apply_override[INSERT explicit column]{DIRECT_OR_COMPUTED},NO_HISTORICAL_FUNCTION_DEDUP,docs/plans/ROUND1_FIELD_READ_WRITE_OVERVIEW_V1.0_part1.csv
F0130,runtime_events#12,20,11,10,DIRECT_OR_COMPUTED|DERIVED_OR_COPY,database/014_sprint3b_evidence_and_puzzle_integrity.sql:L114@s2_log_event[INSERT explicit column]{DIRECT_OR_COMPUTED} | database/014_sprint3b_evidence_and_puzzle_integrity.sql:L154@s3b_log_formal_event[INSERT explicit column]{DIRECT_OR_COMPUTED},database/049_sprint8_final_closure.sql:L170@s8_finalize[INSERT explicit column]{DIRECT_OR_COMPUTED} | database/054_level3_integrated_closure.sql:L102@teacher_apply_override[INSERT explicit column]{DIRECT_OR_COMPUTED},NO_HISTORICAL_FUNCTION_DEDUP,docs/plans/ROUND1_FIELD_READ_WRITE_OVERVIEW_V1.0_part1.csv
F0131,runtime_events#13,20,11,10,DIRECT_OR_COMPUTED|DERIVED_OR_COPY,database/014_sprint3b_evidence_and_puzzle_integrity.sql:L114@s2_log_event[INSERT explicit column]{DIRECT_OR_COMPUTED} | database/014_sprint3b_evidence_and_puzzle_integrity.sql:L154@s3b_log_formal_event[INSERT explicit column]{DIRECT_OR_COMPUTED},database/049_sprint8_final_closure.sql:L170@s8_finalize[INSERT explicit column]{DIRECT_OR_COMPUTED} | database/054_level3_integrated_closure.sql:L102@teacher_apply_override[INSERT explicit column]{DIRECT_OR_COMPUTED},NO_HISTORICAL_FUNCTION_DEDUP,docs/plans/ROUND1_FIELD_READ_WRITE_OVERVIEW_V1.0_part1.csv
F0132,runtime_events#14,19,11,10,DIRECT_OR_COMPUTED|DERIVED_OR_COPY,database/014_sprint3b_evidence_and_puzzle_integrity.sql:L114@s2_log_event[INSERT explicit column]{DIRECT_OR_COMPUTED} | database/014_sprint3b_evidence_and_puzzle_integrity.sql:L154@s3b_log_formal_event[INSERT explicit column]{DIRECT_OR_COMPUTED},database/049_sprint8_final_closure.sql:L170@s8_finalize[INSERT explicit column]{DIRECT_OR_COMPUTED} | database/054_level3_integrated_closure.sql:L102@teacher_apply_override[INSERT explicit column]{DIRECT_OR_COMPUTED},NO_HISTORICAL_FUNCTION_DEDUP,docs/plans/ROUND1_FIELD_READ_WRITE_OVERVIEW_V1.0_part1.csv
F0133,runtime_events#15,14,8,6,DIRECT_OR_COMPUTED|DERIVED_OR_COPY,database/014_sprint3b_evidence_and_puzzle_integrity.sql:L114@s2_log_event[INSERT explicit column]{DIRECT_OR_COMPUTED} | database/014_sprint3b_evidence_and_puzzle_integrity.sql:L154@s3b_log_formal_event[INSERT explicit column]{DIRECT_OR_COMPUTED},database/045_sprint7_teacher_intervention_provenance.sql:L8@s7_mirror_teacher_discussion_event[INSERT explicit column]{DIRECT_OR_COMPUTED} | database/054_level3_integrated_closure.sql:L102@teacher_apply_override[INSERT explicit column]{DIRECT_OR_COMPUTED},NO_HISTORICAL_FUNCTION_DEDUP,docs/plans/ROUND1_FIELD_READ_WRITE_OVERVIEW_V1.0_part1.csv
F0134,runtime_events#16,8,4,7,DIRECT_OR_COMPUTED,database/014_sprint3b_evidence_and_puzzle_integrity.sql:L114@s2_log_event[INSERT explicit column]{DIRECT_OR_COMPUTED} | database/014_sprint3b_evidence_and_puzzle_integrity.sql:L154@s3b_log_formal_event[INSERT explicit column]{DIRECT_OR_COMPUTED},database/048_sprint8_focused_level1_corrections.sql:L73@s8_finalize[INSERT explicit column]{DIRECT_OR_COMPUTED} | database/049_sprint8_final_closure.sql:L170@s8_finalize[INSERT explicit column]{DIRECT_OR_COMPUTED},NO_HISTORICAL_FUNCTION_DEDUP,docs/plans/ROUND1_FIELD_READ_WRITE_OVERVIEW_V1.0_part1.csv
F0135,runtime_player_decisions#01,0,0,0,NONE,,,NO_HISTORICAL_FUNCTION_DEDUP,docs/plans/ROUND1_FIELD_READ_WRITE_OVERVIEW_V1.0_part1.csv
F0136,runtime_player_decisions#02,4,1,4,DIRECT_OR_COMPUTED,database/002_runtime_runs_discussion.sql:L656@s2_submit_vote[INSERT explicit column]{DIRECT_OR_COMPUTED} | database/003_sprint2_discussionroom_audit_fix.sql:L202@s2_submit_vote[INSERT explicit column]{DIRECT_OR_COMPUTED},database/004_sprint2_fallback_resolution_semantics.sql:L55@s2_submit_vote[INSERT explicit column]{DIRECT_OR_COMPUTED} | database/013_sprint3b_discussion_authority_and_request_identity.sql:L327@s2_submit_vote[INSERT explicit column]{DIRECT_OR_COMPUTED},NO_HISTORICAL_FUNCTION_DEDUP,docs/plans/ROUND1_FIELD_READ_WRITE_OVERVIEW_V1.0_part1.csv
F0137,runtime_player_decisions#03,4,1,4,DIRECT_OR_COMPUTED,database/002_runtime_runs_discussion.sql:L656@s2_submit_vote[INSERT explicit column]{DIRECT_OR_COMPUTED} | database/003_sprint2_discussionroom_audit_fix.sql:L202@s2_submit_vote[INSERT explicit column]{DIRECT_OR_COMPUTED},database/004_sprint2_fallback_resolution_semantics.sql:L55@s2_submit_vote[INSERT explicit column]{DIRECT_OR_COMPUTED} | database/013_sprint3b_discussion_authority_and_request_identity.sql:L327@s2_submit_vote[INSERT explicit column]{DIRECT_OR_COMPUTED},NO_HISTORICAL_FUNCTION_DEDUP,docs/plans/ROUND1_FIELD_READ_WRITE_OVERVIEW_V1.0_part1.csv
F0138,runtime_player_decisions#04,4,1,4,DIRECT_OR_COMPUTED,database/002_runtime_runs_discussion.sql:L656@s2_submit_vote[INSERT explicit column]{DIRECT_OR_COMPUTED} | database/003_sprint2_discussionroom_audit_fix.sql:L202@s2_submit_vote[INSERT explicit column]{DIRECT_OR_COMPUTED},database/004_sprint2_fallback_resolution_semantics.sql:L55@s2_submit_vote[INSERT explicit column]{DIRECT_OR_COMPUTED} | database/013_sprint3b_discussion_authority_and_request_identity.sql:L327@s2_submit_vote[INSERT explicit column]{DIRECT_OR_COMPUTED},NO_HISTORICAL_FUNCTION_DEDUP,docs/plans/ROUND1_FIELD_READ_WRITE_OVERVIEW_V1.0_part1.csv
F0139,runtime_player_decisions#05,4,1,4,DIRECT_OR_COMPUTED,database/002_runtime_runs_discussion.sql:L656@s2_submit_vote[INSERT explicit column]{DIRECT_OR_COMPUTED} | database/003_sprint2_discussionroom_audit_fix.sql:L202@s2_submit_vote[INSERT explicit column]{DIRECT_OR_COMPUTED},database/004_sprint2_fallback_resolution_semantics.sql:L55@s2_submit_vote[INSERT explicit column]{DIRECT_OR_COMPUTED} | database/013_sprint3b_discussion_authority_and_request_identity.sql:L327@s2_submit_vote[INSERT explicit column]{DIRECT_OR_COMPUTED},NO_HISTORICAL_FUNCTION_DEDUP,docs/plans/ROUND1_FIELD_READ_WRITE_OVERVIEW_V1.0_part1.csv
F0140,runtime_player_decisions#06,4,1,4,DIRECT_OR_COMPUTED,database/002_runtime_runs_discussion.sql:L656@s2_submit_vote[INSERT explicit column]{DIRECT_OR_COMPUTED} | database/003_sprint2_discussionroom_audit_fix.sql:L202@s2_submit_vote[INSERT explicit column]{DIRECT_OR_COMPUTED},database/004_sprint2_fallback_resolution_semantics.sql:L55@s2_submit_vote[INSERT explicit column]{DIRECT_OR_COMPUTED} | database/013_sprint3b_discussion_authority_and_request_identity.sql:L327@s2_submit_vote[INSERT explicit column]{DIRECT_OR_COMPUTED},NO_HISTORICAL_FUNCTION_DEDUP,docs/plans/ROUND1_FIELD_READ_WRITE_OVERVIEW_V1.0_part1.csv
F0141,runtime_player_decisions#07,4,1,4,DIRECT_OR_COMPUTED,database/002_runtime_runs_discussion.sql:L656@s2_submit_vote[INSERT explicit column]{DIRECT_OR_COMPUTED} | database/003_sprint2_discussionroom_audit_fix.sql:L202@s2_submit_vote[INSERT explicit column]{DIRECT_OR_COMPUTED},database/004_sprint2_fallback_resolution_semantics.sql:L55@s2_submit_vote[INSERT explicit column]{DIRECT_OR_COMPUTED} | database/013_sprint3b_discussion_authority_and_request_identity.sql:L327@s2_submit_vote[INSERT explicit column]{DIRECT_OR_COMPUTED},NO_HISTORICAL_FUNCTION_DEDUP,docs/plans/ROUND1_FIELD_READ_WRITE_OVERVIEW_V1.0_part1.csv
F0142,runtime_player_decisions#08,4,1,4,DIRECT_OR_COMPUTED,database/002_runtime_runs_discussion.sql:L656@s2_submit_vote[INSERT explicit column]{DIRECT_OR_COMPUTED} | database/003_sprint2_discussionroom_audit_fix.sql:L202@s2_submit_vote[INSERT explicit column]{DIRECT_OR_COMPUTED},database/004_sprint2_fallback_resolution_semantics.sql:L55@s2_submit_vote[INSERT explicit column]{DIRECT_OR_COMPUTED} | database/013_sprint3b_discussion_authority_and_request_identity.sql:L327@s2_submit_vote[INSERT explicit column]{DIRECT_OR_COMPUTED},NO_HISTORICAL_FUNCTION_DEDUP,docs/plans/ROUND1_FIELD_READ_WRITE_OVERVIEW_V1.0_part1.csv
F0143,runtime_player_decisions#09,4,1,4,DIRECT_OR_COMPUTED,database/002_runtime_runs_discussion.sql:L656@s2_submit_vote[INSERT explicit column]{DIRECT_OR_COMPUTED} | database/003_sprint2_discussionroom_audit_fix.sql:L202@s2_submit_vote[INSERT explicit column]{DIRECT_OR_COMPUTED},database/004_sprint2_fallback_resolution_semantics.sql:L55@s2_submit_vote[INSERT explicit column]{DIRECT_OR_COMPUTED} | database/013_sprint3b_discussion_authority_and_request_identity.sql:L327@s2_submit_vote[INSERT explicit column]{DIRECT_OR_COMPUTED},NO_HISTORICAL_FUNCTION_DEDUP,docs/plans/ROUND1_FIELD_READ_WRITE_OVERVIEW_V1.0_part1.csv
F0144,runtime_player_decisions#10,4,1,4,DIRECT_OR_COMPUTED,database/002_runtime_runs_discussion.sql:L656@s2_submit_vote[INSERT explicit column]{DIRECT_OR_COMPUTED} | database/003_sprint2_discussionroom_audit_fix.sql:L202@s2_submit_vote[INSERT explicit column]{DIRECT_OR_COMPUTED},database/004_sprint2_fallback_resolution_semantics.sql:L55@s2_submit_vote[INSERT explicit column]{DIRECT_OR_COMPUTED} | database/013_sprint3b_discussion_authority_and_request_identity.sql:L327@s2_submit_vote[INSERT explicit column]{DIRECT_OR_COMPUTED},NO_HISTORICAL_FUNCTION_DEDUP,docs/plans/ROUND1_FIELD_READ_WRITE_OVERVIEW_V1.0_part1.csv
F0145,runtime_player_decisions#11,4,1,4,DIRECT_OR_COMPUTED,database/002_runtime_runs_discussion.sql:L656@s2_submit_vote[INSERT explicit column]{DIRECT_OR_COMPUTED} | database/003_sprint2_discussionroom_audit_fix.sql:L202@s2_submit_vote[INSERT explicit column]{DIRECT_OR_COMPUTED},database/004_sprint2_fallback_resolution_semantics.sql:L55@s2_submit_vote[INSERT explicit column]{DIRECT_OR_COMPUTED} | database/013_sprint3b_discussion_authority_and_request_identity.sql:L327@s2_submit_vote[INSERT explicit column]{DIRECT_OR_COMPUTED},NO_HISTORICAL_FUNCTION_DEDUP,docs/plans/ROUND1_FIELD_READ_WRITE_OVERVIEW_V1.0_part1.csv
F0146,runtime_player_decisions#12,0,0,0,NONE,,,NO_HISTORICAL_FUNCTION_DEDUP,docs/plans/ROUND1_FIELD_READ_WRITE_OVERVIEW_V1.0_part1.csv
F0147,runtime_player_decisions#13,0,0,0,NONE,,,NO_HISTORICAL_FUNCTION_DEDUP,docs/plans/ROUND1_FIELD_READ_WRITE_OVERVIEW_V1.0_part1.csv
F0148,runtime_player_decisions#14,0,0,0,NONE,,,NO_HISTORICAL_FUNCTION_DEDUP,docs/plans/ROUND1_FIELD_READ_WRITE_OVERVIEW_V1.0_part1.csv
F0149,s1_game_events#01,0,0,0,NONE,,,NO_HISTORICAL_FUNCTION_DEDUP,docs/plans/ROUND1_FIELD_READ_WRITE_OVERVIEW_V1.0_part1.csv
F0150,s1_game_events#02,7,6,1,DIRECT_OR_COMPUTED,database/001_sprint1_core.sql:L190@s1_create_room[INSERT explicit column]{DIRECT_OR_COMPUTED} | database/001_sprint1_core.sql:L233@s1_join_player[INSERT explicit column]{DIRECT_OR_COMPUTED},database/001_sprint1_core.sql:L552@s1_release_player_session[INSERT explicit column]{DIRECT_OR_COMPUTED} | database/001_sprint1_core.sql:L577@s1_reset_room[INSERT explicit column]{DIRECT_OR_COMPUTED},NO_HISTORICAL_FUNCTION_DEDUP,docs/plans/ROUND1_FIELD_READ_WRITE_OVERVIEW_V1.0_part1.csv
F0151,s1_game_events#03,7,6,1,DIRECT_OR_COMPUTED,database/001_sprint1_core.sql:L190@s1_create_room[INSERT explicit column]{DIRECT_OR_COMPUTED} | database/001_sprint1_core.sql:L233@s1_join_player[INSERT explicit column]{DIRECT_OR_COMPUTED},database/001_sprint1_core.sql:L552@s1_release_player_session[INSERT explicit column]{DIRECT_OR_COMPUTED} | database/001_sprint1_core.sql:L577@s1_reset_room[INSERT explicit column]{DIRECT_OR_COMPUTED},NO_HISTORICAL_FUNCTION_DEDUP,docs/plans/ROUND1_FIELD_READ_WRITE_OVERVIEW_V1.0_part1.csv
F0152,s1_game_events#04,3,3,1,DIRECT_OR_COMPUTED,database/001_sprint1_core.sql:L233@s1_join_player[INSERT explicit column]{DIRECT_OR_COMPUTED} | database/001_sprint1_core.sql:L384@s1_submit_private_choice[INSERT explicit column]{DIRECT_OR_COMPUTED},database/001_sprint1_core.sql:L384@s1_submit_private_choice[INSERT explicit column]{DIRECT_OR_COMPUTED} | database/001_sprint1_core.sql:L552@s1_release_player_session[INSERT explicit column]{DIRECT_OR_COMPUTED},NO_HISTORICAL_FUNCTION_DEDUP,docs/plans/ROUND1_FIELD_READ_WRITE_OVERVIEW_V1.0_part1.csv
F0153,s1_game_events#05,7,6,1,DIRECT_OR_COMPUTED,database/001_sprint1_core.sql:L190@s1_create_room[INSERT explicit column]{DIRECT_OR_COMPUTED} | database/001_sprint1_core.sql:L233@s1_join_player[INSERT explicit column]{DIRECT_OR_COMPUTED},database/001_sprint1_core.sql:L552@s1_release_player_session[INSERT explicit column]{DIRECT_OR_COMPUTED} | database/001_sprint1_core.sql:L577@s1_reset_room[INSERT explicit column]{DIRECT_OR_COMPUTED},NO_HISTORICAL_FUNCTION_DEDUP,docs/plans/ROUND1_FIELD_READ_WRITE_OVERVIEW_V1.0_part1.csv
F0154,s1_game_events#06,0,0,0,NONE,,,NO_HISTORICAL_FUNCTION_DEDUP,docs/plans/ROUND1_FIELD_READ_WRITE_OVERVIEW_V1.0_part1.csv
F0155,s1_player_decisions#01,0,0,0,NONE,,,NO_HISTORICAL_FUNCTION_DEDUP,docs/plans/ROUND1_FIELD_READ_WRITE_OVERVIEW_V1.0_part1.csv
F0156,s1_player_decisions#02,1,1,1,DIRECT_OR_COMPUTED,database/001_sprint1_core.sql:L381@s1_submit_private_choice[INSERT explicit column]{DIRECT_OR_COMPUTED},database/001_sprint1_core.sql:L381@s1_submit_private_choice[INSERT explicit column]{DIRECT_OR_COMPUTED},NO_HISTORICAL_FUNCTION_DEDUP,docs/plans/ROUND1_FIELD_READ_WRITE_OVERVIEW_V1.0_part1.csv
F0157,s1_player_decisions#03,1,1,1,DIRECT_OR_COMPUTED,database/001_sprint1_core.sql:L381@s1_submit_private_choice[INSERT explicit column]{DIRECT_OR_COMPUTED},database/001_sprint1_core.sql:L381@s1_submit_private_choice[INSERT explicit column]{DIRECT_OR_COMPUTED},NO_HISTORICAL_FUNCTION_DEDUP,docs/plans/ROUND1_FIELD_READ_WRITE_OVERVIEW_V1.0_part1.csv
F0158,s1_player_decisions#04,1,1,1,DIRECT_OR_COMPUTED,database/001_sprint1_core.sql:L381@s1_submit_private_choice[INSERT explicit column]{DIRECT_OR_COMPUTED},database/001_sprint1_core.sql:L381@s1_submit_private_choice[INSERT explicit column]{DIRECT_OR_COMPUTED},NO_HISTORICAL_FUNCTION_DEDUP,docs/plans/ROUND1_FIELD_READ_WRITE_OVERVIEW_V1.0_part1.csv
F0159,s1_player_decisions#05,1,1,1,DIRECT_OR_COMPUTED,database/001_sprint1_core.sql:L381@s1_submit_private_choice[INSERT explicit column]{DIRECT_OR_COMPUTED},database/001_sprint1_core.sql:L381@s1_submit_private_choice[INSERT explicit column]{DIRECT_OR_COMPUTED},NO_HISTORICAL_FUNCTION_DEDUP,docs/plans/ROUND1_FIELD_READ_WRITE_OVERVIEW_V1.0_part1.csv
F0160,s1_player_decisions#06,1,1,1,DIRECT_OR_COMPUTED,database/001_sprint1_core.sql:L381@s1_submit_private_choice[INSERT explicit column]{DIRECT_OR_COMPUTED},database/001_sprint1_core.sql:L381@s1_submit_private_choice[INSERT explicit column]{DIRECT_OR_COMPUTED},NO_HISTORICAL_FUNCTION_DEDUP,docs/plans/ROUND1_FIELD_READ_WRITE_OVERVIEW_V1.0_part1.csv
F0161,s1_player_decisions#07,1,1,1,DIRECT_OR_COMPUTED,database/001_sprint1_core.sql:L381@s1_submit_private_choice[INSERT explicit column]{DIRECT_OR_COMPUTED},database/001_sprint1_core.sql:L381@s1_submit_private_choice[INSERT explicit column]{DIRECT_OR_COMPUTED},NO_HISTORICAL_FUNCTION_DEDUP,docs/plans/ROUND1_FIELD_READ_WRITE_OVERVIEW_V1.0_part1.csv
F0162,s1_player_decisions#08,0,0,0,NONE,,,NO_HISTORICAL_FUNCTION_DEDUP,docs/plans/ROUND1_FIELD_READ_WRITE_OVERVIEW_V1.0_part1.csv
F0163,s1_room_players#01,0,0,0,NONE,,,NO_HISTORICAL_FUNCTION_DEDUP,docs/plans/ROUND1_FIELD_READ_WRITE_OVERVIEW_V1.0_part1.csv
F0164,s1_room_players#02,1,1,1,DIRECT_OR_COMPUTED,database/001_sprint1_core.sql:L184@s1_create_room[INSERT explicit column]{DIRECT_OR_COMPUTED},database/001_sprint1_core.sql:L184@s1_create_room[INSERT explicit column]{DIRECT_OR_COMPUTED},NO_HISTORICAL_FUNCTION_DEDUP,docs/plans/ROUND1_FIELD_READ_WRITE_OVERVIEW_V1.0_part1.csv
F0165,s1_room_players#03,1,1,1,DIRECT_OR_COMPUTED,database/001_sprint1_core.sql:L184@s1_create_room[INSERT explicit column]{DIRECT_OR_COMPUTED},database/001_sprint1_core.sql:L184@s1_create_room[INSERT explicit column]{DIRECT_OR_COMPUTED},NO_HISTORICAL_FUNCTION_DEDUP,docs/plans/ROUND1_FIELD_READ_WRITE_OVERVIEW_V1.0_part1.csv
F0166,s1_room_players#04,1,1,1,DIRECT_OR_COMPUTED,database/001_sprint1_core.sql:L184@s1_create_room[INSERT explicit column]{DIRECT_OR_COMPUTED},database/001_sprint1_core.sql:L184@s1_create_room[INSERT explicit column]{DIRECT_OR_COMPUTED},NO_HISTORICAL_FUNCTION_DEDUP,docs/plans/ROUND1_FIELD_READ_WRITE_OVERVIEW_V1.0_part1.csv
F0167,s1_room_players#05,1,1,1,DIRECT_OR_COMPUTED,database/001_sprint1_core.sql:L184@s1_create_room[INSERT explicit column]{DIRECT_OR_COMPUTED},database/001_sprint1_core.sql:L184@s1_create_room[INSERT explicit column]{DIRECT_OR_COMPUTED},NO_HISTORICAL_FUNCTION_DEDUP,docs/plans/ROUND1_FIELD_READ_WRITE_OVERVIEW_V1.0_part1.csv
F0168,s1_room_players#06,2,2,1,DERIVED_OR_COPY|DIRECT_OR_COMPUTED,database/001_sprint1_core.sql:L228@s1_join_player[UPDATE SET]{DERIVED_OR_COPY} | database/001_sprint1_core.sql:L547@s1_release_player_session[UPDATE SET]{DIRECT_OR_COMPUTED},database/001_sprint1_core.sql:L228@s1_join_player[UPDATE SET]{DERIVED_OR_COPY} | database/001_sprint1_core.sql:L547@s1_release_player_session[UPDATE SET]{DIRECT_OR_COMPUTED},NO_HISTORICAL_FUNCTION_DEDUP,docs/plans/ROUND1_FIELD_READ_WRITE_OVERVIEW_V1.0_part1.csv
F0169,s1_room_players#07,2,2,1,DIRECT_OR_COMPUTED,database/001_sprint1_core.sql:L228@s1_join_player[UPDATE SET]{DIRECT_OR_COMPUTED} | database/001_sprint1_core.sql:L547@s1_release_player_session[UPDATE SET]{DIRECT_OR_COMPUTED},database/001_sprint1_core.sql:L228@s1_join_player[UPDATE SET]{DIRECT_OR_COMPUTED} | database/001_sprint1_core.sql:L547@s1_release_player_session[UPDATE SET]{DIRECT_OR_COMPUTED},NO_HISTORICAL_FUNCTION_DEDUP,docs/plans/ROUND1_FIELD_READ_WRITE_OVERVIEW_V1.0_part1.csv
F0170,s1_room_players#08,3,3,1,DIRECT_OR_COMPUTED,database/001_sprint1_core.sql:L229@s1_join_player[UPDATE SET]{DIRECT_OR_COMPUTED} | database/001_sprint1_core.sql:L266@s1_get_player_by_session[UPDATE SET]{DIRECT_OR_COMPUTED},database/001_sprint1_core.sql:L266@s1_get_player_by_session[UPDATE SET]{DIRECT_OR_COMPUTED} | database/001_sprint1_core.sql:L548@s1_release_player_session[UPDATE SET]{DIRECT_OR_COMPUTED},NO_HISTORICAL_FUNCTION_DEDUP,docs/plans/ROUND1_FIELD_READ_WRITE_OVERVIEW_V1.0_part1.csv
F0171,s1_room_state#01,1,1,1,DIRECT_OR_COMPUTED,database/001_sprint1_core.sql:L181@s1_create_room[INSERT explicit column]{DIRECT_OR_COMPUTED},database/001_sprint1_core.sql:L181@s1_create_room[INSERT explicit column]{DIRECT_OR_COMPUTED},NO_HISTORICAL_FUNCTION_DEDUP,docs/plans/ROUND1_FIELD_READ_WRITE_OVERVIEW_V1.0_part1.csv
F0172,s1_room_state#02,3,3,1,DIRECT_OR_COMPUTED,database/001_sprint1_core.sql:L181@s1_create_room[INSERT explicit column]{DIRECT_OR_COMPUTED} | database/001_sprint1_core.sql:L506@s1_advance_scene[UPDATE SET]{DIRECT_OR_COMPUTED},database/001_sprint1_core.sql:L506@s1_advance_scene[UPDATE SET]{DIRECT_OR_COMPUTED} | database/001_sprint1_core.sql:L572@s1_reset_room[UPDATE SET]{DIRECT_OR_COMPUTED},NO_HISTORICAL_FUNCTION_DEDUP,docs/plans/ROUND1_FIELD_READ_WRITE_OVERVIEW_V1.0_part1.csv
F0173,s1_room_state#03,5,4,1,DIRECT_OR_COMPUTED,database/001_sprint1_core.sql:L181@s1_create_room[INSERT explicit column]{DIRECT_OR_COMPUTED} | database/001_sprint1_core.sql:L396@s1_submit_private_choice[UPDATE SET]{DIRECT_OR_COMPUTED},database/001_sprint1_core.sql:L506@s1_advance_scene[UPDATE SET]{DIRECT_OR_COMPUTED} | database/001_sprint1_core.sql:L572@s1_reset_room[UPDATE SET]{DIRECT_OR_COMPUTED},NO_HISTORICAL_FUNCTION_DEDUP,docs/plans/ROUND1_FIELD_READ_WRITE_OVERVIEW_V1.0_part1.csv
F0174,s1_room_state#04,4,3,1,DIRECT_OR_COMPUTED,database/001_sprint1_core.sql:L396@s1_submit_private_choice[UPDATE SET]{DIRECT_OR_COMPUTED} | database/001_sprint1_core.sql:L501@s1_advance_scene[UPDATE SET]{DIRECT_OR_COMPUTED},database/001_sprint1_core.sql:L507@s1_advance_scene[UPDATE SET]{DIRECT_OR_COMPUTED} | database/001_sprint1_core.sql:L573@s1_reset_room[UPDATE SET]{DIRECT_OR_COMPUTED},NO_HISTORICAL_FUNCTION_DEDUP,docs/plans/ROUND1_FIELD_READ_WRITE_OVERVIEW_V1.0_part1.csv
F0175,s1_rooms#01,1,1,1,DIRECT_OR_COMPUTED,database/001_sprint1_core.sql:L178@s1_create_room[INSERT explicit column]{DIRECT_OR_COMPUTED},database/001_sprint1_core.sql:L178@s1_create_room[INSERT explicit column]{DIRECT_OR_COMPUTED},NO_HISTORICAL_FUNCTION_DEDUP,docs/plans/ROUND1_FIELD_READ_WRITE_OVERVIEW_V1.0_part1.csv
F0176,s1_rooms#02,1,1,1,DIRECT_OR_COMPUTED,database/001_sprint1_core.sql:L178@s1_create_room[INSERT explicit column]{DIRECT_OR_COMPUTED},database/001_sprint1_core.sql:L178@s1_create_room[INSERT explicit column]{DIRECT_OR_COMPUTED},NO_HISTORICAL_FUNCTION_DEDUP,docs/plans/ROUND1_FIELD_READ_WRITE_OVERVIEW_V1.0_part1.csv
F0177,s1_rooms#03,0,0,0,NONE,,,NO_HISTORICAL_FUNCTION_DEDUP,docs/plans/ROUND1_FIELD_READ_WRITE_OVERVIEW_V1.0_part1.csv
F0178,s1_rooms#04,1,1,1,DIRECT_OR_COMPUTED,database/001_sprint1_core.sql:L120@s1_touch_room[UPDATE SET]{DIRECT_OR_COMPUTED},database/001_sprint1_core.sql:L120@s1_touch_room[UPDATE SET]{DIRECT_OR_COMPUTED},NO_HISTORICAL_FUNCTION_DEDUP,docs/plans/ROUND1_FIELD_READ_WRITE_OVERVIEW_V1.0_part1.csv
F0179,s1_scene_choices#01,1,1,1,DIRECT_OR_COMPUTED,database/001_sprint1_core.sql:L92@TOP_LEVEL[INSERT explicit column]{DIRECT_OR_COMPUTED},database/001_sprint1_core.sql:L92@TOP_LEVEL[INSERT explicit column]{DIRECT_OR_COMPUTED},NO_HISTORICAL_FUNCTION_DEDUP,docs/plans/ROUND1_FIELD_READ_WRITE_OVERVIEW_V1.0_part1.csv
F0180,s1_scene_choices#02,1,1,1,DIRECT_OR_COMPUTED,database/001_sprint1_core.sql:L92@TOP_LEVEL[INSERT explicit column]{DIRECT_OR_COMPUTED},database/001_sprint1_core.sql:L92@TOP_LEVEL[INSERT explicit column]{DIRECT_OR_COMPUTED},NO_HISTORICAL_FUNCTION_DEDUP,docs/plans/ROUND1_FIELD_READ_WRITE_OVERVIEW_V1.0_part1.csv
F0181,s1_scene_choices#03,1,1,1,DIRECT_OR_COMPUTED,database/001_sprint1_core.sql:L92@TOP_LEVEL[INSERT explicit column]{DIRECT_OR_COMPUTED},database/001_sprint1_core.sql:L92@TOP_LEVEL[INSERT explicit column]{DIRECT_OR_COMPUTED},NO_HISTORICAL_FUNCTION_DEDUP,docs/plans/ROUND1_FIELD_READ_WRITE_OVERVIEW_V1.0_part1.csv
F0182,s1_scene_choices#04,1,1,1,DIRECT_OR_COMPUTED,database/001_sprint1_core.sql:L92@TOP_LEVEL[INSERT explicit column]{DIRECT_OR_COMPUTED},database/001_sprint1_core.sql:L92@TOP_LEVEL[INSERT explicit column]{DIRECT_OR_COMPUTED},NO_HISTORICAL_FUNCTION_DEDUP,docs/plans/ROUND1_FIELD_READ_WRITE_OVERVIEW_V1.0_part1.csv
F0183,s3_group_items#01,10,6,10,DIRECT_OR_COMPUTED,database/005_sprint3a_scene_pocket_knowledge_foundation.sql:L181@s3_initialize_audit_fixture[INSERT explicit column]{DIRECT_OR_COMPUTED} | database/006_sprint3a_provenance_view_integrity_fix.sql:L112@s3_initialize_audit_fixture[INSERT explicit column]{DIRECT_OR_COMPUTED},database/034_sprint6_contract_hardening.sql:L13@s6_submit_group_choice[INSERT explicit column]{DIRECT_OR_COMPUTED} | database/035_sprint6_focused_audit_corrections.sql:L49@s6_submit_group_choice_guarded[INSERT explicit column]{DIRECT_OR_COMPUTED},NO_HISTORICAL_FUNCTION_DEDUP,docs/plans/ROUND1_FIELD_READ_WRITE_OVERVIEW_V1.0_part1.csv
F0184,s3_group_items#02,10,6,10,DIRECT_OR_COMPUTED,database/005_sprint3a_scene_pocket_knowledge_foundation.sql:L181@s3_initialize_audit_fixture[INSERT explicit column]{DIRECT_OR_COMPUTED} | database/006_sprint3a_provenance_view_integrity_fix.sql:L112@s3_initialize_audit_fixture[INSERT explicit column]{DIRECT_OR_COMPUTED},database/034_sprint6_contract_hardening.sql:L13@s6_submit_group_choice[INSERT explicit column]{DIRECT_OR_COMPUTED} | database/035_sprint6_focused_audit_corrections.sql:L49@s6_submit_group_choice_guarded[INSERT explicit column]{DIRECT_OR_COMPUTED},NO_HISTORICAL_FUNCTION_DEDUP,docs/plans/ROUND1_FIELD_READ_WRITE_OVERVIEW_V1.0_part1.csv
F0185,s3_group_items#03,12,7,10,DIRECT_OR_COMPUTED|DERIVED_OR_COPY,database/005_sprint3a_scene_pocket_knowledge_foundation.sql:L181@s3_initialize_audit_fixture[INSERT explicit column]{DIRECT_OR_COMPUTED} | database/006_sprint3a_provenance_view_integrity_fix.sql:L112@s3_initialize_audit_fixture[INSERT explicit column]{DIRECT_OR_COMPUTED},database/035_sprint6_focused_audit_corrections.sql:L28@TOP_LEVEL[UPDATE SET]{DERIVED_OR_COPY} | database/035_sprint6_focused_audit_corrections.sql:L49@s6_submit_group_choice_guarded[INSERT explicit column]{DIRECT_OR_COMPUTED},NO_HISTORICAL_FUNCTION_DEDUP,docs/plans/ROUND1_FIELD_READ_WRITE_OVERVIEW_V1.0_part1.csv
F0186,s3_group_items#04,0,0,0,NONE,,,NO_HISTORICAL_FUNCTION_DEDUP,docs/plans/ROUND1_FIELD_READ_WRITE_OVERVIEW_V1.0_part1.csv
F0187,s3_item_catalog#01,3,1,3,DIRECT_OR_COMPUTED,database/005_sprint3a_scene_pocket_knowledge_foundation.sql:L98@TOP_LEVEL[INSERT explicit column]{DIRECT_OR_COMPUTED} | database/007_sprint3b_act1_5_placeholder_flow.sql:L49@TOP_LEVEL[INSERT explicit column]{DIRECT_OR_COMPUTED},database/007_sprint3b_act1_5_placeholder_flow.sql:L49@TOP_LEVEL[INSERT explicit column]{DIRECT_OR_COMPUTED} | database/033_sprint6_act9_13_runtime.sql:L20@TOP_LEVEL[INSERT explicit column]{DIRECT_OR_COMPUTED},NO_HISTORICAL_FUNCTION_DEDUP,docs/plans/ROUND1_FIELD_READ_WRITE_OVERVIEW_V1.0_part1.csv
F0188,s3_item_catalog#02,5,1,5,DIRECT_OR_COMPUTED|DERIVED_OR_COPY,database/005_sprint3a_scene_pocket_knowledge_foundation.sql:L98@TOP_LEVEL[INSERT explicit column]{DIRECT_OR_COMPUTED} | database/007_sprint3b_act1_5_placeholder_flow.sql:L49@TOP_LEVEL[INSERT explicit column]{DIRECT_OR_COMPUTED},database/033_sprint6_act9_13_runtime.sql:L20@TOP_LEVEL[INSERT explicit column]{DIRECT_OR_COMPUTED} | database/035_sprint6_focused_audit_corrections.sql:L27@TOP_LEVEL[UPDATE SET]{DERIVED_OR_COPY},NO_HISTORICAL_FUNCTION_DEDUP,docs/plans/ROUND1_FIELD_READ_WRITE_OVERVIEW_V1.0_part1.csv
F0189,s3_item_catalog#03,4,1,4,DIRECT_OR_COMPUTED,database/005_sprint3a_scene_pocket_knowledge_foundation.sql:L98@TOP_LEVEL[INSERT explicit column]{DIRECT_OR_COMPUTED} | database/006_sprint3a_provenance_view_integrity_fix.sql:L15@TOP_LEVEL[UPDATE SET]{DIRECT_OR_COMPUTED},database/007_sprint3b_act1_5_placeholder_flow.sql:L49@TOP_LEVEL[INSERT explicit column]{DIRECT_OR_COMPUTED} | database/033_sprint6_act9_13_runtime.sql:L20@TOP_LEVEL[INSERT explicit column]{DIRECT_OR_COMPUTED},NO_HISTORICAL_FUNCTION_DEDUP,docs/plans/ROUND1_FIELD_READ_WRITE_OVERVIEW_V1.0_part1.csv
F0190,s3_knowledge_catalog#01,3,1,3,DIRECT_OR_COMPUTED,database/005_sprint3a_scene_pocket_knowledge_foundation.sql:L109@TOP_LEVEL[INSERT explicit column]{DIRECT_OR_COMPUTED} | database/033_sprint6_act9_13_runtime.sql:L19@TOP_LEVEL[INSERT explicit column]{DIRECT_OR_COMPUTED},database/033_sprint6_act9_13_runtime.sql:L19@TOP_LEVEL[INSERT explicit column]{DIRECT_OR_COMPUTED} | database/068_package_c_authoritative_pocket_inspection.sql:L13@TOP_LEVEL[INSERT explicit column]{DIRECT_OR_COMPUTED},NO_HISTORICAL_FUNCTION_DEDUP,docs/plans/ROUND1_FIELD_READ_WRITE_OVERVIEW_V1.0_part1.csv
F0191,s3_observation_catalog#01,2,1,2,DIRECT_OR_COMPUTED,database/005_sprint3a_scene_pocket_knowledge_foundation.sql:L105@TOP_LEVEL[INSERT explicit column]{DIRECT_OR_COMPUTED} | database/009_sprint3b_act1_consequence_integrity.sql:L13@TOP_LEVEL[INSERT explicit column]{DIRECT_OR_COMPUTED},database/005_sprint3a_scene_pocket_knowledge_foundation.sql:L105@TOP_LEVEL[INSERT explicit column]{DIRECT_OR_COMPUTED} | database/009_sprint3b_act1_consequence_integrity.sql:L13@TOP_LEVEL[INSERT explicit column]{DIRECT_OR_COMPUTED},NO_HISTORICAL_FUNCTION_DEDUP,docs/plans/ROUND1_FIELD_READ_WRITE_OVERVIEW_V1.0_part1.csv
F0192,s3_observation_catalog#02,2,1,2,DIRECT_OR_COMPUTED,database/005_sprint3a_scene_pocket_knowledge_foundation.sql:L105@TOP_LEVEL[INSERT explicit column]{DIRECT_OR_COMPUTED} | database/009_sprint3b_act1_consequence_integrity.sql:L13@TOP_LEVEL[INSERT explicit column]{DIRECT_OR_COMPUTED},database/005_sprint3a_scene_pocket_knowledge_foundation.sql:L105@TOP_LEVEL[INSERT explicit column]{DIRECT_OR_COMPUTED} | database/009_sprint3b_act1_consequence_integrity.sql:L13@TOP_LEVEL[INSERT explicit column]{DIRECT_OR_COMPUTED},NO_HISTORICAL_FUNCTION_DEDUP,docs/plans/ROUND1_FIELD_READ_WRITE_OVERVIEW_V1.0_part1.csv
F0193,s3_player_item_view_state#01,4,4,4,DIRECT_OR_COMPUTED,database/006_sprint3a_provenance_view_integrity_fix.sql:L111@s3_initialize_audit_fixture[INSERT explicit column]{DIRECT_OR_COMPUTED} | database/007_sprint3b_act1_5_placeholder_flow.sql:L123@s3b_grab[INSERT explicit column]{DIRECT_OR_COMPUTED},database/009_sprint3b_act1_consequence_integrity.sql:L61@s3b_add_optional_grab_item[INSERT explicit column]{DIRECT_OR_COMPUTED} | database/054_level3_integrated_closure.sql:L52@teacher_apply_override[INSERT explicit column]{DIRECT_OR_COMPUTED},NO_HISTORICAL_FUNCTION_DEDUP,docs/plans/ROUND1_FIELD_READ_WRITE_OVERVIEW_V1.0_part1.csv
F0194,s3_player_item_view_state#02,4,4,4,DIRECT_OR_COMPUTED,database/006_sprint3a_provenance_view_integrity_fix.sql:L111@s3_initialize_audit_fixture[INSERT explicit column]{DIRECT_OR_COMPUTED} | database/007_sprint3b_act1_5_placeholder_flow.sql:L123@s3b_grab[INSERT explicit column]{DIRECT_OR_COMPUTED},database/009_sprint3b_act1_consequence_integrity.sql:L61@s3b_add_optional_grab_item[INSERT explicit column]{DIRECT_OR_COMPUTED} | database/054_level3_integrated_closure.sql:L52@teacher_apply_override[INSERT explicit column]{DIRECT_OR_COMPUTED},NO_HISTORICAL_FUNCTION_DEDUP,docs/plans/ROUND1_FIELD_READ_WRITE_OVERVIEW_V1.0_part1.csv
F0195,s3_player_item_view_state#03,4,4,4,DIRECT_OR_COMPUTED,database/006_sprint3a_provenance_view_integrity_fix.sql:L111@s3_initialize_audit_fixture[INSERT explicit column]{DIRECT_OR_COMPUTED} | database/007_sprint3b_act1_5_placeholder_flow.sql:L123@s3b_grab[INSERT explicit column]{DIRECT_OR_COMPUTED},database/009_sprint3b_act1_consequence_integrity.sql:L61@s3b_add_optional_grab_item[INSERT explicit column]{DIRECT_OR_COMPUTED} | database/054_level3_integrated_closure.sql:L52@teacher_apply_override[INSERT explicit column]{DIRECT_OR_COMPUTED},NO_HISTORICAL_FUNCTION_DEDUP,docs/plans/ROUND1_FIELD_READ_WRITE_OVERVIEW_V1.0_part1.csv
F0196,s3_player_item_view_state#04,6,5,5,DIRECT_OR_COMPUTED,database/006_sprint3a_provenance_view_integrity_fix.sql:L111@s3_initialize_audit_fixture[INSERT explicit column]{DIRECT_OR_COMPUTED} | database/006_sprint3a_provenance_view_integrity_fix.sql:L75@s3_set_item_view[UPDATE SET]{DIRECT_OR_COMPUTED},database/054_level3_integrated_closure.sql:L52@teacher_apply_override[INSERT explicit column]{DIRECT_OR_COMPUTED} | database/068_package_c_authoritative_pocket_inspection.sql:L51@s3_set_item_view[UPDATE SET]{DIRECT_OR_COMPUTED},NO_HISTORICAL_FUNCTION_DEDUP,docs/plans/ROUND1_FIELD_READ_WRITE_OVERVIEW_V1.0_part1.csv
F0197,s3_player_item_view_state#05,2,1,2,DIRECT_OR_COMPUTED,database/006_sprint3a_provenance_view_integrity_fix.sql:L75@s3_set_item_view[UPDATE SET]{DIRECT_OR_COMPUTED} | database/068_package_c_authoritative_pocket_inspection.sql:L51@s3_set_item_view[UPDATE SET]{DIRECT_OR_COMPUTED},database/006_sprint3a_provenance_view_integrity_fix.sql:L75@s3_set_item_view[UPDATE SET]{DIRECT_OR_COMPUTED} | database/068_package_c_authoritative_pocket_inspection.sql:L51@s3_set_item_view[UPDATE SET]{DIRECT_OR_COMPUTED},NO_HISTORICAL_FUNCTION_DEDUP,docs/plans/ROUND1_FIELD_READ_WRITE_OVERVIEW_V1.0_part1.csv
F0198,s3_player_items#01,5,4,5,DIRECT_OR_COMPUTED,database/005_sprint3a_scene_pocket_knowledge_foundation.sql:L179@s3_initialize_audit_fixture[INSERT explicit column]{DIRECT_OR_COMPUTED} | database/006_sprint3a_provenance_view_integrity_fix.sql:L110@s3_initialize_audit_fixture[INSERT explicit column]{DIRECT_OR_COMPUTED},database/009_sprint3b_act1_consequence_integrity.sql:L60@s3b_add_optional_grab_item[INSERT explicit column]{DIRECT_OR_COMPUTED} | database/054_level3_integrated_closure.sql:L49@teacher_apply_override[INSERT explicit column]{DIRECT_OR_COMPUTED},NO_HISTORICAL_FUNCTION_DEDUP,docs/plans/ROUND1_FIELD_READ_WRITE_OVERVIEW_V1.0_part1.csv
F0199,s3_player_items#02,5,4,5,DIRECT_OR_COMPUTED,database/005_sprint3a_scene_pocket_knowledge_foundation.sql:L179@s3_initialize_audit_fixture[INSERT explicit column]{DIRECT_OR_COMPUTED} | database/006_sprint3a_provenance_view_integrity_fix.sql:L110@s3_initialize_audit_fixture[INSERT explicit column]{DIRECT_OR_COMPUTED},database/009_sprint3b_act1_consequence_integrity.sql:L60@s3b_add_optional_grab_item[INSERT explicit column]{DIRECT_OR_COMPUTED} | database/054_level3_integrated_closure.sql:L49@teacher_apply_override[INSERT explicit column]{DIRECT_OR_COMPUTED},NO_HISTORICAL_FUNCTION_DEDUP,docs/plans/ROUND1_FIELD_READ_WRITE_OVERVIEW_V1.0_part1.csv
F0200,s3_player_items#03,5,4,5,DIRECT_OR_COMPUTED,database/005_sprint3a_scene_pocket_knowledge_foundation.sql:L179@s3_initialize_audit_fixture[INSERT explicit column]{DIRECT_OR_COMPUTED} | database/006_sprint3a_provenance_view_integrity_fix.sql:L110@s3_initialize_audit_fixture[INSERT explicit column]{DIRECT_OR_COMPUTED},database/009_sprint3b_act1_consequence_integrity.sql:L60@s3b_add_optional_grab_item[INSERT explicit column]{DIRECT_OR_COMPUTED} | database/054_level3_integrated_closure.sql:L49@teacher_apply_override[INSERT explicit column]{DIRECT_OR_COMPUTED},NO_HISTORICAL_FUNCTION_DEDUP,docs/plans/ROUND1_FIELD_READ_WRITE_OVERVIEW_V1.0_part1.csv
F0201,s3_player_items#04,0,0,0,NONE,,,NO_HISTORICAL_FUNCTION_DEDUP,docs/plans/ROUND1_FIELD_READ_WRITE_OVERVIEW_V1.0_part1.csv
F0202,s3_player_knowledge#01,0,0,0,NONE,,,NO_HISTORICAL_FUNCTION_DEDUP,docs/plans/ROUND1_FIELD_READ_WRITE_OVERVIEW_V1.0_part1.csv
F0203,s3_player_knowledge#02,2,1,2,DIRECT_OR_COMPUTED,database/005_sprint3a_scene_pocket_knowledge_foundation.sql:L147@s3_record_knowledge[INSERT explicit column]{DIRECT_OR_COMPUTED} | database/006_sprint3a_provenance_view_integrity_fix.sql:L57@s3_record_knowledge[INSERT explicit column]{DIRECT_OR_COMPUTED},database/005_sprint3a_scene_pocket_knowledge_foundation.sql:L147@s3_record_knowledge[INSERT explicit column]{DIRECT_OR_COMPUTED} | database/006_sprint3a_provenance_view_integrity_fix.sql:L57@s3_record_knowledge[INSERT explicit column]{DIRECT_OR_COMPUTED},NO_HISTORICAL_FUNCTION_DEDUP,docs/plans/ROUND1_FIELD_READ_WRITE_OVERVIEW_V1.0_part1.csv
F0204,s3_player_knowledge#03,2,1,2,DIRECT_OR_COMPUTED,database/005_sprint3a_scene_pocket_knowledge_foundation.sql:L147@s3_record_knowledge[INSERT explicit column]{DIRECT_OR_COMPUTED} | database/006_sprint3a_provenance_view_integrity_fix.sql:L57@s3_record_knowledge[INSERT explicit column]{DIRECT_OR_COMPUTED},database/005_sprint3a_scene_pocket_knowledge_foundation.sql:L147@s3_record_knowledge[INSERT explicit column]{DIRECT_OR_COMPUTED} | database/006_sprint3a_provenance_view_integrity_fix.sql:L57@s3_record_knowledge[INSERT explicit column]{DIRECT_OR_COMPUTED},NO_HISTORICAL_FUNCTION_DEDUP,docs/plans/ROUND1_FIELD_READ_WRITE_OVERVIEW_V1.0_part1.csv
F0205,s3_player_knowledge#04,2,1,2,DIRECT_OR_COMPUTED,database/005_sprint3a_scene_pocket_knowledge_foundation.sql:L147@s3_record_knowledge[INSERT explicit column]{DIRECT_OR_COMPUTED} | database/006_sprint3a_provenance_view_integrity_fix.sql:L57@s3_record_knowledge[INSERT explicit column]{DIRECT_OR_COMPUTED},database/005_sprint3a_scene_pocket_knowledge_foundation.sql:L147@s3_record_knowledge[INSERT explicit column]{DIRECT_OR_COMPUTED} | database/006_sprint3a_provenance_view_integrity_fix.sql:L57@s3_record_knowledge[INSERT explicit column]{DIRECT_OR_COMPUTED},NO_HISTORICAL_FUNCTION_DEDUP,docs/plans/ROUND1_FIELD_READ_WRITE_OVERVIEW_V1.0_part1.csv
F0206,s3_player_knowledge#05,2,1,2,DIRECT_OR_COMPUTED,database/005_sprint3a_scene_pocket_knowledge_foundation.sql:L147@s3_record_knowledge[INSERT explicit column]{DIRECT_OR_COMPUTED} | database/006_sprint3a_provenance_view_integrity_fix.sql:L57@s3_record_knowledge[INSERT explicit column]{DIRECT_OR_COMPUTED},database/005_sprint3a_scene_pocket_knowledge_foundation.sql:L147@s3_record_knowledge[INSERT explicit column]{DIRECT_OR_COMPUTED} | database/006_sprint3a_provenance_view_integrity_fix.sql:L57@s3_record_knowledge[INSERT explicit column]{DIRECT_OR_COMPUTED},NO_HISTORICAL_FUNCTION_DEDUP,docs/plans/ROUND1_FIELD_READ_WRITE_OVERVIEW_V1.0_part1.csv
F0207,s3_player_knowledge#06,2,1,2,DIRECT_OR_COMPUTED,database/005_sprint3a_scene_pocket_knowledge_foundation.sql:L147@s3_record_knowledge[INSERT explicit column]{DIRECT_OR_COMPUTED} | database/006_sprint3a_provenance_view_integrity_fix.sql:L57@s3_record_knowledge[INSERT explicit column]{DIRECT_OR_COMPUTED},database/005_sprint3a_scene_pocket_knowledge_foundation.sql:L147@s3_record_knowledge[INSERT explicit column]{DIRECT_OR_COMPUTED} | database/006_sprint3a_provenance_view_integrity_fix.sql:L57@s3_record_knowledge[INSERT explicit column]{DIRECT_OR_COMPUTED},NO_HISTORICAL_FUNCTION_DEDUP,docs/plans/ROUND1_FIELD_READ_WRITE_OVERVIEW_V1.0_part1.csv
F0208,s3_player_knowledge#07,2,1,2,DIRECT_OR_COMPUTED,database/005_sprint3a_scene_pocket_knowledge_foundation.sql:L147@s3_record_knowledge[INSERT explicit column]{DIRECT_OR_COMPUTED} | database/006_sprint3a_provenance_view_integrity_fix.sql:L57@s3_record_knowledge[INSERT explicit column]{DIRECT_OR_COMPUTED},database/005_sprint3a_scene_pocket_knowledge_foundation.sql:L147@s3_record_knowledge[INSERT explicit column]{DIRECT_OR_COMPUTED} | database/006_sprint3a_provenance_view_integrity_fix.sql:L57@s3_record_knowledge[INSERT explicit column]{DIRECT_OR_COMPUTED},NO_HISTORICAL_FUNCTION_DEDUP,docs/plans/ROUND1_FIELD_READ_WRITE_OVERVIEW_V1.0_part1.csv
F0209,s3_player_knowledge#08,2,1,2,DIRECT_OR_COMPUTED,database/005_sprint3a_scene_pocket_knowledge_foundation.sql:L147@s3_record_knowledge[INSERT explicit column]{DIRECT_OR_COMPUTED} | database/006_sprint3a_provenance_view_integrity_fix.sql:L57@s3_record_knowledge[INSERT explicit column]{DIRECT_OR_COMPUTED},database/005_sprint3a_scene_pocket_knowledge_foundation.sql:L147@s3_record_knowledge[INSERT explicit column]{DIRECT_OR_COMPUTED} | database/006_sprint3a_provenance_view_integrity_fix.sql:L57@s3_record_knowledge[INSERT explicit column]{DIRECT_OR_COMPUTED},NO_HISTORICAL_FUNCTION_DEDUP,docs/plans/ROUND1_FIELD_READ_WRITE_OVERVIEW_V1.0_part1.csv
F0210,s3_player_knowledge#09,0,0,0,NONE,,,NO_HISTORICAL_FUNCTION_DEDUP,docs/plans/ROUND1_FIELD_READ_WRITE_OVERVIEW_V1.0_part1.csv
F0211,s3_player_observations#01,1,1,1,DIRECT_OR_COMPUTED,database/005_sprint3a_scene_pocket_knowledge_foundation.sql:L121@s3_record_observation[INSERT explicit column]{DIRECT_OR_COMPUTED},database/005_sprint3a_scene_pocket_knowledge_foundation.sql:L121@s3_record_observation[INSERT explicit column]{DIRECT_OR_COMPUTED},NO_HISTORICAL_FUNCTION_DEDUP,docs/plans/ROUND1_FIELD_READ_WRITE_OVERVIEW_V1.0_part1.csv
F0212,s3_player_observations#02,1,1,1,DIRECT_OR_COMPUTED,database/005_sprint3a_scene_pocket_knowledge_foundation.sql:L121@s3_record_observation[INSERT explicit column]{DIRECT_OR_COMPUTED},database/005_sprint3a_scene_pocket_knowledge_foundation.sql:L121@s3_record_observation[INSERT explicit column]{DIRECT_OR_COMPUTED},NO_HISTORICAL_FUNCTION_DEDUP,docs/plans/ROUND1_FIELD_READ_WRITE_OVERVIEW_V1.0_part1.csv
F0213,s3_player_observations#03,1,1,1,DIRECT_OR_COMPUTED,database/005_sprint3a_scene_pocket_knowledge_foundation.sql:L121@s3_record_observation[INSERT explicit column]{DIRECT_OR_COMPUTED},database/005_sprint3a_scene_pocket_knowledge_foundation.sql:L121@s3_record_observation[INSERT explicit column]{DIRECT_OR_COMPUTED},NO_HISTORICAL_FUNCTION_DEDUP,docs/plans/ROUND1_FIELD_READ_WRITE_OVERVIEW_V1.0_part1.csv
F0214,s3_player_observations#04,1,1,1,DIRECT_OR_COMPUTED,database/005_sprint3a_scene_pocket_knowledge_foundation.sql:L121@s3_record_observation[INSERT explicit column]{DIRECT_OR_COMPUTED},database/005_sprint3a_scene_pocket_knowledge_foundation.sql:L121@s3_record_observation[INSERT explicit column]{DIRECT_OR_COMPUTED},NO_HISTORICAL_FUNCTION_DEDUP,docs/plans/ROUND1_FIELD_READ_WRITE_OVERVIEW_V1.0_part1.csv
F0215,s3_player_observations#05,1,1,1,DIRECT_OR_COMPUTED,database/005_sprint3a_scene_pocket_knowledge_foundation.sql:L121@s3_record_observation[INSERT explicit column]{DIRECT_OR_COMPUTED},database/005_sprint3a_scene_pocket_knowledge_foundation.sql:L121@s3_record_observation[INSERT explicit column]{DIRECT_OR_COMPUTED},NO_HISTORICAL_FUNCTION_DEDUP,docs/plans/ROUND1_FIELD_READ_WRITE_OVERVIEW_V1.0_part1.csv
F0216,s3_player_observations#06,0,0,0,NONE,,,NO_HISTORICAL_FUNCTION_DEDUP,docs/plans/ROUND1_FIELD_READ_WRITE_OVERVIEW_V1.0_part1.csv
F0217,s3_runtime_scene_state#01,4,2,4,DIRECT_OR_COMPUTED,database/005_sprint3a_scene_pocket_knowledge_foundation.sql:L171@s3_initialize_audit_fixture[INSERT explicit column]{DIRECT_OR_COMPUTED} | database/006_sprint3a_provenance_view_integrity_fix.sql:L108@s3_initialize_audit_fixture[INSERT explicit column]{DIRECT_OR_COMPUTED},database/007_sprint3b_act1_5_placeholder_flow.sql:L65@s3b_set_scene[INSERT explicit column]{DIRECT_OR_COMPUTED} | database/014_sprint3b_evidence_and_puzzle_integrity.sql:L190@s3b_set_scene[INSERT explicit column]{DIRECT_OR_COMPUTED},NO_HISTORICAL_FUNCTION_DEDUP,docs/plans/ROUND1_FIELD_READ_WRITE_OVERVIEW_V1.0_part1.csv
F0218,s3_runtime_scene_state#02,4,2,4,DIRECT_OR_COMPUTED,database/005_sprint3a_scene_pocket_knowledge_foundation.sql:L171@s3_initialize_audit_fixture[INSERT explicit column]{DIRECT_OR_COMPUTED} | database/006_sprint3a_provenance_view_integrity_fix.sql:L108@s3_initialize_audit_fixture[INSERT explicit column]{DIRECT_OR_COMPUTED},database/007_sprint3b_act1_5_placeholder_flow.sql:L65@s3b_set_scene[INSERT explicit column]{DIRECT_OR_COMPUTED} | database/014_sprint3b_evidence_and_puzzle_integrity.sql:L190@s3b_set_scene[INSERT explicit column]{DIRECT_OR_COMPUTED},NO_HISTORICAL_FUNCTION_DEDUP,docs/plans/ROUND1_FIELD_READ_WRITE_OVERVIEW_V1.0_part1.csv
F0219,s3_runtime_scene_state#03,4,2,4,DIRECT_OR_COMPUTED,database/005_sprint3a_scene_pocket_knowledge_foundation.sql:L171@s3_initialize_audit_fixture[INSERT explicit column]{DIRECT_OR_COMPUTED} | database/006_sprint3a_provenance_view_integrity_fix.sql:L108@s3_initialize_audit_fixture[INSERT explicit column]{DIRECT_OR_COMPUTED},database/007_sprint3b_act1_5_placeholder_flow.sql:L65@s3b_set_scene[INSERT explicit column]{DIRECT_OR_COMPUTED} | database/014_sprint3b_evidence_and_puzzle_integrity.sql:L190@s3b_set_scene[INSERT explicit column]{DIRECT_OR_COMPUTED},NO_HISTORICAL_FUNCTION_DEDUP,docs/plans/ROUND1_FIELD_READ_WRITE_OVERVIEW_V1.0_part1.csv
F0220,s3_runtime_scene_state#04,4,2,4,DIRECT_OR_COMPUTED,database/005_sprint3a_scene_pocket_knowledge_foundation.sql:L171@s3_initialize_audit_fixture[INSERT explicit column]{DIRECT_OR_COMPUTED} | database/006_sprint3a_provenance_view_integrity_fix.sql:L108@s3_initialize_audit_fixture[INSERT explicit column]{DIRECT_OR_COMPUTED},database/007_sprint3b_act1_5_placeholder_flow.sql:L65@s3b_set_scene[INSERT explicit column]{DIRECT_OR_COMPUTED} | database/014_sprint3b_evidence_and_puzzle_integrity.sql:L190@s3b_set_scene[INSERT explicit column]{DIRECT_OR_COMPUTED},NO_HISTORICAL_FUNCTION_DEDUP,docs/plans/ROUND1_FIELD_READ_WRITE_OVERVIEW_V1.0_part1.csv
F0221,s3_runtime_scene_state#05,4,2,4,DIRECT_OR_COMPUTED,database/005_sprint3a_scene_pocket_knowledge_foundation.sql:L171@s3_initialize_audit_fixture[INSERT explicit column]{DIRECT_OR_COMPUTED} | database/006_sprint3a_provenance_view_integrity_fix.sql:L108@s3_initialize_audit_fixture[INSERT explicit column]{DIRECT_OR_COMPUTED},database/007_sprint3b_act1_5_placeholder_flow.sql:L65@s3b_set_scene[INSERT explicit column]{DIRECT_OR_COMPUTED} | database/014_sprint3b_evidence_and_puzzle_integrity.sql:L190@s3b_set_scene[INSERT explicit column]{DIRECT_OR_COMPUTED},NO_HISTORICAL_FUNCTION_DEDUP,docs/plans/ROUND1_FIELD_READ_WRITE_OVERVIEW_V1.0_part1.csv
F0222,s3_runtime_scene_state#06,4,2,4,DIRECT_OR_COMPUTED,database/005_sprint3a_scene_pocket_knowledge_foundation.sql:L171@s3_initialize_audit_fixture[INSERT explicit column]{DIRECT_OR_COMPUTED} | database/006_sprint3a_provenance_view_integrity_fix.sql:L108@s3_initialize_audit_fixture[INSERT explicit column]{DIRECT_OR_COMPUTED},database/007_sprint3b_act1_5_placeholder_flow.sql:L65@s3b_set_scene[INSERT explicit column]{DIRECT_OR_COMPUTED} | database/014_sprint3b_evidence_and_puzzle_integrity.sql:L190@s3b_set_scene[INSERT explicit column]{DIRECT_OR_COMPUTED},NO_HISTORICAL_FUNCTION_DEDUP,docs/plans/ROUND1_FIELD_READ_WRITE_OVERVIEW_V1.0_part1.csv
F0223,s3_runtime_scene_state#07,9,5,8,DIRECT_OR_COMPUTED,database/005_sprint3a_scene_pocket_knowledge_foundation.sql:L171@s3_initialize_audit_fixture[INSERT explicit column]{DIRECT_OR_COMPUTED} | database/007_sprint3b_act1_5_placeholder_flow.sql:L159@s3b_apply_meeting_resolution[UPDATE SET]{DIRECT_OR_COMPUTED},database/055_level2_override_export_residual_closure.sql:L22@teacher_apply_override[UPDATE SET]{DIRECT_OR_COMPUTED} | database/056_level2_override_validity_binding_fix.sql:L22@teacher_apply_override[UPDATE SET]{DIRECT_OR_COMPUTED},NO_HISTORICAL_FUNCTION_DEDUP,docs/plans/ROUND1_FIELD_READ_WRITE_OVERVIEW_V1.0_part1.csv
F0224,s3_runtime_scene_state#08,9,5,8,DIRECT_OR_COMPUTED,database/005_sprint3a_scene_pocket_knowledge_foundation.sql:L171@s3_initialize_audit_fixture[INSERT explicit column]{DIRECT_OR_COMPUTED} | database/007_sprint3b_act1_5_placeholder_flow.sql:L159@s3b_apply_meeting_resolution[UPDATE SET]{DIRECT_OR_COMPUTED},database/055_level2_override_export_residual_closure.sql:L22@teacher_apply_override[UPDATE SET]{DIRECT_OR_COMPUTED} | database/056_level2_override_validity_binding_fix.sql:L22@teacher_apply_override[UPDATE SET]{DIRECT_OR_COMPUTED},NO_HISTORICAL_FUNCTION_DEDUP,docs/plans/ROUND1_FIELD_READ_WRITE_OVERVIEW_V1.0_part1.csv
F0225,s3_runtime_scene_state#09,7,4,6,DIRECT_OR_COMPUTED,database/007_sprint3b_act1_5_placeholder_flow.sql:L159@s3b_apply_meeting_resolution[UPDATE SET]{DIRECT_OR_COMPUTED} | database/007_sprint3b_act1_5_placeholder_flow.sql:L175@s3b_complete_foldback[UPDATE SET]{DIRECT_OR_COMPUTED},database/055_level2_override_export_residual_closure.sql:L22@teacher_apply_override[UPDATE SET]{DIRECT_OR_COMPUTED} | database/056_level2_override_validity_binding_fix.sql:L22@teacher_apply_override[UPDATE SET]{DIRECT_OR_COMPUTED},NO_HISTORICAL_FUNCTION_DEDUP,docs/plans/ROUND1_FIELD_READ_WRITE_OVERVIEW_V1.0_part1.csv
F0226,s3_runtime_scene_state#10,7,5,6,DIRECT_OR_COMPUTED|DERIVED_OR_COPY,database/014_sprint3b_evidence_and_puzzle_integrity.sql:L190@s3b_set_scene[INSERT explicit column]{DIRECT_OR_COMPUTED} | database/029_sprint5_canonical_discussion_localization.sql:L79@s5_submit_private_choice[UPDATE SET]{DIRECT_OR_COMPUTED},database/061_package_a_act6_entry_timer_barrier.sql:L18@s5_ensure_initialized[UPDATE SET]{DIRECT_OR_COMPUTED} | database/062_package_a_prepared_event_fk_fix.sql:L16@s5_ensure_initialized[UPDATE SET]{DIRECT_OR_COMPUTED},NO_HISTORICAL_FUNCTION_DEDUP,docs/plans/ROUND1_FIELD_READ_WRITE_OVERVIEW_V1.0_part1.csv
F0227,s3_shared_photos#01,0,0,0,NONE,,,NO_HISTORICAL_FUNCTION_DEDUP,docs/plans/ROUND1_FIELD_READ_WRITE_OVERVIEW_V1.0_part1.csv
F0228,s3_shared_photos#02,3,1,3,DIRECT_OR_COMPUTED,database/005_sprint3a_scene_pocket_knowledge_foundation.sql:L217@s3_share_photo[INSERT explicit column]{DIRECT_OR_COMPUTED} | database/006_sprint3a_provenance_view_integrity_fix.sql:L94@s3_share_photo[INSERT explicit column]{DIRECT_OR_COMPUTED},database/006_sprint3a_provenance_view_integrity_fix.sql:L94@s3_share_photo[INSERT explicit column]{DIRECT_OR_COMPUTED} | database/014_sprint3b_evidence_and_puzzle_integrity.sql:L560@s3_share_photo[INSERT explicit column]{DIRECT_OR_COMPUTED},NO_HISTORICAL_FUNCTION_DEDUP,docs/plans/ROUND1_FIELD_READ_WRITE_OVERVIEW_V1.0_part1.csv
F0229,s3_shared_photos#03,3,1,3,DIRECT_OR_COMPUTED,database/005_sprint3a_scene_pocket_knowledge_foundation.sql:L217@s3_share_photo[INSERT explicit column]{DIRECT_OR_COMPUTED} | database/006_sprint3a_provenance_view_integrity_fix.sql:L94@s3_share_photo[INSERT explicit column]{DIRECT_OR_COMPUTED},database/006_sprint3a_provenance_view_integrity_fix.sql:L94@s3_share_photo[INSERT explicit column]{DIRECT_OR_COMPUTED} | database/014_sprint3b_evidence_and_puzzle_integrity.sql:L560@s3_share_photo[INSERT explicit column]{DIRECT_OR_COMPUTED},NO_HISTORICAL_FUNCTION_DEDUP,docs/plans/ROUND1_FIELD_READ_WRITE_OVERVIEW_V1.0_part1.csv
F0230,s3_shared_photos#04,3,1,3,DIRECT_OR_COMPUTED,database/005_sprint3a_scene_pocket_knowledge_foundation.sql:L217@s3_share_photo[INSERT explicit column]{DIRECT_OR_COMPUTED} | database/006_sprint3a_provenance_view_integrity_fix.sql:L94@s3_share_photo[INSERT explicit column]{DIRECT_OR_COMPUTED},database/006_sprint3a_provenance_view_integrity_fix.sql:L94@s3_share_photo[INSERT explicit column]{DIRECT_OR_COMPUTED} | database/014_sprint3b_evidence_and_puzzle_integrity.sql:L560@s3_share_photo[INSERT explicit column]{DIRECT_OR_COMPUTED},NO_HISTORICAL_FUNCTION_DEDUP,docs/plans/ROUND1_FIELD_READ_WRITE_OVERVIEW_V1.0_part1.csv
F0231,s3_shared_photos#05,3,1,3,DIRECT_OR_COMPUTED,database/005_sprint3a_scene_pocket_knowledge_foundation.sql:L217@s3_share_photo[INSERT explicit column]{DIRECT_OR_COMPUTED} | database/006_sprint3a_provenance_view_integrity_fix.sql:L94@s3_share_photo[INSERT explicit column]{DIRECT_OR_COMPUTED},database/006_sprint3a_provenance_view_integrity_fix.sql:L94@s3_share_photo[INSERT explicit column]{DIRECT_OR_COMPUTED} | database/014_sprint3b_evidence_and_puzzle_integrity.sql:L560@s3_share_photo[INSERT explicit column]{DIRECT_OR_COMPUTED},NO_HISTORICAL_FUNCTION_DEDUP,docs/plans/ROUND1_FIELD_READ_WRITE_OVERVIEW_V1.0_part1.csv
F0232,s3_shared_photos#06,3,1,3,DIRECT_OR_COMPUTED,database/005_sprint3a_scene_pocket_knowledge_foundation.sql:L217@s3_share_photo[INSERT explicit column]{DIRECT_OR_COMPUTED} | database/006_sprint3a_provenance_view_integrity_fix.sql:L94@s3_share_photo[INSERT explicit column]{DIRECT_OR_COMPUTED},database/006_sprint3a_provenance_view_integrity_fix.sql:L94@s3_share_photo[INSERT explicit column]{DIRECT_OR_COMPUTED} | database/014_sprint3b_evidence_and_puzzle_integrity.sql:L560@s3_share_photo[INSERT explicit column]{DIRECT_OR_COMPUTED},NO_HISTORICAL_FUNCTION_DEDUP,docs/plans/ROUND1_FIELD_READ_WRITE_OVERVIEW_V1.0_part1.csv
F0233,s3_shared_photos#07,3,1,3,DIRECT_OR_COMPUTED,database/005_sprint3a_scene_pocket_knowledge_foundation.sql:L217@s3_share_photo[INSERT explicit column]{DIRECT_OR_COMPUTED} | database/006_sprint3a_provenance_view_integrity_fix.sql:L94@s3_share_photo[INSERT explicit column]{DIRECT_OR_COMPUTED},database/006_sprint3a_provenance_view_integrity_fix.sql:L94@s3_share_photo[INSERT explicit column]{DIRECT_OR_COMPUTED} | database/014_sprint3b_evidence_and_puzzle_integrity.sql:L560@s3_share_photo[INSERT explicit column]{DIRECT_OR_COMPUTED},NO_HISTORICAL_FUNCTION_DEDUP,docs/plans/ROUND1_FIELD_READ_WRITE_OVERVIEW_V1.0_part1.csv
F0234,s3_shared_photos#08,0,0,0,NONE,,,NO_HISTORICAL_FUNCTION_DEDUP,docs/plans/ROUND1_FIELD_READ_WRITE_OVERVIEW_V1.0_part1.csv
F0235,s3b_library_attempts#01,2,1,2,POSITIONAL_WRITE|DIRECT_OR_COMPUTED,database/007_sprint3b_act1_5_placeholder_flow.sql:L223@s3b_submit_library_code[INSERT positional/all columns]{POSITIONAL_WRITE} | database/014_sprint3b_evidence_and_puzzle_integrity.sql:L424@s3b_submit_library_code[INSERT explicit column]{DIRECT_OR_COMPUTED},database/007_sprint3b_act1_5_placeholder_flow.sql:L223@s3b_submit_library_code[INSERT positional/all columns]{POSITIONAL_WRITE} | database/014_sprint3b_evidence_and_puzzle_integrity.sql:L424@s3b_submit_library_code[INSERT explicit column]{DIRECT_OR_COMPUTED},NO_HISTORICAL_FUNCTION_DEDUP,docs/plans/ROUND1_FIELD_READ_WRITE_OVERVIEW_V1.0_part1.csv
F0236,s3b_library_attempts#02,2,1,2,POSITIONAL_WRITE|DIRECT_OR_COMPUTED,database/007_sprint3b_act1_5_placeholder_flow.sql:L223@s3b_submit_library_code[INSERT positional/all columns]{POSITIONAL_WRITE} | database/014_sprint3b_evidence_and_puzzle_integrity.sql:L424@s3b_submit_library_code[INSERT explicit column]{DIRECT_OR_COMPUTED},database/007_sprint3b_act1_5_placeholder_flow.sql:L223@s3b_submit_library_code[INSERT positional/all columns]{POSITIONAL_WRITE} | database/014_sprint3b_evidence_and_puzzle_integrity.sql:L424@s3b_submit_library_code[INSERT explicit column]{DIRECT_OR_COMPUTED},NO_HISTORICAL_FUNCTION_DEDUP,docs/plans/ROUND1_FIELD_READ_WRITE_OVERVIEW_V1.0_part1.csv
F0237,s3b_library_attempts#03,2,1,2,POSITIONAL_WRITE|DIRECT_OR_COMPUTED,database/007_sprint3b_act1_5_placeholder_flow.sql:L223@s3b_submit_library_code[INSERT positional/all columns]{POSITIONAL_WRITE} | database/014_sprint3b_evidence_and_puzzle_integrity.sql:L424@s3b_submit_library_code[INSERT explicit column]{DIRECT_OR_COMPUTED},database/007_sprint3b_act1_5_placeholder_flow.sql:L223@s3b_submit_library_code[INSERT positional/all columns]{POSITIONAL_WRITE} | database/014_sprint3b_evidence_and_puzzle_integrity.sql:L424@s3b_submit_library_code[INSERT explicit column]{DIRECT_OR_COMPUTED},NO_HISTORICAL_FUNCTION_DEDUP,docs/plans/ROUND1_FIELD_READ_WRITE_OVERVIEW_V1.0_part1.csv
F0238,s3b_library_attempts#04,2,1,2,POSITIONAL_WRITE|DIRECT_OR_COMPUTED,database/007_sprint3b_act1_5_placeholder_flow.sql:L223@s3b_submit_library_code[INSERT positional/all columns]{POSITIONAL_WRITE} | database/014_sprint3b_evidence_and_puzzle_integrity.sql:L424@s3b_submit_library_code[INSERT explicit column]{DIRECT_OR_COMPUTED},database/007_sprint3b_act1_5_placeholder_flow.sql:L223@s3b_submit_library_code[INSERT positional/all columns]{POSITIONAL_WRITE} | database/014_sprint3b_evidence_and_puzzle_integrity.sql:L424@s3b_submit_library_code[INSERT explicit column]{DIRECT_OR_COMPUTED},NO_HISTORICAL_FUNCTION_DEDUP,docs/plans/ROUND1_FIELD_READ_WRITE_OVERVIEW_V1.0_part1.csv
F0239,s3b_library_attempts#05,2,1,2,POSITIONAL_WRITE|DIRECT_OR_COMPUTED,database/007_sprint3b_act1_5_placeholder_flow.sql:L223@s3b_submit_library_code[INSERT positional/all columns]{POSITIONAL_WRITE} | database/014_sprint3b_evidence_and_puzzle_integrity.sql:L424@s3b_submit_library_code[INSERT explicit column]{DIRECT_OR_COMPUTED},database/007_sprint3b_act1_5_placeholder_flow.sql:L223@s3b_submit_library_code[INSERT positional/all columns]{POSITIONAL_WRITE} | database/014_sprint3b_evidence_and_puzzle_integrity.sql:L424@s3b_submit_library_code[INSERT explicit column]{DIRECT_OR_COMPUTED},NO_HISTORICAL_FUNCTION_DEDUP,docs/plans/ROUND1_FIELD_READ_WRITE_OVERVIEW_V1.0_part1.csv
F0240,s3b_library_attempts#06,2,1,2,POSITIONAL_WRITE|DIRECT_OR_COMPUTED,database/007_sprint3b_act1_5_placeholder_flow.sql:L223@s3b_submit_library_code[INSERT positional/all columns]{POSITIONAL_WRITE} | database/014_sprint3b_evidence_and_puzzle_integrity.sql:L424@s3b_submit_library_code[INSERT explicit column]{DIRECT_OR_COMPUTED},database/007_sprint3b_act1_5_placeholder_flow.sql:L223@s3b_submit_library_code[INSERT positional/all columns]{POSITIONAL_WRITE} | database/014_sprint3b_evidence_and_puzzle_integrity.sql:L424@s3b_submit_library_code[INSERT explicit column]{DIRECT_OR_COMPUTED},NO_HISTORICAL_FUNCTION_DEDUP,docs/plans/ROUND1_FIELD_READ_WRITE_OVERVIEW_V1.0_part1.csv
F0241,s3b_library_attempts#07,2,1,2,POSITIONAL_WRITE|DIRECT_OR_COMPUTED,database/007_sprint3b_act1_5_placeholder_flow.sql:L223@s3b_submit_library_code[INSERT positional/all columns]{POSITIONAL_WRITE} | database/014_sprint3b_evidence_and_puzzle_integrity.sql:L424@s3b_submit_library_code[INSERT explicit column]{DIRECT_OR_COMPUTED},database/007_sprint3b_act1_5_placeholder_flow.sql:L223@s3b_submit_library_code[INSERT positional/all columns]{POSITIONAL_WRITE} | database/014_sprint3b_evidence_and_puzzle_integrity.sql:L424@s3b_submit_library_code[INSERT explicit column]{DIRECT_OR_COMPUTED},NO_HISTORICAL_FUNCTION_DEDUP,docs/plans/ROUND1_FIELD_READ_WRITE_OVERVIEW_V1.0_part1.csv
F0242,s3b_player_facts#01,19,3,2,POSITIONAL_WRITE,database/009_sprint3b_act1_consequence_integrity.sql:L29@s3b_apply_act1_consequence[INSERT positional/all columns]{POSITIONAL_WRITE} | database/009_sprint3b_act1_consequence_integrity.sql:L31@s3b_apply_act1_consequence[INSERT positional/all columns]{POSITIONAL_WRITE},database/068_package_c_authoritative_pocket_inspection.sql:L54@s3_set_item_view[INSERT positional/all columns]{POSITIONAL_WRITE} | database/068_package_c_authoritative_pocket_inspection.sql:L57@s3_set_item_view[INSERT positional/all columns]{POSITIONAL_WRITE},NO_HISTORICAL_FUNCTION_DEDUP,docs/plans/ROUND1_FIELD_READ_WRITE_OVERVIEW_V1.0_part1.csv
F0243,s3b_player_facts#02,19,3,2,POSITIONAL_WRITE,database/009_sprint3b_act1_consequence_integrity.sql:L29@s3b_apply_act1_consequence[INSERT positional/all columns]{POSITIONAL_WRITE} | database/009_sprint3b_act1_consequence_integrity.sql:L31@s3b_apply_act1_consequence[INSERT positional/all columns]{POSITIONAL_WRITE},database/068_package_c_authoritative_pocket_inspection.sql:L54@s3_set_item_view[INSERT positional/all columns]{POSITIONAL_WRITE} | database/068_package_c_authoritative_pocket_inspection.sql:L57@s3_set_item_view[INSERT positional/all columns]{POSITIONAL_WRITE},NO_HISTORICAL_FUNCTION_DEDUP,docs/plans/ROUND1_FIELD_READ_WRITE_OVERVIEW_V1.0_part1.csv
F0244,s3b_player_facts#03,19,3,2,POSITIONAL_WRITE,database/009_sprint3b_act1_consequence_integrity.sql:L29@s3b_apply_act1_consequence[INSERT positional/all columns]{POSITIONAL_WRITE} | database/009_sprint3b_act1_consequence_integrity.sql:L31@s3b_apply_act1_consequence[INSERT positional/all columns]{POSITIONAL_WRITE},database/068_package_c_authoritative_pocket_inspection.sql:L54@s3_set_item_view[INSERT positional/all columns]{POSITIONAL_WRITE} | database/068_package_c_authoritative_pocket_inspection.sql:L57@s3_set_item_view[INSERT positional/all columns]{POSITIONAL_WRITE},NO_HISTORICAL_FUNCTION_DEDUP,docs/plans/ROUND1_FIELD_READ_WRITE_OVERVIEW_V1.0_part1.csv
F0245,s3b_player_facts#04,19,3,2,POSITIONAL_WRITE,database/009_sprint3b_act1_consequence_integrity.sql:L29@s3b_apply_act1_consequence[INSERT positional/all columns]{POSITIONAL_WRITE} | database/009_sprint3b_act1_consequence_integrity.sql:L31@s3b_apply_act1_consequence[INSERT positional/all columns]{POSITIONAL_WRITE},database/068_package_c_authoritative_pocket_inspection.sql:L54@s3_set_item_view[INSERT positional/all columns]{POSITIONAL_WRITE} | database/068_package_c_authoritative_pocket_inspection.sql:L57@s3_set_item_view[INSERT positional/all columns]{POSITIONAL_WRITE},NO_HISTORICAL_FUNCTION_DEDUP,docs/plans/ROUND1_FIELD_READ_WRITE_OVERVIEW_V1.0_part1.csv
F0246,s3b_player_progress#01,1,1,1,DIRECT_OR_COMPUTED,database/007_sprint3b_act1_5_placeholder_flow.sql:L78@s3b_initialize_flow[INSERT explicit column]{DIRECT_OR_COMPUTED},database/007_sprint3b_act1_5_placeholder_flow.sql:L78@s3b_initialize_flow[INSERT explicit column]{DIRECT_OR_COMPUTED},NO_HISTORICAL_FUNCTION_DEDUP,docs/plans/ROUND1_FIELD_READ_WRITE_OVERVIEW_V1.0_part1.csv
F0247,s3b_player_progress#02,1,1,1,DIRECT_OR_COMPUTED,database/007_sprint3b_act1_5_placeholder_flow.sql:L78@s3b_initialize_flow[INSERT explicit column]{DIRECT_OR_COMPUTED},database/007_sprint3b_act1_5_placeholder_flow.sql:L78@s3b_initialize_flow[INSERT explicit column]{DIRECT_OR_COMPUTED},NO_HISTORICAL_FUNCTION_DEDUP,docs/plans/ROUND1_FIELD_READ_WRITE_OVERVIEW_V1.0_part1.csv
F0248,s3b_player_progress#03,2,1,2,DIRECT_OR_COMPUTED,database/007_sprint3b_act1_5_placeholder_flow.sql:L94@s3b_submit_act1_choice[UPDATE SET]{DIRECT_OR_COMPUTED} | database/011_sprint3b_transition_and_act1_delivery_integrity.sql:L55@s3b_submit_act1_choice[UPDATE SET]{DIRECT_OR_COMPUTED},database/007_sprint3b_act1_5_placeholder_flow.sql:L94@s3b_submit_act1_choice[UPDATE SET]{DIRECT_OR_COMPUTED} | database/011_sprint3b_transition_and_act1_delivery_integrity.sql:L55@s3b_submit_act1_choice[UPDATE SET]{DIRECT_OR_COMPUTED},NO_HISTORICAL_FUNCTION_DEDUP,docs/plans/ROUND1_FIELD_READ_WRITE_OVERVIEW_V1.0_part1.csv
F0249,s3b_player_progress#04,2,1,2,DIRECT_OR_COMPUTED,database/007_sprint3b_act1_5_placeholder_flow.sql:L94@s3b_submit_act1_choice[UPDATE SET]{DIRECT_OR_COMPUTED} | database/011_sprint3b_transition_and_act1_delivery_integrity.sql:L55@s3b_submit_act1_choice[UPDATE SET]{DIRECT_OR_COMPUTED},database/007_sprint3b_act1_5_placeholder_flow.sql:L94@s3b_submit_act1_choice[UPDATE SET]{DIRECT_OR_COMPUTED} | database/011_sprint3b_transition_and_act1_delivery_integrity.sql:L55@s3b_submit_act1_choice[UPDATE SET]{DIRECT_OR_COMPUTED},NO_HISTORICAL_FUNCTION_DEDUP,docs/plans/ROUND1_FIELD_READ_WRITE_OVERVIEW_V1.0_part1.csv
F0250,s3b_player_progress#05,2,1,2,DIRECT_OR_COMPUTED,database/007_sprint3b_act1_5_placeholder_flow.sql:L109@s3b_submit_first_meeting[UPDATE SET]{DIRECT_OR_COMPUTED} | database/017_sprint3c_override_act2_entry_correction.sql:L42@s3b_submit_first_meeting[UPDATE SET]{DIRECT_OR_COMPUTED},database/007_sprint3b_act1_5_placeholder_flow.sql:L109@s3b_submit_first_meeting[UPDATE SET]{DIRECT_OR_COMPUTED} | database/017_sprint3c_override_act2_entry_correction.sql:L42@s3b_submit_first_meeting[UPDATE SET]{DIRECT_OR_COMPUTED},NO_HISTORICAL_FUNCTION_DEDUP,docs/plans/ROUND1_FIELD_READ_WRITE_OVERVIEW_V1.0_part1.csv
F0251,s3b_player_progress#06,2,1,2,DIRECT_OR_COMPUTED,database/007_sprint3b_act1_5_placeholder_flow.sql:L109@s3b_submit_first_meeting[UPDATE SET]{DIRECT_OR_COMPUTED} | database/017_sprint3c_override_act2_entry_correction.sql:L42@s3b_submit_first_meeting[UPDATE SET]{DIRECT_OR_COMPUTED},database/007_sprint3b_act1_5_placeholder_flow.sql:L109@s3b_submit_first_meeting[UPDATE SET]{DIRECT_OR_COMPUTED} | database/017_sprint3c_override_act2_entry_correction.sql:L42@s3b_submit_first_meeting[UPDATE SET]{DIRECT_OR_COMPUTED},NO_HISTORICAL_FUNCTION_DEDUP,docs/plans/ROUND1_FIELD_READ_WRITE_OVERVIEW_V1.0_part1.csv
F0252,s3b_player_progress#07,3,2,2,DIRECT_OR_COMPUTED,database/007_sprint3b_act1_5_placeholder_flow.sql:L125@s3b_grab[UPDATE SET]{DIRECT_OR_COMPUTED} | database/054_level3_integrated_closure.sql:L46@teacher_apply_override[UPDATE SET]{DIRECT_OR_COMPUTED},database/054_level3_integrated_closure.sql:L46@teacher_apply_override[UPDATE SET]{DIRECT_OR_COMPUTED} | database/054_level3_integrated_closure.sql:L48@teacher_apply_override[UPDATE SET]{DIRECT_OR_COMPUTED},NO_HISTORICAL_FUNCTION_DEDUP,docs/plans/ROUND1_FIELD_READ_WRITE_OVERVIEW_V1.0_part1.csv
F0253,s3b_player_progress#08,3,2,2,DIRECT_OR_COMPUTED,database/007_sprint3b_act1_5_placeholder_flow.sql:L134@s3b_leave_start_room[UPDATE SET]{DIRECT_OR_COMPUTED} | database/054_level3_integrated_closure.sql:L46@teacher_apply_override[UPDATE SET]{DIRECT_OR_COMPUTED},database/054_level3_integrated_closure.sql:L46@teacher_apply_override[UPDATE SET]{DIRECT_OR_COMPUTED} | database/054_level3_integrated_closure.sql:L48@teacher_apply_override[UPDATE SET]{DIRECT_OR_COMPUTED},NO_HISTORICAL_FUNCTION_DEDUP,docs/plans/ROUND1_FIELD_READ_WRITE_OVERVIEW_V1.0_part1.csv
F0254,s3b_player_progress#09,8,4,5,DIRECT_OR_COMPUTED,database/007_sprint3b_act1_5_placeholder_flow.sql:L134@s3b_leave_start_room[UPDATE SET]{DIRECT_OR_COMPUTED} | database/007_sprint3b_act1_5_placeholder_flow.sql:L185@s3b_follow_sign[UPDATE SET]{DIRECT_OR_COMPUTED},database/061_package_a_act6_entry_timer_barrier.sql:L66@s9_enter_act6[UPDATE SET]{DIRECT_OR_COMPUTED} | database/063_package_a_player_entry_column_fix.sql:L41@s9_enter_act6[UPDATE SET]{DIRECT_OR_COMPUTED},NO_HISTORICAL_FUNCTION_DEDUP,docs/plans/ROUND1_FIELD_READ_WRITE_OVERVIEW_V1.0_part1.csv
F0255,s3b_player_progress#10,1,1,1,DIRECT_OR_COMPUTED,database/007_sprint3b_act1_5_placeholder_flow.sql:L240@s3b_submit_act4_choice[UPDATE SET]{DIRECT_OR_COMPUTED},database/007_sprint3b_act1_5_placeholder_flow.sql:L240@s3b_submit_act4_choice[UPDATE SET]{DIRECT_OR_COMPUTED},NO_HISTORICAL_FUNCTION_DEDUP,docs/plans/ROUND1_FIELD_READ_WRITE_OVERVIEW_V1.0_part1.csv
F0256,s3b_player_progress#11,1,1,1,DIRECT_OR_COMPUTED,database/007_sprint3b_act1_5_placeholder_flow.sql:L240@s3b_submit_act4_choice[UPDATE SET]{DIRECT_OR_COMPUTED},database/007_sprint3b_act1_5_placeholder_flow.sql:L240@s3b_submit_act4_choice[UPDATE SET]{DIRECT_OR_COMPUTED},NO_HISTORICAL_FUNCTION_DEDUP,docs/plans/ROUND1_FIELD_READ_WRITE_OVERVIEW_V1.0_part1.csv
F0257,s3b_player_progress#12,7,4,4,DIRECT_OR_COMPUTED,database/011_sprint3b_transition_and_act1_delivery_integrity.sql:L42@s3b_ack_act1_opening[UPDATE SET]{DIRECT_OR_COMPUTED} | database/011_sprint3b_transition_and_act1_delivery_integrity.sql:L55@s3b_submit_act1_choice[UPDATE SET]{DIRECT_OR_COMPUTED},database/054_level3_integrated_closure.sql:L31@teacher_apply_override[UPDATE SET]{DIRECT_OR_COMPUTED} | database/054_level3_integrated_closure.sql:L32@teacher_apply_override[UPDATE SET]{DIRECT_OR_COMPUTED},NO_HISTORICAL_FUNCTION_DEDUP,docs/plans/ROUND1_FIELD_READ_WRITE_OVERVIEW_V1.0_part1.csv
F0258,s3b_player_progress#13,7,5,4,DERIVED_OR_COPY|DIRECT_OR_COMPUTED,database/011_sprint3b_transition_and_act1_delivery_integrity.sql:L28@s3b_initialize_flow[UPDATE SET]{DERIVED_OR_COPY} | database/011_sprint3b_transition_and_act1_delivery_integrity.sql:L42@s3b_ack_act1_opening[UPDATE SET]{DERIVED_OR_COPY},database/015_sprint3c_minimal_safe_teacher_override.sql:L83@teacher_apply_override[UPDATE SET]{DIRECT_OR_COMPUTED} | database/054_level3_integrated_closure.sql:L31@teacher_apply_override[UPDATE SET]{DIRECT_OR_COMPUTED},NO_HISTORICAL_FUNCTION_DEDUP,docs/plans/ROUND1_FIELD_READ_WRITE_OVERVIEW_V1.0_part1.csv
F0259,s3b_player_progress#14,1,1,1,DIRECT_OR_COMPUTED,database/012_sprint3b_internal_wrapper_lockdown_and_route_delivery.sql:L43@s3b_ack_route_update[UPDATE SET]{DIRECT_OR_COMPUTED},database/012_sprint3b_internal_wrapper_lockdown_and_route_delivery.sql:L43@s3b_ack_route_update[UPDATE SET]{DIRECT_OR_COMPUTED},NO_HISTORICAL_FUNCTION_DEDUP,docs/plans/ROUND1_FIELD_READ_WRITE_OVERVIEW_V1.0_part1.csv
F0260,s3b_player_progress#15,2,1,2,DIRECT_OR_COMPUTED,database/014_sprint3b_evidence_and_puzzle_integrity.sql:L260@s3b_ack_act1_opening[UPDATE SET]{DIRECT_OR_COMPUTED} | database/014b_sprint3b_targeted_closure_corrections.sql:L86@s3b_ack_act1_opening[UPDATE SET]{DIRECT_OR_COMPUTED},database/014_sprint3b_evidence_and_puzzle_integrity.sql:L260@s3b_ack_act1_opening[UPDATE SET]{DIRECT_OR_COMPUTED} | database/014b_sprint3b_targeted_closure_corrections.sql:L86@s3b_ack_act1_opening[UPDATE SET]{DIRECT_OR_COMPUTED},NO_HISTORICAL_FUNCTION_DEDUP,docs/plans/ROUND1_FIELD_READ_WRITE_OVERVIEW_V1.0_part1.csv
F0261,s3b_player_progress#16,7,4,4,DIRECT_OR_COMPUTED,database/014_sprint3b_evidence_and_puzzle_integrity.sql:L260@s3b_ack_act1_opening[UPDATE SET]{DIRECT_OR_COMPUTED} | database/014_sprint3b_evidence_and_puzzle_integrity.sql:L272@s3b_submit_act1_choice[UPDATE SET]{DIRECT_OR_COMPUTED},database/015_sprint3c_minimal_safe_teacher_override.sql:L83@teacher_apply_override[UPDATE SET]{DIRECT_OR_COMPUTED} | database/054_level3_integrated_closure.sql:L31@teacher_apply_override[UPDATE SET]{DIRECT_OR_COMPUTED},NO_HISTORICAL_FUNCTION_DEDUP,docs/plans/ROUND1_FIELD_READ_WRITE_OVERVIEW_V1.0_part1.csv
F0262,s3b_player_progress#17,1,1,1,DIRECT_OR_COMPUTED,database/014_sprint3b_evidence_and_puzzle_integrity.sql:L200@s3b_set_scene[UPDATE SET]{DIRECT_OR_COMPUTED},database/014_sprint3b_evidence_and_puzzle_integrity.sql:L200@s3b_set_scene[UPDATE SET]{DIRECT_OR_COMPUTED},NO_HISTORICAL_FUNCTION_DEDUP,docs/plans/ROUND1_FIELD_READ_WRITE_OVERVIEW_V1.0_part1.csv
F0263,s3b_player_progress#18,6,4,4,DIRECT_OR_COMPUTED,database/014_sprint3b_evidence_and_puzzle_integrity.sql:L200@s3b_set_scene[UPDATE SET]{DIRECT_OR_COMPUTED} | database/014_sprint3b_evidence_and_puzzle_integrity.sql:L296@s3b_submit_first_meeting[UPDATE SET]{DIRECT_OR_COMPUTED},database/017_sprint3c_override_act2_entry_correction.sql:L42@s3b_submit_first_meeting[UPDATE SET]{DIRECT_OR_COMPUTED} | database/054_level3_integrated_closure.sql:L46@teacher_apply_override[UPDATE SET]{DIRECT_OR_COMPUTED},NO_HISTORICAL_FUNCTION_DEDUP,docs/plans/ROUND1_FIELD_READ_WRITE_OVERVIEW_V1.0_part1.csv
F0264,s3b_player_progress#19,1,1,1,DIRECT_OR_COMPUTED,database/014_sprint3b_evidence_and_puzzle_integrity.sql:L205@s3b_set_scene[UPDATE SET]{DIRECT_OR_COMPUTED},database/014_sprint3b_evidence_and_puzzle_integrity.sql:L205@s3b_set_scene[UPDATE SET]{DIRECT_OR_COMPUTED},NO_HISTORICAL_FUNCTION_DEDUP,docs/plans/ROUND1_FIELD_READ_WRITE_OVERVIEW_V1.0_part1.csv
F0265,s3b_player_progress#20,5,4,3,DIRECT_OR_COMPUTED,database/014_sprint3b_evidence_and_puzzle_integrity.sql:L205@s3b_set_scene[UPDATE SET]{DIRECT_OR_COMPUTED} | database/014_sprint3b_evidence_and_puzzle_integrity.sql:L360@s3b_submit_act4_choice[UPDATE SET]{DIRECT_OR_COMPUTED},database/014b_sprint3b_targeted_closure_corrections.sql:L150@s3b_submit_act4_choice[UPDATE SET]{DIRECT_OR_COMPUTED} | database/054_level3_integrated_closure.sql:L84@teacher_apply_override[UPDATE SET]{DIRECT_OR_COMPUTED},NO_HISTORICAL_FUNCTION_DEDUP,docs/plans/ROUND1_FIELD_READ_WRITE_OVERVIEW_V1.0_part1.csv
F0266,s3b_player_progress#21,3,2,2,DERIVED_OR_COPY|DIRECT_OR_COMPUTED,database/060_package_a_ca_a_bounded_corrections.sql:L15@TOP_LEVEL[UPDATE SET]{DERIVED_OR_COPY} | database/060_package_a_ca_a_bounded_corrections.sql:L46@s9_observe_act5_handoff[UPDATE SET]{DIRECT_OR_COMPUTED},database/060_package_a_ca_a_bounded_corrections.sql:L46@s9_observe_act5_handoff[UPDATE SET]{DIRECT_OR_COMPUTED} | database/064_package_a_handoff_observation_column_fix.sql:L31@s9_observe_act5_handoff[UPDATE SET]{DIRECT_OR_COMPUTED},NO_HISTORICAL_FUNCTION_DEDUP,docs/plans/ROUND1_FIELD_READ_WRITE_OVERVIEW_V1.0_part1.csv
F0267,s3b_player_progress#22,4,2,3,DERIVED_OR_COPY|DIRECT_OR_COMPUTED,database/060_package_a_ca_a_bounded_corrections.sql:L15@TOP_LEVEL[UPDATE SET]{DERIVED_OR_COPY} | database/060_package_a_ca_a_bounded_corrections.sql:L91@s9_enter_act6[UPDATE SET]{DIRECT_OR_COMPUTED},database/061_package_a_act6_entry_timer_barrier.sql:L66@s9_enter_act6[UPDATE SET]{DIRECT_OR_COMPUTED} | database/063_package_a_player_entry_column_fix.sql:L41@s9_enter_act6[UPDATE SET]{DIRECT_OR_COMPUTED},NO_HISTORICAL_FUNCTION_DEDUP,docs/plans/ROUND1_FIELD_READ_WRITE_OVERVIEW_V1.0_part1.csv
F0268,s3b_post_inspection_route_votes#01,0,0,0,NONE,,,NO_HISTORICAL_FUNCTION_DEDUP,docs/plans/ROUND1_FIELD_READ_WRITE_OVERVIEW_V1.0_part1.csv
F0269,s3b_post_inspection_route_votes#02,1,1,1,DIRECT_OR_COMPUTED,database/014_sprint3b_evidence_and_puzzle_integrity.sql:L488@s3b_submit_post_inspection_route_vote[INSERT explicit column]{DIRECT_OR_COMPUTED},database/014_sprint3b_evidence_and_puzzle_integrity.sql:L488@s3b_submit_post_inspection_route_vote[INSERT explicit column]{DIRECT_OR_COMPUTED},NO_HISTORICAL_FUNCTION_DEDUP,docs/plans/ROUND1_FIELD_READ_WRITE_OVERVIEW_V1.0_part1.csv
F0270,s3b_post_inspection_route_votes#03,1,1,1,DIRECT_OR_COMPUTED,database/014_sprint3b_evidence_and_puzzle_integrity.sql:L488@s3b_submit_post_inspection_route_vote[INSERT explicit column]{DIRECT_OR_COMPUTED},database/014_sprint3b_evidence_and_puzzle_integrity.sql:L488@s3b_submit_post_inspection_route_vote[INSERT explicit column]{DIRECT_OR_COMPUTED},NO_HISTORICAL_FUNCTION_DEDUP,docs/plans/ROUND1_FIELD_READ_WRITE_OVERVIEW_V1.0_part1.csv
F0271,s3b_post_inspection_route_votes#04,0,0,0,NONE,,,NO_HISTORICAL_FUNCTION_DEDUP,docs/plans/ROUND1_FIELD_READ_WRITE_OVERVIEW_V1.0_part1.csv
F0272,s3b_post_inspection_route_votes#05,1,1,1,DIRECT_OR_COMPUTED,database/014_sprint3b_evidence_and_puzzle_integrity.sql:L488@s3b_submit_post_inspection_route_vote[INSERT explicit column]{DIRECT_OR_COMPUTED},database/014_sprint3b_evidence_and_puzzle_integrity.sql:L488@s3b_submit_post_inspection_route_vote[INSERT explicit column]{DIRECT_OR_COMPUTED},NO_HISTORICAL_FUNCTION_DEDUP,docs/plans/ROUND1_FIELD_READ_WRITE_OVERVIEW_V1.0_part1.csv
F0273,s3b_post_inspection_route_votes#06,0,0,0,NONE,,,NO_HISTORICAL_FUNCTION_DEDUP,docs/plans/ROUND1_FIELD_READ_WRITE_OVERVIEW_V1.0_part1.csv
F0274,s3b_post_inspection_route_votes#07,0,0,0,NONE,,,NO_HISTORICAL_FUNCTION_DEDUP,docs/plans/ROUND1_FIELD_READ_WRITE_OVERVIEW_V1.0_part1.csv
F0275,s3b_post_inspection_route_votes#08,0,0,0,NONE,,,NO_HISTORICAL_FUNCTION_DEDUP,docs/plans/ROUND1_FIELD_READ_WRITE_OVERVIEW_V1.0_part1.csv
F0276,s3b_post_inspection_route_votes#09,0,0,0,NONE,,,NO_HISTORICAL_FUNCTION_DEDUP,docs/plans/ROUND1_FIELD_READ_WRITE_OVERVIEW_V1.0_part1.csv
F0277,s3b_run_state#01,1,1,1,DIRECT_OR_COMPUTED,database/007_sprint3b_act1_5_placeholder_flow.sql:L77@s3b_initialize_flow[INSERT explicit column]{DIRECT_OR_COMPUTED},database/007_sprint3b_act1_5_placeholder_flow.sql:L77@s3b_initialize_flow[INSERT explicit column]{DIRECT_OR_COMPUTED},NO_HISTORICAL_FUNCTION_DEDUP,docs/plans/ROUND1_FIELD_READ_WRITE_OVERVIEW_V1.0_part1.csv
F0278,s3b_run_state#02,4,3,4,DIRECT_OR_COMPUTED,database/007_sprint3b_act1_5_placeholder_flow.sql:L158@s3b_apply_meeting_resolution[UPDATE SET]{DIRECT_OR_COMPUTED} | database/013_sprint3b_discussion_authority_and_request_identity.sql:L122@s3b_apply_resolved_discussion_internal[UPDATE SET]{DIRECT_OR_COMPUTED},database/014a_sprint3b_inspect_reconnect_idempotency_fix.sql:L48@s3b_apply_resolved_discussion_internal[UPDATE SET]{DIRECT_OR_COMPUTED} | database/054_level3_integrated_closure.sql:L64@teacher_apply_override[UPDATE SET]{DIRECT_OR_COMPUTED},NO_HISTORICAL_FUNCTION_DEDUP,docs/plans/ROUND1_FIELD_READ_WRITE_OVERVIEW_V1.0_part1.csv
F0279,s3b_run_state#03,3,2,3,DIRECT_OR_COMPUTED,database/007_sprint3b_act1_5_placeholder_flow.sql:L172@s3b_complete_foldback[UPDATE SET]{DIRECT_OR_COMPUTED} | database/010_sprint3b_flow_integrity_and_inspect_fix.sql:L162@s3b_complete_foldback[UPDATE SET]{DIRECT_OR_COMPUTED},database/010_sprint3b_flow_integrity_and_inspect_fix.sql:L162@s3b_complete_foldback[UPDATE SET]{DIRECT_OR_COMPUTED} | database/054_level3_integrated_closure.sql:L70@teacher_apply_override[UPDATE SET]{DIRECT_OR_COMPUTED},NO_HISTORICAL_FUNCTION_DEDUP,docs/plans/ROUND1_FIELD_READ_WRITE_OVERVIEW_V1.0_part1.csv
F0280,s3b_run_state#04,2,2,2,DIRECT_OR_COMPUTED,database/007_sprint3b_act1_5_placeholder_flow.sql:L188@s3b_follow_sign[UPDATE SET]{DIRECT_OR_COMPUTED} | database/054_level3_integrated_closure.sql:L76@teacher_apply_override[UPDATE SET]{DIRECT_OR_COMPUTED},database/007_sprint3b_act1_5_placeholder_flow.sql:L188@s3b_follow_sign[UPDATE SET]{DIRECT_OR_COMPUTED} | database/054_level3_integrated_closure.sql:L76@teacher_apply_override[UPDATE SET]{DIRECT_OR_COMPUTED},NO_HISTORICAL_FUNCTION_DEDUP,docs/plans/ROUND1_FIELD_READ_WRITE_OVERVIEW_V1.0_part1.csv
F0281,s3b_run_state#05,4,3,4,DIRECT_OR_COMPUTED,database/007_sprint3b_act1_5_placeholder_flow.sql:L188@s3b_follow_sign[UPDATE SET]{DIRECT_OR_COMPUTED} | database/010_sprint3b_flow_integrity_and_inspect_fix.sql:L110@s3b_audit_set_puzzle_elapsed[UPDATE SET]{DIRECT_OR_COMPUTED},database/011_sprint3b_transition_and_act1_delivery_integrity.sql:L103@s3b_audit_set_puzzle_elapsed[UPDATE SET]{DIRECT_OR_COMPUTED} | database/054_level3_integrated_closure.sql:L76@teacher_apply_override[UPDATE SET]{DIRECT_OR_COMPUTED},NO_HISTORICAL_FUNCTION_DEDUP,docs/plans/ROUND1_FIELD_READ_WRITE_OVERVIEW_V1.0_part1.csv
F0282,s3b_run_state#06,5,4,4,DIRECT_OR_COMPUTED,database/007_sprint3b_act1_5_placeholder_flow.sql:L188@s3b_follow_sign[UPDATE SET]{DIRECT_OR_COMPUTED} | database/007_sprint3b_act1_5_placeholder_flow.sql:L207@s3b_audit_expire_puzzle[UPDATE SET]{DIRECT_OR_COMPUTED},database/011_sprint3b_transition_and_act1_delivery_integrity.sql:L103@s3b_audit_set_puzzle_elapsed[UPDATE SET]{DIRECT_OR_COMPUTED} | database/054_level3_integrated_closure.sql:L76@teacher_apply_override[UPDATE SET]{DIRECT_OR_COMPUTED},NO_HISTORICAL_FUNCTION_DEDUP,docs/plans/ROUND1_FIELD_READ_WRITE_OVERVIEW_V1.0_part1.csv
F0283,s3b_run_state#07,2,1,2,DIRECT_OR_COMPUTED,database/007_sprint3b_act1_5_placeholder_flow.sql:L219@s3b_submit_library_code[UPDATE SET]{DIRECT_OR_COMPUTED} | database/014_sprint3b_evidence_and_puzzle_integrity.sql:L417@s3b_submit_library_code[UPDATE SET]{DIRECT_OR_COMPUTED},database/007_sprint3b_act1_5_placeholder_flow.sql:L219@s3b_submit_library_code[UPDATE SET]{DIRECT_OR_COMPUTED} | database/014_sprint3b_evidence_and_puzzle_integrity.sql:L417@s3b_submit_library_code[UPDATE SET]{DIRECT_OR_COMPUTED},NO_HISTORICAL_FUNCTION_DEDUP,docs/plans/ROUND1_FIELD_READ_WRITE_OVERVIEW_V1.0_part1.csv
F0284,s3b_run_state#08,5,2,4,DIRECT_OR_COMPUTED,database/007_sprint3b_act1_5_placeholder_flow.sql:L197@s3b_refresh_puzzle[UPDATE SET]{DIRECT_OR_COMPUTED} | database/007_sprint3b_act1_5_placeholder_flow.sql:L219@s3b_submit_library_code[UPDATE SET]{DIRECT_OR_COMPUTED},database/011_sprint3b_transition_and_act1_delivery_integrity.sql:L100@s3b_refresh_puzzle[UPDATE SET]{DIRECT_OR_COMPUTED} | database/014_sprint3b_evidence_and_puzzle_integrity.sql:L417@s3b_submit_library_code[UPDATE SET]{DIRECT_OR_COMPUTED},NO_HISTORICAL_FUNCTION_DEDUP,docs/plans/ROUND1_FIELD_READ_WRITE_OVERVIEW_V1.0_part1.csv
F0285,s3b_run_state#09,5,3,5,DIRECT_OR_COMPUTED,database/007_sprint3b_act1_5_placeholder_flow.sql:L220@s3b_submit_library_code[UPDATE SET]{DIRECT_OR_COMPUTED} | database/010_sprint3b_flow_integrity_and_inspect_fix.sql:L96@s3b_refresh_puzzle[UPDATE SET]{DIRECT_OR_COMPUTED},database/014_sprint3b_evidence_and_puzzle_integrity.sql:L418@s3b_submit_library_code[UPDATE SET]{DIRECT_OR_COMPUTED} | database/015_sprint3c_minimal_safe_teacher_override.sql:L101@teacher_apply_override[UPDATE SET]{DIRECT_OR_COMPUTED},NO_HISTORICAL_FUNCTION_DEDUP,docs/plans/ROUND1_FIELD_READ_WRITE_OVERVIEW_V1.0_part1.csv
F0286,s3b_run_state#10,12,6,6,DIRECT_OR_COMPUTED,database/007_sprint3b_act1_5_placeholder_flow.sql:L244@s3b_submit_act4_choice[UPDATE SET]{DIRECT_OR_COMPUTED} | database/007_sprint3b_act1_5_placeholder_flow.sql:L270@s3b_apply_act5_resolution[UPDATE SET]{DIRECT_OR_COMPUTED},database/054_level3_integrated_closure.sql:L93@teacher_apply_override[UPDATE SET]{DIRECT_OR_COMPUTED} | database/054_level3_integrated_closure.sql:L98@teacher_apply_override[UPDATE SET]{DIRECT_OR_COMPUTED},NO_HISTORICAL_FUNCTION_DEDUP,docs/plans/ROUND1_FIELD_READ_WRITE_OVERVIEW_V1.0_part1.csv
F0287,s3b_run_state#11,5,3,5,DIRECT_OR_COMPUTED,database/007_sprint3b_act1_5_placeholder_flow.sql:L270@s3b_apply_act5_resolution[UPDATE SET]{DIRECT_OR_COMPUTED} | database/010_sprint3b_flow_integrity_and_inspect_fix.sql:L126@s3b_apply_act5_resolution[UPDATE SET]{DIRECT_OR_COMPUTED},database/014a_sprint3b_inspect_reconnect_idempotency_fix.sql:L74@s3b_apply_resolved_discussion_internal[UPDATE SET]{DIRECT_OR_COMPUTED} | database/054_level3_integrated_closure.sql:L93@teacher_apply_override[UPDATE SET]{DIRECT_OR_COMPUTED},NO_HISTORICAL_FUNCTION_DEDUP,docs/plans/ROUND1_FIELD_READ_WRITE_OVERVIEW_V1.0_part1.csv
F0288,s3b_run_state#12,12,6,6,DIRECT_OR_COMPUTED,database/007_sprint3b_act1_5_placeholder_flow.sql:L244@s3b_submit_act4_choice[UPDATE SET]{DIRECT_OR_COMPUTED} | database/007_sprint3b_act1_5_placeholder_flow.sql:L271@s3b_apply_act5_resolution[UPDATE SET]{DIRECT_OR_COMPUTED},database/054_level3_integrated_closure.sql:L93@teacher_apply_override[UPDATE SET]{DIRECT_OR_COMPUTED} | database/054_level3_integrated_closure.sql:L98@teacher_apply_override[UPDATE SET]{DIRECT_OR_COMPUTED},NO_HISTORICAL_FUNCTION_DEDUP,docs/plans/ROUND1_FIELD_READ_WRITE_OVERVIEW_V1.0_part1.csv
F0289,s3b_run_state#13,28,11,8,DIRECT_OR_COMPUTED,database/007_sprint3b_act1_5_placeholder_flow.sql:L158@s3b_apply_meeting_resolution[UPDATE SET]{DIRECT_OR_COMPUTED} | database/007_sprint3b_act1_5_placeholder_flow.sql:L172@s3b_complete_foldback[UPDATE SET]{DIRECT_OR_COMPUTED},database/054_level3_integrated_closure.sql:L93@teacher_apply_override[UPDATE SET]{DIRECT_OR_COMPUTED} | database/054_level3_integrated_closure.sql:L98@teacher_apply_override[UPDATE SET]{DIRECT_OR_COMPUTED},NO_HISTORICAL_FUNCTION_DEDUP,docs/plans/ROUND1_FIELD_READ_WRITE_OVERVIEW_V1.0_part1.csv
F0290,s3b_run_state#14,10,5,5,DIRECT_OR_COMPUTED,database/010_sprint3b_flow_integrity_and_inspect_fix.sql:L126@s3b_apply_act5_resolution[UPDATE SET]{DIRECT_OR_COMPUTED} | database/010_sprint3b_flow_integrity_and_inspect_fix.sql:L131@s3b_apply_act5_resolution[UPDATE SET]{DIRECT_OR_COMPUTED},database/054_level3_integrated_closure.sql:L93@teacher_apply_override[UPDATE SET]{DIRECT_OR_COMPUTED} | database/054_level3_integrated_closure.sql:L98@teacher_apply_override[UPDATE SET]{DIRECT_OR_COMPUTED},NO_HISTORICAL_FUNCTION_DEDUP,docs/plans/ROUND1_FIELD_READ_WRITE_OVERVIEW_V1.0_part1.csv
F0291,s3b_run_state#15,2,2,2,DIRECT_OR_COMPUTED,database/011_sprint3b_transition_and_act1_delivery_integrity.sql:L100@s3b_refresh_puzzle[UPDATE SET]{DIRECT_OR_COMPUTED} | database/015_sprint3c_minimal_safe_teacher_override.sql:L101@teacher_apply_override[UPDATE SET]{DIRECT_OR_COMPUTED},database/011_sprint3b_transition_and_act1_delivery_integrity.sql:L100@s3b_refresh_puzzle[UPDATE SET]{DIRECT_OR_COMPUTED} | database/015_sprint3c_minimal_safe_teacher_override.sql:L101@teacher_apply_override[UPDATE SET]{DIRECT_OR_COMPUTED},NO_HISTORICAL_FUNCTION_DEDUP,docs/plans/ROUND1_FIELD_READ_WRITE_OVERVIEW_V1.0_part1.csv
F0292,s5_act8_private_choices#01,1,1,1,DIRECT_OR_COMPUTED,database/027_sprint5_act6_8_runtime.sql:L81@s5_submit_private_choice[INSERT explicit column]{DIRECT_OR_COMPUTED},database/027_sprint5_act6_8_runtime.sql:L81@s5_submit_private_choice[INSERT explicit column]{DIRECT_OR_COMPUTED},NO_HISTORICAL_FUNCTION_DEDUP,docs/plans/ROUND1_FIELD_READ_WRITE_OVERVIEW_V1.0_part1.csv
F0293,s5_act8_private_choices#02,1,1,1,DIRECT_OR_COMPUTED,database/027_sprint5_act6_8_runtime.sql:L81@s5_submit_private_choice[INSERT explicit column]{DIRECT_OR_COMPUTED},database/027_sprint5_act6_8_runtime.sql:L81@s5_submit_private_choice[INSERT explicit column]{DIRECT_OR_COMPUTED},NO_HISTORICAL_FUNCTION_DEDUP,docs/plans/ROUND1_FIELD_READ_WRITE_OVERVIEW_V1.0_part2.csv
F0294,s5_act8_private_choices#03,1,1,1,DIRECT_OR_COMPUTED,database/027_sprint5_act6_8_runtime.sql:L81@s5_submit_private_choice[INSERT explicit column]{DIRECT_OR_COMPUTED},database/027_sprint5_act6_8_runtime.sql:L81@s5_submit_private_choice[INSERT explicit column]{DIRECT_OR_COMPUTED},NO_HISTORICAL_FUNCTION_DEDUP,docs/plans/ROUND1_FIELD_READ_WRITE_OVERVIEW_V1.0_part2.csv
F0295,s5_act8_private_choices#04,1,1,1,DIRECT_OR_COMPUTED,database/027_sprint5_act6_8_runtime.sql:L81@s5_submit_private_choice[INSERT explicit column]{DIRECT_OR_COMPUTED},database/027_sprint5_act6_8_runtime.sql:L81@s5_submit_private_choice[INSERT explicit column]{DIRECT_OR_COMPUTED},NO_HISTORICAL_FUNCTION_DEDUP,docs/plans/ROUND1_FIELD_READ_WRITE_OVERVIEW_V1.0_part2.csv
F0296,s5_act8_private_choices#05,0,0,0,NONE,,,NO_HISTORICAL_FUNCTION_DEDUP,docs/plans/ROUND1_FIELD_READ_WRITE_OVERVIEW_V1.0_part2.csv
F0297,s5_rounds#01,0,0,0,NONE,,,NO_HISTORICAL_FUNCTION_DEDUP,docs/plans/ROUND1_FIELD_READ_WRITE_OVERVIEW_V1.0_part2.csv
F0298,s5_rounds#02,9,5,5,DIRECT_OR_COMPUTED,database/027_sprint5_act6_8_runtime.sql:L42@s5_initialize[INSERT explicit column]{DIRECT_OR_COMPUTED} | database/027_sprint5_act6_8_runtime.sql:L59@s5_submit_vote[INSERT explicit column]{DIRECT_OR_COMPUTED},database/061_package_a_act6_entry_timer_barrier.sql:L13@s5_ensure_initialized[INSERT explicit column]{DIRECT_OR_COMPUTED} | database/062_package_a_prepared_event_fk_fix.sql:L14@s5_ensure_initialized[INSERT explicit column]{DIRECT_OR_COMPUTED},NO_HISTORICAL_FUNCTION_DEDUP,docs/plans/ROUND1_FIELD_READ_WRITE_OVERVIEW_V1.0_part2.csv
F0299,s5_rounds#03,9,5,5,DIRECT_OR_COMPUTED,database/027_sprint5_act6_8_runtime.sql:L42@s5_initialize[INSERT explicit column]{DIRECT_OR_COMPUTED} | database/027_sprint5_act6_8_runtime.sql:L59@s5_submit_vote[INSERT explicit column]{DIRECT_OR_COMPUTED},database/061_package_a_act6_entry_timer_barrier.sql:L13@s5_ensure_initialized[INSERT explicit column]{DIRECT_OR_COMPUTED} | database/062_package_a_prepared_event_fk_fix.sql:L14@s5_ensure_initialized[INSERT explicit column]{DIRECT_OR_COMPUTED},NO_HISTORICAL_FUNCTION_DEDUP,docs/plans/ROUND1_FIELD_READ_WRITE_OVERVIEW_V1.0_part2.csv
F0300,s5_rounds#04,9,5,5,DIRECT_OR_COMPUTED,database/027_sprint5_act6_8_runtime.sql:L42@s5_initialize[INSERT explicit column]{DIRECT_OR_COMPUTED} | database/027_sprint5_act6_8_runtime.sql:L59@s5_submit_vote[INSERT explicit column]{DIRECT_OR_COMPUTED},database/061_package_a_act6_entry_timer_barrier.sql:L13@s5_ensure_initialized[INSERT explicit column]{DIRECT_OR_COMPUTED} | database/062_package_a_prepared_event_fk_fix.sql:L14@s5_ensure_initialized[INSERT explicit column]{DIRECT_OR_COMPUTED},NO_HISTORICAL_FUNCTION_DEDUP,docs/plans/ROUND1_FIELD_READ_WRITE_OVERVIEW_V1.0_part2.csv
F0301,s5_rounds#05,9,5,5,DIRECT_OR_COMPUTED,database/027_sprint5_act6_8_runtime.sql:L42@s5_initialize[INSERT explicit column]{DIRECT_OR_COMPUTED} | database/027_sprint5_act6_8_runtime.sql:L59@s5_submit_vote[INSERT explicit column]{DIRECT_OR_COMPUTED},database/061_package_a_act6_entry_timer_barrier.sql:L13@s5_ensure_initialized[INSERT explicit column]{DIRECT_OR_COMPUTED} | database/062_package_a_prepared_event_fk_fix.sql:L14@s5_ensure_initialized[INSERT explicit column]{DIRECT_OR_COMPUTED},NO_HISTORICAL_FUNCTION_DEDUP,docs/plans/ROUND1_FIELD_READ_WRITE_OVERVIEW_V1.0_part2.csv
F0302,s5_rounds#06,4,1,2,DIRECT_OR_COMPUTED,database/027_sprint5_act6_8_runtime.sql:L59@s5_submit_vote[UPDATE SET]{DIRECT_OR_COMPUTED} | database/027_sprint5_act6_8_runtime.sql:L62@s5_submit_vote[UPDATE SET]{DIRECT_OR_COMPUTED},database/027_sprint5_act6_8_runtime.sql:L65@s5_submit_vote[UPDATE SET]{DIRECT_OR_COMPUTED} | database/029_sprint5_canonical_discussion_localization.sql:L62@s5_submit_vote[UPDATE SET]{DIRECT_OR_COMPUTED},NO_HISTORICAL_FUNCTION_DEDUP,docs/plans/ROUND1_FIELD_READ_WRITE_OVERVIEW_V1.0_part2.csv
F0303,s5_rounds#07,4,1,2,DIRECT_OR_COMPUTED|DERIVED_OR_COPY,database/027_sprint5_act6_8_runtime.sql:L59@s5_submit_vote[UPDATE SET]{DIRECT_OR_COMPUTED} | database/027_sprint5_act6_8_runtime.sql:L62@s5_submit_vote[UPDATE SET]{DIRECT_OR_COMPUTED},database/027_sprint5_act6_8_runtime.sql:L65@s5_submit_vote[UPDATE SET]{DIRECT_OR_COMPUTED} | database/029_sprint5_canonical_discussion_localization.sql:L62@s5_submit_vote[UPDATE SET]{DERIVED_OR_COPY},NO_HISTORICAL_FUNCTION_DEDUP,docs/plans/ROUND1_FIELD_READ_WRITE_OVERVIEW_V1.0_part2.csv
F0304,s5_rounds#08,0,0,0,NONE,,,NO_HISTORICAL_FUNCTION_DEDUP,docs/plans/ROUND1_FIELD_READ_WRITE_OVERVIEW_V1.0_part2.csv
F0305,s5_rounds#09,4,1,2,DIRECT_OR_COMPUTED,database/027_sprint5_act6_8_runtime.sql:L59@s5_submit_vote[UPDATE SET]{DIRECT_OR_COMPUTED} | database/027_sprint5_act6_8_runtime.sql:L62@s5_submit_vote[UPDATE SET]{DIRECT_OR_COMPUTED},database/027_sprint5_act6_8_runtime.sql:L65@s5_submit_vote[UPDATE SET]{DIRECT_OR_COMPUTED} | database/029_sprint5_canonical_discussion_localization.sql:L62@s5_submit_vote[UPDATE SET]{DIRECT_OR_COMPUTED},NO_HISTORICAL_FUNCTION_DEDUP,docs/plans/ROUND1_FIELD_READ_WRITE_OVERVIEW_V1.0_part2.csv
F0306,s5_run_state#01,5,2,5,DIRECT_OR_COMPUTED,database/027_sprint5_act6_8_runtime.sql:L42@s5_initialize[INSERT explicit column]{DIRECT_OR_COMPUTED} | database/037_level3_independent_audit_closure.sql:L92@s5_ensure_initialized[INSERT explicit column]{DIRECT_OR_COMPUTED},database/061_package_a_act6_entry_timer_barrier.sql:L10@s5_ensure_initialized[INSERT explicit column]{DIRECT_OR_COMPUTED} | database/062_package_a_prepared_event_fk_fix.sql:L11@s5_ensure_initialized[INSERT explicit column]{DIRECT_OR_COMPUTED},NO_HISTORICAL_FUNCTION_DEDUP,docs/plans/ROUND1_FIELD_READ_WRITE_OVERVIEW_V1.0_part2.csv
F0307,s5_run_state#02,2,1,1,DIRECT_OR_COMPUTED,database/027_sprint5_act6_8_runtime.sql:L72@s5_advance[UPDATE SET]{DIRECT_OR_COMPUTED} | database/027_sprint5_act6_8_runtime.sql:L73@s5_advance[UPDATE SET]{DIRECT_OR_COMPUTED},database/027_sprint5_act6_8_runtime.sql:L72@s5_advance[UPDATE SET]{DIRECT_OR_COMPUTED} | database/027_sprint5_act6_8_runtime.sql:L73@s5_advance[UPDATE SET]{DIRECT_OR_COMPUTED},NO_HISTORICAL_FUNCTION_DEDUP,docs/plans/ROUND1_FIELD_READ_WRITE_OVERVIEW_V1.0_part2.csv
F0308,s5_run_state#03,8,3,1,DIRECT_OR_COMPUTED,database/027_sprint5_act6_8_runtime.sql:L58@s5_submit_vote[UPDATE SET]{DIRECT_OR_COMPUTED} | database/027_sprint5_act6_8_runtime.sql:L63@s5_submit_vote[UPDATE SET]{DIRECT_OR_COMPUTED},database/027_sprint5_act6_8_runtime.sql:L74@s5_advance[UPDATE SET]{DIRECT_OR_COMPUTED} | database/027_sprint5_act6_8_runtime.sql:L82@s5_submit_private_choice[UPDATE SET]{DIRECT_OR_COMPUTED},NO_HISTORICAL_FUNCTION_DEDUP,docs/plans/ROUND1_FIELD_READ_WRITE_OVERVIEW_V1.0_part2.csv
F0309,s5_run_state#04,5,3,1,DIRECT_OR_COMPUTED,database/027_sprint5_act6_8_runtime.sql:L59@s5_submit_vote[UPDATE SET]{DIRECT_OR_COMPUTED} | database/027_sprint5_act6_8_runtime.sql:L65@s5_submit_vote[UPDATE SET]{DIRECT_OR_COMPUTED},database/027_sprint5_act6_8_runtime.sql:L73@s5_advance[UPDATE SET]{DIRECT_OR_COMPUTED} | database/027_sprint5_act6_8_runtime.sql:L82@s5_submit_private_choice[UPDATE SET]{DIRECT_OR_COMPUTED},NO_HISTORICAL_FUNCTION_DEDUP,docs/plans/ROUND1_FIELD_READ_WRITE_OVERVIEW_V1.0_part2.csv
F0310,s5_run_state#05,2,1,1,DIRECT_OR_COMPUTED,database/027_sprint5_act6_8_runtime.sql:L58@s5_submit_vote[UPDATE SET]{DIRECT_OR_COMPUTED} | database/027_sprint5_act6_8_runtime.sql:L63@s5_submit_vote[UPDATE SET]{DIRECT_OR_COMPUTED},database/027_sprint5_act6_8_runtime.sql:L58@s5_submit_vote[UPDATE SET]{DIRECT_OR_COMPUTED} | database/027_sprint5_act6_8_runtime.sql:L63@s5_submit_vote[UPDATE SET]{DIRECT_OR_COMPUTED},NO_HISTORICAL_FUNCTION_DEDUP,docs/plans/ROUND1_FIELD_READ_WRITE_OVERVIEW_V1.0_part2.csv
F0311,s5_run_state#06,1,1,1,DIRECT_OR_COMPUTED,database/027_sprint5_act6_8_runtime.sql:L65@s5_submit_vote[UPDATE SET]{DIRECT_OR_COMPUTED},database/027_sprint5_act6_8_runtime.sql:L65@s5_submit_vote[UPDATE SET]{DIRECT_OR_COMPUTED},NO_HISTORICAL_FUNCTION_DEDUP,docs/plans/ROUND1_FIELD_READ_WRITE_OVERVIEW_V1.0_part2.csv
F0312,s5_run_state#07,2,2,1,DIRECT_OR_COMPUTED,database/027_sprint5_act6_8_runtime.sql:L66@s5_submit_vote[UPDATE SET]{DIRECT_OR_COMPUTED} | database/027_sprint5_act6_8_runtime.sql:L82@s5_submit_private_choice[UPDATE SET]{DIRECT_OR_COMPUTED},database/027_sprint5_act6_8_runtime.sql:L66@s5_submit_vote[UPDATE SET]{DIRECT_OR_COMPUTED} | database/027_sprint5_act6_8_runtime.sql:L82@s5_submit_private_choice[UPDATE SET]{DIRECT_OR_COMPUTED},NO_HISTORICAL_FUNCTION_DEDUP,docs/plans/ROUND1_FIELD_READ_WRITE_OVERVIEW_V1.0_part2.csv
F0313,s5_run_state#08,1,1,1,DIRECT_OR_COMPUTED,database/027_sprint5_act6_8_runtime.sql:L74@s5_advance[UPDATE SET]{DIRECT_OR_COMPUTED},database/027_sprint5_act6_8_runtime.sql:L74@s5_advance[UPDATE SET]{DIRECT_OR_COMPUTED},NO_HISTORICAL_FUNCTION_DEDUP,docs/plans/ROUND1_FIELD_READ_WRITE_OVERVIEW_V1.0_part2.csv
F0314,s5_run_state#09,12,3,4,DIRECT_OR_COMPUTED,database/027_sprint5_act6_8_runtime.sql:L58@s5_submit_vote[UPDATE SET]{DIRECT_OR_COMPUTED} | database/027_sprint5_act6_8_runtime.sql:L59@s5_submit_vote[UPDATE SET]{DIRECT_OR_COMPUTED},database/061_package_a_act6_entry_timer_barrier.sql:L79@s9_enter_act6[UPDATE SET]{DIRECT_OR_COMPUTED} | database/063_package_a_player_entry_column_fix.sql:L54@s9_enter_act6[UPDATE SET]{DIRECT_OR_COMPUTED},NO_HISTORICAL_FUNCTION_DEDUP,docs/plans/ROUND1_FIELD_READ_WRITE_OVERVIEW_V1.0_part2.csv
F0315,s5_run_state#10,4,2,3,DIRECT_OR_COMPUTED,database/059_structural_lifecycle_transition_spine.sql:L37@TOP_LEVEL[UPDATE SET]{DIRECT_OR_COMPUTED} | database/059_structural_lifecycle_transition_spine.sql:L67@s9_enter_act6[UPDATE SET]{DIRECT_OR_COMPUTED},database/061_package_a_act6_entry_timer_barrier.sql:L79@s9_enter_act6[UPDATE SET]{DIRECT_OR_COMPUTED} | database/063_package_a_player_entry_column_fix.sql:L54@s9_enter_act6[UPDATE SET]{DIRECT_OR_COMPUTED},NO_HISTORICAL_FUNCTION_DEDUP,docs/plans/ROUND1_FIELD_READ_WRITE_OVERVIEW_V1.0_part2.csv
F0316,s5_votes#01,1,1,1,DIRECT_OR_COMPUTED,database/027_sprint5_act6_8_runtime.sql:L52@s5_submit_vote[INSERT explicit column]{DIRECT_OR_COMPUTED},database/027_sprint5_act6_8_runtime.sql:L52@s5_submit_vote[INSERT explicit column]{DIRECT_OR_COMPUTED},NO_HISTORICAL_FUNCTION_DEDUP,docs/plans/ROUND1_FIELD_READ_WRITE_OVERVIEW_V1.0_part2.csv
F0317,s5_votes#02,1,1,1,DIRECT_OR_COMPUTED,database/027_sprint5_act6_8_runtime.sql:L52@s5_submit_vote[INSERT explicit column]{DIRECT_OR_COMPUTED},database/027_sprint5_act6_8_runtime.sql:L52@s5_submit_vote[INSERT explicit column]{DIRECT_OR_COMPUTED},NO_HISTORICAL_FUNCTION_DEDUP,docs/plans/ROUND1_FIELD_READ_WRITE_OVERVIEW_V1.0_part2.csv
F0318,s5_votes#03,1,1,1,DIRECT_OR_COMPUTED,database/027_sprint5_act6_8_runtime.sql:L52@s5_submit_vote[INSERT explicit column]{DIRECT_OR_COMPUTED},database/027_sprint5_act6_8_runtime.sql:L52@s5_submit_vote[INSERT explicit column]{DIRECT_OR_COMPUTED},NO_HISTORICAL_FUNCTION_DEDUP,docs/plans/ROUND1_FIELD_READ_WRITE_OVERVIEW_V1.0_part2.csv
F0319,s5_votes#04,1,1,1,DIRECT_OR_COMPUTED,database/027_sprint5_act6_8_runtime.sql:L52@s5_submit_vote[INSERT explicit column]{DIRECT_OR_COMPUTED},database/027_sprint5_act6_8_runtime.sql:L52@s5_submit_vote[INSERT explicit column]{DIRECT_OR_COMPUTED},NO_HISTORICAL_FUNCTION_DEDUP,docs/plans/ROUND1_FIELD_READ_WRITE_OVERVIEW_V1.0_part2.csv
F0320,s5_votes#05,1,1,1,DIRECT_OR_COMPUTED,database/027_sprint5_act6_8_runtime.sql:L52@s5_submit_vote[INSERT explicit column]{DIRECT_OR_COMPUTED},database/027_sprint5_act6_8_runtime.sql:L52@s5_submit_vote[INSERT explicit column]{DIRECT_OR_COMPUTED},NO_HISTORICAL_FUNCTION_DEDUP,docs/plans/ROUND1_FIELD_READ_WRITE_OVERVIEW_V1.0_part2.csv
F0321,s5_votes#06,1,1,1,DIRECT_OR_COMPUTED,database/027_sprint5_act6_8_runtime.sql:L52@s5_submit_vote[INSERT explicit column]{DIRECT_OR_COMPUTED},database/027_sprint5_act6_8_runtime.sql:L52@s5_submit_vote[INSERT explicit column]{DIRECT_OR_COMPUTED},NO_HISTORICAL_FUNCTION_DEDUP,docs/plans/ROUND1_FIELD_READ_WRITE_OVERVIEW_V1.0_part2.csv
F0322,s5_votes#07,0,0,0,NONE,,,NO_HISTORICAL_FUNCTION_DEDUP,docs/plans/ROUND1_FIELD_READ_WRITE_OVERVIEW_V1.0_part2.csv
F0323,s6_action_receipts#01,9,9,2,POSITIONAL_WRITE,database/035_sprint6_focused_audit_corrections.sql:L40@s6_send_message_guarded[INSERT positional/all columns]{POSITIONAL_WRITE} | database/035_sprint6_focused_audit_corrections.sql:L55@s6_submit_group_choice_guarded[INSERT positional/all columns]{POSITIONAL_WRITE},database/036_sprint6_four_open_findings.sql:L16@s6_close_discussion_v2[INSERT positional/all columns]{POSITIONAL_WRITE} | database/036_sprint6_four_open_findings.sql:L25@s6_complete_station_v2[INSERT positional/all columns]{POSITIONAL_WRITE},NO_HISTORICAL_FUNCTION_DEDUP,docs/plans/ROUND1_FIELD_READ_WRITE_OVERVIEW_V1.0_part2.csv
F0324,s6_action_receipts#02,9,9,2,POSITIONAL_WRITE,database/035_sprint6_focused_audit_corrections.sql:L40@s6_send_message_guarded[INSERT positional/all columns]{POSITIONAL_WRITE} | database/035_sprint6_focused_audit_corrections.sql:L55@s6_submit_group_choice_guarded[INSERT positional/all columns]{POSITIONAL_WRITE},database/036_sprint6_four_open_findings.sql:L16@s6_close_discussion_v2[INSERT positional/all columns]{POSITIONAL_WRITE} | database/036_sprint6_four_open_findings.sql:L25@s6_complete_station_v2[INSERT positional/all columns]{POSITIONAL_WRITE},NO_HISTORICAL_FUNCTION_DEDUP,docs/plans/ROUND1_FIELD_READ_WRITE_OVERVIEW_V1.0_part2.csv
F0325,s6_action_receipts#03,9,9,2,POSITIONAL_WRITE,database/035_sprint6_focused_audit_corrections.sql:L40@s6_send_message_guarded[INSERT positional/all columns]{POSITIONAL_WRITE} | database/035_sprint6_focused_audit_corrections.sql:L55@s6_submit_group_choice_guarded[INSERT positional/all columns]{POSITIONAL_WRITE},database/036_sprint6_four_open_findings.sql:L16@s6_close_discussion_v2[INSERT positional/all columns]{POSITIONAL_WRITE} | database/036_sprint6_four_open_findings.sql:L25@s6_complete_station_v2[INSERT positional/all columns]{POSITIONAL_WRITE},NO_HISTORICAL_FUNCTION_DEDUP,docs/plans/ROUND1_FIELD_READ_WRITE_OVERVIEW_V1.0_part2.csv
F0326,s6_action_receipts#04,9,9,2,POSITIONAL_WRITE,database/035_sprint6_focused_audit_corrections.sql:L40@s6_send_message_guarded[INSERT positional/all columns]{POSITIONAL_WRITE} | database/035_sprint6_focused_audit_corrections.sql:L55@s6_submit_group_choice_guarded[INSERT positional/all columns]{POSITIONAL_WRITE},database/036_sprint6_four_open_findings.sql:L16@s6_close_discussion_v2[INSERT positional/all columns]{POSITIONAL_WRITE} | database/036_sprint6_four_open_findings.sql:L25@s6_complete_station_v2[INSERT positional/all columns]{POSITIONAL_WRITE},NO_HISTORICAL_FUNCTION_DEDUP,docs/plans/ROUND1_FIELD_READ_WRITE_OVERVIEW_V1.0_part2.csv
F0327,s6_action_receipts#05,9,9,2,POSITIONAL_WRITE,database/035_sprint6_focused_audit_corrections.sql:L40@s6_send_message_guarded[INSERT positional/all columns]{POSITIONAL_WRITE} | database/035_sprint6_focused_audit_corrections.sql:L55@s6_submit_group_choice_guarded[INSERT positional/all columns]{POSITIONAL_WRITE},database/036_sprint6_four_open_findings.sql:L16@s6_close_discussion_v2[INSERT positional/all columns]{POSITIONAL_WRITE} | database/036_sprint6_four_open_findings.sql:L25@s6_complete_station_v2[INSERT positional/all columns]{POSITIONAL_WRITE},NO_HISTORICAL_FUNCTION_DEDUP,docs/plans/ROUND1_FIELD_READ_WRITE_OVERVIEW_V1.0_part2.csv
F0328,s6_action_receipts#06,9,9,2,POSITIONAL_WRITE,database/035_sprint6_focused_audit_corrections.sql:L40@s6_send_message_guarded[INSERT positional/all columns]{POSITIONAL_WRITE} | database/035_sprint6_focused_audit_corrections.sql:L55@s6_submit_group_choice_guarded[INSERT positional/all columns]{POSITIONAL_WRITE},database/036_sprint6_four_open_findings.sql:L16@s6_close_discussion_v2[INSERT positional/all columns]{POSITIONAL_WRITE} | database/036_sprint6_four_open_findings.sql:L25@s6_complete_station_v2[INSERT positional/all columns]{POSITIONAL_WRITE},NO_HISTORICAL_FUNCTION_DEDUP,docs/plans/ROUND1_FIELD_READ_WRITE_OVERVIEW_V1.0_part2.csv
F0329,s6_action_receipts#07,9,9,2,POSITIONAL_WRITE,database/035_sprint6_focused_audit_corrections.sql:L40@s6_send_message_guarded[INSERT positional/all columns]{POSITIONAL_WRITE} | database/035_sprint6_focused_audit_corrections.sql:L55@s6_submit_group_choice_guarded[INSERT positional/all columns]{POSITIONAL_WRITE},database/036_sprint6_four_open_findings.sql:L16@s6_close_discussion_v2[INSERT positional/all columns]{POSITIONAL_WRITE} | database/036_sprint6_four_open_findings.sql:L25@s6_complete_station_v2[INSERT positional/all columns]{POSITIONAL_WRITE},NO_HISTORICAL_FUNCTION_DEDUP,docs/plans/ROUND1_FIELD_READ_WRITE_OVERVIEW_V1.0_part2.csv
F0330,s6_allocation_attempts#01,0,0,0,NONE,,,NO_HISTORICAL_FUNCTION_DEDUP,docs/plans/ROUND1_FIELD_READ_WRITE_OVERVIEW_V1.0_part2.csv
F0331,s6_allocation_attempts#02,1,1,1,DIRECT_OR_COMPUTED,database/035_sprint6_focused_audit_corrections.sql:L61@s6_submit_allocation_guarded[INSERT explicit column]{DIRECT_OR_COMPUTED},database/035_sprint6_focused_audit_corrections.sql:L61@s6_submit_allocation_guarded[INSERT explicit column]{DIRECT_OR_COMPUTED},NO_HISTORICAL_FUNCTION_DEDUP,docs/plans/ROUND1_FIELD_READ_WRITE_OVERVIEW_V1.0_part2.csv
F0332,s6_allocation_attempts#03,1,1,1,DIRECT_OR_COMPUTED,database/035_sprint6_focused_audit_corrections.sql:L61@s6_submit_allocation_guarded[INSERT explicit column]{DIRECT_OR_COMPUTED},database/035_sprint6_focused_audit_corrections.sql:L61@s6_submit_allocation_guarded[INSERT explicit column]{DIRECT_OR_COMPUTED},NO_HISTORICAL_FUNCTION_DEDUP,docs/plans/ROUND1_FIELD_READ_WRITE_OVERVIEW_V1.0_part2.csv
F0333,s6_allocation_attempts#04,1,1,1,DIRECT_OR_COMPUTED,database/035_sprint6_focused_audit_corrections.sql:L61@s6_submit_allocation_guarded[INSERT explicit column]{DIRECT_OR_COMPUTED},database/035_sprint6_focused_audit_corrections.sql:L61@s6_submit_allocation_guarded[INSERT explicit column]{DIRECT_OR_COMPUTED},NO_HISTORICAL_FUNCTION_DEDUP,docs/plans/ROUND1_FIELD_READ_WRITE_OVERVIEW_V1.0_part2.csv
F0334,s6_allocation_attempts#05,1,1,1,DIRECT_OR_COMPUTED,database/035_sprint6_focused_audit_corrections.sql:L61@s6_submit_allocation_guarded[INSERT explicit column]{DIRECT_OR_COMPUTED},database/035_sprint6_focused_audit_corrections.sql:L61@s6_submit_allocation_guarded[INSERT explicit column]{DIRECT_OR_COMPUTED},NO_HISTORICAL_FUNCTION_DEDUP,docs/plans/ROUND1_FIELD_READ_WRITE_OVERVIEW_V1.0_part2.csv
F0335,s6_allocation_attempts#06,1,1,1,DIRECT_OR_COMPUTED,database/035_sprint6_focused_audit_corrections.sql:L61@s6_submit_allocation_guarded[INSERT explicit column]{DIRECT_OR_COMPUTED},database/035_sprint6_focused_audit_corrections.sql:L61@s6_submit_allocation_guarded[INSERT explicit column]{DIRECT_OR_COMPUTED},NO_HISTORICAL_FUNCTION_DEDUP,docs/plans/ROUND1_FIELD_READ_WRITE_OVERVIEW_V1.0_part2.csv
F0336,s6_allocation_attempts#07,0,0,0,NONE,,,NO_HISTORICAL_FUNCTION_DEDUP,docs/plans/ROUND1_FIELD_READ_WRITE_OVERVIEW_V1.0_part2.csv
F0337,s6_allocations#01,3,2,3,POSITIONAL_WRITE,database/033_sprint6_act9_13_runtime.sql:L53@s6_submit_allocation[INSERT positional/all columns]{POSITIONAL_WRITE} | database/034_sprint6_contract_hardening.sql:L23@s6_submit_allocation[INSERT positional/all columns]{POSITIONAL_WRITE},database/034_sprint6_contract_hardening.sql:L23@s6_submit_allocation[INSERT positional/all columns]{POSITIONAL_WRITE} | database/035_sprint6_focused_audit_corrections.sql:L61@s6_submit_allocation_guarded[INSERT positional/all columns]{POSITIONAL_WRITE},NO_HISTORICAL_FUNCTION_DEDUP,docs/plans/ROUND1_FIELD_READ_WRITE_OVERVIEW_V1.0_part2.csv
F0338,s6_allocations#02,3,2,3,POSITIONAL_WRITE,database/033_sprint6_act9_13_runtime.sql:L53@s6_submit_allocation[INSERT positional/all columns]{POSITIONAL_WRITE} | database/034_sprint6_contract_hardening.sql:L23@s6_submit_allocation[INSERT positional/all columns]{POSITIONAL_WRITE},database/034_sprint6_contract_hardening.sql:L23@s6_submit_allocation[INSERT positional/all columns]{POSITIONAL_WRITE} | database/035_sprint6_focused_audit_corrections.sql:L61@s6_submit_allocation_guarded[INSERT positional/all columns]{POSITIONAL_WRITE},NO_HISTORICAL_FUNCTION_DEDUP,docs/plans/ROUND1_FIELD_READ_WRITE_OVERVIEW_V1.0_part2.csv
F0339,s6_allocations#03,3,2,3,POSITIONAL_WRITE,database/033_sprint6_act9_13_runtime.sql:L53@s6_submit_allocation[INSERT positional/all columns]{POSITIONAL_WRITE} | database/034_sprint6_contract_hardening.sql:L23@s6_submit_allocation[INSERT positional/all columns]{POSITIONAL_WRITE},database/034_sprint6_contract_hardening.sql:L23@s6_submit_allocation[INSERT positional/all columns]{POSITIONAL_WRITE} | database/035_sprint6_focused_audit_corrections.sql:L61@s6_submit_allocation_guarded[INSERT positional/all columns]{POSITIONAL_WRITE},NO_HISTORICAL_FUNCTION_DEDUP,docs/plans/ROUND1_FIELD_READ_WRITE_OVERVIEW_V1.0_part2.csv
F0340,s6_allocations#04,3,2,3,POSITIONAL_WRITE,database/033_sprint6_act9_13_runtime.sql:L53@s6_submit_allocation[INSERT positional/all columns]{POSITIONAL_WRITE} | database/034_sprint6_contract_hardening.sql:L23@s6_submit_allocation[INSERT positional/all columns]{POSITIONAL_WRITE},database/034_sprint6_contract_hardening.sql:L23@s6_submit_allocation[INSERT positional/all columns]{POSITIONAL_WRITE} | database/035_sprint6_focused_audit_corrections.sql:L61@s6_submit_allocation_guarded[INSERT positional/all columns]{POSITIONAL_WRITE},NO_HISTORICAL_FUNCTION_DEDUP,docs/plans/ROUND1_FIELD_READ_WRITE_OVERVIEW_V1.0_part2.csv
F0341,s6_allocations#05,3,2,3,POSITIONAL_WRITE,database/033_sprint6_act9_13_runtime.sql:L53@s6_submit_allocation[INSERT positional/all columns]{POSITIONAL_WRITE} | database/034_sprint6_contract_hardening.sql:L23@s6_submit_allocation[INSERT positional/all columns]{POSITIONAL_WRITE},database/034_sprint6_contract_hardening.sql:L23@s6_submit_allocation[INSERT positional/all columns]{POSITIONAL_WRITE} | database/035_sprint6_focused_audit_corrections.sql:L61@s6_submit_allocation_guarded[INSERT positional/all columns]{POSITIONAL_WRITE},NO_HISTORICAL_FUNCTION_DEDUP,docs/plans/ROUND1_FIELD_READ_WRITE_OVERVIEW_V1.0_part2.csv
F0342,s6_audio_consumptions#01,1,1,1,DIRECT_OR_COMPUTED,database/037_level3_independent_audit_closure.sql:L173@s6_mark_audio_consumed[INSERT explicit column]{DIRECT_OR_COMPUTED},database/037_level3_independent_audit_closure.sql:L173@s6_mark_audio_consumed[INSERT explicit column]{DIRECT_OR_COMPUTED},NO_HISTORICAL_FUNCTION_DEDUP,docs/plans/ROUND1_FIELD_READ_WRITE_OVERVIEW_V1.0_part2.csv
F0343,s6_audio_consumptions#02,1,1,1,DIRECT_OR_COMPUTED,database/037_level3_independent_audit_closure.sql:L173@s6_mark_audio_consumed[INSERT explicit column]{DIRECT_OR_COMPUTED},database/037_level3_independent_audit_closure.sql:L173@s6_mark_audio_consumed[INSERT explicit column]{DIRECT_OR_COMPUTED},NO_HISTORICAL_FUNCTION_DEDUP,docs/plans/ROUND1_FIELD_READ_WRITE_OVERVIEW_V1.0_part2.csv
F0344,s6_audio_consumptions#03,1,1,1,DIRECT_OR_COMPUTED,database/037_level3_independent_audit_closure.sql:L173@s6_mark_audio_consumed[INSERT explicit column]{DIRECT_OR_COMPUTED},database/037_level3_independent_audit_closure.sql:L173@s6_mark_audio_consumed[INSERT explicit column]{DIRECT_OR_COMPUTED},NO_HISTORICAL_FUNCTION_DEDUP,docs/plans/ROUND1_FIELD_READ_WRITE_OVERVIEW_V1.0_part2.csv
F0345,s6_audio_consumptions#04,0,0,0,NONE,,,NO_HISTORICAL_FUNCTION_DEDUP,docs/plans/ROUND1_FIELD_READ_WRITE_OVERVIEW_V1.0_part2.csv
F0346,s6_audio_occurrences#01,0,0,0,NONE,,,NO_HISTORICAL_FUNCTION_DEDUP,docs/plans/ROUND1_FIELD_READ_WRITE_OVERVIEW_V1.0_part2.csv
F0347,s6_audio_occurrences#02,1,1,1,DIRECT_OR_COMPUTED,database/037_level3_independent_audit_closure.sql:L63@act6_13_prepare_s6_state[INSERT explicit column]{DIRECT_OR_COMPUTED},database/037_level3_independent_audit_closure.sql:L63@act6_13_prepare_s6_state[INSERT explicit column]{DIRECT_OR_COMPUTED},NO_HISTORICAL_FUNCTION_DEDUP,docs/plans/ROUND1_FIELD_READ_WRITE_OVERVIEW_V1.0_part2.csv
F0348,s6_audio_occurrences#03,1,1,1,DIRECT_OR_COMPUTED,database/037_level3_independent_audit_closure.sql:L63@act6_13_prepare_s6_state[INSERT explicit column]{DIRECT_OR_COMPUTED},database/037_level3_independent_audit_closure.sql:L63@act6_13_prepare_s6_state[INSERT explicit column]{DIRECT_OR_COMPUTED},NO_HISTORICAL_FUNCTION_DEDUP,docs/plans/ROUND1_FIELD_READ_WRITE_OVERVIEW_V1.0_part2.csv
F0349,s6_audio_occurrences#04,1,1,1,DIRECT_OR_COMPUTED,database/037_level3_independent_audit_closure.sql:L63@act6_13_prepare_s6_state[INSERT explicit column]{DIRECT_OR_COMPUTED},database/037_level3_independent_audit_closure.sql:L63@act6_13_prepare_s6_state[INSERT explicit column]{DIRECT_OR_COMPUTED},NO_HISTORICAL_FUNCTION_DEDUP,docs/plans/ROUND1_FIELD_READ_WRITE_OVERVIEW_V1.0_part2.csv
F0350,s6_audio_occurrences#05,1,1,1,DIRECT_OR_COMPUTED,database/037_level3_independent_audit_closure.sql:L63@act6_13_prepare_s6_state[INSERT explicit column]{DIRECT_OR_COMPUTED},database/037_level3_independent_audit_closure.sql:L63@act6_13_prepare_s6_state[INSERT explicit column]{DIRECT_OR_COMPUTED},NO_HISTORICAL_FUNCTION_DEDUP,docs/plans/ROUND1_FIELD_READ_WRITE_OVERVIEW_V1.0_part2.csv
F0351,s6_audio_occurrences#06,0,0,0,NONE,,,NO_HISTORICAL_FUNCTION_DEDUP,docs/plans/ROUND1_FIELD_READ_WRITE_OVERVIEW_V1.0_part2.csv
F0352,s6_choices#01,6,4,3,POSITIONAL_WRITE,database/033_sprint6_act9_13_runtime.sql:L40@s6_submit_group_choice[INSERT positional/all columns]{POSITIONAL_WRITE} | database/033_sprint6_act9_13_runtime.sql:L49@s6_submit_private_choice[INSERT positional/all columns]{POSITIONAL_WRITE},database/035_sprint6_focused_audit_corrections.sql:L46@s6_submit_group_choice_guarded[INSERT positional/all columns]{POSITIONAL_WRITE} | database/035_sprint6_focused_audit_corrections.sql:L57@s6_submit_private_choice_guarded[INSERT positional/all columns]{POSITIONAL_WRITE},NO_HISTORICAL_FUNCTION_DEDUP,docs/plans/ROUND1_FIELD_READ_WRITE_OVERVIEW_V1.0_part2.csv
F0353,s6_choices#02,6,4,3,POSITIONAL_WRITE,database/033_sprint6_act9_13_runtime.sql:L40@s6_submit_group_choice[INSERT positional/all columns]{POSITIONAL_WRITE} | database/033_sprint6_act9_13_runtime.sql:L49@s6_submit_private_choice[INSERT positional/all columns]{POSITIONAL_WRITE},database/035_sprint6_focused_audit_corrections.sql:L46@s6_submit_group_choice_guarded[INSERT positional/all columns]{POSITIONAL_WRITE} | database/035_sprint6_focused_audit_corrections.sql:L57@s6_submit_private_choice_guarded[INSERT positional/all columns]{POSITIONAL_WRITE},NO_HISTORICAL_FUNCTION_DEDUP,docs/plans/ROUND1_FIELD_READ_WRITE_OVERVIEW_V1.0_part2.csv
F0354,s6_choices#03,6,4,3,POSITIONAL_WRITE,database/033_sprint6_act9_13_runtime.sql:L40@s6_submit_group_choice[INSERT positional/all columns]{POSITIONAL_WRITE} | database/033_sprint6_act9_13_runtime.sql:L49@s6_submit_private_choice[INSERT positional/all columns]{POSITIONAL_WRITE},database/035_sprint6_focused_audit_corrections.sql:L46@s6_submit_group_choice_guarded[INSERT positional/all columns]{POSITIONAL_WRITE} | database/035_sprint6_focused_audit_corrections.sql:L57@s6_submit_private_choice_guarded[INSERT positional/all columns]{POSITIONAL_WRITE},NO_HISTORICAL_FUNCTION_DEDUP,docs/plans/ROUND1_FIELD_READ_WRITE_OVERVIEW_V1.0_part2.csv
F0355,s6_choices#04,6,4,3,POSITIONAL_WRITE,database/033_sprint6_act9_13_runtime.sql:L40@s6_submit_group_choice[INSERT positional/all columns]{POSITIONAL_WRITE} | database/033_sprint6_act9_13_runtime.sql:L49@s6_submit_private_choice[INSERT positional/all columns]{POSITIONAL_WRITE},database/035_sprint6_focused_audit_corrections.sql:L46@s6_submit_group_choice_guarded[INSERT positional/all columns]{POSITIONAL_WRITE} | database/035_sprint6_focused_audit_corrections.sql:L57@s6_submit_private_choice_guarded[INSERT positional/all columns]{POSITIONAL_WRITE},NO_HISTORICAL_FUNCTION_DEDUP,docs/plans/ROUND1_FIELD_READ_WRITE_OVERVIEW_V1.0_part2.csv
F0356,s6_choices#05,6,4,3,POSITIONAL_WRITE,database/033_sprint6_act9_13_runtime.sql:L40@s6_submit_group_choice[INSERT positional/all columns]{POSITIONAL_WRITE} | database/033_sprint6_act9_13_runtime.sql:L49@s6_submit_private_choice[INSERT positional/all columns]{POSITIONAL_WRITE},database/035_sprint6_focused_audit_corrections.sql:L46@s6_submit_group_choice_guarded[INSERT positional/all columns]{POSITIONAL_WRITE} | database/035_sprint6_focused_audit_corrections.sql:L57@s6_submit_private_choice_guarded[INSERT positional/all columns]{POSITIONAL_WRITE},NO_HISTORICAL_FUNCTION_DEDUP,docs/plans/ROUND1_FIELD_READ_WRITE_OVERVIEW_V1.0_part2.csv
F0357,s6_choices#06,6,4,3,POSITIONAL_WRITE,database/033_sprint6_act9_13_runtime.sql:L40@s6_submit_group_choice[INSERT positional/all columns]{POSITIONAL_WRITE} | database/033_sprint6_act9_13_runtime.sql:L49@s6_submit_private_choice[INSERT positional/all columns]{POSITIONAL_WRITE},database/035_sprint6_focused_audit_corrections.sql:L46@s6_submit_group_choice_guarded[INSERT positional/all columns]{POSITIONAL_WRITE} | database/035_sprint6_focused_audit_corrections.sql:L57@s6_submit_private_choice_guarded[INSERT positional/all columns]{POSITIONAL_WRITE},NO_HISTORICAL_FUNCTION_DEDUP,docs/plans/ROUND1_FIELD_READ_WRITE_OVERVIEW_V1.0_part2.csv
F0358,s6_choices#07,6,4,3,POSITIONAL_WRITE,database/033_sprint6_act9_13_runtime.sql:L40@s6_submit_group_choice[INSERT positional/all columns]{POSITIONAL_WRITE} | database/033_sprint6_act9_13_runtime.sql:L49@s6_submit_private_choice[INSERT positional/all columns]{POSITIONAL_WRITE},database/035_sprint6_focused_audit_corrections.sql:L46@s6_submit_group_choice_guarded[INSERT positional/all columns]{POSITIONAL_WRITE} | database/035_sprint6_focused_audit_corrections.sql:L57@s6_submit_private_choice_guarded[INSERT positional/all columns]{POSITIONAL_WRITE},NO_HISTORICAL_FUNCTION_DEDUP,docs/plans/ROUND1_FIELD_READ_WRITE_OVERVIEW_V1.0_part2.csv
F0359,s6_choices#08,6,4,3,POSITIONAL_WRITE,database/033_sprint6_act9_13_runtime.sql:L40@s6_submit_group_choice[INSERT positional/all columns]{POSITIONAL_WRITE} | database/033_sprint6_act9_13_runtime.sql:L49@s6_submit_private_choice[INSERT positional/all columns]{POSITIONAL_WRITE},database/035_sprint6_focused_audit_corrections.sql:L46@s6_submit_group_choice_guarded[INSERT positional/all columns]{POSITIONAL_WRITE} | database/035_sprint6_focused_audit_corrections.sql:L57@s6_submit_private_choice_guarded[INSERT positional/all columns]{POSITIONAL_WRITE},NO_HISTORICAL_FUNCTION_DEDUP,docs/plans/ROUND1_FIELD_READ_WRITE_OVERVIEW_V1.0_part2.csv
F0360,s6_choices#09,6,4,3,POSITIONAL_WRITE,database/033_sprint6_act9_13_runtime.sql:L40@s6_submit_group_choice[INSERT positional/all columns]{POSITIONAL_WRITE} | database/033_sprint6_act9_13_runtime.sql:L49@s6_submit_private_choice[INSERT positional/all columns]{POSITIONAL_WRITE},database/035_sprint6_focused_audit_corrections.sql:L46@s6_submit_group_choice_guarded[INSERT positional/all columns]{POSITIONAL_WRITE} | database/035_sprint6_focused_audit_corrections.sql:L57@s6_submit_private_choice_guarded[INSERT positional/all columns]{POSITIONAL_WRITE},NO_HISTORICAL_FUNCTION_DEDUP,docs/plans/ROUND1_FIELD_READ_WRITE_OVERVIEW_V1.0_part2.csv
F0361,s6_choices#10,7,5,4,POSITIONAL_WRITE|DERIVED_OR_COPY,database/033_sprint6_act9_13_runtime.sql:L40@s6_submit_group_choice[INSERT positional/all columns]{POSITIONAL_WRITE} | database/033_sprint6_act9_13_runtime.sql:L49@s6_submit_private_choice[INSERT positional/all columns]{POSITIONAL_WRITE},database/035_sprint6_focused_audit_corrections.sql:L57@s6_submit_private_choice_guarded[INSERT positional/all columns]{POSITIONAL_WRITE} | database/049_sprint8_final_closure.sql:L8@TOP_LEVEL[UPDATE SET]{DERIVED_OR_COPY},NO_HISTORICAL_FUNCTION_DEDUP,docs/plans/ROUND1_FIELD_READ_WRITE_OVERVIEW_V1.0_part2.csv
F0362,s6_engagements#01,3,2,2,POSITIONAL_WRITE,database/033_sprint6_act9_13_runtime.sql:L55@s6_engage[INSERT positional/all columns]{POSITIONAL_WRITE} | database/035_sprint6_focused_audit_corrections.sql:L65@s6_engage[INSERT positional/all columns]{POSITIONAL_WRITE},database/035_sprint6_focused_audit_corrections.sql:L65@s6_engage[INSERT positional/all columns]{POSITIONAL_WRITE} | database/035_sprint6_focused_audit_corrections.sql:L67@s6_engage_guarded[INSERT positional/all columns]{POSITIONAL_WRITE},NO_HISTORICAL_FUNCTION_DEDUP,docs/plans/ROUND1_FIELD_READ_WRITE_OVERVIEW_V1.0_part2.csv
F0363,s6_engagements#02,3,2,2,POSITIONAL_WRITE,database/033_sprint6_act9_13_runtime.sql:L55@s6_engage[INSERT positional/all columns]{POSITIONAL_WRITE} | database/035_sprint6_focused_audit_corrections.sql:L65@s6_engage[INSERT positional/all columns]{POSITIONAL_WRITE},database/035_sprint6_focused_audit_corrections.sql:L65@s6_engage[INSERT positional/all columns]{POSITIONAL_WRITE} | database/035_sprint6_focused_audit_corrections.sql:L67@s6_engage_guarded[INSERT positional/all columns]{POSITIONAL_WRITE},NO_HISTORICAL_FUNCTION_DEDUP,docs/plans/ROUND1_FIELD_READ_WRITE_OVERVIEW_V1.0_part2.csv
F0364,s6_engagements#03,3,2,2,POSITIONAL_WRITE,database/033_sprint6_act9_13_runtime.sql:L55@s6_engage[INSERT positional/all columns]{POSITIONAL_WRITE} | database/035_sprint6_focused_audit_corrections.sql:L65@s6_engage[INSERT positional/all columns]{POSITIONAL_WRITE},database/035_sprint6_focused_audit_corrections.sql:L65@s6_engage[INSERT positional/all columns]{POSITIONAL_WRITE} | database/035_sprint6_focused_audit_corrections.sql:L67@s6_engage_guarded[INSERT positional/all columns]{POSITIONAL_WRITE},NO_HISTORICAL_FUNCTION_DEDUP,docs/plans/ROUND1_FIELD_READ_WRITE_OVERVIEW_V1.0_part2.csv
F0365,s6_engagements#04,3,2,2,POSITIONAL_WRITE,database/033_sprint6_act9_13_runtime.sql:L55@s6_engage[INSERT positional/all columns]{POSITIONAL_WRITE} | database/035_sprint6_focused_audit_corrections.sql:L65@s6_engage[INSERT positional/all columns]{POSITIONAL_WRITE},database/035_sprint6_focused_audit_corrections.sql:L65@s6_engage[INSERT positional/all columns]{POSITIONAL_WRITE} | database/035_sprint6_focused_audit_corrections.sql:L67@s6_engage_guarded[INSERT positional/all columns]{POSITIONAL_WRITE},NO_HISTORICAL_FUNCTION_DEDUP,docs/plans/ROUND1_FIELD_READ_WRITE_OVERVIEW_V1.0_part2.csv
F0366,s6_private_clues#01,1,1,1,POSITIONAL_WRITE,database/033_sprint6_act9_13_runtime.sql:L30@s6_deliver_clues[INSERT positional/all columns]{POSITIONAL_WRITE},database/033_sprint6_act9_13_runtime.sql:L30@s6_deliver_clues[INSERT positional/all columns]{POSITIONAL_WRITE},NO_HISTORICAL_FUNCTION_DEDUP,docs/plans/ROUND1_FIELD_READ_WRITE_OVERVIEW_V1.0_part2.csv
F0367,s6_private_clues#02,1,1,1,POSITIONAL_WRITE,database/033_sprint6_act9_13_runtime.sql:L30@s6_deliver_clues[INSERT positional/all columns]{POSITIONAL_WRITE},database/033_sprint6_act9_13_runtime.sql:L30@s6_deliver_clues[INSERT positional/all columns]{POSITIONAL_WRITE},NO_HISTORICAL_FUNCTION_DEDUP,docs/plans/ROUND1_FIELD_READ_WRITE_OVERVIEW_V1.0_part2.csv
F0368,s6_private_clues#03,1,1,1,POSITIONAL_WRITE,database/033_sprint6_act9_13_runtime.sql:L30@s6_deliver_clues[INSERT positional/all columns]{POSITIONAL_WRITE},database/033_sprint6_act9_13_runtime.sql:L30@s6_deliver_clues[INSERT positional/all columns]{POSITIONAL_WRITE},NO_HISTORICAL_FUNCTION_DEDUP,docs/plans/ROUND1_FIELD_READ_WRITE_OVERVIEW_V1.0_part2.csv
F0369,s6_private_clues#04,1,1,1,POSITIONAL_WRITE,database/033_sprint6_act9_13_runtime.sql:L30@s6_deliver_clues[INSERT positional/all columns]{POSITIONAL_WRITE},database/033_sprint6_act9_13_runtime.sql:L30@s6_deliver_clues[INSERT positional/all columns]{POSITIONAL_WRITE},NO_HISTORICAL_FUNCTION_DEDUP,docs/plans/ROUND1_FIELD_READ_WRITE_OVERVIEW_V1.0_part2.csv
F0370,s6_private_clues#05,1,1,1,POSITIONAL_WRITE,database/033_sprint6_act9_13_runtime.sql:L30@s6_deliver_clues[INSERT positional/all columns]{POSITIONAL_WRITE},database/033_sprint6_act9_13_runtime.sql:L30@s6_deliver_clues[INSERT positional/all columns]{POSITIONAL_WRITE},NO_HISTORICAL_FUNCTION_DEDUP,docs/plans/ROUND1_FIELD_READ_WRITE_OVERVIEW_V1.0_part2.csv
F0371,s6_private_clues#06,1,1,1,POSITIONAL_WRITE,database/033_sprint6_act9_13_runtime.sql:L30@s6_deliver_clues[INSERT positional/all columns]{POSITIONAL_WRITE},database/033_sprint6_act9_13_runtime.sql:L30@s6_deliver_clues[INSERT positional/all columns]{POSITIONAL_WRITE},NO_HISTORICAL_FUNCTION_DEDUP,docs/plans/ROUND1_FIELD_READ_WRITE_OVERVIEW_V1.0_part2.csv
F0372,s6_run_state#01,3,2,3,DIRECT_OR_COMPUTED,database/033_sprint6_act9_13_runtime.sql:L33@s6_initialize[INSERT explicit column]{DIRECT_OR_COMPUTED} | database/035_sprint6_focused_audit_corrections.sql:L38@s6_initialize[INSERT explicit column]{DIRECT_OR_COMPUTED},database/035_sprint6_focused_audit_corrections.sql:L38@s6_initialize[INSERT explicit column]{DIRECT_OR_COMPUTED} | database/037_level3_independent_audit_closure.sql:L109@s6_ensure_initialized[INSERT explicit column]{DIRECT_OR_COMPUTED},NO_HISTORICAL_FUNCTION_DEDUP,docs/plans/ROUND1_FIELD_READ_WRITE_OVERVIEW_V1.0_part2.csv
F0373,s6_run_state#02,15,9,7,DIRECT_OR_COMPUTED,database/033_sprint6_act9_13_runtime.sql:L47@s6_submit_group_choice[UPDATE SET]{DIRECT_OR_COMPUTED} | database/033_sprint6_act9_13_runtime.sql:L49@s6_submit_private_choice[UPDATE SET]{DIRECT_OR_COMPUTED},database/048_sprint8_focused_level1_corrections.sql:L71@s8_finalize[UPDATE SET]{DIRECT_OR_COMPUTED} | database/049_sprint8_final_closure.sql:L168@s8_finalize[UPDATE SET]{DIRECT_OR_COMPUTED},NO_HISTORICAL_FUNCTION_DEDUP,docs/plans/ROUND1_FIELD_READ_WRITE_OVERVIEW_V1.0_part2.csv
F0374,s6_run_state#03,27,15,8,DIRECT_OR_COMPUTED,database/033_sprint6_act9_13_runtime.sql:L35@s6_open_act9_console[UPDATE SET]{DIRECT_OR_COMPUTED} | database/033_sprint6_act9_13_runtime.sql:L43@s6_submit_group_choice[UPDATE SET]{DIRECT_OR_COMPUTED},database/048_sprint8_focused_level1_corrections.sql:L71@s8_finalize[UPDATE SET]{DIRECT_OR_COMPUTED} | database/049_sprint8_final_closure.sql:L168@s8_finalize[UPDATE SET]{DIRECT_OR_COMPUTED},NO_HISTORICAL_FUNCTION_DEDUP,docs/plans/ROUND1_FIELD_READ_WRITE_OVERVIEW_V1.0_part2.csv
F0375,s6_run_state#04,6,2,3,DIRECT_OR_COMPUTED,database/033_sprint6_act9_13_runtime.sql:L46@s6_submit_group_choice[UPDATE SET]{DIRECT_OR_COMPUTED} | database/033_sprint6_act9_13_runtime.sql:L47@s6_submit_group_choice[UPDATE SET]{DIRECT_OR_COMPUTED},database/035_sprint6_focused_audit_corrections.sql:L52@s6_submit_group_choice_guarded[UPDATE SET]{DIRECT_OR_COMPUTED} | database/035_sprint6_focused_audit_corrections.sql:L53@s6_submit_group_choice_guarded[UPDATE SET]{DIRECT_OR_COMPUTED},NO_HISTORICAL_FUNCTION_DEDUP,docs/plans/ROUND1_FIELD_READ_WRITE_OVERVIEW_V1.0_part2.csv
F0376,s6_run_state#05,24,10,3,DIRECT_OR_COMPUTED,database/033_sprint6_act9_13_runtime.sql:L41@s6_submit_group_choice[UPDATE SET]{DIRECT_OR_COMPUTED} | database/033_sprint6_act9_13_runtime.sql:L45@s6_submit_group_choice[UPDATE SET]{DIRECT_OR_COMPUTED},database/035_sprint6_focused_audit_corrections.sql:L65@s6_engage[UPDATE SET]{DIRECT_OR_COMPUTED} | database/035_sprint6_focused_audit_corrections.sql:L67@s6_engage_guarded[UPDATE SET]{DIRECT_OR_COMPUTED},NO_HISTORICAL_FUNCTION_DEDUP,docs/plans/ROUND1_FIELD_READ_WRITE_OVERVIEW_V1.0_part2.csv
F0377,s6_run_state#06,6,2,3,DIRECT_OR_COMPUTED,database/033_sprint6_act9_13_runtime.sql:L46@s6_submit_group_choice[UPDATE SET]{DIRECT_OR_COMPUTED} | database/033_sprint6_act9_13_runtime.sql:L47@s6_submit_group_choice[UPDATE SET]{DIRECT_OR_COMPUTED},database/035_sprint6_focused_audit_corrections.sql:L52@s6_submit_group_choice_guarded[UPDATE SET]{DIRECT_OR_COMPUTED} | database/035_sprint6_focused_audit_corrections.sql:L53@s6_submit_group_choice_guarded[UPDATE SET]{DIRECT_OR_COMPUTED},NO_HISTORICAL_FUNCTION_DEDUP,docs/plans/ROUND1_FIELD_READ_WRITE_OVERVIEW_V1.0_part2.csv
F0378,s6_run_state#07,6,2,3,DIRECT_OR_COMPUTED|DERIVED_OR_COPY,database/033_sprint6_act9_13_runtime.sql:L46@s6_submit_group_choice[UPDATE SET]{DIRECT_OR_COMPUTED} | database/033_sprint6_act9_13_runtime.sql:L47@s6_submit_group_choice[UPDATE SET]{DERIVED_OR_COPY},database/035_sprint6_focused_audit_corrections.sql:L52@s6_submit_group_choice_guarded[UPDATE SET]{DIRECT_OR_COMPUTED} | database/035_sprint6_focused_audit_corrections.sql:L53@s6_submit_group_choice_guarded[UPDATE SET]{DERIVED_OR_COPY},NO_HISTORICAL_FUNCTION_DEDUP,docs/plans/ROUND1_FIELD_READ_WRITE_OVERVIEW_V1.0_part2.csv
F0379,s6_run_state#08,3,2,3,DIRECT_OR_COMPUTED,database/033_sprint6_act9_13_runtime.sql:L43@s6_submit_group_choice[UPDATE SET]{DIRECT_OR_COMPUTED} | database/034_sprint6_contract_hardening.sql:L13@s6_submit_group_choice[UPDATE SET]{DIRECT_OR_COMPUTED},database/034_sprint6_contract_hardening.sql:L13@s6_submit_group_choice[UPDATE SET]{DIRECT_OR_COMPUTED} | database/035_sprint6_focused_audit_corrections.sql:L49@s6_submit_group_choice_guarded[UPDATE SET]{DIRECT_OR_COMPUTED},NO_HISTORICAL_FUNCTION_DEDUP,docs/plans/ROUND1_FIELD_READ_WRITE_OVERVIEW_V1.0_part2.csv
F0380,s6_run_state#09,3,2,3,DIRECT_OR_COMPUTED,database/033_sprint6_act9_13_runtime.sql:L43@s6_submit_group_choice[UPDATE SET]{DIRECT_OR_COMPUTED} | database/034_sprint6_contract_hardening.sql:L13@s6_submit_group_choice[UPDATE SET]{DIRECT_OR_COMPUTED},database/034_sprint6_contract_hardening.sql:L13@s6_submit_group_choice[UPDATE SET]{DIRECT_OR_COMPUTED} | database/035_sprint6_focused_audit_corrections.sql:L49@s6_submit_group_choice_guarded[UPDATE SET]{DIRECT_OR_COMPUTED},NO_HISTORICAL_FUNCTION_DEDUP,docs/plans/ROUND1_FIELD_READ_WRITE_OVERVIEW_V1.0_part2.csv
F0381,s6_run_state#10,3,2,3,DIRECT_OR_COMPUTED,database/033_sprint6_act9_13_runtime.sql:L43@s6_submit_group_choice[UPDATE SET]{DIRECT_OR_COMPUTED} | database/034_sprint6_contract_hardening.sql:L13@s6_submit_group_choice[UPDATE SET]{DIRECT_OR_COMPUTED},database/034_sprint6_contract_hardening.sql:L13@s6_submit_group_choice[UPDATE SET]{DIRECT_OR_COMPUTED} | database/035_sprint6_focused_audit_corrections.sql:L49@s6_submit_group_choice_guarded[UPDATE SET]{DIRECT_OR_COMPUTED},NO_HISTORICAL_FUNCTION_DEDUP,docs/plans/ROUND1_FIELD_READ_WRITE_OVERVIEW_V1.0_part2.csv
F0382,s6_run_state#11,3,2,3,DIRECT_OR_COMPUTED,database/033_sprint6_act9_13_runtime.sql:L43@s6_submit_group_choice[UPDATE SET]{DIRECT_OR_COMPUTED} | database/034_sprint6_contract_hardening.sql:L13@s6_submit_group_choice[UPDATE SET]{DIRECT_OR_COMPUTED},database/034_sprint6_contract_hardening.sql:L13@s6_submit_group_choice[UPDATE SET]{DIRECT_OR_COMPUTED} | database/035_sprint6_focused_audit_corrections.sql:L49@s6_submit_group_choice_guarded[UPDATE SET]{DIRECT_OR_COMPUTED},NO_HISTORICAL_FUNCTION_DEDUP,docs/plans/ROUND1_FIELD_READ_WRITE_OVERVIEW_V1.0_part2.csv
F0383,s6_run_state#12,3,2,3,DIRECT_OR_COMPUTED,database/033_sprint6_act9_13_runtime.sql:L53@s6_submit_allocation[UPDATE SET]{DIRECT_OR_COMPUTED} | database/034_sprint6_contract_hardening.sql:L23@s6_submit_allocation[UPDATE SET]{DIRECT_OR_COMPUTED},database/034_sprint6_contract_hardening.sql:L23@s6_submit_allocation[UPDATE SET]{DIRECT_OR_COMPUTED} | database/035_sprint6_focused_audit_corrections.sql:L61@s6_submit_allocation_guarded[UPDATE SET]{DIRECT_OR_COMPUTED},NO_HISTORICAL_FUNCTION_DEDUP,docs/plans/ROUND1_FIELD_READ_WRITE_OVERVIEW_V1.0_part2.csv
F0384,s6_run_state#13,3,2,2,DIRECT_OR_COMPUTED,database/033_sprint6_act9_13_runtime.sql:L55@s6_engage[UPDATE SET]{DIRECT_OR_COMPUTED} | database/035_sprint6_focused_audit_corrections.sql:L65@s6_engage[UPDATE SET]{DIRECT_OR_COMPUTED},database/035_sprint6_focused_audit_corrections.sql:L65@s6_engage[UPDATE SET]{DIRECT_OR_COMPUTED} | database/035_sprint6_focused_audit_corrections.sql:L67@s6_engage_guarded[UPDATE SET]{DIRECT_OR_COMPUTED},NO_HISTORICAL_FUNCTION_DEDUP,docs/plans/ROUND1_FIELD_READ_WRITE_OVERVIEW_V1.0_part2.csv
F0385,s6_run_state#14,7,4,4,DIRECT_OR_COMPUTED,database/033_sprint6_act9_13_runtime.sql:L49@s6_submit_private_choice[UPDATE SET]{DIRECT_OR_COMPUTED} | database/033_sprint6_act9_13_runtime.sql:L55@s6_engage[UPDATE SET]{DIRECT_OR_COMPUTED},database/035_sprint6_focused_audit_corrections.sql:L69@s6_tick_cinematic[UPDATE SET]{DIRECT_OR_COMPUTED} | database/036_sprint6_four_open_findings.sql:L27@s6_tick_cinematic[UPDATE SET]{DIRECT_OR_COMPUTED},NO_HISTORICAL_FUNCTION_DEDUP,docs/plans/ROUND1_FIELD_READ_WRITE_OVERVIEW_V1.0_part2.csv
F0386,s6_run_state#15,8,5,4,DIRECT_OR_COMPUTED,database/033_sprint6_act9_13_runtime.sql:L49@s6_submit_private_choice[UPDATE SET]{DIRECT_OR_COMPUTED} | database/033_sprint6_act9_13_runtime.sql:L55@s6_engage[UPDATE SET]{DIRECT_OR_COMPUTED},database/035_sprint6_focused_audit_corrections.sql:L69@s6_tick_cinematic[UPDATE SET]{DIRECT_OR_COMPUTED} | database/036_sprint6_four_open_findings.sql:L27@s6_tick_cinematic[UPDATE SET]{DIRECT_OR_COMPUTED},NO_HISTORICAL_FUNCTION_DEDUP,docs/plans/ROUND1_FIELD_READ_WRITE_OVERVIEW_V1.0_part2.csv
F0387,s6_run_state#16,4,2,4,DIRECT_OR_COMPUTED,database/033_sprint6_act9_13_runtime.sql:L49@s6_submit_private_choice[UPDATE SET]{DIRECT_OR_COMPUTED} | database/034_sprint6_contract_hardening.sql:L20@s6_submit_private_choice[UPDATE SET]{DIRECT_OR_COMPUTED},database/035_sprint6_focused_audit_corrections.sql:L69@s6_tick_cinematic[UPDATE SET]{DIRECT_OR_COMPUTED} | database/036_sprint6_four_open_findings.sql:L27@s6_tick_cinematic[UPDATE SET]{DIRECT_OR_COMPUTED},NO_HISTORICAL_FUNCTION_DEDUP,docs/plans/ROUND1_FIELD_READ_WRITE_OVERVIEW_V1.0_part2.csv
F0388,s6_run_state#17,2,2,2,DIRECT_OR_COMPUTED,database/033_sprint6_act9_13_runtime.sql:L51@s6_advance[UPDATE SET]{DIRECT_OR_COMPUTED} | database/035_sprint6_focused_audit_corrections.sql:L59@s6_advance_guarded[UPDATE SET]{DIRECT_OR_COMPUTED},database/033_sprint6_act9_13_runtime.sql:L51@s6_advance[UPDATE SET]{DIRECT_OR_COMPUTED} | database/035_sprint6_focused_audit_corrections.sql:L59@s6_advance_guarded[UPDATE SET]{DIRECT_OR_COMPUTED},NO_HISTORICAL_FUNCTION_DEDUP,docs/plans/ROUND1_FIELD_READ_WRITE_OVERVIEW_V1.0_part2.csv
F0389,s6_run_state#18,31,14,8,DIRECT_OR_COMPUTED,database/033_sprint6_act9_13_runtime.sql:L35@s6_open_act9_console[UPDATE SET]{DIRECT_OR_COMPUTED} | database/033_sprint6_act9_13_runtime.sql:L41@s6_submit_group_choice[UPDATE SET]{DIRECT_OR_COMPUTED},database/048_sprint8_focused_level1_corrections.sql:L71@s8_finalize[UPDATE SET]{DIRECT_OR_COMPUTED} | database/049_sprint8_final_closure.sql:L168@s8_finalize[UPDATE SET]{DIRECT_OR_COMPUTED},NO_HISTORICAL_FUNCTION_DEDUP,docs/plans/ROUND1_FIELD_READ_WRITE_OVERVIEW_V1.0_part2.csv
F0390,s6_run_state#19,16,10,3,DIRECT_OR_COMPUTED,database/035_sprint6_focused_audit_corrections.sql:L42@s6_close_discussion_guarded[UPDATE SET]{DIRECT_OR_COMPUTED} | database/035_sprint6_focused_audit_corrections.sql:L47@s6_submit_group_choice_guarded[UPDATE SET]{DIRECT_OR_COMPUTED},database/036_sprint6_four_open_findings.sql:L27@s6_tick_cinematic[UPDATE SET]{DIRECT_OR_COMPUTED} | database/037_level3_independent_audit_closure.sql:L150@s6_refresh_owned_discussion[UPDATE SET]{DIRECT_OR_COMPUTED},NO_HISTORICAL_FUNCTION_DEDUP,docs/plans/ROUND1_FIELD_READ_WRITE_OVERVIEW_V1.0_part2.csv
F0391,s6_run_state#20,8,6,3,DIRECT_OR_COMPUTED|DERIVED_OR_COPY,database/035_sprint6_focused_audit_corrections.sql:L42@s6_close_discussion_guarded[UPDATE SET]{DIRECT_OR_COMPUTED} | database/035_sprint6_focused_audit_corrections.sql:L49@s6_submit_group_choice_guarded[UPDATE SET]{DERIVED_OR_COPY},database/036_sprint6_four_open_findings.sql:L27@s6_tick_cinematic[UPDATE SET]{DIRECT_OR_COMPUTED} | database/037_level3_independent_audit_closure.sql:L150@s6_refresh_owned_discussion[UPDATE SET]{DIRECT_OR_COMPUTED},NO_HISTORICAL_FUNCTION_DEDUP,docs/plans/ROUND1_FIELD_READ_WRITE_OVERVIEW_V1.0_part2.csv
F0392,s6_run_state#21,3,2,2,DIRECT_OR_COMPUTED,database/035_sprint6_focused_audit_corrections.sql:L57@s6_submit_private_choice_guarded[UPDATE SET]{DIRECT_OR_COMPUTED} | database/035_sprint6_focused_audit_corrections.sql:L69@s6_tick_cinematic[UPDATE SET]{DIRECT_OR_COMPUTED},database/035_sprint6_focused_audit_corrections.sql:L69@s6_tick_cinematic[UPDATE SET]{DIRECT_OR_COMPUTED} | database/036_sprint6_four_open_findings.sql:L27@s6_tick_cinematic[UPDATE SET]{DIRECT_OR_COMPUTED},NO_HISTORICAL_FUNCTION_DEDUP,docs/plans/ROUND1_FIELD_READ_WRITE_OVERVIEW_V1.0_part2.csv
F0393,s6_run_state#22,3,2,2,DIRECT_OR_COMPUTED,database/035_sprint6_focused_audit_corrections.sql:L57@s6_submit_private_choice_guarded[UPDATE SET]{DIRECT_OR_COMPUTED} | database/035_sprint6_focused_audit_corrections.sql:L69@s6_tick_cinematic[UPDATE SET]{DIRECT_OR_COMPUTED},database/035_sprint6_focused_audit_corrections.sql:L69@s6_tick_cinematic[UPDATE SET]{DIRECT_OR_COMPUTED} | database/036_sprint6_four_open_findings.sql:L27@s6_tick_cinematic[UPDATE SET]{DIRECT_OR_COMPUTED},NO_HISTORICAL_FUNCTION_DEDUP,docs/plans/ROUND1_FIELD_READ_WRITE_OVERVIEW_V1.0_part2.csv
F0394,s6_run_state#23,0,0,0,NONE,,,NO_HISTORICAL_FUNCTION_DEDUP,docs/plans/ROUND1_FIELD_READ_WRITE_OVERVIEW_V1.0_part2.csv
F0395,s6_station_b_progress#01,1,1,1,DIRECT_OR_COMPUTED,database/036_sprint6_four_open_findings.sql:L25@s6_complete_station_v2[INSERT explicit column]{DIRECT_OR_COMPUTED},database/036_sprint6_four_open_findings.sql:L25@s6_complete_station_v2[INSERT explicit column]{DIRECT_OR_COMPUTED},NO_HISTORICAL_FUNCTION_DEDUP,docs/plans/ROUND1_FIELD_READ_WRITE_OVERVIEW_V1.0_part2.csv
F0396,s6_station_b_progress#02,1,1,1,DIRECT_OR_COMPUTED,database/036_sprint6_four_open_findings.sql:L25@s6_complete_station_v2[INSERT explicit column]{DIRECT_OR_COMPUTED},database/036_sprint6_four_open_findings.sql:L25@s6_complete_station_v2[INSERT explicit column]{DIRECT_OR_COMPUTED},NO_HISTORICAL_FUNCTION_DEDUP,docs/plans/ROUND1_FIELD_READ_WRITE_OVERVIEW_V1.0_part2.csv
F0397,s6_station_b_progress#03,2,1,1,DIRECT_OR_COMPUTED,database/036_sprint6_four_open_findings.sql:L25@s6_complete_station_v2[INSERT explicit column]{DIRECT_OR_COMPUTED} | database/036_sprint6_four_open_findings.sql:L25@s6_complete_station_v2[UPDATE SET]{DIRECT_OR_COMPUTED},database/036_sprint6_four_open_findings.sql:L25@s6_complete_station_v2[INSERT explicit column]{DIRECT_OR_COMPUTED} | database/036_sprint6_four_open_findings.sql:L25@s6_complete_station_v2[UPDATE SET]{DIRECT_OR_COMPUTED},NO_HISTORICAL_FUNCTION_DEDUP,docs/plans/ROUND1_FIELD_READ_WRITE_OVERVIEW_V1.0_part2.csv
F0398,s6_station_b_progress#04,0,0,0,NONE,,,NO_HISTORICAL_FUNCTION_DEDUP,docs/plans/ROUND1_FIELD_READ_WRITE_OVERVIEW_V1.0_part2.csv
F0399,s6_station_b_progress#05,1,1,1,DIRECT_OR_COMPUTED,database/036_sprint6_four_open_findings.sql:L25@s6_complete_station_v2[UPDATE SET]{DIRECT_OR_COMPUTED},database/036_sprint6_four_open_findings.sql:L25@s6_complete_station_v2[UPDATE SET]{DIRECT_OR_COMPUTED},NO_HISTORICAL_FUNCTION_DEDUP,docs/plans/ROUND1_FIELD_READ_WRITE_OVERVIEW_V1.0_part2.csv
F0400,s6_station_tasks#01,2,2,2,POSITIONAL_WRITE,database/035_sprint6_focused_audit_corrections.sql:L63@s6_complete_station_guarded[INSERT positional/all columns]{POSITIONAL_WRITE} | database/036_sprint6_four_open_findings.sql:L25@s6_complete_station_v2[INSERT positional/all columns]{POSITIONAL_WRITE},database/035_sprint6_focused_audit_corrections.sql:L63@s6_complete_station_guarded[INSERT positional/all columns]{POSITIONAL_WRITE} | database/036_sprint6_four_open_findings.sql:L25@s6_complete_station_v2[INSERT positional/all columns]{POSITIONAL_WRITE},NO_HISTORICAL_FUNCTION_DEDUP,docs/plans/ROUND1_FIELD_READ_WRITE_OVERVIEW_V1.0_part2.csv
F0401,s6_station_tasks#02,2,2,2,POSITIONAL_WRITE,database/035_sprint6_focused_audit_corrections.sql:L63@s6_complete_station_guarded[INSERT positional/all columns]{POSITIONAL_WRITE} | database/036_sprint6_four_open_findings.sql:L25@s6_complete_station_v2[INSERT positional/all columns]{POSITIONAL_WRITE},database/035_sprint6_focused_audit_corrections.sql:L63@s6_complete_station_guarded[INSERT positional/all columns]{POSITIONAL_WRITE} | database/036_sprint6_four_open_findings.sql:L25@s6_complete_station_v2[INSERT positional/all columns]{POSITIONAL_WRITE},NO_HISTORICAL_FUNCTION_DEDUP,docs/plans/ROUND1_FIELD_READ_WRITE_OVERVIEW_V1.0_part2.csv
F0402,s6_station_tasks#03,2,2,2,POSITIONAL_WRITE,database/035_sprint6_focused_audit_corrections.sql:L63@s6_complete_station_guarded[INSERT positional/all columns]{POSITIONAL_WRITE} | database/036_sprint6_four_open_findings.sql:L25@s6_complete_station_v2[INSERT positional/all columns]{POSITIONAL_WRITE},database/035_sprint6_focused_audit_corrections.sql:L63@s6_complete_station_guarded[INSERT positional/all columns]{POSITIONAL_WRITE} | database/036_sprint6_four_open_findings.sql:L25@s6_complete_station_v2[INSERT positional/all columns]{POSITIONAL_WRITE},NO_HISTORICAL_FUNCTION_DEDUP,docs/plans/ROUND1_FIELD_READ_WRITE_OVERVIEW_V1.0_part2.csv
F0403,s6_station_tasks#04,2,2,2,POSITIONAL_WRITE,database/035_sprint6_focused_audit_corrections.sql:L63@s6_complete_station_guarded[INSERT positional/all columns]{POSITIONAL_WRITE} | database/036_sprint6_four_open_findings.sql:L25@s6_complete_station_v2[INSERT positional/all columns]{POSITIONAL_WRITE},database/035_sprint6_focused_audit_corrections.sql:L63@s6_complete_station_guarded[INSERT positional/all columns]{POSITIONAL_WRITE} | database/036_sprint6_four_open_findings.sql:L25@s6_complete_station_v2[INSERT positional/all columns]{POSITIONAL_WRITE},NO_HISTORICAL_FUNCTION_DEDUP,docs/plans/ROUND1_FIELD_READ_WRITE_OVERVIEW_V1.0_part2.csv
F0404,s6_station_tasks#05,2,2,2,POSITIONAL_WRITE,database/035_sprint6_focused_audit_corrections.sql:L63@s6_complete_station_guarded[INSERT positional/all columns]{POSITIONAL_WRITE} | database/036_sprint6_four_open_findings.sql:L25@s6_complete_station_v2[INSERT positional/all columns]{POSITIONAL_WRITE},database/035_sprint6_focused_audit_corrections.sql:L63@s6_complete_station_guarded[INSERT positional/all columns]{POSITIONAL_WRITE} | database/036_sprint6_four_open_findings.sql:L25@s6_complete_station_v2[INSERT positional/all columns]{POSITIONAL_WRITE},NO_HISTORICAL_FUNCTION_DEDUP,docs/plans/ROUND1_FIELD_READ_WRITE_OVERVIEW_V1.0_part2.csv
F0405,s8_finalizations#01,3,1,3,DIRECT_OR_COMPUTED,database/046_sprint8_act14_finalization_export.sql:L54@s8_finalize[INSERT explicit column]{DIRECT_OR_COMPUTED} | database/048_sprint8_focused_level1_corrections.sql:L70@s8_finalize[INSERT explicit column]{DIRECT_OR_COMPUTED},database/048_sprint8_focused_level1_corrections.sql:L70@s8_finalize[INSERT explicit column]{DIRECT_OR_COMPUTED} | database/049_sprint8_final_closure.sql:L166@s8_finalize[INSERT explicit column]{DIRECT_OR_COMPUTED},NO_HISTORICAL_FUNCTION_DEDUP,docs/plans/ROUND1_FIELD_READ_WRITE_OVERVIEW_V1.0_part2.csv
F0406,s8_finalizations#02,0,0,0,NONE,,,NO_HISTORICAL_FUNCTION_DEDUP,docs/plans/ROUND1_FIELD_READ_WRITE_OVERVIEW_V1.0_part2.csv
F0407,s8_finalizations#03,3,1,3,DIRECT_OR_COMPUTED,database/046_sprint8_act14_finalization_export.sql:L54@s8_finalize[INSERT explicit column]{DIRECT_OR_COMPUTED} | database/048_sprint8_focused_level1_corrections.sql:L70@s8_finalize[INSERT explicit column]{DIRECT_OR_COMPUTED},database/048_sprint8_focused_level1_corrections.sql:L70@s8_finalize[INSERT explicit column]{DIRECT_OR_COMPUTED} | database/049_sprint8_final_closure.sql:L166@s8_finalize[INSERT explicit column]{DIRECT_OR_COMPUTED},NO_HISTORICAL_FUNCTION_DEDUP,docs/plans/ROUND1_FIELD_READ_WRITE_OVERVIEW_V1.0_part2.csv
F0408,s8_finalizations#04,3,1,3,DIRECT_OR_COMPUTED,database/046_sprint8_act14_finalization_export.sql:L54@s8_finalize[INSERT explicit column]{DIRECT_OR_COMPUTED} | database/048_sprint8_focused_level1_corrections.sql:L70@s8_finalize[INSERT explicit column]{DIRECT_OR_COMPUTED},database/048_sprint8_focused_level1_corrections.sql:L70@s8_finalize[INSERT explicit column]{DIRECT_OR_COMPUTED} | database/049_sprint8_final_closure.sql:L166@s8_finalize[INSERT explicit column]{DIRECT_OR_COMPUTED},NO_HISTORICAL_FUNCTION_DEDUP,docs/plans/ROUND1_FIELD_READ_WRITE_OVERVIEW_V1.0_part2.csv
F0409,s8_finalizations#05,3,1,3,DIRECT_OR_COMPUTED,database/046_sprint8_act14_finalization_export.sql:L54@s8_finalize[INSERT explicit column]{DIRECT_OR_COMPUTED} | database/048_sprint8_focused_level1_corrections.sql:L70@s8_finalize[INSERT explicit column]{DIRECT_OR_COMPUTED},database/048_sprint8_focused_level1_corrections.sql:L70@s8_finalize[INSERT explicit column]{DIRECT_OR_COMPUTED} | database/049_sprint8_final_closure.sql:L166@s8_finalize[INSERT explicit column]{DIRECT_OR_COMPUTED},NO_HISTORICAL_FUNCTION_DEDUP,docs/plans/ROUND1_FIELD_READ_WRITE_OVERVIEW_V1.0_part2.csv
F0410,s8_finalizations#06,2,2,1,DIRECT_OR_COMPUTED,database/049_sprint8_final_closure.sql:L166@s8_finalize[INSERT explicit column]{DIRECT_OR_COMPUTED} | database/049_sprint8_final_closure.sql:L32@TOP_LEVEL[UPDATE SET]{DIRECT_OR_COMPUTED},database/049_sprint8_final_closure.sql:L166@s8_finalize[INSERT explicit column]{DIRECT_OR_COMPUTED} | database/049_sprint8_final_closure.sql:L32@TOP_LEVEL[UPDATE SET]{DIRECT_OR_COMPUTED},NO_HISTORICAL_FUNCTION_DEDUP,docs/plans/ROUND1_FIELD_READ_WRITE_OVERVIEW_V1.0_part2.csv
F0411,s9_pocket_item_inspections#01,1,1,1,DIRECT_OR_COMPUTED,database/068_package_c_authoritative_pocket_inspection.sql:L25@s9_inspect_pocket_item[INSERT explicit column]{DIRECT_OR_COMPUTED},database/068_package_c_authoritative_pocket_inspection.sql:L25@s9_inspect_pocket_item[INSERT explicit column]{DIRECT_OR_COMPUTED},NO_HISTORICAL_FUNCTION_DEDUP,docs/plans/ROUND1_FIELD_READ_WRITE_OVERVIEW_V1.0_part2.csv
F0412,s9_pocket_item_inspections#02,1,1,1,DIRECT_OR_COMPUTED,database/068_package_c_authoritative_pocket_inspection.sql:L25@s9_inspect_pocket_item[INSERT explicit column]{DIRECT_OR_COMPUTED},database/068_package_c_authoritative_pocket_inspection.sql:L25@s9_inspect_pocket_item[INSERT explicit column]{DIRECT_OR_COMPUTED},NO_HISTORICAL_FUNCTION_DEDUP,docs/plans/ROUND1_FIELD_READ_WRITE_OVERVIEW_V1.0_part2.csv
F0413,s9_pocket_item_inspections#03,1,1,1,DIRECT_OR_COMPUTED,database/068_package_c_authoritative_pocket_inspection.sql:L25@s9_inspect_pocket_item[INSERT explicit column]{DIRECT_OR_COMPUTED},database/068_package_c_authoritative_pocket_inspection.sql:L25@s9_inspect_pocket_item[INSERT explicit column]{DIRECT_OR_COMPUTED},NO_HISTORICAL_FUNCTION_DEDUP,docs/plans/ROUND1_FIELD_READ_WRITE_OVERVIEW_V1.0_part2.csv
F0414,s9_pocket_item_inspections#04,0,0,0,NONE,,,NO_HISTORICAL_FUNCTION_DEDUP,docs/plans/ROUND1_FIELD_READ_WRITE_OVERVIEW_V1.0_part2.csv
F0415,teacher_override_validity#01,6,1,4,DIRECT_OR_COMPUTED,database/015_sprint3c_minimal_safe_teacher_override.sql:L80@teacher_apply_override[INSERT explicit column]{DIRECT_OR_COMPUTED} | database/054_level3_integrated_closure.sql:L29@teacher_apply_override[INSERT explicit column]{DIRECT_OR_COMPUTED},database/055_level2_override_export_residual_closure.sql:L44@teacher_apply_override[INSERT explicit column]{DIRECT_OR_COMPUTED} | database/056_level2_override_validity_binding_fix.sql:L44@teacher_apply_override[INSERT explicit column]{DIRECT_OR_COMPUTED},NO_HISTORICAL_FUNCTION_DEDUP,docs/plans/ROUND1_FIELD_READ_WRITE_OVERVIEW_V1.0_part2.csv
F0416,teacher_override_validity#02,6,1,4,DIRECT_OR_COMPUTED,database/015_sprint3c_minimal_safe_teacher_override.sql:L80@teacher_apply_override[INSERT explicit column]{DIRECT_OR_COMPUTED} | database/054_level3_integrated_closure.sql:L29@teacher_apply_override[INSERT explicit column]{DIRECT_OR_COMPUTED},database/055_level2_override_export_residual_closure.sql:L44@teacher_apply_override[INSERT explicit column]{DIRECT_OR_COMPUTED} | database/056_level2_override_validity_binding_fix.sql:L44@teacher_apply_override[INSERT explicit column]{DIRECT_OR_COMPUTED},NO_HISTORICAL_FUNCTION_DEDUP,docs/plans/ROUND1_FIELD_READ_WRITE_OVERVIEW_V1.0_part2.csv
F0417,teacher_override_validity#03,6,1,4,DIRECT_OR_COMPUTED,database/015_sprint3c_minimal_safe_teacher_override.sql:L80@teacher_apply_override[INSERT explicit column]{DIRECT_OR_COMPUTED} | database/054_level3_integrated_closure.sql:L29@teacher_apply_override[INSERT explicit column]{DIRECT_OR_COMPUTED},database/055_level2_override_export_residual_closure.sql:L44@teacher_apply_override[INSERT explicit column]{DIRECT_OR_COMPUTED} | database/056_level2_override_validity_binding_fix.sql:L44@teacher_apply_override[INSERT explicit column]{DIRECT_OR_COMPUTED},NO_HISTORICAL_FUNCTION_DEDUP,docs/plans/ROUND1_FIELD_READ_WRITE_OVERVIEW_V1.0_part2.csv
F0418,teacher_override_validity#04,6,1,4,DIRECT_OR_COMPUTED,database/015_sprint3c_minimal_safe_teacher_override.sql:L80@teacher_apply_override[INSERT explicit column]{DIRECT_OR_COMPUTED} | database/054_level3_integrated_closure.sql:L29@teacher_apply_override[INSERT explicit column]{DIRECT_OR_COMPUTED},database/055_level2_override_export_residual_closure.sql:L44@teacher_apply_override[INSERT explicit column]{DIRECT_OR_COMPUTED} | database/056_level2_override_validity_binding_fix.sql:L44@teacher_apply_override[INSERT explicit column]{DIRECT_OR_COMPUTED},NO_HISTORICAL_FUNCTION_DEDUP,docs/plans/ROUND1_FIELD_READ_WRITE_OVERVIEW_V1.0_part2.csv
F0419,teacher_override_validity#05,6,1,4,DIRECT_OR_COMPUTED,database/015_sprint3c_minimal_safe_teacher_override.sql:L80@teacher_apply_override[INSERT explicit column]{DIRECT_OR_COMPUTED} | database/054_level3_integrated_closure.sql:L29@teacher_apply_override[INSERT explicit column]{DIRECT_OR_COMPUTED},database/055_level2_override_export_residual_closure.sql:L44@teacher_apply_override[INSERT explicit column]{DIRECT_OR_COMPUTED} | database/056_level2_override_validity_binding_fix.sql:L44@teacher_apply_override[INSERT explicit column]{DIRECT_OR_COMPUTED},NO_HISTORICAL_FUNCTION_DEDUP,docs/plans/ROUND1_FIELD_READ_WRITE_OVERVIEW_V1.0_part2.csv
F0420,teacher_override_validity#06,0,0,0,NONE,,,NO_HISTORICAL_FUNCTION_DEDUP,docs/plans/ROUND1_FIELD_READ_WRITE_OVERVIEW_V1.0_part2.csv
F0421,teacher_overrides#01,11,1,2,POSITIONAL_WRITE,database/015_sprint3c_minimal_safe_teacher_override.sql:L77@teacher_apply_override[INSERT positional/all columns]{POSITIONAL_WRITE} | database/015_sprint3c_minimal_safe_teacher_override.sql:L90@teacher_apply_override[INSERT positional/all columns]{POSITIONAL_WRITE},database/054_level3_integrated_closure.sql:L90@teacher_apply_override[INSERT positional/all columns]{POSITIONAL_WRITE} | database/054_level3_integrated_closure.sql:L97@teacher_apply_override[INSERT positional/all columns]{POSITIONAL_WRITE},NO_HISTORICAL_FUNCTION_DEDUP,docs/plans/ROUND1_FIELD_READ_WRITE_OVERVIEW_V1.0_part2.csv
F0422,teacher_overrides#02,11,1,2,POSITIONAL_WRITE,database/015_sprint3c_minimal_safe_teacher_override.sql:L77@teacher_apply_override[INSERT positional/all columns]{POSITIONAL_WRITE} | database/015_sprint3c_minimal_safe_teacher_override.sql:L90@teacher_apply_override[INSERT positional/all columns]{POSITIONAL_WRITE},database/054_level3_integrated_closure.sql:L90@teacher_apply_override[INSERT positional/all columns]{POSITIONAL_WRITE} | database/054_level3_integrated_closure.sql:L97@teacher_apply_override[INSERT positional/all columns]{POSITIONAL_WRITE},NO_HISTORICAL_FUNCTION_DEDUP,docs/plans/ROUND1_FIELD_READ_WRITE_OVERVIEW_V1.0_part2.csv
F0423,teacher_overrides#03,11,1,2,POSITIONAL_WRITE,database/015_sprint3c_minimal_safe_teacher_override.sql:L77@teacher_apply_override[INSERT positional/all columns]{POSITIONAL_WRITE} | database/015_sprint3c_minimal_safe_teacher_override.sql:L90@teacher_apply_override[INSERT positional/all columns]{POSITIONAL_WRITE},database/054_level3_integrated_closure.sql:L90@teacher_apply_override[INSERT positional/all columns]{POSITIONAL_WRITE} | database/054_level3_integrated_closure.sql:L97@teacher_apply_override[INSERT positional/all columns]{POSITIONAL_WRITE},NO_HISTORICAL_FUNCTION_DEDUP,docs/plans/ROUND1_FIELD_READ_WRITE_OVERVIEW_V1.0_part2.csv
F0424,teacher_overrides#04,11,1,2,POSITIONAL_WRITE,database/015_sprint3c_minimal_safe_teacher_override.sql:L77@teacher_apply_override[INSERT positional/all columns]{POSITIONAL_WRITE} | database/015_sprint3c_minimal_safe_teacher_override.sql:L90@teacher_apply_override[INSERT positional/all columns]{POSITIONAL_WRITE},database/054_level3_integrated_closure.sql:L90@teacher_apply_override[INSERT positional/all columns]{POSITIONAL_WRITE} | database/054_level3_integrated_closure.sql:L97@teacher_apply_override[INSERT positional/all columns]{POSITIONAL_WRITE},NO_HISTORICAL_FUNCTION_DEDUP,docs/plans/ROUND1_FIELD_READ_WRITE_OVERVIEW_V1.0_part2.csv
F0425,teacher_overrides#05,11,1,2,POSITIONAL_WRITE,database/015_sprint3c_minimal_safe_teacher_override.sql:L77@teacher_apply_override[INSERT positional/all columns]{POSITIONAL_WRITE} | database/015_sprint3c_minimal_safe_teacher_override.sql:L90@teacher_apply_override[INSERT positional/all columns]{POSITIONAL_WRITE},database/054_level3_integrated_closure.sql:L90@teacher_apply_override[INSERT positional/all columns]{POSITIONAL_WRITE} | database/054_level3_integrated_closure.sql:L97@teacher_apply_override[INSERT positional/all columns]{POSITIONAL_WRITE},NO_HISTORICAL_FUNCTION_DEDUP,docs/plans/ROUND1_FIELD_READ_WRITE_OVERVIEW_V1.0_part2.csv
F0426,teacher_overrides#06,11,1,2,POSITIONAL_WRITE,database/015_sprint3c_minimal_safe_teacher_override.sql:L77@teacher_apply_override[INSERT positional/all columns]{POSITIONAL_WRITE} | database/015_sprint3c_minimal_safe_teacher_override.sql:L90@teacher_apply_override[INSERT positional/all columns]{POSITIONAL_WRITE},database/054_level3_integrated_closure.sql:L90@teacher_apply_override[INSERT positional/all columns]{POSITIONAL_WRITE} | database/054_level3_integrated_closure.sql:L97@teacher_apply_override[INSERT positional/all columns]{POSITIONAL_WRITE},NO_HISTORICAL_FUNCTION_DEDUP,docs/plans/ROUND1_FIELD_READ_WRITE_OVERVIEW_V1.0_part2.csv
F0427,teacher_overrides#07,11,1,2,POSITIONAL_WRITE,database/015_sprint3c_minimal_safe_teacher_override.sql:L77@teacher_apply_override[INSERT positional/all columns]{POSITIONAL_WRITE} | database/015_sprint3c_minimal_safe_teacher_override.sql:L90@teacher_apply_override[INSERT positional/all columns]{POSITIONAL_WRITE},database/054_level3_integrated_closure.sql:L90@teacher_apply_override[INSERT positional/all columns]{POSITIONAL_WRITE} | database/054_level3_integrated_closure.sql:L97@teacher_apply_override[INSERT positional/all columns]{POSITIONAL_WRITE},NO_HISTORICAL_FUNCTION_DEDUP,docs/plans/ROUND1_FIELD_READ_WRITE_OVERVIEW_V1.0_part2.csv
F0428,teacher_overrides#08,11,1,2,POSITIONAL_WRITE,database/015_sprint3c_minimal_safe_teacher_override.sql:L77@teacher_apply_override[INSERT positional/all columns]{POSITIONAL_WRITE} | database/015_sprint3c_minimal_safe_teacher_override.sql:L90@teacher_apply_override[INSERT positional/all columns]{POSITIONAL_WRITE},database/054_level3_integrated_closure.sql:L90@teacher_apply_override[INSERT positional/all columns]{POSITIONAL_WRITE} | database/054_level3_integrated_closure.sql:L97@teacher_apply_override[INSERT positional/all columns]{POSITIONAL_WRITE},NO_HISTORICAL_FUNCTION_DEDUP,docs/plans/ROUND1_FIELD_READ_WRITE_OVERVIEW_V1.0_part2.csv
F0429,teacher_overrides#09,11,1,2,POSITIONAL_WRITE,database/015_sprint3c_minimal_safe_teacher_override.sql:L77@teacher_apply_override[INSERT positional/all columns]{POSITIONAL_WRITE} | database/015_sprint3c_minimal_safe_teacher_override.sql:L90@teacher_apply_override[INSERT positional/all columns]{POSITIONAL_WRITE},database/054_level3_integrated_closure.sql:L90@teacher_apply_override[INSERT positional/all columns]{POSITIONAL_WRITE} | database/054_level3_integrated_closure.sql:L97@teacher_apply_override[INSERT positional/all columns]{POSITIONAL_WRITE},NO_HISTORICAL_FUNCTION_DEDUP,docs/plans/ROUND1_FIELD_READ_WRITE_OVERVIEW_V1.0_part2.csv
F0430,teacher_overrides#10,13,1,4,POSITIONAL_WRITE|DIRECT_OR_COMPUTED,database/015_sprint3c_minimal_safe_teacher_override.sql:L77@teacher_apply_override[INSERT positional/all columns]{POSITIONAL_WRITE} | database/015_sprint3c_minimal_safe_teacher_override.sql:L90@teacher_apply_override[INSERT positional/all columns]{POSITIONAL_WRITE},database/055_level2_override_export_residual_closure.sql:L54@teacher_apply_override[UPDATE SET]{DIRECT_OR_COMPUTED} | database/056_level2_override_validity_binding_fix.sql:L54@teacher_apply_override[UPDATE SET]{DIRECT_OR_COMPUTED},NO_HISTORICAL_FUNCTION_DEDUP,docs/plans/ROUND1_FIELD_READ_WRITE_OVERVIEW_V1.0_part2.csv
F0431,teacher_overrides#11,11,1,2,POSITIONAL_WRITE,database/015_sprint3c_minimal_safe_teacher_override.sql:L77@teacher_apply_override[INSERT positional/all columns]{POSITIONAL_WRITE} | database/015_sprint3c_minimal_safe_teacher_override.sql:L90@teacher_apply_override[INSERT positional/all columns]{POSITIONAL_WRITE},database/054_level3_integrated_closure.sql:L90@teacher_apply_override[INSERT positional/all columns]{POSITIONAL_WRITE} | database/054_level3_integrated_closure.sql:L97@teacher_apply_override[INSERT positional/all columns]{POSITIONAL_WRITE},NO_HISTORICAL_FUNCTION_DEDUP,docs/plans/ROUND1_FIELD_READ_WRITE_OVERVIEW_V1.0_part2.csv
F0432,teacher_overrides#12,11,1,2,POSITIONAL_WRITE,database/015_sprint3c_minimal_safe_teacher_override.sql:L77@teacher_apply_override[INSERT positional/all columns]{POSITIONAL_WRITE} | database/015_sprint3c_minimal_safe_teacher_override.sql:L90@teacher_apply_override[INSERT positional/all columns]{POSITIONAL_WRITE},database/054_level3_integrated_closure.sql:L90@teacher_apply_override[INSERT positional/all columns]{POSITIONAL_WRITE} | database/054_level3_integrated_closure.sql:L97@teacher_apply_override[INSERT positional/all columns]{POSITIONAL_WRITE},NO_HISTORICAL_FUNCTION_DEDUP,docs/plans/ROUND1_FIELD_READ_WRITE_OVERVIEW_V1.0_part2.csv
