global_field_id,field_id,raw_historical_sql_read_occurrences,sql_read_contexts_distinct,sql_read_scripts_distinct,non_sql_field_name_reference_count,non_sql_source_roles,trigger_new_unresolved_count,first_two_raw_read_evidence,last_two_raw_read_evidence,effective_current_reader_verified,source_catalog_file
F0001,act6_13_event_ledger#01,1,1,1,0,NONE,0,database/037_level3_independent_audit_closure.sql:L183@act6_13_get_timeline[to_jsonb(row) exposes field],database/037_level3_independent_audit_closure.sql:L183@act6_13_get_timeline[to_jsonb(row) exposes field],NO_CURRENT_EXECUTION_VALIDATION,docs/plans/ROUND1_FIELD_READ_WRITE_OVERVIEW_V1.0_part1.csv
F0002,act6_13_event_ledger#02,1,1,1,0,NONE,0,database/037_level3_independent_audit_closure.sql:L183@act6_13_get_timeline[to_jsonb(row) exposes field],database/037_level3_independent_audit_closure.sql:L183@act6_13_get_timeline[to_jsonb(row) exposes field],NO_CURRENT_EXECUTION_VALIDATION,docs/plans/ROUND1_FIELD_READ_WRITE_OVERVIEW_V1.0_part1.csv
F0003,act6_13_event_ledger#03,1,1,1,0,NONE,0,database/037_level3_independent_audit_closure.sql:L183@act6_13_get_timeline[to_jsonb(row) exposes field],database/037_level3_independent_audit_closure.sql:L183@act6_13_get_timeline[to_jsonb(row) exposes field],NO_CURRENT_EXECUTION_VALIDATION,docs/plans/ROUND1_FIELD_READ_WRITE_OVERVIEW_V1.0_part1.csv
F0004,act6_13_event_ledger#04,1,1,1,0,NONE,0,database/037_level3_independent_audit_closure.sql:L183@act6_13_get_timeline[to_jsonb(row) exposes field],database/037_level3_independent_audit_closure.sql:L183@act6_13_get_timeline[to_jsonb(row) exposes field],NO_CURRENT_EXECUTION_VALIDATION,docs/plans/ROUND1_FIELD_READ_WRITE_OVERVIEW_V1.0_part1.csv
F0005,act6_13_event_ledger#05,1,1,1,0,NONE,0,database/037_level3_independent_audit_closure.sql:L183@act6_13_get_timeline[to_jsonb(row) exposes field],database/037_level3_independent_audit_closure.sql:L183@act6_13_get_timeline[to_jsonb(row) exposes field],NO_CURRENT_EXECUTION_VALIDATION,docs/plans/ROUND1_FIELD_READ_WRITE_OVERVIEW_V1.0_part1.csv
F0006,act6_13_event_ledger#06,1,1,1,0,NONE,0,database/037_level3_independent_audit_closure.sql:L183@act6_13_get_timeline[to_jsonb(row) exposes field],database/037_level3_independent_audit_closure.sql:L183@act6_13_get_timeline[to_jsonb(row) exposes field],NO_CURRENT_EXECUTION_VALIDATION,docs/plans/ROUND1_FIELD_READ_WRITE_OVERVIEW_V1.0_part1.csv
F0007,act6_13_event_ledger#07,1,1,1,0,NONE,0,database/037_level3_independent_audit_closure.sql:L183@act6_13_get_timeline[to_jsonb(row) exposes field],database/037_level3_independent_audit_closure.sql:L183@act6_13_get_timeline[to_jsonb(row) exposes field],NO_CURRENT_EXECUTION_VALIDATION,docs/plans/ROUND1_FIELD_READ_WRITE_OVERVIEW_V1.0_part1.csv
F0008,act6_13_event_ledger#08,1,1,1,0,NONE,0,database/037_level3_independent_audit_closure.sql:L183@act6_13_get_timeline[to_jsonb(row) exposes field],database/037_level3_independent_audit_closure.sql:L183@act6_13_get_timeline[to_jsonb(row) exposes field],NO_CURRENT_EXECUTION_VALIDATION,docs/plans/ROUND1_FIELD_READ_WRITE_OVERVIEW_V1.0_part1.csv
F0009,act6_13_event_ledger#09,1,1,1,0,NONE,0,database/037_level3_independent_audit_closure.sql:L183@act6_13_get_timeline[to_jsonb(row) exposes field],database/037_level3_independent_audit_closure.sql:L183@act6_13_get_timeline[to_jsonb(row) exposes field],NO_CURRENT_EXECUTION_VALIDATION,docs/plans/ROUND1_FIELD_READ_WRITE_OVERVIEW_V1.0_part1.csv
F0010,asset_candidates#01,30,11,8,6,NONSQL_OTHER,0,database/018_sprint4_asset_manager_v2.sql:L57@asset_manager_review[SELECT * INTO row] | database/018_sprint4_asset_manager_v2.sql:L64@asset_manager_mark_published[SELECT * INTO row],database/026_sprint4_group_target_and_registry_lock.sql:L36@asset_manager_transition_group[qualified/rowtype field reference] | database/026_sprint4_group_target_and_registry_lock.sql:L37@asset_manager_transition_group[qualified/rowtype field reference],NO_CURRENT_EXECUTION_VALIDATION,docs/plans/ROUND1_FIELD_READ_WRITE_OVERVIEW_V1.0_part1.csv
F0011,asset_candidates#02,37,11,9,0,NONE,0,database/018_sprint4_asset_manager_v2.sql:L57@asset_manager_review[SELECT * INTO row] | database/018_sprint4_asset_manager_v2.sql:L60@asset_manager_review[qualified/rowtype field reference],database/026_sprint4_group_target_and_registry_lock.sql:L36@asset_manager_transition_group[qualified/rowtype field reference] | database/058_sprint9_active_asset_load_failure_telemetry.sql:L13@asset_report_load_failure[qualified/rowtype field reference],NO_CURRENT_EXECUTION_VALIDATION,docs/plans/ROUND1_FIELD_READ_WRITE_OVERVIEW_V1.0_part1.csv
F0012,asset_candidates#03,38,12,9,0,NONE,0,database/018_sprint4_asset_manager_v2.sql:L57@asset_manager_review[SELECT * INTO row] | database/018_sprint4_asset_manager_v2.sql:L60@asset_manager_review[qualified/rowtype field reference],database/058_sprint9_active_asset_load_failure_telemetry.sql:L13@asset_report_load_failure[qualified/rowtype field reference] | database/058_sprint9_active_asset_load_failure_telemetry.sql:L14@asset_report_load_failure[qualified/rowtype field reference],NO_CURRENT_EXECUTION_VALIDATION,docs/plans/ROUND1_FIELD_READ_WRITE_OVERVIEW_V1.0_part1.csv
F0013,asset_candidates#04,21,9,7,0,NONE,0,database/018_sprint4_asset_manager_v2.sql:L57@asset_manager_review[SELECT * INTO row] | database/018_sprint4_asset_manager_v2.sql:L64@asset_manager_mark_published[SELECT * INTO row],database/025_sprint4_two_narrow_blockers.sql:L13@asset_manager_import_candidate[SELECT * INTO row] | database/025_sprint4_two_narrow_blockers.sql:L16@asset_manager_import_candidate[qualified/rowtype field reference],NO_CURRENT_EXECUTION_VALIDATION,docs/plans/ROUND1_FIELD_READ_WRITE_OVERVIEW_V1.0_part1.csv
F0014,asset_candidates#05,17,9,7,0,NONE,0,database/018_sprint4_asset_manager_v2.sql:L57@asset_manager_review[SELECT * INTO row] | database/018_sprint4_asset_manager_v2.sql:L64@asset_manager_mark_published[SELECT * INTO row],database/024_sprint4_level1_narrow_corrections.sql:L41@asset_manager_submit_for_review[SELECT * INTO row] | database/025_sprint4_two_narrow_blockers.sql:L13@asset_manager_import_candidate[SELECT * INTO row],NO_CURRENT_EXECUTION_VALIDATION,docs/plans/ROUND1_FIELD_READ_WRITE_OVERVIEW_V1.0_part1.csv
F0015,asset_candidates#06,17,9,7,0,NONE,0,database/018_sprint4_asset_manager_v2.sql:L57@asset_manager_review[SELECT * INTO row] | database/018_sprint4_asset_manager_v2.sql:L64@asset_manager_mark_published[SELECT * INTO row],database/024_sprint4_level1_narrow_corrections.sql:L41@asset_manager_submit_for_review[SELECT * INTO row] | database/025_sprint4_two_narrow_blockers.sql:L13@asset_manager_import_candidate[SELECT * INTO row],NO_CURRENT_EXECUTION_VALIDATION,docs/plans/ROUND1_FIELD_READ_WRITE_OVERVIEW_V1.0_part1.csv
F0016,asset_candidates#07,17,9,7,0,NONE,0,database/018_sprint4_asset_manager_v2.sql:L57@asset_manager_review[SELECT * INTO row] | database/018_sprint4_asset_manager_v2.sql:L64@asset_manager_mark_published[SELECT * INTO row],database/024_sprint4_level1_narrow_corrections.sql:L41@asset_manager_submit_for_review[SELECT * INTO row] | database/025_sprint4_two_narrow_blockers.sql:L13@asset_manager_import_candidate[SELECT * INTO row],NO_CURRENT_EXECUTION_VALIDATION,docs/plans/ROUND1_FIELD_READ_WRITE_OVERVIEW_V1.0_part1.csv
F0017,asset_candidates#08,20,10,8,11,NONSQL_OTHER,0,database/018_sprint4_asset_manager_v2.sql:L57@asset_manager_review[SELECT * INTO row] | database/018_sprint4_asset_manager_v2.sql:L64@asset_manager_mark_published[SELECT * INTO row],database/025_sprint4_two_narrow_blockers.sql:L13@asset_manager_import_candidate[SELECT * INTO row] | database/058_sprint9_active_asset_load_failure_telemetry.sql:L15@asset_report_load_failure[qualified/rowtype field reference],NO_CURRENT_EXECUTION_VALIDATION,docs/plans/ROUND1_FIELD_READ_WRITE_OVERVIEW_V1.0_part1.csv
F0018,asset_candidates#09,38,12,9,0,NONE,0,database/018_sprint4_asset_manager_v2.sql:L57@asset_manager_review[SELECT * INTO row] | database/018_sprint4_asset_manager_v2.sql:L58@asset_manager_review[qualified/rowtype field reference],database/026_sprint4_group_target_and_registry_lock.sql:L36@asset_manager_transition_group[qualified/rowtype field reference] | database/058_sprint9_active_asset_load_failure_telemetry.sql:L14@asset_report_load_failure[qualified/rowtype field reference],NO_CURRENT_EXECUTION_VALIDATION,docs/plans/ROUND1_FIELD_READ_WRITE_OVERVIEW_V1.0_part1.csv
F0019,asset_candidates#10,17,9,7,0,NONE,0,database/018_sprint4_asset_manager_v2.sql:L57@asset_manager_review[SELECT * INTO row] | database/018_sprint4_asset_manager_v2.sql:L64@asset_manager_mark_published[SELECT * INTO row],database/024_sprint4_level1_narrow_corrections.sql:L41@asset_manager_submit_for_review[SELECT * INTO row] | database/025_sprint4_two_narrow_blockers.sql:L13@asset_manager_import_candidate[SELECT * INTO row],NO_CURRENT_EXECUTION_VALIDATION,docs/plans/ROUND1_FIELD_READ_WRITE_OVERVIEW_V1.0_part1.csv
F0020,asset_candidates#11,17,9,7,0,NONE,0,database/018_sprint4_asset_manager_v2.sql:L57@asset_manager_review[SELECT * INTO row] | database/018_sprint4_asset_manager_v2.sql:L64@asset_manager_mark_published[SELECT * INTO row],database/024_sprint4_level1_narrow_corrections.sql:L41@asset_manager_submit_for_review[SELECT * INTO row] | database/025_sprint4_two_narrow_blockers.sql:L13@asset_manager_import_candidate[SELECT * INTO row],NO_CURRENT_EXECUTION_VALIDATION,docs/plans/ROUND1_FIELD_READ_WRITE_OVERVIEW_V1.0_part1.csv
F0021,asset_candidates#12,17,9,7,0,NONE,0,database/018_sprint4_asset_manager_v2.sql:L57@asset_manager_review[SELECT * INTO row] | database/018_sprint4_asset_manager_v2.sql:L64@asset_manager_mark_published[SELECT * INTO row],database/024_sprint4_level1_narrow_corrections.sql:L41@asset_manager_submit_for_review[SELECT * INTO row] | database/025_sprint4_two_narrow_blockers.sql:L13@asset_manager_import_candidate[SELECT * INTO row],NO_CURRENT_EXECUTION_VALIDATION,docs/plans/ROUND1_FIELD_READ_WRITE_OVERVIEW_V1.0_part1.csv
F0022,asset_candidates#13,17,9,7,0,NONE,0,database/018_sprint4_asset_manager_v2.sql:L57@asset_manager_review[SELECT * INTO row] | database/018_sprint4_asset_manager_v2.sql:L64@asset_manager_mark_published[SELECT * INTO row],database/024_sprint4_level1_narrow_corrections.sql:L41@asset_manager_submit_for_review[SELECT * INTO row] | database/025_sprint4_two_narrow_blockers.sql:L13@asset_manager_import_candidate[SELECT * INTO row],NO_CURRENT_EXECUTION_VALIDATION,docs/plans/ROUND1_FIELD_READ_WRITE_OVERVIEW_V1.0_part1.csv
F0023,asset_candidates#14,17,9,7,1,NONSQL_OTHER,0,database/018_sprint4_asset_manager_v2.sql:L57@asset_manager_review[SELECT * INTO row] | database/018_sprint4_asset_manager_v2.sql:L64@asset_manager_mark_published[SELECT * INTO row],database/024_sprint4_level1_narrow_corrections.sql:L41@asset_manager_submit_for_review[SELECT * INTO row] | database/025_sprint4_two_narrow_blockers.sql:L13@asset_manager_import_candidate[SELECT * INTO row],NO_CURRENT_EXECUTION_VALIDATION,docs/plans/ROUND1_FIELD_READ_WRITE_OVERVIEW_V1.0_part1.csv
F0024,asset_candidates#15,17,9,7,1,NONSQL_OTHER,0,database/018_sprint4_asset_manager_v2.sql:L57@asset_manager_review[SELECT * INTO row] | database/018_sprint4_asset_manager_v2.sql:L64@asset_manager_mark_published[SELECT * INTO row],database/024_sprint4_level1_narrow_corrections.sql:L41@asset_manager_submit_for_review[SELECT * INTO row] | database/025_sprint4_two_narrow_blockers.sql:L13@asset_manager_import_candidate[SELECT * INTO row],NO_CURRENT_EXECUTION_VALIDATION,docs/plans/ROUND1_FIELD_READ_WRITE_OVERVIEW_V1.0_part1.csv
F0025,asset_candidates#16,21,10,8,0,NONE,0,database/018_sprint4_asset_manager_v2.sql:L57@asset_manager_review[SELECT * INTO row] | database/018_sprint4_asset_manager_v2.sql:L64@asset_manager_mark_published[SELECT * INTO row],database/025_sprint4_two_narrow_blockers.sql:L54@asset_manager_transition_group[qualified/rowtype field reference] | database/026_sprint4_group_target_and_registry_lock.sql:L36@asset_manager_transition_group[qualified/rowtype field reference],NO_CURRENT_EXECUTION_VALIDATION,docs/plans/ROUND1_FIELD_READ_WRITE_OVERVIEW_V1.0_part1.csv
F0026,asset_candidates#17,17,9,7,0,NONE,0,database/018_sprint4_asset_manager_v2.sql:L57@asset_manager_review[SELECT * INTO row] | database/018_sprint4_asset_manager_v2.sql:L64@asset_manager_mark_published[SELECT * INTO row],database/024_sprint4_level1_narrow_corrections.sql:L41@asset_manager_submit_for_review[SELECT * INTO row] | database/025_sprint4_two_narrow_blockers.sql:L13@asset_manager_import_candidate[SELECT * INTO row],NO_CURRENT_EXECUTION_VALIDATION,docs/plans/ROUND1_FIELD_READ_WRITE_OVERVIEW_V1.0_part1.csv
F0027,asset_candidates#18,24,11,8,9,NONSQL_OTHER|TEST,0,database/018_sprint4_asset_manager_v2.sql:L57@asset_manager_review[SELECT * INTO row] | database/018_sprint4_asset_manager_v2.sql:L64@asset_manager_mark_published[SELECT * INTO row],database/025_sprint4_two_narrow_blockers.sql:L50@asset_manager_transition_group[qualified/rowtype field reference] | database/026_sprint4_group_target_and_registry_lock.sql:L32@asset_manager_transition_group[qualified/rowtype field reference],NO_CURRENT_EXECUTION_VALIDATION,docs/plans/ROUND1_FIELD_READ_WRITE_OVERVIEW_V1.0_part1.csv
F0028,asset_candidates#19,20,9,7,4,NONSQL_OTHER,0,database/018_sprint4_asset_manager_v2.sql:L57@asset_manager_review[SELECT * INTO row] | database/018_sprint4_asset_manager_v2.sql:L64@asset_manager_mark_published[SELECT * INTO row],database/025_sprint4_two_narrow_blockers.sql:L13@asset_manager_import_candidate[SELECT * INTO row] | database/025_sprint4_two_narrow_blockers.sql:L18@asset_manager_import_candidate[qualified/rowtype field reference],NO_CURRENT_EXECUTION_VALIDATION,docs/plans/ROUND1_FIELD_READ_WRITE_OVERVIEW_V1.0_part1.csv
F0029,asset_candidates#20,20,9,7,4,NONSQL_OTHER,0,database/018_sprint4_asset_manager_v2.sql:L57@asset_manager_review[SELECT * INTO row] | database/018_sprint4_asset_manager_v2.sql:L64@asset_manager_mark_published[SELECT * INTO row],database/025_sprint4_two_narrow_blockers.sql:L13@asset_manager_import_candidate[SELECT * INTO row] | database/025_sprint4_two_narrow_blockers.sql:L19@asset_manager_import_candidate[qualified/rowtype field reference],NO_CURRENT_EXECUTION_VALIDATION,docs/plans/ROUND1_FIELD_READ_WRITE_OVERVIEW_V1.0_part1.csv
F0030,asset_candidates#21,20,9,7,4,NONSQL_OTHER,0,database/018_sprint4_asset_manager_v2.sql:L57@asset_manager_review[SELECT * INTO row] | database/018_sprint4_asset_manager_v2.sql:L64@asset_manager_mark_published[SELECT * INTO row],database/025_sprint4_two_narrow_blockers.sql:L13@asset_manager_import_candidate[SELECT * INTO row] | database/025_sprint4_two_narrow_blockers.sql:L17@asset_manager_import_candidate[qualified/rowtype field reference],NO_CURRENT_EXECUTION_VALIDATION,docs/plans/ROUND1_FIELD_READ_WRITE_OVERVIEW_V1.0_part1.csv
F0031,asset_candidates#22,20,9,7,2,NONSQL_OTHER,0,database/018_sprint4_asset_manager_v2.sql:L57@asset_manager_review[SELECT * INTO row] | database/018_sprint4_asset_manager_v2.sql:L64@asset_manager_mark_published[SELECT * INTO row],database/025_sprint4_two_narrow_blockers.sql:L13@asset_manager_import_candidate[SELECT * INTO row] | database/025_sprint4_two_narrow_blockers.sql:L20@asset_manager_import_candidate[qualified/rowtype field reference],NO_CURRENT_EXECUTION_VALIDATION,docs/plans/ROUND1_FIELD_READ_WRITE_OVERVIEW_V1.0_part1.csv
F0032,asset_candidates#23,20,9,7,2,NONSQL_OTHER,0,database/018_sprint4_asset_manager_v2.sql:L57@asset_manager_review[SELECT * INTO row] | database/018_sprint4_asset_manager_v2.sql:L64@asset_manager_mark_published[SELECT * INTO row],database/025_sprint4_two_narrow_blockers.sql:L13@asset_manager_import_candidate[SELECT * INTO row] | database/025_sprint4_two_narrow_blockers.sql:L21@asset_manager_import_candidate[qualified/rowtype field reference],NO_CURRENT_EXECUTION_VALIDATION,docs/plans/ROUND1_FIELD_READ_WRITE_OVERVIEW_V1.0_part1.csv
F0033,asset_candidates#24,17,9,7,2,NONSQL_OTHER,0,database/018_sprint4_asset_manager_v2.sql:L57@asset_manager_review[SELECT * INTO row] | database/018_sprint4_asset_manager_v2.sql:L64@asset_manager_mark_published[SELECT * INTO row],database/024_sprint4_level1_narrow_corrections.sql:L41@asset_manager_submit_for_review[SELECT * INTO row] | database/025_sprint4_two_narrow_blockers.sql:L13@asset_manager_import_candidate[SELECT * INTO row],NO_CURRENT_EXECUTION_VALIDATION,docs/plans/ROUND1_FIELD_READ_WRITE_OVERVIEW_V1.0_part1.csv
F0034,asset_candidates#25,17,9,7,2,NONSQL_OTHER,0,database/018_sprint4_asset_manager_v2.sql:L57@asset_manager_review[SELECT * INTO row] | database/018_sprint4_asset_manager_v2.sql:L64@asset_manager_mark_published[SELECT * INTO row],database/024_sprint4_level1_narrow_corrections.sql:L41@asset_manager_submit_for_review[SELECT * INTO row] | database/025_sprint4_two_narrow_blockers.sql:L13@asset_manager_import_candidate[SELECT * INTO row],NO_CURRENT_EXECUTION_VALIDATION,docs/plans/ROUND1_FIELD_READ_WRITE_OVERVIEW_V1.0_part1.csv
F0035,asset_candidates#26,17,9,7,0,NONE,0,database/018_sprint4_asset_manager_v2.sql:L57@asset_manager_review[SELECT * INTO row] | database/018_sprint4_asset_manager_v2.sql:L64@asset_manager_mark_published[SELECT * INTO row],database/024_sprint4_level1_narrow_corrections.sql:L41@asset_manager_submit_for_review[SELECT * INTO row] | database/025_sprint4_two_narrow_blockers.sql:L13@asset_manager_import_candidate[SELECT * INTO row],NO_CURRENT_EXECUTION_VALIDATION,docs/plans/ROUND1_FIELD_READ_WRITE_OVERVIEW_V1.0_part1.csv
F0036,asset_candidates#27,20,11,8,0,NONE,0,database/018_sprint4_asset_manager_v2.sql:L57@asset_manager_review[SELECT * INTO row] | database/018_sprint4_asset_manager_v2.sql:L64@asset_manager_mark_published[SELECT * INTO row],database/025_sprint4_two_narrow_blockers.sql:L50@asset_manager_transition_group[qualified/rowtype field reference] | database/026_sprint4_group_target_and_registry_lock.sql:L32@asset_manager_transition_group[qualified/rowtype field reference],NO_CURRENT_EXECUTION_VALIDATION,docs/plans/ROUND1_FIELD_READ_WRITE_OVERVIEW_V1.0_part1.csv
F0037,asset_candidates#28,21,9,7,10,NONSQL_OTHER,0,database/018_sprint4_asset_manager_v2.sql:L57@asset_manager_review[SELECT * INTO row] | database/018_sprint4_asset_manager_v2.sql:L64@asset_manager_mark_published[SELECT * INTO row],database/025_sprint4_two_narrow_blockers.sql:L15@asset_manager_import_candidate[qualified/rowtype field reference] | database/025_sprint4_two_narrow_blockers.sql:L27@asset_manager_import_candidate[qualified/rowtype field reference],NO_CURRENT_EXECUTION_VALIDATION,docs/plans/ROUND1_FIELD_READ_WRITE_OVERVIEW_V1.0_part1.csv
F0038,asset_candidates#29,26,12,9,1,NONSQL_OTHER,0,database/018_sprint4_asset_manager_v2.sql:L57@asset_manager_review[SELECT * INTO row] | database/018_sprint4_asset_manager_v2.sql:L64@asset_manager_mark_published[SELECT * INTO row],database/026_sprint4_group_target_and_registry_lock.sql:L30@asset_manager_transition_group[qualified/rowtype field reference] | database/058_sprint9_active_asset_load_failure_telemetry.sql:L15@asset_report_load_failure[qualified/rowtype field reference],NO_CURRENT_EXECUTION_VALIDATION,docs/plans/ROUND1_FIELD_READ_WRITE_OVERVIEW_V1.0_part1.csv
F0039,asset_events#01,0,0,0,0,NONE,0,,,NO_CURRENT_EXECUTION_VALIDATION,docs/plans/ROUND1_FIELD_READ_WRITE_OVERVIEW_V1.0_part1.csv
F0040,asset_events#02,1,1,1,0,NONE,0,database/058_sprint9_active_asset_load_failure_telemetry.sql:L22@asset_report_load_failure[qualified/rowtype field reference],database/058_sprint9_active_asset_load_failure_telemetry.sql:L22@asset_report_load_failure[qualified/rowtype field reference],NO_CURRENT_EXECUTION_VALIDATION,docs/plans/ROUND1_FIELD_READ_WRITE_OVERVIEW_V1.0_part1.csv
F0041,asset_events#03,1,1,1,0,NONE,0,database/058_sprint9_active_asset_load_failure_telemetry.sql:L22@asset_report_load_failure[qualified/rowtype field reference],database/058_sprint9_active_asset_load_failure_telemetry.sql:L22@asset_report_load_failure[qualified/rowtype field reference],NO_CURRENT_EXECUTION_VALIDATION,docs/plans/ROUND1_FIELD_READ_WRITE_OVERVIEW_V1.0_part1.csv
F0042,asset_events#04,1,1,1,0,NONE,0,database/058_sprint9_active_asset_load_failure_telemetry.sql:L22@asset_report_load_failure[qualified/rowtype field reference],database/058_sprint9_active_asset_load_failure_telemetry.sql:L22@asset_report_load_failure[qualified/rowtype field reference],NO_CURRENT_EXECUTION_VALIDATION,docs/plans/ROUND1_FIELD_READ_WRITE_OVERVIEW_V1.0_part1.csv
F0043,asset_events#05,2,1,1,0,NONE,0,database/058_sprint9_active_asset_load_failure_telemetry.sql:L23@asset_report_load_failure[qualified/rowtype field reference] | database/058_sprint9_active_asset_load_failure_telemetry.sql:L24@asset_report_load_failure[qualified/rowtype field reference],database/058_sprint9_active_asset_load_failure_telemetry.sql:L23@asset_report_load_failure[qualified/rowtype field reference] | database/058_sprint9_active_asset_load_failure_telemetry.sql:L24@asset_report_load_failure[qualified/rowtype field reference],NO_CURRENT_EXECUTION_VALIDATION,docs/plans/ROUND1_FIELD_READ_WRITE_OVERVIEW_V1.0_part1.csv
F0044,asset_events#06,1,1,1,0,NONE,0,database/058_sprint9_active_asset_load_failure_telemetry.sql:L25@asset_report_load_failure[qualified/rowtype field reference],database/058_sprint9_active_asset_load_failure_telemetry.sql:L25@asset_report_load_failure[qualified/rowtype field reference],NO_CURRENT_EXECUTION_VALIDATION,docs/plans/ROUND1_FIELD_READ_WRITE_OVERVIEW_V1.0_part1.csv
F0045,asset_manager_reviewers#01,0,0,0,0,NONE,0,,,NO_CURRENT_EXECUTION_VALIDATION,docs/plans/ROUND1_FIELD_READ_WRITE_OVERVIEW_V1.0_part1.csv
F0046,asset_manager_reviewers#02,0,0,0,4,NONSQL_OTHER,0,,,NO_CURRENT_EXECUTION_VALIDATION,docs/plans/ROUND1_FIELD_READ_WRITE_OVERVIEW_V1.0_part1.csv
F0047,asset_manager_reviewers#03,0,0,0,3,NONSQL_OTHER|TEST,0,,,NO_CURRENT_EXECUTION_VALIDATION,docs/plans/ROUND1_FIELD_READ_WRITE_OVERVIEW_V1.0_part1.csv
F0048,asset_manager_reviewers#04,0,0,0,0,NONE,0,,,NO_CURRENT_EXECUTION_VALIDATION,docs/plans/ROUND1_FIELD_READ_WRITE_OVERVIEW_V1.0_part1.csv
F0049,asset_registry_projection#01,27,8,7,0,NONE,0,database/018_sprint4_asset_manager_v2.sql:L44@asset_manager_register_candidate[SELECT * INTO row] | database/018_sprint4_asset_manager_v2.sql:L49@asset_manager_register_candidate[qualified/rowtype field reference],database/058_sprint9_active_asset_load_failure_telemetry.sql:L13@asset_report_load_failure[qualified/rowtype field reference] | database/058_sprint9_active_asset_load_failure_telemetry.sql:L14@asset_report_load_failure[qualified/rowtype field reference],NO_CURRENT_EXECUTION_VALIDATION,docs/plans/ROUND1_FIELD_READ_WRITE_OVERVIEW_V1.0_part1.csv
F0050,asset_registry_projection#02,10,5,4,0,NONE,0,database/018_sprint4_asset_manager_v2.sql:L44@asset_manager_register_candidate[SELECT * INTO row] | database/018_sprint4_asset_manager_v2.sql:L70@asset_manager_activate[SELECT * INTO row],database/024_sprint4_level1_narrow_corrections.sql:L37@asset_manager_import_candidate[SELECT * INTO row] | database/025_sprint4_two_narrow_blockers.sql:L9@asset_manager_import_candidate[SELECT * INTO row],NO_CURRENT_EXECUTION_VALIDATION,docs/plans/ROUND1_FIELD_READ_WRITE_OVERVIEW_V1.0_part1.csv
F0051,asset_registry_projection#03,10,5,4,0,NONE,0,database/018_sprint4_asset_manager_v2.sql:L44@asset_manager_register_candidate[SELECT * INTO row] | database/018_sprint4_asset_manager_v2.sql:L70@asset_manager_activate[SELECT * INTO row],database/024_sprint4_level1_narrow_corrections.sql:L37@asset_manager_import_candidate[SELECT * INTO row] | database/025_sprint4_two_narrow_blockers.sql:L9@asset_manager_import_candidate[SELECT * INTO row],NO_CURRENT_EXECUTION_VALIDATION,docs/plans/ROUND1_FIELD_READ_WRITE_OVERVIEW_V1.0_part1.csv
F0052,asset_registry_projection#04,20,5,4,0,NONE,0,database/018_sprint4_asset_manager_v2.sql:L44@asset_manager_register_candidate[SELECT * INTO row] | database/018_sprint4_asset_manager_v2.sql:L46@asset_manager_register_candidate[qualified/rowtype field reference],database/025_sprint4_two_narrow_blockers.sql:L26@asset_manager_import_candidate[qualified/rowtype field reference] | database/025_sprint4_two_narrow_blockers.sql:L9@asset_manager_import_candidate[SELECT * INTO row],NO_CURRENT_EXECUTION_VALIDATION,docs/plans/ROUND1_FIELD_READ_WRITE_OVERVIEW_V1.0_part1.csv
F0053,asset_registry_projection#05,10,5,4,0,NONE,0,database/018_sprint4_asset_manager_v2.sql:L44@asset_manager_register_candidate[SELECT * INTO row] | database/018_sprint4_asset_manager_v2.sql:L70@asset_manager_activate[SELECT * INTO row],database/024_sprint4_level1_narrow_corrections.sql:L37@asset_manager_import_candidate[SELECT * INTO row] | database/025_sprint4_two_narrow_blockers.sql:L9@asset_manager_import_candidate[SELECT * INTO row],NO_CURRENT_EXECUTION_VALIDATION,docs/plans/ROUND1_FIELD_READ_WRITE_OVERVIEW_V1.0_part1.csv
F0054,asset_registry_projection#06,10,5,4,0,NONE,0,database/018_sprint4_asset_manager_v2.sql:L44@asset_manager_register_candidate[SELECT * INTO row] | database/018_sprint4_asset_manager_v2.sql:L70@asset_manager_activate[SELECT * INTO row],database/024_sprint4_level1_narrow_corrections.sql:L37@asset_manager_import_candidate[SELECT * INTO row] | database/025_sprint4_two_narrow_blockers.sql:L9@asset_manager_import_candidate[SELECT * INTO row],NO_CURRENT_EXECUTION_VALIDATION,docs/plans/ROUND1_FIELD_READ_WRITE_OVERVIEW_V1.0_part1.csv
F0055,asset_registry_projection#07,14,5,4,14,NONSQL_OTHER|TEST,0,database/018_sprint4_asset_manager_v2.sql:L44@asset_manager_register_candidate[SELECT * INTO row] | database/018_sprint4_asset_manager_v2.sql:L45@asset_manager_register_candidate[qualified/rowtype field reference],database/025_sprint4_two_narrow_blockers.sql:L12@asset_manager_import_candidate[qualified/rowtype field reference] | database/025_sprint4_two_narrow_blockers.sql:L9@asset_manager_import_candidate[SELECT * INTO row],NO_CURRENT_EXECUTION_VALIDATION,docs/plans/ROUND1_FIELD_READ_WRITE_OVERVIEW_V1.0_part1.csv
F0056,asset_registry_projection#08,19,8,7,7,NONSQL_OTHER,0,database/018_sprint4_asset_manager_v2.sql:L44@asset_manager_register_candidate[SELECT * INTO row] | database/018_sprint4_asset_manager_v2.sql:L70@asset_manager_activate[SELECT * INTO row],database/026_sprint4_group_target_and_registry_lock.sql:L30@asset_manager_transition_group[qualified/rowtype field reference] | database/058_sprint9_active_asset_load_failure_telemetry.sql:L13@asset_report_load_failure[qualified/rowtype field reference],NO_CURRENT_EXECUTION_VALIDATION,docs/plans/ROUND1_FIELD_READ_WRITE_OVERVIEW_V1.0_part1.csv
F0057,asset_registry_projection#09,14,5,4,0,NONE,0,database/018_sprint4_asset_manager_v2.sql:L44@asset_manager_register_candidate[SELECT * INTO row] | database/018_sprint4_asset_manager_v2.sql:L49@asset_manager_register_candidate[qualified/rowtype field reference],database/025_sprint4_two_narrow_blockers.sql:L26@asset_manager_import_candidate[qualified/rowtype field reference] | database/025_sprint4_two_narrow_blockers.sql:L9@asset_manager_import_candidate[SELECT * INTO row],NO_CURRENT_EXECUTION_VALIDATION,docs/plans/ROUND1_FIELD_READ_WRITE_OVERVIEW_V1.0_part1.csv
F0058,asset_registry_projection#10,15,5,5,0,NONE,0,database/018_sprint4_asset_manager_v2.sql:L44@asset_manager_register_candidate[SELECT * INTO row] | database/018_sprint4_asset_manager_v2.sql:L49@asset_manager_register_candidate[qualified/rowtype field reference],database/025_sprint4_two_narrow_blockers.sql:L26@asset_manager_import_candidate[qualified/rowtype field reference] | database/025_sprint4_two_narrow_blockers.sql:L9@asset_manager_import_candidate[SELECT * INTO row],NO_CURRENT_EXECUTION_VALIDATION,docs/plans/ROUND1_FIELD_READ_WRITE_OVERVIEW_V1.0_part1.csv
F0059,asset_registry_projection#11,16,5,4,0,NONE,0,database/018_sprint4_asset_manager_v2.sql:L44@asset_manager_register_candidate[SELECT * INTO row] | database/018_sprint4_asset_manager_v2.sql:L49@asset_manager_register_candidate[qualified/rowtype field reference],database/025_sprint4_two_narrow_blockers.sql:L26@asset_manager_import_candidate[qualified/rowtype field reference] | database/025_sprint4_two_narrow_blockers.sql:L9@asset_manager_import_candidate[SELECT * INTO row],NO_CURRENT_EXECUTION_VALIDATION,docs/plans/ROUND1_FIELD_READ_WRITE_OVERVIEW_V1.0_part1.csv
F0060,asset_registry_projection#12,10,5,4,9,NONSQL_OTHER|TEST,0,database/018_sprint4_asset_manager_v2.sql:L44@asset_manager_register_candidate[SELECT * INTO row] | database/018_sprint4_asset_manager_v2.sql:L70@asset_manager_activate[SELECT * INTO row],database/024_sprint4_level1_narrow_corrections.sql:L37@asset_manager_import_candidate[SELECT * INTO row] | database/025_sprint4_two_narrow_blockers.sql:L9@asset_manager_import_candidate[SELECT * INTO row],NO_CURRENT_EXECUTION_VALIDATION,docs/plans/ROUND1_FIELD_READ_WRITE_OVERVIEW_V1.0_part1.csv
F0061,asset_registry_projection#13,10,5,4,0,NONE,0,database/018_sprint4_asset_manager_v2.sql:L44@asset_manager_register_candidate[SELECT * INTO row] | database/018_sprint4_asset_manager_v2.sql:L70@asset_manager_activate[SELECT * INTO row],database/024_sprint4_level1_narrow_corrections.sql:L37@asset_manager_import_candidate[SELECT * INTO row] | database/025_sprint4_two_narrow_blockers.sql:L9@asset_manager_import_candidate[SELECT * INTO row],NO_CURRENT_EXECUTION_VALIDATION,docs/plans/ROUND1_FIELD_READ_WRITE_OVERVIEW_V1.0_part1.csv
F0062,asset_registry_projection#14,10,5,4,0,NONE,0,database/018_sprint4_asset_manager_v2.sql:L44@asset_manager_register_candidate[SELECT * INTO row] | database/018_sprint4_asset_manager_v2.sql:L70@asset_manager_activate[SELECT * INTO row],database/024_sprint4_level1_narrow_corrections.sql:L37@asset_manager_import_candidate[SELECT * INTO row] | database/025_sprint4_two_narrow_blockers.sql:L9@asset_manager_import_candidate[SELECT * INTO row],NO_CURRENT_EXECUTION_VALIDATION,docs/plans/ROUND1_FIELD_READ_WRITE_OVERVIEW_V1.0_part1.csv
F0063,dialogue_messages#01,25,7,10,1,TEST,0,database/002_runtime_runs_discussion.sql:L597@s2_send_message[qualified/rowtype field reference] | database/002_runtime_runs_discussion.sql:L601@s2_send_message[qualified/rowtype field reference],database/043_sprint7_teacher_console.sql:L61@s7_get_teacher_console[qualified/rowtype field reference] | database/044_sprint7_focused_level1_corrections.sql:L57@s7_get_teacher_console[qualified/rowtype field reference],NO_CURRENT_EXECUTION_VALIDATION,docs/plans/ROUND1_FIELD_READ_WRITE_OVERVIEW_V1.0_part1.csv
F0064,dialogue_messages#02,9,5,6,0,NONE,0,database/002_runtime_runs_discussion.sql:L1002@s2_get_teacher_state[qualified/rowtype field reference] | database/002_runtime_runs_discussion.sql:L849@s2_get_player_state[qualified/rowtype field reference],database/043_sprint7_teacher_console.sql:L62@s7_get_teacher_console[qualified/rowtype field reference] | database/044_sprint7_focused_level1_corrections.sql:L57@s7_get_teacher_console[qualified/rowtype field reference],NO_CURRENT_EXECUTION_VALIDATION,docs/plans/ROUND1_FIELD_READ_WRITE_OVERVIEW_V1.0_part1.csv
F0065,dialogue_messages#03,16,7,9,0,NONE,0,database/002_runtime_runs_discussion.sql:L840@s2_get_player_state[qualified/rowtype field reference] | database/002_runtime_runs_discussion.sql:L993@s2_get_teacher_state[qualified/rowtype field reference],database/036_sprint6_four_open_findings.sql:L29@s6_get_player_state[qualified/rowtype field reference] | database/037_level3_independent_audit_closure.sql:L179@s6_get_player_state[qualified/rowtype field reference],NO_CURRENT_EXECUTION_VALIDATION,docs/plans/ROUND1_FIELD_READ_WRITE_OVERVIEW_V1.0_part1.csv
F0066,dialogue_messages#04,2,2,2,0,NONE,0,database/013_sprint3b_discussion_authority_and_request_identity.sql:L223@s2_send_message[SELECT * INTO row] | database/030_sprint5_exact_session_messages.sql:L9@s5_send_message[SELECT * INTO row],database/013_sprint3b_discussion_authority_and_request_identity.sql:L223@s2_send_message[SELECT * INTO row] | database/030_sprint5_exact_session_messages.sql:L9@s5_send_message[SELECT * INTO row],NO_CURRENT_EXECUTION_VALIDATION,docs/plans/ROUND1_FIELD_READ_WRITE_OVERVIEW_V1.0_part1.csv
F0067,dialogue_messages#05,2,2,2,0,NONE,0,database/013_sprint3b_discussion_authority_and_request_identity.sql:L223@s2_send_message[SELECT * INTO row] | database/030_sprint5_exact_session_messages.sql:L9@s5_send_message[SELECT * INTO row],database/013_sprint3b_discussion_authority_and_request_identity.sql:L223@s2_send_message[SELECT * INTO row] | database/030_sprint5_exact_session_messages.sql:L9@s5_send_message[SELECT * INTO row],NO_CURRENT_EXECUTION_VALIDATION,docs/plans/ROUND1_FIELD_READ_WRITE_OVERVIEW_V1.0_part1.csv
F0068,dialogue_messages#06,2,2,2,0,NONE,0,database/013_sprint3b_discussion_authority_and_request_identity.sql:L223@s2_send_message[SELECT * INTO row] | database/030_sprint5_exact_session_messages.sql:L9@s5_send_message[SELECT * INTO row],database/013_sprint3b_discussion_authority_and_request_identity.sql:L223@s2_send_message[SELECT * INTO row] | database/030_sprint5_exact_session_messages.sql:L9@s5_send_message[SELECT * INTO row],NO_CURRENT_EXECUTION_VALIDATION,docs/plans/ROUND1_FIELD_READ_WRITE_OVERVIEW_V1.0_part1.csv
F0069,dialogue_messages#07,8,5,5,0,NONE,0,database/002_runtime_runs_discussion.sql:L1001@s2_get_teacher_state[qualified/rowtype field reference] | database/002_runtime_runs_discussion.sql:L848@s2_get_player_state[qualified/rowtype field reference],database/029_sprint5_canonical_discussion_localization.sql:L90@s5_get_discussion_state[qualified/rowtype field reference] | database/030_sprint5_exact_session_messages.sql:L9@s5_send_message[SELECT * INTO row],NO_CURRENT_EXECUTION_VALIDATION,docs/plans/ROUND1_FIELD_READ_WRITE_OVERVIEW_V1.0_part1.csv
F0070,dialogue_messages#08,16,8,11,7,NONSQL_OTHER|TEST,0,database/002_runtime_runs_discussion.sql:L843@s2_get_player_state[qualified/rowtype field reference] | database/002_runtime_runs_discussion.sql:L996@s2_get_teacher_state[qualified/rowtype field reference],database/043_sprint7_teacher_console.sql:L61@s7_get_teacher_console[qualified/rowtype field reference] | database/044_sprint7_focused_level1_corrections.sql:L57@s7_get_teacher_console[qualified/rowtype field reference],NO_CURRENT_EXECUTION_VALIDATION,docs/plans/ROUND1_FIELD_READ_WRITE_OVERVIEW_V1.0_part1.csv
F0071,dialogue_messages#09,22,8,11,0,NONE,0,database/002_runtime_runs_discussion.sql:L602@s2_send_message[qualified/rowtype field reference] | database/002_runtime_runs_discussion.sql:L844@s2_get_player_state[qualified/rowtype field reference],database/043_sprint7_teacher_console.sql:L61@s7_get_teacher_console[qualified/rowtype field reference] | database/044_sprint7_focused_level1_corrections.sql:L57@s7_get_teacher_console[qualified/rowtype field reference],NO_CURRENT_EXECUTION_VALIDATION,docs/plans/ROUND1_FIELD_READ_WRITE_OVERVIEW_V1.0_part1.csv
F0072,dialogue_messages#10,4,2,2,0,NONE,0,database/013_sprint3b_discussion_authority_and_request_identity.sql:L223@s2_send_message[SELECT * INTO row] | database/013_sprint3b_discussion_authority_and_request_identity.sql:L232@s2_send_message[qualified/rowtype field reference],database/013_sprint3b_discussion_authority_and_request_identity.sql:L261@s2_send_message[qualified/rowtype field reference] | database/030_sprint5_exact_session_messages.sql:L9@s5_send_message[SELECT * INTO row],NO_CURRENT_EXECUTION_VALIDATION,docs/plans/ROUND1_FIELD_READ_WRITE_OVERVIEW_V1.0_part1.csv
F0073,discussion_sessions#01,183,23,18,0,NONE,0,database/002_runtime_runs_discussion.sql:L1024@s2_get_teacher_state[qualified/rowtype field reference] | database/002_runtime_runs_discussion.sql:L1049@s2_get_teacher_state[qualified/rowtype field reference],database/054_level3_integrated_closure.sql:L92@teacher_apply_override[qualified/rowtype field reference] | database/055_level2_override_export_residual_closure.sql:L30@teacher_apply_override[qualified/rowtype field reference],NO_CURRENT_EXECUTION_VALIDATION,docs/plans/ROUND1_FIELD_READ_WRITE_OVERVIEW_V1.0_part1.csv
F0074,discussion_sessions#02,48,17,14,0,NONE,0,database/002_runtime_runs_discussion.sql:L389@s2_refresh_discussion[SELECT * INTO row] | database/002_runtime_runs_discussion.sql:L398@s2_refresh_discussion[qualified/rowtype field reference],database/054_level3_integrated_closure.sql:L91@teacher_apply_override[SELECT * INTO row] | database/055_level2_override_export_residual_closure.sql:L32@teacher_apply_override[qualified/rowtype field reference],NO_CURRENT_EXECUTION_VALIDATION,docs/plans/ROUND1_FIELD_READ_WRITE_OVERVIEW_V1.0_part1.csv
F0075,discussion_sessions#03,58,19,16,0,NONE,0,database/002_runtime_runs_discussion.sql:L389@s2_refresh_discussion[SELECT * INTO row] | database/002_runtime_runs_discussion.sql:L462@s2_open_vote[SELECT * INTO row],database/054_level3_integrated_closure.sql:L91@teacher_apply_override[SELECT * INTO row] | database/055_level2_override_export_residual_closure.sql:L32@teacher_apply_override[qualified/rowtype field reference],NO_CURRENT_EXECUTION_VALIDATION,docs/plans/ROUND1_FIELD_READ_WRITE_OVERVIEW_V1.0_part1.csv
F0076,discussion_sessions#04,59,21,17,0,NONE,0,database/002_runtime_runs_discussion.sql:L389@s2_refresh_discussion[SELECT * INTO row] | database/002_runtime_runs_discussion.sql:L462@s2_open_vote[SELECT * INTO row],database/054_level3_integrated_closure.sql:L91@teacher_apply_override[SELECT * INTO row] | database/055_level2_override_export_residual_closure.sql:L32@teacher_apply_override[qualified/rowtype field reference],NO_CURRENT_EXECUTION_VALIDATION,docs/plans/ROUND1_FIELD_READ_WRITE_OVERVIEW_V1.0_part1.csv
F0077,discussion_sessions#05,54,20,16,0,NONE,0,database/002_runtime_runs_discussion.sql:L389@s2_refresh_discussion[SELECT * INTO row] | database/002_runtime_runs_discussion.sql:L462@s2_open_vote[SELECT * INTO row],database/054_level3_integrated_closure.sql:L59@teacher_apply_override[SELECT * INTO row] | database/054_level3_integrated_closure.sql:L91@teacher_apply_override[SELECT * INTO row],NO_CURRENT_EXECUTION_VALIDATION,docs/plans/ROUND1_FIELD_READ_WRITE_OVERVIEW_V1.0_part1.csv
F0078,discussion_sessions#06,48,16,12,0,NONE,0,database/002_runtime_runs_discussion.sql:L1054@s2_get_teacher_state[qualified/rowtype field reference] | database/002_runtime_runs_discussion.sql:L389@s2_refresh_discussion[SELECT * INTO row],database/054_level3_integrated_closure.sql:L59@teacher_apply_override[SELECT * INTO row] | database/054_level3_integrated_closure.sql:L91@teacher_apply_override[SELECT * INTO row],NO_CURRENT_EXECUTION_VALIDATION,docs/plans/ROUND1_FIELD_READ_WRITE_OVERVIEW_V1.0_part1.csv
F0079,discussion_sessions#07,91,18,14,0,NONE,0,database/002_runtime_runs_discussion.sql:L1053@s2_get_teacher_state[qualified/rowtype field reference] | database/002_runtime_runs_discussion.sql:L366@s2_open_discussion[qualified/rowtype field reference],database/054_level3_integrated_closure.sql:L59@teacher_apply_override[SELECT * INTO row] | database/054_level3_integrated_closure.sql:L91@teacher_apply_override[SELECT * INTO row],NO_CURRENT_EXECUTION_VALIDATION,docs/plans/ROUND1_FIELD_READ_WRITE_OVERVIEW_V1.0_part1.csv
F0080,discussion_sessions#08,50,18,13,3,NONSQL_OTHER|TEST,0,database/002_runtime_runs_discussion.sql:L1051@s2_get_teacher_state[qualified/rowtype field reference] | database/002_runtime_runs_discussion.sql:L366@s2_open_discussion[qualified/rowtype field reference],database/054_level3_integrated_closure.sql:L59@teacher_apply_override[SELECT * INTO row] | database/054_level3_integrated_closure.sql:L91@teacher_apply_override[SELECT * INTO row],NO_CURRENT_EXECUTION_VALIDATION,docs/plans/ROUND1_FIELD_READ_WRITE_OVERVIEW_V1.0_part1.csv
F0081,discussion_sessions#09,75,22,16,0,NONE,0,database/002_runtime_runs_discussion.sql:L1005@s2_get_teacher_state[qualified/rowtype field reference] | database/002_runtime_runs_discussion.sql:L1052@s2_get_teacher_state[qualified/rowtype field reference],database/054_level3_integrated_closure.sql:L59@teacher_apply_override[SELECT * INTO row] | database/054_level3_integrated_closure.sql:L91@teacher_apply_override[SELECT * INTO row],NO_CURRENT_EXECUTION_VALIDATION,docs/plans/ROUND1_FIELD_READ_WRITE_OVERVIEW_V1.0_part1.csv
F0082,discussion_sessions#10,37,16,13,1,NONSQL_OTHER,0,database/002_runtime_runs_discussion.sql:L389@s2_refresh_discussion[SELECT * INTO row] | database/002_runtime_runs_discussion.sql:L462@s2_open_vote[SELECT * INTO row],database/054_level3_integrated_closure.sql:L91@teacher_apply_override[SELECT * INTO row] | database/055_level2_override_export_residual_closure.sql:L33@teacher_apply_override[qualified/rowtype field reference],NO_CURRENT_EXECUTION_VALIDATION,docs/plans/ROUND1_FIELD_READ_WRITE_OVERVIEW_V1.0_part1.csv
F0083,discussion_sessions#11,55,21,15,6,NONSQL_OTHER|TEST,0,database/002_runtime_runs_discussion.sql:L1055@s2_get_teacher_state[qualified/rowtype field reference] | database/002_runtime_runs_discussion.sql:L372@s2_open_discussion[qualified/rowtype field reference],database/054_level3_integrated_closure.sql:L59@teacher_apply_override[SELECT * INTO row] | database/054_level3_integrated_closure.sql:L91@teacher_apply_override[SELECT * INTO row],NO_CURRENT_EXECUTION_VALIDATION,docs/plans/ROUND1_FIELD_READ_WRITE_OVERVIEW_V1.0_part1.csv
F0084,discussion_sessions#12,37,17,12,0,NONE,0,database/002_runtime_runs_discussion.sql:L389@s2_refresh_discussion[SELECT * INTO row] | database/002_runtime_runs_discussion.sql:L462@s2_open_vote[SELECT * INTO row],database/054_level3_integrated_closure.sql:L59@teacher_apply_override[SELECT * INTO row] | database/054_level3_integrated_closure.sql:L91@teacher_apply_override[SELECT * INTO row],NO_CURRENT_EXECUTION_VALIDATION,docs/plans/ROUND1_FIELD_READ_WRITE_OVERVIEW_V1.0_part1.csv
F0085,discussion_sessions#13,55,18,14,0,NONE,0,database/002_runtime_runs_discussion.sql:L1061@s2_get_teacher_state[qualified/rowtype field reference] | database/002_runtime_runs_discussion.sql:L389@s2_refresh_discussion[SELECT * INTO row],database/054_level3_integrated_closure.sql:L59@teacher_apply_override[SELECT * INTO row] | database/054_level3_integrated_closure.sql:L91@teacher_apply_override[SELECT * INTO row],NO_CURRENT_EXECUTION_VALIDATION,docs/plans/ROUND1_FIELD_READ_WRITE_OVERVIEW_V1.0_part1.csv
F0086,discussion_sessions#14,48,16,12,0,NONE,0,database/002_runtime_runs_discussion.sql:L1056@s2_get_teacher_state[qualified/rowtype field reference] | database/002_runtime_runs_discussion.sql:L389@s2_refresh_discussion[SELECT * INTO row],database/054_level3_integrated_closure.sql:L59@teacher_apply_override[SELECT * INTO row] | database/054_level3_integrated_closure.sql:L91@teacher_apply_override[SELECT * INTO row],NO_CURRENT_EXECUTION_VALIDATION,docs/plans/ROUND1_FIELD_READ_WRITE_OVERVIEW_V1.0_part1.csv
F0087,discussion_sessions#15,39,17,13,0,NONE,0,database/002_runtime_runs_discussion.sql:L389@s2_refresh_discussion[SELECT * INTO row] | database/002_runtime_runs_discussion.sql:L462@s2_open_vote[SELECT * INTO row],database/054_level3_integrated_closure.sql:L59@teacher_apply_override[SELECT * INTO row] | database/054_level3_integrated_closure.sql:L91@teacher_apply_override[SELECT * INTO row],NO_CURRENT_EXECUTION_VALIDATION,docs/plans/ROUND1_FIELD_READ_WRITE_OVERVIEW_V1.0_part1.csv
F0088,discussion_sessions#16,46,16,12,1,NONSQL_OTHER,0,database/002_runtime_runs_discussion.sql:L1057@s2_get_teacher_state[qualified/rowtype field reference] | database/002_runtime_runs_discussion.sql:L389@s2_refresh_discussion[SELECT * INTO row],database/054_level3_integrated_closure.sql:L59@teacher_apply_override[SELECT * INTO row] | database/054_level3_integrated_closure.sql:L91@teacher_apply_override[SELECT * INTO row],NO_CURRENT_EXECUTION_VALIDATION,docs/plans/ROUND1_FIELD_READ_WRITE_OVERVIEW_V1.0_part1.csv
F0089,discussion_sessions#17,49,16,12,1,NONSQL_OTHER,0,database/002_runtime_runs_discussion.sql:L1058@s2_get_teacher_state[qualified/rowtype field reference] | database/002_runtime_runs_discussion.sql:L389@s2_refresh_discussion[SELECT * INTO row],database/054_level3_integrated_closure.sql:L59@teacher_apply_override[SELECT * INTO row] | database/054_level3_integrated_closure.sql:L91@teacher_apply_override[SELECT * INTO row],NO_CURRENT_EXECUTION_VALIDATION,docs/plans/ROUND1_FIELD_READ_WRITE_OVERVIEW_V1.0_part1.csv
F0090,discussion_sessions#18,53,16,12,0,NONE,0,database/002_runtime_runs_discussion.sql:L1059@s2_get_teacher_state[qualified/rowtype field reference] | database/002_runtime_runs_discussion.sql:L389@s2_refresh_discussion[SELECT * INTO row],database/054_level3_integrated_closure.sql:L59@teacher_apply_override[SELECT * INTO row] | database/054_level3_integrated_closure.sql:L91@teacher_apply_override[SELECT * INTO row],NO_CURRENT_EXECUTION_VALIDATION,docs/plans/ROUND1_FIELD_READ_WRITE_OVERVIEW_V1.0_part1.csv
F0091,discussion_sessions#19,44,16,12,0,NONE,0,database/002_runtime_runs_discussion.sql:L389@s2_refresh_discussion[SELECT * INTO row] | database/002_runtime_runs_discussion.sql:L462@s2_open_vote[SELECT * INTO row],database/054_level3_integrated_closure.sql:L59@teacher_apply_override[SELECT * INTO row] | database/054_level3_integrated_closure.sql:L91@teacher_apply_override[SELECT * INTO row],NO_CURRENT_EXECUTION_VALIDATION,docs/plans/ROUND1_FIELD_READ_WRITE_OVERVIEW_V1.0_part1.csv
F0092,discussion_sessions#20,44,16,12,0,NONE,0,database/002_runtime_runs_discussion.sql:L389@s2_refresh_discussion[SELECT * INTO row] | database/002_runtime_runs_discussion.sql:L462@s2_open_vote[SELECT * INTO row],database/054_level3_integrated_closure.sql:L59@teacher_apply_override[SELECT * INTO row] | database/054_level3_integrated_closure.sql:L91@teacher_apply_override[SELECT * INTO row],NO_CURRENT_EXECUTION_VALIDATION,docs/plans/ROUND1_FIELD_READ_WRITE_OVERVIEW_V1.0_part1.csv
F0093,discussion_sessions#21,62,16,12,3,TEST,0,database/002_runtime_runs_discussion.sql:L389@s2_refresh_discussion[SELECT * INTO row] | database/002_runtime_runs_discussion.sql:L462@s2_open_vote[SELECT * INTO row],database/054_level3_integrated_closure.sql:L59@teacher_apply_override[SELECT * INTO row] | database/054_level3_integrated_closure.sql:L91@teacher_apply_override[SELECT * INTO row],NO_CURRENT_EXECUTION_VALIDATION,docs/plans/ROUND1_FIELD_READ_WRITE_OVERVIEW_V1.0_part1.csv
F0094,discussion_sessions#22,36,16,12,0,NONE,0,database/002_runtime_runs_discussion.sql:L389@s2_refresh_discussion[SELECT * INTO row] | database/002_runtime_runs_discussion.sql:L462@s2_open_vote[SELECT * INTO row],database/054_level3_integrated_closure.sql:L59@teacher_apply_override[SELECT * INTO row] | database/054_level3_integrated_closure.sql:L91@teacher_apply_override[SELECT * INTO row],NO_CURRENT_EXECUTION_VALIDATION,docs/plans/ROUND1_FIELD_READ_WRITE_OVERVIEW_V1.0_part1.csv
F0095,discussion_sessions#23,36,16,12,0,NONE,0,database/002_runtime_runs_discussion.sql:L389@s2_refresh_discussion[SELECT * INTO row] | database/002_runtime_runs_discussion.sql:L462@s2_open_vote[SELECT * INTO row],database/054_level3_integrated_closure.sql:L59@teacher_apply_override[SELECT * INTO row] | database/054_level3_integrated_closure.sql:L91@teacher_apply_override[SELECT * INTO row],NO_CURRENT_EXECUTION_VALIDATION,docs/plans/ROUND1_FIELD_READ_WRITE_OVERVIEW_V1.0_part1.csv
F0096,discussion_sessions#24,44,16,12,0,NONE,0,database/002_runtime_runs_discussion.sql:L389@s2_refresh_discussion[SELECT * INTO row] | database/002_runtime_runs_discussion.sql:L462@s2_open_vote[SELECT * INTO row],database/054_level3_integrated_closure.sql:L59@teacher_apply_override[SELECT * INTO row] | database/054_level3_integrated_closure.sql:L91@teacher_apply_override[SELECT * INTO row],NO_CURRENT_EXECUTION_VALIDATION,docs/plans/ROUND1_FIELD_READ_WRITE_OVERVIEW_V1.0_part1.csv
F0097,discussion_sessions#25,42,16,12,0,NONE,0,database/002_runtime_runs_discussion.sql:L389@s2_refresh_discussion[SELECT * INTO row] | database/002_runtime_runs_discussion.sql:L404@s2_refresh_discussion[qualified/rowtype field reference],database/054_level3_integrated_closure.sql:L59@teacher_apply_override[SELECT * INTO row] | database/054_level3_integrated_closure.sql:L91@teacher_apply_override[SELECT * INTO row],NO_CURRENT_EXECUTION_VALIDATION,docs/plans/ROUND1_FIELD_READ_WRITE_OVERVIEW_V1.0_part1.csv
F0098,discussion_sessions#26,49,18,14,0,NONE,0,database/002_runtime_runs_discussion.sql:L1060@s2_get_teacher_state[qualified/rowtype field reference] | database/002_runtime_runs_discussion.sql:L360@s2_open_discussion[qualified/rowtype field reference],database/054_level3_integrated_closure.sql:L59@teacher_apply_override[SELECT * INTO row] | database/054_level3_integrated_closure.sql:L91@teacher_apply_override[SELECT * INTO row],NO_CURRENT_EXECUTION_VALIDATION,docs/plans/ROUND1_FIELD_READ_WRITE_OVERVIEW_V1.0_part1.csv
F0099,discussion_sessions#27,36,16,12,0,NONE,0,database/002_runtime_runs_discussion.sql:L389@s2_refresh_discussion[SELECT * INTO row] | database/002_runtime_runs_discussion.sql:L462@s2_open_vote[SELECT * INTO row],database/054_level3_integrated_closure.sql:L59@teacher_apply_override[SELECT * INTO row] | database/054_level3_integrated_closure.sql:L91@teacher_apply_override[SELECT * INTO row],NO_CURRENT_EXECUTION_VALIDATION,docs/plans/ROUND1_FIELD_READ_WRITE_OVERVIEW_V1.0_part1.csv
F0100,discussion_sessions#28,36,16,12,0,NONE,0,database/002_runtime_runs_discussion.sql:L389@s2_refresh_discussion[SELECT * INTO row] | database/002_runtime_runs_discussion.sql:L462@s2_open_vote[SELECT * INTO row],database/054_level3_integrated_closure.sql:L59@teacher_apply_override[SELECT * INTO row] | database/054_level3_integrated_closure.sql:L91@teacher_apply_override[SELECT * INTO row],NO_CURRENT_EXECUTION_VALIDATION,docs/plans/ROUND1_FIELD_READ_WRITE_OVERVIEW_V1.0_part1.csv
F0101,discussion_sessions#29,36,16,12,0,NONE,0,database/002_runtime_runs_discussion.sql:L389@s2_refresh_discussion[SELECT * INTO row] | database/002_runtime_runs_discussion.sql:L462@s2_open_vote[SELECT * INTO row],database/054_level3_integrated_closure.sql:L59@teacher_apply_override[SELECT * INTO row] | database/054_level3_integrated_closure.sql:L91@teacher_apply_override[SELECT * INTO row],NO_CURRENT_EXECUTION_VALIDATION,docs/plans/ROUND1_FIELD_READ_WRITE_OVERVIEW_V1.0_part1.csv
F0102,game_runs#01,835,92,45,0,NONE,1,database/002_runtime_runs_discussion.sql:L1002@s2_get_teacher_state[qualified/rowtype field reference] | database/002_runtime_runs_discussion.sql:L1038@s2_get_teacher_state[qualified/rowtype field reference],database/068_package_c_authoritative_pocket_inspection.sql:L75@s3_get_player_state[qualified/rowtype field reference] | database/068_package_c_authoritative_pocket_inspection.sql:L76@s3_get_player_state[qualified/rowtype field reference],NO_CURRENT_EXECUTION_VALIDATION,docs/plans/ROUND1_FIELD_READ_WRITE_OVERVIEW_V1.0_part1.csv
F0103,game_runs#02,44,28,15,0,NONE,1,database/002_runtime_runs_discussion.sql:L114@s2_protect_run_identity[OLD.field trigger reference] | database/002_runtime_runs_discussion.sql:L138@s2_get_active_run[qualified/rowtype field reference],database/054_level3_integrated_closure.sql:L17@teacher_apply_override[qualified/rowtype field reference] | database/054_level3_integrated_closure.sql:L20@teacher_apply_override[SELECT * INTO row],NO_CURRENT_EXECUTION_VALIDATION,docs/plans/ROUND1_FIELD_READ_WRITE_OVERVIEW_V1.0_part1.csv
F0104,game_runs#03,50,31,15,0,NONE,1,database/002_runtime_runs_discussion.sql:L1044@s2_get_teacher_state[qualified/rowtype field reference] | database/002_runtime_runs_discussion.sql:L115@s2_protect_run_identity[OLD.field trigger reference],database/054_level3_integrated_closure.sql:L164@s8_get_finalization_state[qualified/rowtype field reference] | database/054_level3_integrated_closure.sql:L20@teacher_apply_override[SELECT * INTO row],NO_CURRENT_EXECUTION_VALIDATION,docs/plans/ROUND1_FIELD_READ_WRITE_OVERVIEW_V1.0_part1.csv
F0105,game_runs#04,67,38,24,10,NONSQL_OTHER|TEST,1,database/002_runtime_runs_discussion.sql:L1045@s2_get_teacher_state[qualified/rowtype field reference] | database/002_runtime_runs_discussion.sql:L116@s2_protect_run_identity[OLD.field trigger reference],database/054_level3_integrated_closure.sql:L164@s8_get_finalization_state[qualified/rowtype field reference] | database/054_level3_integrated_closure.sql:L20@teacher_apply_override[SELECT * INTO row],NO_CURRENT_EXECUTION_VALIDATION,docs/plans/ROUND1_FIELD_READ_WRITE_OVERVIEW_V1.0_part1.csv
F0106,game_runs#05,43,29,16,5,NONSQL_OTHER|TEST,1,database/002_runtime_runs_discussion.sql:L1046@s2_get_teacher_state[qualified/rowtype field reference] | database/002_runtime_runs_discussion.sql:L117@s2_protect_run_identity[OLD.field trigger reference],database/049_sprint8_final_closure.sql:L70@s8_verify_integrity[SELECT * INTO row] | database/054_level3_integrated_closure.sql:L20@teacher_apply_override[SELECT * INTO row],NO_CURRENT_EXECUTION_VALIDATION,docs/plans/ROUND1_FIELD_READ_WRITE_OVERVIEW_V1.0_part1.csv
F0107,game_runs#06,38,26,13,0,NONE,0,database/002_runtime_runs_discussion.sql:L139@s2_get_active_run[qualified/rowtype field reference] | database/002_runtime_runs_discussion.sql:L262@s2_open_discussion[SELECT * INTO row],database/054_level3_integrated_closure.sql:L17@teacher_apply_override[qualified/rowtype field reference] | database/054_level3_integrated_closure.sql:L20@teacher_apply_override[SELECT * INTO row],NO_CURRENT_EXECUTION_VALIDATION,docs/plans/ROUND1_FIELD_READ_WRITE_OVERVIEW_V1.0_part1.csv
F0108,game_runs#07,39,24,15,0,NONE,0,database/002_runtime_runs_discussion.sql:L262@s2_open_discussion[SELECT * INTO row] | database/002_runtime_runs_discussion.sql:L349@s2_open_discussion[qualified/rowtype field reference],database/049_sprint8_final_closure.sql:L70@s8_verify_integrity[SELECT * INTO row] | database/054_level3_integrated_closure.sql:L20@teacher_apply_override[SELECT * INTO row],NO_CURRENT_EXECUTION_VALIDATION,docs/plans/ROUND1_FIELD_READ_WRITE_OVERVIEW_V1.0_part1.csv
F0109,game_runs#08,41,24,15,0,NONE,0,database/002_runtime_runs_discussion.sql:L262@s2_open_discussion[SELECT * INTO row] | database/002_runtime_runs_discussion.sql:L349@s2_open_discussion[qualified/rowtype field reference],database/049_sprint8_final_closure.sql:L70@s8_verify_integrity[SELECT * INTO row] | database/054_level3_integrated_closure.sql:L20@teacher_apply_override[SELECT * INTO row],NO_CURRENT_EXECUTION_VALIDATION,docs/plans/ROUND1_FIELD_READ_WRITE_OVERVIEW_V1.0_part1.csv
F0110,game_runs#09,37,24,15,0,NONE,0,database/002_runtime_runs_discussion.sql:L262@s2_open_discussion[SELECT * INTO row] | database/002_runtime_runs_discussion.sql:L349@s2_open_discussion[qualified/rowtype field reference],database/049_sprint8_final_closure.sql:L70@s8_verify_integrity[SELECT * INTO row] | database/054_level3_integrated_closure.sql:L20@teacher_apply_override[SELECT * INTO row],NO_CURRENT_EXECUTION_VALIDATION,docs/plans/ROUND1_FIELD_READ_WRITE_OVERVIEW_V1.0_part1.csv
F0111,game_runs#10,34,25,13,0,NONE,0,database/002_runtime_runs_discussion.sql:L1047@s2_get_teacher_state[qualified/rowtype field reference] | database/002_runtime_runs_discussion.sql:L262@s2_open_discussion[SELECT * INTO row],database/049_sprint8_final_closure.sql:L70@s8_verify_integrity[SELECT * INTO row] | database/054_level3_integrated_closure.sql:L20@teacher_apply_override[SELECT * INTO row],NO_CURRENT_EXECUTION_VALIDATION,docs/plans/ROUND1_FIELD_READ_WRITE_OVERVIEW_V1.0_part1.csv
F0112,game_runs#11,30,23,13,0,NONE,0,database/002_runtime_runs_discussion.sql:L262@s2_open_discussion[SELECT * INTO row] | database/002_runtime_runs_discussion.sql:L398@s2_refresh_discussion[SELECT * INTO row],database/049_sprint8_final_closure.sql:L70@s8_verify_integrity[SELECT * INTO row] | database/054_level3_integrated_closure.sql:L20@teacher_apply_override[SELECT * INTO row],NO_CURRENT_EXECUTION_VALIDATION,docs/plans/ROUND1_FIELD_READ_WRITE_OVERVIEW_V1.0_part1.csv
F0113,game_runs#12,36,24,13,4,NONSQL_OTHER|TEST,0,database/002_runtime_runs_discussion.sql:L262@s2_open_discussion[SELECT * INTO row] | database/002_runtime_runs_discussion.sql:L398@s2_refresh_discussion[SELECT * INTO row],database/049_sprint8_final_closure.sql:L70@s8_verify_integrity[SELECT * INTO row] | database/054_level3_integrated_closure.sql:L20@teacher_apply_override[SELECT * INTO row],NO_CURRENT_EXECUTION_VALIDATION,docs/plans/ROUND1_FIELD_READ_WRITE_OVERVIEW_V1.0_part1.csv
F0114,game_runs#13,32,25,14,0,NONE,0,database/002_runtime_runs_discussion.sql:L262@s2_open_discussion[SELECT * INTO row] | database/002_runtime_runs_discussion.sql:L398@s2_refresh_discussion[SELECT * INTO row],database/049_sprint8_final_closure.sql:L70@s8_verify_integrity[SELECT * INTO row] | database/054_level3_integrated_closure.sql:L20@teacher_apply_override[SELECT * INTO row],NO_CURRENT_EXECUTION_VALIDATION,docs/plans/ROUND1_FIELD_READ_WRITE_OVERVIEW_V1.0_part1.csv
F0115,game_runs#14,44,27,15,6,TEST,0,database/002_runtime_runs_discussion.sql:L262@s2_open_discussion[SELECT * INTO row] | database/002_runtime_runs_discussion.sql:L398@s2_refresh_discussion[SELECT * INTO row],database/054_level3_integrated_closure.sql:L165@s8_get_finalization_state[qualified/rowtype field reference] | database/054_level3_integrated_closure.sql:L20@teacher_apply_override[SELECT * INTO row],NO_CURRENT_EXECUTION_VALIDATION,docs/plans/ROUND1_FIELD_READ_WRITE_OVERVIEW_V1.0_part1.csv
F0116,game_runs#15,41,27,15,4,NONSQL_OTHER|TEST,0,database/002_runtime_runs_discussion.sql:L262@s2_open_discussion[SELECT * INTO row] | database/002_runtime_runs_discussion.sql:L398@s2_refresh_discussion[SELECT * INTO row],database/054_level3_integrated_closure.sql:L165@s8_get_finalization_state[qualified/rowtype field reference] | database/054_level3_integrated_closure.sql:L20@teacher_apply_override[SELECT * INTO row],NO_CURRENT_EXECUTION_VALIDATION,docs/plans/ROUND1_FIELD_READ_WRITE_OVERVIEW_V1.0_part1.csv
F0117,game_runs#16,45,27,15,7,NONSQL_OTHER|TEST,0,database/002_runtime_runs_discussion.sql:L262@s2_open_discussion[SELECT * INTO row] | database/002_runtime_runs_discussion.sql:L398@s2_refresh_discussion[SELECT * INTO row],database/054_level3_integrated_closure.sql:L165@s8_get_finalization_state[qualified/rowtype field reference] | database/054_level3_integrated_closure.sql:L20@teacher_apply_override[SELECT * INTO row],NO_CURRENT_EXECUTION_VALIDATION,docs/plans/ROUND1_FIELD_READ_WRITE_OVERVIEW_V1.0_part1.csv
F0118,game_runs#17,36,26,15,0,NONE,0,database/002_runtime_runs_discussion.sql:L262@s2_open_discussion[SELECT * INTO row] | database/002_runtime_runs_discussion.sql:L398@s2_refresh_discussion[SELECT * INTO row],database/054_level3_integrated_closure.sql:L164@s8_get_finalization_state[qualified/rowtype field reference] | database/054_level3_integrated_closure.sql:L20@teacher_apply_override[SELECT * INTO row],NO_CURRENT_EXECUTION_VALIDATION,docs/plans/ROUND1_FIELD_READ_WRITE_OVERVIEW_V1.0_part1.csv
F0119,runtime_events#01,6,1,3,0,NONE,1,database/002_runtime_runs_discussion.sql:L1030@s2_get_teacher_state[qualified/rowtype field reference] | database/002_runtime_runs_discussion.sql:L1035@s2_get_teacher_state[qualified/rowtype field reference],database/014b_sprint3b_targeted_closure_corrections.sql:L169@s2_get_teacher_state[qualified/rowtype field reference] | database/014b_sprint3b_targeted_closure_corrections.sql:L175@s2_get_teacher_state[qualified/rowtype field reference],NO_CURRENT_EXECUTION_VALIDATION,docs/plans/ROUND1_FIELD_READ_WRITE_OVERVIEW_V1.0_part1.csv
F0120,runtime_events#02,4,2,4,0,NONE,1,database/002_runtime_runs_discussion.sql:L1038@s2_get_teacher_state[qualified/rowtype field reference] | database/003_sprint2_discussionroom_audit_fix.sql:L600@s2_get_teacher_state[qualified/rowtype field reference],database/014b_sprint3b_targeted_closure_corrections.sql:L177@s2_get_teacher_state[qualified/rowtype field reference] | database/043_sprint7_teacher_console.sql:L72@s7_get_teacher_console[qualified/rowtype field reference],NO_CURRENT_EXECUTION_VALIDATION,docs/plans/ROUND1_FIELD_READ_WRITE_OVERVIEW_V1.0_part1.csv
F0121,runtime_events#03,0,0,0,0,NONE,1,,,NO_CURRENT_EXECUTION_VALIDATION,docs/plans/ROUND1_FIELD_READ_WRITE_OVERVIEW_V1.0_part1.csv
F0122,runtime_events#04,3,1,3,0,NONE,1,database/002_runtime_runs_discussion.sql:L1032@s2_get_teacher_state[qualified/rowtype field reference] | database/003_sprint2_discussionroom_audit_fix.sql:L594@s2_get_teacher_state[qualified/rowtype field reference],database/003_sprint2_discussionroom_audit_fix.sql:L594@s2_get_teacher_state[qualified/rowtype field reference] | database/014b_sprint3b_targeted_closure_corrections.sql:L170@s2_get_teacher_state[qualified/rowtype field reference],NO_CURRENT_EXECUTION_VALIDATION,docs/plans/ROUND1_FIELD_READ_WRITE_OVERVIEW_V1.0_part1.csv
F0123,runtime_events#05,4,2,4,0,NONE,2,database/002_runtime_runs_discussion.sql:L1031@s2_get_teacher_state[qualified/rowtype field reference] | database/003_sprint2_discussionroom_audit_fix.sql:L593@s2_get_teacher_state[qualified/rowtype field reference],database/014b_sprint3b_targeted_closure_corrections.sql:L169@s2_get_teacher_state[qualified/rowtype field reference] | database/057_teacher_override_event_scope_consistency.sql:L24@teacher_apply_override[qualified/rowtype field reference],NO_CURRENT_EXECUTION_VALIDATION,docs/plans/ROUND1_FIELD_READ_WRITE_OVERVIEW_V1.0_part1.csv
F0124,runtime_events#06,1,1,1,0,NONE,0,database/014b_sprint3b_targeted_closure_corrections.sql:L171@s2_get_teacher_state[qualified/rowtype field reference],database/014b_sprint3b_targeted_closure_corrections.sql:L171@s2_get_teacher_state[qualified/rowtype field reference],NO_CURRENT_EXECUTION_VALIDATION,docs/plans/ROUND1_FIELD_READ_WRITE_OVERVIEW_V1.0_part1.csv
F0125,runtime_events#07,4,2,4,0,NONE,1,database/002_runtime_runs_discussion.sql:L1033@s2_get_teacher_state[qualified/rowtype field reference] | database/003_sprint2_discussionroom_audit_fix.sql:L595@s2_get_teacher_state[qualified/rowtype field reference],database/014b_sprint3b_targeted_closure_corrections.sql:L174@s2_get_teacher_state[qualified/rowtype field reference] | database/057_teacher_override_event_scope_consistency.sql:L23@teacher_apply_override[qualified/rowtype field reference],NO_CURRENT_EXECUTION_VALIDATION,docs/plans/ROUND1_FIELD_READ_WRITE_OVERVIEW_V1.0_part1.csv
F0126,runtime_events#08,6,1,3,0,NONE,0,database/002_runtime_runs_discussion.sql:L1034@s2_get_teacher_state[qualified/rowtype field reference] | database/002_runtime_runs_discussion.sql:L1035@s2_get_teacher_state[qualified/rowtype field reference],database/014b_sprint3b_targeted_closure_corrections.sql:L174@s2_get_teacher_state[qualified/rowtype field reference] | database/014b_sprint3b_targeted_closure_corrections.sql:L175@s2_get_teacher_state[qualified/rowtype field reference],NO_CURRENT_EXECUTION_VALIDATION,docs/plans/ROUND1_FIELD_READ_WRITE_OVERVIEW_V1.0_part1.csv
F0127,runtime_events#09,1,1,1,0,NONE,1,database/014b_sprint3b_targeted_closure_corrections.sql:L170@s2_get_teacher_state[qualified/rowtype field reference],database/014b_sprint3b_targeted_closure_corrections.sql:L170@s2_get_teacher_state[qualified/rowtype field reference],NO_CURRENT_EXECUTION_VALIDATION,docs/plans/ROUND1_FIELD_READ_WRITE_OVERVIEW_V1.0_part1.csv
F0128,runtime_events#10,2,1,1,0,NONE,1,database/014b_sprint3b_targeted_closure_corrections.sql:L171@s2_get_teacher_state[qualified/rowtype field reference] | database/014b_sprint3b_targeted_closure_corrections.sql:L178@s2_get_teacher_state[qualified/rowtype field reference],database/014b_sprint3b_targeted_closure_corrections.sql:L171@s2_get_teacher_state[qualified/rowtype field reference] | database/014b_sprint3b_targeted_closure_corrections.sql:L178@s2_get_teacher_state[qualified/rowtype field reference],NO_CURRENT_EXECUTION_VALIDATION,docs/plans/ROUND1_FIELD_READ_WRITE_OVERVIEW_V1.0_part1.csv
F0129,runtime_events#11,1,1,1,0,NONE,1,database/014b_sprint3b_targeted_closure_corrections.sql:L171@s2_get_teacher_state[qualified/rowtype field reference],database/014b_sprint3b_targeted_closure_corrections.sql:L171@s2_get_teacher_state[qualified/rowtype field reference],NO_CURRENT_EXECUTION_VALIDATION,docs/plans/ROUND1_FIELD_READ_WRITE_OVERVIEW_V1.0_part1.csv
F0130,runtime_events#12,1,1,1,2,TEST,0,database/014b_sprint3b_targeted_closure_corrections.sql:L172@s2_get_teacher_state[qualified/rowtype field reference],database/014b_sprint3b_targeted_closure_corrections.sql:L172@s2_get_teacher_state[qualified/rowtype field reference],NO_CURRENT_EXECUTION_VALIDATION,docs/plans/ROUND1_FIELD_READ_WRITE_OVERVIEW_V1.0_part1.csv
F0131,runtime_events#13,2,2,2,0,NONE,0,database/014b_sprint3b_targeted_closure_corrections.sql:L172@s2_get_teacher_state[qualified/rowtype field reference] | database/043_sprint7_teacher_console.sql:L72@s7_get_teacher_console[qualified/rowtype field reference],database/014b_sprint3b_targeted_closure_corrections.sql:L172@s2_get_teacher_state[qualified/rowtype field reference] | database/043_sprint7_teacher_console.sql:L72@s7_get_teacher_console[qualified/rowtype field reference],NO_CURRENT_EXECUTION_VALIDATION,docs/plans/ROUND1_FIELD_READ_WRITE_OVERVIEW_V1.0_part1.csv
F0132,runtime_events#14,1,1,1,0,NONE,0,database/014b_sprint3b_targeted_closure_corrections.sql:L173@s2_get_teacher_state[qualified/rowtype field reference],database/014b_sprint3b_targeted_closure_corrections.sql:L173@s2_get_teacher_state[qualified/rowtype field reference],NO_CURRENT_EXECUTION_VALIDATION,docs/plans/ROUND1_FIELD_READ_WRITE_OVERVIEW_V1.0_part1.csv
F0133,runtime_events#15,2,2,2,0,NONE,1,database/014b_sprint3b_targeted_closure_corrections.sql:L173@s2_get_teacher_state[qualified/rowtype field reference] | database/057_teacher_override_event_scope_consistency.sql:L24@teacher_apply_override[qualified/rowtype field reference],database/014b_sprint3b_targeted_closure_corrections.sql:L173@s2_get_teacher_state[qualified/rowtype field reference] | database/057_teacher_override_event_scope_consistency.sql:L24@teacher_apply_override[qualified/rowtype field reference],NO_CURRENT_EXECUTION_VALIDATION,docs/plans/ROUND1_FIELD_READ_WRITE_OVERVIEW_V1.0_part1.csv
F0134,runtime_events#16,1,1,1,0,NONE,0,database/014b_sprint3b_targeted_closure_corrections.sql:L174@s2_get_teacher_state[qualified/rowtype field reference],database/014b_sprint3b_targeted_closure_corrections.sql:L174@s2_get_teacher_state[qualified/rowtype field reference],NO_CURRENT_EXECUTION_VALIDATION,docs/plans/ROUND1_FIELD_READ_WRITE_OVERVIEW_V1.0_part1.csv
F0135,runtime_player_decisions#01,7,3,4,0,NONE,0,database/002_runtime_runs_discussion.sql:L1005@s2_get_teacher_state[qualified/rowtype field reference] | database/002_runtime_runs_discussion.sql:L1015@s2_get_teacher_state[qualified/rowtype field reference],database/050_sprint8_act2_verifier_projection_fix.sql:L17@s8_verify_integrity[qualified/rowtype field reference] | database/050_sprint8_act2_verifier_projection_fix.sql:L28@s8_verify_integrity[qualified/rowtype field reference],NO_CURRENT_EXECUTION_VALIDATION,docs/plans/ROUND1_FIELD_READ_WRITE_OVERVIEW_V1.0_part1.csv
F0136,runtime_player_decisions#02,7,3,4,0,NONE,0,database/013_sprint3b_discussion_authority_and_request_identity.sql:L314@s2_submit_vote[SELECT * INTO row] | database/050_sprint8_act2_verifier_projection_fix.sql:L22@s8_verify_integrity[qualified/rowtype field reference],database/056_level2_override_validity_binding_fix.sql:L41@teacher_apply_override[qualified/rowtype field reference] | database/056_level2_override_validity_binding_fix.sql:L50@teacher_apply_override[qualified/rowtype field reference],NO_CURRENT_EXECUTION_VALIDATION,docs/plans/ROUND1_FIELD_READ_WRITE_OVERVIEW_V1.0_part1.csv
F0137,runtime_player_decisions#03,15,5,6,0,NONE,0,database/002_runtime_runs_discussion.sql:L1024@s2_get_teacher_state[qualified/rowtype field reference] | database/002_runtime_runs_discussion.sql:L862@s2_get_player_state[qualified/rowtype field reference],database/056_level2_override_validity_binding_fix.sql:L41@teacher_apply_override[qualified/rowtype field reference] | database/056_level2_override_validity_binding_fix.sql:L50@teacher_apply_override[qualified/rowtype field reference],NO_CURRENT_EXECUTION_VALIDATION,docs/plans/ROUND1_FIELD_READ_WRITE_OVERVIEW_V1.0_part1.csv
F0138,runtime_player_decisions#04,4,3,4,0,NONE,0,database/002_runtime_runs_discussion.sql:L894@s2_get_player_state[qualified/rowtype field reference] | database/003_sprint2_discussionroom_audit_fix.sql:L441@s2_get_player_state[qualified/rowtype field reference],database/013_sprint3b_discussion_authority_and_request_identity.sql:L314@s2_submit_vote[SELECT * INTO row] | database/056_level2_override_validity_binding_fix.sql:L32@teacher_apply_override[qualified/rowtype field reference],NO_CURRENT_EXECUTION_VALIDATION,docs/plans/ROUND1_FIELD_READ_WRITE_OVERVIEW_V1.0_part1.csv
F0139,runtime_player_decisions#05,2,2,2,0,NONE,0,database/013_sprint3b_discussion_authority_and_request_identity.sql:L314@s2_submit_vote[SELECT * INTO row] | database/056_level2_override_validity_binding_fix.sql:L32@teacher_apply_override[qualified/rowtype field reference],database/013_sprint3b_discussion_authority_and_request_identity.sql:L314@s2_submit_vote[SELECT * INTO row] | database/056_level2_override_validity_binding_fix.sql:L32@teacher_apply_override[qualified/rowtype field reference],NO_CURRENT_EXECUTION_VALIDATION,docs/plans/ROUND1_FIELD_READ_WRITE_OVERVIEW_V1.0_part1.csv
F0140,runtime_player_decisions#06,1,1,1,0,NONE,0,database/013_sprint3b_discussion_authority_and_request_identity.sql:L314@s2_submit_vote[SELECT * INTO row],database/013_sprint3b_discussion_authority_and_request_identity.sql:L314@s2_submit_vote[SELECT * INTO row],NO_CURRENT_EXECUTION_VALIDATION,docs/plans/ROUND1_FIELD_READ_WRITE_OVERVIEW_V1.0_part1.csv
F0141,runtime_player_decisions#07,2,2,2,0,NONE,0,database/013_sprint3b_discussion_authority_and_request_identity.sql:L314@s2_submit_vote[SELECT * INTO row] | database/050_sprint8_act2_verifier_projection_fix.sql:L23@s8_verify_integrity[qualified/rowtype field reference],database/013_sprint3b_discussion_authority_and_request_identity.sql:L314@s2_submit_vote[SELECT * INTO row] | database/050_sprint8_act2_verifier_projection_fix.sql:L23@s8_verify_integrity[qualified/rowtype field reference],NO_CURRENT_EXECUTION_VALIDATION,docs/plans/ROUND1_FIELD_READ_WRITE_OVERVIEW_V1.0_part1.csv
F0142,runtime_player_decisions#08,16,5,6,0,NONE,0,database/002_runtime_runs_discussion.sql:L1023@s2_get_teacher_state[qualified/rowtype field reference] | database/002_runtime_runs_discussion.sql:L863@s2_get_player_state[qualified/rowtype field reference],database/056_level2_override_validity_binding_fix.sql:L41@teacher_apply_override[qualified/rowtype field reference] | database/056_level2_override_validity_binding_fix.sql:L50@teacher_apply_override[qualified/rowtype field reference],NO_CURRENT_EXECUTION_VALIDATION,docs/plans/ROUND1_FIELD_READ_WRITE_OVERVIEW_V1.0_part1.csv
F0143,runtime_player_decisions#09,11,3,3,0,NONE,0,database/002_runtime_runs_discussion.sql:L1025@s2_get_teacher_state[qualified/rowtype field reference] | database/002_runtime_runs_discussion.sql:L864@s2_get_player_state[qualified/rowtype field reference],database/003_sprint2_discussionroom_audit_fix.sql:L574@s2_get_teacher_state[qualified/rowtype field reference] | database/013_sprint3b_discussion_authority_and_request_identity.sql:L314@s2_submit_vote[SELECT * INTO row],NO_CURRENT_EXECUTION_VALIDATION,docs/plans/ROUND1_FIELD_READ_WRITE_OVERVIEW_V1.0_part1.csv
F0144,runtime_player_decisions#10,13,3,3,0,NONE,0,database/002_runtime_runs_discussion.sql:L1009@s2_get_teacher_state[qualified/rowtype field reference] | database/002_runtime_runs_discussion.sql:L857@s2_get_player_state[qualified/rowtype field reference],database/013_sprint3b_discussion_authority_and_request_identity.sql:L318@s2_submit_vote[qualified/rowtype field reference] | database/013_sprint3b_discussion_authority_and_request_identity.sql:L322@s2_submit_vote[qualified/rowtype field reference],NO_CURRENT_EXECUTION_VALIDATION,docs/plans/ROUND1_FIELD_READ_WRITE_OVERVIEW_V1.0_part1.csv
F0145,runtime_player_decisions#11,11,3,3,0,NONE,0,database/002_runtime_runs_discussion.sql:L1009@s2_get_teacher_state[qualified/rowtype field reference] | database/002_runtime_runs_discussion.sql:L858@s2_get_player_state[qualified/rowtype field reference],database/003_sprint2_discussionroom_audit_fix.sql:L558@s2_get_teacher_state[qualified/rowtype field reference] | database/013_sprint3b_discussion_authority_and_request_identity.sql:L314@s2_submit_vote[SELECT * INTO row],NO_CURRENT_EXECUTION_VALIDATION,docs/plans/ROUND1_FIELD_READ_WRITE_OVERVIEW_V1.0_part1.csv
F0146,runtime_player_decisions#12,11,3,3,0,NONE,0,database/002_runtime_runs_discussion.sql:L1010@s2_get_teacher_state[qualified/rowtype field reference] | database/002_runtime_runs_discussion.sql:L1016@s2_get_teacher_state[qualified/rowtype field reference],database/003_sprint2_discussionroom_audit_fix.sql:L565@s2_get_teacher_state[qualified/rowtype field reference] | database/013_sprint3b_discussion_authority_and_request_identity.sql:L314@s2_submit_vote[SELECT * INTO row],NO_CURRENT_EXECUTION_VALIDATION,docs/plans/ROUND1_FIELD_READ_WRITE_OVERVIEW_V1.0_part1.csv
F0147,runtime_player_decisions#13,1,1,1,0,NONE,0,database/013_sprint3b_discussion_authority_and_request_identity.sql:L314@s2_submit_vote[SELECT * INTO row],database/013_sprint3b_discussion_authority_and_request_identity.sql:L314@s2_submit_vote[SELECT * INTO row],NO_CURRENT_EXECUTION_VALIDATION,docs/plans/ROUND1_FIELD_READ_WRITE_OVERVIEW_V1.0_part1.csv
F0148,runtime_player_decisions#14,1,1,1,2,TEST,0,database/013_sprint3b_discussion_authority_and_request_identity.sql:L314@s2_submit_vote[SELECT * INTO row],database/013_sprint3b_discussion_authority_and_request_identity.sql:L314@s2_submit_vote[SELECT * INTO row],NO_CURRENT_EXECUTION_VALIDATION,docs/plans/ROUND1_FIELD_READ_WRITE_OVERVIEW_V1.0_part1.csv
F0149,s1_game_events#01,0,0,0,0,NONE,0,,,NO_CURRENT_EXECUTION_VALIDATION,docs/plans/ROUND1_FIELD_READ_WRITE_OVERVIEW_V1.0_part1.csv
F0150,s1_game_events#02,0,0,0,0,NONE,0,,,NO_CURRENT_EXECUTION_VALIDATION,docs/plans/ROUND1_FIELD_READ_WRITE_OVERVIEW_V1.0_part1.csv
F0151,s1_game_events#03,0,0,0,0,NONE,0,,,NO_CURRENT_EXECUTION_VALIDATION,docs/plans/ROUND1_FIELD_READ_WRITE_OVERVIEW_V1.0_part1.csv
F0152,s1_game_events#04,0,0,0,0,NONE,0,,,NO_CURRENT_EXECUTION_VALIDATION,docs/plans/ROUND1_FIELD_READ_WRITE_OVERVIEW_V1.0_part1.csv
F0153,s1_game_events#05,0,0,0,0,NONE,0,,,NO_CURRENT_EXECUTION_VALIDATION,docs/plans/ROUND1_FIELD_READ_WRITE_OVERVIEW_V1.0_part1.csv
F0154,s1_game_events#06,0,0,0,0,NONE,0,,,NO_CURRENT_EXECUTION_VALIDATION,docs/plans/ROUND1_FIELD_READ_WRITE_OVERVIEW_V1.0_part1.csv
F0155,s1_player_decisions#01,1,1,1,0,NONE,0,database/001_sprint1_core.sql:L301@s1_get_player_state[to_jsonb(row) exposes field],database/001_sprint1_core.sql:L301@s1_get_player_state[to_jsonb(row) exposes field],NO_CURRENT_EXECUTION_VALIDATION,docs/plans/ROUND1_FIELD_READ_WRITE_OVERVIEW_V1.0_part1.csv
F0156,s1_player_decisions#02,3,1,1,0,NONE,0,database/001_sprint1_core.sql:L301@s1_get_player_state[to_jsonb(row) exposes field] | database/001_sprint1_core.sql:L304@s1_get_player_state[qualified/rowtype field reference],database/001_sprint1_core.sql:L304@s1_get_player_state[qualified/rowtype field reference] | database/001_sprint1_core.sql:L321@s1_get_player_state[qualified/rowtype field reference],NO_CURRENT_EXECUTION_VALIDATION,docs/plans/ROUND1_FIELD_READ_WRITE_OVERVIEW_V1.0_part1.csv
F0157,s1_player_decisions#03,3,1,1,0,NONE,0,database/001_sprint1_core.sql:L301@s1_get_player_state[to_jsonb(row) exposes field] | database/001_sprint1_core.sql:L305@s1_get_player_state[qualified/rowtype field reference],database/001_sprint1_core.sql:L305@s1_get_player_state[qualified/rowtype field reference] | database/001_sprint1_core.sql:L322@s1_get_player_state[qualified/rowtype field reference],NO_CURRENT_EXECUTION_VALIDATION,docs/plans/ROUND1_FIELD_READ_WRITE_OVERVIEW_V1.0_part1.csv
F0158,s1_player_decisions#04,3,1,1,0,NONE,0,database/001_sprint1_core.sql:L301@s1_get_player_state[to_jsonb(row) exposes field] | database/001_sprint1_core.sql:L306@s1_get_player_state[qualified/rowtype field reference],database/001_sprint1_core.sql:L306@s1_get_player_state[qualified/rowtype field reference] | database/001_sprint1_core.sql:L320@s1_get_player_state[qualified/rowtype field reference],NO_CURRENT_EXECUTION_VALIDATION,docs/plans/ROUND1_FIELD_READ_WRITE_OVERVIEW_V1.0_part1.csv
F0159,s1_player_decisions#05,3,1,1,0,NONE,0,database/001_sprint1_core.sql:L301@s1_get_player_state[to_jsonb(row) exposes field] | database/001_sprint1_core.sql:L307@s1_get_player_state[qualified/rowtype field reference],database/001_sprint1_core.sql:L307@s1_get_player_state[qualified/rowtype field reference] | database/001_sprint1_core.sql:L323@s1_get_player_state[qualified/rowtype field reference],NO_CURRENT_EXECUTION_VALIDATION,docs/plans/ROUND1_FIELD_READ_WRITE_OVERVIEW_V1.0_part1.csv
F0160,s1_player_decisions#06,2,1,1,0,NONE,0,database/001_sprint1_core.sql:L301@s1_get_player_state[to_jsonb(row) exposes field] | database/001_sprint1_core.sql:L314@s1_get_player_state[qualified/rowtype field reference],database/001_sprint1_core.sql:L301@s1_get_player_state[to_jsonb(row) exposes field] | database/001_sprint1_core.sql:L314@s1_get_player_state[qualified/rowtype field reference],NO_CURRENT_EXECUTION_VALIDATION,docs/plans/ROUND1_FIELD_READ_WRITE_OVERVIEW_V1.0_part1.csv
F0161,s1_player_decisions#07,2,1,1,0,NONE,0,database/001_sprint1_core.sql:L301@s1_get_player_state[to_jsonb(row) exposes field] | database/001_sprint1_core.sql:L315@s1_get_player_state[qualified/rowtype field reference],database/001_sprint1_core.sql:L301@s1_get_player_state[to_jsonb(row) exposes field] | database/001_sprint1_core.sql:L315@s1_get_player_state[qualified/rowtype field reference],NO_CURRENT_EXECUTION_VALIDATION,docs/plans/ROUND1_FIELD_READ_WRITE_OVERVIEW_V1.0_part1.csv
F0162,s1_player_decisions#08,2,1,1,0,NONE,0,database/001_sprint1_core.sql:L301@s1_get_player_state[to_jsonb(row) exposes field] | database/001_sprint1_core.sql:L316@s1_get_player_state[qualified/rowtype field reference],database/001_sprint1_core.sql:L301@s1_get_player_state[to_jsonb(row) exposes field] | database/001_sprint1_core.sql:L316@s1_get_player_state[qualified/rowtype field reference],NO_CURRENT_EXECUTION_VALIDATION,docs/plans/ROUND1_FIELD_READ_WRITE_OVERVIEW_V1.0_part1.csv
F0163,s1_room_players#01,280,61,41,0,NONE,0,database/001_sprint1_core.sql:L212@s1_join_player[SELECT * INTO row] | database/001_sprint1_core.sql:L231@s1_join_player[qualified/rowtype field reference],database/068_package_c_authoritative_pocket_inspection.sql:L74@s3_get_player_state[qualified/rowtype field reference] | database/068_package_c_authoritative_pocket_inspection.sql:L76@s3_get_player_state[qualified/rowtype field reference],NO_CURRENT_EXECUTION_VALIDATION,docs/plans/ROUND1_FIELD_READ_WRITE_OVERVIEW_V1.0_part1.csv
F0164,s1_room_players#02,14,6,9,0,NONE,0,database/001_sprint1_core.sql:L212@s1_join_player[SELECT * INTO row] | database/001_sprint1_core.sql:L255@s1_get_player_by_session[SELECT * INTO row],database/056_level2_override_validity_binding_fix.sql:L38@teacher_apply_override[qualified/rowtype field reference] | database/056_level2_override_validity_binding_fix.sql:L47@teacher_apply_override[qualified/rowtype field reference],NO_CURRENT_EXECUTION_VALIDATION,docs/plans/ROUND1_FIELD_READ_WRITE_OVERVIEW_V1.0_part1.csv
F0165,s1_room_players#03,69,19,20,21,NONSQL_OTHER|TEST,0,database/001_sprint1_core.sql:L212@s1_join_player[SELECT * INTO row] | database/001_sprint1_core.sql:L234@s1_join_player[qualified/rowtype field reference],database/055_level2_override_export_residual_closure.sql:L35@teacher_apply_override[qualified/rowtype field reference] | database/056_level2_override_validity_binding_fix.sql:L35@teacher_apply_override[qualified/rowtype field reference],NO_CURRENT_EXECUTION_VALIDATION,docs/plans/ROUND1_FIELD_READ_WRITE_OVERVIEW_V1.0_part1.csv
F0166,s1_room_players#04,35,10,11,0,NONE,0,database/001_sprint1_core.sql:L212@s1_join_player[SELECT * INTO row] | database/001_sprint1_core.sql:L240@s1_join_player[qualified/rowtype field reference],database/044_sprint7_focused_level1_corrections.sql:L57@s7_get_teacher_console[qualified/rowtype field reference] | database/044_sprint7_focused_level1_corrections.sql:L58@s7_get_teacher_console[qualified/rowtype field reference],NO_CURRENT_EXECUTION_VALIDATION,docs/plans/ROUND1_FIELD_READ_WRITE_OVERVIEW_V1.0_part1.csv
F0167,s1_room_players#05,2,2,1,0,NONE,0,database/001_sprint1_core.sql:L212@s1_join_player[SELECT * INTO row] | database/001_sprint1_core.sql:L255@s1_get_player_by_session[SELECT * INTO row],database/001_sprint1_core.sql:L212@s1_join_player[SELECT * INTO row] | database/001_sprint1_core.sql:L255@s1_get_player_by_session[SELECT * INTO row],NO_CURRENT_EXECUTION_VALIDATION,docs/plans/ROUND1_FIELD_READ_WRITE_OVERVIEW_V1.0_part1.csv
F0168,s1_room_players#06,3,2,1,0,NONE,0,database/001_sprint1_core.sql:L212@s1_join_player[SELECT * INTO row] | database/001_sprint1_core.sql:L223@s1_join_player[qualified/rowtype field reference],database/001_sprint1_core.sql:L223@s1_join_player[qualified/rowtype field reference] | database/001_sprint1_core.sql:L255@s1_get_player_by_session[SELECT * INTO row],NO_CURRENT_EXECUTION_VALIDATION,docs/plans/ROUND1_FIELD_READ_WRITE_OVERVIEW_V1.0_part1.csv
F0169,s1_room_players#07,2,2,1,0,NONE,0,database/001_sprint1_core.sql:L212@s1_join_player[SELECT * INTO row] | database/001_sprint1_core.sql:L255@s1_get_player_by_session[SELECT * INTO row],database/001_sprint1_core.sql:L212@s1_join_player[SELECT * INTO row] | database/001_sprint1_core.sql:L255@s1_get_player_by_session[SELECT * INTO row],NO_CURRENT_EXECUTION_VALIDATION,docs/plans/ROUND1_FIELD_READ_WRITE_OVERVIEW_V1.0_part1.csv
F0170,s1_room_players#08,4,3,3,0,NONE,0,database/001_sprint1_core.sql:L212@s1_join_player[SELECT * INTO row] | database/001_sprint1_core.sql:L255@s1_get_player_by_session[SELECT * INTO row],database/043_sprint7_teacher_console.sql:L44@s7_get_teacher_console[qualified/rowtype field reference] | database/044_sprint7_focused_level1_corrections.sql:L34@s7_get_teacher_console[qualified/rowtype field reference],NO_CURRENT_EXECUTION_VALIDATION,docs/plans/ROUND1_FIELD_READ_WRITE_OVERVIEW_V1.0_part1.csv
F0171,s1_room_state#01,6,5,3,0,NONE,0,database/001_sprint1_core.sql:L289@s1_get_player_state[SELECT * INTO row] | database/001_sprint1_core.sql:L360@s1_submit_private_choice[SELECT * INTO row],database/002_runtime_runs_discussion.sql:L892@s2_get_player_state[qualified/rowtype field reference] | database/003_sprint2_discussionroom_audit_fix.sql:L439@s2_get_player_state[qualified/rowtype field reference],NO_CURRENT_EXECUTION_VALIDATION,docs/plans/ROUND1_FIELD_READ_WRITE_OVERVIEW_V1.0_part1.csv
F0172,s1_room_state#02,20,5,3,7,NONSQL_OTHER|TEST,0,database/001_sprint1_core.sql:L289@s1_get_player_state[SELECT * INTO row] | database/001_sprint1_core.sql:L298@s1_get_player_state[qualified/rowtype field reference],database/002_runtime_runs_discussion.sql:L894@s2_get_player_state[qualified/rowtype field reference] | database/003_sprint2_discussionroom_audit_fix.sql:L441@s2_get_player_state[qualified/rowtype field reference],NO_CURRENT_EXECUTION_VALIDATION,docs/plans/ROUND1_FIELD_READ_WRITE_OVERVIEW_V1.0_part1.csv
F0173,s1_room_state#03,12,5,3,11,NONSQL_OTHER|TEST,0,database/001_sprint1_core.sql:L289@s1_get_player_state[SELECT * INTO row] | database/001_sprint1_core.sql:L309@s1_get_player_state[qualified/rowtype field reference],database/002_runtime_runs_discussion.sql:L896@s2_get_player_state[qualified/rowtype field reference] | database/003_sprint2_discussionroom_audit_fix.sql:L443@s2_get_player_state[qualified/rowtype field reference],NO_CURRENT_EXECUTION_VALIDATION,docs/plans/ROUND1_FIELD_READ_WRITE_OVERVIEW_V1.0_part1.csv
F0174,s1_room_state#04,4,4,1,0,NONE,0,database/001_sprint1_core.sql:L289@s1_get_player_state[SELECT * INTO row] | database/001_sprint1_core.sql:L360@s1_submit_private_choice[SELECT * INTO row],database/001_sprint1_core.sql:L427@s1_get_teacher_state[SELECT * INTO row] | database/001_sprint1_core.sql:L489@s1_advance_scene[SELECT * INTO row],NO_CURRENT_EXECUTION_VALIDATION,docs/plans/ROUND1_FIELD_READ_WRITE_OVERVIEW_V1.0_part1.csv
F0175,s1_rooms#01,0,0,0,0,NONE,0,,,NO_CURRENT_EXECUTION_VALIDATION,docs/plans/ROUND1_FIELD_READ_WRITE_OVERVIEW_V1.0_part1.csv
F0176,s1_rooms#02,0,0,0,1,TEST,0,,,NO_CURRENT_EXECUTION_VALIDATION,docs/plans/ROUND1_FIELD_READ_WRITE_OVERVIEW_V1.0_part1.csv
F0177,s1_rooms#03,0,0,0,0,NONE,0,,,NO_CURRENT_EXECUTION_VALIDATION,docs/plans/ROUND1_FIELD_READ_WRITE_OVERVIEW_V1.0_part1.csv
F0178,s1_rooms#04,0,0,0,0,NONE,0,,,NO_CURRENT_EXECUTION_VALIDATION,docs/plans/ROUND1_FIELD_READ_WRITE_OVERVIEW_V1.0_part1.csv
F0179,s1_scene_choices#01,0,0,0,0,NONE,0,,,NO_CURRENT_EXECUTION_VALIDATION,docs/plans/ROUND1_FIELD_READ_WRITE_OVERVIEW_V1.0_part1.csv
F0180,s1_scene_choices#02,0,0,0,0,NONE,0,,,NO_CURRENT_EXECUTION_VALIDATION,docs/plans/ROUND1_FIELD_READ_WRITE_OVERVIEW_V1.0_part1.csv
F0181,s1_scene_choices#03,0,0,0,0,NONE,0,,,NO_CURRENT_EXECUTION_VALIDATION,docs/plans/ROUND1_FIELD_READ_WRITE_OVERVIEW_V1.0_part1.csv
F0182,s1_scene_choices#04,0,0,0,28,NONSQL_OTHER|TEST,0,,,NO_CURRENT_EXECUTION_VALIDATION,docs/plans/ROUND1_FIELD_READ_WRITE_OVERVIEW_V1.0_part1.csv
F0183,s3_group_items#01,6,1,3,0,NONE,0,database/005_sprint3a_scene_pocket_knowledge_foundation.sql:L238@s3_get_player_state[qualified/rowtype field reference] | database/005_sprint3a_scene_pocket_knowledge_foundation.sql:L238@s3_get_player_state[to_jsonb(row) exposes field],database/068_package_c_authoritative_pocket_inspection.sql:L75@s3_get_player_state[qualified/rowtype field reference] | database/068_package_c_authoritative_pocket_inspection.sql:L75@s3_get_player_state[to_jsonb(row) exposes field],NO_CURRENT_EXECUTION_VALIDATION,docs/plans/ROUND1_FIELD_READ_WRITE_OVERVIEW_V1.0_part1.csv
F0184,s3_group_items#02,3,1,3,0,NONE,2,database/005_sprint3a_scene_pocket_knowledge_foundation.sql:L238@s3_get_player_state[to_jsonb(row) exposes field] | database/006_sprint3a_provenance_view_integrity_fix.sql:L147@s3_get_player_state[to_jsonb(row) exposes field],database/006_sprint3a_provenance_view_integrity_fix.sql:L147@s3_get_player_state[to_jsonb(row) exposes field] | database/068_package_c_authoritative_pocket_inspection.sql:L75@s3_get_player_state[to_jsonb(row) exposes field],NO_CURRENT_EXECUTION_VALIDATION,docs/plans/ROUND1_FIELD_READ_WRITE_OVERVIEW_V1.0_part1.csv
F0185,s3_group_items#03,3,1,3,0,NONE,2,database/005_sprint3a_scene_pocket_knowledge_foundation.sql:L238@s3_get_player_state[to_jsonb(row) exposes field] | database/006_sprint3a_provenance_view_integrity_fix.sql:L147@s3_get_player_state[to_jsonb(row) exposes field],database/006_sprint3a_provenance_view_integrity_fix.sql:L147@s3_get_player_state[to_jsonb(row) exposes field] | database/068_package_c_authoritative_pocket_inspection.sql:L75@s3_get_player_state[to_jsonb(row) exposes field],NO_CURRENT_EXECUTION_VALIDATION,docs/plans/ROUND1_FIELD_READ_WRITE_OVERVIEW_V1.0_part1.csv
F0186,s3_group_items#04,3,1,3,0,NONE,0,database/005_sprint3a_scene_pocket_knowledge_foundation.sql:L238@s3_get_player_state[to_jsonb(row) exposes field] | database/006_sprint3a_provenance_view_integrity_fix.sql:L147@s3_get_player_state[to_jsonb(row) exposes field],database/006_sprint3a_provenance_view_integrity_fix.sql:L147@s3_get_player_state[to_jsonb(row) exposes field] | database/068_package_c_authoritative_pocket_inspection.sql:L75@s3_get_player_state[to_jsonb(row) exposes field],NO_CURRENT_EXECUTION_VALIDATION,docs/plans/ROUND1_FIELD_READ_WRITE_OVERVIEW_V1.0_part1.csv
F0187,s3_item_catalog#01,0,0,0,0,NONE,0,,,NO_CURRENT_EXECUTION_VALIDATION,docs/plans/ROUND1_FIELD_READ_WRITE_OVERVIEW_V1.0_part1.csv
F0188,s3_item_catalog#02,3,1,3,4,NONSQL_OTHER|TEST,0,database/005_sprint3a_scene_pocket_knowledge_foundation.sql:L235@s3_get_player_state[qualified/rowtype field reference] | database/006_sprint3a_provenance_view_integrity_fix.sql:L144@s3_get_player_state[qualified/rowtype field reference],database/006_sprint3a_provenance_view_integrity_fix.sql:L144@s3_get_player_state[qualified/rowtype field reference] | database/068_package_c_authoritative_pocket_inspection.sql:L71@s3_get_player_state[qualified/rowtype field reference],NO_CURRENT_EXECUTION_VALIDATION,docs/plans/ROUND1_FIELD_READ_WRITE_OVERVIEW_V1.0_part1.csv
F0189,s3_item_catalog#03,0,0,0,0,NONE,0,,,NO_CURRENT_EXECUTION_VALIDATION,docs/plans/ROUND1_FIELD_READ_WRITE_OVERVIEW_V1.0_part1.csv
F0190,s3_knowledge_catalog#01,0,0,0,0,NONE,0,,,NO_CURRENT_EXECUTION_VALIDATION,docs/plans/ROUND1_FIELD_READ_WRITE_OVERVIEW_V1.0_part1.csv
F0191,s3_observation_catalog#01,0,0,0,0,NONE,0,,,NO_CURRENT_EXECUTION_VALIDATION,docs/plans/ROUND1_FIELD_READ_WRITE_OVERVIEW_V1.0_part1.csv
F0192,s3_observation_catalog#02,0,0,0,0,NONE,0,,,NO_CURRENT_EXECUTION_VALIDATION,docs/plans/ROUND1_FIELD_READ_WRITE_OVERVIEW_V1.0_part1.csv
F0193,s3_player_item_view_state#01,2,1,2,0,NONE,0,database/006_sprint3a_provenance_view_integrity_fix.sql:L144@s3_get_player_state[qualified/rowtype field reference] | database/068_package_c_authoritative_pocket_inspection.sql:L71@s3_get_player_state[qualified/rowtype field reference],database/006_sprint3a_provenance_view_integrity_fix.sql:L144@s3_get_player_state[qualified/rowtype field reference] | database/068_package_c_authoritative_pocket_inspection.sql:L71@s3_get_player_state[qualified/rowtype field reference],NO_CURRENT_EXECUTION_VALIDATION,docs/plans/ROUND1_FIELD_READ_WRITE_OVERVIEW_V1.0_part1.csv
F0194,s3_player_item_view_state#02,2,1,2,0,NONE,0,database/006_sprint3a_provenance_view_integrity_fix.sql:L144@s3_get_player_state[qualified/rowtype field reference] | database/068_package_c_authoritative_pocket_inspection.sql:L71@s3_get_player_state[qualified/rowtype field reference],database/006_sprint3a_provenance_view_integrity_fix.sql:L144@s3_get_player_state[qualified/rowtype field reference] | database/068_package_c_authoritative_pocket_inspection.sql:L71@s3_get_player_state[qualified/rowtype field reference],NO_CURRENT_EXECUTION_VALIDATION,docs/plans/ROUND1_FIELD_READ_WRITE_OVERVIEW_V1.0_part1.csv
F0195,s3_player_item_view_state#03,2,1,2,0,NONE,0,database/006_sprint3a_provenance_view_integrity_fix.sql:L144@s3_get_player_state[qualified/rowtype field reference] | database/068_package_c_authoritative_pocket_inspection.sql:L71@s3_get_player_state[qualified/rowtype field reference],database/006_sprint3a_provenance_view_integrity_fix.sql:L144@s3_get_player_state[qualified/rowtype field reference] | database/068_package_c_authoritative_pocket_inspection.sql:L71@s3_get_player_state[qualified/rowtype field reference],NO_CURRENT_EXECUTION_VALIDATION,docs/plans/ROUND1_FIELD_READ_WRITE_OVERVIEW_V1.0_part1.csv
F0196,s3_player_item_view_state#04,2,1,2,13,NONSQL_OTHER|TEST,0,database/006_sprint3a_provenance_view_integrity_fix.sql:L144@s3_get_player_state[qualified/rowtype field reference] | database/068_package_c_authoritative_pocket_inspection.sql:L71@s3_get_player_state[qualified/rowtype field reference],database/006_sprint3a_provenance_view_integrity_fix.sql:L144@s3_get_player_state[qualified/rowtype field reference] | database/068_package_c_authoritative_pocket_inspection.sql:L71@s3_get_player_state[qualified/rowtype field reference],NO_CURRENT_EXECUTION_VALIDATION,docs/plans/ROUND1_FIELD_READ_WRITE_OVERVIEW_V1.0_part1.csv
F0197,s3_player_item_view_state#05,0,0,0,0,NONE,0,,,NO_CURRENT_EXECUTION_VALIDATION,docs/plans/ROUND1_FIELD_READ_WRITE_OVERVIEW_V1.0_part1.csv
F0198,s3_player_items#01,6,3,6,0,NONE,0,database/005_sprint3a_scene_pocket_knowledge_foundation.sql:L235@s3_get_player_state[qualified/rowtype field reference] | database/006_sprint3a_provenance_view_integrity_fix.sql:L144@s3_get_player_state[qualified/rowtype field reference],database/054_level3_integrated_closure.sql:L54@teacher_apply_override[qualified/rowtype field reference] | database/068_package_c_authoritative_pocket_inspection.sql:L71@s3_get_player_state[qualified/rowtype field reference],NO_CURRENT_EXECUTION_VALIDATION,docs/plans/ROUND1_FIELD_READ_WRITE_OVERVIEW_V1.0_part1.csv
F0199,s3_player_items#02,6,3,6,0,NONE,0,database/005_sprint3a_scene_pocket_knowledge_foundation.sql:L235@s3_get_player_state[qualified/rowtype field reference] | database/006_sprint3a_provenance_view_integrity_fix.sql:L144@s3_get_player_state[qualified/rowtype field reference],database/054_level3_integrated_closure.sql:L53@teacher_apply_override[qualified/rowtype field reference] | database/068_package_c_authoritative_pocket_inspection.sql:L71@s3_get_player_state[qualified/rowtype field reference],NO_CURRENT_EXECUTION_VALIDATION,docs/plans/ROUND1_FIELD_READ_WRITE_OVERVIEW_V1.0_part1.csv
F0200,s3_player_items#03,6,3,6,0,NONE,0,database/005_sprint3a_scene_pocket_knowledge_foundation.sql:L235@s3_get_player_state[qualified/rowtype field reference] | database/006_sprint3a_provenance_view_integrity_fix.sql:L144@s3_get_player_state[qualified/rowtype field reference],database/054_level3_integrated_closure.sql:L53@teacher_apply_override[qualified/rowtype field reference] | database/068_package_c_authoritative_pocket_inspection.sql:L71@s3_get_player_state[qualified/rowtype field reference],NO_CURRENT_EXECUTION_VALIDATION,docs/plans/ROUND1_FIELD_READ_WRITE_OVERVIEW_V1.0_part1.csv
F0201,s3_player_items#04,3,2,3,0,NONE,0,database/043_sprint7_teacher_console.sql:L65@s7_get_teacher_console[qualified/rowtype field reference] | database/044_sprint7_focused_level1_corrections.sql:L58@s7_get_teacher_console[qualified/rowtype field reference],database/044_sprint7_focused_level1_corrections.sql:L58@s7_get_teacher_console[qualified/rowtype field reference] | database/068_package_c_authoritative_pocket_inspection.sql:L71@s3_get_player_state[qualified/rowtype field reference],NO_CURRENT_EXECUTION_VALIDATION,docs/plans/ROUND1_FIELD_READ_WRITE_OVERVIEW_V1.0_part1.csv
F0202,s3_player_knowledge#01,3,1,3,0,NONE,0,database/005_sprint3a_scene_pocket_knowledge_foundation.sql:L239@s3_get_player_state[to_jsonb(row) exposes field] | database/006_sprint3a_provenance_view_integrity_fix.sql:L148@s3_get_player_state[to_jsonb(row) exposes field],database/006_sprint3a_provenance_view_integrity_fix.sql:L148@s3_get_player_state[to_jsonb(row) exposes field] | database/068_package_c_authoritative_pocket_inspection.sql:L76@s3_get_player_state[to_jsonb(row) exposes field],NO_CURRENT_EXECUTION_VALIDATION,docs/plans/ROUND1_FIELD_READ_WRITE_OVERVIEW_V1.0_part1.csv
F0203,s3_player_knowledge#02,6,1,3,0,NONE,0,database/005_sprint3a_scene_pocket_knowledge_foundation.sql:L239@s3_get_player_state[qualified/rowtype field reference] | database/005_sprint3a_scene_pocket_knowledge_foundation.sql:L239@s3_get_player_state[to_jsonb(row) exposes field],database/068_package_c_authoritative_pocket_inspection.sql:L76@s3_get_player_state[qualified/rowtype field reference] | database/068_package_c_authoritative_pocket_inspection.sql:L76@s3_get_player_state[to_jsonb(row) exposes field],NO_CURRENT_EXECUTION_VALIDATION,docs/plans/ROUND1_FIELD_READ_WRITE_OVERVIEW_V1.0_part1.csv
F0204,s3_player_knowledge#03,6,1,3,0,NONE,0,database/005_sprint3a_scene_pocket_knowledge_foundation.sql:L239@s3_get_player_state[qualified/rowtype field reference] | database/005_sprint3a_scene_pocket_knowledge_foundation.sql:L239@s3_get_player_state[to_jsonb(row) exposes field],database/068_package_c_authoritative_pocket_inspection.sql:L76@s3_get_player_state[qualified/rowtype field reference] | database/068_package_c_authoritative_pocket_inspection.sql:L76@s3_get_player_state[to_jsonb(row) exposes field],NO_CURRENT_EXECUTION_VALIDATION,docs/plans/ROUND1_FIELD_READ_WRITE_OVERVIEW_V1.0_part1.csv
F0205,s3_player_knowledge#04,3,1,3,0,NONE,0,database/005_sprint3a_scene_pocket_knowledge_foundation.sql:L239@s3_get_player_state[to_jsonb(row) exposes field] | database/006_sprint3a_provenance_view_integrity_fix.sql:L148@s3_get_player_state[to_jsonb(row) exposes field],database/006_sprint3a_provenance_view_integrity_fix.sql:L148@s3_get_player_state[to_jsonb(row) exposes field] | database/068_package_c_authoritative_pocket_inspection.sql:L76@s3_get_player_state[to_jsonb(row) exposes field],NO_CURRENT_EXECUTION_VALIDATION,docs/plans/ROUND1_FIELD_READ_WRITE_OVERVIEW_V1.0_part1.csv
F0206,s3_player_knowledge#05,3,1,3,1,TEST,0,database/005_sprint3a_scene_pocket_knowledge_foundation.sql:L239@s3_get_player_state[to_jsonb(row) exposes field] | database/006_sprint3a_provenance_view_integrity_fix.sql:L148@s3_get_player_state[to_jsonb(row) exposes field],database/006_sprint3a_provenance_view_integrity_fix.sql:L148@s3_get_player_state[to_jsonb(row) exposes field] | database/068_package_c_authoritative_pocket_inspection.sql:L76@s3_get_player_state[to_jsonb(row) exposes field],NO_CURRENT_EXECUTION_VALIDATION,docs/plans/ROUND1_FIELD_READ_WRITE_OVERVIEW_V1.0_part1.csv
F0207,s3_player_knowledge#06,3,1,3,0,NONE,0,database/005_sprint3a_scene_pocket_knowledge_foundation.sql:L239@s3_get_player_state[to_jsonb(row) exposes field] | database/006_sprint3a_provenance_view_integrity_fix.sql:L148@s3_get_player_state[to_jsonb(row) exposes field],database/006_sprint3a_provenance_view_integrity_fix.sql:L148@s3_get_player_state[to_jsonb(row) exposes field] | database/068_package_c_authoritative_pocket_inspection.sql:L76@s3_get_player_state[to_jsonb(row) exposes field],NO_CURRENT_EXECUTION_VALIDATION,docs/plans/ROUND1_FIELD_READ_WRITE_OVERVIEW_V1.0_part1.csv
F0208,s3_player_knowledge#07,3,1,3,0,NONE,0,database/005_sprint3a_scene_pocket_knowledge_foundation.sql:L239@s3_get_player_state[to_jsonb(row) exposes field] | database/006_sprint3a_provenance_view_integrity_fix.sql:L148@s3_get_player_state[to_jsonb(row) exposes field],database/006_sprint3a_provenance_view_integrity_fix.sql:L148@s3_get_player_state[to_jsonb(row) exposes field] | database/068_package_c_authoritative_pocket_inspection.sql:L76@s3_get_player_state[to_jsonb(row) exposes field],NO_CURRENT_EXECUTION_VALIDATION,docs/plans/ROUND1_FIELD_READ_WRITE_OVERVIEW_V1.0_part1.csv
F0209,s3_player_knowledge#08,3,1,3,0,NONE,0,database/005_sprint3a_scene_pocket_knowledge_foundation.sql:L239@s3_get_player_state[to_jsonb(row) exposes field] | database/006_sprint3a_provenance_view_integrity_fix.sql:L148@s3_get_player_state[to_jsonb(row) exposes field],database/006_sprint3a_provenance_view_integrity_fix.sql:L148@s3_get_player_state[to_jsonb(row) exposes field] | database/068_package_c_authoritative_pocket_inspection.sql:L76@s3_get_player_state[to_jsonb(row) exposes field],NO_CURRENT_EXECUTION_VALIDATION,docs/plans/ROUND1_FIELD_READ_WRITE_OVERVIEW_V1.0_part1.csv
F0210,s3_player_knowledge#09,3,1,3,0,NONE,0,database/005_sprint3a_scene_pocket_knowledge_foundation.sql:L239@s3_get_player_state[to_jsonb(row) exposes field] | database/006_sprint3a_provenance_view_integrity_fix.sql:L148@s3_get_player_state[to_jsonb(row) exposes field],database/006_sprint3a_provenance_view_integrity_fix.sql:L148@s3_get_player_state[to_jsonb(row) exposes field] | database/068_package_c_authoritative_pocket_inspection.sql:L76@s3_get_player_state[to_jsonb(row) exposes field],NO_CURRENT_EXECUTION_VALIDATION,docs/plans/ROUND1_FIELD_READ_WRITE_OVERVIEW_V1.0_part1.csv
F0211,s3_player_observations#01,6,1,3,0,NONE,0,database/005_sprint3a_scene_pocket_knowledge_foundation.sql:L236@s3_get_player_state[qualified/rowtype field reference] | database/005_sprint3a_scene_pocket_knowledge_foundation.sql:L236@s3_get_player_state[to_jsonb(row) exposes field],database/068_package_c_authoritative_pocket_inspection.sql:L73@s3_get_player_state[qualified/rowtype field reference] | database/068_package_c_authoritative_pocket_inspection.sql:L73@s3_get_player_state[to_jsonb(row) exposes field],NO_CURRENT_EXECUTION_VALIDATION,docs/plans/ROUND1_FIELD_READ_WRITE_OVERVIEW_V1.0_part1.csv
F0212,s3_player_observations#02,6,1,3,0,NONE,0,database/005_sprint3a_scene_pocket_knowledge_foundation.sql:L236@s3_get_player_state[qualified/rowtype field reference] | database/005_sprint3a_scene_pocket_knowledge_foundation.sql:L236@s3_get_player_state[to_jsonb(row) exposes field],database/068_package_c_authoritative_pocket_inspection.sql:L73@s3_get_player_state[qualified/rowtype field reference] | database/068_package_c_authoritative_pocket_inspection.sql:L73@s3_get_player_state[to_jsonb(row) exposes field],NO_CURRENT_EXECUTION_VALIDATION,docs/plans/ROUND1_FIELD_READ_WRITE_OVERVIEW_V1.0_part1.csv
F0213,s3_player_observations#03,3,1,3,0,NONE,0,database/005_sprint3a_scene_pocket_knowledge_foundation.sql:L236@s3_get_player_state[to_jsonb(row) exposes field] | database/006_sprint3a_provenance_view_integrity_fix.sql:L145@s3_get_player_state[to_jsonb(row) exposes field],database/006_sprint3a_provenance_view_integrity_fix.sql:L145@s3_get_player_state[to_jsonb(row) exposes field] | database/068_package_c_authoritative_pocket_inspection.sql:L73@s3_get_player_state[to_jsonb(row) exposes field],NO_CURRENT_EXECUTION_VALIDATION,docs/plans/ROUND1_FIELD_READ_WRITE_OVERVIEW_V1.0_part1.csv
F0214,s3_player_observations#04,3,1,3,0,NONE,0,database/005_sprint3a_scene_pocket_knowledge_foundation.sql:L236@s3_get_player_state[to_jsonb(row) exposes field] | database/006_sprint3a_provenance_view_integrity_fix.sql:L145@s3_get_player_state[to_jsonb(row) exposes field],database/006_sprint3a_provenance_view_integrity_fix.sql:L145@s3_get_player_state[to_jsonb(row) exposes field] | database/068_package_c_authoritative_pocket_inspection.sql:L73@s3_get_player_state[to_jsonb(row) exposes field],NO_CURRENT_EXECUTION_VALIDATION,docs/plans/ROUND1_FIELD_READ_WRITE_OVERVIEW_V1.0_part1.csv
F0215,s3_player_observations#05,3,1,3,0,NONE,0,database/005_sprint3a_scene_pocket_knowledge_foundation.sql:L236@s3_get_player_state[to_jsonb(row) exposes field] | database/006_sprint3a_provenance_view_integrity_fix.sql:L145@s3_get_player_state[to_jsonb(row) exposes field],database/006_sprint3a_provenance_view_integrity_fix.sql:L145@s3_get_player_state[to_jsonb(row) exposes field] | database/068_package_c_authoritative_pocket_inspection.sql:L73@s3_get_player_state[to_jsonb(row) exposes field],NO_CURRENT_EXECUTION_VALIDATION,docs/plans/ROUND1_FIELD_READ_WRITE_OVERVIEW_V1.0_part1.csv
F0216,s3_player_observations#06,3,1,3,0,NONE,0,database/005_sprint3a_scene_pocket_knowledge_foundation.sql:L236@s3_get_player_state[to_jsonb(row) exposes field] | database/006_sprint3a_provenance_view_integrity_fix.sql:L145@s3_get_player_state[to_jsonb(row) exposes field],database/006_sprint3a_provenance_view_integrity_fix.sql:L145@s3_get_player_state[to_jsonb(row) exposes field] | database/068_package_c_authoritative_pocket_inspection.sql:L73@s3_get_player_state[to_jsonb(row) exposes field],NO_CURRENT_EXECUTION_VALIDATION,docs/plans/ROUND1_FIELD_READ_WRITE_OVERVIEW_V1.0_part1.csv
F0217,s3_runtime_scene_state#01,34,19,14,0,NONE,0,database/005_sprint3a_scene_pocket_knowledge_foundation.sql:L234@s3_get_player_state[qualified/rowtype field reference] | database/005_sprint3a_scene_pocket_knowledge_foundation.sql:L234@s3_get_player_state[to_jsonb(row) exposes field],database/068_package_c_authoritative_pocket_inspection.sql:L70@s3_get_player_state[qualified/rowtype field reference] | database/068_package_c_authoritative_pocket_inspection.sql:L70@s3_get_player_state[to_jsonb(row) exposes field],NO_CURRENT_EXECUTION_VALIDATION,docs/plans/ROUND1_FIELD_READ_WRITE_OVERVIEW_V1.0_part1.csv
F0218,s3_runtime_scene_state#02,97,23,13,0,NONE,0,database/005_sprint3a_scene_pocket_knowledge_foundation.sql:L234@s3_get_player_state[to_jsonb(row) exposes field] | database/006_sprint3a_provenance_view_integrity_fix.sql:L143@s3_get_player_state[to_jsonb(row) exposes field],database/054_level3_integrated_closure.sql:L97@teacher_apply_override[qualified/rowtype field reference] | database/068_package_c_authoritative_pocket_inspection.sql:L70@s3_get_player_state[to_jsonb(row) exposes field],NO_CURRENT_EXECUTION_VALIDATION,docs/plans/ROUND1_FIELD_READ_WRITE_OVERVIEW_V1.0_part1.csv
F0219,s3_runtime_scene_state#03,104,23,13,0,NONE,0,database/005_sprint3a_scene_pocket_knowledge_foundation.sql:L234@s3_get_player_state[to_jsonb(row) exposes field] | database/006_sprint3a_provenance_view_integrity_fix.sql:L143@s3_get_player_state[to_jsonb(row) exposes field],database/054_level3_integrated_closure.sql:L97@teacher_apply_override[qualified/rowtype field reference] | database/068_package_c_authoritative_pocket_inspection.sql:L70@s3_get_player_state[to_jsonb(row) exposes field],NO_CURRENT_EXECUTION_VALIDATION,docs/plans/ROUND1_FIELD_READ_WRITE_OVERVIEW_V1.0_part1.csv
F0220,s3_runtime_scene_state#04,61,19,12,0,NONE,0,database/005_sprint3a_scene_pocket_knowledge_foundation.sql:L234@s3_get_player_state[to_jsonb(row) exposes field] | database/006_sprint3a_provenance_view_integrity_fix.sql:L143@s3_get_player_state[to_jsonb(row) exposes field],database/054_level3_integrated_closure.sql:L97@teacher_apply_override[qualified/rowtype field reference] | database/068_package_c_authoritative_pocket_inspection.sql:L70@s3_get_player_state[to_jsonb(row) exposes field],NO_CURRENT_EXECUTION_VALIDATION,docs/plans/ROUND1_FIELD_READ_WRITE_OVERVIEW_V1.0_part1.csv
F0221,s3_runtime_scene_state#05,28,19,12,2,NONSQL_OTHER|TEST,0,database/005_sprint3a_scene_pocket_knowledge_foundation.sql:L234@s3_get_player_state[to_jsonb(row) exposes field] | database/006_sprint3a_provenance_view_integrity_fix.sql:L143@s3_get_player_state[to_jsonb(row) exposes field],database/054_level3_integrated_closure.sql:L22@teacher_apply_override[SELECT * INTO row] | database/068_package_c_authoritative_pocket_inspection.sql:L70@s3_get_player_state[to_jsonb(row) exposes field],NO_CURRENT_EXECUTION_VALIDATION,docs/plans/ROUND1_FIELD_READ_WRITE_OVERVIEW_V1.0_part1.csv
F0222,s3_runtime_scene_state#06,28,19,12,0,NONE,0,database/005_sprint3a_scene_pocket_knowledge_foundation.sql:L234@s3_get_player_state[to_jsonb(row) exposes field] | database/006_sprint3a_provenance_view_integrity_fix.sql:L143@s3_get_player_state[to_jsonb(row) exposes field],database/054_level3_integrated_closure.sql:L22@teacher_apply_override[SELECT * INTO row] | database/068_package_c_authoritative_pocket_inspection.sql:L70@s3_get_player_state[to_jsonb(row) exposes field],NO_CURRENT_EXECUTION_VALIDATION,docs/plans/ROUND1_FIELD_READ_WRITE_OVERVIEW_V1.0_part1.csv
F0223,s3_runtime_scene_state#07,28,19,12,5,NONSQL_OTHER|TEST,0,database/005_sprint3a_scene_pocket_knowledge_foundation.sql:L234@s3_get_player_state[to_jsonb(row) exposes field] | database/006_sprint3a_provenance_view_integrity_fix.sql:L143@s3_get_player_state[to_jsonb(row) exposes field],database/054_level3_integrated_closure.sql:L22@teacher_apply_override[SELECT * INTO row] | database/068_package_c_authoritative_pocket_inspection.sql:L70@s3_get_player_state[to_jsonb(row) exposes field],NO_CURRENT_EXECUTION_VALIDATION,docs/plans/ROUND1_FIELD_READ_WRITE_OVERVIEW_V1.0_part1.csv
F0224,s3_runtime_scene_state#08,28,19,12,1,TEST,0,database/005_sprint3a_scene_pocket_knowledge_foundation.sql:L234@s3_get_player_state[to_jsonb(row) exposes field] | database/006_sprint3a_provenance_view_integrity_fix.sql:L143@s3_get_player_state[to_jsonb(row) exposes field],database/054_level3_integrated_closure.sql:L22@teacher_apply_override[SELECT * INTO row] | database/068_package_c_authoritative_pocket_inspection.sql:L70@s3_get_player_state[to_jsonb(row) exposes field],NO_CURRENT_EXECUTION_VALIDATION,docs/plans/ROUND1_FIELD_READ_WRITE_OVERVIEW_V1.0_part1.csv
F0225,s3_runtime_scene_state#09,26,19,12,0,NONE,0,database/005_sprint3a_scene_pocket_knowledge_foundation.sql:L234@s3_get_player_state[to_jsonb(row) exposes field] | database/006_sprint3a_provenance_view_integrity_fix.sql:L143@s3_get_player_state[to_jsonb(row) exposes field],database/054_level3_integrated_closure.sql:L22@teacher_apply_override[SELECT * INTO row] | database/068_package_c_authoritative_pocket_inspection.sql:L70@s3_get_player_state[to_jsonb(row) exposes field],NO_CURRENT_EXECUTION_VALIDATION,docs/plans/ROUND1_FIELD_READ_WRITE_OVERVIEW_V1.0_part1.csv
F0226,s3_runtime_scene_state#10,27,19,12,0,NONE,0,database/005_sprint3a_scene_pocket_knowledge_foundation.sql:L234@s3_get_player_state[to_jsonb(row) exposes field] | database/006_sprint3a_provenance_view_integrity_fix.sql:L143@s3_get_player_state[to_jsonb(row) exposes field],database/054_level3_integrated_closure.sql:L22@teacher_apply_override[SELECT * INTO row] | database/068_package_c_authoritative_pocket_inspection.sql:L70@s3_get_player_state[to_jsonb(row) exposes field],NO_CURRENT_EXECUTION_VALIDATION,docs/plans/ROUND1_FIELD_READ_WRITE_OVERVIEW_V1.0_part1.csv
F0227,s3_shared_photos#01,3,1,3,0,NONE,0,database/005_sprint3a_scene_pocket_knowledge_foundation.sql:L237@s3_get_player_state[to_jsonb(row) exposes field] | database/006_sprint3a_provenance_view_integrity_fix.sql:L146@s3_get_player_state[to_jsonb(row) exposes field],database/006_sprint3a_provenance_view_integrity_fix.sql:L146@s3_get_player_state[to_jsonb(row) exposes field] | database/068_package_c_authoritative_pocket_inspection.sql:L74@s3_get_player_state[to_jsonb(row) exposes field],NO_CURRENT_EXECUTION_VALIDATION,docs/plans/ROUND1_FIELD_READ_WRITE_OVERVIEW_V1.0_part1.csv
F0228,s3_shared_photos#02,26,2,5,0,NONE,0,database/005_sprint3a_scene_pocket_knowledge_foundation.sql:L237@s3_get_player_state[qualified/rowtype field reference] | database/005_sprint3a_scene_pocket_knowledge_foundation.sql:L237@s3_get_player_state[to_jsonb(row) exposes field],database/068_package_c_authoritative_pocket_inspection.sql:L74@s3_get_player_state[qualified/rowtype field reference] | database/068_package_c_authoritative_pocket_inspection.sql:L74@s3_get_player_state[to_jsonb(row) exposes field],NO_CURRENT_EXECUTION_VALIDATION,docs/plans/ROUND1_FIELD_READ_WRITE_OVERVIEW_V1.0_part1.csv
F0229,s3_shared_photos#03,8,2,5,0,NONE,0,database/005_sprint3a_scene_pocket_knowledge_foundation.sql:L237@s3_get_player_state[qualified/rowtype field reference] | database/005_sprint3a_scene_pocket_knowledge_foundation.sql:L237@s3_get_player_state[to_jsonb(row) exposes field],database/068_package_c_authoritative_pocket_inspection.sql:L74@s3_get_player_state[qualified/rowtype field reference] | database/068_package_c_authoritative_pocket_inspection.sql:L74@s3_get_player_state[to_jsonb(row) exposes field],NO_CURRENT_EXECUTION_VALIDATION,docs/plans/ROUND1_FIELD_READ_WRITE_OVERVIEW_V1.0_part1.csv
F0230,s3_shared_photos#04,3,1,3,0,NONE,0,database/005_sprint3a_scene_pocket_knowledge_foundation.sql:L237@s3_get_player_state[to_jsonb(row) exposes field] | database/006_sprint3a_provenance_view_integrity_fix.sql:L146@s3_get_player_state[to_jsonb(row) exposes field],database/006_sprint3a_provenance_view_integrity_fix.sql:L146@s3_get_player_state[to_jsonb(row) exposes field] | database/068_package_c_authoritative_pocket_inspection.sql:L74@s3_get_player_state[to_jsonb(row) exposes field],NO_CURRENT_EXECUTION_VALIDATION,docs/plans/ROUND1_FIELD_READ_WRITE_OVERVIEW_V1.0_part1.csv
F0231,s3_shared_photos#05,5,2,5,0,NONE,0,database/005_sprint3a_scene_pocket_knowledge_foundation.sql:L237@s3_get_player_state[to_jsonb(row) exposes field] | database/006_sprint3a_provenance_view_integrity_fix.sql:L146@s3_get_player_state[to_jsonb(row) exposes field],database/044_sprint7_focused_level1_corrections.sql:L58@s7_get_teacher_console[qualified/rowtype field reference] | database/068_package_c_authoritative_pocket_inspection.sql:L74@s3_get_player_state[to_jsonb(row) exposes field],NO_CURRENT_EXECUTION_VALIDATION,docs/plans/ROUND1_FIELD_READ_WRITE_OVERVIEW_V1.0_part1.csv
F0232,s3_shared_photos#06,5,2,5,2,NONSQL_OTHER|TEST,0,database/005_sprint3a_scene_pocket_knowledge_foundation.sql:L237@s3_get_player_state[to_jsonb(row) exposes field] | database/006_sprint3a_provenance_view_integrity_fix.sql:L146@s3_get_player_state[to_jsonb(row) exposes field],database/044_sprint7_focused_level1_corrections.sql:L58@s7_get_teacher_console[qualified/rowtype field reference] | database/068_package_c_authoritative_pocket_inspection.sql:L74@s3_get_player_state[to_jsonb(row) exposes field],NO_CURRENT_EXECUTION_VALIDATION,docs/plans/ROUND1_FIELD_READ_WRITE_OVERVIEW_V1.0_part1.csv
F0233,s3_shared_photos#07,5,2,5,0,NONE,0,database/005_sprint3a_scene_pocket_knowledge_foundation.sql:L237@s3_get_player_state[to_jsonb(row) exposes field] | database/006_sprint3a_provenance_view_integrity_fix.sql:L146@s3_get_player_state[to_jsonb(row) exposes field],database/044_sprint7_focused_level1_corrections.sql:L58@s7_get_teacher_console[qualified/rowtype field reference] | database/068_package_c_authoritative_pocket_inspection.sql:L74@s3_get_player_state[to_jsonb(row) exposes field],NO_CURRENT_EXECUTION_VALIDATION,docs/plans/ROUND1_FIELD_READ_WRITE_OVERVIEW_V1.0_part1.csv
F0234,s3_shared_photos#08,8,3,6,0,NONE,0,database/005_sprint3a_scene_pocket_knowledge_foundation.sql:L219@s3_share_photo[explicit table.column reference] | database/005_sprint3a_scene_pocket_knowledge_foundation.sql:L237@s3_get_player_state[to_jsonb(row) exposes field],database/044_sprint7_focused_level1_corrections.sql:L58@s7_get_teacher_console[qualified/rowtype field reference] | database/068_package_c_authoritative_pocket_inspection.sql:L74@s3_get_player_state[to_jsonb(row) exposes field],NO_CURRENT_EXECUTION_VALIDATION,docs/plans/ROUND1_FIELD_READ_WRITE_OVERVIEW_V1.0_part1.csv
F0235,s3b_library_attempts#01,1,1,1,0,NONE,1,database/014_sprint3b_evidence_and_puzzle_integrity.sql:L389@s3b_submit_library_code[SELECT * INTO row],database/014_sprint3b_evidence_and_puzzle_integrity.sql:L389@s3b_submit_library_code[SELECT * INTO row],NO_CURRENT_EXECUTION_VALIDATION,docs/plans/ROUND1_FIELD_READ_WRITE_OVERVIEW_V1.0_part1.csv
F0236,s3b_library_attempts#02,2,1,1,1,TEST,0,database/014_sprint3b_evidence_and_puzzle_integrity.sql:L389@s3b_submit_library_code[SELECT * INTO row] | database/014_sprint3b_evidence_and_puzzle_integrity.sql:L397@s3b_submit_library_code[qualified/rowtype field reference],database/014_sprint3b_evidence_and_puzzle_integrity.sql:L389@s3b_submit_library_code[SELECT * INTO row] | database/014_sprint3b_evidence_and_puzzle_integrity.sql:L397@s3b_submit_library_code[qualified/rowtype field reference],NO_CURRENT_EXECUTION_VALIDATION,docs/plans/ROUND1_FIELD_READ_WRITE_OVERVIEW_V1.0_part1.csv
F0237,s3b_library_attempts#03,1,1,1,0,NONE,0,database/014_sprint3b_evidence_and_puzzle_integrity.sql:L389@s3b_submit_library_code[SELECT * INTO row],database/014_sprint3b_evidence_and_puzzle_integrity.sql:L389@s3b_submit_library_code[SELECT * INTO row],NO_CURRENT_EXECUTION_VALIDATION,docs/plans/ROUND1_FIELD_READ_WRITE_OVERVIEW_V1.0_part1.csv
F0238,s3b_library_attempts#04,2,1,1,0,NONE,0,database/014_sprint3b_evidence_and_puzzle_integrity.sql:L389@s3b_submit_library_code[SELECT * INTO row] | database/014_sprint3b_evidence_and_puzzle_integrity.sql:L393@s3b_submit_library_code[qualified/rowtype field reference],database/014_sprint3b_evidence_and_puzzle_integrity.sql:L389@s3b_submit_library_code[SELECT * INTO row] | database/014_sprint3b_evidence_and_puzzle_integrity.sql:L393@s3b_submit_library_code[qualified/rowtype field reference],NO_CURRENT_EXECUTION_VALIDATION,docs/plans/ROUND1_FIELD_READ_WRITE_OVERVIEW_V1.0_part1.csv
F0239,s3b_library_attempts#05,1,1,1,0,NONE,0,database/014_sprint3b_evidence_and_puzzle_integrity.sql:L389@s3b_submit_library_code[SELECT * INTO row],database/014_sprint3b_evidence_and_puzzle_integrity.sql:L389@s3b_submit_library_code[SELECT * INTO row],NO_CURRENT_EXECUTION_VALIDATION,docs/plans/ROUND1_FIELD_READ_WRITE_OVERVIEW_V1.0_part1.csv
F0240,s3b_library_attempts#06,2,1,1,0,NONE,0,database/014_sprint3b_evidence_and_puzzle_integrity.sql:L389@s3b_submit_library_code[SELECT * INTO row] | database/014_sprint3b_evidence_and_puzzle_integrity.sql:L397@s3b_submit_library_code[qualified/rowtype field reference],database/014_sprint3b_evidence_and_puzzle_integrity.sql:L389@s3b_submit_library_code[SELECT * INTO row] | database/014_sprint3b_evidence_and_puzzle_integrity.sql:L397@s3b_submit_library_code[qualified/rowtype field reference],NO_CURRENT_EXECUTION_VALIDATION,docs/plans/ROUND1_FIELD_READ_WRITE_OVERVIEW_V1.0_part1.csv
F0241,s3b_library_attempts#07,1,1,1,0,NONE,0,database/014_sprint3b_evidence_and_puzzle_integrity.sql:L389@s3b_submit_library_code[SELECT * INTO row],database/014_sprint3b_evidence_and_puzzle_integrity.sql:L389@s3b_submit_library_code[SELECT * INTO row],NO_CURRENT_EXECUTION_VALIDATION,docs/plans/ROUND1_FIELD_READ_WRITE_OVERVIEW_V1.0_part1.csv
F0242,s3b_player_facts#01,0,0,0,0,NONE,0,,,NO_CURRENT_EXECUTION_VALIDATION,docs/plans/ROUND1_FIELD_READ_WRITE_OVERVIEW_V1.0_part1.csv
F0243,s3b_player_facts#02,0,0,0,0,NONE,0,,,NO_CURRENT_EXECUTION_VALIDATION,docs/plans/ROUND1_FIELD_READ_WRITE_OVERVIEW_V1.0_part1.csv
F0244,s3b_player_facts#03,0,0,0,0,NONE,0,,,NO_CURRENT_EXECUTION_VALIDATION,docs/plans/ROUND1_FIELD_READ_WRITE_OVERVIEW_V1.0_part1.csv
F0245,s3b_player_facts#04,0,0,0,0,NONE,0,,,NO_CURRENT_EXECUTION_VALIDATION,docs/plans/ROUND1_FIELD_READ_WRITE_OVERVIEW_V1.0_part1.csv
F0246,s3b_player_progress#01,15,6,10,0,NONE,22,database/007_sprint3b_act1_5_placeholder_flow.sql:L286@s3b_get_player_state[to_jsonb(row) exposes field] | database/007_sprint3b_act1_5_placeholder_flow.sql:L288@s3b_get_player_state[qualified/rowtype field reference],database/061_package_a_act6_entry_timer_barrier.sql:L59@s9_enter_act6[SELECT * INTO row] | database/063_package_a_player_entry_column_fix.sql:L34@s9_enter_act6[SELECT * INTO row],NO_CURRENT_EXECUTION_VALIDATION,docs/plans/ROUND1_FIELD_READ_WRITE_OVERVIEW_V1.0_part1.csv
F0247,s3b_player_progress#02,15,6,10,0,NONE,21,database/007_sprint3b_act1_5_placeholder_flow.sql:L286@s3b_get_player_state[to_jsonb(row) exposes field] | database/011_sprint3b_transition_and_act1_delivery_integrity.sql:L32@s3b_initialize_flow[qualified/rowtype field reference],database/061_package_a_act6_entry_timer_barrier.sql:L59@s9_enter_act6[SELECT * INTO row] | database/063_package_a_player_entry_column_fix.sql:L34@s9_enter_act6[SELECT * INTO row],NO_CURRENT_EXECUTION_VALIDATION,docs/plans/ROUND1_FIELD_READ_WRITE_OVERVIEW_V1.0_part1.csv
F0248,s3b_player_progress#03,16,7,10,2,TEST,14,database/007_sprint3b_act1_5_placeholder_flow.sql:L286@s3b_get_player_state[to_jsonb(row) exposes field] | database/009_sprint3b_act1_consequence_integrity.sql:L25@s3b_apply_act1_consequence[OLD.field trigger reference],database/061_package_a_act6_entry_timer_barrier.sql:L59@s9_enter_act6[SELECT * INTO row] | database/063_package_a_player_entry_column_fix.sql:L34@s9_enter_act6[SELECT * INTO row],NO_CURRENT_EXECUTION_VALIDATION,docs/plans/ROUND1_FIELD_READ_WRITE_OVERVIEW_V1.0_part1.csv
F0249,s3b_player_progress#04,8,4,6,0,NONE,0,database/007_sprint3b_act1_5_placeholder_flow.sql:L286@s3b_get_player_state[to_jsonb(row) exposes field] | database/017_sprint3c_override_act2_entry_correction.sql:L27@s3b_submit_first_meeting[SELECT * INTO row],database/061_package_a_act6_entry_timer_barrier.sql:L59@s9_enter_act6[SELECT * INTO row] | database/063_package_a_player_entry_column_fix.sql:L34@s9_enter_act6[SELECT * INTO row],NO_CURRENT_EXECUTION_VALIDATION,docs/plans/ROUND1_FIELD_READ_WRITE_OVERVIEW_V1.0_part1.csv
F0250,s3b_player_progress#05,18,6,10,0,NONE,1,database/007_sprint3b_act1_5_placeholder_flow.sql:L286@s3b_get_player_state[to_jsonb(row) exposes field] | database/007_sprint3b_act1_5_placeholder_flow.sql:L288@s3b_get_player_state[qualified/rowtype field reference],database/061_package_a_act6_entry_timer_barrier.sql:L59@s9_enter_act6[SELECT * INTO row] | database/063_package_a_player_entry_column_fix.sql:L34@s9_enter_act6[SELECT * INTO row],NO_CURRENT_EXECUTION_VALIDATION,docs/plans/ROUND1_FIELD_READ_WRITE_OVERVIEW_V1.0_part1.csv
F0251,s3b_player_progress#06,8,4,6,2,NONSQL_OTHER|TEST,0,database/007_sprint3b_act1_5_placeholder_flow.sql:L286@s3b_get_player_state[to_jsonb(row) exposes field] | database/017_sprint3c_override_act2_entry_correction.sql:L27@s3b_submit_first_meeting[SELECT * INTO row],database/061_package_a_act6_entry_timer_barrier.sql:L59@s9_enter_act6[SELECT * INTO row] | database/063_package_a_player_entry_column_fix.sql:L34@s9_enter_act6[SELECT * INTO row],NO_CURRENT_EXECUTION_VALIDATION,docs/plans/ROUND1_FIELD_READ_WRITE_OVERVIEW_V1.0_part1.csv
F0252,s3b_player_progress#07,7,5,7,2,NONSQL_OTHER|TEST,2,database/007_sprint3b_act1_5_placeholder_flow.sql:L286@s3b_get_player_state[to_jsonb(row) exposes field] | database/009_sprint3b_act1_consequence_integrity.sql:L59@s3b_add_optional_grab_item[OLD.field trigger reference],database/061_package_a_act6_entry_timer_barrier.sql:L59@s9_enter_act6[SELECT * INTO row] | database/063_package_a_player_entry_column_fix.sql:L34@s9_enter_act6[SELECT * INTO row],NO_CURRENT_EXECUTION_VALIDATION,docs/plans/ROUND1_FIELD_READ_WRITE_OVERVIEW_V1.0_part1.csv
F0253,s3b_player_progress#08,6,4,6,2,NONSQL_OTHER|TEST,1,database/007_sprint3b_act1_5_placeholder_flow.sql:L286@s3b_get_player_state[to_jsonb(row) exposes field] | database/010_sprint3b_flow_integrity_and_inspect_fix.sql:L45@s3b_guard_player_progress_phase[OLD.field trigger reference],database/061_package_a_act6_entry_timer_barrier.sql:L59@s9_enter_act6[SELECT * INTO row] | database/063_package_a_player_entry_column_fix.sql:L34@s9_enter_act6[SELECT * INTO row],NO_CURRENT_EXECUTION_VALIDATION,docs/plans/ROUND1_FIELD_READ_WRITE_OVERVIEW_V1.0_part1.csv
F0254,s3b_player_progress#09,8,5,8,10,NONSQL_OTHER|TEST,1,database/007_sprint3b_act1_5_placeholder_flow.sql:L286@s3b_get_player_state[to_jsonb(row) exposes field] | database/010_sprint3b_flow_integrity_and_inspect_fix.sql:L46@s3b_guard_player_progress_phase[OLD.field trigger reference],database/061_package_a_act6_entry_timer_barrier.sql:L59@s9_enter_act6[SELECT * INTO row] | database/063_package_a_player_entry_column_fix.sql:L34@s9_enter_act6[SELECT * INTO row],NO_CURRENT_EXECUTION_VALIDATION,docs/plans/ROUND1_FIELD_READ_WRITE_OVERVIEW_V1.0_part1.csv
F0255,s3b_player_progress#10,16,6,9,0,NONE,1,database/007_sprint3b_act1_5_placeholder_flow.sql:L286@s3b_get_player_state[to_jsonb(row) exposes field] | database/007_sprint3b_act1_5_placeholder_flow.sql:L290@s3b_get_player_state[qualified/rowtype field reference],database/061_package_a_act6_entry_timer_barrier.sql:L59@s9_enter_act6[SELECT * INTO row] | database/063_package_a_player_entry_column_fix.sql:L34@s9_enter_act6[SELECT * INTO row],NO_CURRENT_EXECUTION_VALIDATION,docs/plans/ROUND1_FIELD_READ_WRITE_OVERVIEW_V1.0_part1.csv
F0256,s3b_player_progress#11,8,4,6,4,NONSQL_OTHER|TEST,0,database/007_sprint3b_act1_5_placeholder_flow.sql:L286@s3b_get_player_state[to_jsonb(row) exposes field] | database/017_sprint3c_override_act2_entry_correction.sql:L27@s3b_submit_first_meeting[SELECT * INTO row],database/061_package_a_act6_entry_timer_barrier.sql:L59@s9_enter_act6[SELECT * INTO row] | database/063_package_a_player_entry_column_fix.sql:L34@s9_enter_act6[SELECT * INTO row],NO_CURRENT_EXECUTION_VALIDATION,docs/plans/ROUND1_FIELD_READ_WRITE_OVERVIEW_V1.0_part1.csv
F0257,s3b_player_progress#12,6,3,5,5,NONSQL_OTHER|TEST,0,database/007_sprint3b_act1_5_placeholder_flow.sql:L286@s3b_get_player_state[to_jsonb(row) exposes field] | database/017_sprint3c_override_act2_entry_correction.sql:L27@s3b_submit_first_meeting[SELECT * INTO row],database/061_package_a_act6_entry_timer_barrier.sql:L59@s9_enter_act6[SELECT * INTO row] | database/063_package_a_player_entry_column_fix.sql:L34@s9_enter_act6[SELECT * INTO row],NO_CURRENT_EXECUTION_VALIDATION,docs/plans/ROUND1_FIELD_READ_WRITE_OVERVIEW_V1.0_part1.csv
F0258,s3b_player_progress#13,5,3,5,2,NONSQL_OTHER,0,database/007_sprint3b_act1_5_placeholder_flow.sql:L286@s3b_get_player_state[to_jsonb(row) exposes field] | database/017_sprint3c_override_act2_entry_correction.sql:L27@s3b_submit_first_meeting[SELECT * INTO row],database/061_package_a_act6_entry_timer_barrier.sql:L59@s9_enter_act6[SELECT * INTO row] | database/063_package_a_player_entry_column_fix.sql:L34@s9_enter_act6[SELECT * INTO row],NO_CURRENT_EXECUTION_VALIDATION,docs/plans/ROUND1_FIELD_READ_WRITE_OVERVIEW_V1.0_part1.csv
F0259,s3b_player_progress#14,5,3,5,8,NONSQL_OTHER|TEST,0,database/007_sprint3b_act1_5_placeholder_flow.sql:L286@s3b_get_player_state[to_jsonb(row) exposes field] | database/017_sprint3c_override_act2_entry_correction.sql:L27@s3b_submit_first_meeting[SELECT * INTO row],database/061_package_a_act6_entry_timer_barrier.sql:L59@s9_enter_act6[SELECT * INTO row] | database/063_package_a_player_entry_column_fix.sql:L34@s9_enter_act6[SELECT * INTO row],NO_CURRENT_EXECUTION_VALIDATION,docs/plans/ROUND1_FIELD_READ_WRITE_OVERVIEW_V1.0_part1.csv
F0260,s3b_player_progress#15,5,3,5,1,TEST,0,database/007_sprint3b_act1_5_placeholder_flow.sql:L286@s3b_get_player_state[to_jsonb(row) exposes field] | database/017_sprint3c_override_act2_entry_correction.sql:L27@s3b_submit_first_meeting[SELECT * INTO row],database/061_package_a_act6_entry_timer_barrier.sql:L59@s9_enter_act6[SELECT * INTO row] | database/063_package_a_player_entry_column_fix.sql:L34@s9_enter_act6[SELECT * INTO row],NO_CURRENT_EXECUTION_VALIDATION,docs/plans/ROUND1_FIELD_READ_WRITE_OVERVIEW_V1.0_part1.csv
F0261,s3b_player_progress#16,8,4,6,3,TEST,0,database/007_sprint3b_act1_5_placeholder_flow.sql:L286@s3b_get_player_state[to_jsonb(row) exposes field] | database/017_sprint3c_override_act2_entry_correction.sql:L27@s3b_submit_first_meeting[SELECT * INTO row],database/061_package_a_act6_entry_timer_barrier.sql:L59@s9_enter_act6[SELECT * INTO row] | database/063_package_a_player_entry_column_fix.sql:L34@s9_enter_act6[SELECT * INTO row],NO_CURRENT_EXECUTION_VALIDATION,docs/plans/ROUND1_FIELD_READ_WRITE_OVERVIEW_V1.0_part1.csv
F0262,s3b_player_progress#17,8,3,5,0,NONE,0,database/007_sprint3b_act1_5_placeholder_flow.sql:L286@s3b_get_player_state[to_jsonb(row) exposes field] | database/017_sprint3c_override_act2_entry_correction.sql:L27@s3b_submit_first_meeting[SELECT * INTO row],database/061_package_a_act6_entry_timer_barrier.sql:L59@s9_enter_act6[SELECT * INTO row] | database/063_package_a_player_entry_column_fix.sql:L34@s9_enter_act6[SELECT * INTO row],NO_CURRENT_EXECUTION_VALIDATION,docs/plans/ROUND1_FIELD_READ_WRITE_OVERVIEW_V1.0_part1.csv
F0263,s3b_player_progress#18,8,4,6,0,NONE,0,database/007_sprint3b_act1_5_placeholder_flow.sql:L286@s3b_get_player_state[to_jsonb(row) exposes field] | database/017_sprint3c_override_act2_entry_correction.sql:L27@s3b_submit_first_meeting[SELECT * INTO row],database/061_package_a_act6_entry_timer_barrier.sql:L59@s9_enter_act6[SELECT * INTO row] | database/063_package_a_player_entry_column_fix.sql:L34@s9_enter_act6[SELECT * INTO row],NO_CURRENT_EXECUTION_VALIDATION,docs/plans/ROUND1_FIELD_READ_WRITE_OVERVIEW_V1.0_part1.csv
F0264,s3b_player_progress#19,5,3,5,0,NONE,0,database/007_sprint3b_act1_5_placeholder_flow.sql:L286@s3b_get_player_state[to_jsonb(row) exposes field] | database/017_sprint3c_override_act2_entry_correction.sql:L27@s3b_submit_first_meeting[SELECT * INTO row],database/061_package_a_act6_entry_timer_barrier.sql:L59@s9_enter_act6[SELECT * INTO row] | database/063_package_a_player_entry_column_fix.sql:L34@s9_enter_act6[SELECT * INTO row],NO_CURRENT_EXECUTION_VALIDATION,docs/plans/ROUND1_FIELD_READ_WRITE_OVERVIEW_V1.0_part1.csv
F0265,s3b_player_progress#20,8,4,6,0,NONE,0,database/007_sprint3b_act1_5_placeholder_flow.sql:L286@s3b_get_player_state[to_jsonb(row) exposes field] | database/017_sprint3c_override_act2_entry_correction.sql:L27@s3b_submit_first_meeting[SELECT * INTO row],database/061_package_a_act6_entry_timer_barrier.sql:L59@s9_enter_act6[SELECT * INTO row] | database/063_package_a_player_entry_column_fix.sql:L34@s9_enter_act6[SELECT * INTO row],NO_CURRENT_EXECUTION_VALIDATION,docs/plans/ROUND1_FIELD_READ_WRITE_OVERVIEW_V1.0_part1.csv
F0266,s3b_player_progress#21,8,3,5,1,TEST,0,database/007_sprint3b_act1_5_placeholder_flow.sql:L286@s3b_get_player_state[to_jsonb(row) exposes field] | database/017_sprint3c_override_act2_entry_correction.sql:L27@s3b_submit_first_meeting[SELECT * INTO row],database/063_package_a_player_entry_column_fix.sql:L34@s9_enter_act6[SELECT * INTO row] | database/063_package_a_player_entry_column_fix.sql:L36@s9_enter_act6[qualified/rowtype field reference],NO_CURRENT_EXECUTION_VALIDATION,docs/plans/ROUND1_FIELD_READ_WRITE_OVERVIEW_V1.0_part1.csv
F0267,s3b_player_progress#22,8,3,5,0,NONE,0,database/007_sprint3b_act1_5_placeholder_flow.sql:L286@s3b_get_player_state[to_jsonb(row) exposes field] | database/017_sprint3c_override_act2_entry_correction.sql:L27@s3b_submit_first_meeting[SELECT * INTO row],database/063_package_a_player_entry_column_fix.sql:L34@s9_enter_act6[SELECT * INTO row] | database/063_package_a_player_entry_column_fix.sql:L39@s9_enter_act6[qualified/rowtype field reference],NO_CURRENT_EXECUTION_VALIDATION,docs/plans/ROUND1_FIELD_READ_WRITE_OVERVIEW_V1.0_part1.csv
F0268,s3b_post_inspection_route_votes#01,1,1,1,0,NONE,0,database/014_sprint3b_evidence_and_puzzle_integrity.sql:L470@s3b_submit_post_inspection_route_vote[SELECT * INTO row],database/014_sprint3b_evidence_and_puzzle_integrity.sql:L470@s3b_submit_post_inspection_route_vote[SELECT * INTO row],NO_CURRENT_EXECUTION_VALIDATION,docs/plans/ROUND1_FIELD_READ_WRITE_OVERVIEW_V1.0_part1.csv
F0269,s3b_post_inspection_route_votes#02,2,2,1,0,NONE,0,database/014_sprint3b_evidence_and_puzzle_integrity.sql:L470@s3b_submit_post_inspection_route_vote[SELECT * INTO row] | database/014_sprint3b_evidence_and_puzzle_integrity.sql:L608@s3b_get_player_state[qualified/rowtype field reference],database/014_sprint3b_evidence_and_puzzle_integrity.sql:L470@s3b_submit_post_inspection_route_vote[SELECT * INTO row] | database/014_sprint3b_evidence_and_puzzle_integrity.sql:L608@s3b_get_player_state[qualified/rowtype field reference],NO_CURRENT_EXECUTION_VALIDATION,docs/plans/ROUND1_FIELD_READ_WRITE_OVERVIEW_V1.0_part1.csv
F0270,s3b_post_inspection_route_votes#03,2,2,1,0,NONE,0,database/014_sprint3b_evidence_and_puzzle_integrity.sql:L470@s3b_submit_post_inspection_route_vote[SELECT * INTO row] | database/014_sprint3b_evidence_and_puzzle_integrity.sql:L607@s3b_get_player_state[qualified/rowtype field reference],database/014_sprint3b_evidence_and_puzzle_integrity.sql:L470@s3b_submit_post_inspection_route_vote[SELECT * INTO row] | database/014_sprint3b_evidence_and_puzzle_integrity.sql:L607@s3b_get_player_state[qualified/rowtype field reference],NO_CURRENT_EXECUTION_VALIDATION,docs/plans/ROUND1_FIELD_READ_WRITE_OVERVIEW_V1.0_part1.csv
F0271,s3b_post_inspection_route_votes#04,1,1,1,0,NONE,0,database/014_sprint3b_evidence_and_puzzle_integrity.sql:L470@s3b_submit_post_inspection_route_vote[SELECT * INTO row],database/014_sprint3b_evidence_and_puzzle_integrity.sql:L470@s3b_submit_post_inspection_route_vote[SELECT * INTO row],NO_CURRENT_EXECUTION_VALIDATION,docs/plans/ROUND1_FIELD_READ_WRITE_OVERVIEW_V1.0_part1.csv
F0272,s3b_post_inspection_route_votes#05,3,2,1,0,NONE,0,database/014_sprint3b_evidence_and_puzzle_integrity.sql:L470@s3b_submit_post_inspection_route_vote[SELECT * INTO row] | database/014_sprint3b_evidence_and_puzzle_integrity.sql:L473@s3b_submit_post_inspection_route_vote[qualified/rowtype field reference],database/014_sprint3b_evidence_and_puzzle_integrity.sql:L473@s3b_submit_post_inspection_route_vote[qualified/rowtype field reference] | database/014_sprint3b_evidence_and_puzzle_integrity.sql:L604@s3b_get_player_state[qualified/rowtype field reference],NO_CURRENT_EXECUTION_VALIDATION,docs/plans/ROUND1_FIELD_READ_WRITE_OVERVIEW_V1.0_part1.csv
F0273,s3b_post_inspection_route_votes#06,1,1,1,0,NONE,0,database/014_sprint3b_evidence_and_puzzle_integrity.sql:L470@s3b_submit_post_inspection_route_vote[SELECT * INTO row],database/014_sprint3b_evidence_and_puzzle_integrity.sql:L470@s3b_submit_post_inspection_route_vote[SELECT * INTO row],NO_CURRENT_EXECUTION_VALIDATION,docs/plans/ROUND1_FIELD_READ_WRITE_OVERVIEW_V1.0_part1.csv
F0274,s3b_post_inspection_route_votes#07,1,1,1,0,NONE,0,database/014_sprint3b_evidence_and_puzzle_integrity.sql:L470@s3b_submit_post_inspection_route_vote[SELECT * INTO row],database/014_sprint3b_evidence_and_puzzle_integrity.sql:L470@s3b_submit_post_inspection_route_vote[SELECT * INTO row],NO_CURRENT_EXECUTION_VALIDATION,docs/plans/ROUND1_FIELD_READ_WRITE_OVERVIEW_V1.0_part1.csv
F0275,s3b_post_inspection_route_votes#08,1,1,1,0,NONE,0,database/014_sprint3b_evidence_and_puzzle_integrity.sql:L470@s3b_submit_post_inspection_route_vote[SELECT * INTO row],database/014_sprint3b_evidence_and_puzzle_integrity.sql:L470@s3b_submit_post_inspection_route_vote[SELECT * INTO row],NO_CURRENT_EXECUTION_VALIDATION,docs/plans/ROUND1_FIELD_READ_WRITE_OVERVIEW_V1.0_part1.csv
F0276,s3b_post_inspection_route_votes#09,2,2,1,0,NONE,0,database/014_sprint3b_evidence_and_puzzle_integrity.sql:L470@s3b_submit_post_inspection_route_vote[SELECT * INTO row] | database/014_sprint3b_evidence_and_puzzle_integrity.sql:L604@s3b_get_player_state[qualified/rowtype field reference],database/014_sprint3b_evidence_and_puzzle_integrity.sql:L470@s3b_submit_post_inspection_route_vote[SELECT * INTO row] | database/014_sprint3b_evidence_and_puzzle_integrity.sql:L604@s3b_get_player_state[qualified/rowtype field reference],NO_CURRENT_EXECUTION_VALIDATION,docs/plans/ROUND1_FIELD_READ_WRITE_OVERVIEW_V1.0_part1.csv
F0277,s3b_run_state#01,10,6,9,0,NONE,1,database/007_sprint3b_act1_5_placeholder_flow.sql:L285@s3b_get_player_state[to_jsonb(row) exposes field] | database/010_sprint3b_flow_integrity_and_inspect_fix.sql:L85@s3b_refresh_puzzle[SELECT * INTO row],database/049_sprint8_final_closure.sql:L72@s8_verify_integrity[SELECT * INTO row] | database/054_level3_integrated_closure.sql:L129@s8_verify_integrity[SELECT * INTO row],NO_CURRENT_EXECUTION_VALIDATION,docs/plans/ROUND1_FIELD_READ_WRITE_OVERVIEW_V1.0_part1.csv
F0278,s3b_run_state#02,20,7,9,3,TEST,1,database/007_sprint3b_act1_5_placeholder_flow.sql:L285@s3b_get_player_state[to_jsonb(row) exposes field] | database/010_sprint3b_flow_integrity_and_inspect_fix.sql:L59@s3b_guard_run_state_phase[OLD.field trigger reference],database/054_level3_integrated_closure.sql:L134@s8_verify_integrity[qualified/rowtype field reference] | database/054_level3_integrated_closure.sql:L135@s8_verify_integrity[qualified/rowtype field reference],NO_CURRENT_EXECUTION_VALIDATION,docs/plans/ROUND1_FIELD_READ_WRITE_OVERVIEW_V1.0_part1.csv
F0279,s3b_run_state#03,10,6,9,0,NONE,0,database/007_sprint3b_act1_5_placeholder_flow.sql:L285@s3b_get_player_state[to_jsonb(row) exposes field] | database/010_sprint3b_flow_integrity_and_inspect_fix.sql:L85@s3b_refresh_puzzle[SELECT * INTO row],database/049_sprint8_final_closure.sql:L72@s8_verify_integrity[SELECT * INTO row] | database/054_level3_integrated_closure.sql:L129@s8_verify_integrity[SELECT * INTO row],NO_CURRENT_EXECUTION_VALIDATION,docs/plans/ROUND1_FIELD_READ_WRITE_OVERVIEW_V1.0_part1.csv
F0280,s3b_run_state#04,12,7,9,1,TEST,1,database/007_sprint3b_act1_5_placeholder_flow.sql:L285@s3b_get_player_state[to_jsonb(row) exposes field] | database/010_sprint3b_flow_integrity_and_inspect_fix.sql:L60@s3b_guard_run_state_phase[OLD.field trigger reference],database/049_sprint8_final_closure.sql:L72@s8_verify_integrity[SELECT * INTO row] | database/054_level3_integrated_closure.sql:L129@s8_verify_integrity[SELECT * INTO row],NO_CURRENT_EXECUTION_VALIDATION,docs/plans/ROUND1_FIELD_READ_WRITE_OVERVIEW_V1.0_part1.csv
F0281,s3b_run_state#05,10,6,9,0,NONE,0,database/007_sprint3b_act1_5_placeholder_flow.sql:L285@s3b_get_player_state[to_jsonb(row) exposes field] | database/010_sprint3b_flow_integrity_and_inspect_fix.sql:L85@s3b_refresh_puzzle[SELECT * INTO row],database/049_sprint8_final_closure.sql:L72@s8_verify_integrity[SELECT * INTO row] | database/054_level3_integrated_closure.sql:L129@s8_verify_integrity[SELECT * INTO row],NO_CURRENT_EXECUTION_VALIDATION,docs/plans/ROUND1_FIELD_READ_WRITE_OVERVIEW_V1.0_part1.csv
F0282,s3b_run_state#06,13,6,9,2,TEST,0,database/007_sprint3b_act1_5_placeholder_flow.sql:L285@s3b_get_player_state[to_jsonb(row) exposes field] | database/010_sprint3b_flow_integrity_and_inspect_fix.sql:L85@s3b_refresh_puzzle[SELECT * INTO row],database/049_sprint8_final_closure.sql:L72@s8_verify_integrity[SELECT * INTO row] | database/054_level3_integrated_closure.sql:L129@s8_verify_integrity[SELECT * INTO row],NO_CURRENT_EXECUTION_VALIDATION,docs/plans/ROUND1_FIELD_READ_WRITE_OVERVIEW_V1.0_part1.csv
F0283,s3b_run_state#07,11,7,9,2,TEST,1,database/007_sprint3b_act1_5_placeholder_flow.sql:L285@s3b_get_player_state[to_jsonb(row) exposes field] | database/010_sprint3b_flow_integrity_and_inspect_fix.sql:L61@s3b_guard_run_state_phase[OLD.field trigger reference],database/049_sprint8_final_closure.sql:L72@s8_verify_integrity[SELECT * INTO row] | database/054_level3_integrated_closure.sql:L129@s8_verify_integrity[SELECT * INTO row],NO_CURRENT_EXECUTION_VALIDATION,docs/plans/ROUND1_FIELD_READ_WRITE_OVERVIEW_V1.0_part1.csv
F0284,s3b_run_state#08,13,7,9,1,NONSQL_OTHER,1,database/007_sprint3b_act1_5_placeholder_flow.sql:L285@s3b_get_player_state[to_jsonb(row) exposes field] | database/010_sprint3b_flow_integrity_and_inspect_fix.sql:L61@s3b_guard_run_state_phase[OLD.field trigger reference],database/049_sprint8_final_closure.sql:L72@s8_verify_integrity[SELECT * INTO row] | database/054_level3_integrated_closure.sql:L129@s8_verify_integrity[SELECT * INTO row],NO_CURRENT_EXECUTION_VALIDATION,docs/plans/ROUND1_FIELD_READ_WRITE_OVERVIEW_V1.0_part1.csv
F0285,s3b_run_state#09,19,7,9,3,NONSQL_OTHER|TEST,1,database/007_sprint3b_act1_5_placeholder_flow.sql:L285@s3b_get_player_state[to_jsonb(row) exposes field] | database/010_sprint3b_flow_integrity_and_inspect_fix.sql:L61@s3b_guard_run_state_phase[OLD.field trigger reference],database/054_level3_integrated_closure.sql:L129@s8_verify_integrity[SELECT * INTO row] | database/054_level3_integrated_closure.sql:L131@s8_verify_integrity[qualified/rowtype field reference],NO_CURRENT_EXECUTION_VALIDATION,docs/plans/ROUND1_FIELD_READ_WRITE_OVERVIEW_V1.0_part1.csv
F0286,s3b_run_state#10,18,7,9,9,NONSQL_OTHER|TEST,1,database/007_sprint3b_act1_5_placeholder_flow.sql:L285@s3b_get_player_state[to_jsonb(row) exposes field] | database/010_sprint3b_flow_integrity_and_inspect_fix.sql:L63@s3b_guard_run_state_phase[OLD.field trigger reference],database/049_sprint8_final_closure.sql:L91@s8_verify_integrity[qualified/rowtype field reference] | database/054_level3_integrated_closure.sql:L129@s8_verify_integrity[SELECT * INTO row],NO_CURRENT_EXECUTION_VALIDATION,docs/plans/ROUND1_FIELD_READ_WRITE_OVERVIEW_V1.0_part1.csv
F0287,s3b_run_state#11,14,6,9,3,TEST,0,database/007_sprint3b_act1_5_placeholder_flow.sql:L285@s3b_get_player_state[to_jsonb(row) exposes field] | database/010_sprint3b_flow_integrity_and_inspect_fix.sql:L85@s3b_refresh_puzzle[SELECT * INTO row],database/049_sprint8_final_closure.sql:L94@s8_verify_integrity[qualified/rowtype field reference] | database/054_level3_integrated_closure.sql:L129@s8_verify_integrity[SELECT * INTO row],NO_CURRENT_EXECUTION_VALIDATION,docs/plans/ROUND1_FIELD_READ_WRITE_OVERVIEW_V1.0_part1.csv
F0288,s3b_run_state#12,10,6,9,7,NONSQL_OTHER|TEST,0,database/007_sprint3b_act1_5_placeholder_flow.sql:L285@s3b_get_player_state[to_jsonb(row) exposes field] | database/010_sprint3b_flow_integrity_and_inspect_fix.sql:L85@s3b_refresh_puzzle[SELECT * INTO row],database/049_sprint8_final_closure.sql:L72@s8_verify_integrity[SELECT * INTO row] | database/054_level3_integrated_closure.sql:L129@s8_verify_integrity[SELECT * INTO row],NO_CURRENT_EXECUTION_VALIDATION,docs/plans/ROUND1_FIELD_READ_WRITE_OVERVIEW_V1.0_part1.csv
F0289,s3b_run_state#13,10,6,9,0,NONE,0,database/007_sprint3b_act1_5_placeholder_flow.sql:L285@s3b_get_player_state[to_jsonb(row) exposes field] | database/010_sprint3b_flow_integrity_and_inspect_fix.sql:L85@s3b_refresh_puzzle[SELECT * INTO row],database/049_sprint8_final_closure.sql:L72@s8_verify_integrity[SELECT * INTO row] | database/054_level3_integrated_closure.sql:L129@s8_verify_integrity[SELECT * INTO row],NO_CURRENT_EXECUTION_VALIDATION,docs/plans/ROUND1_FIELD_READ_WRITE_OVERVIEW_V1.0_part1.csv
F0290,s3b_run_state#14,13,6,9,3,TEST,0,database/007_sprint3b_act1_5_placeholder_flow.sql:L285@s3b_get_player_state[to_jsonb(row) exposes field] | database/010_sprint3b_flow_integrity_and_inspect_fix.sql:L85@s3b_refresh_puzzle[SELECT * INTO row],database/049_sprint8_final_closure.sql:L72@s8_verify_integrity[SELECT * INTO row] | database/054_level3_integrated_closure.sql:L129@s8_verify_integrity[SELECT * INTO row],NO_CURRENT_EXECUTION_VALIDATION,docs/plans/ROUND1_FIELD_READ_WRITE_OVERVIEW_V1.0_part1.csv
F0291,s3b_run_state#15,12,6,9,3,NONSQL_OTHER|TEST,0,database/007_sprint3b_act1_5_placeholder_flow.sql:L285@s3b_get_player_state[to_jsonb(row) exposes field] | database/010_sprint3b_flow_integrity_and_inspect_fix.sql:L85@s3b_refresh_puzzle[SELECT * INTO row],database/049_sprint8_final_closure.sql:L72@s8_verify_integrity[SELECT * INTO row] | database/054_level3_integrated_closure.sql:L129@s8_verify_integrity[SELECT * INTO row],NO_CURRENT_EXECUTION_VALIDATION,docs/plans/ROUND1_FIELD_READ_WRITE_OVERVIEW_V1.0_part1.csv
F0292,s5_act8_private_choices#01,3,3,2,0,NONE,0,database/027_sprint5_act6_8_runtime.sql:L79@s5_submit_private_choice[SELECT * INTO row] | database/027_sprint5_act6_8_runtime.sql:L88@s5_get_player_state[qualified/rowtype field reference],database/027_sprint5_act6_8_runtime.sql:L88@s5_get_player_state[qualified/rowtype field reference] | database/029_sprint5_canonical_discussion_localization.sql:L92@s5_get_discussion_state[qualified/rowtype field reference],NO_CURRENT_EXECUTION_VALIDATION,docs/plans/ROUND1_FIELD_READ_WRITE_OVERVIEW_V1.0_part1.csv
F0293,s5_act8_private_choices#02,1,1,1,0,NONE,0,database/027_sprint5_act6_8_runtime.sql:L79@s5_submit_private_choice[SELECT * INTO row],database/027_sprint5_act6_8_runtime.sql:L79@s5_submit_private_choice[SELECT * INTO row],NO_CURRENT_EXECUTION_VALIDATION,docs/plans/ROUND1_FIELD_READ_WRITE_OVERVIEW_V1.0_part2.csv
F0294,s5_act8_private_choices#03,4,3,2,0,NONE,0,database/027_sprint5_act6_8_runtime.sql:L79@s5_submit_private_choice[SELECT * INTO row] | database/027_sprint5_act6_8_runtime.sql:L79@s5_submit_private_choice[qualified/rowtype field reference],database/027_sprint5_act6_8_runtime.sql:L88@s5_get_player_state[qualified/rowtype field reference] | database/029_sprint5_canonical_discussion_localization.sql:L92@s5_get_discussion_state[qualified/rowtype field reference],NO_CURRENT_EXECUTION_VALIDATION,docs/plans/ROUND1_FIELD_READ_WRITE_OVERVIEW_V1.0_part2.csv
F0295,s5_act8_private_choices#04,1,1,1,0,NONE,0,database/027_sprint5_act6_8_runtime.sql:L79@s5_submit_private_choice[SELECT * INTO row],database/027_sprint5_act6_8_runtime.sql:L79@s5_submit_private_choice[SELECT * INTO row],NO_CURRENT_EXECUTION_VALIDATION,docs/plans/ROUND1_FIELD_READ_WRITE_OVERVIEW_V1.0_part2.csv
F0296,s5_act8_private_choices#05,2,2,2,0,NONE,0,database/027_sprint5_act6_8_runtime.sql:L79@s5_submit_private_choice[SELECT * INTO row] | database/029_sprint5_canonical_discussion_localization.sql:L92@s5_get_discussion_state[qualified/rowtype field reference],database/027_sprint5_act6_8_runtime.sql:L79@s5_submit_private_choice[SELECT * INTO row] | database/029_sprint5_canonical_discussion_localization.sql:L92@s5_get_discussion_state[qualified/rowtype field reference],NO_CURRENT_EXECUTION_VALIDATION,docs/plans/ROUND1_FIELD_READ_WRITE_OVERVIEW_V1.0_part2.csv
F0297,s5_rounds#01,7,2,3,0,NONE,1,database/027_sprint5_act6_8_runtime.sql:L49@s5_submit_vote[SELECT * INTO row] | database/027_sprint5_act6_8_runtime.sql:L59@s5_submit_vote[qualified/rowtype field reference],database/029_sprint5_canonical_discussion_localization.sql:L27@s5_configure_discussion[qualified/rowtype field reference] | database/032_sprint5_discussion_creation_restore.sql:L10@s5_configure_discussion[qualified/rowtype field reference],NO_CURRENT_EXECUTION_VALIDATION,docs/plans/ROUND1_FIELD_READ_WRITE_OVERVIEW_V1.0_part2.csv
F0298,s5_rounds#02,8,7,6,0,NONE,1,database/027_sprint5_act6_8_runtime.sql:L49@s5_submit_vote[SELECT * INTO row] | database/029_sprint5_canonical_discussion_localization.sql:L24@s5_configure_discussion[qualified/rowtype field reference],database/032_sprint5_discussion_creation_restore.sql:L10@s5_configure_discussion[qualified/rowtype field reference] | database/053_sprint8_act6_effective_round_integrity.sql:L33@s8_verify_integrity[qualified/rowtype field reference],NO_CURRENT_EXECUTION_VALIDATION,docs/plans/ROUND1_FIELD_READ_WRITE_OVERVIEW_V1.0_part2.csv
F0299,s5_rounds#03,6,6,5,0,NONE,2,database/027_sprint5_act6_8_runtime.sql:L49@s5_submit_vote[SELECT * INTO row] | database/029_sprint5_canonical_discussion_localization.sql:L85@s5_get_player_state[qualified/rowtype field reference],database/031_sprint5_focused_reaudit_corrections.sql:L30@s5_get_teacher_discussion_state[qualified/rowtype field reference] | database/053_sprint8_act6_effective_round_integrity.sql:L33@s8_verify_integrity[qualified/rowtype field reference],NO_CURRENT_EXECUTION_VALIDATION,docs/plans/ROUND1_FIELD_READ_WRITE_OVERVIEW_V1.0_part2.csv
F0300,s5_rounds#04,9,7,6,0,NONE,1,database/027_sprint5_act6_8_runtime.sql:L49@s5_submit_vote[SELECT * INTO row] | database/029_sprint5_canonical_discussion_localization.sql:L26@s5_configure_discussion[qualified/rowtype field reference],database/053_sprint8_act6_effective_round_integrity.sql:L31@s8_verify_integrity[qualified/rowtype field reference] | database/053_sprint8_act6_effective_round_integrity.sql:L35@s8_verify_integrity[qualified/rowtype field reference],NO_CURRENT_EXECUTION_VALIDATION,docs/plans/ROUND1_FIELD_READ_WRITE_OVERVIEW_V1.0_part2.csv
F0301,s5_rounds#05,3,2,3,0,NONE,1,database/027_sprint5_act6_8_runtime.sql:L49@s5_submit_vote[SELECT * INTO row] | database/029_sprint5_canonical_discussion_localization.sql:L26@s5_configure_discussion[qualified/rowtype field reference],database/029_sprint5_canonical_discussion_localization.sql:L26@s5_configure_discussion[qualified/rowtype field reference] | database/032_sprint5_discussion_creation_restore.sql:L10@s5_configure_discussion[qualified/rowtype field reference],NO_CURRENT_EXECUTION_VALIDATION,docs/plans/ROUND1_FIELD_READ_WRITE_OVERVIEW_V1.0_part2.csv
F0302,s5_rounds#06,3,2,2,0,NONE,0,database/027_sprint5_act6_8_runtime.sql:L49@s5_submit_vote[SELECT * INTO row] | database/027_sprint5_act6_8_runtime.sql:L49@s5_submit_vote[qualified/rowtype field reference],database/027_sprint5_act6_8_runtime.sql:L49@s5_submit_vote[qualified/rowtype field reference] | database/053_sprint8_act6_effective_round_integrity.sql:L33@s8_verify_integrity[qualified/rowtype field reference],NO_CURRENT_EXECUTION_VALIDATION,docs/plans/ROUND1_FIELD_READ_WRITE_OVERVIEW_V1.0_part2.csv
F0303,s5_rounds#07,2,2,2,0,NONE,0,database/027_sprint5_act6_8_runtime.sql:L49@s5_submit_vote[SELECT * INTO row] | database/053_sprint8_act6_effective_round_integrity.sql:L34@s8_verify_integrity[qualified/rowtype field reference],database/027_sprint5_act6_8_runtime.sql:L49@s5_submit_vote[SELECT * INTO row] | database/053_sprint8_act6_effective_round_integrity.sql:L34@s8_verify_integrity[qualified/rowtype field reference],NO_CURRENT_EXECUTION_VALIDATION,docs/plans/ROUND1_FIELD_READ_WRITE_OVERVIEW_V1.0_part2.csv
F0304,s5_rounds#08,1,1,1,0,NONE,0,database/027_sprint5_act6_8_runtime.sql:L49@s5_submit_vote[SELECT * INTO row],database/027_sprint5_act6_8_runtime.sql:L49@s5_submit_vote[SELECT * INTO row],NO_CURRENT_EXECUTION_VALIDATION,docs/plans/ROUND1_FIELD_READ_WRITE_OVERVIEW_V1.0_part2.csv
F0305,s5_rounds#09,1,1,1,0,NONE,0,database/027_sprint5_act6_8_runtime.sql:L49@s5_submit_vote[SELECT * INTO row],database/027_sprint5_act6_8_runtime.sql:L49@s5_submit_vote[SELECT * INTO row],NO_CURRENT_EXECUTION_VALIDATION,docs/plans/ROUND1_FIELD_READ_WRITE_OVERVIEW_V1.0_part2.csv
F0306,s5_run_state#01,21,10,10,0,NONE,1,database/027_sprint5_act6_8_runtime.sql:L47@s5_submit_vote[SELECT * INTO row] | database/027_sprint5_act6_8_runtime.sql:L71@s5_advance[SELECT * INTO row],database/061_package_a_act6_entry_timer_barrier.sql:L57@s9_enter_act6[SELECT * INTO row] | database/063_package_a_player_entry_column_fix.sql:L32@s9_enter_act6[SELECT * INTO row],NO_CURRENT_EXECUTION_VALIDATION,docs/plans/ROUND1_FIELD_READ_WRITE_OVERVIEW_V1.0_part2.csv
F0307,s5_run_state#02,22,11,11,0,NONE,2,database/027_sprint5_act6_8_runtime.sql:L47@s5_submit_vote[SELECT * INTO row] | database/027_sprint5_act6_8_runtime.sql:L71@s5_advance[SELECT * INTO row],database/061_package_a_act6_entry_timer_barrier.sql:L57@s9_enter_act6[SELECT * INTO row] | database/063_package_a_player_entry_column_fix.sql:L32@s9_enter_act6[SELECT * INTO row],NO_CURRENT_EXECUTION_VALIDATION,docs/plans/ROUND1_FIELD_READ_WRITE_OVERVIEW_V1.0_part2.csv
F0308,s5_run_state#03,60,14,13,0,NONE,2,database/027_sprint5_act6_8_runtime.sql:L47@s5_submit_vote[SELECT * INTO row] | database/027_sprint5_act6_8_runtime.sql:L49@s5_submit_vote[qualified/rowtype field reference],database/061_package_a_act6_entry_timer_barrier.sql:L57@s9_enter_act6[SELECT * INTO row] | database/063_package_a_player_entry_column_fix.sql:L32@s9_enter_act6[SELECT * INTO row],NO_CURRENT_EXECUTION_VALIDATION,docs/plans/ROUND1_FIELD_READ_WRITE_OVERVIEW_V1.0_part2.csv
F0309,s5_run_state#04,47,14,13,0,NONE,2,database/027_sprint5_act6_8_runtime.sql:L47@s5_submit_vote[SELECT * INTO row] | database/027_sprint5_act6_8_runtime.sql:L49@s5_submit_vote[qualified/rowtype field reference],database/061_package_a_act6_entry_timer_barrier.sql:L57@s9_enter_act6[SELECT * INTO row] | database/063_package_a_player_entry_column_fix.sql:L32@s9_enter_act6[SELECT * INTO row],NO_CURRENT_EXECUTION_VALIDATION,docs/plans/ROUND1_FIELD_READ_WRITE_OVERVIEW_V1.0_part2.csv
F0310,s5_run_state#05,22,10,10,1,TEST,0,database/027_sprint5_act6_8_runtime.sql:L47@s5_submit_vote[SELECT * INTO row] | database/027_sprint5_act6_8_runtime.sql:L71@s5_advance[SELECT * INTO row],database/061_package_a_act6_entry_timer_barrier.sql:L57@s9_enter_act6[SELECT * INTO row] | database/063_package_a_player_entry_column_fix.sql:L32@s9_enter_act6[SELECT * INTO row],NO_CURRENT_EXECUTION_VALIDATION,docs/plans/ROUND1_FIELD_READ_WRITE_OVERVIEW_V1.0_part2.csv
F0311,s5_run_state#06,20,10,10,2,NONSQL_OTHER|TEST,0,database/027_sprint5_act6_8_runtime.sql:L47@s5_submit_vote[SELECT * INTO row] | database/027_sprint5_act6_8_runtime.sql:L65@s5_submit_vote[qualified/rowtype field reference],database/061_package_a_act6_entry_timer_barrier.sql:L57@s9_enter_act6[SELECT * INTO row] | database/063_package_a_player_entry_column_fix.sql:L32@s9_enter_act6[SELECT * INTO row],NO_CURRENT_EXECUTION_VALIDATION,docs/plans/ROUND1_FIELD_READ_WRITE_OVERVIEW_V1.0_part2.csv
F0312,s5_run_state#07,23,10,10,6,NONSQL_OTHER|TEST,0,database/027_sprint5_act6_8_runtime.sql:L47@s5_submit_vote[SELECT * INTO row] | database/027_sprint5_act6_8_runtime.sql:L71@s5_advance[SELECT * INTO row],database/061_package_a_act6_entry_timer_barrier.sql:L57@s9_enter_act6[SELECT * INTO row] | database/063_package_a_player_entry_column_fix.sql:L32@s9_enter_act6[SELECT * INTO row],NO_CURRENT_EXECUTION_VALIDATION,docs/plans/ROUND1_FIELD_READ_WRITE_OVERVIEW_V1.0_part2.csv
F0313,s5_run_state#08,19,10,10,0,NONE,0,database/027_sprint5_act6_8_runtime.sql:L47@s5_submit_vote[SELECT * INTO row] | database/027_sprint5_act6_8_runtime.sql:L71@s5_advance[SELECT * INTO row],database/061_package_a_act6_entry_timer_barrier.sql:L57@s9_enter_act6[SELECT * INTO row] | database/063_package_a_player_entry_column_fix.sql:L32@s9_enter_act6[SELECT * INTO row],NO_CURRENT_EXECUTION_VALIDATION,docs/plans/ROUND1_FIELD_READ_WRITE_OVERVIEW_V1.0_part2.csv
F0314,s5_run_state#09,19,10,10,0,NONE,0,database/027_sprint5_act6_8_runtime.sql:L47@s5_submit_vote[SELECT * INTO row] | database/027_sprint5_act6_8_runtime.sql:L71@s5_advance[SELECT * INTO row],database/061_package_a_act6_entry_timer_barrier.sql:L57@s9_enter_act6[SELECT * INTO row] | database/063_package_a_player_entry_column_fix.sql:L32@s9_enter_act6[SELECT * INTO row],NO_CURRENT_EXECUTION_VALIDATION,docs/plans/ROUND1_FIELD_READ_WRITE_OVERVIEW_V1.0_part2.csv
F0315,s5_run_state#10,22,10,10,0,NONE,0,database/027_sprint5_act6_8_runtime.sql:L47@s5_submit_vote[SELECT * INTO row] | database/027_sprint5_act6_8_runtime.sql:L71@s5_advance[SELECT * INTO row],database/063_package_a_player_entry_column_fix.sql:L32@s9_enter_act6[SELECT * INTO row] | database/063_package_a_player_entry_column_fix.sql:L48@s9_enter_act6[qualified/rowtype field reference],NO_CURRENT_EXECUTION_VALIDATION,docs/plans/ROUND1_FIELD_READ_WRITE_OVERVIEW_V1.0_part2.csv
F0316,s5_votes#01,2,2,2,0,NONE,0,database/027_sprint5_act6_8_runtime.sql:L48@s5_submit_vote[SELECT * INTO row] | database/031_sprint5_focused_reaudit_corrections.sql:L30@s5_get_teacher_discussion_state[qualified/rowtype field reference],database/027_sprint5_act6_8_runtime.sql:L48@s5_submit_vote[SELECT * INTO row] | database/031_sprint5_focused_reaudit_corrections.sql:L30@s5_get_teacher_discussion_state[qualified/rowtype field reference],NO_CURRENT_EXECUTION_VALIDATION,docs/plans/ROUND1_FIELD_READ_WRITE_OVERVIEW_V1.0_part2.csv
F0317,s5_votes#02,2,2,2,0,NONE,0,database/027_sprint5_act6_8_runtime.sql:L48@s5_submit_vote[SELECT * INTO row] | database/031_sprint5_focused_reaudit_corrections.sql:L30@s5_get_teacher_discussion_state[qualified/rowtype field reference],database/027_sprint5_act6_8_runtime.sql:L48@s5_submit_vote[SELECT * INTO row] | database/031_sprint5_focused_reaudit_corrections.sql:L30@s5_get_teacher_discussion_state[qualified/rowtype field reference],NO_CURRENT_EXECUTION_VALIDATION,docs/plans/ROUND1_FIELD_READ_WRITE_OVERVIEW_V1.0_part2.csv
F0318,s5_votes#03,2,2,2,0,NONE,0,database/027_sprint5_act6_8_runtime.sql:L48@s5_submit_vote[SELECT * INTO row] | database/031_sprint5_focused_reaudit_corrections.sql:L30@s5_get_teacher_discussion_state[qualified/rowtype field reference],database/027_sprint5_act6_8_runtime.sql:L48@s5_submit_vote[SELECT * INTO row] | database/031_sprint5_focused_reaudit_corrections.sql:L30@s5_get_teacher_discussion_state[qualified/rowtype field reference],NO_CURRENT_EXECUTION_VALIDATION,docs/plans/ROUND1_FIELD_READ_WRITE_OVERVIEW_V1.0_part2.csv
F0319,s5_votes#04,2,2,2,0,NONE,0,database/027_sprint5_act6_8_runtime.sql:L48@s5_submit_vote[SELECT * INTO row] | database/031_sprint5_focused_reaudit_corrections.sql:L30@s5_get_teacher_discussion_state[qualified/rowtype field reference],database/027_sprint5_act6_8_runtime.sql:L48@s5_submit_vote[SELECT * INTO row] | database/031_sprint5_focused_reaudit_corrections.sql:L30@s5_get_teacher_discussion_state[qualified/rowtype field reference],NO_CURRENT_EXECUTION_VALIDATION,docs/plans/ROUND1_FIELD_READ_WRITE_OVERVIEW_V1.0_part2.csv
F0320,s5_votes#05,4,2,2,0,NONE,0,database/027_sprint5_act6_8_runtime.sql:L48@s5_submit_vote[SELECT * INTO row] | database/027_sprint5_act6_8_runtime.sql:L48@s5_submit_vote[qualified/rowtype field reference],database/031_sprint5_focused_reaudit_corrections.sql:L25@s5_submit_vote[qualified/rowtype field reference] | database/031_sprint5_focused_reaudit_corrections.sql:L30@s5_get_teacher_discussion_state[qualified/rowtype field reference],NO_CURRENT_EXECUTION_VALIDATION,docs/plans/ROUND1_FIELD_READ_WRITE_OVERVIEW_V1.0_part2.csv
F0321,s5_votes#06,1,1,1,0,NONE,0,database/027_sprint5_act6_8_runtime.sql:L48@s5_submit_vote[SELECT * INTO row],database/027_sprint5_act6_8_runtime.sql:L48@s5_submit_vote[SELECT * INTO row],NO_CURRENT_EXECUTION_VALIDATION,docs/plans/ROUND1_FIELD_READ_WRITE_OVERVIEW_V1.0_part2.csv
F0322,s5_votes#07,2,2,2,0,NONE,0,database/027_sprint5_act6_8_runtime.sql:L48@s5_submit_vote[SELECT * INTO row] | database/031_sprint5_focused_reaudit_corrections.sql:L30@s5_get_teacher_discussion_state[qualified/rowtype field reference],database/027_sprint5_act6_8_runtime.sql:L48@s5_submit_vote[SELECT * INTO row] | database/031_sprint5_focused_reaudit_corrections.sql:L30@s5_get_teacher_discussion_state[qualified/rowtype field reference],NO_CURRENT_EXECUTION_VALIDATION,docs/plans/ROUND1_FIELD_READ_WRITE_OVERVIEW_V1.0_part2.csv
F0323,s6_action_receipts#01,0,0,0,0,NONE,0,,,NO_CURRENT_EXECUTION_VALIDATION,docs/plans/ROUND1_FIELD_READ_WRITE_OVERVIEW_V1.0_part2.csv
F0324,s6_action_receipts#02,0,0,0,0,NONE,0,,,NO_CURRENT_EXECUTION_VALIDATION,docs/plans/ROUND1_FIELD_READ_WRITE_OVERVIEW_V1.0_part2.csv
F0325,s6_action_receipts#03,0,0,0,0,NONE,0,,,NO_CURRENT_EXECUTION_VALIDATION,docs/plans/ROUND1_FIELD_READ_WRITE_OVERVIEW_V1.0_part2.csv
F0326,s6_action_receipts#04,9,9,2,0,NONE,0,database/035_sprint6_focused_audit_corrections.sql:L40@s6_send_message_guarded[qualified/rowtype field reference] | database/035_sprint6_focused_audit_corrections.sql:L46@s6_submit_group_choice_guarded[qualified/rowtype field reference],database/036_sprint6_four_open_findings.sql:L16@s6_close_discussion_v2[qualified/rowtype field reference] | database/036_sprint6_four_open_findings.sql:L25@s6_complete_station_v2[qualified/rowtype field reference],NO_CURRENT_EXECUTION_VALIDATION,docs/plans/ROUND1_FIELD_READ_WRITE_OVERVIEW_V1.0_part2.csv
F0327,s6_action_receipts#05,9,9,2,9,NONSQL_OTHER,0,database/035_sprint6_focused_audit_corrections.sql:L40@s6_send_message_guarded[qualified/rowtype field reference] | database/035_sprint6_focused_audit_corrections.sql:L46@s6_submit_group_choice_guarded[qualified/rowtype field reference],database/036_sprint6_four_open_findings.sql:L16@s6_close_discussion_v2[qualified/rowtype field reference] | database/036_sprint6_four_open_findings.sql:L25@s6_complete_station_v2[qualified/rowtype field reference],NO_CURRENT_EXECUTION_VALIDATION,docs/plans/ROUND1_FIELD_READ_WRITE_OVERVIEW_V1.0_part2.csv
F0328,s6_action_receipts#06,9,9,2,14,NONSQL_OTHER|TEST,0,database/035_sprint6_focused_audit_corrections.sql:L40@s6_send_message_guarded[qualified/rowtype field reference] | database/035_sprint6_focused_audit_corrections.sql:L46@s6_submit_group_choice_guarded[qualified/rowtype field reference],database/036_sprint6_four_open_findings.sql:L16@s6_close_discussion_v2[qualified/rowtype field reference] | database/036_sprint6_four_open_findings.sql:L25@s6_complete_station_v2[qualified/rowtype field reference],NO_CURRENT_EXECUTION_VALIDATION,docs/plans/ROUND1_FIELD_READ_WRITE_OVERVIEW_V1.0_part2.csv
F0329,s6_action_receipts#07,0,0,0,0,NONE,0,,,NO_CURRENT_EXECUTION_VALIDATION,docs/plans/ROUND1_FIELD_READ_WRITE_OVERVIEW_V1.0_part2.csv
F0330,s6_allocation_attempts#01,0,0,0,0,NONE,0,,,NO_CURRENT_EXECUTION_VALIDATION,docs/plans/ROUND1_FIELD_READ_WRITE_OVERVIEW_V1.0_part2.csv
F0331,s6_allocation_attempts#02,0,0,0,0,NONE,0,,,NO_CURRENT_EXECUTION_VALIDATION,docs/plans/ROUND1_FIELD_READ_WRITE_OVERVIEW_V1.0_part2.csv
F0332,s6_allocation_attempts#03,0,0,0,0,NONE,0,,,NO_CURRENT_EXECUTION_VALIDATION,docs/plans/ROUND1_FIELD_READ_WRITE_OVERVIEW_V1.0_part2.csv
F0333,s6_allocation_attempts#04,0,0,0,0,NONE,0,,,NO_CURRENT_EXECUTION_VALIDATION,docs/plans/ROUND1_FIELD_READ_WRITE_OVERVIEW_V1.0_part2.csv
F0334,s6_allocation_attempts#05,0,0,0,0,NONE,0,,,NO_CURRENT_EXECUTION_VALIDATION,docs/plans/ROUND1_FIELD_READ_WRITE_OVERVIEW_V1.0_part2.csv
F0335,s6_allocation_attempts#06,0,0,0,0,NONE,0,,,NO_CURRENT_EXECUTION_VALIDATION,docs/plans/ROUND1_FIELD_READ_WRITE_OVERVIEW_V1.0_part2.csv
F0336,s6_allocation_attempts#07,0,0,0,0,NONE,0,,,NO_CURRENT_EXECUTION_VALIDATION,docs/plans/ROUND1_FIELD_READ_WRITE_OVERVIEW_V1.0_part2.csv
F0337,s6_allocations#01,3,2,3,0,NONE,0,database/033_sprint6_act9_13_runtime.sql:L53@s6_submit_allocation[qualified/rowtype field reference] | database/034_sprint6_contract_hardening.sql:L23@s6_submit_allocation[qualified/rowtype field reference],database/034_sprint6_contract_hardening.sql:L23@s6_submit_allocation[qualified/rowtype field reference] | database/035_sprint6_focused_audit_corrections.sql:L61@s6_submit_allocation_guarded[qualified/rowtype field reference],NO_CURRENT_EXECUTION_VALIDATION,docs/plans/ROUND1_FIELD_READ_WRITE_OVERVIEW_V1.0_part2.csv
F0338,s6_allocations#02,0,0,0,0,NONE,0,,,NO_CURRENT_EXECUTION_VALIDATION,docs/plans/ROUND1_FIELD_READ_WRITE_OVERVIEW_V1.0_part2.csv
F0339,s6_allocations#03,4,2,3,0,NONE,0,database/033_sprint6_act9_13_runtime.sql:L53@s6_submit_allocation[qualified/rowtype field reference] | database/034_sprint6_contract_hardening.sql:L22@s6_submit_allocation[qualified/rowtype field reference],database/034_sprint6_contract_hardening.sql:L23@s6_submit_allocation[qualified/rowtype field reference] | database/035_sprint6_focused_audit_corrections.sql:L61@s6_submit_allocation_guarded[qualified/rowtype field reference],NO_CURRENT_EXECUTION_VALIDATION,docs/plans/ROUND1_FIELD_READ_WRITE_OVERVIEW_V1.0_part2.csv
F0340,s6_allocations#04,0,0,0,0,NONE,0,,,NO_CURRENT_EXECUTION_VALIDATION,docs/plans/ROUND1_FIELD_READ_WRITE_OVERVIEW_V1.0_part2.csv
F0341,s6_allocations#05,0,0,0,0,NONE,0,,,NO_CURRENT_EXECUTION_VALIDATION,docs/plans/ROUND1_FIELD_READ_WRITE_OVERVIEW_V1.0_part2.csv
F0342,s6_audio_consumptions#01,7,4,6,0,NONE,0,database/043_sprint7_teacher_console.sql:L74@s7_get_teacher_console[qualified/rowtype field reference] | database/044_sprint7_focused_level1_corrections.sql:L63@s7_get_teacher_console[qualified/rowtype field reference],database/048_sprint8_focused_level1_corrections.sql:L50@s8_finalize[qualified/rowtype field reference] | database/049_sprint8_final_closure.sql:L140@s8_verify_integrity[qualified/rowtype field reference],NO_CURRENT_EXECUTION_VALIDATION,docs/plans/ROUND1_FIELD_READ_WRITE_OVERVIEW_V1.0_part2.csv
F0343,s6_audio_consumptions#02,2,1,2,0,NONE,0,database/047_sprint8_export_completeness.sql:L32@s8_export_session[qualified/rowtype field reference] | database/048_sprint8_focused_level1_corrections.sql:L117@s8_export_session[qualified/rowtype field reference],database/047_sprint8_export_completeness.sql:L32@s8_export_session[qualified/rowtype field reference] | database/048_sprint8_focused_level1_corrections.sql:L117@s8_export_session[qualified/rowtype field reference],NO_CURRENT_EXECUTION_VALIDATION,docs/plans/ROUND1_FIELD_READ_WRITE_OVERVIEW_V1.0_part2.csv
F0344,s6_audio_consumptions#03,2,1,2,0,NONE,0,database/047_sprint8_export_completeness.sql:L32@s8_export_session[qualified/rowtype field reference] | database/048_sprint8_focused_level1_corrections.sql:L117@s8_export_session[qualified/rowtype field reference],database/047_sprint8_export_completeness.sql:L32@s8_export_session[qualified/rowtype field reference] | database/048_sprint8_focused_level1_corrections.sql:L117@s8_export_session[qualified/rowtype field reference],NO_CURRENT_EXECUTION_VALIDATION,docs/plans/ROUND1_FIELD_READ_WRITE_OVERVIEW_V1.0_part2.csv
F0345,s6_audio_consumptions#04,2,1,2,0,NONE,0,database/047_sprint8_export_completeness.sql:L32@s8_export_session[qualified/rowtype field reference] | database/048_sprint8_focused_level1_corrections.sql:L117@s8_export_session[qualified/rowtype field reference],database/047_sprint8_export_completeness.sql:L32@s8_export_session[qualified/rowtype field reference] | database/048_sprint8_focused_level1_corrections.sql:L117@s8_export_session[qualified/rowtype field reference],NO_CURRENT_EXECUTION_VALIDATION,docs/plans/ROUND1_FIELD_READ_WRITE_OVERVIEW_V1.0_part2.csv
F0346,s6_audio_occurrences#01,7,3,4,0,NONE,0,database/037_level3_independent_audit_closure.sql:L170@s6_mark_audio_consumed[SELECT * INTO row] | database/037_level3_independent_audit_closure.sql:L173@s6_mark_audio_consumed[qualified/rowtype field reference],database/048_sprint8_focused_level1_corrections.sql:L50@s8_finalize[qualified/rowtype field reference] | database/049_sprint8_final_closure.sql:L140@s8_verify_integrity[qualified/rowtype field reference],NO_CURRENT_EXECUTION_VALIDATION,docs/plans/ROUND1_FIELD_READ_WRITE_OVERVIEW_V1.0_part2.csv
F0347,s6_audio_occurrences#02,3,2,3,0,NONE,0,database/037_level3_independent_audit_closure.sql:L170@s6_mark_audio_consumed[SELECT * INTO row] | database/046_sprint8_act14_finalization_export.sql:L42@s8_finalize[qualified/rowtype field reference],database/046_sprint8_act14_finalization_export.sql:L42@s8_finalize[qualified/rowtype field reference] | database/048_sprint8_focused_level1_corrections.sql:L50@s8_finalize[qualified/rowtype field reference],NO_CURRENT_EXECUTION_VALIDATION,docs/plans/ROUND1_FIELD_READ_WRITE_OVERVIEW_V1.0_part2.csv
F0348,s6_audio_occurrences#03,2,1,1,0,NONE,0,database/037_level3_independent_audit_closure.sql:L170@s6_mark_audio_consumed[SELECT * INTO row] | database/037_level3_independent_audit_closure.sql:L174@s6_mark_audio_consumed[qualified/rowtype field reference],database/037_level3_independent_audit_closure.sql:L170@s6_mark_audio_consumed[SELECT * INTO row] | database/037_level3_independent_audit_closure.sql:L174@s6_mark_audio_consumed[qualified/rowtype field reference],NO_CURRENT_EXECUTION_VALIDATION,docs/plans/ROUND1_FIELD_READ_WRITE_OVERVIEW_V1.0_part2.csv
F0349,s6_audio_occurrences#04,2,1,1,0,NONE,0,database/037_level3_independent_audit_closure.sql:L170@s6_mark_audio_consumed[SELECT * INTO row] | database/037_level3_independent_audit_closure.sql:L174@s6_mark_audio_consumed[qualified/rowtype field reference],database/037_level3_independent_audit_closure.sql:L170@s6_mark_audio_consumed[SELECT * INTO row] | database/037_level3_independent_audit_closure.sql:L174@s6_mark_audio_consumed[qualified/rowtype field reference],NO_CURRENT_EXECUTION_VALIDATION,docs/plans/ROUND1_FIELD_READ_WRITE_OVERVIEW_V1.0_part2.csv
F0350,s6_audio_occurrences#05,1,1,1,0,NONE,0,database/037_level3_independent_audit_closure.sql:L170@s6_mark_audio_consumed[SELECT * INTO row],database/037_level3_independent_audit_closure.sql:L170@s6_mark_audio_consumed[SELECT * INTO row],NO_CURRENT_EXECUTION_VALIDATION,docs/plans/ROUND1_FIELD_READ_WRITE_OVERVIEW_V1.0_part2.csv
F0351,s6_audio_occurrences#06,1,1,1,0,NONE,0,database/037_level3_independent_audit_closure.sql:L170@s6_mark_audio_consumed[SELECT * INTO row],database/037_level3_independent_audit_closure.sql:L170@s6_mark_audio_consumed[SELECT * INTO row],NO_CURRENT_EXECUTION_VALIDATION,docs/plans/ROUND1_FIELD_READ_WRITE_OVERVIEW_V1.0_part2.csv
F0352,s6_choices#01,8,3,8,0,NONE,1,database/034_sprint6_contract_hardening.sql:L25@s6_get_player_state[qualified/rowtype field reference] | database/035_sprint6_focused_audit_corrections.sql:L72@s6_get_player_state[qualified/rowtype field reference],database/066_package_b_wait_projection_locked_at_fix.sql:L11@s9_get_player_wait_state[SELECT * INTO row] | database/067_package_b_allocation_progress_fix.sql:L11@s9_get_player_wait_state[SELECT * INTO row],NO_CURRENT_EXECUTION_VALIDATION,docs/plans/ROUND1_FIELD_READ_WRITE_OVERVIEW_V1.0_part2.csv
F0353,s6_choices#02,8,3,8,0,NONE,1,database/034_sprint6_contract_hardening.sql:L25@s6_get_player_state[qualified/rowtype field reference] | database/035_sprint6_focused_audit_corrections.sql:L72@s6_get_player_state[qualified/rowtype field reference],database/066_package_b_wait_projection_locked_at_fix.sql:L11@s9_get_player_wait_state[SELECT * INTO row] | database/067_package_b_allocation_progress_fix.sql:L11@s9_get_player_wait_state[SELECT * INTO row],NO_CURRENT_EXECUTION_VALIDATION,docs/plans/ROUND1_FIELD_READ_WRITE_OVERVIEW_V1.0_part2.csv
F0354,s6_choices#03,5,2,4,0,NONE,0,database/049_sprint8_final_closure.sql:L115@s8_verify_integrity[qualified/rowtype field reference] | database/049_sprint8_final_closure.sql:L116@s8_verify_integrity[qualified/rowtype field reference],database/066_package_b_wait_projection_locked_at_fix.sql:L11@s9_get_player_wait_state[SELECT * INTO row] | database/067_package_b_allocation_progress_fix.sql:L11@s9_get_player_wait_state[SELECT * INTO row],NO_CURRENT_EXECUTION_VALIDATION,docs/plans/ROUND1_FIELD_READ_WRITE_OVERVIEW_V1.0_part2.csv
F0355,s6_choices#04,6,1,3,0,NONE,0,database/065_package_b_player_wait_projection.sql:L11@s9_get_player_wait_state[SELECT * INTO row] | database/065_package_b_player_wait_projection.sql:L16@s9_get_player_wait_state[qualified/rowtype field reference],database/067_package_b_allocation_progress_fix.sql:L11@s9_get_player_wait_state[SELECT * INTO row] | database/067_package_b_allocation_progress_fix.sql:L20@s9_get_player_wait_state[qualified/rowtype field reference],NO_CURRENT_EXECUTION_VALIDATION,docs/plans/ROUND1_FIELD_READ_WRITE_OVERVIEW_V1.0_part2.csv
F0356,s6_choices#05,10,4,9,0,NONE,0,database/033_sprint6_act9_13_runtime.sql:L39@s6_submit_group_choice[qualified/rowtype field reference] | database/034_sprint6_contract_hardening.sql:L25@s6_get_player_state[qualified/rowtype field reference],database/066_package_b_wait_projection_locked_at_fix.sql:L11@s9_get_player_wait_state[SELECT * INTO row] | database/067_package_b_allocation_progress_fix.sql:L11@s9_get_player_wait_state[SELECT * INTO row],NO_CURRENT_EXECUTION_VALIDATION,docs/plans/ROUND1_FIELD_READ_WRITE_OVERVIEW_V1.0_part2.csv
F0357,s6_choices#06,3,1,3,0,NONE,0,database/065_package_b_player_wait_projection.sql:L11@s9_get_player_wait_state[SELECT * INTO row] | database/066_package_b_wait_projection_locked_at_fix.sql:L11@s9_get_player_wait_state[SELECT * INTO row],database/066_package_b_wait_projection_locked_at_fix.sql:L11@s9_get_player_wait_state[SELECT * INTO row] | database/067_package_b_allocation_progress_fix.sql:L11@s9_get_player_wait_state[SELECT * INTO row],NO_CURRENT_EXECUTION_VALIDATION,docs/plans/ROUND1_FIELD_READ_WRITE_OVERVIEW_V1.0_part2.csv
F0358,s6_choices#07,3,1,3,0,NONE,0,database/065_package_b_player_wait_projection.sql:L11@s9_get_player_wait_state[SELECT * INTO row] | database/066_package_b_wait_projection_locked_at_fix.sql:L11@s9_get_player_wait_state[SELECT * INTO row],database/066_package_b_wait_projection_locked_at_fix.sql:L11@s9_get_player_wait_state[SELECT * INTO row] | database/067_package_b_allocation_progress_fix.sql:L11@s9_get_player_wait_state[SELECT * INTO row],NO_CURRENT_EXECUTION_VALIDATION,docs/plans/ROUND1_FIELD_READ_WRITE_OVERVIEW_V1.0_part2.csv
F0359,s6_choices#08,3,1,3,0,NONE,0,database/065_package_b_player_wait_projection.sql:L11@s9_get_player_wait_state[SELECT * INTO row] | database/066_package_b_wait_projection_locked_at_fix.sql:L11@s9_get_player_wait_state[SELECT * INTO row],database/066_package_b_wait_projection_locked_at_fix.sql:L11@s9_get_player_wait_state[SELECT * INTO row] | database/067_package_b_allocation_progress_fix.sql:L11@s9_get_player_wait_state[SELECT * INTO row],NO_CURRENT_EXECUTION_VALIDATION,docs/plans/ROUND1_FIELD_READ_WRITE_OVERVIEW_V1.0_part2.csv
F0360,s6_choices#09,3,1,3,0,NONE,0,database/065_package_b_player_wait_projection.sql:L11@s9_get_player_wait_state[SELECT * INTO row] | database/066_package_b_wait_projection_locked_at_fix.sql:L11@s9_get_player_wait_state[SELECT * INTO row],database/066_package_b_wait_projection_locked_at_fix.sql:L11@s9_get_player_wait_state[SELECT * INTO row] | database/067_package_b_allocation_progress_fix.sql:L11@s9_get_player_wait_state[SELECT * INTO row],NO_CURRENT_EXECUTION_VALIDATION,docs/plans/ROUND1_FIELD_READ_WRITE_OVERVIEW_V1.0_part2.csv
F0361,s6_choices#10,4,2,4,0,NONE,2,database/049_sprint8_final_closure.sql:L115@s8_verify_integrity[qualified/rowtype field reference] | database/065_package_b_player_wait_projection.sql:L11@s9_get_player_wait_state[SELECT * INTO row],database/066_package_b_wait_projection_locked_at_fix.sql:L11@s9_get_player_wait_state[SELECT * INTO row] | database/067_package_b_allocation_progress_fix.sql:L11@s9_get_player_wait_state[SELECT * INTO row],NO_CURRENT_EXECUTION_VALIDATION,docs/plans/ROUND1_FIELD_READ_WRITE_OVERVIEW_V1.0_part2.csv
F0362,s6_engagements#01,0,0,0,0,NONE,0,,,NO_CURRENT_EXECUTION_VALIDATION,docs/plans/ROUND1_FIELD_READ_WRITE_OVERVIEW_V1.0_part2.csv
F0363,s6_engagements#02,0,0,0,0,NONE,0,,,NO_CURRENT_EXECUTION_VALIDATION,docs/plans/ROUND1_FIELD_READ_WRITE_OVERVIEW_V1.0_part2.csv
F0364,s6_engagements#03,0,0,0,0,NONE,0,,,NO_CURRENT_EXECUTION_VALIDATION,docs/plans/ROUND1_FIELD_READ_WRITE_OVERVIEW_V1.0_part2.csv
F0365,s6_engagements#04,0,0,0,0,NONE,0,,,NO_CURRENT_EXECUTION_VALIDATION,docs/plans/ROUND1_FIELD_READ_WRITE_OVERVIEW_V1.0_part2.csv
F0366,s6_private_clues#01,0,0,0,0,NONE,0,,,NO_CURRENT_EXECUTION_VALIDATION,docs/plans/ROUND1_FIELD_READ_WRITE_OVERVIEW_V1.0_part2.csv
F0367,s6_private_clues#02,0,0,0,0,NONE,0,,,NO_CURRENT_EXECUTION_VALIDATION,docs/plans/ROUND1_FIELD_READ_WRITE_OVERVIEW_V1.0_part2.csv
F0368,s6_private_clues#03,0,0,0,0,NONE,0,,,NO_CURRENT_EXECUTION_VALIDATION,docs/plans/ROUND1_FIELD_READ_WRITE_OVERVIEW_V1.0_part2.csv
F0369,s6_private_clues#04,0,0,0,0,NONE,0,,,NO_CURRENT_EXECUTION_VALIDATION,docs/plans/ROUND1_FIELD_READ_WRITE_OVERVIEW_V1.0_part2.csv
F0370,s6_private_clues#05,0,0,0,0,NONE,0,,,NO_CURRENT_EXECUTION_VALIDATION,docs/plans/ROUND1_FIELD_READ_WRITE_OVERVIEW_V1.0_part2.csv
F0371,s6_private_clues#06,0,0,0,0,NONE,0,,,NO_CURRENT_EXECUTION_VALIDATION,docs/plans/ROUND1_FIELD_READ_WRITE_OVERVIEW_V1.0_part2.csv
F0372,s6_run_state#01,15,6,14,0,NONE,3,database/033_sprint6_act9_13_runtime.sql:L57@s6_get_player_state[to_jsonb(row) exposes field] | database/034_sprint6_contract_hardening.sql:L25@s6_get_player_state[to_jsonb(row) exposes field],database/066_package_b_wait_projection_locked_at_fix.sql:L9@s9_get_player_wait_state[SELECT * INTO row] | database/067_package_b_allocation_progress_fix.sql:L9@s9_get_player_wait_state[SELECT * INTO row],NO_CURRENT_EXECUTION_VALIDATION,docs/plans/ROUND1_FIELD_READ_WRITE_OVERVIEW_V1.0_part2.csv
F0373,s6_run_state#02,25,7,14,0,NONE,3,database/033_sprint6_act9_13_runtime.sql:L57@s6_get_player_state[qualified/rowtype field reference] | database/033_sprint6_act9_13_runtime.sql:L57@s6_get_player_state[to_jsonb(row) exposes field],database/066_package_b_wait_projection_locked_at_fix.sql:L9@s9_get_player_wait_state[SELECT * INTO row] | database/067_package_b_allocation_progress_fix.sql:L9@s9_get_player_wait_state[SELECT * INTO row],NO_CURRENT_EXECUTION_VALIDATION,docs/plans/ROUND1_FIELD_READ_WRITE_OVERVIEW_V1.0_part2.csv
F0374,s6_run_state#03,70,19,14,0,NONE,4,database/033_sprint6_act9_13_runtime.sql:L40@s6_submit_group_choice[qualified/rowtype field reference] | database/033_sprint6_act9_13_runtime.sql:L42@s6_submit_group_choice[qualified/rowtype field reference],database/067_package_b_allocation_progress_fix.sql:L19@s9_get_player_wait_state[qualified/rowtype field reference] | database/067_package_b_allocation_progress_fix.sql:L9@s9_get_player_wait_state[SELECT * INTO row],NO_CURRENT_EXECUTION_VALIDATION,docs/plans/ROUND1_FIELD_READ_WRITE_OVERVIEW_V1.0_part2.csv
F0375,s6_run_state#04,31,9,14,4,NONSQL_OTHER|TEST,2,database/033_sprint6_act9_13_runtime.sql:L44@s6_submit_group_choice[qualified/rowtype field reference] | database/033_sprint6_act9_13_runtime.sql:L45@s6_submit_group_choice[qualified/rowtype field reference],database/066_package_b_wait_projection_locked_at_fix.sql:L9@s9_get_player_wait_state[SELECT * INTO row] | database/067_package_b_allocation_progress_fix.sql:L9@s9_get_player_wait_state[SELECT * INTO row],NO_CURRENT_EXECUTION_VALIDATION,docs/plans/ROUND1_FIELD_READ_WRITE_OVERVIEW_V1.0_part2.csv
F0376,s6_run_state#05,38,12,14,0,NONE,2,database/033_sprint6_act9_13_runtime.sql:L40@s6_submit_group_choice[qualified/rowtype field reference] | database/033_sprint6_act9_13_runtime.sql:L42@s6_submit_group_choice[qualified/rowtype field reference],database/067_package_b_allocation_progress_fix.sql:L19@s9_get_player_wait_state[qualified/rowtype field reference] | database/067_package_b_allocation_progress_fix.sql:L9@s9_get_player_wait_state[SELECT * INTO row],NO_CURRENT_EXECUTION_VALIDATION,docs/plans/ROUND1_FIELD_READ_WRITE_OVERVIEW_V1.0_part2.csv
F0377,s6_run_state#06,16,6,14,0,NONE,0,database/033_sprint6_act9_13_runtime.sql:L57@s6_get_player_state[to_jsonb(row) exposes field] | database/034_sprint6_contract_hardening.sql:L25@s6_get_player_state[to_jsonb(row) exposes field],database/066_package_b_wait_projection_locked_at_fix.sql:L9@s9_get_player_wait_state[SELECT * INTO row] | database/067_package_b_allocation_progress_fix.sql:L9@s9_get_player_wait_state[SELECT * INTO row],NO_CURRENT_EXECUTION_VALIDATION,docs/plans/ROUND1_FIELD_READ_WRITE_OVERVIEW_V1.0_part2.csv
F0378,s6_run_state#07,16,6,14,0,NONE,0,database/033_sprint6_act9_13_runtime.sql:L57@s6_get_player_state[to_jsonb(row) exposes field] | database/034_sprint6_contract_hardening.sql:L25@s6_get_player_state[to_jsonb(row) exposes field],database/066_package_b_wait_projection_locked_at_fix.sql:L9@s9_get_player_wait_state[SELECT * INTO row] | database/067_package_b_allocation_progress_fix.sql:L9@s9_get_player_wait_state[SELECT * INTO row],NO_CURRENT_EXECUTION_VALIDATION,docs/plans/ROUND1_FIELD_READ_WRITE_OVERVIEW_V1.0_part2.csv
F0379,s6_run_state#08,25,11,14,4,NONSQL_OTHER|TEST,0,database/033_sprint6_act9_13_runtime.sql:L53@s6_submit_allocation[qualified/rowtype field reference] | database/033_sprint6_act9_13_runtime.sql:L57@s6_get_player_state[to_jsonb(row) exposes field],database/066_package_b_wait_projection_locked_at_fix.sql:L9@s9_get_player_wait_state[SELECT * INTO row] | database/067_package_b_allocation_progress_fix.sql:L9@s9_get_player_wait_state[SELECT * INTO row],NO_CURRENT_EXECUTION_VALIDATION,docs/plans/ROUND1_FIELD_READ_WRITE_OVERVIEW_V1.0_part2.csv
F0380,s6_run_state#09,16,6,14,1,TEST,0,database/033_sprint6_act9_13_runtime.sql:L57@s6_get_player_state[to_jsonb(row) exposes field] | database/034_sprint6_contract_hardening.sql:L25@s6_get_player_state[to_jsonb(row) exposes field],database/066_package_b_wait_projection_locked_at_fix.sql:L9@s9_get_player_wait_state[SELECT * INTO row] | database/067_package_b_allocation_progress_fix.sql:L9@s9_get_player_wait_state[SELECT * INTO row],NO_CURRENT_EXECUTION_VALIDATION,docs/plans/ROUND1_FIELD_READ_WRITE_OVERVIEW_V1.0_part2.csv
F0381,s6_run_state#10,19,6,14,1,TEST,0,database/033_sprint6_act9_13_runtime.sql:L57@s6_get_player_state[to_jsonb(row) exposes field] | database/034_sprint6_contract_hardening.sql:L25@s6_get_player_state[to_jsonb(row) exposes field],database/066_package_b_wait_projection_locked_at_fix.sql:L9@s9_get_player_wait_state[SELECT * INTO row] | database/067_package_b_allocation_progress_fix.sql:L9@s9_get_player_wait_state[SELECT * INTO row],NO_CURRENT_EXECUTION_VALIDATION,docs/plans/ROUND1_FIELD_READ_WRITE_OVERVIEW_V1.0_part2.csv
F0382,s6_run_state#11,15,6,14,1,TEST,0,database/033_sprint6_act9_13_runtime.sql:L57@s6_get_player_state[to_jsonb(row) exposes field] | database/034_sprint6_contract_hardening.sql:L25@s6_get_player_state[to_jsonb(row) exposes field],database/066_package_b_wait_projection_locked_at_fix.sql:L9@s9_get_player_wait_state[SELECT * INTO row] | database/067_package_b_allocation_progress_fix.sql:L9@s9_get_player_wait_state[SELECT * INTO row],NO_CURRENT_EXECUTION_VALIDATION,docs/plans/ROUND1_FIELD_READ_WRITE_OVERVIEW_V1.0_part2.csv
F0383,s6_run_state#12,15,6,14,1,TEST,0,database/033_sprint6_act9_13_runtime.sql:L57@s6_get_player_state[to_jsonb(row) exposes field] | database/034_sprint6_contract_hardening.sql:L25@s6_get_player_state[to_jsonb(row) exposes field],database/066_package_b_wait_projection_locked_at_fix.sql:L9@s9_get_player_wait_state[SELECT * INTO row] | database/067_package_b_allocation_progress_fix.sql:L9@s9_get_player_wait_state[SELECT * INTO row],NO_CURRENT_EXECUTION_VALIDATION,docs/plans/ROUND1_FIELD_READ_WRITE_OVERVIEW_V1.0_part2.csv
F0384,s6_run_state#13,17,8,14,3,NONSQL_OTHER|TEST,0,database/033_sprint6_act9_13_runtime.sql:L57@s6_get_player_state[to_jsonb(row) exposes field] | database/034_sprint6_contract_hardening.sql:L19@s6_submit_private_choice[qualified/rowtype field reference],database/066_package_b_wait_projection_locked_at_fix.sql:L9@s9_get_player_wait_state[SELECT * INTO row] | database/067_package_b_allocation_progress_fix.sql:L9@s9_get_player_wait_state[SELECT * INTO row],NO_CURRENT_EXECUTION_VALIDATION,docs/plans/ROUND1_FIELD_READ_WRITE_OVERVIEW_V1.0_part2.csv
F0385,s6_run_state#14,19,7,14,1,TEST,0,database/033_sprint6_act9_13_runtime.sql:L55@s6_engage[qualified/rowtype field reference] | database/033_sprint6_act9_13_runtime.sql:L57@s6_get_player_state[to_jsonb(row) exposes field],database/066_package_b_wait_projection_locked_at_fix.sql:L9@s9_get_player_wait_state[SELECT * INTO row] | database/067_package_b_allocation_progress_fix.sql:L9@s9_get_player_wait_state[SELECT * INTO row],NO_CURRENT_EXECUTION_VALIDATION,docs/plans/ROUND1_FIELD_READ_WRITE_OVERVIEW_V1.0_part2.csv
F0386,s6_run_state#15,15,6,14,1,TEST,0,database/033_sprint6_act9_13_runtime.sql:L57@s6_get_player_state[to_jsonb(row) exposes field] | database/034_sprint6_contract_hardening.sql:L25@s6_get_player_state[to_jsonb(row) exposes field],database/066_package_b_wait_projection_locked_at_fix.sql:L9@s9_get_player_wait_state[SELECT * INTO row] | database/067_package_b_allocation_progress_fix.sql:L9@s9_get_player_wait_state[SELECT * INTO row],NO_CURRENT_EXECUTION_VALIDATION,docs/plans/ROUND1_FIELD_READ_WRITE_OVERVIEW_V1.0_part2.csv
F0387,s6_run_state#16,20,8,14,1,TEST,0,database/033_sprint6_act9_13_runtime.sql:L51@s6_advance[qualified/rowtype field reference] | database/033_sprint6_act9_13_runtime.sql:L57@s6_get_player_state[to_jsonb(row) exposes field],database/066_package_b_wait_projection_locked_at_fix.sql:L9@s9_get_player_wait_state[SELECT * INTO row] | database/067_package_b_allocation_progress_fix.sql:L9@s9_get_player_wait_state[SELECT * INTO row],NO_CURRENT_EXECUTION_VALIDATION,docs/plans/ROUND1_FIELD_READ_WRITE_OVERVIEW_V1.0_part2.csv
F0388,s6_run_state#17,18,6,14,2,TEST,0,database/033_sprint6_act9_13_runtime.sql:L57@s6_get_player_state[to_jsonb(row) exposes field] | database/034_sprint6_contract_hardening.sql:L25@s6_get_player_state[to_jsonb(row) exposes field],database/066_package_b_wait_projection_locked_at_fix.sql:L9@s9_get_player_wait_state[SELECT * INTO row] | database/067_package_b_allocation_progress_fix.sql:L9@s9_get_player_wait_state[SELECT * INTO row],NO_CURRENT_EXECUTION_VALIDATION,docs/plans/ROUND1_FIELD_READ_WRITE_OVERVIEW_V1.0_part2.csv
F0389,s6_run_state#18,18,8,14,0,NONE,0,database/033_sprint6_act9_13_runtime.sql:L49@s6_submit_private_choice[qualified/rowtype field reference] | database/033_sprint6_act9_13_runtime.sql:L57@s6_get_player_state[to_jsonb(row) exposes field],database/066_package_b_wait_projection_locked_at_fix.sql:L9@s9_get_player_wait_state[SELECT * INTO row] | database/067_package_b_allocation_progress_fix.sql:L9@s9_get_player_wait_state[SELECT * INTO row],NO_CURRENT_EXECUTION_VALIDATION,docs/plans/ROUND1_FIELD_READ_WRITE_OVERVIEW_V1.0_part2.csv
F0390,s6_run_state#19,15,6,14,1,NONSQL_OTHER,0,database/033_sprint6_act9_13_runtime.sql:L57@s6_get_player_state[to_jsonb(row) exposes field] | database/034_sprint6_contract_hardening.sql:L25@s6_get_player_state[to_jsonb(row) exposes field],database/066_package_b_wait_projection_locked_at_fix.sql:L9@s9_get_player_wait_state[SELECT * INTO row] | database/067_package_b_allocation_progress_fix.sql:L9@s9_get_player_wait_state[SELECT * INTO row],NO_CURRENT_EXECUTION_VALIDATION,docs/plans/ROUND1_FIELD_READ_WRITE_OVERVIEW_V1.0_part2.csv
F0391,s6_run_state#20,18,7,14,1,NONSQL_OTHER,4,database/033_sprint6_act9_13_runtime.sql:L57@s6_get_player_state[to_jsonb(row) exposes field] | database/034_sprint6_contract_hardening.sql:L25@s6_get_player_state[to_jsonb(row) exposes field],database/066_package_b_wait_projection_locked_at_fix.sql:L9@s9_get_player_wait_state[SELECT * INTO row] | database/067_package_b_allocation_progress_fix.sql:L9@s9_get_player_wait_state[SELECT * INTO row],NO_CURRENT_EXECUTION_VALIDATION,docs/plans/ROUND1_FIELD_READ_WRITE_OVERVIEW_V1.0_part2.csv
F0392,s6_run_state#21,18,8,14,0,NONE,4,database/033_sprint6_act9_13_runtime.sql:L57@s6_get_player_state[to_jsonb(row) exposes field] | database/034_sprint6_contract_hardening.sql:L25@s6_get_player_state[to_jsonb(row) exposes field],database/066_package_b_wait_projection_locked_at_fix.sql:L9@s9_get_player_wait_state[SELECT * INTO row] | database/067_package_b_allocation_progress_fix.sql:L9@s9_get_player_wait_state[SELECT * INTO row],NO_CURRENT_EXECUTION_VALIDATION,docs/plans/ROUND1_FIELD_READ_WRITE_OVERVIEW_V1.0_part2.csv
F0393,s6_run_state#22,20,8,14,0,NONE,0,database/033_sprint6_act9_13_runtime.sql:L57@s6_get_player_state[to_jsonb(row) exposes field] | database/034_sprint6_contract_hardening.sql:L25@s6_get_player_state[to_jsonb(row) exposes field],database/066_package_b_wait_projection_locked_at_fix.sql:L9@s9_get_player_wait_state[SELECT * INTO row] | database/067_package_b_allocation_progress_fix.sql:L9@s9_get_player_wait_state[SELECT * INTO row],NO_CURRENT_EXECUTION_VALIDATION,docs/plans/ROUND1_FIELD_READ_WRITE_OVERVIEW_V1.0_part2.csv
F0394,s6_run_state#23,20,8,14,0,NONE,4,database/033_sprint6_act9_13_runtime.sql:L57@s6_get_player_state[to_jsonb(row) exposes field] | database/034_sprint6_contract_hardening.sql:L25@s6_get_player_state[to_jsonb(row) exposes field],database/066_package_b_wait_projection_locked_at_fix.sql:L9@s9_get_player_wait_state[SELECT * INTO row] | database/067_package_b_allocation_progress_fix.sql:L9@s9_get_player_wait_state[SELECT * INTO row],NO_CURRENT_EXECUTION_VALIDATION,docs/plans/ROUND1_FIELD_READ_WRITE_OVERVIEW_V1.0_part2.csv
F0395,s6_station_b_progress#01,0,0,0,0,NONE,0,,,NO_CURRENT_EXECUTION_VALIDATION,docs/plans/ROUND1_FIELD_READ_WRITE_OVERVIEW_V1.0_part2.csv
F0396,s6_station_b_progress#02,0,0,0,0,NONE,0,,,NO_CURRENT_EXECUTION_VALIDATION,docs/plans/ROUND1_FIELD_READ_WRITE_OVERVIEW_V1.0_part2.csv
F0397,s6_station_b_progress#03,0,0,0,0,NONE,0,,,NO_CURRENT_EXECUTION_VALIDATION,docs/plans/ROUND1_FIELD_READ_WRITE_OVERVIEW_V1.0_part2.csv
F0398,s6_station_b_progress#04,0,0,0,0,NONE,0,,,NO_CURRENT_EXECUTION_VALIDATION,docs/plans/ROUND1_FIELD_READ_WRITE_OVERVIEW_V1.0_part2.csv
F0399,s6_station_b_progress#05,0,0,0,0,NONE,0,,,NO_CURRENT_EXECUTION_VALIDATION,docs/plans/ROUND1_FIELD_READ_WRITE_OVERVIEW_V1.0_part2.csv
F0400,s6_station_tasks#01,0,0,0,0,NONE,0,,,NO_CURRENT_EXECUTION_VALIDATION,docs/plans/ROUND1_FIELD_READ_WRITE_OVERVIEW_V1.0_part2.csv
F0401,s6_station_tasks#02,0,0,0,0,NONE,0,,,NO_CURRENT_EXECUTION_VALIDATION,docs/plans/ROUND1_FIELD_READ_WRITE_OVERVIEW_V1.0_part2.csv
F0402,s6_station_tasks#03,0,0,0,0,NONE,0,,,NO_CURRENT_EXECUTION_VALIDATION,docs/plans/ROUND1_FIELD_READ_WRITE_OVERVIEW_V1.0_part2.csv
F0403,s6_station_tasks#04,0,0,0,0,NONE,0,,,NO_CURRENT_EXECUTION_VALIDATION,docs/plans/ROUND1_FIELD_READ_WRITE_OVERVIEW_V1.0_part2.csv
F0404,s6_station_tasks#05,0,0,0,0,NONE,0,,,NO_CURRENT_EXECUTION_VALIDATION,docs/plans/ROUND1_FIELD_READ_WRITE_OVERVIEW_V1.0_part2.csv
F0405,s8_finalizations#01,9,3,4,0,NONE,0,database/046_sprint8_act14_finalization_export.sql:L28@s8_finalize[SELECT * INTO row] | database/046_sprint8_act14_finalization_export.sql:L67@s8_get_player_state[SELECT * INTO row],database/049_sprint8_final_closure.sql:L193@s8_export_session[qualified/rowtype field reference] | database/050_sprint8_act2_verifier_projection_fix.sql:L50@s8_export_session[qualified/rowtype field reference],NO_CURRENT_EXECUTION_VALIDATION,docs/plans/ROUND1_FIELD_READ_WRITE_OVERVIEW_V1.0_part2.csv
F0406,s8_finalizations#02,9,3,4,1,TEST,0,database/046_sprint8_act14_finalization_export.sql:L28@s8_finalize[SELECT * INTO row] | database/046_sprint8_act14_finalization_export.sql:L67@s8_get_player_state[SELECT * INTO row],database/048_sprint8_focused_level1_corrections.sql:L85@s8_get_player_state[SELECT * INTO row] | database/049_sprint8_final_closure.sql:L158@s8_finalize[SELECT * INTO row],NO_CURRENT_EXECUTION_VALIDATION,docs/plans/ROUND1_FIELD_READ_WRITE_OVERVIEW_V1.0_part2.csv
F0407,s8_finalizations#03,6,2,3,0,NONE,0,database/046_sprint8_act14_finalization_export.sql:L28@s8_finalize[SELECT * INTO row] | database/046_sprint8_act14_finalization_export.sql:L67@s8_get_player_state[SELECT * INTO row],database/048_sprint8_focused_level1_corrections.sql:L85@s8_get_player_state[SELECT * INTO row] | database/049_sprint8_final_closure.sql:L158@s8_finalize[SELECT * INTO row],NO_CURRENT_EXECUTION_VALIDATION,docs/plans/ROUND1_FIELD_READ_WRITE_OVERVIEW_V1.0_part2.csv
F0408,s8_finalizations#04,7,2,3,0,NONE,0,database/046_sprint8_act14_finalization_export.sql:L28@s8_finalize[SELECT * INTO row] | database/046_sprint8_act14_finalization_export.sql:L30@s8_finalize[qualified/rowtype field reference],database/048_sprint8_focused_level1_corrections.sql:L85@s8_get_player_state[SELECT * INTO row] | database/049_sprint8_final_closure.sql:L158@s8_finalize[SELECT * INTO row],NO_CURRENT_EXECUTION_VALIDATION,docs/plans/ROUND1_FIELD_READ_WRITE_OVERVIEW_V1.0_part2.csv
F0409,s8_finalizations#05,11,3,4,2,TEST,0,database/046_sprint8_act14_finalization_export.sql:L28@s8_finalize[SELECT * INTO row] | database/046_sprint8_act14_finalization_export.sql:L67@s8_get_player_state[SELECT * INTO row],database/048_sprint8_focused_level1_corrections.sql:L86@s8_get_player_state[qualified/rowtype field reference] | database/049_sprint8_final_closure.sql:L158@s8_finalize[SELECT * INTO row],NO_CURRENT_EXECUTION_VALIDATION,docs/plans/ROUND1_FIELD_READ_WRITE_OVERVIEW_V1.0_part2.csv
F0410,s8_finalizations#06,13,4,5,4,TEST,0,database/046_sprint8_act14_finalization_export.sql:L28@s8_finalize[SELECT * INTO row] | database/046_sprint8_act14_finalization_export.sql:L67@s8_get_player_state[SELECT * INTO row],database/049_sprint8_final_closure.sql:L182@s8_get_finalization_state[qualified/rowtype field reference] | database/050_sprint8_act2_verifier_projection_fix.sql:L49@s8_export_session[qualified/rowtype field reference],NO_CURRENT_EXECUTION_VALIDATION,docs/plans/ROUND1_FIELD_READ_WRITE_OVERVIEW_V1.0_part2.csv
F0411,s9_pocket_item_inspections#01,1,1,1,0,NONE,0,database/068_package_c_authoritative_pocket_inspection.sql:L72@s3_get_player_state[qualified/rowtype field reference],database/068_package_c_authoritative_pocket_inspection.sql:L72@s3_get_player_state[qualified/rowtype field reference],NO_CURRENT_EXECUTION_VALIDATION,docs/plans/ROUND1_FIELD_READ_WRITE_OVERVIEW_V1.0_part2.csv
F0412,s9_pocket_item_inspections#02,1,1,1,0,NONE,0,database/068_package_c_authoritative_pocket_inspection.sql:L72@s3_get_player_state[qualified/rowtype field reference],database/068_package_c_authoritative_pocket_inspection.sql:L72@s3_get_player_state[qualified/rowtype field reference],NO_CURRENT_EXECUTION_VALIDATION,docs/plans/ROUND1_FIELD_READ_WRITE_OVERVIEW_V1.0_part2.csv
F0413,s9_pocket_item_inspections#03,1,1,1,0,NONE,0,database/068_package_c_authoritative_pocket_inspection.sql:L72@s3_get_player_state[qualified/rowtype field reference],database/068_package_c_authoritative_pocket_inspection.sql:L72@s3_get_player_state[qualified/rowtype field reference],NO_CURRENT_EXECUTION_VALIDATION,docs/plans/ROUND1_FIELD_READ_WRITE_OVERVIEW_V1.0_part2.csv
F0414,s9_pocket_item_inspections#04,1,1,1,0,NONE,0,database/068_package_c_authoritative_pocket_inspection.sql:L72@s3_get_player_state[qualified/rowtype field reference],database/068_package_c_authoritative_pocket_inspection.sql:L72@s3_get_player_state[qualified/rowtype field reference],NO_CURRENT_EXECUTION_VALIDATION,docs/plans/ROUND1_FIELD_READ_WRITE_OVERVIEW_V1.0_part2.csv
F0415,teacher_override_validity#01,2,1,2,0,NONE,0,database/047_sprint8_export_completeness.sql:L35@s8_export_session[qualified/rowtype field reference] | database/048_sprint8_focused_level1_corrections.sql:L119@s8_export_session[qualified/rowtype field reference],database/047_sprint8_export_completeness.sql:L35@s8_export_session[qualified/rowtype field reference] | database/048_sprint8_focused_level1_corrections.sql:L119@s8_export_session[qualified/rowtype field reference],NO_CURRENT_EXECUTION_VALIDATION,docs/plans/ROUND1_FIELD_READ_WRITE_OVERVIEW_V1.0_part2.csv
F0416,teacher_override_validity#02,6,1,1,0,NONE,0,database/052_sprint8_exact_player_override_accounting.sql:L16@s8_verify_integrity[qualified/rowtype field reference] | database/052_sprint8_exact_player_override_accounting.sql:L18@s8_verify_integrity[qualified/rowtype field reference],database/052_sprint8_exact_player_override_accounting.sql:L42@s8_verify_integrity[qualified/rowtype field reference] | database/052_sprint8_exact_player_override_accounting.sql:L44@s8_verify_integrity[qualified/rowtype field reference],NO_CURRENT_EXECUTION_VALIDATION,docs/plans/ROUND1_FIELD_READ_WRITE_OVERVIEW_V1.0_part2.csv
F0417,teacher_override_validity#03,8,2,3,0,NONE,0,database/047_sprint8_export_completeness.sql:L35@s8_export_session[qualified/rowtype field reference] | database/048_sprint8_focused_level1_corrections.sql:L119@s8_export_session[qualified/rowtype field reference],database/052_sprint8_exact_player_override_accounting.sql:L42@s8_verify_integrity[qualified/rowtype field reference] | database/052_sprint8_exact_player_override_accounting.sql:L44@s8_verify_integrity[qualified/rowtype field reference],NO_CURRENT_EXECUTION_VALIDATION,docs/plans/ROUND1_FIELD_READ_WRITE_OVERVIEW_V1.0_part2.csv
F0418,teacher_override_validity#04,8,2,3,1,TEST,0,database/047_sprint8_export_completeness.sql:L35@s8_export_session[qualified/rowtype field reference] | database/048_sprint8_focused_level1_corrections.sql:L119@s8_export_session[qualified/rowtype field reference],database/052_sprint8_exact_player_override_accounting.sql:L42@s8_verify_integrity[qualified/rowtype field reference] | database/052_sprint8_exact_player_override_accounting.sql:L44@s8_verify_integrity[qualified/rowtype field reference],NO_CURRENT_EXECUTION_VALIDATION,docs/plans/ROUND1_FIELD_READ_WRITE_OVERVIEW_V1.0_part2.csv
F0419,teacher_override_validity#05,2,1,2,46,NONSQL_OTHER|TEST,0,database/047_sprint8_export_completeness.sql:L35@s8_export_session[qualified/rowtype field reference] | database/048_sprint8_focused_level1_corrections.sql:L119@s8_export_session[qualified/rowtype field reference],database/047_sprint8_export_completeness.sql:L35@s8_export_session[qualified/rowtype field reference] | database/048_sprint8_focused_level1_corrections.sql:L119@s8_export_session[qualified/rowtype field reference],NO_CURRENT_EXECUTION_VALIDATION,docs/plans/ROUND1_FIELD_READ_WRITE_OVERVIEW_V1.0_part2.csv
F0420,teacher_override_validity#06,8,2,3,0,NONE,0,database/047_sprint8_export_completeness.sql:L35@s8_export_session[qualified/rowtype field reference] | database/048_sprint8_focused_level1_corrections.sql:L119@s8_export_session[qualified/rowtype field reference],database/052_sprint8_exact_player_override_accounting.sql:L42@s8_verify_integrity[qualified/rowtype field reference] | database/052_sprint8_exact_player_override_accounting.sql:L44@s8_verify_integrity[qualified/rowtype field reference],NO_CURRENT_EXECUTION_VALIDATION,docs/plans/ROUND1_FIELD_READ_WRITE_OVERVIEW_V1.0_part2.csv
F0421,teacher_overrides#01,16,5,9,0,NONE,0,database/015_sprint3c_minimal_safe_teacher_override.sql:L46@s3b_log_formal_event_at_context[qualified/rowtype field reference] | database/015_sprint3c_minimal_safe_teacher_override.sql:L47@s3b_log_formal_event_at_context[qualified/rowtype field reference],database/056_level2_override_validity_binding_fix.sql:L54@teacher_apply_override[qualified/rowtype field reference] | database/057_teacher_override_event_scope_consistency.sql:L20@teacher_apply_override[qualified/rowtype field reference],NO_CURRENT_EXECUTION_VALIDATION,docs/plans/ROUND1_FIELD_READ_WRITE_OVERVIEW_V1.0_part2.csv
F0422,teacher_overrides#02,13,3,7,0,NONE,0,database/043_sprint7_teacher_console.sql:L66@s7_get_teacher_console[qualified/rowtype field reference] | database/043_sprint7_teacher_console.sql:L81@s7_get_teacher_console[qualified/rowtype field reference],database/055_level2_override_export_residual_closure.sql:L18@teacher_apply_override[qualified/rowtype field reference] | database/056_level2_override_validity_binding_fix.sql:L18@teacher_apply_override[qualified/rowtype field reference],NO_CURRENT_EXECUTION_VALIDATION,docs/plans/ROUND1_FIELD_READ_WRITE_OVERVIEW_V1.0_part2.csv
F0423,teacher_overrides#03,6,4,6,3,NONSQL_OTHER|TEST,0,database/015_sprint3c_minimal_safe_teacher_override.sql:L50@s3b_log_formal_event_at_context[qualified/rowtype field reference] | database/016_sprint3c_level1_narrow_corrections.sql:L62@s2_log_event[qualified/rowtype field reference],database/047_sprint8_export_completeness.sql:L35@s8_export_session[qualified/rowtype field reference] | database/048_sprint8_focused_level1_corrections.sql:L119@s8_export_session[qualified/rowtype field reference],NO_CURRENT_EXECUTION_VALIDATION,docs/plans/ROUND1_FIELD_READ_WRITE_OVERVIEW_V1.0_part2.csv
F0424,teacher_overrides#04,6,4,6,5,NONSQL_OTHER|TEST,0,database/015_sprint3c_minimal_safe_teacher_override.sql:L50@s3b_log_formal_event_at_context[qualified/rowtype field reference] | database/016_sprint3c_level1_narrow_corrections.sql:L62@s2_log_event[qualified/rowtype field reference],database/047_sprint8_export_completeness.sql:L35@s8_export_session[qualified/rowtype field reference] | database/048_sprint8_focused_level1_corrections.sql:L119@s8_export_session[qualified/rowtype field reference],NO_CURRENT_EXECUTION_VALIDATION,docs/plans/ROUND1_FIELD_READ_WRITE_OVERVIEW_V1.0_part2.csv
F0425,teacher_overrides#05,4,2,4,0,NONE,0,database/043_sprint7_teacher_console.sql:L81@s7_get_teacher_console[to_jsonb(row) exposes field] | database/044_sprint7_focused_level1_corrections.sql:L65@s7_get_teacher_console[to_jsonb(row) exposes field],database/047_sprint8_export_completeness.sql:L35@s8_export_session[qualified/rowtype field reference] | database/048_sprint8_focused_level1_corrections.sql:L119@s8_export_session[qualified/rowtype field reference],NO_CURRENT_EXECUTION_VALIDATION,docs/plans/ROUND1_FIELD_READ_WRITE_OVERVIEW_V1.0_part2.csv
F0426,teacher_overrides#06,7,5,7,3,NONSQL_OTHER|TEST,0,database/015_sprint3c_minimal_safe_teacher_override.sql:L51@s3b_log_formal_event_at_context[qualified/rowtype field reference] | database/016_sprint3c_level1_narrow_corrections.sql:L63@s2_log_event[qualified/rowtype field reference],database/048_sprint8_focused_level1_corrections.sql:L119@s8_export_session[qualified/rowtype field reference] | database/054_level3_integrated_closure.sql:L17@teacher_apply_override[qualified/rowtype field reference],NO_CURRENT_EXECUTION_VALIDATION,docs/plans/ROUND1_FIELD_READ_WRITE_OVERVIEW_V1.0_part2.csv
F0427,teacher_overrides#07,2,1,2,4,TEST,0,database/043_sprint7_teacher_console.sql:L81@s7_get_teacher_console[to_jsonb(row) exposes field] | database/044_sprint7_focused_level1_corrections.sql:L65@s7_get_teacher_console[to_jsonb(row) exposes field],database/043_sprint7_teacher_console.sql:L81@s7_get_teacher_console[to_jsonb(row) exposes field] | database/044_sprint7_focused_level1_corrections.sql:L65@s7_get_teacher_console[to_jsonb(row) exposes field],NO_CURRENT_EXECUTION_VALIDATION,docs/plans/ROUND1_FIELD_READ_WRITE_OVERVIEW_V1.0_part2.csv
F0428,teacher_overrides#08,2,1,2,0,NONE,0,database/043_sprint7_teacher_console.sql:L81@s7_get_teacher_console[to_jsonb(row) exposes field] | database/044_sprint7_focused_level1_corrections.sql:L65@s7_get_teacher_console[to_jsonb(row) exposes field],database/043_sprint7_teacher_console.sql:L81@s7_get_teacher_console[to_jsonb(row) exposes field] | database/044_sprint7_focused_level1_corrections.sql:L65@s7_get_teacher_console[to_jsonb(row) exposes field],NO_CURRENT_EXECUTION_VALIDATION,docs/plans/ROUND1_FIELD_READ_WRITE_OVERVIEW_V1.0_part2.csv
F0429,teacher_overrides#09,4,2,4,9,NONSQL_OTHER|TEST,0,database/043_sprint7_teacher_console.sql:L81@s7_get_teacher_console[to_jsonb(row) exposes field] | database/044_sprint7_focused_level1_corrections.sql:L65@s7_get_teacher_console[to_jsonb(row) exposes field],database/047_sprint8_export_completeness.sql:L35@s8_export_session[qualified/rowtype field reference] | database/048_sprint8_focused_level1_corrections.sql:L119@s8_export_session[qualified/rowtype field reference],NO_CURRENT_EXECUTION_VALIDATION,docs/plans/ROUND1_FIELD_READ_WRITE_OVERVIEW_V1.0_part2.csv
F0430,teacher_overrides#10,5,3,5,7,TEST,0,database/043_sprint7_teacher_console.sql:L81@s7_get_teacher_console[to_jsonb(row) exposes field] | database/044_sprint7_focused_level1_corrections.sql:L65@s7_get_teacher_console[to_jsonb(row) exposes field],database/048_sprint8_focused_level1_corrections.sql:L119@s8_export_session[qualified/rowtype field reference] | database/057_teacher_override_event_scope_consistency.sql:L19@teacher_apply_override[qualified/rowtype field reference],NO_CURRENT_EXECUTION_VALIDATION,docs/plans/ROUND1_FIELD_READ_WRITE_OVERVIEW_V1.0_part2.csv
F0431,teacher_overrides#11,2,1,2,0,NONE,0,database/043_sprint7_teacher_console.sql:L81@s7_get_teacher_console[to_jsonb(row) exposes field] | database/044_sprint7_focused_level1_corrections.sql:L65@s7_get_teacher_console[to_jsonb(row) exposes field],database/043_sprint7_teacher_console.sql:L81@s7_get_teacher_console[to_jsonb(row) exposes field] | database/044_sprint7_focused_level1_corrections.sql:L65@s7_get_teacher_console[to_jsonb(row) exposes field],NO_CURRENT_EXECUTION_VALIDATION,docs/plans/ROUND1_FIELD_READ_WRITE_OVERVIEW_V1.0_part2.csv
F0432,teacher_overrides#12,7,3,5,0,NONE,0,database/043_sprint7_teacher_console.sql:L81@s7_get_teacher_console[qualified/rowtype field reference] | database/043_sprint7_teacher_console.sql:L81@s7_get_teacher_console[to_jsonb(row) exposes field],database/048_sprint8_focused_level1_corrections.sql:L119@s8_export_session[qualified/rowtype field reference] | database/054_level3_integrated_closure.sql:L17@teacher_apply_override[qualified/rowtype field reference],NO_CURRENT_EXECUTION_VALIDATION,docs/plans/ROUND1_FIELD_READ_WRITE_OVERVIEW_V1.0_part2.csv
