global_field_id,field_id,schema_origin_migration,schema_origin_line,origin_ddl_is_timestamp_type,origin_ddl_default_now_literal,raw_write_migration_first_seen,raw_write_migration_last_seen,schema_time_vs_gameplay_time,live_ACT_run_value_timeline_observed,source_catalog_file
F0001,act6_13_event_ledger#01,database/037_level3_independent_audit_closure.sql,8,NO_INLINE_LITERAL,NO_INLINE_LITERAL,NO_RAW_WRITE,NO_RAW_WRITE,MIGRATION_ORDER_NOT_GAME_RUN_ORDER,NO_LIVE_RUN_VALUE_TIMELINE,docs/plans/ROUND1_FIELD_READ_WRITE_OVERVIEW_V1.0_part1.csv
F0002,act6_13_event_ledger#02,database/037_level3_independent_audit_closure.sql,9,NO_INLINE_LITERAL,NO_INLINE_LITERAL,database/037_level3_independent_audit_closure.sql,database/037_level3_independent_audit_closure.sql,MIGRATION_ORDER_NOT_GAME_RUN_ORDER,NO_LIVE_RUN_VALUE_TIMELINE,docs/plans/ROUND1_FIELD_READ_WRITE_OVERVIEW_V1.0_part1.csv
F0003,act6_13_event_ledger#03,database/037_level3_independent_audit_closure.sql,10,NO_INLINE_LITERAL,NO_INLINE_LITERAL,database/037_level3_independent_audit_closure.sql,database/037_level3_independent_audit_closure.sql,MIGRATION_ORDER_NOT_GAME_RUN_ORDER,NO_LIVE_RUN_VALUE_TIMELINE,docs/plans/ROUND1_FIELD_READ_WRITE_OVERVIEW_V1.0_part1.csv
F0004,act6_13_event_ledger#04,database/037_level3_independent_audit_closure.sql,11,NO_INLINE_LITERAL,NO_INLINE_LITERAL,database/037_level3_independent_audit_closure.sql,database/037_level3_independent_audit_closure.sql,MIGRATION_ORDER_NOT_GAME_RUN_ORDER,NO_LIVE_RUN_VALUE_TIMELINE,docs/plans/ROUND1_FIELD_READ_WRITE_OVERVIEW_V1.0_part1.csv
F0005,act6_13_event_ledger#05,database/037_level3_independent_audit_closure.sql,12,NO_INLINE_LITERAL,NO_INLINE_LITERAL,database/037_level3_independent_audit_closure.sql,database/037_level3_independent_audit_closure.sql,MIGRATION_ORDER_NOT_GAME_RUN_ORDER,NO_LIVE_RUN_VALUE_TIMELINE,docs/plans/ROUND1_FIELD_READ_WRITE_OVERVIEW_V1.0_part1.csv
F0006,act6_13_event_ledger#06,database/037_level3_independent_audit_closure.sql,13,NO_INLINE_LITERAL,NO_INLINE_LITERAL,database/037_level3_independent_audit_closure.sql,database/037_level3_independent_audit_closure.sql,MIGRATION_ORDER_NOT_GAME_RUN_ORDER,NO_LIVE_RUN_VALUE_TIMELINE,docs/plans/ROUND1_FIELD_READ_WRITE_OVERVIEW_V1.0_part1.csv
F0007,act6_13_event_ledger#07,database/037_level3_independent_audit_closure.sql,14,NO_INLINE_LITERAL,NO_INLINE_LITERAL,database/037_level3_independent_audit_closure.sql,database/037_level3_independent_audit_closure.sql,MIGRATION_ORDER_NOT_GAME_RUN_ORDER,NO_LIVE_RUN_VALUE_TIMELINE,docs/plans/ROUND1_FIELD_READ_WRITE_OVERVIEW_V1.0_part1.csv
F0008,act6_13_event_ledger#08,database/037_level3_independent_audit_closure.sql,15,NO_INLINE_LITERAL,NO_INLINE_LITERAL,database/037_level3_independent_audit_closure.sql,database/037_level3_independent_audit_closure.sql,MIGRATION_ORDER_NOT_GAME_RUN_ORDER,NO_LIVE_RUN_VALUE_TIMELINE,docs/plans/ROUND1_FIELD_READ_WRITE_OVERVIEW_V1.0_part1.csv
F0009,act6_13_event_ledger#09,database/037_level3_independent_audit_closure.sql,16,YES_LITERAL,YES_LITERAL,NO_RAW_WRITE,NO_RAW_WRITE,MIGRATION_ORDER_NOT_GAME_RUN_ORDER,NO_LIVE_RUN_VALUE_TIMELINE,docs/plans/ROUND1_FIELD_READ_WRITE_OVERVIEW_V1.0_part1.csv
F0010,asset_candidates#01,database/018_sprint4_asset_manager_v2.sql,10,NO_INLINE_LITERAL,NO_INLINE_LITERAL,NO_RAW_WRITE,NO_RAW_WRITE,MIGRATION_ORDER_NOT_GAME_RUN_ORDER,NO_LIVE_RUN_VALUE_TIMELINE,docs/plans/ROUND1_FIELD_READ_WRITE_OVERVIEW_V1.0_part1.csv
F0011,asset_candidates#02,database/018_sprint4_asset_manager_v2.sql,10,NO_INLINE_LITERAL,NO_INLINE_LITERAL,database/018_sprint4_asset_manager_v2.sql,database/025_sprint4_two_narrow_blockers.sql,MIGRATION_ORDER_NOT_GAME_RUN_ORDER,NO_LIVE_RUN_VALUE_TIMELINE,docs/plans/ROUND1_FIELD_READ_WRITE_OVERVIEW_V1.0_part1.csv
F0012,asset_candidates#03,database/018_sprint4_asset_manager_v2.sql,10,NO_INLINE_LITERAL,NO_INLINE_LITERAL,database/018_sprint4_asset_manager_v2.sql,database/025_sprint4_two_narrow_blockers.sql,MIGRATION_ORDER_NOT_GAME_RUN_ORDER,NO_LIVE_RUN_VALUE_TIMELINE,docs/plans/ROUND1_FIELD_READ_WRITE_OVERVIEW_V1.0_part1.csv
F0013,asset_candidates#04,database/018_sprint4_asset_manager_v2.sql,11,NO_INLINE_LITERAL,NO_INLINE_LITERAL,database/018_sprint4_asset_manager_v2.sql,database/025_sprint4_two_narrow_blockers.sql,MIGRATION_ORDER_NOT_GAME_RUN_ORDER,NO_LIVE_RUN_VALUE_TIMELINE,docs/plans/ROUND1_FIELD_READ_WRITE_OVERVIEW_V1.0_part1.csv
F0014,asset_candidates#05,database/018_sprint4_asset_manager_v2.sql,11,NO_INLINE_LITERAL,NO_INLINE_LITERAL,database/018_sprint4_asset_manager_v2.sql,database/019_sprint4_teacher_authority_correction.sql,MIGRATION_ORDER_NOT_GAME_RUN_ORDER,NO_LIVE_RUN_VALUE_TIMELINE,docs/plans/ROUND1_FIELD_READ_WRITE_OVERVIEW_V1.0_part1.csv
F0015,asset_candidates#06,database/018_sprint4_asset_manager_v2.sql,11,NO_INLINE_LITERAL,NO_INLINE_LITERAL,database/018_sprint4_asset_manager_v2.sql,database/019_sprint4_teacher_authority_correction.sql,MIGRATION_ORDER_NOT_GAME_RUN_ORDER,NO_LIVE_RUN_VALUE_TIMELINE,docs/plans/ROUND1_FIELD_READ_WRITE_OVERVIEW_V1.0_part1.csv
F0016,asset_candidates#07,database/018_sprint4_asset_manager_v2.sql,11,NO_INLINE_LITERAL,NO_INLINE_LITERAL,database/018_sprint4_asset_manager_v2.sql,database/025_sprint4_two_narrow_blockers.sql,MIGRATION_ORDER_NOT_GAME_RUN_ORDER,NO_LIVE_RUN_VALUE_TIMELINE,docs/plans/ROUND1_FIELD_READ_WRITE_OVERVIEW_V1.0_part1.csv
F0017,asset_candidates#08,database/018_sprint4_asset_manager_v2.sql,11,NO_INLINE_LITERAL,NO_INLINE_LITERAL,database/018_sprint4_asset_manager_v2.sql,database/019_sprint4_teacher_authority_correction.sql,MIGRATION_ORDER_NOT_GAME_RUN_ORDER,NO_LIVE_RUN_VALUE_TIMELINE,docs/plans/ROUND1_FIELD_READ_WRITE_OVERVIEW_V1.0_part1.csv
F0018,asset_candidates#09,database/018_sprint4_asset_manager_v2.sql,12,NO_INLINE_LITERAL,NO_INLINE_LITERAL,database/018_sprint4_asset_manager_v2.sql,database/026_sprint4_group_target_and_registry_lock.sql,MIGRATION_ORDER_NOT_GAME_RUN_ORDER,NO_LIVE_RUN_VALUE_TIMELINE,docs/plans/ROUND1_FIELD_READ_WRITE_OVERVIEW_V1.0_part1.csv
F0019,asset_candidates#10,database/018_sprint4_asset_manager_v2.sql,13,NO_INLINE_LITERAL,NO_INLINE_LITERAL,database/018_sprint4_asset_manager_v2.sql,database/019_sprint4_teacher_authority_correction.sql,MIGRATION_ORDER_NOT_GAME_RUN_ORDER,NO_LIVE_RUN_VALUE_TIMELINE,docs/plans/ROUND1_FIELD_READ_WRITE_OVERVIEW_V1.0_part1.csv
F0020,asset_candidates#11,database/018_sprint4_asset_manager_v2.sql,13,YES_LITERAL,NO_INLINE_LITERAL,database/018_sprint4_asset_manager_v2.sql,database/019_sprint4_teacher_authority_correction.sql,MIGRATION_ORDER_NOT_GAME_RUN_ORDER,NO_LIVE_RUN_VALUE_TIMELINE,docs/plans/ROUND1_FIELD_READ_WRITE_OVERVIEW_V1.0_part1.csv
F0021,asset_candidates#12,database/018_sprint4_asset_manager_v2.sql,13,YES_LITERAL,YES_LITERAL,NO_RAW_WRITE,NO_RAW_WRITE,MIGRATION_ORDER_NOT_GAME_RUN_ORDER,NO_LIVE_RUN_VALUE_TIMELINE,docs/plans/ROUND1_FIELD_READ_WRITE_OVERVIEW_V1.0_part1.csv
F0022,asset_candidates#13,database/018_sprint4_asset_manager_v2.sql,13,NO_INLINE_LITERAL,NO_INLINE_LITERAL,database/018_sprint4_asset_manager_v2.sql,database/025_sprint4_two_narrow_blockers.sql,MIGRATION_ORDER_NOT_GAME_RUN_ORDER,NO_LIVE_RUN_VALUE_TIMELINE,docs/plans/ROUND1_FIELD_READ_WRITE_OVERVIEW_V1.0_part1.csv
F0023,asset_candidates#14,database/018_sprint4_asset_manager_v2.sql,13,NO_INLINE_LITERAL,NO_INLINE_LITERAL,database/018_sprint4_asset_manager_v2.sql,database/025_sprint4_two_narrow_blockers.sql,MIGRATION_ORDER_NOT_GAME_RUN_ORDER,NO_LIVE_RUN_VALUE_TIMELINE,docs/plans/ROUND1_FIELD_READ_WRITE_OVERVIEW_V1.0_part1.csv
F0024,asset_candidates#15,database/018_sprint4_asset_manager_v2.sql,13,NO_INLINE_LITERAL,NO_INLINE_LITERAL,database/018_sprint4_asset_manager_v2.sql,database/025_sprint4_two_narrow_blockers.sql,MIGRATION_ORDER_NOT_GAME_RUN_ORDER,NO_LIVE_RUN_VALUE_TIMELINE,docs/plans/ROUND1_FIELD_READ_WRITE_OVERVIEW_V1.0_part1.csv
F0025,asset_candidates#16,database/018_sprint4_asset_manager_v2.sql,14,NO_INLINE_LITERAL,NO_INLINE_LITERAL,database/018_sprint4_asset_manager_v2.sql,database/025_sprint4_two_narrow_blockers.sql,MIGRATION_ORDER_NOT_GAME_RUN_ORDER,NO_LIVE_RUN_VALUE_TIMELINE,docs/plans/ROUND1_FIELD_READ_WRITE_OVERVIEW_V1.0_part1.csv
F0026,asset_candidates#17,database/018_sprint4_asset_manager_v2.sql,14,NO_INLINE_LITERAL,NO_INLINE_LITERAL,database/018_sprint4_asset_manager_v2.sql,database/025_sprint4_two_narrow_blockers.sql,MIGRATION_ORDER_NOT_GAME_RUN_ORDER,NO_LIVE_RUN_VALUE_TIMELINE,docs/plans/ROUND1_FIELD_READ_WRITE_OVERVIEW_V1.0_part1.csv
F0027,asset_candidates#18,database/018_sprint4_asset_manager_v2.sql,14,NO_INLINE_LITERAL,NO_INLINE_LITERAL,database/018_sprint4_asset_manager_v2.sql,database/025_sprint4_two_narrow_blockers.sql,MIGRATION_ORDER_NOT_GAME_RUN_ORDER,NO_LIVE_RUN_VALUE_TIMELINE,docs/plans/ROUND1_FIELD_READ_WRITE_OVERVIEW_V1.0_part1.csv
F0028,asset_candidates#19,database/018_sprint4_asset_manager_v2.sql,14,NO_INLINE_LITERAL,NO_INLINE_LITERAL,database/018_sprint4_asset_manager_v2.sql,database/025_sprint4_two_narrow_blockers.sql,MIGRATION_ORDER_NOT_GAME_RUN_ORDER,NO_LIVE_RUN_VALUE_TIMELINE,docs/plans/ROUND1_FIELD_READ_WRITE_OVERVIEW_V1.0_part1.csv
F0029,asset_candidates#20,database/018_sprint4_asset_manager_v2.sql,14,NO_INLINE_LITERAL,NO_INLINE_LITERAL,database/018_sprint4_asset_manager_v2.sql,database/025_sprint4_two_narrow_blockers.sql,MIGRATION_ORDER_NOT_GAME_RUN_ORDER,NO_LIVE_RUN_VALUE_TIMELINE,docs/plans/ROUND1_FIELD_READ_WRITE_OVERVIEW_V1.0_part1.csv
F0030,asset_candidates#21,database/018_sprint4_asset_manager_v2.sql,14,NO_INLINE_LITERAL,NO_INLINE_LITERAL,database/018_sprint4_asset_manager_v2.sql,database/025_sprint4_two_narrow_blockers.sql,MIGRATION_ORDER_NOT_GAME_RUN_ORDER,NO_LIVE_RUN_VALUE_TIMELINE,docs/plans/ROUND1_FIELD_READ_WRITE_OVERVIEW_V1.0_part1.csv
F0031,asset_candidates#22,database/018_sprint4_asset_manager_v2.sql,14,NO_INLINE_LITERAL,NO_INLINE_LITERAL,database/018_sprint4_asset_manager_v2.sql,database/025_sprint4_two_narrow_blockers.sql,MIGRATION_ORDER_NOT_GAME_RUN_ORDER,NO_LIVE_RUN_VALUE_TIMELINE,docs/plans/ROUND1_FIELD_READ_WRITE_OVERVIEW_V1.0_part1.csv
F0032,asset_candidates#23,database/018_sprint4_asset_manager_v2.sql,14,NO_INLINE_LITERAL,NO_INLINE_LITERAL,database/018_sprint4_asset_manager_v2.sql,database/025_sprint4_two_narrow_blockers.sql,MIGRATION_ORDER_NOT_GAME_RUN_ORDER,NO_LIVE_RUN_VALUE_TIMELINE,docs/plans/ROUND1_FIELD_READ_WRITE_OVERVIEW_V1.0_part1.csv
F0033,asset_candidates#24,database/018_sprint4_asset_manager_v2.sql,15,NO_INLINE_LITERAL,NO_INLINE_LITERAL,database/018_sprint4_asset_manager_v2.sql,database/025_sprint4_two_narrow_blockers.sql,MIGRATION_ORDER_NOT_GAME_RUN_ORDER,NO_LIVE_RUN_VALUE_TIMELINE,docs/plans/ROUND1_FIELD_READ_WRITE_OVERVIEW_V1.0_part1.csv
F0034,asset_candidates#25,database/018_sprint4_asset_manager_v2.sql,15,NO_INLINE_LITERAL,NO_INLINE_LITERAL,database/018_sprint4_asset_manager_v2.sql,database/025_sprint4_two_narrow_blockers.sql,MIGRATION_ORDER_NOT_GAME_RUN_ORDER,NO_LIVE_RUN_VALUE_TIMELINE,docs/plans/ROUND1_FIELD_READ_WRITE_OVERVIEW_V1.0_part1.csv
F0035,asset_candidates#26,database/018_sprint4_asset_manager_v2.sql,15,NO_INLINE_LITERAL,NO_INLINE_LITERAL,database/018_sprint4_asset_manager_v2.sql,database/025_sprint4_two_narrow_blockers.sql,MIGRATION_ORDER_NOT_GAME_RUN_ORDER,NO_LIVE_RUN_VALUE_TIMELINE,docs/plans/ROUND1_FIELD_READ_WRITE_OVERVIEW_V1.0_part1.csv
F0036,asset_candidates#27,database/018_sprint4_asset_manager_v2.sql,15,NO_INLINE_LITERAL,NO_INLINE_LITERAL,database/018_sprint4_asset_manager_v2.sql,database/025_sprint4_two_narrow_blockers.sql,MIGRATION_ORDER_NOT_GAME_RUN_ORDER,NO_LIVE_RUN_VALUE_TIMELINE,docs/plans/ROUND1_FIELD_READ_WRITE_OVERVIEW_V1.0_part1.csv
F0037,asset_candidates#28,database/018_sprint4_asset_manager_v2.sql,15,NO_INLINE_LITERAL,NO_INLINE_LITERAL,database/018_sprint4_asset_manager_v2.sql,database/025_sprint4_two_narrow_blockers.sql,MIGRATION_ORDER_NOT_GAME_RUN_ORDER,NO_LIVE_RUN_VALUE_TIMELINE,docs/plans/ROUND1_FIELD_READ_WRITE_OVERVIEW_V1.0_part1.csv
F0038,asset_candidates#29,database/018_sprint4_asset_manager_v2.sql,16,YES_LITERAL,NO_INLINE_LITERAL,database/018_sprint4_asset_manager_v2.sql,database/019_sprint4_teacher_authority_correction.sql,MIGRATION_ORDER_NOT_GAME_RUN_ORDER,NO_LIVE_RUN_VALUE_TIMELINE,docs/plans/ROUND1_FIELD_READ_WRITE_OVERVIEW_V1.0_part1.csv
F0039,asset_events#01,database/018_sprint4_asset_manager_v2.sql,20,NO_INLINE_LITERAL,NO_INLINE_LITERAL,database/018_sprint4_asset_manager_v2.sql,database/021_sprint4_anchor_and_activation_controls.sql,MIGRATION_ORDER_NOT_GAME_RUN_ORDER,NO_LIVE_RUN_VALUE_TIMELINE,docs/plans/ROUND1_FIELD_READ_WRITE_OVERVIEW_V1.0_part1.csv
F0040,asset_events#02,database/018_sprint4_asset_manager_v2.sql,20,NO_INLINE_LITERAL,NO_INLINE_LITERAL,database/018_sprint4_asset_manager_v2.sql,database/058_sprint9_active_asset_load_failure_telemetry.sql,MIGRATION_ORDER_NOT_GAME_RUN_ORDER,NO_LIVE_RUN_VALUE_TIMELINE,docs/plans/ROUND1_FIELD_READ_WRITE_OVERVIEW_V1.0_part1.csv
F0041,asset_events#03,database/018_sprint4_asset_manager_v2.sql,20,NO_INLINE_LITERAL,NO_INLINE_LITERAL,database/018_sprint4_asset_manager_v2.sql,database/058_sprint9_active_asset_load_failure_telemetry.sql,MIGRATION_ORDER_NOT_GAME_RUN_ORDER,NO_LIVE_RUN_VALUE_TIMELINE,docs/plans/ROUND1_FIELD_READ_WRITE_OVERVIEW_V1.0_part1.csv
F0042,asset_events#04,database/018_sprint4_asset_manager_v2.sql,20,NO_INLINE_LITERAL,NO_INLINE_LITERAL,database/018_sprint4_asset_manager_v2.sql,database/058_sprint9_active_asset_load_failure_telemetry.sql,MIGRATION_ORDER_NOT_GAME_RUN_ORDER,NO_LIVE_RUN_VALUE_TIMELINE,docs/plans/ROUND1_FIELD_READ_WRITE_OVERVIEW_V1.0_part1.csv
F0043,asset_events#05,database/018_sprint4_asset_manager_v2.sql,20,NO_INLINE_LITERAL,NO_INLINE_LITERAL,database/018_sprint4_asset_manager_v2.sql,database/058_sprint9_active_asset_load_failure_telemetry.sql,MIGRATION_ORDER_NOT_GAME_RUN_ORDER,NO_LIVE_RUN_VALUE_TIMELINE,docs/plans/ROUND1_FIELD_READ_WRITE_OVERVIEW_V1.0_part1.csv
F0044,asset_events#06,database/018_sprint4_asset_manager_v2.sql,20,YES_LITERAL,YES_LITERAL,database/018_sprint4_asset_manager_v2.sql,database/021_sprint4_anchor_and_activation_controls.sql,MIGRATION_ORDER_NOT_GAME_RUN_ORDER,NO_LIVE_RUN_VALUE_TIMELINE,docs/plans/ROUND1_FIELD_READ_WRITE_OVERVIEW_V1.0_part1.csv
F0045,asset_manager_reviewers#01,database/024_sprint4_level1_narrow_corrections.sql,3,NO_INLINE_LITERAL,NO_INLINE_LITERAL,NO_RAW_WRITE,NO_RAW_WRITE,MIGRATION_ORDER_NOT_GAME_RUN_ORDER,NO_LIVE_RUN_VALUE_TIMELINE,docs/plans/ROUND1_FIELD_READ_WRITE_OVERVIEW_V1.0_part1.csv
F0046,asset_manager_reviewers#02,database/024_sprint4_level1_narrow_corrections.sql,3,NO_INLINE_LITERAL,NO_INLINE_LITERAL,NO_RAW_WRITE,NO_RAW_WRITE,MIGRATION_ORDER_NOT_GAME_RUN_ORDER,NO_LIVE_RUN_VALUE_TIMELINE,docs/plans/ROUND1_FIELD_READ_WRITE_OVERVIEW_V1.0_part1.csv
F0047,asset_manager_reviewers#03,database/024_sprint4_level1_narrow_corrections.sql,3,NO_INLINE_LITERAL,NO_INLINE_LITERAL,NO_RAW_WRITE,NO_RAW_WRITE,MIGRATION_ORDER_NOT_GAME_RUN_ORDER,NO_LIVE_RUN_VALUE_TIMELINE,docs/plans/ROUND1_FIELD_READ_WRITE_OVERVIEW_V1.0_part1.csv
F0048,asset_manager_reviewers#04,database/024_sprint4_level1_narrow_corrections.sql,3,YES_LITERAL,YES_LITERAL,NO_RAW_WRITE,NO_RAW_WRITE,MIGRATION_ORDER_NOT_GAME_RUN_ORDER,NO_LIVE_RUN_VALUE_TIMELINE,docs/plans/ROUND1_FIELD_READ_WRITE_OVERVIEW_V1.0_part1.csv
F0049,asset_registry_projection#01,database/018_sprint4_asset_manager_v2.sql,3,NO_INLINE_LITERAL,NO_INLINE_LITERAL,database/018_sprint4_asset_manager_v2.sql,database/024_sprint4_level1_narrow_corrections.sql,MIGRATION_ORDER_NOT_GAME_RUN_ORDER,NO_LIVE_RUN_VALUE_TIMELINE,docs/plans/ROUND1_FIELD_READ_WRITE_OVERVIEW_V1.0_part1.csv
F0050,asset_registry_projection#02,database/018_sprint4_asset_manager_v2.sql,3,NO_INLINE_LITERAL,NO_INLINE_LITERAL,database/018_sprint4_asset_manager_v2.sql,database/024_sprint4_level1_narrow_corrections.sql,MIGRATION_ORDER_NOT_GAME_RUN_ORDER,NO_LIVE_RUN_VALUE_TIMELINE,docs/plans/ROUND1_FIELD_READ_WRITE_OVERVIEW_V1.0_part1.csv
F0051,asset_registry_projection#03,database/018_sprint4_asset_manager_v2.sql,3,NO_INLINE_LITERAL,NO_INLINE_LITERAL,database/018_sprint4_asset_manager_v2.sql,database/024_sprint4_level1_narrow_corrections.sql,MIGRATION_ORDER_NOT_GAME_RUN_ORDER,NO_LIVE_RUN_VALUE_TIMELINE,docs/plans/ROUND1_FIELD_READ_WRITE_OVERVIEW_V1.0_part1.csv
F0052,asset_registry_projection#04,database/018_sprint4_asset_manager_v2.sql,3,NO_INLINE_LITERAL,NO_INLINE_LITERAL,database/018_sprint4_asset_manager_v2.sql,database/024_sprint4_level1_narrow_corrections.sql,MIGRATION_ORDER_NOT_GAME_RUN_ORDER,NO_LIVE_RUN_VALUE_TIMELINE,docs/plans/ROUND1_FIELD_READ_WRITE_OVERVIEW_V1.0_part1.csv
F0053,asset_registry_projection#05,database/018_sprint4_asset_manager_v2.sql,4,NO_INLINE_LITERAL,NO_INLINE_LITERAL,NO_RAW_WRITE,NO_RAW_WRITE,MIGRATION_ORDER_NOT_GAME_RUN_ORDER,NO_LIVE_RUN_VALUE_TIMELINE,docs/plans/ROUND1_FIELD_READ_WRITE_OVERVIEW_V1.0_part1.csv
F0054,asset_registry_projection#06,database/018_sprint4_asset_manager_v2.sql,4,NO_INLINE_LITERAL,NO_INLINE_LITERAL,NO_RAW_WRITE,NO_RAW_WRITE,MIGRATION_ORDER_NOT_GAME_RUN_ORDER,NO_LIVE_RUN_VALUE_TIMELINE,docs/plans/ROUND1_FIELD_READ_WRITE_OVERVIEW_V1.0_part1.csv
F0055,asset_registry_projection#07,database/018_sprint4_asset_manager_v2.sql,4,NO_INLINE_LITERAL,NO_INLINE_LITERAL,database/018_sprint4_asset_manager_v2.sql,database/024_sprint4_level1_narrow_corrections.sql,MIGRATION_ORDER_NOT_GAME_RUN_ORDER,NO_LIVE_RUN_VALUE_TIMELINE,docs/plans/ROUND1_FIELD_READ_WRITE_OVERVIEW_V1.0_part1.csv
F0056,asset_registry_projection#08,database/018_sprint4_asset_manager_v2.sql,4,NO_INLINE_LITERAL,NO_INLINE_LITERAL,database/018_sprint4_asset_manager_v2.sql,database/024_sprint4_level1_narrow_corrections.sql,MIGRATION_ORDER_NOT_GAME_RUN_ORDER,NO_LIVE_RUN_VALUE_TIMELINE,docs/plans/ROUND1_FIELD_READ_WRITE_OVERVIEW_V1.0_part1.csv
F0057,asset_registry_projection#09,database/018_sprint4_asset_manager_v2.sql,5,NO_INLINE_LITERAL,NO_INLINE_LITERAL,database/018_sprint4_asset_manager_v2.sql,database/024_sprint4_level1_narrow_corrections.sql,MIGRATION_ORDER_NOT_GAME_RUN_ORDER,NO_LIVE_RUN_VALUE_TIMELINE,docs/plans/ROUND1_FIELD_READ_WRITE_OVERVIEW_V1.0_part1.csv
F0058,asset_registry_projection#10,database/018_sprint4_asset_manager_v2.sql,5,NO_INLINE_LITERAL,NO_INLINE_LITERAL,database/018_sprint4_asset_manager_v2.sql,database/024_sprint4_level1_narrow_corrections.sql,MIGRATION_ORDER_NOT_GAME_RUN_ORDER,NO_LIVE_RUN_VALUE_TIMELINE,docs/plans/ROUND1_FIELD_READ_WRITE_OVERVIEW_V1.0_part1.csv
F0059,asset_registry_projection#11,database/018_sprint4_asset_manager_v2.sql,5,NO_INLINE_LITERAL,NO_INLINE_LITERAL,database/018_sprint4_asset_manager_v2.sql,database/024_sprint4_level1_narrow_corrections.sql,MIGRATION_ORDER_NOT_GAME_RUN_ORDER,NO_LIVE_RUN_VALUE_TIMELINE,docs/plans/ROUND1_FIELD_READ_WRITE_OVERVIEW_V1.0_part1.csv
F0060,asset_registry_projection#12,database/018_sprint4_asset_manager_v2.sql,5,NO_INLINE_LITERAL,NO_INLINE_LITERAL,database/018_sprint4_asset_manager_v2.sql,database/024_sprint4_level1_narrow_corrections.sql,MIGRATION_ORDER_NOT_GAME_RUN_ORDER,NO_LIVE_RUN_VALUE_TIMELINE,docs/plans/ROUND1_FIELD_READ_WRITE_OVERVIEW_V1.0_part1.csv
F0061,asset_registry_projection#13,database/018_sprint4_asset_manager_v2.sql,6,NO_INLINE_LITERAL,NO_INLINE_LITERAL,database/018_sprint4_asset_manager_v2.sql,database/024_sprint4_level1_narrow_corrections.sql,MIGRATION_ORDER_NOT_GAME_RUN_ORDER,NO_LIVE_RUN_VALUE_TIMELINE,docs/plans/ROUND1_FIELD_READ_WRITE_OVERVIEW_V1.0_part1.csv
F0062,asset_registry_projection#14,database/018_sprint4_asset_manager_v2.sql,6,YES_LITERAL,YES_LITERAL,database/018_sprint4_asset_manager_v2.sql,database/024_sprint4_level1_narrow_corrections.sql,MIGRATION_ORDER_NOT_GAME_RUN_ORDER,NO_LIVE_RUN_VALUE_TIMELINE,docs/plans/ROUND1_FIELD_READ_WRITE_OVERVIEW_V1.0_part1.csv
F0063,dialogue_messages#01,database/002_runtime_runs_discussion.sql,56,NO_INLINE_LITERAL,NO_INLINE_LITERAL,NO_RAW_WRITE,NO_RAW_WRITE,MIGRATION_ORDER_NOT_GAME_RUN_ORDER,NO_LIVE_RUN_VALUE_TIMELINE,docs/plans/ROUND1_FIELD_READ_WRITE_OVERVIEW_V1.0_part1.csv
F0064,dialogue_messages#02,database/002_runtime_runs_discussion.sql,57,NO_INLINE_LITERAL,NO_INLINE_LITERAL,database/002_runtime_runs_discussion.sql,database/035_sprint6_focused_audit_corrections.sql,MIGRATION_ORDER_NOT_GAME_RUN_ORDER,NO_LIVE_RUN_VALUE_TIMELINE,docs/plans/ROUND1_FIELD_READ_WRITE_OVERVIEW_V1.0_part1.csv
F0065,dialogue_messages#03,database/002_runtime_runs_discussion.sql,58,NO_INLINE_LITERAL,NO_INLINE_LITERAL,database/002_runtime_runs_discussion.sql,database/035_sprint6_focused_audit_corrections.sql,MIGRATION_ORDER_NOT_GAME_RUN_ORDER,NO_LIVE_RUN_VALUE_TIMELINE,docs/plans/ROUND1_FIELD_READ_WRITE_OVERVIEW_V1.0_part1.csv
F0066,dialogue_messages#04,database/002_runtime_runs_discussion.sql,59,NO_INLINE_LITERAL,NO_INLINE_LITERAL,database/002_runtime_runs_discussion.sql,database/035_sprint6_focused_audit_corrections.sql,MIGRATION_ORDER_NOT_GAME_RUN_ORDER,NO_LIVE_RUN_VALUE_TIMELINE,docs/plans/ROUND1_FIELD_READ_WRITE_OVERVIEW_V1.0_part1.csv
F0067,dialogue_messages#05,database/002_runtime_runs_discussion.sql,60,NO_INLINE_LITERAL,NO_INLINE_LITERAL,database/002_runtime_runs_discussion.sql,database/035_sprint6_focused_audit_corrections.sql,MIGRATION_ORDER_NOT_GAME_RUN_ORDER,NO_LIVE_RUN_VALUE_TIMELINE,docs/plans/ROUND1_FIELD_READ_WRITE_OVERVIEW_V1.0_part1.csv
F0068,dialogue_messages#06,database/002_runtime_runs_discussion.sql,61,NO_INLINE_LITERAL,NO_INLINE_LITERAL,database/002_runtime_runs_discussion.sql,database/035_sprint6_focused_audit_corrections.sql,MIGRATION_ORDER_NOT_GAME_RUN_ORDER,NO_LIVE_RUN_VALUE_TIMELINE,docs/plans/ROUND1_FIELD_READ_WRITE_OVERVIEW_V1.0_part1.csv
F0069,dialogue_messages#07,database/002_runtime_runs_discussion.sql,62,NO_INLINE_LITERAL,NO_INLINE_LITERAL,database/002_runtime_runs_discussion.sql,database/035_sprint6_focused_audit_corrections.sql,MIGRATION_ORDER_NOT_GAME_RUN_ORDER,NO_LIVE_RUN_VALUE_TIMELINE,docs/plans/ROUND1_FIELD_READ_WRITE_OVERVIEW_V1.0_part1.csv
F0070,dialogue_messages#08,database/002_runtime_runs_discussion.sql,63,NO_INLINE_LITERAL,NO_INLINE_LITERAL,database/002_runtime_runs_discussion.sql,database/035_sprint6_focused_audit_corrections.sql,MIGRATION_ORDER_NOT_GAME_RUN_ORDER,NO_LIVE_RUN_VALUE_TIMELINE,docs/plans/ROUND1_FIELD_READ_WRITE_OVERVIEW_V1.0_part1.csv
F0071,dialogue_messages#09,database/002_runtime_runs_discussion.sql,64,YES_LITERAL,YES_LITERAL,NO_RAW_WRITE,NO_RAW_WRITE,MIGRATION_ORDER_NOT_GAME_RUN_ORDER,NO_LIVE_RUN_VALUE_TIMELINE,docs/plans/ROUND1_FIELD_READ_WRITE_OVERVIEW_V1.0_part1.csv
F0072,dialogue_messages#10,database/013_sprint3b_discussion_authority_and_request_identity.sql,24,NO_INLINE_LITERAL,NO_INLINE_LITERAL,database/013_sprint3b_discussion_authority_and_request_identity.sql,database/030_sprint5_exact_session_messages.sql,MIGRATION_ORDER_NOT_GAME_RUN_ORDER,NO_LIVE_RUN_VALUE_TIMELINE,docs/plans/ROUND1_FIELD_READ_WRITE_OVERVIEW_V1.0_part1.csv
F0073,discussion_sessions#01,database/002_runtime_runs_discussion.sql,24,NO_INLINE_LITERAL,NO_INLINE_LITERAL,database/028_sprint5_round_event_link.sql,database/032_sprint5_discussion_creation_restore.sql,MIGRATION_ORDER_NOT_GAME_RUN_ORDER,NO_LIVE_RUN_VALUE_TIMELINE,docs/plans/ROUND1_FIELD_READ_WRITE_OVERVIEW_V1.0_part1.csv
F0074,discussion_sessions#02,database/002_runtime_runs_discussion.sql,25,NO_INLINE_LITERAL,NO_INLINE_LITERAL,database/002_runtime_runs_discussion.sql,database/054_level3_integrated_closure.sql,MIGRATION_ORDER_NOT_GAME_RUN_ORDER,NO_LIVE_RUN_VALUE_TIMELINE,docs/plans/ROUND1_FIELD_READ_WRITE_OVERVIEW_V1.0_part1.csv
F0075,discussion_sessions#03,database/002_runtime_runs_discussion.sql,26,NO_INLINE_LITERAL,NO_INLINE_LITERAL,database/002_runtime_runs_discussion.sql,database/054_level3_integrated_closure.sql,MIGRATION_ORDER_NOT_GAME_RUN_ORDER,NO_LIVE_RUN_VALUE_TIMELINE,docs/plans/ROUND1_FIELD_READ_WRITE_OVERVIEW_V1.0_part1.csv
F0076,discussion_sessions#04,database/002_runtime_runs_discussion.sql,27,NO_INLINE_LITERAL,NO_INLINE_LITERAL,database/002_runtime_runs_discussion.sql,database/054_level3_integrated_closure.sql,MIGRATION_ORDER_NOT_GAME_RUN_ORDER,NO_LIVE_RUN_VALUE_TIMELINE,docs/plans/ROUND1_FIELD_READ_WRITE_OVERVIEW_V1.0_part1.csv
F0077,discussion_sessions#05,database/002_runtime_runs_discussion.sql,28,NO_INLINE_LITERAL,NO_INLINE_LITERAL,database/002_runtime_runs_discussion.sql,database/054_level3_integrated_closure.sql,MIGRATION_ORDER_NOT_GAME_RUN_ORDER,NO_LIVE_RUN_VALUE_TIMELINE,docs/plans/ROUND1_FIELD_READ_WRITE_OVERVIEW_V1.0_part1.csv
F0078,discussion_sessions#06,database/002_runtime_runs_discussion.sql,29,NO_INLINE_LITERAL,NO_INLINE_LITERAL,database/002_runtime_runs_discussion.sql,database/054_level3_integrated_closure.sql,MIGRATION_ORDER_NOT_GAME_RUN_ORDER,NO_LIVE_RUN_VALUE_TIMELINE,docs/plans/ROUND1_FIELD_READ_WRITE_OVERVIEW_V1.0_part1.csv
F0079,discussion_sessions#07,database/002_runtime_runs_discussion.sql,30,NO_INLINE_LITERAL,NO_INLINE_LITERAL,database/002_runtime_runs_discussion.sql,database/054_level3_integrated_closure.sql,MIGRATION_ORDER_NOT_GAME_RUN_ORDER,NO_LIVE_RUN_VALUE_TIMELINE,docs/plans/ROUND1_FIELD_READ_WRITE_OVERVIEW_V1.0_part1.csv
F0080,discussion_sessions#08,database/002_runtime_runs_discussion.sql,31,NO_INLINE_LITERAL,NO_INLINE_LITERAL,database/002_runtime_runs_discussion.sql,database/054_level3_integrated_closure.sql,MIGRATION_ORDER_NOT_GAME_RUN_ORDER,NO_LIVE_RUN_VALUE_TIMELINE,docs/plans/ROUND1_FIELD_READ_WRITE_OVERVIEW_V1.0_part1.csv
F0081,discussion_sessions#09,database/002_runtime_runs_discussion.sql,32,NO_INLINE_LITERAL,NO_INLINE_LITERAL,database/002_runtime_runs_discussion.sql,database/054_level3_integrated_closure.sql,MIGRATION_ORDER_NOT_GAME_RUN_ORDER,NO_LIVE_RUN_VALUE_TIMELINE,docs/plans/ROUND1_FIELD_READ_WRITE_OVERVIEW_V1.0_part1.csv
F0082,discussion_sessions#10,database/002_runtime_runs_discussion.sql,34,YES_LITERAL,YES_LITERAL,database/029_sprint5_canonical_discussion_localization.sql,database/032_sprint5_discussion_creation_restore.sql,MIGRATION_ORDER_NOT_GAME_RUN_ORDER,NO_LIVE_RUN_VALUE_TIMELINE,docs/plans/ROUND1_FIELD_READ_WRITE_OVERVIEW_V1.0_part1.csv
F0083,discussion_sessions#11,database/002_runtime_runs_discussion.sql,35,YES_LITERAL,NO_INLINE_LITERAL,database/002_runtime_runs_discussion.sql,database/054_level3_integrated_closure.sql,MIGRATION_ORDER_NOT_GAME_RUN_ORDER,NO_LIVE_RUN_VALUE_TIMELINE,docs/plans/ROUND1_FIELD_READ_WRITE_OVERVIEW_V1.0_part1.csv
F0084,discussion_sessions#12,database/002_runtime_runs_discussion.sql,36,YES_LITERAL,NO_INLINE_LITERAL,database/002_runtime_runs_discussion.sql,database/054_level3_integrated_closure.sql,MIGRATION_ORDER_NOT_GAME_RUN_ORDER,NO_LIVE_RUN_VALUE_TIMELINE,docs/plans/ROUND1_FIELD_READ_WRITE_OVERVIEW_V1.0_part1.csv
F0085,discussion_sessions#13,database/002_runtime_runs_discussion.sql,37,NO_INLINE_LITERAL,NO_INLINE_LITERAL,database/002_runtime_runs_discussion.sql,database/054_level3_integrated_closure.sql,MIGRATION_ORDER_NOT_GAME_RUN_ORDER,NO_LIVE_RUN_VALUE_TIMELINE,docs/plans/ROUND1_FIELD_READ_WRITE_OVERVIEW_V1.0_part1.csv
F0086,discussion_sessions#14,database/002_runtime_runs_discussion.sql,38,NO_INLINE_LITERAL,NO_INLINE_LITERAL,database/002_runtime_runs_discussion.sql,database/054_level3_integrated_closure.sql,MIGRATION_ORDER_NOT_GAME_RUN_ORDER,NO_LIVE_RUN_VALUE_TIMELINE,docs/plans/ROUND1_FIELD_READ_WRITE_OVERVIEW_V1.0_part1.csv
F0087,discussion_sessions#15,database/002_runtime_runs_discussion.sql,39,NO_INLINE_LITERAL,NO_INLINE_LITERAL,database/028_sprint5_round_event_link.sql,database/035_sprint6_focused_audit_corrections.sql,MIGRATION_ORDER_NOT_GAME_RUN_ORDER,NO_LIVE_RUN_VALUE_TIMELINE,docs/plans/ROUND1_FIELD_READ_WRITE_OVERVIEW_V1.0_part1.csv
F0088,discussion_sessions#16,database/002_runtime_runs_discussion.sql,40,NO_INLINE_LITERAL,NO_INLINE_LITERAL,database/002_runtime_runs_discussion.sql,database/054_level3_integrated_closure.sql,MIGRATION_ORDER_NOT_GAME_RUN_ORDER,NO_LIVE_RUN_VALUE_TIMELINE,docs/plans/ROUND1_FIELD_READ_WRITE_OVERVIEW_V1.0_part1.csv
F0089,discussion_sessions#17,database/002_runtime_runs_discussion.sql,41,NO_INLINE_LITERAL,NO_INLINE_LITERAL,database/002_runtime_runs_discussion.sql,database/054_level3_integrated_closure.sql,MIGRATION_ORDER_NOT_GAME_RUN_ORDER,NO_LIVE_RUN_VALUE_TIMELINE,docs/plans/ROUND1_FIELD_READ_WRITE_OVERVIEW_V1.0_part1.csv
F0090,discussion_sessions#18,database/002_runtime_runs_discussion.sql,42,NO_INLINE_LITERAL,NO_INLINE_LITERAL,database/002_runtime_runs_discussion.sql,database/054_level3_integrated_closure.sql,MIGRATION_ORDER_NOT_GAME_RUN_ORDER,NO_LIVE_RUN_VALUE_TIMELINE,docs/plans/ROUND1_FIELD_READ_WRITE_OVERVIEW_V1.0_part1.csv
F0091,discussion_sessions#19,database/002_runtime_runs_discussion.sql,44,NO_INLINE_LITERAL,NO_INLINE_LITERAL,database/002_runtime_runs_discussion.sql,database/054_level3_integrated_closure.sql,MIGRATION_ORDER_NOT_GAME_RUN_ORDER,NO_LIVE_RUN_VALUE_TIMELINE,docs/plans/ROUND1_FIELD_READ_WRITE_OVERVIEW_V1.0_part1.csv
F0092,discussion_sessions#20,database/002_runtime_runs_discussion.sql,45,NO_INLINE_LITERAL,NO_INLINE_LITERAL,database/002_runtime_runs_discussion.sql,database/054_level3_integrated_closure.sql,MIGRATION_ORDER_NOT_GAME_RUN_ORDER,NO_LIVE_RUN_VALUE_TIMELINE,docs/plans/ROUND1_FIELD_READ_WRITE_OVERVIEW_V1.0_part1.csv
F0093,discussion_sessions#21,database/002_runtime_runs_discussion.sql,46,NO_INLINE_LITERAL,NO_INLINE_LITERAL,database/002_runtime_runs_discussion.sql,database/054_level3_integrated_closure.sql,MIGRATION_ORDER_NOT_GAME_RUN_ORDER,NO_LIVE_RUN_VALUE_TIMELINE,docs/plans/ROUND1_FIELD_READ_WRITE_OVERVIEW_V1.0_part1.csv
F0094,discussion_sessions#22,database/002_runtime_runs_discussion.sql,47,NO_INLINE_LITERAL,NO_INLINE_LITERAL,NO_RAW_WRITE,NO_RAW_WRITE,MIGRATION_ORDER_NOT_GAME_RUN_ORDER,NO_LIVE_RUN_VALUE_TIMELINE,docs/plans/ROUND1_FIELD_READ_WRITE_OVERVIEW_V1.0_part1.csv
F0095,discussion_sessions#23,database/002_runtime_runs_discussion.sql,48,NO_INLINE_LITERAL,NO_INLINE_LITERAL,NO_RAW_WRITE,NO_RAW_WRITE,MIGRATION_ORDER_NOT_GAME_RUN_ORDER,NO_LIVE_RUN_VALUE_TIMELINE,docs/plans/ROUND1_FIELD_READ_WRITE_OVERVIEW_V1.0_part1.csv
F0096,discussion_sessions#24,database/002_runtime_runs_discussion.sql,49,NO_INLINE_LITERAL,NO_INLINE_LITERAL,database/002_runtime_runs_discussion.sql,database/054_level3_integrated_closure.sql,MIGRATION_ORDER_NOT_GAME_RUN_ORDER,NO_LIVE_RUN_VALUE_TIMELINE,docs/plans/ROUND1_FIELD_READ_WRITE_OVERVIEW_V1.0_part1.csv
F0097,discussion_sessions#25,database/002_runtime_runs_discussion.sql,50,NO_INLINE_LITERAL,NO_INLINE_LITERAL,database/002_runtime_runs_discussion.sql,database/054_level3_integrated_closure.sql,MIGRATION_ORDER_NOT_GAME_RUN_ORDER,NO_LIVE_RUN_VALUE_TIMELINE,docs/plans/ROUND1_FIELD_READ_WRITE_OVERVIEW_V1.0_part1.csv
F0098,discussion_sessions#26,database/002_runtime_runs_discussion.sql,51,NO_INLINE_LITERAL,NO_INLINE_LITERAL,database/002_runtime_runs_discussion.sql,database/054_level3_integrated_closure.sql,MIGRATION_ORDER_NOT_GAME_RUN_ORDER,NO_LIVE_RUN_VALUE_TIMELINE,docs/plans/ROUND1_FIELD_READ_WRITE_OVERVIEW_V1.0_part1.csv
F0099,discussion_sessions#27,database/029_sprint5_canonical_discussion_localization.sql,4,NO_INLINE_LITERAL,NO_INLINE_LITERAL,database/029_sprint5_canonical_discussion_localization.sql,database/032_sprint5_discussion_creation_restore.sql,MIGRATION_ORDER_NOT_GAME_RUN_ORDER,NO_LIVE_RUN_VALUE_TIMELINE,docs/plans/ROUND1_FIELD_READ_WRITE_OVERVIEW_V1.0_part1.csv
F0100,discussion_sessions#28,database/029_sprint5_canonical_discussion_localization.sql,5,NO_INLINE_LITERAL,NO_INLINE_LITERAL,database/029_sprint5_canonical_discussion_localization.sql,database/032_sprint5_discussion_creation_restore.sql,MIGRATION_ORDER_NOT_GAME_RUN_ORDER,NO_LIVE_RUN_VALUE_TIMELINE,docs/plans/ROUND1_FIELD_READ_WRITE_OVERVIEW_V1.0_part1.csv
F0101,discussion_sessions#29,database/029_sprint5_canonical_discussion_localization.sql,6,NO_INLINE_LITERAL,NO_INLINE_LITERAL,database/029_sprint5_canonical_discussion_localization.sql,database/032_sprint5_discussion_creation_restore.sql,MIGRATION_ORDER_NOT_GAME_RUN_ORDER,NO_LIVE_RUN_VALUE_TIMELINE,docs/plans/ROUND1_FIELD_READ_WRITE_OVERVIEW_V1.0_part1.csv
F0102,game_runs#01,database/002_runtime_runs_discussion.sql,6,NO_INLINE_LITERAL,NO_INLINE_LITERAL,NO_RAW_WRITE,NO_RAW_WRITE,MIGRATION_ORDER_NOT_GAME_RUN_ORDER,NO_LIVE_RUN_VALUE_TIMELINE,docs/plans/ROUND1_FIELD_READ_WRITE_OVERVIEW_V1.0_part1.csv
F0103,game_runs#02,database/002_runtime_runs_discussion.sql,7,NO_INLINE_LITERAL,NO_INLINE_LITERAL,database/002_runtime_runs_discussion.sql,database/002_runtime_runs_discussion.sql,MIGRATION_ORDER_NOT_GAME_RUN_ORDER,NO_LIVE_RUN_VALUE_TIMELINE,docs/plans/ROUND1_FIELD_READ_WRITE_OVERVIEW_V1.0_part1.csv
F0104,game_runs#03,database/002_runtime_runs_discussion.sql,8,YES_LITERAL,YES_LITERAL,NO_RAW_WRITE,NO_RAW_WRITE,MIGRATION_ORDER_NOT_GAME_RUN_ORDER,NO_LIVE_RUN_VALUE_TIMELINE,docs/plans/ROUND1_FIELD_READ_WRITE_OVERVIEW_V1.0_part1.csv
F0105,game_runs#04,database/002_runtime_runs_discussion.sql,9,NO_INLINE_LITERAL,NO_INLINE_LITERAL,database/002_runtime_runs_discussion.sql,database/002_runtime_runs_discussion.sql,MIGRATION_ORDER_NOT_GAME_RUN_ORDER,NO_LIVE_RUN_VALUE_TIMELINE,docs/plans/ROUND1_FIELD_READ_WRITE_OVERVIEW_V1.0_part1.csv
F0106,game_runs#05,database/002_runtime_runs_discussion.sql,10,NO_INLINE_LITERAL,NO_INLINE_LITERAL,database/002_runtime_runs_discussion.sql,database/002_runtime_runs_discussion.sql,MIGRATION_ORDER_NOT_GAME_RUN_ORDER,NO_LIVE_RUN_VALUE_TIMELINE,docs/plans/ROUND1_FIELD_READ_WRITE_OVERVIEW_V1.0_part1.csv
F0107,game_runs#06,database/002_runtime_runs_discussion.sql,11,NO_INLINE_LITERAL,NO_INLINE_LITERAL,database/048_sprint8_focused_level1_corrections.sql,database/049_sprint8_final_closure.sql,MIGRATION_ORDER_NOT_GAME_RUN_ORDER,NO_LIVE_RUN_VALUE_TIMELINE,docs/plans/ROUND1_FIELD_READ_WRITE_OVERVIEW_V1.0_part1.csv
F0108,game_runs#07,database/002_runtime_runs_discussion.sql,12,NO_INLINE_LITERAL,NO_INLINE_LITERAL,database/046_sprint8_act14_finalization_export.sql,database/049_sprint8_final_closure.sql,MIGRATION_ORDER_NOT_GAME_RUN_ORDER,NO_LIVE_RUN_VALUE_TIMELINE,docs/plans/ROUND1_FIELD_READ_WRITE_OVERVIEW_V1.0_part1.csv
F0109,game_runs#08,database/002_runtime_runs_discussion.sql,13,NO_INLINE_LITERAL,NO_INLINE_LITERAL,database/046_sprint8_act14_finalization_export.sql,database/049_sprint8_final_closure.sql,MIGRATION_ORDER_NOT_GAME_RUN_ORDER,NO_LIVE_RUN_VALUE_TIMELINE,docs/plans/ROUND1_FIELD_READ_WRITE_OVERVIEW_V1.0_part1.csv
F0110,game_runs#09,database/002_runtime_runs_discussion.sql,14,NO_INLINE_LITERAL,NO_INLINE_LITERAL,database/046_sprint8_act14_finalization_export.sql,database/049_sprint8_final_closure.sql,MIGRATION_ORDER_NOT_GAME_RUN_ORDER,NO_LIVE_RUN_VALUE_TIMELINE,docs/plans/ROUND1_FIELD_READ_WRITE_OVERVIEW_V1.0_part1.csv
F0111,game_runs#10,database/002_runtime_runs_discussion.sql,15,NO_INLINE_LITERAL,NO_INLINE_LITERAL,database/002_runtime_runs_discussion.sql,database/054_level3_integrated_closure.sql,MIGRATION_ORDER_NOT_GAME_RUN_ORDER,NO_LIVE_RUN_VALUE_TIMELINE,docs/plans/ROUND1_FIELD_READ_WRITE_OVERVIEW_V1.0_part1.csv
F0112,game_runs#11,database/002_runtime_runs_discussion.sql,16,YES_LITERAL,YES_LITERAL,NO_RAW_WRITE,NO_RAW_WRITE,MIGRATION_ORDER_NOT_GAME_RUN_ORDER,NO_LIVE_RUN_VALUE_TIMELINE,docs/plans/ROUND1_FIELD_READ_WRITE_OVERVIEW_V1.0_part1.csv
F0113,game_runs#12,database/014b_sprint3b_targeted_closure_corrections.sql,6,NO_INLINE_LITERAL,NO_INLINE_LITERAL,database/014b_sprint3b_targeted_closure_corrections.sql,database/043_sprint7_teacher_console.sql,MIGRATION_ORDER_NOT_GAME_RUN_ORDER,NO_LIVE_RUN_VALUE_TIMELINE,docs/plans/ROUND1_FIELD_READ_WRITE_OVERVIEW_V1.0_part1.csv
F0114,game_runs#13,database/015_sprint3c_minimal_safe_teacher_override.sql,32,NO_INLINE_LITERAL,NO_INLINE_LITERAL,database/015_sprint3c_minimal_safe_teacher_override.sql,database/054_level3_integrated_closure.sql,MIGRATION_ORDER_NOT_GAME_RUN_ORDER,NO_LIVE_RUN_VALUE_TIMELINE,docs/plans/ROUND1_FIELD_READ_WRITE_OVERVIEW_V1.0_part1.csv
F0115,game_runs#14,database/046_sprint8_act14_finalization_export.sql,5,NO_INLINE_LITERAL,NO_INLINE_LITERAL,database/046_sprint8_act14_finalization_export.sql,database/049_sprint8_final_closure.sql,MIGRATION_ORDER_NOT_GAME_RUN_ORDER,NO_LIVE_RUN_VALUE_TIMELINE,docs/plans/ROUND1_FIELD_READ_WRITE_OVERVIEW_V1.0_part1.csv
F0116,game_runs#15,database/046_sprint8_act14_finalization_export.sql,6,NO_INLINE_LITERAL,NO_INLINE_LITERAL,database/046_sprint8_act14_finalization_export.sql,database/049_sprint8_final_closure.sql,MIGRATION_ORDER_NOT_GAME_RUN_ORDER,NO_LIVE_RUN_VALUE_TIMELINE,docs/plans/ROUND1_FIELD_READ_WRITE_OVERVIEW_V1.0_part1.csv
F0117,game_runs#16,database/046_sprint8_act14_finalization_export.sql,7,NO_INLINE_LITERAL,NO_INLINE_LITERAL,database/046_sprint8_act14_finalization_export.sql,database/049_sprint8_final_closure.sql,MIGRATION_ORDER_NOT_GAME_RUN_ORDER,NO_LIVE_RUN_VALUE_TIMELINE,docs/plans/ROUND1_FIELD_READ_WRITE_OVERVIEW_V1.0_part1.csv
F0118,game_runs#17,database/046_sprint8_act14_finalization_export.sql,8,YES_LITERAL,NO_INLINE_LITERAL,database/046_sprint8_act14_finalization_export.sql,database/049_sprint8_final_closure.sql,MIGRATION_ORDER_NOT_GAME_RUN_ORDER,NO_LIVE_RUN_VALUE_TIMELINE,docs/plans/ROUND1_FIELD_READ_WRITE_OVERVIEW_V1.0_part1.csv
F0119,runtime_events#01,database/002_runtime_runs_discussion.sql,89,NO_INLINE_LITERAL,NO_INLINE_LITERAL,NO_RAW_WRITE,NO_RAW_WRITE,MIGRATION_ORDER_NOT_GAME_RUN_ORDER,NO_LIVE_RUN_VALUE_TIMELINE,docs/plans/ROUND1_FIELD_READ_WRITE_OVERVIEW_V1.0_part1.csv
F0120,runtime_events#02,database/002_runtime_runs_discussion.sql,90,NO_INLINE_LITERAL,NO_INLINE_LITERAL,database/002_runtime_runs_discussion.sql,database/054_level3_integrated_closure.sql,MIGRATION_ORDER_NOT_GAME_RUN_ORDER,NO_LIVE_RUN_VALUE_TIMELINE,docs/plans/ROUND1_FIELD_READ_WRITE_OVERVIEW_V1.0_part1.csv
F0121,runtime_events#03,database/002_runtime_runs_discussion.sql,91,NO_INLINE_LITERAL,NO_INLINE_LITERAL,database/002_runtime_runs_discussion.sql,database/054_level3_integrated_closure.sql,MIGRATION_ORDER_NOT_GAME_RUN_ORDER,NO_LIVE_RUN_VALUE_TIMELINE,docs/plans/ROUND1_FIELD_READ_WRITE_OVERVIEW_V1.0_part1.csv
F0122,runtime_events#04,database/002_runtime_runs_discussion.sql,92,NO_INLINE_LITERAL,NO_INLINE_LITERAL,database/002_runtime_runs_discussion.sql,database/045_sprint7_teacher_intervention_provenance.sql,MIGRATION_ORDER_NOT_GAME_RUN_ORDER,NO_LIVE_RUN_VALUE_TIMELINE,docs/plans/ROUND1_FIELD_READ_WRITE_OVERVIEW_V1.0_part1.csv
F0123,runtime_events#05,database/002_runtime_runs_discussion.sql,93,NO_INLINE_LITERAL,NO_INLINE_LITERAL,database/002_runtime_runs_discussion.sql,database/054_level3_integrated_closure.sql,MIGRATION_ORDER_NOT_GAME_RUN_ORDER,NO_LIVE_RUN_VALUE_TIMELINE,docs/plans/ROUND1_FIELD_READ_WRITE_OVERVIEW_V1.0_part1.csv
F0124,runtime_events#06,database/002_runtime_runs_discussion.sql,94,NO_INLINE_LITERAL,NO_INLINE_LITERAL,database/002_runtime_runs_discussion.sql,database/049_sprint8_final_closure.sql,MIGRATION_ORDER_NOT_GAME_RUN_ORDER,NO_LIVE_RUN_VALUE_TIMELINE,docs/plans/ROUND1_FIELD_READ_WRITE_OVERVIEW_V1.0_part1.csv
F0125,runtime_events#07,database/002_runtime_runs_discussion.sql,95,NO_INLINE_LITERAL,NO_INLINE_LITERAL,database/002_runtime_runs_discussion.sql,database/057_teacher_override_event_scope_consistency.sql,MIGRATION_ORDER_NOT_GAME_RUN_ORDER,NO_LIVE_RUN_VALUE_TIMELINE,docs/plans/ROUND1_FIELD_READ_WRITE_OVERVIEW_V1.0_part1.csv
F0126,runtime_events#08,database/002_runtime_runs_discussion.sql,96,YES_LITERAL,YES_LITERAL,NO_RAW_WRITE,NO_RAW_WRITE,MIGRATION_ORDER_NOT_GAME_RUN_ORDER,NO_LIVE_RUN_VALUE_TIMELINE,docs/plans/ROUND1_FIELD_READ_WRITE_OVERVIEW_V1.0_part1.csv
F0127,runtime_events#09,database/014_sprint3b_evidence_and_puzzle_integrity.sql,47,NO_INLINE_LITERAL,NO_INLINE_LITERAL,database/014_sprint3b_evidence_and_puzzle_integrity.sql,database/054_level3_integrated_closure.sql,MIGRATION_ORDER_NOT_GAME_RUN_ORDER,NO_LIVE_RUN_VALUE_TIMELINE,docs/plans/ROUND1_FIELD_READ_WRITE_OVERVIEW_V1.0_part1.csv
F0128,runtime_events#10,database/014_sprint3b_evidence_and_puzzle_integrity.sql,48,NO_INLINE_LITERAL,NO_INLINE_LITERAL,database/014_sprint3b_evidence_and_puzzle_integrity.sql,database/054_level3_integrated_closure.sql,MIGRATION_ORDER_NOT_GAME_RUN_ORDER,NO_LIVE_RUN_VALUE_TIMELINE,docs/plans/ROUND1_FIELD_READ_WRITE_OVERVIEW_V1.0_part1.csv
F0129,runtime_events#11,database/014_sprint3b_evidence_and_puzzle_integrity.sql,49,NO_INLINE_LITERAL,NO_INLINE_LITERAL,database/014_sprint3b_evidence_and_puzzle_integrity.sql,database/054_level3_integrated_closure.sql,MIGRATION_ORDER_NOT_GAME_RUN_ORDER,NO_LIVE_RUN_VALUE_TIMELINE,docs/plans/ROUND1_FIELD_READ_WRITE_OVERVIEW_V1.0_part1.csv
F0130,runtime_events#12,database/014_sprint3b_evidence_and_puzzle_integrity.sql,50,NO_INLINE_LITERAL,NO_INLINE_LITERAL,database/014_sprint3b_evidence_and_puzzle_integrity.sql,database/054_level3_integrated_closure.sql,MIGRATION_ORDER_NOT_GAME_RUN_ORDER,NO_LIVE_RUN_VALUE_TIMELINE,docs/plans/ROUND1_FIELD_READ_WRITE_OVERVIEW_V1.0_part1.csv
F0131,runtime_events#13,database/014_sprint3b_evidence_and_puzzle_integrity.sql,51,NO_INLINE_LITERAL,NO_INLINE_LITERAL,database/014_sprint3b_evidence_and_puzzle_integrity.sql,database/054_level3_integrated_closure.sql,MIGRATION_ORDER_NOT_GAME_RUN_ORDER,NO_LIVE_RUN_VALUE_TIMELINE,docs/plans/ROUND1_FIELD_READ_WRITE_OVERVIEW_V1.0_part1.csv
F0132,runtime_events#14,database/014_sprint3b_evidence_and_puzzle_integrity.sql,52,NO_INLINE_LITERAL,NO_INLINE_LITERAL,database/014_sprint3b_evidence_and_puzzle_integrity.sql,database/054_level3_integrated_closure.sql,MIGRATION_ORDER_NOT_GAME_RUN_ORDER,NO_LIVE_RUN_VALUE_TIMELINE,docs/plans/ROUND1_FIELD_READ_WRITE_OVERVIEW_V1.0_part1.csv
F0133,runtime_events#15,database/014_sprint3b_evidence_and_puzzle_integrity.sql,53,NO_INLINE_LITERAL,NO_INLINE_LITERAL,database/014_sprint3b_evidence_and_puzzle_integrity.sql,database/054_level3_integrated_closure.sql,MIGRATION_ORDER_NOT_GAME_RUN_ORDER,NO_LIVE_RUN_VALUE_TIMELINE,docs/plans/ROUND1_FIELD_READ_WRITE_OVERVIEW_V1.0_part1.csv
F0134,runtime_events#16,database/014_sprint3b_evidence_and_puzzle_integrity.sql,54,NO_INLINE_LITERAL,NO_INLINE_LITERAL,database/014_sprint3b_evidence_and_puzzle_integrity.sql,database/049_sprint8_final_closure.sql,MIGRATION_ORDER_NOT_GAME_RUN_ORDER,NO_LIVE_RUN_VALUE_TIMELINE,docs/plans/ROUND1_FIELD_READ_WRITE_OVERVIEW_V1.0_part1.csv
F0135,runtime_player_decisions#01,database/002_runtime_runs_discussion.sql,71,NO_INLINE_LITERAL,NO_INLINE_LITERAL,NO_RAW_WRITE,NO_RAW_WRITE,MIGRATION_ORDER_NOT_GAME_RUN_ORDER,NO_LIVE_RUN_VALUE_TIMELINE,docs/plans/ROUND1_FIELD_READ_WRITE_OVERVIEW_V1.0_part1.csv
F0136,runtime_player_decisions#02,database/002_runtime_runs_discussion.sql,72,NO_INLINE_LITERAL,NO_INLINE_LITERAL,database/002_runtime_runs_discussion.sql,database/013_sprint3b_discussion_authority_and_request_identity.sql,MIGRATION_ORDER_NOT_GAME_RUN_ORDER,NO_LIVE_RUN_VALUE_TIMELINE,docs/plans/ROUND1_FIELD_READ_WRITE_OVERVIEW_V1.0_part1.csv
F0137,runtime_player_decisions#03,database/002_runtime_runs_discussion.sql,73,NO_INLINE_LITERAL,NO_INLINE_LITERAL,database/002_runtime_runs_discussion.sql,database/013_sprint3b_discussion_authority_and_request_identity.sql,MIGRATION_ORDER_NOT_GAME_RUN_ORDER,NO_LIVE_RUN_VALUE_TIMELINE,docs/plans/ROUND1_FIELD_READ_WRITE_OVERVIEW_V1.0_part1.csv
F0138,runtime_player_decisions#04,database/002_runtime_runs_discussion.sql,74,NO_INLINE_LITERAL,NO_INLINE_LITERAL,database/002_runtime_runs_discussion.sql,database/013_sprint3b_discussion_authority_and_request_identity.sql,MIGRATION_ORDER_NOT_GAME_RUN_ORDER,NO_LIVE_RUN_VALUE_TIMELINE,docs/plans/ROUND1_FIELD_READ_WRITE_OVERVIEW_V1.0_part1.csv
F0139,runtime_player_decisions#05,database/002_runtime_runs_discussion.sql,75,NO_INLINE_LITERAL,NO_INLINE_LITERAL,database/002_runtime_runs_discussion.sql,database/013_sprint3b_discussion_authority_and_request_identity.sql,MIGRATION_ORDER_NOT_GAME_RUN_ORDER,NO_LIVE_RUN_VALUE_TIMELINE,docs/plans/ROUND1_FIELD_READ_WRITE_OVERVIEW_V1.0_part1.csv
F0140,runtime_player_decisions#06,database/002_runtime_runs_discussion.sql,76,NO_INLINE_LITERAL,NO_INLINE_LITERAL,database/002_runtime_runs_discussion.sql,database/013_sprint3b_discussion_authority_and_request_identity.sql,MIGRATION_ORDER_NOT_GAME_RUN_ORDER,NO_LIVE_RUN_VALUE_TIMELINE,docs/plans/ROUND1_FIELD_READ_WRITE_OVERVIEW_V1.0_part1.csv
F0141,runtime_player_decisions#07,database/002_runtime_runs_discussion.sql,77,NO_INLINE_LITERAL,NO_INLINE_LITERAL,database/002_runtime_runs_discussion.sql,database/013_sprint3b_discussion_authority_and_request_identity.sql,MIGRATION_ORDER_NOT_GAME_RUN_ORDER,NO_LIVE_RUN_VALUE_TIMELINE,docs/plans/ROUND1_FIELD_READ_WRITE_OVERVIEW_V1.0_part1.csv
F0142,runtime_player_decisions#08,database/002_runtime_runs_discussion.sql,78,NO_INLINE_LITERAL,NO_INLINE_LITERAL,database/002_runtime_runs_discussion.sql,database/013_sprint3b_discussion_authority_and_request_identity.sql,MIGRATION_ORDER_NOT_GAME_RUN_ORDER,NO_LIVE_RUN_VALUE_TIMELINE,docs/plans/ROUND1_FIELD_READ_WRITE_OVERVIEW_V1.0_part1.csv
F0143,runtime_player_decisions#09,database/002_runtime_runs_discussion.sql,79,NO_INLINE_LITERAL,NO_INLINE_LITERAL,database/002_runtime_runs_discussion.sql,database/013_sprint3b_discussion_authority_and_request_identity.sql,MIGRATION_ORDER_NOT_GAME_RUN_ORDER,NO_LIVE_RUN_VALUE_TIMELINE,docs/plans/ROUND1_FIELD_READ_WRITE_OVERVIEW_V1.0_part1.csv
F0144,runtime_player_decisions#10,database/002_runtime_runs_discussion.sql,80,NO_INLINE_LITERAL,NO_INLINE_LITERAL,database/002_runtime_runs_discussion.sql,database/013_sprint3b_discussion_authority_and_request_identity.sql,MIGRATION_ORDER_NOT_GAME_RUN_ORDER,NO_LIVE_RUN_VALUE_TIMELINE,docs/plans/ROUND1_FIELD_READ_WRITE_OVERVIEW_V1.0_part1.csv
F0145,runtime_player_decisions#11,database/002_runtime_runs_discussion.sql,81,NO_INLINE_LITERAL,NO_INLINE_LITERAL,database/002_runtime_runs_discussion.sql,database/013_sprint3b_discussion_authority_and_request_identity.sql,MIGRATION_ORDER_NOT_GAME_RUN_ORDER,NO_LIVE_RUN_VALUE_TIMELINE,docs/plans/ROUND1_FIELD_READ_WRITE_OVERVIEW_V1.0_part1.csv
F0146,runtime_player_decisions#12,database/002_runtime_runs_discussion.sql,82,YES_LITERAL,YES_LITERAL,NO_RAW_WRITE,NO_RAW_WRITE,MIGRATION_ORDER_NOT_GAME_RUN_ORDER,NO_LIVE_RUN_VALUE_TIMELINE,docs/plans/ROUND1_FIELD_READ_WRITE_OVERVIEW_V1.0_part1.csv
F0147,runtime_player_decisions#13,database/002_runtime_runs_discussion.sql,83,NO_INLINE_LITERAL,NO_INLINE_LITERAL,NO_RAW_WRITE,NO_RAW_WRITE,MIGRATION_ORDER_NOT_GAME_RUN_ORDER,NO_LIVE_RUN_VALUE_TIMELINE,docs/plans/ROUND1_FIELD_READ_WRITE_OVERVIEW_V1.0_part1.csv
F0148,runtime_player_decisions#14,database/002_runtime_runs_discussion.sql,84,NO_INLINE_LITERAL,NO_INLINE_LITERAL,NO_RAW_WRITE,NO_RAW_WRITE,MIGRATION_ORDER_NOT_GAME_RUN_ORDER,NO_LIVE_RUN_VALUE_TIMELINE,docs/plans/ROUND1_FIELD_READ_WRITE_OVERVIEW_V1.0_part1.csv
F0149,s1_game_events#01,database/001_sprint1_core.sql,74,NO_INLINE_LITERAL,NO_INLINE_LITERAL,NO_RAW_WRITE,NO_RAW_WRITE,MIGRATION_ORDER_NOT_GAME_RUN_ORDER,NO_LIVE_RUN_VALUE_TIMELINE,docs/plans/ROUND1_FIELD_READ_WRITE_OVERVIEW_V1.0_part1.csv
F0150,s1_game_events#02,database/001_sprint1_core.sql,75,NO_INLINE_LITERAL,NO_INLINE_LITERAL,database/001_sprint1_core.sql,database/001_sprint1_core.sql,MIGRATION_ORDER_NOT_GAME_RUN_ORDER,NO_LIVE_RUN_VALUE_TIMELINE,docs/plans/ROUND1_FIELD_READ_WRITE_OVERVIEW_V1.0_part1.csv
F0151,s1_game_events#03,database/001_sprint1_core.sql,76,NO_INLINE_LITERAL,NO_INLINE_LITERAL,database/001_sprint1_core.sql,database/001_sprint1_core.sql,MIGRATION_ORDER_NOT_GAME_RUN_ORDER,NO_LIVE_RUN_VALUE_TIMELINE,docs/plans/ROUND1_FIELD_READ_WRITE_OVERVIEW_V1.0_part1.csv
F0152,s1_game_events#04,database/001_sprint1_core.sql,77,NO_INLINE_LITERAL,NO_INLINE_LITERAL,database/001_sprint1_core.sql,database/001_sprint1_core.sql,MIGRATION_ORDER_NOT_GAME_RUN_ORDER,NO_LIVE_RUN_VALUE_TIMELINE,docs/plans/ROUND1_FIELD_READ_WRITE_OVERVIEW_V1.0_part1.csv
F0153,s1_game_events#05,database/001_sprint1_core.sql,78,NO_INLINE_LITERAL,NO_INLINE_LITERAL,database/001_sprint1_core.sql,database/001_sprint1_core.sql,MIGRATION_ORDER_NOT_GAME_RUN_ORDER,NO_LIVE_RUN_VALUE_TIMELINE,docs/plans/ROUND1_FIELD_READ_WRITE_OVERVIEW_V1.0_part1.csv
F0154,s1_game_events#06,database/001_sprint1_core.sql,79,YES_LITERAL,YES_LITERAL,NO_RAW_WRITE,NO_RAW_WRITE,MIGRATION_ORDER_NOT_GAME_RUN_ORDER,NO_LIVE_RUN_VALUE_TIMELINE,docs/plans/ROUND1_FIELD_READ_WRITE_OVERVIEW_V1.0_part1.csv
F0155,s1_player_decisions#01,database/001_sprint1_core.sql,62,NO_INLINE_LITERAL,NO_INLINE_LITERAL,NO_RAW_WRITE,NO_RAW_WRITE,MIGRATION_ORDER_NOT_GAME_RUN_ORDER,NO_LIVE_RUN_VALUE_TIMELINE,docs/plans/ROUND1_FIELD_READ_WRITE_OVERVIEW_V1.0_part1.csv
F0156,s1_player_decisions#02,database/001_sprint1_core.sql,63,NO_INLINE_LITERAL,NO_INLINE_LITERAL,database/001_sprint1_core.sql,database/001_sprint1_core.sql,MIGRATION_ORDER_NOT_GAME_RUN_ORDER,NO_LIVE_RUN_VALUE_TIMELINE,docs/plans/ROUND1_FIELD_READ_WRITE_OVERVIEW_V1.0_part1.csv
F0157,s1_player_decisions#03,database/001_sprint1_core.sql,64,NO_INLINE_LITERAL,NO_INLINE_LITERAL,database/001_sprint1_core.sql,database/001_sprint1_core.sql,MIGRATION_ORDER_NOT_GAME_RUN_ORDER,NO_LIVE_RUN_VALUE_TIMELINE,docs/plans/ROUND1_FIELD_READ_WRITE_OVERVIEW_V1.0_part1.csv
F0158,s1_player_decisions#04,database/001_sprint1_core.sql,65,NO_INLINE_LITERAL,NO_INLINE_LITERAL,database/001_sprint1_core.sql,database/001_sprint1_core.sql,MIGRATION_ORDER_NOT_GAME_RUN_ORDER,NO_LIVE_RUN_VALUE_TIMELINE,docs/plans/ROUND1_FIELD_READ_WRITE_OVERVIEW_V1.0_part1.csv
F0159,s1_player_decisions#05,database/001_sprint1_core.sql,66,NO_INLINE_LITERAL,NO_INLINE_LITERAL,database/001_sprint1_core.sql,database/001_sprint1_core.sql,MIGRATION_ORDER_NOT_GAME_RUN_ORDER,NO_LIVE_RUN_VALUE_TIMELINE,docs/plans/ROUND1_FIELD_READ_WRITE_OVERVIEW_V1.0_part1.csv
F0160,s1_player_decisions#06,database/001_sprint1_core.sql,67,NO_INLINE_LITERAL,NO_INLINE_LITERAL,database/001_sprint1_core.sql,database/001_sprint1_core.sql,MIGRATION_ORDER_NOT_GAME_RUN_ORDER,NO_LIVE_RUN_VALUE_TIMELINE,docs/plans/ROUND1_FIELD_READ_WRITE_OVERVIEW_V1.0_part1.csv
F0161,s1_player_decisions#07,database/001_sprint1_core.sql,68,NO_INLINE_LITERAL,NO_INLINE_LITERAL,database/001_sprint1_core.sql,database/001_sprint1_core.sql,MIGRATION_ORDER_NOT_GAME_RUN_ORDER,NO_LIVE_RUN_VALUE_TIMELINE,docs/plans/ROUND1_FIELD_READ_WRITE_OVERVIEW_V1.0_part1.csv
F0162,s1_player_decisions#08,database/001_sprint1_core.sql,69,YES_LITERAL,YES_LITERAL,NO_RAW_WRITE,NO_RAW_WRITE,MIGRATION_ORDER_NOT_GAME_RUN_ORDER,NO_LIVE_RUN_VALUE_TIMELINE,docs/plans/ROUND1_FIELD_READ_WRITE_OVERVIEW_V1.0_part1.csv
F0163,s1_room_players#01,database/001_sprint1_core.sql,21,NO_INLINE_LITERAL,NO_INLINE_LITERAL,NO_RAW_WRITE,NO_RAW_WRITE,MIGRATION_ORDER_NOT_GAME_RUN_ORDER,NO_LIVE_RUN_VALUE_TIMELINE,docs/plans/ROUND1_FIELD_READ_WRITE_OVERVIEW_V1.0_part1.csv
F0164,s1_room_players#02,database/001_sprint1_core.sql,22,NO_INLINE_LITERAL,NO_INLINE_LITERAL,database/001_sprint1_core.sql,database/001_sprint1_core.sql,MIGRATION_ORDER_NOT_GAME_RUN_ORDER,NO_LIVE_RUN_VALUE_TIMELINE,docs/plans/ROUND1_FIELD_READ_WRITE_OVERVIEW_V1.0_part1.csv
F0165,s1_room_players#03,database/001_sprint1_core.sql,23,NO_INLINE_LITERAL,NO_INLINE_LITERAL,database/001_sprint1_core.sql,database/001_sprint1_core.sql,MIGRATION_ORDER_NOT_GAME_RUN_ORDER,NO_LIVE_RUN_VALUE_TIMELINE,docs/plans/ROUND1_FIELD_READ_WRITE_OVERVIEW_V1.0_part1.csv
F0166,s1_room_players#04,database/001_sprint1_core.sql,24,NO_INLINE_LITERAL,NO_INLINE_LITERAL,database/001_sprint1_core.sql,database/001_sprint1_core.sql,MIGRATION_ORDER_NOT_GAME_RUN_ORDER,NO_LIVE_RUN_VALUE_TIMELINE,docs/plans/ROUND1_FIELD_READ_WRITE_OVERVIEW_V1.0_part1.csv
F0167,s1_room_players#05,database/001_sprint1_core.sql,25,NO_INLINE_LITERAL,NO_INLINE_LITERAL,database/001_sprint1_core.sql,database/001_sprint1_core.sql,MIGRATION_ORDER_NOT_GAME_RUN_ORDER,NO_LIVE_RUN_VALUE_TIMELINE,docs/plans/ROUND1_FIELD_READ_WRITE_OVERVIEW_V1.0_part1.csv
F0168,s1_room_players#06,database/001_sprint1_core.sql,26,NO_INLINE_LITERAL,NO_INLINE_LITERAL,database/001_sprint1_core.sql,database/001_sprint1_core.sql,MIGRATION_ORDER_NOT_GAME_RUN_ORDER,NO_LIVE_RUN_VALUE_TIMELINE,docs/plans/ROUND1_FIELD_READ_WRITE_OVERVIEW_V1.0_part1.csv
F0169,s1_room_players#07,database/001_sprint1_core.sql,27,YES_LITERAL,NO_INLINE_LITERAL,database/001_sprint1_core.sql,database/001_sprint1_core.sql,MIGRATION_ORDER_NOT_GAME_RUN_ORDER,NO_LIVE_RUN_VALUE_TIMELINE,docs/plans/ROUND1_FIELD_READ_WRITE_OVERVIEW_V1.0_part1.csv
F0170,s1_room_players#08,database/001_sprint1_core.sql,28,YES_LITERAL,NO_INLINE_LITERAL,database/001_sprint1_core.sql,database/001_sprint1_core.sql,MIGRATION_ORDER_NOT_GAME_RUN_ORDER,NO_LIVE_RUN_VALUE_TIMELINE,docs/plans/ROUND1_FIELD_READ_WRITE_OVERVIEW_V1.0_part1.csv
F0171,s1_room_state#01,database/001_sprint1_core.sql,55,NO_INLINE_LITERAL,NO_INLINE_LITERAL,database/001_sprint1_core.sql,database/001_sprint1_core.sql,MIGRATION_ORDER_NOT_GAME_RUN_ORDER,NO_LIVE_RUN_VALUE_TIMELINE,docs/plans/ROUND1_FIELD_READ_WRITE_OVERVIEW_V1.0_part1.csv
F0172,s1_room_state#02,database/001_sprint1_core.sql,56,NO_INLINE_LITERAL,NO_INLINE_LITERAL,database/001_sprint1_core.sql,database/001_sprint1_core.sql,MIGRATION_ORDER_NOT_GAME_RUN_ORDER,NO_LIVE_RUN_VALUE_TIMELINE,docs/plans/ROUND1_FIELD_READ_WRITE_OVERVIEW_V1.0_part1.csv
F0173,s1_room_state#03,database/001_sprint1_core.sql,57,NO_INLINE_LITERAL,NO_INLINE_LITERAL,database/001_sprint1_core.sql,database/001_sprint1_core.sql,MIGRATION_ORDER_NOT_GAME_RUN_ORDER,NO_LIVE_RUN_VALUE_TIMELINE,docs/plans/ROUND1_FIELD_READ_WRITE_OVERVIEW_V1.0_part1.csv
F0174,s1_room_state#04,database/001_sprint1_core.sql,58,YES_LITERAL,YES_LITERAL,database/001_sprint1_core.sql,database/001_sprint1_core.sql,MIGRATION_ORDER_NOT_GAME_RUN_ORDER,NO_LIVE_RUN_VALUE_TIMELINE,docs/plans/ROUND1_FIELD_READ_WRITE_OVERVIEW_V1.0_part1.csv
F0175,s1_rooms#01,database/001_sprint1_core.sql,14,NO_INLINE_LITERAL,NO_INLINE_LITERAL,database/001_sprint1_core.sql,database/001_sprint1_core.sql,MIGRATION_ORDER_NOT_GAME_RUN_ORDER,NO_LIVE_RUN_VALUE_TIMELINE,docs/plans/ROUND1_FIELD_READ_WRITE_OVERVIEW_V1.0_part1.csv
F0176,s1_rooms#02,database/001_sprint1_core.sql,15,NO_INLINE_LITERAL,NO_INLINE_LITERAL,database/001_sprint1_core.sql,database/001_sprint1_core.sql,MIGRATION_ORDER_NOT_GAME_RUN_ORDER,NO_LIVE_RUN_VALUE_TIMELINE,docs/plans/ROUND1_FIELD_READ_WRITE_OVERVIEW_V1.0_part1.csv
F0177,s1_rooms#03,database/001_sprint1_core.sql,16,YES_LITERAL,YES_LITERAL,NO_RAW_WRITE,NO_RAW_WRITE,MIGRATION_ORDER_NOT_GAME_RUN_ORDER,NO_LIVE_RUN_VALUE_TIMELINE,docs/plans/ROUND1_FIELD_READ_WRITE_OVERVIEW_V1.0_part1.csv
F0178,s1_rooms#04,database/001_sprint1_core.sql,17,YES_LITERAL,YES_LITERAL,database/001_sprint1_core.sql,database/001_sprint1_core.sql,MIGRATION_ORDER_NOT_GAME_RUN_ORDER,NO_LIVE_RUN_VALUE_TIMELINE,docs/plans/ROUND1_FIELD_READ_WRITE_OVERVIEW_V1.0_part1.csv
F0179,s1_scene_choices#01,database/001_sprint1_core.sql,47,NO_INLINE_LITERAL,NO_INLINE_LITERAL,database/001_sprint1_core.sql,database/001_sprint1_core.sql,MIGRATION_ORDER_NOT_GAME_RUN_ORDER,NO_LIVE_RUN_VALUE_TIMELINE,docs/plans/ROUND1_FIELD_READ_WRITE_OVERVIEW_V1.0_part1.csv
F0180,s1_scene_choices#02,database/001_sprint1_core.sql,48,NO_INLINE_LITERAL,NO_INLINE_LITERAL,database/001_sprint1_core.sql,database/001_sprint1_core.sql,MIGRATION_ORDER_NOT_GAME_RUN_ORDER,NO_LIVE_RUN_VALUE_TIMELINE,docs/plans/ROUND1_FIELD_READ_WRITE_OVERVIEW_V1.0_part1.csv
F0181,s1_scene_choices#03,database/001_sprint1_core.sql,49,NO_INLINE_LITERAL,NO_INLINE_LITERAL,database/001_sprint1_core.sql,database/001_sprint1_core.sql,MIGRATION_ORDER_NOT_GAME_RUN_ORDER,NO_LIVE_RUN_VALUE_TIMELINE,docs/plans/ROUND1_FIELD_READ_WRITE_OVERVIEW_V1.0_part1.csv
F0182,s1_scene_choices#04,database/001_sprint1_core.sql,50,NO_INLINE_LITERAL,NO_INLINE_LITERAL,database/001_sprint1_core.sql,database/001_sprint1_core.sql,MIGRATION_ORDER_NOT_GAME_RUN_ORDER,NO_LIVE_RUN_VALUE_TIMELINE,docs/plans/ROUND1_FIELD_READ_WRITE_OVERVIEW_V1.0_part1.csv
F0183,s3_group_items#01,database/005_sprint3a_scene_pocket_knowledge_foundation.sql,81,NO_INLINE_LITERAL,NO_INLINE_LITERAL,database/005_sprint3a_scene_pocket_knowledge_foundation.sql,database/035_sprint6_focused_audit_corrections.sql,MIGRATION_ORDER_NOT_GAME_RUN_ORDER,NO_LIVE_RUN_VALUE_TIMELINE,docs/plans/ROUND1_FIELD_READ_WRITE_OVERVIEW_V1.0_part1.csv
F0184,s3_group_items#02,database/005_sprint3a_scene_pocket_knowledge_foundation.sql,82,NO_INLINE_LITERAL,NO_INLINE_LITERAL,database/005_sprint3a_scene_pocket_knowledge_foundation.sql,database/035_sprint6_focused_audit_corrections.sql,MIGRATION_ORDER_NOT_GAME_RUN_ORDER,NO_LIVE_RUN_VALUE_TIMELINE,docs/plans/ROUND1_FIELD_READ_WRITE_OVERVIEW_V1.0_part1.csv
F0185,s3_group_items#03,database/005_sprint3a_scene_pocket_knowledge_foundation.sql,83,NO_INLINE_LITERAL,NO_INLINE_LITERAL,database/005_sprint3a_scene_pocket_knowledge_foundation.sql,database/035_sprint6_focused_audit_corrections.sql,MIGRATION_ORDER_NOT_GAME_RUN_ORDER,NO_LIVE_RUN_VALUE_TIMELINE,docs/plans/ROUND1_FIELD_READ_WRITE_OVERVIEW_V1.0_part1.csv
F0186,s3_group_items#04,database/005_sprint3a_scene_pocket_knowledge_foundation.sql,84,YES_LITERAL,YES_LITERAL,NO_RAW_WRITE,NO_RAW_WRITE,MIGRATION_ORDER_NOT_GAME_RUN_ORDER,NO_LIVE_RUN_VALUE_TIMELINE,docs/plans/ROUND1_FIELD_READ_WRITE_OVERVIEW_V1.0_part1.csv
F0187,s3_item_catalog#01,database/005_sprint3a_scene_pocket_knowledge_foundation.sql,17,NO_INLINE_LITERAL,NO_INLINE_LITERAL,database/005_sprint3a_scene_pocket_knowledge_foundation.sql,database/033_sprint6_act9_13_runtime.sql,MIGRATION_ORDER_NOT_GAME_RUN_ORDER,NO_LIVE_RUN_VALUE_TIMELINE,docs/plans/ROUND1_FIELD_READ_WRITE_OVERVIEW_V1.0_part1.csv
F0188,s3_item_catalog#02,database/005_sprint3a_scene_pocket_knowledge_foundation.sql,18,NO_INLINE_LITERAL,NO_INLINE_LITERAL,database/005_sprint3a_scene_pocket_knowledge_foundation.sql,database/035_sprint6_focused_audit_corrections.sql,MIGRATION_ORDER_NOT_GAME_RUN_ORDER,NO_LIVE_RUN_VALUE_TIMELINE,docs/plans/ROUND1_FIELD_READ_WRITE_OVERVIEW_V1.0_part1.csv
F0189,s3_item_catalog#03,database/005_sprint3a_scene_pocket_knowledge_foundation.sql,19,NO_INLINE_LITERAL,NO_INLINE_LITERAL,database/005_sprint3a_scene_pocket_knowledge_foundation.sql,database/033_sprint6_act9_13_runtime.sql,MIGRATION_ORDER_NOT_GAME_RUN_ORDER,NO_LIVE_RUN_VALUE_TIMELINE,docs/plans/ROUND1_FIELD_READ_WRITE_OVERVIEW_V1.0_part1.csv
F0190,s3_knowledge_catalog#01,database/005_sprint3a_scene_pocket_knowledge_foundation.sql,28,NO_INLINE_LITERAL,NO_INLINE_LITERAL,database/005_sprint3a_scene_pocket_knowledge_foundation.sql,database/068_package_c_authoritative_pocket_inspection.sql,MIGRATION_ORDER_NOT_GAME_RUN_ORDER,NO_LIVE_RUN_VALUE_TIMELINE,docs/plans/ROUND1_FIELD_READ_WRITE_OVERVIEW_V1.0_part1.csv
F0191,s3_observation_catalog#01,database/005_sprint3a_scene_pocket_knowledge_foundation.sql,23,NO_INLINE_LITERAL,NO_INLINE_LITERAL,database/005_sprint3a_scene_pocket_knowledge_foundation.sql,database/009_sprint3b_act1_consequence_integrity.sql,MIGRATION_ORDER_NOT_GAME_RUN_ORDER,NO_LIVE_RUN_VALUE_TIMELINE,docs/plans/ROUND1_FIELD_READ_WRITE_OVERVIEW_V1.0_part1.csv
F0192,s3_observation_catalog#02,database/005_sprint3a_scene_pocket_knowledge_foundation.sql,24,NO_INLINE_LITERAL,NO_INLINE_LITERAL,database/005_sprint3a_scene_pocket_knowledge_foundation.sql,database/009_sprint3b_act1_consequence_integrity.sql,MIGRATION_ORDER_NOT_GAME_RUN_ORDER,NO_LIVE_RUN_VALUE_TIMELINE,docs/plans/ROUND1_FIELD_READ_WRITE_OVERVIEW_V1.0_part1.csv
F0193,s3_player_item_view_state#01,database/006_sprint3a_provenance_view_integrity_fix.sql,5,NO_INLINE_LITERAL,NO_INLINE_LITERAL,database/006_sprint3a_provenance_view_integrity_fix.sql,database/054_level3_integrated_closure.sql,MIGRATION_ORDER_NOT_GAME_RUN_ORDER,NO_LIVE_RUN_VALUE_TIMELINE,docs/plans/ROUND1_FIELD_READ_WRITE_OVERVIEW_V1.0_part1.csv
F0194,s3_player_item_view_state#02,database/006_sprint3a_provenance_view_integrity_fix.sql,6,NO_INLINE_LITERAL,NO_INLINE_LITERAL,database/006_sprint3a_provenance_view_integrity_fix.sql,database/054_level3_integrated_closure.sql,MIGRATION_ORDER_NOT_GAME_RUN_ORDER,NO_LIVE_RUN_VALUE_TIMELINE,docs/plans/ROUND1_FIELD_READ_WRITE_OVERVIEW_V1.0_part1.csv
F0195,s3_player_item_view_state#03,database/006_sprint3a_provenance_view_integrity_fix.sql,7,NO_INLINE_LITERAL,NO_INLINE_LITERAL,database/006_sprint3a_provenance_view_integrity_fix.sql,database/054_level3_integrated_closure.sql,MIGRATION_ORDER_NOT_GAME_RUN_ORDER,NO_LIVE_RUN_VALUE_TIMELINE,docs/plans/ROUND1_FIELD_READ_WRITE_OVERVIEW_V1.0_part1.csv
F0196,s3_player_item_view_state#04,database/006_sprint3a_provenance_view_integrity_fix.sql,8,NO_INLINE_LITERAL,NO_INLINE_LITERAL,database/006_sprint3a_provenance_view_integrity_fix.sql,database/068_package_c_authoritative_pocket_inspection.sql,MIGRATION_ORDER_NOT_GAME_RUN_ORDER,NO_LIVE_RUN_VALUE_TIMELINE,docs/plans/ROUND1_FIELD_READ_WRITE_OVERVIEW_V1.0_part1.csv
F0197,s3_player_item_view_state#05,database/006_sprint3a_provenance_view_integrity_fix.sql,9,YES_LITERAL,YES_LITERAL,database/006_sprint3a_provenance_view_integrity_fix.sql,database/068_package_c_authoritative_pocket_inspection.sql,MIGRATION_ORDER_NOT_GAME_RUN_ORDER,NO_LIVE_RUN_VALUE_TIMELINE,docs/plans/ROUND1_FIELD_READ_WRITE_OVERVIEW_V1.0_part1.csv
F0198,s3_player_items#01,database/005_sprint3a_scene_pocket_knowledge_foundation.sql,32,NO_INLINE_LITERAL,NO_INLINE_LITERAL,database/005_sprint3a_scene_pocket_knowledge_foundation.sql,database/054_level3_integrated_closure.sql,MIGRATION_ORDER_NOT_GAME_RUN_ORDER,NO_LIVE_RUN_VALUE_TIMELINE,docs/plans/ROUND1_FIELD_READ_WRITE_OVERVIEW_V1.0_part1.csv
F0199,s3_player_items#02,database/005_sprint3a_scene_pocket_knowledge_foundation.sql,33,NO_INLINE_LITERAL,NO_INLINE_LITERAL,database/005_sprint3a_scene_pocket_knowledge_foundation.sql,database/054_level3_integrated_closure.sql,MIGRATION_ORDER_NOT_GAME_RUN_ORDER,NO_LIVE_RUN_VALUE_TIMELINE,docs/plans/ROUND1_FIELD_READ_WRITE_OVERVIEW_V1.0_part1.csv
F0200,s3_player_items#03,database/005_sprint3a_scene_pocket_knowledge_foundation.sql,34,NO_INLINE_LITERAL,NO_INLINE_LITERAL,database/005_sprint3a_scene_pocket_knowledge_foundation.sql,database/054_level3_integrated_closure.sql,MIGRATION_ORDER_NOT_GAME_RUN_ORDER,NO_LIVE_RUN_VALUE_TIMELINE,docs/plans/ROUND1_FIELD_READ_WRITE_OVERVIEW_V1.0_part1.csv
F0201,s3_player_items#04,database/005_sprint3a_scene_pocket_knowledge_foundation.sql,35,YES_LITERAL,YES_LITERAL,NO_RAW_WRITE,NO_RAW_WRITE,MIGRATION_ORDER_NOT_GAME_RUN_ORDER,NO_LIVE_RUN_VALUE_TIMELINE,docs/plans/ROUND1_FIELD_READ_WRITE_OVERVIEW_V1.0_part1.csv
F0202,s3_player_knowledge#01,database/005_sprint3a_scene_pocket_knowledge_foundation.sql,50,NO_INLINE_LITERAL,NO_INLINE_LITERAL,NO_RAW_WRITE,NO_RAW_WRITE,MIGRATION_ORDER_NOT_GAME_RUN_ORDER,NO_LIVE_RUN_VALUE_TIMELINE,docs/plans/ROUND1_FIELD_READ_WRITE_OVERVIEW_V1.0_part1.csv
F0203,s3_player_knowledge#02,database/005_sprint3a_scene_pocket_knowledge_foundation.sql,51,NO_INLINE_LITERAL,NO_INLINE_LITERAL,database/005_sprint3a_scene_pocket_knowledge_foundation.sql,database/006_sprint3a_provenance_view_integrity_fix.sql,MIGRATION_ORDER_NOT_GAME_RUN_ORDER,NO_LIVE_RUN_VALUE_TIMELINE,docs/plans/ROUND1_FIELD_READ_WRITE_OVERVIEW_V1.0_part1.csv
F0204,s3_player_knowledge#03,database/005_sprint3a_scene_pocket_knowledge_foundation.sql,52,NO_INLINE_LITERAL,NO_INLINE_LITERAL,database/005_sprint3a_scene_pocket_knowledge_foundation.sql,database/006_sprint3a_provenance_view_integrity_fix.sql,MIGRATION_ORDER_NOT_GAME_RUN_ORDER,NO_LIVE_RUN_VALUE_TIMELINE,docs/plans/ROUND1_FIELD_READ_WRITE_OVERVIEW_V1.0_part1.csv
F0205,s3_player_knowledge#04,database/005_sprint3a_scene_pocket_knowledge_foundation.sql,53,NO_INLINE_LITERAL,NO_INLINE_LITERAL,database/005_sprint3a_scene_pocket_knowledge_foundation.sql,database/006_sprint3a_provenance_view_integrity_fix.sql,MIGRATION_ORDER_NOT_GAME_RUN_ORDER,NO_LIVE_RUN_VALUE_TIMELINE,docs/plans/ROUND1_FIELD_READ_WRITE_OVERVIEW_V1.0_part1.csv
F0206,s3_player_knowledge#05,database/005_sprint3a_scene_pocket_knowledge_foundation.sql,54,NO_INLINE_LITERAL,NO_INLINE_LITERAL,database/005_sprint3a_scene_pocket_knowledge_foundation.sql,database/006_sprint3a_provenance_view_integrity_fix.sql,MIGRATION_ORDER_NOT_GAME_RUN_ORDER,NO_LIVE_RUN_VALUE_TIMELINE,docs/plans/ROUND1_FIELD_READ_WRITE_OVERVIEW_V1.0_part1.csv
F0207,s3_player_knowledge#06,database/005_sprint3a_scene_pocket_knowledge_foundation.sql,55,NO_INLINE_LITERAL,NO_INLINE_LITERAL,database/005_sprint3a_scene_pocket_knowledge_foundation.sql,database/006_sprint3a_provenance_view_integrity_fix.sql,MIGRATION_ORDER_NOT_GAME_RUN_ORDER,NO_LIVE_RUN_VALUE_TIMELINE,docs/plans/ROUND1_FIELD_READ_WRITE_OVERVIEW_V1.0_part1.csv
F0208,s3_player_knowledge#07,database/005_sprint3a_scene_pocket_knowledge_foundation.sql,56,NO_INLINE_LITERAL,NO_INLINE_LITERAL,database/005_sprint3a_scene_pocket_knowledge_foundation.sql,database/006_sprint3a_provenance_view_integrity_fix.sql,MIGRATION_ORDER_NOT_GAME_RUN_ORDER,NO_LIVE_RUN_VALUE_TIMELINE,docs/plans/ROUND1_FIELD_READ_WRITE_OVERVIEW_V1.0_part1.csv
F0209,s3_player_knowledge#08,database/005_sprint3a_scene_pocket_knowledge_foundation.sql,57,NO_INLINE_LITERAL,NO_INLINE_LITERAL,database/005_sprint3a_scene_pocket_knowledge_foundation.sql,database/006_sprint3a_provenance_view_integrity_fix.sql,MIGRATION_ORDER_NOT_GAME_RUN_ORDER,NO_LIVE_RUN_VALUE_TIMELINE,docs/plans/ROUND1_FIELD_READ_WRITE_OVERVIEW_V1.0_part1.csv
F0210,s3_player_knowledge#09,database/005_sprint3a_scene_pocket_knowledge_foundation.sql,58,YES_LITERAL,YES_LITERAL,NO_RAW_WRITE,NO_RAW_WRITE,MIGRATION_ORDER_NOT_GAME_RUN_ORDER,NO_LIVE_RUN_VALUE_TIMELINE,docs/plans/ROUND1_FIELD_READ_WRITE_OVERVIEW_V1.0_part1.csv
F0211,s3_player_observations#01,database/005_sprint3a_scene_pocket_knowledge_foundation.sql,40,NO_INLINE_LITERAL,NO_INLINE_LITERAL,database/005_sprint3a_scene_pocket_knowledge_foundation.sql,database/005_sprint3a_scene_pocket_knowledge_foundation.sql,MIGRATION_ORDER_NOT_GAME_RUN_ORDER,NO_LIVE_RUN_VALUE_TIMELINE,docs/plans/ROUND1_FIELD_READ_WRITE_OVERVIEW_V1.0_part1.csv
F0212,s3_player_observations#02,database/005_sprint3a_scene_pocket_knowledge_foundation.sql,41,NO_INLINE_LITERAL,NO_INLINE_LITERAL,database/005_sprint3a_scene_pocket_knowledge_foundation.sql,database/005_sprint3a_scene_pocket_knowledge_foundation.sql,MIGRATION_ORDER_NOT_GAME_RUN_ORDER,NO_LIVE_RUN_VALUE_TIMELINE,docs/plans/ROUND1_FIELD_READ_WRITE_OVERVIEW_V1.0_part1.csv
F0213,s3_player_observations#03,database/005_sprint3a_scene_pocket_knowledge_foundation.sql,42,NO_INLINE_LITERAL,NO_INLINE_LITERAL,database/005_sprint3a_scene_pocket_knowledge_foundation.sql,database/005_sprint3a_scene_pocket_knowledge_foundation.sql,MIGRATION_ORDER_NOT_GAME_RUN_ORDER,NO_LIVE_RUN_VALUE_TIMELINE,docs/plans/ROUND1_FIELD_READ_WRITE_OVERVIEW_V1.0_part1.csv
F0214,s3_player_observations#04,database/005_sprint3a_scene_pocket_knowledge_foundation.sql,43,NO_INLINE_LITERAL,NO_INLINE_LITERAL,database/005_sprint3a_scene_pocket_knowledge_foundation.sql,database/005_sprint3a_scene_pocket_knowledge_foundation.sql,MIGRATION_ORDER_NOT_GAME_RUN_ORDER,NO_LIVE_RUN_VALUE_TIMELINE,docs/plans/ROUND1_FIELD_READ_WRITE_OVERVIEW_V1.0_part1.csv
F0215,s3_player_observations#05,database/005_sprint3a_scene_pocket_knowledge_foundation.sql,44,NO_INLINE_LITERAL,NO_INLINE_LITERAL,database/005_sprint3a_scene_pocket_knowledge_foundation.sql,database/005_sprint3a_scene_pocket_knowledge_foundation.sql,MIGRATION_ORDER_NOT_GAME_RUN_ORDER,NO_LIVE_RUN_VALUE_TIMELINE,docs/plans/ROUND1_FIELD_READ_WRITE_OVERVIEW_V1.0_part1.csv
F0216,s3_player_observations#06,database/005_sprint3a_scene_pocket_knowledge_foundation.sql,45,YES_LITERAL,YES_LITERAL,NO_RAW_WRITE,NO_RAW_WRITE,MIGRATION_ORDER_NOT_GAME_RUN_ORDER,NO_LIVE_RUN_VALUE_TIMELINE,docs/plans/ROUND1_FIELD_READ_WRITE_OVERVIEW_V1.0_part1.csv
F0217,s3_runtime_scene_state#01,database/005_sprint3a_scene_pocket_knowledge_foundation.sql,5,NO_INLINE_LITERAL,NO_INLINE_LITERAL,database/005_sprint3a_scene_pocket_knowledge_foundation.sql,database/014_sprint3b_evidence_and_puzzle_integrity.sql,MIGRATION_ORDER_NOT_GAME_RUN_ORDER,NO_LIVE_RUN_VALUE_TIMELINE,docs/plans/ROUND1_FIELD_READ_WRITE_OVERVIEW_V1.0_part1.csv
F0218,s3_runtime_scene_state#02,database/005_sprint3a_scene_pocket_knowledge_foundation.sql,6,NO_INLINE_LITERAL,NO_INLINE_LITERAL,database/005_sprint3a_scene_pocket_knowledge_foundation.sql,database/014_sprint3b_evidence_and_puzzle_integrity.sql,MIGRATION_ORDER_NOT_GAME_RUN_ORDER,NO_LIVE_RUN_VALUE_TIMELINE,docs/plans/ROUND1_FIELD_READ_WRITE_OVERVIEW_V1.0_part1.csv
F0219,s3_runtime_scene_state#03,database/005_sprint3a_scene_pocket_knowledge_foundation.sql,7,NO_INLINE_LITERAL,NO_INLINE_LITERAL,database/005_sprint3a_scene_pocket_knowledge_foundation.sql,database/014_sprint3b_evidence_and_puzzle_integrity.sql,MIGRATION_ORDER_NOT_GAME_RUN_ORDER,NO_LIVE_RUN_VALUE_TIMELINE,docs/plans/ROUND1_FIELD_READ_WRITE_OVERVIEW_V1.0_part1.csv
F0220,s3_runtime_scene_state#04,database/005_sprint3a_scene_pocket_knowledge_foundation.sql,8,NO_INLINE_LITERAL,NO_INLINE_LITERAL,database/005_sprint3a_scene_pocket_knowledge_foundation.sql,database/014_sprint3b_evidence_and_puzzle_integrity.sql,MIGRATION_ORDER_NOT_GAME_RUN_ORDER,NO_LIVE_RUN_VALUE_TIMELINE,docs/plans/ROUND1_FIELD_READ_WRITE_OVERVIEW_V1.0_part1.csv
F0221,s3_runtime_scene_state#05,database/005_sprint3a_scene_pocket_knowledge_foundation.sql,9,NO_INLINE_LITERAL,NO_INLINE_LITERAL,database/005_sprint3a_scene_pocket_knowledge_foundation.sql,database/014_sprint3b_evidence_and_puzzle_integrity.sql,MIGRATION_ORDER_NOT_GAME_RUN_ORDER,NO_LIVE_RUN_VALUE_TIMELINE,docs/plans/ROUND1_FIELD_READ_WRITE_OVERVIEW_V1.0_part1.csv
F0222,s3_runtime_scene_state#06,database/005_sprint3a_scene_pocket_knowledge_foundation.sql,10,NO_INLINE_LITERAL,NO_INLINE_LITERAL,database/005_sprint3a_scene_pocket_knowledge_foundation.sql,database/014_sprint3b_evidence_and_puzzle_integrity.sql,MIGRATION_ORDER_NOT_GAME_RUN_ORDER,NO_LIVE_RUN_VALUE_TIMELINE,docs/plans/ROUND1_FIELD_READ_WRITE_OVERVIEW_V1.0_part1.csv
F0223,s3_runtime_scene_state#07,database/005_sprint3a_scene_pocket_knowledge_foundation.sql,11,NO_INLINE_LITERAL,NO_INLINE_LITERAL,database/005_sprint3a_scene_pocket_knowledge_foundation.sql,database/056_level2_override_validity_binding_fix.sql,MIGRATION_ORDER_NOT_GAME_RUN_ORDER,NO_LIVE_RUN_VALUE_TIMELINE,docs/plans/ROUND1_FIELD_READ_WRITE_OVERVIEW_V1.0_part1.csv
F0224,s3_runtime_scene_state#08,database/005_sprint3a_scene_pocket_knowledge_foundation.sql,12,NO_INLINE_LITERAL,NO_INLINE_LITERAL,database/005_sprint3a_scene_pocket_knowledge_foundation.sql,database/056_level2_override_validity_binding_fix.sql,MIGRATION_ORDER_NOT_GAME_RUN_ORDER,NO_LIVE_RUN_VALUE_TIMELINE,docs/plans/ROUND1_FIELD_READ_WRITE_OVERVIEW_V1.0_part1.csv
F0225,s3_runtime_scene_state#09,database/005_sprint3a_scene_pocket_knowledge_foundation.sql,13,YES_LITERAL,YES_LITERAL,database/007_sprint3b_act1_5_placeholder_flow.sql,database/056_level2_override_validity_binding_fix.sql,MIGRATION_ORDER_NOT_GAME_RUN_ORDER,NO_LIVE_RUN_VALUE_TIMELINE,docs/plans/ROUND1_FIELD_READ_WRITE_OVERVIEW_V1.0_part1.csv
F0226,s3_runtime_scene_state#10,database/014_sprint3b_evidence_and_puzzle_integrity.sql,6,NO_INLINE_LITERAL,NO_INLINE_LITERAL,database/014_sprint3b_evidence_and_puzzle_integrity.sql,database/062_package_a_prepared_event_fk_fix.sql,MIGRATION_ORDER_NOT_GAME_RUN_ORDER,NO_LIVE_RUN_VALUE_TIMELINE,docs/plans/ROUND1_FIELD_READ_WRITE_OVERVIEW_V1.0_part1.csv
F0227,s3_shared_photos#01,database/005_sprint3a_scene_pocket_knowledge_foundation.sql,69,NO_INLINE_LITERAL,NO_INLINE_LITERAL,NO_RAW_WRITE,NO_RAW_WRITE,MIGRATION_ORDER_NOT_GAME_RUN_ORDER,NO_LIVE_RUN_VALUE_TIMELINE,docs/plans/ROUND1_FIELD_READ_WRITE_OVERVIEW_V1.0_part1.csv
F0228,s3_shared_photos#02,database/005_sprint3a_scene_pocket_knowledge_foundation.sql,70,NO_INLINE_LITERAL,NO_INLINE_LITERAL,database/005_sprint3a_scene_pocket_knowledge_foundation.sql,database/014_sprint3b_evidence_and_puzzle_integrity.sql,MIGRATION_ORDER_NOT_GAME_RUN_ORDER,NO_LIVE_RUN_VALUE_TIMELINE,docs/plans/ROUND1_FIELD_READ_WRITE_OVERVIEW_V1.0_part1.csv
F0229,s3_shared_photos#03,database/005_sprint3a_scene_pocket_knowledge_foundation.sql,71,NO_INLINE_LITERAL,NO_INLINE_LITERAL,database/005_sprint3a_scene_pocket_knowledge_foundation.sql,database/014_sprint3b_evidence_and_puzzle_integrity.sql,MIGRATION_ORDER_NOT_GAME_RUN_ORDER,NO_LIVE_RUN_VALUE_TIMELINE,docs/plans/ROUND1_FIELD_READ_WRITE_OVERVIEW_V1.0_part1.csv
F0230,s3_shared_photos#04,database/005_sprint3a_scene_pocket_knowledge_foundation.sql,72,NO_INLINE_LITERAL,NO_INLINE_LITERAL,database/005_sprint3a_scene_pocket_knowledge_foundation.sql,database/014_sprint3b_evidence_and_puzzle_integrity.sql,MIGRATION_ORDER_NOT_GAME_RUN_ORDER,NO_LIVE_RUN_VALUE_TIMELINE,docs/plans/ROUND1_FIELD_READ_WRITE_OVERVIEW_V1.0_part1.csv
F0231,s3_shared_photos#05,database/005_sprint3a_scene_pocket_knowledge_foundation.sql,73,NO_INLINE_LITERAL,NO_INLINE_LITERAL,database/005_sprint3a_scene_pocket_knowledge_foundation.sql,database/014_sprint3b_evidence_and_puzzle_integrity.sql,MIGRATION_ORDER_NOT_GAME_RUN_ORDER,NO_LIVE_RUN_VALUE_TIMELINE,docs/plans/ROUND1_FIELD_READ_WRITE_OVERVIEW_V1.0_part1.csv
F0232,s3_shared_photos#06,database/005_sprint3a_scene_pocket_knowledge_foundation.sql,74,NO_INLINE_LITERAL,NO_INLINE_LITERAL,database/005_sprint3a_scene_pocket_knowledge_foundation.sql,database/014_sprint3b_evidence_and_puzzle_integrity.sql,MIGRATION_ORDER_NOT_GAME_RUN_ORDER,NO_LIVE_RUN_VALUE_TIMELINE,docs/plans/ROUND1_FIELD_READ_WRITE_OVERVIEW_V1.0_part1.csv
F0233,s3_shared_photos#07,database/005_sprint3a_scene_pocket_knowledge_foundation.sql,75,NO_INLINE_LITERAL,NO_INLINE_LITERAL,database/005_sprint3a_scene_pocket_knowledge_foundation.sql,database/014_sprint3b_evidence_and_puzzle_integrity.sql,MIGRATION_ORDER_NOT_GAME_RUN_ORDER,NO_LIVE_RUN_VALUE_TIMELINE,docs/plans/ROUND1_FIELD_READ_WRITE_OVERVIEW_V1.0_part1.csv
F0234,s3_shared_photos#08,database/005_sprint3a_scene_pocket_knowledge_foundation.sql,76,YES_LITERAL,YES_LITERAL,NO_RAW_WRITE,NO_RAW_WRITE,MIGRATION_ORDER_NOT_GAME_RUN_ORDER,NO_LIVE_RUN_VALUE_TIMELINE,docs/plans/ROUND1_FIELD_READ_WRITE_OVERVIEW_V1.0_part1.csv
F0235,s3b_library_attempts#01,database/007_sprint3b_act1_5_placeholder_flow.sql,36,NO_INLINE_LITERAL,NO_INLINE_LITERAL,database/007_sprint3b_act1_5_placeholder_flow.sql,database/014_sprint3b_evidence_and_puzzle_integrity.sql,MIGRATION_ORDER_NOT_GAME_RUN_ORDER,NO_LIVE_RUN_VALUE_TIMELINE,docs/plans/ROUND1_FIELD_READ_WRITE_OVERVIEW_V1.0_part1.csv
F0236,s3b_library_attempts#02,database/007_sprint3b_act1_5_placeholder_flow.sql,37,NO_INLINE_LITERAL,NO_INLINE_LITERAL,database/007_sprint3b_act1_5_placeholder_flow.sql,database/014_sprint3b_evidence_and_puzzle_integrity.sql,MIGRATION_ORDER_NOT_GAME_RUN_ORDER,NO_LIVE_RUN_VALUE_TIMELINE,docs/plans/ROUND1_FIELD_READ_WRITE_OVERVIEW_V1.0_part1.csv
F0237,s3b_library_attempts#03,database/007_sprint3b_act1_5_placeholder_flow.sql,38,NO_INLINE_LITERAL,NO_INLINE_LITERAL,database/007_sprint3b_act1_5_placeholder_flow.sql,database/014_sprint3b_evidence_and_puzzle_integrity.sql,MIGRATION_ORDER_NOT_GAME_RUN_ORDER,NO_LIVE_RUN_VALUE_TIMELINE,docs/plans/ROUND1_FIELD_READ_WRITE_OVERVIEW_V1.0_part1.csv
F0238,s3b_library_attempts#04,database/007_sprint3b_act1_5_placeholder_flow.sql,39,NO_INLINE_LITERAL,NO_INLINE_LITERAL,database/007_sprint3b_act1_5_placeholder_flow.sql,database/014_sprint3b_evidence_and_puzzle_integrity.sql,MIGRATION_ORDER_NOT_GAME_RUN_ORDER,NO_LIVE_RUN_VALUE_TIMELINE,docs/plans/ROUND1_FIELD_READ_WRITE_OVERVIEW_V1.0_part1.csv
F0239,s3b_library_attempts#05,database/007_sprint3b_act1_5_placeholder_flow.sql,40,YES_LITERAL,YES_LITERAL,database/007_sprint3b_act1_5_placeholder_flow.sql,database/014_sprint3b_evidence_and_puzzle_integrity.sql,MIGRATION_ORDER_NOT_GAME_RUN_ORDER,NO_LIVE_RUN_VALUE_TIMELINE,docs/plans/ROUND1_FIELD_READ_WRITE_OVERVIEW_V1.0_part1.csv
F0240,s3b_library_attempts#06,database/007_sprint3b_act1_5_placeholder_flow.sql,41,NO_INLINE_LITERAL,NO_INLINE_LITERAL,database/007_sprint3b_act1_5_placeholder_flow.sql,database/014_sprint3b_evidence_and_puzzle_integrity.sql,MIGRATION_ORDER_NOT_GAME_RUN_ORDER,NO_LIVE_RUN_VALUE_TIMELINE,docs/plans/ROUND1_FIELD_READ_WRITE_OVERVIEW_V1.0_part1.csv
F0241,s3b_library_attempts#07,database/014_sprint3b_evidence_and_puzzle_integrity.sql,40,NO_INLINE_LITERAL,NO_INLINE_LITERAL,database/007_sprint3b_act1_5_placeholder_flow.sql,database/014_sprint3b_evidence_and_puzzle_integrity.sql,MIGRATION_ORDER_NOT_GAME_RUN_ORDER,NO_LIVE_RUN_VALUE_TIMELINE,docs/plans/ROUND1_FIELD_READ_WRITE_OVERVIEW_V1.0_part1.csv
F0242,s3b_player_facts#01,database/009_sprint3b_act1_consequence_integrity.sql,5,NO_INLINE_LITERAL,NO_INLINE_LITERAL,database/009_sprint3b_act1_consequence_integrity.sql,database/068_package_c_authoritative_pocket_inspection.sql,MIGRATION_ORDER_NOT_GAME_RUN_ORDER,NO_LIVE_RUN_VALUE_TIMELINE,docs/plans/ROUND1_FIELD_READ_WRITE_OVERVIEW_V1.0_part1.csv
F0243,s3b_player_facts#02,database/009_sprint3b_act1_consequence_integrity.sql,6,NO_INLINE_LITERAL,NO_INLINE_LITERAL,database/009_sprint3b_act1_consequence_integrity.sql,database/068_package_c_authoritative_pocket_inspection.sql,MIGRATION_ORDER_NOT_GAME_RUN_ORDER,NO_LIVE_RUN_VALUE_TIMELINE,docs/plans/ROUND1_FIELD_READ_WRITE_OVERVIEW_V1.0_part1.csv
F0244,s3b_player_facts#03,database/009_sprint3b_act1_consequence_integrity.sql,7,NO_INLINE_LITERAL,NO_INLINE_LITERAL,database/009_sprint3b_act1_consequence_integrity.sql,database/068_package_c_authoritative_pocket_inspection.sql,MIGRATION_ORDER_NOT_GAME_RUN_ORDER,NO_LIVE_RUN_VALUE_TIMELINE,docs/plans/ROUND1_FIELD_READ_WRITE_OVERVIEW_V1.0_part1.csv
F0245,s3b_player_facts#04,database/009_sprint3b_act1_consequence_integrity.sql,8,YES_LITERAL,YES_LITERAL,database/009_sprint3b_act1_consequence_integrity.sql,database/068_package_c_authoritative_pocket_inspection.sql,MIGRATION_ORDER_NOT_GAME_RUN_ORDER,NO_LIVE_RUN_VALUE_TIMELINE,docs/plans/ROUND1_FIELD_READ_WRITE_OVERVIEW_V1.0_part1.csv
F0246,s3b_player_progress#01,database/007_sprint3b_act1_5_placeholder_flow.sql,21,NO_INLINE_LITERAL,NO_INLINE_LITERAL,database/007_sprint3b_act1_5_placeholder_flow.sql,database/007_sprint3b_act1_5_placeholder_flow.sql,MIGRATION_ORDER_NOT_GAME_RUN_ORDER,NO_LIVE_RUN_VALUE_TIMELINE,docs/plans/ROUND1_FIELD_READ_WRITE_OVERVIEW_V1.0_part1.csv
F0247,s3b_player_progress#02,database/007_sprint3b_act1_5_placeholder_flow.sql,22,NO_INLINE_LITERAL,NO_INLINE_LITERAL,database/007_sprint3b_act1_5_placeholder_flow.sql,database/007_sprint3b_act1_5_placeholder_flow.sql,MIGRATION_ORDER_NOT_GAME_RUN_ORDER,NO_LIVE_RUN_VALUE_TIMELINE,docs/plans/ROUND1_FIELD_READ_WRITE_OVERVIEW_V1.0_part1.csv
F0248,s3b_player_progress#03,database/007_sprint3b_act1_5_placeholder_flow.sql,23,NO_INLINE_LITERAL,NO_INLINE_LITERAL,database/007_sprint3b_act1_5_placeholder_flow.sql,database/011_sprint3b_transition_and_act1_delivery_integrity.sql,MIGRATION_ORDER_NOT_GAME_RUN_ORDER,NO_LIVE_RUN_VALUE_TIMELINE,docs/plans/ROUND1_FIELD_READ_WRITE_OVERVIEW_V1.0_part1.csv
F0249,s3b_player_progress#04,database/007_sprint3b_act1_5_placeholder_flow.sql,24,YES_LITERAL,NO_INLINE_LITERAL,database/007_sprint3b_act1_5_placeholder_flow.sql,database/011_sprint3b_transition_and_act1_delivery_integrity.sql,MIGRATION_ORDER_NOT_GAME_RUN_ORDER,NO_LIVE_RUN_VALUE_TIMELINE,docs/plans/ROUND1_FIELD_READ_WRITE_OVERVIEW_V1.0_part1.csv
F0250,s3b_player_progress#05,database/007_sprint3b_act1_5_placeholder_flow.sql,25,NO_INLINE_LITERAL,NO_INLINE_LITERAL,database/007_sprint3b_act1_5_placeholder_flow.sql,database/017_sprint3c_override_act2_entry_correction.sql,MIGRATION_ORDER_NOT_GAME_RUN_ORDER,NO_LIVE_RUN_VALUE_TIMELINE,docs/plans/ROUND1_FIELD_READ_WRITE_OVERVIEW_V1.0_part1.csv
F0251,s3b_player_progress#06,database/007_sprint3b_act1_5_placeholder_flow.sql,26,YES_LITERAL,NO_INLINE_LITERAL,database/007_sprint3b_act1_5_placeholder_flow.sql,database/017_sprint3c_override_act2_entry_correction.sql,MIGRATION_ORDER_NOT_GAME_RUN_ORDER,NO_LIVE_RUN_VALUE_TIMELINE,docs/plans/ROUND1_FIELD_READ_WRITE_OVERVIEW_V1.0_part1.csv
F0252,s3b_player_progress#07,database/007_sprint3b_act1_5_placeholder_flow.sql,27,NO_INLINE_LITERAL,NO_INLINE_LITERAL,database/007_sprint3b_act1_5_placeholder_flow.sql,database/054_level3_integrated_closure.sql,MIGRATION_ORDER_NOT_GAME_RUN_ORDER,NO_LIVE_RUN_VALUE_TIMELINE,docs/plans/ROUND1_FIELD_READ_WRITE_OVERVIEW_V1.0_part1.csv
F0253,s3b_player_progress#08,database/007_sprint3b_act1_5_placeholder_flow.sql,28,NO_INLINE_LITERAL,NO_INLINE_LITERAL,database/007_sprint3b_act1_5_placeholder_flow.sql,database/054_level3_integrated_closure.sql,MIGRATION_ORDER_NOT_GAME_RUN_ORDER,NO_LIVE_RUN_VALUE_TIMELINE,docs/plans/ROUND1_FIELD_READ_WRITE_OVERVIEW_V1.0_part1.csv
F0254,s3b_player_progress#09,database/007_sprint3b_act1_5_placeholder_flow.sql,29,NO_INLINE_LITERAL,NO_INLINE_LITERAL,database/007_sprint3b_act1_5_placeholder_flow.sql,database/063_package_a_player_entry_column_fix.sql,MIGRATION_ORDER_NOT_GAME_RUN_ORDER,NO_LIVE_RUN_VALUE_TIMELINE,docs/plans/ROUND1_FIELD_READ_WRITE_OVERVIEW_V1.0_part1.csv
F0255,s3b_player_progress#10,database/007_sprint3b_act1_5_placeholder_flow.sql,30,NO_INLINE_LITERAL,NO_INLINE_LITERAL,database/007_sprint3b_act1_5_placeholder_flow.sql,database/007_sprint3b_act1_5_placeholder_flow.sql,MIGRATION_ORDER_NOT_GAME_RUN_ORDER,NO_LIVE_RUN_VALUE_TIMELINE,docs/plans/ROUND1_FIELD_READ_WRITE_OVERVIEW_V1.0_part1.csv
F0256,s3b_player_progress#11,database/007_sprint3b_act1_5_placeholder_flow.sql,31,YES_LITERAL,NO_INLINE_LITERAL,database/007_sprint3b_act1_5_placeholder_flow.sql,database/007_sprint3b_act1_5_placeholder_flow.sql,MIGRATION_ORDER_NOT_GAME_RUN_ORDER,NO_LIVE_RUN_VALUE_TIMELINE,docs/plans/ROUND1_FIELD_READ_WRITE_OVERVIEW_V1.0_part1.csv
F0257,s3b_player_progress#12,database/011_sprint3b_transition_and_act1_delivery_integrity.sql,3,NO_INLINE_LITERAL,NO_INLINE_LITERAL,database/011_sprint3b_transition_and_act1_delivery_integrity.sql,database/054_level3_integrated_closure.sql,MIGRATION_ORDER_NOT_GAME_RUN_ORDER,NO_LIVE_RUN_VALUE_TIMELINE,docs/plans/ROUND1_FIELD_READ_WRITE_OVERVIEW_V1.0_part1.csv
F0258,s3b_player_progress#13,database/011_sprint3b_transition_and_act1_delivery_integrity.sql,4,NO_INLINE_LITERAL,NO_INLINE_LITERAL,database/011_sprint3b_transition_and_act1_delivery_integrity.sql,database/054_level3_integrated_closure.sql,MIGRATION_ORDER_NOT_GAME_RUN_ORDER,NO_LIVE_RUN_VALUE_TIMELINE,docs/plans/ROUND1_FIELD_READ_WRITE_OVERVIEW_V1.0_part1.csv
F0259,s3b_player_progress#14,database/012_sprint3b_internal_wrapper_lockdown_and_route_delivery.sql,19,YES_LITERAL,NO_INLINE_LITERAL,database/012_sprint3b_internal_wrapper_lockdown_and_route_delivery.sql,database/012_sprint3b_internal_wrapper_lockdown_and_route_delivery.sql,MIGRATION_ORDER_NOT_GAME_RUN_ORDER,NO_LIVE_RUN_VALUE_TIMELINE,docs/plans/ROUND1_FIELD_READ_WRITE_OVERVIEW_V1.0_part1.csv
F0260,s3b_player_progress#15,database/014_sprint3b_evidence_and_puzzle_integrity.sql,9,YES_LITERAL,NO_INLINE_LITERAL,database/014_sprint3b_evidence_and_puzzle_integrity.sql,database/014b_sprint3b_targeted_closure_corrections.sql,MIGRATION_ORDER_NOT_GAME_RUN_ORDER,NO_LIVE_RUN_VALUE_TIMELINE,docs/plans/ROUND1_FIELD_READ_WRITE_OVERVIEW_V1.0_part1.csv
F0261,s3b_player_progress#16,database/014_sprint3b_evidence_and_puzzle_integrity.sql,10,NO_INLINE_LITERAL,NO_INLINE_LITERAL,database/014_sprint3b_evidence_and_puzzle_integrity.sql,database/054_level3_integrated_closure.sql,MIGRATION_ORDER_NOT_GAME_RUN_ORDER,NO_LIVE_RUN_VALUE_TIMELINE,docs/plans/ROUND1_FIELD_READ_WRITE_OVERVIEW_V1.0_part1.csv
F0262,s3b_player_progress#17,database/014_sprint3b_evidence_and_puzzle_integrity.sql,11,YES_LITERAL,NO_INLINE_LITERAL,database/014_sprint3b_evidence_and_puzzle_integrity.sql,database/014_sprint3b_evidence_and_puzzle_integrity.sql,MIGRATION_ORDER_NOT_GAME_RUN_ORDER,NO_LIVE_RUN_VALUE_TIMELINE,docs/plans/ROUND1_FIELD_READ_WRITE_OVERVIEW_V1.0_part1.csv
F0263,s3b_player_progress#18,database/014_sprint3b_evidence_and_puzzle_integrity.sql,12,NO_INLINE_LITERAL,NO_INLINE_LITERAL,database/014_sprint3b_evidence_and_puzzle_integrity.sql,database/054_level3_integrated_closure.sql,MIGRATION_ORDER_NOT_GAME_RUN_ORDER,NO_LIVE_RUN_VALUE_TIMELINE,docs/plans/ROUND1_FIELD_READ_WRITE_OVERVIEW_V1.0_part1.csv
F0264,s3b_player_progress#19,database/014_sprint3b_evidence_and_puzzle_integrity.sql,13,YES_LITERAL,NO_INLINE_LITERAL,database/014_sprint3b_evidence_and_puzzle_integrity.sql,database/014_sprint3b_evidence_and_puzzle_integrity.sql,MIGRATION_ORDER_NOT_GAME_RUN_ORDER,NO_LIVE_RUN_VALUE_TIMELINE,docs/plans/ROUND1_FIELD_READ_WRITE_OVERVIEW_V1.0_part1.csv
F0265,s3b_player_progress#20,database/014_sprint3b_evidence_and_puzzle_integrity.sql,14,NO_INLINE_LITERAL,NO_INLINE_LITERAL,database/014_sprint3b_evidence_and_puzzle_integrity.sql,database/054_level3_integrated_closure.sql,MIGRATION_ORDER_NOT_GAME_RUN_ORDER,NO_LIVE_RUN_VALUE_TIMELINE,docs/plans/ROUND1_FIELD_READ_WRITE_OVERVIEW_V1.0_part1.csv
F0266,s3b_player_progress#21,database/060_package_a_ca_a_bounded_corrections.sql,9,YES_LITERAL,NO_INLINE_LITERAL,database/060_package_a_ca_a_bounded_corrections.sql,database/064_package_a_handoff_observation_column_fix.sql,MIGRATION_ORDER_NOT_GAME_RUN_ORDER,NO_LIVE_RUN_VALUE_TIMELINE,docs/plans/ROUND1_FIELD_READ_WRITE_OVERVIEW_V1.0_part1.csv
F0267,s3b_player_progress#22,database/060_package_a_ca_a_bounded_corrections.sql,10,YES_LITERAL,NO_INLINE_LITERAL,database/060_package_a_ca_a_bounded_corrections.sql,database/063_package_a_player_entry_column_fix.sql,MIGRATION_ORDER_NOT_GAME_RUN_ORDER,NO_LIVE_RUN_VALUE_TIMELINE,docs/plans/ROUND1_FIELD_READ_WRITE_OVERVIEW_V1.0_part1.csv
F0268,s3b_post_inspection_route_votes#01,database/014_sprint3b_evidence_and_puzzle_integrity.sql,74,NO_INLINE_LITERAL,NO_INLINE_LITERAL,NO_RAW_WRITE,NO_RAW_WRITE,MIGRATION_ORDER_NOT_GAME_RUN_ORDER,NO_LIVE_RUN_VALUE_TIMELINE,docs/plans/ROUND1_FIELD_READ_WRITE_OVERVIEW_V1.0_part1.csv
F0269,s3b_post_inspection_route_votes#02,database/014_sprint3b_evidence_and_puzzle_integrity.sql,75,NO_INLINE_LITERAL,NO_INLINE_LITERAL,database/014_sprint3b_evidence_and_puzzle_integrity.sql,database/014_sprint3b_evidence_and_puzzle_integrity.sql,MIGRATION_ORDER_NOT_GAME_RUN_ORDER,NO_LIVE_RUN_VALUE_TIMELINE,docs/plans/ROUND1_FIELD_READ_WRITE_OVERVIEW_V1.0_part1.csv
F0270,s3b_post_inspection_route_votes#03,database/014_sprint3b_evidence_and_puzzle_integrity.sql,76,NO_INLINE_LITERAL,NO_INLINE_LITERAL,database/014_sprint3b_evidence_and_puzzle_integrity.sql,database/014_sprint3b_evidence_and_puzzle_integrity.sql,MIGRATION_ORDER_NOT_GAME_RUN_ORDER,NO_LIVE_RUN_VALUE_TIMELINE,docs/plans/ROUND1_FIELD_READ_WRITE_OVERVIEW_V1.0_part1.csv
F0271,s3b_post_inspection_route_votes#04,database/014_sprint3b_evidence_and_puzzle_integrity.sql,77,NO_INLINE_LITERAL,NO_INLINE_LITERAL,NO_RAW_WRITE,NO_RAW_WRITE,MIGRATION_ORDER_NOT_GAME_RUN_ORDER,NO_LIVE_RUN_VALUE_TIMELINE,docs/plans/ROUND1_FIELD_READ_WRITE_OVERVIEW_V1.0_part1.csv
F0272,s3b_post_inspection_route_votes#05,database/014_sprint3b_evidence_and_puzzle_integrity.sql,79,NO_INLINE_LITERAL,NO_INLINE_LITERAL,database/014_sprint3b_evidence_and_puzzle_integrity.sql,database/014_sprint3b_evidence_and_puzzle_integrity.sql,MIGRATION_ORDER_NOT_GAME_RUN_ORDER,NO_LIVE_RUN_VALUE_TIMELINE,docs/plans/ROUND1_FIELD_READ_WRITE_OVERVIEW_V1.0_part1.csv
F0273,s3b_post_inspection_route_votes#06,database/014_sprint3b_evidence_and_puzzle_integrity.sql,80,NO_INLINE_LITERAL,NO_INLINE_LITERAL,NO_RAW_WRITE,NO_RAW_WRITE,MIGRATION_ORDER_NOT_GAME_RUN_ORDER,NO_LIVE_RUN_VALUE_TIMELINE,docs/plans/ROUND1_FIELD_READ_WRITE_OVERVIEW_V1.0_part1.csv
F0274,s3b_post_inspection_route_votes#07,database/014_sprint3b_evidence_and_puzzle_integrity.sql,82,NO_INLINE_LITERAL,NO_INLINE_LITERAL,NO_RAW_WRITE,NO_RAW_WRITE,MIGRATION_ORDER_NOT_GAME_RUN_ORDER,NO_LIVE_RUN_VALUE_TIMELINE,docs/plans/ROUND1_FIELD_READ_WRITE_OVERVIEW_V1.0_part1.csv
F0275,s3b_post_inspection_route_votes#08,database/014_sprint3b_evidence_and_puzzle_integrity.sql,83,NO_INLINE_LITERAL,NO_INLINE_LITERAL,NO_RAW_WRITE,NO_RAW_WRITE,MIGRATION_ORDER_NOT_GAME_RUN_ORDER,NO_LIVE_RUN_VALUE_TIMELINE,docs/plans/ROUND1_FIELD_READ_WRITE_OVERVIEW_V1.0_part1.csv
F0276,s3b_post_inspection_route_votes#09,database/014_sprint3b_evidence_and_puzzle_integrity.sql,84,YES_LITERAL,YES_LITERAL,NO_RAW_WRITE,NO_RAW_WRITE,MIGRATION_ORDER_NOT_GAME_RUN_ORDER,NO_LIVE_RUN_VALUE_TIMELINE,docs/plans/ROUND1_FIELD_READ_WRITE_OVERVIEW_V1.0_part1.csv
F0277,s3b_run_state#01,database/007_sprint3b_act1_5_placeholder_flow.sql,5,NO_INLINE_LITERAL,NO_INLINE_LITERAL,database/007_sprint3b_act1_5_placeholder_flow.sql,database/007_sprint3b_act1_5_placeholder_flow.sql,MIGRATION_ORDER_NOT_GAME_RUN_ORDER,NO_LIVE_RUN_VALUE_TIMELINE,docs/plans/ROUND1_FIELD_READ_WRITE_OVERVIEW_V1.0_part1.csv
F0278,s3b_run_state#02,database/007_sprint3b_act1_5_placeholder_flow.sql,6,NO_INLINE_LITERAL,NO_INLINE_LITERAL,database/007_sprint3b_act1_5_placeholder_flow.sql,database/054_level3_integrated_closure.sql,MIGRATION_ORDER_NOT_GAME_RUN_ORDER,NO_LIVE_RUN_VALUE_TIMELINE,docs/plans/ROUND1_FIELD_READ_WRITE_OVERVIEW_V1.0_part1.csv
F0279,s3b_run_state#03,database/007_sprint3b_act1_5_placeholder_flow.sql,7,NO_INLINE_LITERAL,NO_INLINE_LITERAL,database/007_sprint3b_act1_5_placeholder_flow.sql,database/054_level3_integrated_closure.sql,MIGRATION_ORDER_NOT_GAME_RUN_ORDER,NO_LIVE_RUN_VALUE_TIMELINE,docs/plans/ROUND1_FIELD_READ_WRITE_OVERVIEW_V1.0_part1.csv
F0280,s3b_run_state#04,database/007_sprint3b_act1_5_placeholder_flow.sql,8,NO_INLINE_LITERAL,NO_INLINE_LITERAL,database/007_sprint3b_act1_5_placeholder_flow.sql,database/054_level3_integrated_closure.sql,MIGRATION_ORDER_NOT_GAME_RUN_ORDER,NO_LIVE_RUN_VALUE_TIMELINE,docs/plans/ROUND1_FIELD_READ_WRITE_OVERVIEW_V1.0_part1.csv
F0281,s3b_run_state#05,database/007_sprint3b_act1_5_placeholder_flow.sql,9,YES_LITERAL,NO_INLINE_LITERAL,database/007_sprint3b_act1_5_placeholder_flow.sql,database/054_level3_integrated_closure.sql,MIGRATION_ORDER_NOT_GAME_RUN_ORDER,NO_LIVE_RUN_VALUE_TIMELINE,docs/plans/ROUND1_FIELD_READ_WRITE_OVERVIEW_V1.0_part1.csv
F0282,s3b_run_state#06,database/007_sprint3b_act1_5_placeholder_flow.sql,10,YES_LITERAL,NO_INLINE_LITERAL,database/007_sprint3b_act1_5_placeholder_flow.sql,database/054_level3_integrated_closure.sql,MIGRATION_ORDER_NOT_GAME_RUN_ORDER,NO_LIVE_RUN_VALUE_TIMELINE,docs/plans/ROUND1_FIELD_READ_WRITE_OVERVIEW_V1.0_part1.csv
F0283,s3b_run_state#07,database/007_sprint3b_act1_5_placeholder_flow.sql,11,NO_INLINE_LITERAL,NO_INLINE_LITERAL,database/007_sprint3b_act1_5_placeholder_flow.sql,database/014_sprint3b_evidence_and_puzzle_integrity.sql,MIGRATION_ORDER_NOT_GAME_RUN_ORDER,NO_LIVE_RUN_VALUE_TIMELINE,docs/plans/ROUND1_FIELD_READ_WRITE_OVERVIEW_V1.0_part1.csv
F0284,s3b_run_state#08,database/007_sprint3b_act1_5_placeholder_flow.sql,12,NO_INLINE_LITERAL,NO_INLINE_LITERAL,database/007_sprint3b_act1_5_placeholder_flow.sql,database/014_sprint3b_evidence_and_puzzle_integrity.sql,MIGRATION_ORDER_NOT_GAME_RUN_ORDER,NO_LIVE_RUN_VALUE_TIMELINE,docs/plans/ROUND1_FIELD_READ_WRITE_OVERVIEW_V1.0_part1.csv
F0285,s3b_run_state#09,database/007_sprint3b_act1_5_placeholder_flow.sql,13,YES_LITERAL,NO_INLINE_LITERAL,database/007_sprint3b_act1_5_placeholder_flow.sql,database/015_sprint3c_minimal_safe_teacher_override.sql,MIGRATION_ORDER_NOT_GAME_RUN_ORDER,NO_LIVE_RUN_VALUE_TIMELINE,docs/plans/ROUND1_FIELD_READ_WRITE_OVERVIEW_V1.0_part1.csv
F0286,s3b_run_state#10,database/007_sprint3b_act1_5_placeholder_flow.sql,14,NO_INLINE_LITERAL,NO_INLINE_LITERAL,database/007_sprint3b_act1_5_placeholder_flow.sql,database/054_level3_integrated_closure.sql,MIGRATION_ORDER_NOT_GAME_RUN_ORDER,NO_LIVE_RUN_VALUE_TIMELINE,docs/plans/ROUND1_FIELD_READ_WRITE_OVERVIEW_V1.0_part1.csv
F0287,s3b_run_state#11,database/007_sprint3b_act1_5_placeholder_flow.sql,15,NO_INLINE_LITERAL,NO_INLINE_LITERAL,database/007_sprint3b_act1_5_placeholder_flow.sql,database/054_level3_integrated_closure.sql,MIGRATION_ORDER_NOT_GAME_RUN_ORDER,NO_LIVE_RUN_VALUE_TIMELINE,docs/plans/ROUND1_FIELD_READ_WRITE_OVERVIEW_V1.0_part1.csv
F0288,s3b_run_state#12,database/007_sprint3b_act1_5_placeholder_flow.sql,16,NO_INLINE_LITERAL,NO_INLINE_LITERAL,database/007_sprint3b_act1_5_placeholder_flow.sql,database/054_level3_integrated_closure.sql,MIGRATION_ORDER_NOT_GAME_RUN_ORDER,NO_LIVE_RUN_VALUE_TIMELINE,docs/plans/ROUND1_FIELD_READ_WRITE_OVERVIEW_V1.0_part1.csv
F0289,s3b_run_state#13,database/007_sprint3b_act1_5_placeholder_flow.sql,17,YES_LITERAL,YES_LITERAL,database/007_sprint3b_act1_5_placeholder_flow.sql,database/054_level3_integrated_closure.sql,MIGRATION_ORDER_NOT_GAME_RUN_ORDER,NO_LIVE_RUN_VALUE_TIMELINE,docs/plans/ROUND1_FIELD_READ_WRITE_OVERVIEW_V1.0_part1.csv
F0290,s3b_run_state#14,database/010_sprint3b_flow_integrity_and_inspect_fix.sql,6,NO_INLINE_LITERAL,NO_INLINE_LITERAL,database/010_sprint3b_flow_integrity_and_inspect_fix.sql,database/054_level3_integrated_closure.sql,MIGRATION_ORDER_NOT_GAME_RUN_ORDER,NO_LIVE_RUN_VALUE_TIMELINE,docs/plans/ROUND1_FIELD_READ_WRITE_OVERVIEW_V1.0_part1.csv
F0291,s3b_run_state#15,database/011_sprint3b_transition_and_act1_delivery_integrity.sql,5,NO_INLINE_LITERAL,NO_INLINE_LITERAL,database/011_sprint3b_transition_and_act1_delivery_integrity.sql,database/015_sprint3c_minimal_safe_teacher_override.sql,MIGRATION_ORDER_NOT_GAME_RUN_ORDER,NO_LIVE_RUN_VALUE_TIMELINE,docs/plans/ROUND1_FIELD_READ_WRITE_OVERVIEW_V1.0_part1.csv
F0292,s5_act8_private_choices#01,database/027_sprint5_act6_8_runtime.sql,23,NO_INLINE_LITERAL,NO_INLINE_LITERAL,database/027_sprint5_act6_8_runtime.sql,database/027_sprint5_act6_8_runtime.sql,MIGRATION_ORDER_NOT_GAME_RUN_ORDER,NO_LIVE_RUN_VALUE_TIMELINE,docs/plans/ROUND1_FIELD_READ_WRITE_OVERVIEW_V1.0_part1.csv
F0293,s5_act8_private_choices#02,database/027_sprint5_act6_8_runtime.sql,23,NO_INLINE_LITERAL,NO_INLINE_LITERAL,database/027_sprint5_act6_8_runtime.sql,database/027_sprint5_act6_8_runtime.sql,MIGRATION_ORDER_NOT_GAME_RUN_ORDER,NO_LIVE_RUN_VALUE_TIMELINE,docs/plans/ROUND1_FIELD_READ_WRITE_OVERVIEW_V1.0_part2.csv
F0294,s5_act8_private_choices#03,database/027_sprint5_act6_8_runtime.sql,24,NO_INLINE_LITERAL,NO_INLINE_LITERAL,database/027_sprint5_act6_8_runtime.sql,database/027_sprint5_act6_8_runtime.sql,MIGRATION_ORDER_NOT_GAME_RUN_ORDER,NO_LIVE_RUN_VALUE_TIMELINE,docs/plans/ROUND1_FIELD_READ_WRITE_OVERVIEW_V1.0_part2.csv
F0295,s5_act8_private_choices#04,database/027_sprint5_act6_8_runtime.sql,24,NO_INLINE_LITERAL,NO_INLINE_LITERAL,database/027_sprint5_act6_8_runtime.sql,database/027_sprint5_act6_8_runtime.sql,MIGRATION_ORDER_NOT_GAME_RUN_ORDER,NO_LIVE_RUN_VALUE_TIMELINE,docs/plans/ROUND1_FIELD_READ_WRITE_OVERVIEW_V1.0_part2.csv
F0296,s5_act8_private_choices#05,database/027_sprint5_act6_8_runtime.sql,24,YES_LITERAL,YES_LITERAL,NO_RAW_WRITE,NO_RAW_WRITE,MIGRATION_ORDER_NOT_GAME_RUN_ORDER,NO_LIVE_RUN_VALUE_TIMELINE,docs/plans/ROUND1_FIELD_READ_WRITE_OVERVIEW_V1.0_part2.csv
F0297,s5_rounds#01,database/027_sprint5_act6_8_runtime.sql,17,NO_INLINE_LITERAL,NO_INLINE_LITERAL,NO_RAW_WRITE,NO_RAW_WRITE,MIGRATION_ORDER_NOT_GAME_RUN_ORDER,NO_LIVE_RUN_VALUE_TIMELINE,docs/plans/ROUND1_FIELD_READ_WRITE_OVERVIEW_V1.0_part2.csv
F0298,s5_rounds#02,database/027_sprint5_act6_8_runtime.sql,17,NO_INLINE_LITERAL,NO_INLINE_LITERAL,database/027_sprint5_act6_8_runtime.sql,database/062_package_a_prepared_event_fk_fix.sql,MIGRATION_ORDER_NOT_GAME_RUN_ORDER,NO_LIVE_RUN_VALUE_TIMELINE,docs/plans/ROUND1_FIELD_READ_WRITE_OVERVIEW_V1.0_part2.csv
F0299,s5_rounds#03,database/027_sprint5_act6_8_runtime.sql,18,NO_INLINE_LITERAL,NO_INLINE_LITERAL,database/027_sprint5_act6_8_runtime.sql,database/062_package_a_prepared_event_fk_fix.sql,MIGRATION_ORDER_NOT_GAME_RUN_ORDER,NO_LIVE_RUN_VALUE_TIMELINE,docs/plans/ROUND1_FIELD_READ_WRITE_OVERVIEW_V1.0_part2.csv
F0300,s5_rounds#04,database/027_sprint5_act6_8_runtime.sql,18,NO_INLINE_LITERAL,NO_INLINE_LITERAL,database/027_sprint5_act6_8_runtime.sql,database/062_package_a_prepared_event_fk_fix.sql,MIGRATION_ORDER_NOT_GAME_RUN_ORDER,NO_LIVE_RUN_VALUE_TIMELINE,docs/plans/ROUND1_FIELD_READ_WRITE_OVERVIEW_V1.0_part2.csv
F0301,s5_rounds#05,database/027_sprint5_act6_8_runtime.sql,18,NO_INLINE_LITERAL,NO_INLINE_LITERAL,database/027_sprint5_act6_8_runtime.sql,database/062_package_a_prepared_event_fk_fix.sql,MIGRATION_ORDER_NOT_GAME_RUN_ORDER,NO_LIVE_RUN_VALUE_TIMELINE,docs/plans/ROUND1_FIELD_READ_WRITE_OVERVIEW_V1.0_part2.csv
F0302,s5_rounds#06,database/027_sprint5_act6_8_runtime.sql,18,NO_INLINE_LITERAL,NO_INLINE_LITERAL,database/027_sprint5_act6_8_runtime.sql,database/029_sprint5_canonical_discussion_localization.sql,MIGRATION_ORDER_NOT_GAME_RUN_ORDER,NO_LIVE_RUN_VALUE_TIMELINE,docs/plans/ROUND1_FIELD_READ_WRITE_OVERVIEW_V1.0_part2.csv
F0303,s5_rounds#07,database/027_sprint5_act6_8_runtime.sql,19,NO_INLINE_LITERAL,NO_INLINE_LITERAL,database/027_sprint5_act6_8_runtime.sql,database/029_sprint5_canonical_discussion_localization.sql,MIGRATION_ORDER_NOT_GAME_RUN_ORDER,NO_LIVE_RUN_VALUE_TIMELINE,docs/plans/ROUND1_FIELD_READ_WRITE_OVERVIEW_V1.0_part2.csv
F0304,s5_rounds#08,database/027_sprint5_act6_8_runtime.sql,19,YES_LITERAL,YES_LITERAL,NO_RAW_WRITE,NO_RAW_WRITE,MIGRATION_ORDER_NOT_GAME_RUN_ORDER,NO_LIVE_RUN_VALUE_TIMELINE,docs/plans/ROUND1_FIELD_READ_WRITE_OVERVIEW_V1.0_part2.csv
F0305,s5_rounds#09,database/027_sprint5_act6_8_runtime.sql,19,YES_LITERAL,NO_INLINE_LITERAL,database/027_sprint5_act6_8_runtime.sql,database/029_sprint5_canonical_discussion_localization.sql,MIGRATION_ORDER_NOT_GAME_RUN_ORDER,NO_LIVE_RUN_VALUE_TIMELINE,docs/plans/ROUND1_FIELD_READ_WRITE_OVERVIEW_V1.0_part2.csv
F0306,s5_run_state#01,database/027_sprint5_act6_8_runtime.sql,3,NO_INLINE_LITERAL,NO_INLINE_LITERAL,database/027_sprint5_act6_8_runtime.sql,database/062_package_a_prepared_event_fk_fix.sql,MIGRATION_ORDER_NOT_GAME_RUN_ORDER,NO_LIVE_RUN_VALUE_TIMELINE,docs/plans/ROUND1_FIELD_READ_WRITE_OVERVIEW_V1.0_part2.csv
F0307,s5_run_state#02,database/027_sprint5_act6_8_runtime.sql,4,NO_INLINE_LITERAL,NO_INLINE_LITERAL,database/027_sprint5_act6_8_runtime.sql,database/027_sprint5_act6_8_runtime.sql,MIGRATION_ORDER_NOT_GAME_RUN_ORDER,NO_LIVE_RUN_VALUE_TIMELINE,docs/plans/ROUND1_FIELD_READ_WRITE_OVERVIEW_V1.0_part2.csv
F0308,s5_run_state#03,database/027_sprint5_act6_8_runtime.sql,5,NO_INLINE_LITERAL,NO_INLINE_LITERAL,database/027_sprint5_act6_8_runtime.sql,database/027_sprint5_act6_8_runtime.sql,MIGRATION_ORDER_NOT_GAME_RUN_ORDER,NO_LIVE_RUN_VALUE_TIMELINE,docs/plans/ROUND1_FIELD_READ_WRITE_OVERVIEW_V1.0_part2.csv
F0309,s5_run_state#04,database/027_sprint5_act6_8_runtime.sql,5,NO_INLINE_LITERAL,NO_INLINE_LITERAL,database/027_sprint5_act6_8_runtime.sql,database/027_sprint5_act6_8_runtime.sql,MIGRATION_ORDER_NOT_GAME_RUN_ORDER,NO_LIVE_RUN_VALUE_TIMELINE,docs/plans/ROUND1_FIELD_READ_WRITE_OVERVIEW_V1.0_part2.csv
F0310,s5_run_state#05,database/027_sprint5_act6_8_runtime.sql,6,NO_INLINE_LITERAL,NO_INLINE_LITERAL,database/027_sprint5_act6_8_runtime.sql,database/027_sprint5_act6_8_runtime.sql,MIGRATION_ORDER_NOT_GAME_RUN_ORDER,NO_LIVE_RUN_VALUE_TIMELINE,docs/plans/ROUND1_FIELD_READ_WRITE_OVERVIEW_V1.0_part2.csv
F0311,s5_run_state#06,database/027_sprint5_act6_8_runtime.sql,6,NO_INLINE_LITERAL,NO_INLINE_LITERAL,database/027_sprint5_act6_8_runtime.sql,database/027_sprint5_act6_8_runtime.sql,MIGRATION_ORDER_NOT_GAME_RUN_ORDER,NO_LIVE_RUN_VALUE_TIMELINE,docs/plans/ROUND1_FIELD_READ_WRITE_OVERVIEW_V1.0_part2.csv
F0312,s5_run_state#07,database/027_sprint5_act6_8_runtime.sql,7,NO_INLINE_LITERAL,NO_INLINE_LITERAL,database/027_sprint5_act6_8_runtime.sql,database/027_sprint5_act6_8_runtime.sql,MIGRATION_ORDER_NOT_GAME_RUN_ORDER,NO_LIVE_RUN_VALUE_TIMELINE,docs/plans/ROUND1_FIELD_READ_WRITE_OVERVIEW_V1.0_part2.csv
F0313,s5_run_state#08,database/027_sprint5_act6_8_runtime.sql,8,YES_LITERAL,NO_INLINE_LITERAL,database/027_sprint5_act6_8_runtime.sql,database/027_sprint5_act6_8_runtime.sql,MIGRATION_ORDER_NOT_GAME_RUN_ORDER,NO_LIVE_RUN_VALUE_TIMELINE,docs/plans/ROUND1_FIELD_READ_WRITE_OVERVIEW_V1.0_part2.csv
F0314,s5_run_state#09,database/027_sprint5_act6_8_runtime.sql,8,YES_LITERAL,YES_LITERAL,database/027_sprint5_act6_8_runtime.sql,database/063_package_a_player_entry_column_fix.sql,MIGRATION_ORDER_NOT_GAME_RUN_ORDER,NO_LIVE_RUN_VALUE_TIMELINE,docs/plans/ROUND1_FIELD_READ_WRITE_OVERVIEW_V1.0_part2.csv
F0315,s5_run_state#10,database/059_structural_lifecycle_transition_spine.sql,34,YES_LITERAL,NO_INLINE_LITERAL,database/059_structural_lifecycle_transition_spine.sql,database/063_package_a_player_entry_column_fix.sql,MIGRATION_ORDER_NOT_GAME_RUN_ORDER,NO_LIVE_RUN_VALUE_TIMELINE,docs/plans/ROUND1_FIELD_READ_WRITE_OVERVIEW_V1.0_part2.csv
F0316,s5_votes#01,database/027_sprint5_act6_8_runtime.sql,11,NO_INLINE_LITERAL,NO_INLINE_LITERAL,database/027_sprint5_act6_8_runtime.sql,database/027_sprint5_act6_8_runtime.sql,MIGRATION_ORDER_NOT_GAME_RUN_ORDER,NO_LIVE_RUN_VALUE_TIMELINE,docs/plans/ROUND1_FIELD_READ_WRITE_OVERVIEW_V1.0_part2.csv
F0317,s5_votes#02,database/027_sprint5_act6_8_runtime.sql,11,NO_INLINE_LITERAL,NO_INLINE_LITERAL,database/027_sprint5_act6_8_runtime.sql,database/027_sprint5_act6_8_runtime.sql,MIGRATION_ORDER_NOT_GAME_RUN_ORDER,NO_LIVE_RUN_VALUE_TIMELINE,docs/plans/ROUND1_FIELD_READ_WRITE_OVERVIEW_V1.0_part2.csv
F0318,s5_votes#03,database/027_sprint5_act6_8_runtime.sql,11,NO_INLINE_LITERAL,NO_INLINE_LITERAL,database/027_sprint5_act6_8_runtime.sql,database/027_sprint5_act6_8_runtime.sql,MIGRATION_ORDER_NOT_GAME_RUN_ORDER,NO_LIVE_RUN_VALUE_TIMELINE,docs/plans/ROUND1_FIELD_READ_WRITE_OVERVIEW_V1.0_part2.csv
F0319,s5_votes#04,database/027_sprint5_act6_8_runtime.sql,12,NO_INLINE_LITERAL,NO_INLINE_LITERAL,database/027_sprint5_act6_8_runtime.sql,database/027_sprint5_act6_8_runtime.sql,MIGRATION_ORDER_NOT_GAME_RUN_ORDER,NO_LIVE_RUN_VALUE_TIMELINE,docs/plans/ROUND1_FIELD_READ_WRITE_OVERVIEW_V1.0_part2.csv
F0320,s5_votes#05,database/027_sprint5_act6_8_runtime.sql,12,NO_INLINE_LITERAL,NO_INLINE_LITERAL,database/027_sprint5_act6_8_runtime.sql,database/027_sprint5_act6_8_runtime.sql,MIGRATION_ORDER_NOT_GAME_RUN_ORDER,NO_LIVE_RUN_VALUE_TIMELINE,docs/plans/ROUND1_FIELD_READ_WRITE_OVERVIEW_V1.0_part2.csv
F0321,s5_votes#06,database/027_sprint5_act6_8_runtime.sql,12,NO_INLINE_LITERAL,NO_INLINE_LITERAL,database/027_sprint5_act6_8_runtime.sql,database/027_sprint5_act6_8_runtime.sql,MIGRATION_ORDER_NOT_GAME_RUN_ORDER,NO_LIVE_RUN_VALUE_TIMELINE,docs/plans/ROUND1_FIELD_READ_WRITE_OVERVIEW_V1.0_part2.csv
F0322,s5_votes#07,database/027_sprint5_act6_8_runtime.sql,12,YES_LITERAL,YES_LITERAL,NO_RAW_WRITE,NO_RAW_WRITE,MIGRATION_ORDER_NOT_GAME_RUN_ORDER,NO_LIVE_RUN_VALUE_TIMELINE,docs/plans/ROUND1_FIELD_READ_WRITE_OVERVIEW_V1.0_part2.csv
F0323,s6_action_receipts#01,database/035_sprint6_focused_audit_corrections.sql,10,NO_INLINE_LITERAL,NO_INLINE_LITERAL,database/035_sprint6_focused_audit_corrections.sql,database/036_sprint6_four_open_findings.sql,MIGRATION_ORDER_NOT_GAME_RUN_ORDER,NO_LIVE_RUN_VALUE_TIMELINE,docs/plans/ROUND1_FIELD_READ_WRITE_OVERVIEW_V1.0_part2.csv
F0324,s6_action_receipts#02,database/035_sprint6_focused_audit_corrections.sql,10,NO_INLINE_LITERAL,NO_INLINE_LITERAL,database/035_sprint6_focused_audit_corrections.sql,database/036_sprint6_four_open_findings.sql,MIGRATION_ORDER_NOT_GAME_RUN_ORDER,NO_LIVE_RUN_VALUE_TIMELINE,docs/plans/ROUND1_FIELD_READ_WRITE_OVERVIEW_V1.0_part2.csv
F0325,s6_action_receipts#03,database/035_sprint6_focused_audit_corrections.sql,11,NO_INLINE_LITERAL,NO_INLINE_LITERAL,database/035_sprint6_focused_audit_corrections.sql,database/036_sprint6_four_open_findings.sql,MIGRATION_ORDER_NOT_GAME_RUN_ORDER,NO_LIVE_RUN_VALUE_TIMELINE,docs/plans/ROUND1_FIELD_READ_WRITE_OVERVIEW_V1.0_part2.csv
F0326,s6_action_receipts#04,database/035_sprint6_focused_audit_corrections.sql,11,NO_INLINE_LITERAL,NO_INLINE_LITERAL,database/035_sprint6_focused_audit_corrections.sql,database/036_sprint6_four_open_findings.sql,MIGRATION_ORDER_NOT_GAME_RUN_ORDER,NO_LIVE_RUN_VALUE_TIMELINE,docs/plans/ROUND1_FIELD_READ_WRITE_OVERVIEW_V1.0_part2.csv
F0327,s6_action_receipts#05,database/035_sprint6_focused_audit_corrections.sql,11,NO_INLINE_LITERAL,NO_INLINE_LITERAL,database/035_sprint6_focused_audit_corrections.sql,database/036_sprint6_four_open_findings.sql,MIGRATION_ORDER_NOT_GAME_RUN_ORDER,NO_LIVE_RUN_VALUE_TIMELINE,docs/plans/ROUND1_FIELD_READ_WRITE_OVERVIEW_V1.0_part2.csv
F0328,s6_action_receipts#06,database/035_sprint6_focused_audit_corrections.sql,11,NO_INLINE_LITERAL,NO_INLINE_LITERAL,database/035_sprint6_focused_audit_corrections.sql,database/036_sprint6_four_open_findings.sql,MIGRATION_ORDER_NOT_GAME_RUN_ORDER,NO_LIVE_RUN_VALUE_TIMELINE,docs/plans/ROUND1_FIELD_READ_WRITE_OVERVIEW_V1.0_part2.csv
F0329,s6_action_receipts#07,database/035_sprint6_focused_audit_corrections.sql,11,YES_LITERAL,YES_LITERAL,database/035_sprint6_focused_audit_corrections.sql,database/036_sprint6_four_open_findings.sql,MIGRATION_ORDER_NOT_GAME_RUN_ORDER,NO_LIVE_RUN_VALUE_TIMELINE,docs/plans/ROUND1_FIELD_READ_WRITE_OVERVIEW_V1.0_part2.csv
F0330,s6_allocation_attempts#01,database/035_sprint6_focused_audit_corrections.sql,15,NO_INLINE_LITERAL,NO_INLINE_LITERAL,NO_RAW_WRITE,NO_RAW_WRITE,MIGRATION_ORDER_NOT_GAME_RUN_ORDER,NO_LIVE_RUN_VALUE_TIMELINE,docs/plans/ROUND1_FIELD_READ_WRITE_OVERVIEW_V1.0_part2.csv
F0331,s6_allocation_attempts#02,database/035_sprint6_focused_audit_corrections.sql,15,NO_INLINE_LITERAL,NO_INLINE_LITERAL,database/035_sprint6_focused_audit_corrections.sql,database/035_sprint6_focused_audit_corrections.sql,MIGRATION_ORDER_NOT_GAME_RUN_ORDER,NO_LIVE_RUN_VALUE_TIMELINE,docs/plans/ROUND1_FIELD_READ_WRITE_OVERVIEW_V1.0_part2.csv
F0332,s6_allocation_attempts#03,database/035_sprint6_focused_audit_corrections.sql,15,NO_INLINE_LITERAL,NO_INLINE_LITERAL,database/035_sprint6_focused_audit_corrections.sql,database/035_sprint6_focused_audit_corrections.sql,MIGRATION_ORDER_NOT_GAME_RUN_ORDER,NO_LIVE_RUN_VALUE_TIMELINE,docs/plans/ROUND1_FIELD_READ_WRITE_OVERVIEW_V1.0_part2.csv
F0333,s6_allocation_attempts#04,database/035_sprint6_focused_audit_corrections.sql,16,NO_INLINE_LITERAL,NO_INLINE_LITERAL,database/035_sprint6_focused_audit_corrections.sql,database/035_sprint6_focused_audit_corrections.sql,MIGRATION_ORDER_NOT_GAME_RUN_ORDER,NO_LIVE_RUN_VALUE_TIMELINE,docs/plans/ROUND1_FIELD_READ_WRITE_OVERVIEW_V1.0_part2.csv
F0334,s6_allocation_attempts#05,database/035_sprint6_focused_audit_corrections.sql,16,NO_INLINE_LITERAL,NO_INLINE_LITERAL,database/035_sprint6_focused_audit_corrections.sql,database/035_sprint6_focused_audit_corrections.sql,MIGRATION_ORDER_NOT_GAME_RUN_ORDER,NO_LIVE_RUN_VALUE_TIMELINE,docs/plans/ROUND1_FIELD_READ_WRITE_OVERVIEW_V1.0_part2.csv
F0335,s6_allocation_attempts#06,database/035_sprint6_focused_audit_corrections.sql,16,NO_INLINE_LITERAL,NO_INLINE_LITERAL,database/035_sprint6_focused_audit_corrections.sql,database/035_sprint6_focused_audit_corrections.sql,MIGRATION_ORDER_NOT_GAME_RUN_ORDER,NO_LIVE_RUN_VALUE_TIMELINE,docs/plans/ROUND1_FIELD_READ_WRITE_OVERVIEW_V1.0_part2.csv
F0336,s6_allocation_attempts#07,database/035_sprint6_focused_audit_corrections.sql,16,YES_LITERAL,YES_LITERAL,NO_RAW_WRITE,NO_RAW_WRITE,MIGRATION_ORDER_NOT_GAME_RUN_ORDER,NO_LIVE_RUN_VALUE_TIMELINE,docs/plans/ROUND1_FIELD_READ_WRITE_OVERVIEW_V1.0_part2.csv
F0337,s6_allocations#01,database/033_sprint6_act9_13_runtime.sql,16,NO_INLINE_LITERAL,NO_INLINE_LITERAL,database/033_sprint6_act9_13_runtime.sql,database/035_sprint6_focused_audit_corrections.sql,MIGRATION_ORDER_NOT_GAME_RUN_ORDER,NO_LIVE_RUN_VALUE_TIMELINE,docs/plans/ROUND1_FIELD_READ_WRITE_OVERVIEW_V1.0_part2.csv
F0338,s6_allocations#02,database/033_sprint6_act9_13_runtime.sql,16,NO_INLINE_LITERAL,NO_INLINE_LITERAL,database/033_sprint6_act9_13_runtime.sql,database/035_sprint6_focused_audit_corrections.sql,MIGRATION_ORDER_NOT_GAME_RUN_ORDER,NO_LIVE_RUN_VALUE_TIMELINE,docs/plans/ROUND1_FIELD_READ_WRITE_OVERVIEW_V1.0_part2.csv
F0339,s6_allocations#03,database/033_sprint6_act9_13_runtime.sql,16,NO_INLINE_LITERAL,NO_INLINE_LITERAL,database/033_sprint6_act9_13_runtime.sql,database/035_sprint6_focused_audit_corrections.sql,MIGRATION_ORDER_NOT_GAME_RUN_ORDER,NO_LIVE_RUN_VALUE_TIMELINE,docs/plans/ROUND1_FIELD_READ_WRITE_OVERVIEW_V1.0_part2.csv
F0340,s6_allocations#04,database/033_sprint6_act9_13_runtime.sql,16,NO_INLINE_LITERAL,NO_INLINE_LITERAL,database/033_sprint6_act9_13_runtime.sql,database/035_sprint6_focused_audit_corrections.sql,MIGRATION_ORDER_NOT_GAME_RUN_ORDER,NO_LIVE_RUN_VALUE_TIMELINE,docs/plans/ROUND1_FIELD_READ_WRITE_OVERVIEW_V1.0_part2.csv
F0341,s6_allocations#05,database/033_sprint6_act9_13_runtime.sql,16,YES_LITERAL,YES_LITERAL,database/033_sprint6_act9_13_runtime.sql,database/035_sprint6_focused_audit_corrections.sql,MIGRATION_ORDER_NOT_GAME_RUN_ORDER,NO_LIVE_RUN_VALUE_TIMELINE,docs/plans/ROUND1_FIELD_READ_WRITE_OVERVIEW_V1.0_part2.csv
F0342,s6_audio_consumptions#01,database/037_level3_independent_audit_closure.sql,35,NO_INLINE_LITERAL,NO_INLINE_LITERAL,database/037_level3_independent_audit_closure.sql,database/037_level3_independent_audit_closure.sql,MIGRATION_ORDER_NOT_GAME_RUN_ORDER,NO_LIVE_RUN_VALUE_TIMELINE,docs/plans/ROUND1_FIELD_READ_WRITE_OVERVIEW_V1.0_part2.csv
F0343,s6_audio_consumptions#02,database/037_level3_independent_audit_closure.sql,36,NO_INLINE_LITERAL,NO_INLINE_LITERAL,database/037_level3_independent_audit_closure.sql,database/037_level3_independent_audit_closure.sql,MIGRATION_ORDER_NOT_GAME_RUN_ORDER,NO_LIVE_RUN_VALUE_TIMELINE,docs/plans/ROUND1_FIELD_READ_WRITE_OVERVIEW_V1.0_part2.csv
F0344,s6_audio_consumptions#03,database/037_level3_independent_audit_closure.sql,37,NO_INLINE_LITERAL,NO_INLINE_LITERAL,database/037_level3_independent_audit_closure.sql,database/037_level3_independent_audit_closure.sql,MIGRATION_ORDER_NOT_GAME_RUN_ORDER,NO_LIVE_RUN_VALUE_TIMELINE,docs/plans/ROUND1_FIELD_READ_WRITE_OVERVIEW_V1.0_part2.csv
F0345,s6_audio_consumptions#04,database/037_level3_independent_audit_closure.sql,38,YES_LITERAL,YES_LITERAL,NO_RAW_WRITE,NO_RAW_WRITE,MIGRATION_ORDER_NOT_GAME_RUN_ORDER,NO_LIVE_RUN_VALUE_TIMELINE,docs/plans/ROUND1_FIELD_READ_WRITE_OVERVIEW_V1.0_part2.csv
F0346,s6_audio_occurrences#01,database/037_level3_independent_audit_closure.sql,23,NO_INLINE_LITERAL,NO_INLINE_LITERAL,NO_RAW_WRITE,NO_RAW_WRITE,MIGRATION_ORDER_NOT_GAME_RUN_ORDER,NO_LIVE_RUN_VALUE_TIMELINE,docs/plans/ROUND1_FIELD_READ_WRITE_OVERVIEW_V1.0_part2.csv
F0347,s6_audio_occurrences#02,database/037_level3_independent_audit_closure.sql,24,NO_INLINE_LITERAL,NO_INLINE_LITERAL,database/037_level3_independent_audit_closure.sql,database/037_level3_independent_audit_closure.sql,MIGRATION_ORDER_NOT_GAME_RUN_ORDER,NO_LIVE_RUN_VALUE_TIMELINE,docs/plans/ROUND1_FIELD_READ_WRITE_OVERVIEW_V1.0_part2.csv
F0348,s6_audio_occurrences#03,database/037_level3_independent_audit_closure.sql,25,NO_INLINE_LITERAL,NO_INLINE_LITERAL,database/037_level3_independent_audit_closure.sql,database/037_level3_independent_audit_closure.sql,MIGRATION_ORDER_NOT_GAME_RUN_ORDER,NO_LIVE_RUN_VALUE_TIMELINE,docs/plans/ROUND1_FIELD_READ_WRITE_OVERVIEW_V1.0_part2.csv
F0349,s6_audio_occurrences#04,database/037_level3_independent_audit_closure.sql,26,NO_INLINE_LITERAL,NO_INLINE_LITERAL,database/037_level3_independent_audit_closure.sql,database/037_level3_independent_audit_closure.sql,MIGRATION_ORDER_NOT_GAME_RUN_ORDER,NO_LIVE_RUN_VALUE_TIMELINE,docs/plans/ROUND1_FIELD_READ_WRITE_OVERVIEW_V1.0_part2.csv
F0350,s6_audio_occurrences#05,database/037_level3_independent_audit_closure.sql,27,NO_INLINE_LITERAL,NO_INLINE_LITERAL,database/037_level3_independent_audit_closure.sql,database/037_level3_independent_audit_closure.sql,MIGRATION_ORDER_NOT_GAME_RUN_ORDER,NO_LIVE_RUN_VALUE_TIMELINE,docs/plans/ROUND1_FIELD_READ_WRITE_OVERVIEW_V1.0_part2.csv
F0351,s6_audio_occurrences#06,database/037_level3_independent_audit_closure.sql,28,YES_LITERAL,YES_LITERAL,NO_RAW_WRITE,NO_RAW_WRITE,MIGRATION_ORDER_NOT_GAME_RUN_ORDER,NO_LIVE_RUN_VALUE_TIMELINE,docs/plans/ROUND1_FIELD_READ_WRITE_OVERVIEW_V1.0_part2.csv
F0352,s6_choices#01,database/033_sprint6_act9_13_runtime.sql,15,NO_INLINE_LITERAL,NO_INLINE_LITERAL,database/033_sprint6_act9_13_runtime.sql,database/035_sprint6_focused_audit_corrections.sql,MIGRATION_ORDER_NOT_GAME_RUN_ORDER,NO_LIVE_RUN_VALUE_TIMELINE,docs/plans/ROUND1_FIELD_READ_WRITE_OVERVIEW_V1.0_part2.csv
F0353,s6_choices#02,database/033_sprint6_act9_13_runtime.sql,15,NO_INLINE_LITERAL,NO_INLINE_LITERAL,database/033_sprint6_act9_13_runtime.sql,database/035_sprint6_focused_audit_corrections.sql,MIGRATION_ORDER_NOT_GAME_RUN_ORDER,NO_LIVE_RUN_VALUE_TIMELINE,docs/plans/ROUND1_FIELD_READ_WRITE_OVERVIEW_V1.0_part2.csv
F0354,s6_choices#03,database/033_sprint6_act9_13_runtime.sql,15,NO_INLINE_LITERAL,NO_INLINE_LITERAL,database/033_sprint6_act9_13_runtime.sql,database/035_sprint6_focused_audit_corrections.sql,MIGRATION_ORDER_NOT_GAME_RUN_ORDER,NO_LIVE_RUN_VALUE_TIMELINE,docs/plans/ROUND1_FIELD_READ_WRITE_OVERVIEW_V1.0_part2.csv
F0355,s6_choices#04,database/033_sprint6_act9_13_runtime.sql,15,NO_INLINE_LITERAL,NO_INLINE_LITERAL,database/033_sprint6_act9_13_runtime.sql,database/035_sprint6_focused_audit_corrections.sql,MIGRATION_ORDER_NOT_GAME_RUN_ORDER,NO_LIVE_RUN_VALUE_TIMELINE,docs/plans/ROUND1_FIELD_READ_WRITE_OVERVIEW_V1.0_part2.csv
F0356,s6_choices#05,database/033_sprint6_act9_13_runtime.sql,15,NO_INLINE_LITERAL,NO_INLINE_LITERAL,database/033_sprint6_act9_13_runtime.sql,database/035_sprint6_focused_audit_corrections.sql,MIGRATION_ORDER_NOT_GAME_RUN_ORDER,NO_LIVE_RUN_VALUE_TIMELINE,docs/plans/ROUND1_FIELD_READ_WRITE_OVERVIEW_V1.0_part2.csv
F0357,s6_choices#06,database/033_sprint6_act9_13_runtime.sql,15,NO_INLINE_LITERAL,NO_INLINE_LITERAL,database/033_sprint6_act9_13_runtime.sql,database/035_sprint6_focused_audit_corrections.sql,MIGRATION_ORDER_NOT_GAME_RUN_ORDER,NO_LIVE_RUN_VALUE_TIMELINE,docs/plans/ROUND1_FIELD_READ_WRITE_OVERVIEW_V1.0_part2.csv
F0358,s6_choices#07,database/033_sprint6_act9_13_runtime.sql,15,NO_INLINE_LITERAL,NO_INLINE_LITERAL,database/033_sprint6_act9_13_runtime.sql,database/035_sprint6_focused_audit_corrections.sql,MIGRATION_ORDER_NOT_GAME_RUN_ORDER,NO_LIVE_RUN_VALUE_TIMELINE,docs/plans/ROUND1_FIELD_READ_WRITE_OVERVIEW_V1.0_part2.csv
F0359,s6_choices#08,database/033_sprint6_act9_13_runtime.sql,15,NO_INLINE_LITERAL,NO_INLINE_LITERAL,database/033_sprint6_act9_13_runtime.sql,database/035_sprint6_focused_audit_corrections.sql,MIGRATION_ORDER_NOT_GAME_RUN_ORDER,NO_LIVE_RUN_VALUE_TIMELINE,docs/plans/ROUND1_FIELD_READ_WRITE_OVERVIEW_V1.0_part2.csv
F0360,s6_choices#09,database/033_sprint6_act9_13_runtime.sql,15,YES_LITERAL,YES_LITERAL,database/033_sprint6_act9_13_runtime.sql,database/035_sprint6_focused_audit_corrections.sql,MIGRATION_ORDER_NOT_GAME_RUN_ORDER,NO_LIVE_RUN_VALUE_TIMELINE,docs/plans/ROUND1_FIELD_READ_WRITE_OVERVIEW_V1.0_part2.csv
F0361,s6_choices#10,database/049_sprint8_final_closure.sql,5,NO_INLINE_LITERAL,NO_INLINE_LITERAL,database/033_sprint6_act9_13_runtime.sql,database/049_sprint8_final_closure.sql,MIGRATION_ORDER_NOT_GAME_RUN_ORDER,NO_LIVE_RUN_VALUE_TIMELINE,docs/plans/ROUND1_FIELD_READ_WRITE_OVERVIEW_V1.0_part2.csv
F0362,s6_engagements#01,database/033_sprint6_act9_13_runtime.sql,17,NO_INLINE_LITERAL,NO_INLINE_LITERAL,database/033_sprint6_act9_13_runtime.sql,database/035_sprint6_focused_audit_corrections.sql,MIGRATION_ORDER_NOT_GAME_RUN_ORDER,NO_LIVE_RUN_VALUE_TIMELINE,docs/plans/ROUND1_FIELD_READ_WRITE_OVERVIEW_V1.0_part2.csv
F0363,s6_engagements#02,database/033_sprint6_act9_13_runtime.sql,17,NO_INLINE_LITERAL,NO_INLINE_LITERAL,database/033_sprint6_act9_13_runtime.sql,database/035_sprint6_focused_audit_corrections.sql,MIGRATION_ORDER_NOT_GAME_RUN_ORDER,NO_LIVE_RUN_VALUE_TIMELINE,docs/plans/ROUND1_FIELD_READ_WRITE_OVERVIEW_V1.0_part2.csv
F0364,s6_engagements#03,database/033_sprint6_act9_13_runtime.sql,17,NO_INLINE_LITERAL,NO_INLINE_LITERAL,database/033_sprint6_act9_13_runtime.sql,database/035_sprint6_focused_audit_corrections.sql,MIGRATION_ORDER_NOT_GAME_RUN_ORDER,NO_LIVE_RUN_VALUE_TIMELINE,docs/plans/ROUND1_FIELD_READ_WRITE_OVERVIEW_V1.0_part2.csv
F0365,s6_engagements#04,database/033_sprint6_act9_13_runtime.sql,17,YES_LITERAL,YES_LITERAL,database/033_sprint6_act9_13_runtime.sql,database/035_sprint6_focused_audit_corrections.sql,MIGRATION_ORDER_NOT_GAME_RUN_ORDER,NO_LIVE_RUN_VALUE_TIMELINE,docs/plans/ROUND1_FIELD_READ_WRITE_OVERVIEW_V1.0_part2.csv
F0366,s6_private_clues#01,database/033_sprint6_act9_13_runtime.sql,14,NO_INLINE_LITERAL,NO_INLINE_LITERAL,database/033_sprint6_act9_13_runtime.sql,database/033_sprint6_act9_13_runtime.sql,MIGRATION_ORDER_NOT_GAME_RUN_ORDER,NO_LIVE_RUN_VALUE_TIMELINE,docs/plans/ROUND1_FIELD_READ_WRITE_OVERVIEW_V1.0_part2.csv
F0367,s6_private_clues#02,database/033_sprint6_act9_13_runtime.sql,14,NO_INLINE_LITERAL,NO_INLINE_LITERAL,database/033_sprint6_act9_13_runtime.sql,database/033_sprint6_act9_13_runtime.sql,MIGRATION_ORDER_NOT_GAME_RUN_ORDER,NO_LIVE_RUN_VALUE_TIMELINE,docs/plans/ROUND1_FIELD_READ_WRITE_OVERVIEW_V1.0_part2.csv
F0368,s6_private_clues#03,database/033_sprint6_act9_13_runtime.sql,14,NO_INLINE_LITERAL,NO_INLINE_LITERAL,database/033_sprint6_act9_13_runtime.sql,database/033_sprint6_act9_13_runtime.sql,MIGRATION_ORDER_NOT_GAME_RUN_ORDER,NO_LIVE_RUN_VALUE_TIMELINE,docs/plans/ROUND1_FIELD_READ_WRITE_OVERVIEW_V1.0_part2.csv
F0369,s6_private_clues#04,database/033_sprint6_act9_13_runtime.sql,14,NO_INLINE_LITERAL,NO_INLINE_LITERAL,database/033_sprint6_act9_13_runtime.sql,database/033_sprint6_act9_13_runtime.sql,MIGRATION_ORDER_NOT_GAME_RUN_ORDER,NO_LIVE_RUN_VALUE_TIMELINE,docs/plans/ROUND1_FIELD_READ_WRITE_OVERVIEW_V1.0_part2.csv
F0370,s6_private_clues#05,database/033_sprint6_act9_13_runtime.sql,14,NO_INLINE_LITERAL,NO_INLINE_LITERAL,database/033_sprint6_act9_13_runtime.sql,database/033_sprint6_act9_13_runtime.sql,MIGRATION_ORDER_NOT_GAME_RUN_ORDER,NO_LIVE_RUN_VALUE_TIMELINE,docs/plans/ROUND1_FIELD_READ_WRITE_OVERVIEW_V1.0_part2.csv
F0371,s6_private_clues#06,database/033_sprint6_act9_13_runtime.sql,14,YES_LITERAL,YES_LITERAL,database/033_sprint6_act9_13_runtime.sql,database/033_sprint6_act9_13_runtime.sql,MIGRATION_ORDER_NOT_GAME_RUN_ORDER,NO_LIVE_RUN_VALUE_TIMELINE,docs/plans/ROUND1_FIELD_READ_WRITE_OVERVIEW_V1.0_part2.csv
F0372,s6_run_state#01,database/033_sprint6_act9_13_runtime.sql,4,NO_INLINE_LITERAL,NO_INLINE_LITERAL,database/033_sprint6_act9_13_runtime.sql,database/037_level3_independent_audit_closure.sql,MIGRATION_ORDER_NOT_GAME_RUN_ORDER,NO_LIVE_RUN_VALUE_TIMELINE,docs/plans/ROUND1_FIELD_READ_WRITE_OVERVIEW_V1.0_part2.csv
F0373,s6_run_state#02,database/033_sprint6_act9_13_runtime.sql,4,NO_INLINE_LITERAL,NO_INLINE_LITERAL,database/033_sprint6_act9_13_runtime.sql,database/049_sprint8_final_closure.sql,MIGRATION_ORDER_NOT_GAME_RUN_ORDER,NO_LIVE_RUN_VALUE_TIMELINE,docs/plans/ROUND1_FIELD_READ_WRITE_OVERVIEW_V1.0_part2.csv
F0374,s6_run_state#03,database/033_sprint6_act9_13_runtime.sql,5,NO_INLINE_LITERAL,NO_INLINE_LITERAL,database/033_sprint6_act9_13_runtime.sql,database/049_sprint8_final_closure.sql,MIGRATION_ORDER_NOT_GAME_RUN_ORDER,NO_LIVE_RUN_VALUE_TIMELINE,docs/plans/ROUND1_FIELD_READ_WRITE_OVERVIEW_V1.0_part2.csv
F0375,s6_run_state#04,database/033_sprint6_act9_13_runtime.sql,5,NO_INLINE_LITERAL,NO_INLINE_LITERAL,database/033_sprint6_act9_13_runtime.sql,database/035_sprint6_focused_audit_corrections.sql,MIGRATION_ORDER_NOT_GAME_RUN_ORDER,NO_LIVE_RUN_VALUE_TIMELINE,docs/plans/ROUND1_FIELD_READ_WRITE_OVERVIEW_V1.0_part2.csv
F0376,s6_run_state#05,database/033_sprint6_act9_13_runtime.sql,5,NO_INLINE_LITERAL,NO_INLINE_LITERAL,database/033_sprint6_act9_13_runtime.sql,database/035_sprint6_focused_audit_corrections.sql,MIGRATION_ORDER_NOT_GAME_RUN_ORDER,NO_LIVE_RUN_VALUE_TIMELINE,docs/plans/ROUND1_FIELD_READ_WRITE_OVERVIEW_V1.0_part2.csv
F0377,s6_run_state#06,database/033_sprint6_act9_13_runtime.sql,6,NO_INLINE_LITERAL,NO_INLINE_LITERAL,database/033_sprint6_act9_13_runtime.sql,database/035_sprint6_focused_audit_corrections.sql,MIGRATION_ORDER_NOT_GAME_RUN_ORDER,NO_LIVE_RUN_VALUE_TIMELINE,docs/plans/ROUND1_FIELD_READ_WRITE_OVERVIEW_V1.0_part2.csv
F0378,s6_run_state#07,database/033_sprint6_act9_13_runtime.sql,6,NO_INLINE_LITERAL,NO_INLINE_LITERAL,database/033_sprint6_act9_13_runtime.sql,database/035_sprint6_focused_audit_corrections.sql,MIGRATION_ORDER_NOT_GAME_RUN_ORDER,NO_LIVE_RUN_VALUE_TIMELINE,docs/plans/ROUND1_FIELD_READ_WRITE_OVERVIEW_V1.0_part2.csv
F0379,s6_run_state#08,database/033_sprint6_act9_13_runtime.sql,7,NO_INLINE_LITERAL,NO_INLINE_LITERAL,database/033_sprint6_act9_13_runtime.sql,database/035_sprint6_focused_audit_corrections.sql,MIGRATION_ORDER_NOT_GAME_RUN_ORDER,NO_LIVE_RUN_VALUE_TIMELINE,docs/plans/ROUND1_FIELD_READ_WRITE_OVERVIEW_V1.0_part2.csv
F0380,s6_run_state#09,database/033_sprint6_act9_13_runtime.sql,7,NO_INLINE_LITERAL,NO_INLINE_LITERAL,database/033_sprint6_act9_13_runtime.sql,database/035_sprint6_focused_audit_corrections.sql,MIGRATION_ORDER_NOT_GAME_RUN_ORDER,NO_LIVE_RUN_VALUE_TIMELINE,docs/plans/ROUND1_FIELD_READ_WRITE_OVERVIEW_V1.0_part2.csv
F0381,s6_run_state#10,database/033_sprint6_act9_13_runtime.sql,7,NO_INLINE_LITERAL,NO_INLINE_LITERAL,database/033_sprint6_act9_13_runtime.sql,database/035_sprint6_focused_audit_corrections.sql,MIGRATION_ORDER_NOT_GAME_RUN_ORDER,NO_LIVE_RUN_VALUE_TIMELINE,docs/plans/ROUND1_FIELD_READ_WRITE_OVERVIEW_V1.0_part2.csv
F0382,s6_run_state#11,database/033_sprint6_act9_13_runtime.sql,8,NO_INLINE_LITERAL,NO_INLINE_LITERAL,database/033_sprint6_act9_13_runtime.sql,database/035_sprint6_focused_audit_corrections.sql,MIGRATION_ORDER_NOT_GAME_RUN_ORDER,NO_LIVE_RUN_VALUE_TIMELINE,docs/plans/ROUND1_FIELD_READ_WRITE_OVERVIEW_V1.0_part2.csv
F0383,s6_run_state#12,database/033_sprint6_act9_13_runtime.sql,8,NO_INLINE_LITERAL,NO_INLINE_LITERAL,database/033_sprint6_act9_13_runtime.sql,database/035_sprint6_focused_audit_corrections.sql,MIGRATION_ORDER_NOT_GAME_RUN_ORDER,NO_LIVE_RUN_VALUE_TIMELINE,docs/plans/ROUND1_FIELD_READ_WRITE_OVERVIEW_V1.0_part2.csv
F0384,s6_run_state#13,database/033_sprint6_act9_13_runtime.sql,9,NO_INLINE_LITERAL,NO_INLINE_LITERAL,database/033_sprint6_act9_13_runtime.sql,database/035_sprint6_focused_audit_corrections.sql,MIGRATION_ORDER_NOT_GAME_RUN_ORDER,NO_LIVE_RUN_VALUE_TIMELINE,docs/plans/ROUND1_FIELD_READ_WRITE_OVERVIEW_V1.0_part2.csv
F0385,s6_run_state#14,database/033_sprint6_act9_13_runtime.sql,10,NO_INLINE_LITERAL,NO_INLINE_LITERAL,database/033_sprint6_act9_13_runtime.sql,database/036_sprint6_four_open_findings.sql,MIGRATION_ORDER_NOT_GAME_RUN_ORDER,NO_LIVE_RUN_VALUE_TIMELINE,docs/plans/ROUND1_FIELD_READ_WRITE_OVERVIEW_V1.0_part2.csv
F0386,s6_run_state#15,database/033_sprint6_act9_13_runtime.sql,10,NO_INLINE_LITERAL,NO_INLINE_LITERAL,database/033_sprint6_act9_13_runtime.sql,database/036_sprint6_four_open_findings.sql,MIGRATION_ORDER_NOT_GAME_RUN_ORDER,NO_LIVE_RUN_VALUE_TIMELINE,docs/plans/ROUND1_FIELD_READ_WRITE_OVERVIEW_V1.0_part2.csv
F0387,s6_run_state#16,database/033_sprint6_act9_13_runtime.sql,11,NO_INLINE_LITERAL,NO_INLINE_LITERAL,database/033_sprint6_act9_13_runtime.sql,database/036_sprint6_four_open_findings.sql,MIGRATION_ORDER_NOT_GAME_RUN_ORDER,NO_LIVE_RUN_VALUE_TIMELINE,docs/plans/ROUND1_FIELD_READ_WRITE_OVERVIEW_V1.0_part2.csv
F0388,s6_run_state#17,database/033_sprint6_act9_13_runtime.sql,11,NO_INLINE_LITERAL,NO_INLINE_LITERAL,database/033_sprint6_act9_13_runtime.sql,database/035_sprint6_focused_audit_corrections.sql,MIGRATION_ORDER_NOT_GAME_RUN_ORDER,NO_LIVE_RUN_VALUE_TIMELINE,docs/plans/ROUND1_FIELD_READ_WRITE_OVERVIEW_V1.0_part2.csv
F0389,s6_run_state#18,database/033_sprint6_act9_13_runtime.sql,12,YES_LITERAL,YES_LITERAL,database/033_sprint6_act9_13_runtime.sql,database/049_sprint8_final_closure.sql,MIGRATION_ORDER_NOT_GAME_RUN_ORDER,NO_LIVE_RUN_VALUE_TIMELINE,docs/plans/ROUND1_FIELD_READ_WRITE_OVERVIEW_V1.0_part2.csv
F0390,s6_run_state#19,database/035_sprint6_focused_audit_corrections.sql,4,NO_INLINE_LITERAL,NO_INLINE_LITERAL,database/035_sprint6_focused_audit_corrections.sql,database/037_level3_independent_audit_closure.sql,MIGRATION_ORDER_NOT_GAME_RUN_ORDER,NO_LIVE_RUN_VALUE_TIMELINE,docs/plans/ROUND1_FIELD_READ_WRITE_OVERVIEW_V1.0_part2.csv
F0391,s6_run_state#20,database/035_sprint6_focused_audit_corrections.sql,5,NO_INLINE_LITERAL,NO_INLINE_LITERAL,database/035_sprint6_focused_audit_corrections.sql,database/037_level3_independent_audit_closure.sql,MIGRATION_ORDER_NOT_GAME_RUN_ORDER,NO_LIVE_RUN_VALUE_TIMELINE,docs/plans/ROUND1_FIELD_READ_WRITE_OVERVIEW_V1.0_part2.csv
F0392,s6_run_state#21,database/035_sprint6_focused_audit_corrections.sql,6,NO_INLINE_LITERAL,NO_INLINE_LITERAL,database/035_sprint6_focused_audit_corrections.sql,database/036_sprint6_four_open_findings.sql,MIGRATION_ORDER_NOT_GAME_RUN_ORDER,NO_LIVE_RUN_VALUE_TIMELINE,docs/plans/ROUND1_FIELD_READ_WRITE_OVERVIEW_V1.0_part2.csv
F0393,s6_run_state#22,database/035_sprint6_focused_audit_corrections.sql,7,YES_LITERAL,NO_INLINE_LITERAL,database/035_sprint6_focused_audit_corrections.sql,database/036_sprint6_four_open_findings.sql,MIGRATION_ORDER_NOT_GAME_RUN_ORDER,NO_LIVE_RUN_VALUE_TIMELINE,docs/plans/ROUND1_FIELD_READ_WRITE_OVERVIEW_V1.0_part2.csv
F0394,s6_run_state#23,database/037_level3_independent_audit_closure.sql,44,NO_INLINE_LITERAL,NO_INLINE_LITERAL,NO_RAW_WRITE,NO_RAW_WRITE,MIGRATION_ORDER_NOT_GAME_RUN_ORDER,NO_LIVE_RUN_VALUE_TIMELINE,docs/plans/ROUND1_FIELD_READ_WRITE_OVERVIEW_V1.0_part2.csv
F0395,s6_station_b_progress#01,database/036_sprint6_four_open_findings.sql,4,NO_INLINE_LITERAL,NO_INLINE_LITERAL,database/036_sprint6_four_open_findings.sql,database/036_sprint6_four_open_findings.sql,MIGRATION_ORDER_NOT_GAME_RUN_ORDER,NO_LIVE_RUN_VALUE_TIMELINE,docs/plans/ROUND1_FIELD_READ_WRITE_OVERVIEW_V1.0_part2.csv
F0396,s6_station_b_progress#02,database/036_sprint6_four_open_findings.sql,5,NO_INLINE_LITERAL,NO_INLINE_LITERAL,database/036_sprint6_four_open_findings.sql,database/036_sprint6_four_open_findings.sql,MIGRATION_ORDER_NOT_GAME_RUN_ORDER,NO_LIVE_RUN_VALUE_TIMELINE,docs/plans/ROUND1_FIELD_READ_WRITE_OVERVIEW_V1.0_part2.csv
F0397,s6_station_b_progress#03,database/036_sprint6_four_open_findings.sql,6,NO_INLINE_LITERAL,NO_INLINE_LITERAL,database/036_sprint6_four_open_findings.sql,database/036_sprint6_four_open_findings.sql,MIGRATION_ORDER_NOT_GAME_RUN_ORDER,NO_LIVE_RUN_VALUE_TIMELINE,docs/plans/ROUND1_FIELD_READ_WRITE_OVERVIEW_V1.0_part2.csv
F0398,s6_station_b_progress#04,database/036_sprint6_four_open_findings.sql,7,YES_LITERAL,YES_LITERAL,NO_RAW_WRITE,NO_RAW_WRITE,MIGRATION_ORDER_NOT_GAME_RUN_ORDER,NO_LIVE_RUN_VALUE_TIMELINE,docs/plans/ROUND1_FIELD_READ_WRITE_OVERVIEW_V1.0_part2.csv
F0399,s6_station_b_progress#05,database/036_sprint6_four_open_findings.sql,8,YES_LITERAL,NO_INLINE_LITERAL,database/036_sprint6_four_open_findings.sql,database/036_sprint6_four_open_findings.sql,MIGRATION_ORDER_NOT_GAME_RUN_ORDER,NO_LIVE_RUN_VALUE_TIMELINE,docs/plans/ROUND1_FIELD_READ_WRITE_OVERVIEW_V1.0_part2.csv
F0400,s6_station_tasks#01,database/035_sprint6_focused_audit_corrections.sql,20,NO_INLINE_LITERAL,NO_INLINE_LITERAL,database/035_sprint6_focused_audit_corrections.sql,database/036_sprint6_four_open_findings.sql,MIGRATION_ORDER_NOT_GAME_RUN_ORDER,NO_LIVE_RUN_VALUE_TIMELINE,docs/plans/ROUND1_FIELD_READ_WRITE_OVERVIEW_V1.0_part2.csv
F0401,s6_station_tasks#02,database/035_sprint6_focused_audit_corrections.sql,20,NO_INLINE_LITERAL,NO_INLINE_LITERAL,database/035_sprint6_focused_audit_corrections.sql,database/036_sprint6_four_open_findings.sql,MIGRATION_ORDER_NOT_GAME_RUN_ORDER,NO_LIVE_RUN_VALUE_TIMELINE,docs/plans/ROUND1_FIELD_READ_WRITE_OVERVIEW_V1.0_part2.csv
F0402,s6_station_tasks#03,database/035_sprint6_focused_audit_corrections.sql,20,NO_INLINE_LITERAL,NO_INLINE_LITERAL,database/035_sprint6_focused_audit_corrections.sql,database/036_sprint6_four_open_findings.sql,MIGRATION_ORDER_NOT_GAME_RUN_ORDER,NO_LIVE_RUN_VALUE_TIMELINE,docs/plans/ROUND1_FIELD_READ_WRITE_OVERVIEW_V1.0_part2.csv
F0403,s6_station_tasks#04,database/035_sprint6_focused_audit_corrections.sql,21,NO_INLINE_LITERAL,NO_INLINE_LITERAL,database/035_sprint6_focused_audit_corrections.sql,database/036_sprint6_four_open_findings.sql,MIGRATION_ORDER_NOT_GAME_RUN_ORDER,NO_LIVE_RUN_VALUE_TIMELINE,docs/plans/ROUND1_FIELD_READ_WRITE_OVERVIEW_V1.0_part2.csv
F0404,s6_station_tasks#05,database/035_sprint6_focused_audit_corrections.sql,21,YES_LITERAL,YES_LITERAL,database/035_sprint6_focused_audit_corrections.sql,database/036_sprint6_four_open_findings.sql,MIGRATION_ORDER_NOT_GAME_RUN_ORDER,NO_LIVE_RUN_VALUE_TIMELINE,docs/plans/ROUND1_FIELD_READ_WRITE_OVERVIEW_V1.0_part2.csv
F0405,s8_finalizations#01,database/046_sprint8_act14_finalization_export.sql,11,NO_INLINE_LITERAL,NO_INLINE_LITERAL,database/046_sprint8_act14_finalization_export.sql,database/049_sprint8_final_closure.sql,MIGRATION_ORDER_NOT_GAME_RUN_ORDER,NO_LIVE_RUN_VALUE_TIMELINE,docs/plans/ROUND1_FIELD_READ_WRITE_OVERVIEW_V1.0_part2.csv
F0406,s8_finalizations#02,database/046_sprint8_act14_finalization_export.sql,12,YES_LITERAL,YES_LITERAL,NO_RAW_WRITE,NO_RAW_WRITE,MIGRATION_ORDER_NOT_GAME_RUN_ORDER,NO_LIVE_RUN_VALUE_TIMELINE,docs/plans/ROUND1_FIELD_READ_WRITE_OVERVIEW_V1.0_part2.csv
F0407,s8_finalizations#03,database/046_sprint8_act14_finalization_export.sql,13,NO_INLINE_LITERAL,NO_INLINE_LITERAL,database/046_sprint8_act14_finalization_export.sql,database/049_sprint8_final_closure.sql,MIGRATION_ORDER_NOT_GAME_RUN_ORDER,NO_LIVE_RUN_VALUE_TIMELINE,docs/plans/ROUND1_FIELD_READ_WRITE_OVERVIEW_V1.0_part2.csv
F0408,s8_finalizations#04,database/046_sprint8_act14_finalization_export.sql,14,NO_INLINE_LITERAL,NO_INLINE_LITERAL,database/046_sprint8_act14_finalization_export.sql,database/049_sprint8_final_closure.sql,MIGRATION_ORDER_NOT_GAME_RUN_ORDER,NO_LIVE_RUN_VALUE_TIMELINE,docs/plans/ROUND1_FIELD_READ_WRITE_OVERVIEW_V1.0_part2.csv
F0409,s8_finalizations#05,database/046_sprint8_act14_finalization_export.sql,15,NO_INLINE_LITERAL,NO_INLINE_LITERAL,database/046_sprint8_act14_finalization_export.sql,database/049_sprint8_final_closure.sql,MIGRATION_ORDER_NOT_GAME_RUN_ORDER,NO_LIVE_RUN_VALUE_TIMELINE,docs/plans/ROUND1_FIELD_READ_WRITE_OVERVIEW_V1.0_part2.csv
F0410,s8_finalizations#06,database/046_sprint8_act14_finalization_export.sql,16,NO_INLINE_LITERAL,NO_INLINE_LITERAL,database/049_sprint8_final_closure.sql,database/049_sprint8_final_closure.sql,MIGRATION_ORDER_NOT_GAME_RUN_ORDER,NO_LIVE_RUN_VALUE_TIMELINE,docs/plans/ROUND1_FIELD_READ_WRITE_OVERVIEW_V1.0_part2.csv
F0411,s9_pocket_item_inspections#01,database/068_package_c_authoritative_pocket_inspection.sql,5,NO_INLINE_LITERAL,NO_INLINE_LITERAL,database/068_package_c_authoritative_pocket_inspection.sql,database/068_package_c_authoritative_pocket_inspection.sql,MIGRATION_ORDER_NOT_GAME_RUN_ORDER,NO_LIVE_RUN_VALUE_TIMELINE,docs/plans/ROUND1_FIELD_READ_WRITE_OVERVIEW_V1.0_part2.csv
F0412,s9_pocket_item_inspections#02,database/068_package_c_authoritative_pocket_inspection.sql,6,NO_INLINE_LITERAL,NO_INLINE_LITERAL,database/068_package_c_authoritative_pocket_inspection.sql,database/068_package_c_authoritative_pocket_inspection.sql,MIGRATION_ORDER_NOT_GAME_RUN_ORDER,NO_LIVE_RUN_VALUE_TIMELINE,docs/plans/ROUND1_FIELD_READ_WRITE_OVERVIEW_V1.0_part2.csv
F0413,s9_pocket_item_inspections#03,database/068_package_c_authoritative_pocket_inspection.sql,7,NO_INLINE_LITERAL,NO_INLINE_LITERAL,database/068_package_c_authoritative_pocket_inspection.sql,database/068_package_c_authoritative_pocket_inspection.sql,MIGRATION_ORDER_NOT_GAME_RUN_ORDER,NO_LIVE_RUN_VALUE_TIMELINE,docs/plans/ROUND1_FIELD_READ_WRITE_OVERVIEW_V1.0_part2.csv
F0414,s9_pocket_item_inspections#04,database/068_package_c_authoritative_pocket_inspection.sql,8,YES_LITERAL,YES_LITERAL,NO_RAW_WRITE,NO_RAW_WRITE,MIGRATION_ORDER_NOT_GAME_RUN_ORDER,NO_LIVE_RUN_VALUE_TIMELINE,docs/plans/ROUND1_FIELD_READ_WRITE_OVERVIEW_V1.0_part2.csv
F0415,teacher_override_validity#01,database/015_sprint3c_minimal_safe_teacher_override.sql,21,NO_INLINE_LITERAL,NO_INLINE_LITERAL,database/015_sprint3c_minimal_safe_teacher_override.sql,database/056_level2_override_validity_binding_fix.sql,MIGRATION_ORDER_NOT_GAME_RUN_ORDER,NO_LIVE_RUN_VALUE_TIMELINE,docs/plans/ROUND1_FIELD_READ_WRITE_OVERVIEW_V1.0_part2.csv
F0416,teacher_override_validity#02,database/015_sprint3c_minimal_safe_teacher_override.sql,22,NO_INLINE_LITERAL,NO_INLINE_LITERAL,database/015_sprint3c_minimal_safe_teacher_override.sql,database/056_level2_override_validity_binding_fix.sql,MIGRATION_ORDER_NOT_GAME_RUN_ORDER,NO_LIVE_RUN_VALUE_TIMELINE,docs/plans/ROUND1_FIELD_READ_WRITE_OVERVIEW_V1.0_part2.csv
F0417,teacher_override_validity#03,database/015_sprint3c_minimal_safe_teacher_override.sql,23,NO_INLINE_LITERAL,NO_INLINE_LITERAL,database/015_sprint3c_minimal_safe_teacher_override.sql,database/056_level2_override_validity_binding_fix.sql,MIGRATION_ORDER_NOT_GAME_RUN_ORDER,NO_LIVE_RUN_VALUE_TIMELINE,docs/plans/ROUND1_FIELD_READ_WRITE_OVERVIEW_V1.0_part2.csv
F0418,teacher_override_validity#04,database/015_sprint3c_minimal_safe_teacher_override.sql,24,NO_INLINE_LITERAL,NO_INLINE_LITERAL,database/015_sprint3c_minimal_safe_teacher_override.sql,database/056_level2_override_validity_binding_fix.sql,MIGRATION_ORDER_NOT_GAME_RUN_ORDER,NO_LIVE_RUN_VALUE_TIMELINE,docs/plans/ROUND1_FIELD_READ_WRITE_OVERVIEW_V1.0_part2.csv
F0419,teacher_override_validity#05,database/015_sprint3c_minimal_safe_teacher_override.sql,25,NO_INLINE_LITERAL,NO_INLINE_LITERAL,database/015_sprint3c_minimal_safe_teacher_override.sql,database/056_level2_override_validity_binding_fix.sql,MIGRATION_ORDER_NOT_GAME_RUN_ORDER,NO_LIVE_RUN_VALUE_TIMELINE,docs/plans/ROUND1_FIELD_READ_WRITE_OVERVIEW_V1.0_part2.csv
F0420,teacher_override_validity#06,database/015_sprint3c_minimal_safe_teacher_override.sql,26,NO_INLINE_LITERAL,NO_INLINE_LITERAL,NO_RAW_WRITE,NO_RAW_WRITE,MIGRATION_ORDER_NOT_GAME_RUN_ORDER,NO_LIVE_RUN_VALUE_TIMELINE,docs/plans/ROUND1_FIELD_READ_WRITE_OVERVIEW_V1.0_part2.csv
F0421,teacher_overrides#01,database/015_sprint3c_minimal_safe_teacher_override.sql,5,NO_INLINE_LITERAL,NO_INLINE_LITERAL,database/015_sprint3c_minimal_safe_teacher_override.sql,database/054_level3_integrated_closure.sql,MIGRATION_ORDER_NOT_GAME_RUN_ORDER,NO_LIVE_RUN_VALUE_TIMELINE,docs/plans/ROUND1_FIELD_READ_WRITE_OVERVIEW_V1.0_part2.csv
F0422,teacher_overrides#02,database/015_sprint3c_minimal_safe_teacher_override.sql,6,NO_INLINE_LITERAL,NO_INLINE_LITERAL,database/015_sprint3c_minimal_safe_teacher_override.sql,database/054_level3_integrated_closure.sql,MIGRATION_ORDER_NOT_GAME_RUN_ORDER,NO_LIVE_RUN_VALUE_TIMELINE,docs/plans/ROUND1_FIELD_READ_WRITE_OVERVIEW_V1.0_part2.csv
F0423,teacher_overrides#03,database/015_sprint3c_minimal_safe_teacher_override.sql,7,NO_INLINE_LITERAL,NO_INLINE_LITERAL,database/015_sprint3c_minimal_safe_teacher_override.sql,database/054_level3_integrated_closure.sql,MIGRATION_ORDER_NOT_GAME_RUN_ORDER,NO_LIVE_RUN_VALUE_TIMELINE,docs/plans/ROUND1_FIELD_READ_WRITE_OVERVIEW_V1.0_part2.csv
F0424,teacher_overrides#04,database/015_sprint3c_minimal_safe_teacher_override.sql,8,NO_INLINE_LITERAL,NO_INLINE_LITERAL,database/015_sprint3c_minimal_safe_teacher_override.sql,database/054_level3_integrated_closure.sql,MIGRATION_ORDER_NOT_GAME_RUN_ORDER,NO_LIVE_RUN_VALUE_TIMELINE,docs/plans/ROUND1_FIELD_READ_WRITE_OVERVIEW_V1.0_part2.csv
F0425,teacher_overrides#05,database/015_sprint3c_minimal_safe_teacher_override.sql,9,NO_INLINE_LITERAL,NO_INLINE_LITERAL,database/015_sprint3c_minimal_safe_teacher_override.sql,database/054_level3_integrated_closure.sql,MIGRATION_ORDER_NOT_GAME_RUN_ORDER,NO_LIVE_RUN_VALUE_TIMELINE,docs/plans/ROUND1_FIELD_READ_WRITE_OVERVIEW_V1.0_part2.csv
F0426,teacher_overrides#06,database/015_sprint3c_minimal_safe_teacher_override.sql,10,NO_INLINE_LITERAL,NO_INLINE_LITERAL,database/015_sprint3c_minimal_safe_teacher_override.sql,database/054_level3_integrated_closure.sql,MIGRATION_ORDER_NOT_GAME_RUN_ORDER,NO_LIVE_RUN_VALUE_TIMELINE,docs/plans/ROUND1_FIELD_READ_WRITE_OVERVIEW_V1.0_part2.csv
F0427,teacher_overrides#07,database/015_sprint3c_minimal_safe_teacher_override.sql,11,NO_INLINE_LITERAL,NO_INLINE_LITERAL,database/015_sprint3c_minimal_safe_teacher_override.sql,database/054_level3_integrated_closure.sql,MIGRATION_ORDER_NOT_GAME_RUN_ORDER,NO_LIVE_RUN_VALUE_TIMELINE,docs/plans/ROUND1_FIELD_READ_WRITE_OVERVIEW_V1.0_part2.csv
F0428,teacher_overrides#08,database/015_sprint3c_minimal_safe_teacher_override.sql,12,NO_INLINE_LITERAL,NO_INLINE_LITERAL,database/015_sprint3c_minimal_safe_teacher_override.sql,database/054_level3_integrated_closure.sql,MIGRATION_ORDER_NOT_GAME_RUN_ORDER,NO_LIVE_RUN_VALUE_TIMELINE,docs/plans/ROUND1_FIELD_READ_WRITE_OVERVIEW_V1.0_part2.csv
F0429,teacher_overrides#09,database/015_sprint3c_minimal_safe_teacher_override.sql,13,NO_INLINE_LITERAL,NO_INLINE_LITERAL,database/015_sprint3c_minimal_safe_teacher_override.sql,database/054_level3_integrated_closure.sql,MIGRATION_ORDER_NOT_GAME_RUN_ORDER,NO_LIVE_RUN_VALUE_TIMELINE,docs/plans/ROUND1_FIELD_READ_WRITE_OVERVIEW_V1.0_part2.csv
F0430,teacher_overrides#10,database/015_sprint3c_minimal_safe_teacher_override.sql,14,NO_INLINE_LITERAL,NO_INLINE_LITERAL,database/015_sprint3c_minimal_safe_teacher_override.sql,database/056_level2_override_validity_binding_fix.sql,MIGRATION_ORDER_NOT_GAME_RUN_ORDER,NO_LIVE_RUN_VALUE_TIMELINE,docs/plans/ROUND1_FIELD_READ_WRITE_OVERVIEW_V1.0_part2.csv
F0431,teacher_overrides#11,database/015_sprint3c_minimal_safe_teacher_override.sql,15,NO_INLINE_LITERAL,NO_INLINE_LITERAL,database/015_sprint3c_minimal_safe_teacher_override.sql,database/054_level3_integrated_closure.sql,MIGRATION_ORDER_NOT_GAME_RUN_ORDER,NO_LIVE_RUN_VALUE_TIMELINE,docs/plans/ROUND1_FIELD_READ_WRITE_OVERVIEW_V1.0_part2.csv
F0432,teacher_overrides#12,database/015_sprint3c_minimal_safe_teacher_override.sql,16,YES_LITERAL,YES_LITERAL,database/015_sprint3c_minimal_safe_teacher_override.sql,database/054_level3_integrated_closure.sql,MIGRATION_ORDER_NOT_GAME_RUN_ORDER,NO_LIVE_RUN_VALUE_TIMELINE,docs/plans/ROUND1_FIELD_READ_WRITE_OVERVIEW_V1.0_part2.csv
