global_field_id,field_id,table,column,ordinal,same_name_count,same_name_unique,evidence_baseline_commit,M1_data_origin_evidence,M1_fk_reference_target,M1_candidate_expression_witness_count,M1_verified_direct_copy_source,M2_raw_sql_write_location_count,M2_distinct_sql_write_contexts,M2_raw_write_shape_markers,M2_first_write_evidence,M3_raw_sql_read_location_count,M3_distinct_sql_read_contexts,M3_non_sql_reference_count,M3_trigger_reference_mode_unresolved,M3_first_read_evidence,M4_origin_DDL_source,M4_exact_origin_DDL_line,M4_inline_DDL_constraint_markers,M4_current_effective_schema_check,M5_first_schema_migration,M5_last_historical_write_script,M5_gameplay_timestamp_observed,M6_test_reference_count,M6_live_field_value_comparison,M1_investigation_capture_state,M2_investigation_capture_state,M3_investigation_capture_state,M4_investigation_capture_state,M5_investigation_capture_state,M6_investigation_capture_state,AUTHORITY_INFERENCE_STATUS,CURRENT_AUTHORITY,TARGET_AUTHORITY,FACT_SEMANTIC_CLASS,SOURCE_EVIDENCE_BASE_DIRECTORY
F0001,act6_13_event_ledger#01,act6_13_event_ledger,event_id,1,4,NO,cfea5155712c0ff416e40ff59e0c49c615fcb4a8,database/037_level3_independent_audit_closure.sql:L7,,0,NOT_ADJUDICATED,0,0,NONE,,1,1,0,0,database/037_level3_independent_audit_closure.sql:L183@act6_13_get_timeline[to_jsonb(row) exposes field],database/037_level3_independent_audit_closure.sql:L7,create table public.act6_13_event_ledger(,NO_INLINE_MARKER,NOT_VERIFIED_ORIGINAL_DECLARATION_ONLY,database/037_level3_independent_audit_closure.sql,NO_RAW_WRITE,NO_LIVE_RUN_VALUE_TIMELINE,0,NOT_OBSERVED,LITERAL_LINKS_AND_CANDIDATES_CAPTURED,RAW_HISTORICAL_WRITE_LOCATIONS_CAPTURED,RAW_HISTORICAL_READ_LOCATIONS_CAPTURED,ORIGINAL_DDL_CAPTURED_NOT_FINAL_SCHEMA,MIGRATION_CHRONOLOGY_CAPTURED_NO_LIVE_TIMELINE,TEST_REFERENCES_INDEXED_NO_LIVE_SAMPLES,NOT_STARTED,,,,docs/plans/authority-field-audit-v2/
F0002,act6_13_event_ledger#02,act6_13_event_ledger,run_id,2,36,NO,cfea5155712c0ff416e40ff59e0c49c615fcb4a8,database/037_level3_independent_audit_closure.sql:L8,,0,NOT_ADJUDICATED,5,4,DIRECT_OR_COMPUTED,database/037_level3_independent_audit_closure.sql:L151@s6_refresh_owned_discussion[INSERT explicit column]{DIRECT_OR_COMPUTED} | database/037_level3_independent_audit_closure.sql:L174@s6_mark_audio_consumed[INSERT explicit column]{DIRECT_OR_COMPUTED},1,1,0,0,database/037_level3_independent_audit_closure.sql:L183@act6_13_get_timeline[to_jsonb(row) exposes field],database/037_level3_independent_audit_closure.sql:L8," event_id bigint generated always as identity primary key,",PRIMARY_KEY,NOT_VERIFIED_ORIGINAL_DECLARATION_ONLY,database/037_level3_independent_audit_closure.sql,database/037_level3_independent_audit_closure.sql,NO_LIVE_RUN_VALUE_TIMELINE,0,NOT_OBSERVED,LITERAL_LINKS_AND_CANDIDATES_CAPTURED,RAW_HISTORICAL_WRITE_LOCATIONS_CAPTURED,RAW_HISTORICAL_READ_LOCATIONS_CAPTURED,ORIGINAL_DDL_CAPTURED_NOT_FINAL_SCHEMA,MIGRATION_CHRONOLOGY_CAPTURED_NO_LIVE_TIMELINE,TEST_REFERENCES_INDEXED_NO_LIVE_SAMPLES,NOT_STARTED,,,,docs/plans/authority-field-audit-v2/
F0003,act6_13_event_ledger#03,act6_13_event_ledger,event_type,3,4,NO,cfea5155712c0ff416e40ff59e0c49c615fcb4a8,database/037_level3_independent_audit_closure.sql:L9,game_runs#run_id,0,NOT_ADJUDICATED,5,4,DIRECT_OR_COMPUTED,database/037_level3_independent_audit_closure.sql:L151@s6_refresh_owned_discussion[INSERT explicit column]{DIRECT_OR_COMPUTED} | database/037_level3_independent_audit_closure.sql:L174@s6_mark_audio_consumed[INSERT explicit column]{DIRECT_OR_COMPUTED},1,1,0,0,database/037_level3_independent_audit_closure.sql:L183@act6_13_get_timeline[to_jsonb(row) exposes field],database/037_level3_independent_audit_closure.sql:L9," run_id uuid not null references public.game_runs(run_id) on delete cascade,",NOT_NULL|REFERENCES,NOT_VERIFIED_ORIGINAL_DECLARATION_ONLY,database/037_level3_independent_audit_closure.sql,database/037_level3_independent_audit_closure.sql,NO_LIVE_RUN_VALUE_TIMELINE,0,NOT_OBSERVED,LITERAL_LINKS_AND_CANDIDATES_CAPTURED,RAW_HISTORICAL_WRITE_LOCATIONS_CAPTURED,RAW_HISTORICAL_READ_LOCATIONS_CAPTURED,ORIGINAL_DDL_CAPTURED_NOT_FINAL_SCHEMA,MIGRATION_CHRONOLOGY_CAPTURED_NO_LIVE_TIMELINE,TEST_REFERENCES_INDEXED_NO_LIVE_SAMPLES,NOT_STARTED,,,,docs/plans/authority-field-audit-v2/
F0004,act6_13_event_ledger#04,act6_13_event_ledger,act_no,4,4,NO,cfea5155712c0ff416e40ff59e0c49c615fcb4a8,database/037_level3_independent_audit_closure.sql:L10,,0,NOT_ADJUDICATED,4,3,DIRECT_OR_COMPUTED,database/037_level3_independent_audit_closure.sql:L151@s6_refresh_owned_discussion[INSERT explicit column]{DIRECT_OR_COMPUTED} | database/037_level3_independent_audit_closure.sql:L49@act6_13_capture_s5_transition[INSERT explicit column]{DIRECT_OR_COMPUTED},1,1,0,0,database/037_level3_independent_audit_closure.sql:L183@act6_13_get_timeline[to_jsonb(row) exposes field],database/037_level3_independent_audit_closure.sql:L10," event_type text not null,",NOT_NULL,NOT_VERIFIED_ORIGINAL_DECLARATION_ONLY,database/037_level3_independent_audit_closure.sql,database/037_level3_independent_audit_closure.sql,NO_LIVE_RUN_VALUE_TIMELINE,0,NOT_OBSERVED,LITERAL_LINKS_AND_CANDIDATES_CAPTURED,RAW_HISTORICAL_WRITE_LOCATIONS_CAPTURED,RAW_HISTORICAL_READ_LOCATIONS_CAPTURED,ORIGINAL_DDL_CAPTURED_NOT_FINAL_SCHEMA,MIGRATION_CHRONOLOGY_CAPTURED_NO_LIVE_TIMELINE,TEST_REFERENCES_INDEXED_NO_LIVE_SAMPLES,NOT_STARTED,,,,docs/plans/authority-field-audit-v2/
F0005,act6_13_event_ledger#05,act6_13_event_ledger,phase_key,5,13,NO,cfea5155712c0ff416e40ff59e0c49c615fcb4a8,database/037_level3_independent_audit_closure.sql:L11,,0,NOT_ADJUDICATED,5,4,DIRECT_OR_COMPUTED,database/037_level3_independent_audit_closure.sql:L151@s6_refresh_owned_discussion[INSERT explicit column]{DIRECT_OR_COMPUTED} | database/037_level3_independent_audit_closure.sql:L174@s6_mark_audio_consumed[INSERT explicit column]{DIRECT_OR_COMPUTED},1,1,0,0,database/037_level3_independent_audit_closure.sql:L183@act6_13_get_timeline[to_jsonb(row) exposes field],database/037_level3_independent_audit_closure.sql:L11," act_no int,",NO_INLINE_MARKER,NOT_VERIFIED_ORIGINAL_DECLARATION_ONLY,database/037_level3_independent_audit_closure.sql,database/037_level3_independent_audit_closure.sql,NO_LIVE_RUN_VALUE_TIMELINE,0,NOT_OBSERVED,LITERAL_LINKS_AND_CANDIDATES_CAPTURED,RAW_HISTORICAL_WRITE_LOCATIONS_CAPTURED,RAW_HISTORICAL_READ_LOCATIONS_CAPTURED,ORIGINAL_DDL_CAPTURED_NOT_FINAL_SCHEMA,MIGRATION_CHRONOLOGY_CAPTURED_NO_LIVE_TIMELINE,TEST_REFERENCES_INDEXED_NO_LIVE_SAMPLES,NOT_STARTED,,,,docs/plans/authority-field-audit-v2/
F0006,act6_13_event_ledger#06,act6_13_event_ledger,occurrence_id,6,3,NO,cfea5155712c0ff416e40ff59e0c49c615fcb4a8,database/037_level3_independent_audit_closure.sql:L12,,0,NOT_ADJUDICATED,2,2,DIRECT_OR_COMPUTED,database/037_level3_independent_audit_closure.sql:L174@s6_mark_audio_consumed[INSERT explicit column]{DIRECT_OR_COMPUTED} | database/037_level3_independent_audit_closure.sql:L79@act6_13_capture_s6_transition[INSERT explicit column]{DIRECT_OR_COMPUTED},1,1,0,0,database/037_level3_independent_audit_closure.sql:L183@act6_13_get_timeline[to_jsonb(row) exposes field],database/037_level3_independent_audit_closure.sql:L12," phase_key text,",NO_INLINE_MARKER,NOT_VERIFIED_ORIGINAL_DECLARATION_ONLY,database/037_level3_independent_audit_closure.sql,database/037_level3_independent_audit_closure.sql,NO_LIVE_RUN_VALUE_TIMELINE,0,NOT_OBSERVED,LITERAL_LINKS_AND_CANDIDATES_CAPTURED,RAW_HISTORICAL_WRITE_LOCATIONS_CAPTURED,RAW_HISTORICAL_READ_LOCATIONS_CAPTURED,ORIGINAL_DDL_CAPTURED_NOT_FINAL_SCHEMA,MIGRATION_CHRONOLOGY_CAPTURED_NO_LIVE_TIMELINE,TEST_REFERENCES_INDEXED_NO_LIVE_SAMPLES,NOT_STARTED,,,,docs/plans/authority-field-audit-v2/
F0007,act6_13_event_ledger#07,act6_13_event_ledger,player_id,7,24,NO,cfea5155712c0ff416e40ff59e0c49c615fcb4a8,database/037_level3_independent_audit_closure.sql:L13,,0,NOT_ADJUDICATED,1,1,DIRECT_OR_COMPUTED,database/037_level3_independent_audit_closure.sql:L174@s6_mark_audio_consumed[INSERT explicit column]{DIRECT_OR_COMPUTED},1,1,0,0,database/037_level3_independent_audit_closure.sql:L183@act6_13_get_timeline[to_jsonb(row) exposes field],database/037_level3_independent_audit_closure.sql:L13," occurrence_id uuid,",NO_INLINE_MARKER,NOT_VERIFIED_ORIGINAL_DECLARATION_ONLY,database/037_level3_independent_audit_closure.sql,database/037_level3_independent_audit_closure.sql,NO_LIVE_RUN_VALUE_TIMELINE,0,NOT_OBSERVED,LITERAL_LINKS_AND_CANDIDATES_CAPTURED,RAW_HISTORICAL_WRITE_LOCATIONS_CAPTURED,RAW_HISTORICAL_READ_LOCATIONS_CAPTURED,ORIGINAL_DDL_CAPTURED_NOT_FINAL_SCHEMA,MIGRATION_CHRONOLOGY_CAPTURED_NO_LIVE_TIMELINE,TEST_REFERENCES_INDEXED_NO_LIVE_SAMPLES,NOT_STARTED,,,,docs/plans/authority-field-audit-v2/
F0008,act6_13_event_ledger#08,act6_13_event_ledger,details,8,4,NO,cfea5155712c0ff416e40ff59e0c49c615fcb4a8,database/037_level3_independent_audit_closure.sql:L14,s1_room_players#player_id,0,NOT_ADJUDICATED,5,4,DIRECT_OR_COMPUTED,database/037_level3_independent_audit_closure.sql:L151@s6_refresh_owned_discussion[INSERT explicit column]{DIRECT_OR_COMPUTED} | database/037_level3_independent_audit_closure.sql:L174@s6_mark_audio_consumed[INSERT explicit column]{DIRECT_OR_COMPUTED},1,1,0,0,database/037_level3_independent_audit_closure.sql:L183@act6_13_get_timeline[to_jsonb(row) exposes field],database/037_level3_independent_audit_closure.sql:L14," player_id uuid references public.s1_room_players(player_id),",REFERENCES,NOT_VERIFIED_ORIGINAL_DECLARATION_ONLY,database/037_level3_independent_audit_closure.sql,database/037_level3_independent_audit_closure.sql,NO_LIVE_RUN_VALUE_TIMELINE,0,NOT_OBSERVED,LITERAL_LINKS_AND_CANDIDATES_CAPTURED,RAW_HISTORICAL_WRITE_LOCATIONS_CAPTURED,RAW_HISTORICAL_READ_LOCATIONS_CAPTURED,ORIGINAL_DDL_CAPTURED_NOT_FINAL_SCHEMA,MIGRATION_CHRONOLOGY_CAPTURED_NO_LIVE_TIMELINE,TEST_REFERENCES_INDEXED_NO_LIVE_SAMPLES,NOT_STARTED,,,,docs/plans/authority-field-audit-v2/
F0009,act6_13_event_ledger#09,act6_13_event_ledger,occurred_at,9,1,YES,cfea5155712c0ff416e40ff59e0c49c615fcb4a8,database/037_level3_independent_audit_closure.sql:L15,,0,NOT_ADJUDICATED,0,0,NONE,,1,1,0,0,database/037_level3_independent_audit_closure.sql:L183@act6_13_get_timeline[to_jsonb(row) exposes field],database/037_level3_independent_audit_closure.sql:L15," details jsonb not null default '{}'::jsonb,",NOT_NULL|DEFAULT,NOT_VERIFIED_ORIGINAL_DECLARATION_ONLY,database/037_level3_independent_audit_closure.sql,NO_RAW_WRITE,NO_LIVE_RUN_VALUE_TIMELINE,0,NOT_OBSERVED,LITERAL_LINKS_AND_CANDIDATES_CAPTURED,RAW_HISTORICAL_WRITE_LOCATIONS_CAPTURED,RAW_HISTORICAL_READ_LOCATIONS_CAPTURED,ORIGINAL_DDL_CAPTURED_NOT_FINAL_SCHEMA,MIGRATION_CHRONOLOGY_CAPTURED_NO_LIVE_TIMELINE,TEST_REFERENCES_INDEXED_NO_LIVE_SAMPLES,NOT_STARTED,,,,docs/plans/authority-field-audit-v2/
F0010,asset_candidates#01,asset_candidates,asset_id,1,1,YES,cfea5155712c0ff416e40ff59e0c49c615fcb4a8,database/018_sprint4_asset_manager_v2.sql:L9,,0,NOT_ADJUDICATED,0,0,NONE,,30,11,6,0,database/018_sprint4_asset_manager_v2.sql:L57@asset_manager_review[SELECT * INTO row] | database/018_sprint4_asset_manager_v2.sql:L64@asset_manager_mark_published[SELECT * INTO row],database/018_sprint4_asset_manager_v2.sql:L9,create table public.asset_candidates(,NO_INLINE_MARKER,NOT_VERIFIED_ORIGINAL_DECLARATION_ONLY,database/018_sprint4_asset_manager_v2.sql,NO_RAW_WRITE,NO_LIVE_RUN_VALUE_TIMELINE,1,NOT_OBSERVED,LITERAL_LINKS_AND_CANDIDATES_CAPTURED,RAW_HISTORICAL_WRITE_LOCATIONS_CAPTURED,RAW_HISTORICAL_READ_LOCATIONS_CAPTURED,ORIGINAL_DDL_CAPTURED_NOT_FINAL_SCHEMA,MIGRATION_CHRONOLOGY_CAPTURED_NO_LIVE_TIMELINE,TEST_REFERENCES_INDEXED_NO_LIVE_SAMPLES,NOT_STARTED,,,,docs/plans/authority-field-audit-v2/
F0011,asset_candidates#02,asset_candidates,asset_key,2,3,NO,cfea5155712c0ff416e40ff59e0c49c615fcb4a8,database/018_sprint4_asset_manager_v2.sql:L10,asset_registry_projection#asset_key,0,NOT_ADJUDICATED,4,2,DIRECT_OR_COMPUTED,database/018_sprint4_asset_manager_v2.sql:L48@asset_manager_register_candidate[INSERT explicit column]{DIRECT_OR_COMPUTED} | database/019_sprint4_teacher_authority_correction.sql:L48@asset_manager_register_candidate[INSERT explicit column]{DIRECT_OR_COMPUTED},37,11,0,0,database/018_sprint4_asset_manager_v2.sql:L57@asset_manager_review[SELECT * INTO row] | database/018_sprint4_asset_manager_v2.sql:L60@asset_manager_review[qualified/rowtype field reference],database/018_sprint4_asset_manager_v2.sql:L10," asset_id uuid primary key default gen_random_uuid(),asset_key text not null references public.asset_registry_projection(asset_key),version int not null check(version>0),",PRIMARY_KEY|NOT_NULL|DEFAULT|REFERENCES|CHECK,NOT_VERIFIED_ORIGINAL_DECLARATION_ONLY,database/018_sprint4_asset_manager_v2.sql,database/025_sprint4_two_narrow_blockers.sql,NO_LIVE_RUN_VALUE_TIMELINE,0,NOT_OBSERVED,LITERAL_LINKS_AND_CANDIDATES_CAPTURED,RAW_HISTORICAL_WRITE_LOCATIONS_CAPTURED,RAW_HISTORICAL_READ_LOCATIONS_CAPTURED,ORIGINAL_DDL_CAPTURED_NOT_FINAL_SCHEMA,MIGRATION_CHRONOLOGY_CAPTURED_NO_LIVE_TIMELINE,TEST_REFERENCES_INDEXED_NO_LIVE_SAMPLES,NOT_STARTED,,,,docs/plans/authority-field-audit-v2/
F0012,asset_candidates#03,asset_candidates,version,3,2,NO,cfea5155712c0ff416e40ff59e0c49c615fcb4a8,database/018_sprint4_asset_manager_v2.sql:L10,asset_registry_projection#asset_key,0,NOT_ADJUDICATED,4,2,DIRECT_OR_COMPUTED,database/018_sprint4_asset_manager_v2.sql:L48@asset_manager_register_candidate[INSERT explicit column]{DIRECT_OR_COMPUTED} | database/019_sprint4_teacher_authority_correction.sql:L48@asset_manager_register_candidate[INSERT explicit column]{DIRECT_OR_COMPUTED},38,12,0,0,database/018_sprint4_asset_manager_v2.sql:L57@asset_manager_review[SELECT * INTO row] | database/018_sprint4_asset_manager_v2.sql:L60@asset_manager_review[qualified/rowtype field reference],database/018_sprint4_asset_manager_v2.sql:L10," asset_id uuid primary key default gen_random_uuid(),asset_key text not null references public.asset_registry_projection(asset_key),version int not null check(version>0),",PRIMARY_KEY|NOT_NULL|DEFAULT|REFERENCES|CHECK,NOT_VERIFIED_ORIGINAL_DECLARATION_ONLY,database/018_sprint4_asset_manager_v2.sql,database/025_sprint4_two_narrow_blockers.sql,NO_LIVE_RUN_VALUE_TIMELINE,0,NOT_OBSERVED,LITERAL_LINKS_AND_CANDIDATES_CAPTURED,RAW_HISTORICAL_WRITE_LOCATIONS_CAPTURED,RAW_HISTORICAL_READ_LOCATIONS_CAPTURED,ORIGINAL_DDL_CAPTURED_NOT_FINAL_SCHEMA,MIGRATION_CHRONOLOGY_CAPTURED_NO_LIVE_TIMELINE,TEST_REFERENCES_INDEXED_NO_LIVE_SAMPLES,NOT_STARTED,,,,docs/plans/authority-field-audit-v2/
F0013,asset_candidates#04,asset_candidates,asset_type,4,2,NO,cfea5155712c0ff416e40ff59e0c49c615fcb4a8,database/018_sprint4_asset_manager_v2.sql:L10,asset_registry_projection#asset_key,0,NOT_ADJUDICATED,4,2,DIRECT_OR_COMPUTED,database/018_sprint4_asset_manager_v2.sql:L48@asset_manager_register_candidate[INSERT explicit column]{DIRECT_OR_COMPUTED} | database/019_sprint4_teacher_authority_correction.sql:L48@asset_manager_register_candidate[INSERT explicit column]{DIRECT_OR_COMPUTED},21,9,0,0,database/018_sprint4_asset_manager_v2.sql:L57@asset_manager_review[SELECT * INTO row] | database/018_sprint4_asset_manager_v2.sql:L64@asset_manager_mark_published[SELECT * INTO row],database/018_sprint4_asset_manager_v2.sql:L10," asset_id uuid primary key default gen_random_uuid(),asset_key text not null references public.asset_registry_projection(asset_key),version int not null check(version>0),",PRIMARY_KEY|NOT_NULL|DEFAULT|REFERENCES|CHECK,NOT_VERIFIED_ORIGINAL_DECLARATION_ONLY,database/018_sprint4_asset_manager_v2.sql,database/025_sprint4_two_narrow_blockers.sql,NO_LIVE_RUN_VALUE_TIMELINE,0,NOT_OBSERVED,LITERAL_LINKS_AND_CANDIDATES_CAPTURED,RAW_HISTORICAL_WRITE_LOCATIONS_CAPTURED,RAW_HISTORICAL_READ_LOCATIONS_CAPTURED,ORIGINAL_DDL_CAPTURED_NOT_FINAL_SCHEMA,MIGRATION_CHRONOLOGY_CAPTURED_NO_LIVE_TIMELINE,TEST_REFERENCES_INDEXED_NO_LIVE_SAMPLES,NOT_STARTED,,,,docs/plans/authority-field-audit-v2/
F0014,asset_candidates#05,asset_candidates,scene_id,5,11,NO,cfea5155712c0ff416e40ff59e0c49c615fcb4a8,database/018_sprint4_asset_manager_v2.sql:L11,,0,NOT_ADJUDICATED,2,1,DIRECT_OR_COMPUTED,database/018_sprint4_asset_manager_v2.sql:L48@asset_manager_register_candidate[INSERT explicit column]{DIRECT_OR_COMPUTED} | database/019_sprint4_teacher_authority_correction.sql:L48@asset_manager_register_candidate[INSERT explicit column]{DIRECT_OR_COMPUTED},17,9,0,0,database/018_sprint4_asset_manager_v2.sql:L57@asset_manager_review[SELECT * INTO row] | database/018_sprint4_asset_manager_v2.sql:L64@asset_manager_mark_published[SELECT * INTO row],database/018_sprint4_asset_manager_v2.sql:L11," asset_type text not null check(asset_type in('image','audio')),scene_id text,assigned_to text,creator text not null,storage_path text,",NOT_NULL|CHECK,NOT_VERIFIED_ORIGINAL_DECLARATION_ONLY,database/018_sprint4_asset_manager_v2.sql,database/019_sprint4_teacher_authority_correction.sql,NO_LIVE_RUN_VALUE_TIMELINE,0,NOT_OBSERVED,LITERAL_LINKS_AND_CANDIDATES_CAPTURED,RAW_HISTORICAL_WRITE_LOCATIONS_CAPTURED,RAW_HISTORICAL_READ_LOCATIONS_CAPTURED,ORIGINAL_DDL_CAPTURED_NOT_FINAL_SCHEMA,MIGRATION_CHRONOLOGY_CAPTURED_NO_LIVE_TIMELINE,TEST_REFERENCES_INDEXED_NO_LIVE_SAMPLES,NOT_STARTED,,,,docs/plans/authority-field-audit-v2/
F0015,asset_candidates#06,asset_candidates,assigned_to,6,2,NO,cfea5155712c0ff416e40ff59e0c49c615fcb4a8,database/018_sprint4_asset_manager_v2.sql:L11,,0,NOT_ADJUDICATED,2,1,DIRECT_OR_COMPUTED,database/018_sprint4_asset_manager_v2.sql:L48@asset_manager_register_candidate[INSERT explicit column]{DIRECT_OR_COMPUTED} | database/019_sprint4_teacher_authority_correction.sql:L48@asset_manager_register_candidate[INSERT explicit column]{DIRECT_OR_COMPUTED},17,9,0,0,database/018_sprint4_asset_manager_v2.sql:L57@asset_manager_review[SELECT * INTO row] | database/018_sprint4_asset_manager_v2.sql:L64@asset_manager_mark_published[SELECT * INTO row],database/018_sprint4_asset_manager_v2.sql:L11," asset_type text not null check(asset_type in('image','audio')),scene_id text,assigned_to text,creator text not null,storage_path text,",NOT_NULL|CHECK,NOT_VERIFIED_ORIGINAL_DECLARATION_ONLY,database/018_sprint4_asset_manager_v2.sql,database/019_sprint4_teacher_authority_correction.sql,NO_LIVE_RUN_VALUE_TIMELINE,0,NOT_OBSERVED,LITERAL_LINKS_AND_CANDIDATES_CAPTURED,RAW_HISTORICAL_WRITE_LOCATIONS_CAPTURED,RAW_HISTORICAL_READ_LOCATIONS_CAPTURED,ORIGINAL_DDL_CAPTURED_NOT_FINAL_SCHEMA,MIGRATION_CHRONOLOGY_CAPTURED_NO_LIVE_TIMELINE,TEST_REFERENCES_INDEXED_NO_LIVE_SAMPLES,NOT_STARTED,,,,docs/plans/authority-field-audit-v2/
F0016,asset_candidates#07,asset_candidates,creator,7,1,YES,cfea5155712c0ff416e40ff59e0c49c615fcb4a8,database/018_sprint4_asset_manager_v2.sql:L11,,0,NOT_ADJUDICATED,4,2,DIRECT_OR_COMPUTED,database/018_sprint4_asset_manager_v2.sql:L48@asset_manager_register_candidate[INSERT explicit column]{DIRECT_OR_COMPUTED} | database/019_sprint4_teacher_authority_correction.sql:L48@asset_manager_register_candidate[INSERT explicit column]{DIRECT_OR_COMPUTED},17,9,0,0,database/018_sprint4_asset_manager_v2.sql:L57@asset_manager_review[SELECT * INTO row] | database/018_sprint4_asset_manager_v2.sql:L64@asset_manager_mark_published[SELECT * INTO row],database/018_sprint4_asset_manager_v2.sql:L11," asset_type text not null check(asset_type in('image','audio')),scene_id text,assigned_to text,creator text not null,storage_path text,",NOT_NULL|CHECK,NOT_VERIFIED_ORIGINAL_DECLARATION_ONLY,database/018_sprint4_asset_manager_v2.sql,database/025_sprint4_two_narrow_blockers.sql,NO_LIVE_RUN_VALUE_TIMELINE,0,NOT_OBSERVED,LITERAL_LINKS_AND_CANDIDATES_CAPTURED,RAW_HISTORICAL_WRITE_LOCATIONS_CAPTURED,RAW_HISTORICAL_READ_LOCATIONS_CAPTURED,ORIGINAL_DDL_CAPTURED_NOT_FINAL_SCHEMA,MIGRATION_CHRONOLOGY_CAPTURED_NO_LIVE_TIMELINE,TEST_REFERENCES_INDEXED_NO_LIVE_SAMPLES,NOT_STARTED,,,,docs/plans/authority-field-audit-v2/
F0017,asset_candidates#08,asset_candidates,storage_path,8,1,YES,cfea5155712c0ff416e40ff59e0c49c615fcb4a8,database/018_sprint4_asset_manager_v2.sql:L11,,0,NOT_ADJUDICATED,4,2,DIRECT_OR_COMPUTED,database/018_sprint4_asset_manager_v2.sql:L48@asset_manager_register_candidate[INSERT explicit column]{DIRECT_OR_COMPUTED} | database/018_sprint4_asset_manager_v2.sql:L66@asset_manager_mark_published[UPDATE SET]{DIRECT_OR_COMPUTED},20,10,11,0,database/018_sprint4_asset_manager_v2.sql:L57@asset_manager_review[SELECT * INTO row] | database/018_sprint4_asset_manager_v2.sql:L64@asset_manager_mark_published[SELECT * INTO row],database/018_sprint4_asset_manager_v2.sql:L11," asset_type text not null check(asset_type in('image','audio')),scene_id text,assigned_to text,creator text not null,storage_path text,",NOT_NULL|CHECK,NOT_VERIFIED_ORIGINAL_DECLARATION_ONLY,database/018_sprint4_asset_manager_v2.sql,database/019_sprint4_teacher_authority_correction.sql,NO_LIVE_RUN_VALUE_TIMELINE,0,NOT_OBSERVED,LITERAL_LINKS_AND_CANDIDATES_CAPTURED,RAW_HISTORICAL_WRITE_LOCATIONS_CAPTURED,RAW_HISTORICAL_READ_LOCATIONS_CAPTURED,ORIGINAL_DDL_CAPTURED_NOT_FINAL_SCHEMA,MIGRATION_CHRONOLOGY_CAPTURED_NO_LIVE_TIMELINE,TEST_REFERENCES_INDEXED_NO_LIVE_SAMPLES,NOT_STARTED,,,,docs/plans/authority-field-audit-v2/
F0018,asset_candidates#09,asset_candidates,status,9,4,NO,cfea5155712c0ff416e40ff59e0c49c615fcb4a8,database/018_sprint4_asset_manager_v2.sql:L11,,0,NOT_ADJUDICATED,17,9,DIRECT_OR_COMPUTED,database/018_sprint4_asset_manager_v2.sql:L48@asset_manager_register_candidate[INSERT explicit column]{DIRECT_OR_COMPUTED} | database/018_sprint4_asset_manager_v2.sql:L59@asset_manager_review[UPDATE SET]{DIRECT_OR_COMPUTED},38,12,0,0,database/018_sprint4_asset_manager_v2.sql:L57@asset_manager_review[SELECT * INTO row] | database/018_sprint4_asset_manager_v2.sql:L58@asset_manager_review[qualified/rowtype field reference],database/018_sprint4_asset_manager_v2.sql:L11," asset_type text not null check(asset_type in('image','audio')),scene_id text,assigned_to text,creator text not null,storage_path text,",NOT_NULL|CHECK,NOT_VERIFIED_ORIGINAL_DECLARATION_ONLY,database/018_sprint4_asset_manager_v2.sql,database/026_sprint4_group_target_and_registry_lock.sql,NO_LIVE_RUN_VALUE_TIMELINE,0,NOT_OBSERVED,LITERAL_LINKS_AND_CANDIDATES_CAPTURED,RAW_HISTORICAL_WRITE_LOCATIONS_CAPTURED,RAW_HISTORICAL_READ_LOCATIONS_CAPTURED,ORIGINAL_DDL_CAPTURED_NOT_FINAL_SCHEMA,MIGRATION_CHRONOLOGY_CAPTURED_NO_LIVE_TIMELINE,TEST_REFERENCES_INDEXED_NO_LIVE_SAMPLES,NOT_STARTED,,,,docs/plans/authority-field-audit-v2/
F0019,asset_candidates#10,asset_candidates,approved_by,10,1,YES,cfea5155712c0ff416e40ff59e0c49c615fcb4a8,database/018_sprint4_asset_manager_v2.sql:L12,,0,NOT_ADJUDICATED,2,1,DIRECT_OR_COMPUTED,database/018_sprint4_asset_manager_v2.sql:L59@asset_manager_review[UPDATE SET]{DIRECT_OR_COMPUTED} | database/019_sprint4_teacher_authority_correction.sql:L59@asset_manager_review[UPDATE SET]{DIRECT_OR_COMPUTED},17,9,0,0,database/018_sprint4_asset_manager_v2.sql:L57@asset_manager_review[SELECT * INTO row] | database/018_sprint4_asset_manager_v2.sql:L64@asset_manager_mark_published[SELECT * INTO row],database/018_sprint4_asset_manager_v2.sql:L12," status text not null check(status in('ASSIGNED','MISSING','UPLOADED','PENDING_REVIEW','APPROVED','REJECTED','ACTIVE','SUPERSEDED')),",NOT_NULL|CHECK,NOT_VERIFIED_ORIGINAL_DECLARATION_ONLY,database/018_sprint4_asset_manager_v2.sql,database/019_sprint4_teacher_authority_correction.sql,NO_LIVE_RUN_VALUE_TIMELINE,0,NOT_OBSERVED,LITERAL_LINKS_AND_CANDIDATES_CAPTURED,RAW_HISTORICAL_WRITE_LOCATIONS_CAPTURED,RAW_HISTORICAL_READ_LOCATIONS_CAPTURED,ORIGINAL_DDL_CAPTURED_NOT_FINAL_SCHEMA,MIGRATION_CHRONOLOGY_CAPTURED_NO_LIVE_TIMELINE,TEST_REFERENCES_INDEXED_NO_LIVE_SAMPLES,NOT_STARTED,,,,docs/plans/authority-field-audit-v2/
F0020,asset_candidates#11,asset_candidates,approved_at,11,1,YES,cfea5155712c0ff416e40ff59e0c49c615fcb4a8,database/018_sprint4_asset_manager_v2.sql:L13,,0,NOT_ADJUDICATED,2,1,DIRECT_OR_COMPUTED,database/018_sprint4_asset_manager_v2.sql:L59@asset_manager_review[UPDATE SET]{DIRECT_OR_COMPUTED} | database/019_sprint4_teacher_authority_correction.sql:L59@asset_manager_review[UPDATE SET]{DIRECT_OR_COMPUTED},17,9,0,0,database/018_sprint4_asset_manager_v2.sql:L57@asset_manager_review[SELECT * INTO row] | database/018_sprint4_asset_manager_v2.sql:L64@asset_manager_mark_published[SELECT * INTO row],database/018_sprint4_asset_manager_v2.sql:L13," approved_by text,approved_at timestamptz,created_at timestamptz not null default now(),final_prompt text,revision_note text,technical_notes text,",NOT_NULL|DEFAULT,NOT_VERIFIED_ORIGINAL_DECLARATION_ONLY,database/018_sprint4_asset_manager_v2.sql,database/019_sprint4_teacher_authority_correction.sql,NO_LIVE_RUN_VALUE_TIMELINE,0,NOT_OBSERVED,LITERAL_LINKS_AND_CANDIDATES_CAPTURED,RAW_HISTORICAL_WRITE_LOCATIONS_CAPTURED,RAW_HISTORICAL_READ_LOCATIONS_CAPTURED,ORIGINAL_DDL_CAPTURED_NOT_FINAL_SCHEMA,MIGRATION_CHRONOLOGY_CAPTURED_NO_LIVE_TIMELINE,TEST_REFERENCES_INDEXED_NO_LIVE_SAMPLES,NOT_STARTED,,,,docs/plans/authority-field-audit-v2/
F0021,asset_candidates#12,asset_candidates,created_at,12,11,NO,cfea5155712c0ff416e40ff59e0c49c615fcb4a8,database/018_sprint4_asset_manager_v2.sql:L13,,0,NOT_ADJUDICATED,0,0,NONE,,17,9,0,0,database/018_sprint4_asset_manager_v2.sql:L57@asset_manager_review[SELECT * INTO row] | database/018_sprint4_asset_manager_v2.sql:L64@asset_manager_mark_published[SELECT * INTO row],database/018_sprint4_asset_manager_v2.sql:L13," approved_by text,approved_at timestamptz,created_at timestamptz not null default now(),final_prompt text,revision_note text,technical_notes text,",NOT_NULL|DEFAULT,NOT_VERIFIED_ORIGINAL_DECLARATION_ONLY,database/018_sprint4_asset_manager_v2.sql,NO_RAW_WRITE,NO_LIVE_RUN_VALUE_TIMELINE,0,NOT_OBSERVED,LITERAL_LINKS_AND_CANDIDATES_CAPTURED,RAW_HISTORICAL_WRITE_LOCATIONS_CAPTURED,RAW_HISTORICAL_READ_LOCATIONS_CAPTURED,ORIGINAL_DDL_CAPTURED_NOT_FINAL_SCHEMA,MIGRATION_CHRONOLOGY_CAPTURED_NO_LIVE_TIMELINE,TEST_REFERENCES_INDEXED_NO_LIVE_SAMPLES,NOT_STARTED,,,,docs/plans/authority-field-audit-v2/
F0022,asset_candidates#13,asset_candidates,final_prompt,13,1,YES,cfea5155712c0ff416e40ff59e0c49c615fcb4a8,database/018_sprint4_asset_manager_v2.sql:L13,,0,NOT_ADJUDICATED,4,2,DIRECT_OR_COMPUTED,database/018_sprint4_asset_manager_v2.sql:L48@asset_manager_register_candidate[INSERT explicit column]{DIRECT_OR_COMPUTED} | database/019_sprint4_teacher_authority_correction.sql:L48@asset_manager_register_candidate[INSERT explicit column]{DIRECT_OR_COMPUTED},17,9,0,0,database/018_sprint4_asset_manager_v2.sql:L57@asset_manager_review[SELECT * INTO row] | database/018_sprint4_asset_manager_v2.sql:L64@asset_manager_mark_published[SELECT * INTO row],database/018_sprint4_asset_manager_v2.sql:L13," approved_by text,approved_at timestamptz,created_at timestamptz not null default now(),final_prompt text,revision_note text,technical_notes text,",NOT_NULL|DEFAULT,NOT_VERIFIED_ORIGINAL_DECLARATION_ONLY,database/018_sprint4_asset_manager_v2.sql,database/025_sprint4_two_narrow_blockers.sql,NO_LIVE_RUN_VALUE_TIMELINE,0,NOT_OBSERVED,LITERAL_LINKS_AND_CANDIDATES_CAPTURED,RAW_HISTORICAL_WRITE_LOCATIONS_CAPTURED,RAW_HISTORICAL_READ_LOCATIONS_CAPTURED,ORIGINAL_DDL_CAPTURED_NOT_FINAL_SCHEMA,MIGRATION_CHRONOLOGY_CAPTURED_NO_LIVE_TIMELINE,TEST_REFERENCES_INDEXED_NO_LIVE_SAMPLES,NOT_STARTED,,,,docs/plans/authority-field-audit-v2/
F0023,asset_candidates#14,asset_candidates,revision_note,14,1,YES,cfea5155712c0ff416e40ff59e0c49c615fcb4a8,database/018_sprint4_asset_manager_v2.sql:L13,,0,NOT_ADJUDICATED,4,2,DIRECT_OR_COMPUTED,database/018_sprint4_asset_manager_v2.sql:L48@asset_manager_register_candidate[INSERT explicit column]{DIRECT_OR_COMPUTED} | database/019_sprint4_teacher_authority_correction.sql:L48@asset_manager_register_candidate[INSERT explicit column]{DIRECT_OR_COMPUTED},17,9,1,0,database/018_sprint4_asset_manager_v2.sql:L57@asset_manager_review[SELECT * INTO row] | database/018_sprint4_asset_manager_v2.sql:L64@asset_manager_mark_published[SELECT * INTO row],database/018_sprint4_asset_manager_v2.sql:L13," approved_by text,approved_at timestamptz,created_at timestamptz not null default now(),final_prompt text,revision_note text,technical_notes text,",NOT_NULL|DEFAULT,NOT_VERIFIED_ORIGINAL_DECLARATION_ONLY,database/018_sprint4_asset_manager_v2.sql,database/025_sprint4_two_narrow_blockers.sql,NO_LIVE_RUN_VALUE_TIMELINE,0,NOT_OBSERVED,LITERAL_LINKS_AND_CANDIDATES_CAPTURED,RAW_HISTORICAL_WRITE_LOCATIONS_CAPTURED,RAW_HISTORICAL_READ_LOCATIONS_CAPTURED,ORIGINAL_DDL_CAPTURED_NOT_FINAL_SCHEMA,MIGRATION_CHRONOLOGY_CAPTURED_NO_LIVE_TIMELINE,TEST_REFERENCES_INDEXED_NO_LIVE_SAMPLES,NOT_STARTED,,,,docs/plans/authority-field-audit-v2/
F0024,asset_candidates#15,asset_candidates,technical_notes,15,1,YES,cfea5155712c0ff416e40ff59e0c49c615fcb4a8,database/018_sprint4_asset_manager_v2.sql:L13,,0,NOT_ADJUDICATED,4,2,DIRECT_OR_COMPUTED,database/018_sprint4_asset_manager_v2.sql:L48@asset_manager_register_candidate[INSERT explicit column]{DIRECT_OR_COMPUTED} | database/019_sprint4_teacher_authority_correction.sql:L48@asset_manager_register_candidate[INSERT explicit column]{DIRECT_OR_COMPUTED},17,9,1,0,database/018_sprint4_asset_manager_v2.sql:L57@asset_manager_review[SELECT * INTO row] | database/018_sprint4_asset_manager_v2.sql:L64@asset_manager_mark_published[SELECT * INTO row],database/018_sprint4_asset_manager_v2.sql:L13," approved_by text,approved_at timestamptz,created_at timestamptz not null default now(),final_prompt text,revision_note text,technical_notes text,",NOT_NULL|DEFAULT,NOT_VERIFIED_ORIGINAL_DECLARATION_ONLY,database/018_sprint4_asset_manager_v2.sql,database/025_sprint4_two_narrow_blockers.sql,NO_LIVE_RUN_VALUE_TIMELINE,0,NOT_OBSERVED,LITERAL_LINKS_AND_CANDIDATES_CAPTURED,RAW_HISTORICAL_WRITE_LOCATIONS_CAPTURED,RAW_HISTORICAL_READ_LOCATIONS_CAPTURED,ORIGINAL_DDL_CAPTURED_NOT_FINAL_SCHEMA,MIGRATION_CHRONOLOGY_CAPTURED_NO_LIVE_TIMELINE,TEST_REFERENCES_INDEXED_NO_LIVE_SAMPLES,NOT_STARTED,,,,docs/plans/authority-field-audit-v2/
F0025,asset_candidates#16,asset_candidates,paired_asset_group,16,2,NO,cfea5155712c0ff416e40ff59e0c49c615fcb4a8,database/018_sprint4_asset_manager_v2.sql:L13,,0,NOT_ADJUDICATED,4,2,DIRECT_OR_COMPUTED,database/018_sprint4_asset_manager_v2.sql:L48@asset_manager_register_candidate[INSERT explicit column]{DIRECT_OR_COMPUTED} | database/019_sprint4_teacher_authority_correction.sql:L48@asset_manager_register_candidate[INSERT explicit column]{DIRECT_OR_COMPUTED},21,10,0,0,database/018_sprint4_asset_manager_v2.sql:L57@asset_manager_review[SELECT * INTO row] | database/018_sprint4_asset_manager_v2.sql:L64@asset_manager_mark_published[SELECT * INTO row],database/018_sprint4_asset_manager_v2.sql:L13," approved_by text,approved_at timestamptz,created_at timestamptz not null default now(),final_prompt text,revision_note text,technical_notes text,",NOT_NULL|DEFAULT,NOT_VERIFIED_ORIGINAL_DECLARATION_ONLY,database/018_sprint4_asset_manager_v2.sql,database/025_sprint4_two_narrow_blockers.sql,NO_LIVE_RUN_VALUE_TIMELINE,0,NOT_OBSERVED,LITERAL_LINKS_AND_CANDIDATES_CAPTURED,RAW_HISTORICAL_WRITE_LOCATIONS_CAPTURED,RAW_HISTORICAL_READ_LOCATIONS_CAPTURED,ORIGINAL_DDL_CAPTURED_NOT_FINAL_SCHEMA,MIGRATION_CHRONOLOGY_CAPTURED_NO_LIVE_TIMELINE,TEST_REFERENCES_INDEXED_NO_LIVE_SAMPLES,NOT_STARTED,,,,docs/plans/authority-field-audit-v2/
F0026,asset_candidates#17,asset_candidates,view_name,17,1,YES,cfea5155712c0ff416e40ff59e0c49c615fcb4a8,database/018_sprint4_asset_manager_v2.sql:L14,,0,NOT_ADJUDICATED,4,2,DIRECT_OR_COMPUTED,database/018_sprint4_asset_manager_v2.sql:L48@asset_manager_register_candidate[INSERT explicit column]{DIRECT_OR_COMPUTED} | database/019_sprint4_teacher_authority_correction.sql:L48@asset_manager_register_candidate[INSERT explicit column]{DIRECT_OR_COMPUTED},17,9,0,0,database/018_sprint4_asset_manager_v2.sql:L57@asset_manager_review[SELECT * INTO row] | database/018_sprint4_asset_manager_v2.sql:L64@asset_manager_mark_published[SELECT * INTO row],database/018_sprint4_asset_manager_v2.sql:L14," paired_asset_group text,view_name text,ui_anchors jsonb not null default '[]',width_px int,height_px int,mime_type text,duration_ms int,loopable boolean,",NOT_NULL|DEFAULT,NOT_VERIFIED_ORIGINAL_DECLARATION_ONLY,database/018_sprint4_asset_manager_v2.sql,database/025_sprint4_two_narrow_blockers.sql,NO_LIVE_RUN_VALUE_TIMELINE,0,NOT_OBSERVED,LITERAL_LINKS_AND_CANDIDATES_CAPTURED,RAW_HISTORICAL_WRITE_LOCATIONS_CAPTURED,RAW_HISTORICAL_READ_LOCATIONS_CAPTURED,ORIGINAL_DDL_CAPTURED_NOT_FINAL_SCHEMA,MIGRATION_CHRONOLOGY_CAPTURED_NO_LIVE_TIMELINE,TEST_REFERENCES_INDEXED_NO_LIVE_SAMPLES,NOT_STARTED,,,,docs/plans/authority-field-audit-v2/
F0027,asset_candidates#18,asset_candidates,ui_anchors,18,1,YES,cfea5155712c0ff416e40ff59e0c49c615fcb4a8,database/018_sprint4_asset_manager_v2.sql:L14,,0,NOT_ADJUDICATED,5,3,DIRECT_OR_COMPUTED,database/018_sprint4_asset_manager_v2.sql:L48@asset_manager_register_candidate[INSERT explicit column]{DIRECT_OR_COMPUTED} | database/019_sprint4_teacher_authority_correction.sql:L48@asset_manager_register_candidate[INSERT explicit column]{DIRECT_OR_COMPUTED},24,11,9,0,database/018_sprint4_asset_manager_v2.sql:L57@asset_manager_review[SELECT * INTO row] | database/018_sprint4_asset_manager_v2.sql:L64@asset_manager_mark_published[SELECT * INTO row],database/018_sprint4_asset_manager_v2.sql:L14," paired_asset_group text,view_name text,ui_anchors jsonb not null default '[]',width_px int,height_px int,mime_type text,duration_ms int,loopable boolean,",NOT_NULL|DEFAULT,NOT_VERIFIED_ORIGINAL_DECLARATION_ONLY,database/018_sprint4_asset_manager_v2.sql,database/025_sprint4_two_narrow_blockers.sql,NO_LIVE_RUN_VALUE_TIMELINE,0,NOT_OBSERVED,LITERAL_LINKS_AND_CANDIDATES_CAPTURED,RAW_HISTORICAL_WRITE_LOCATIONS_CAPTURED,RAW_HISTORICAL_READ_LOCATIONS_CAPTURED,ORIGINAL_DDL_CAPTURED_NOT_FINAL_SCHEMA,MIGRATION_CHRONOLOGY_CAPTURED_NO_LIVE_TIMELINE,TEST_REFERENCES_INDEXED_NO_LIVE_SAMPLES,NOT_STARTED,,,,docs/plans/authority-field-audit-v2/
F0028,asset_candidates#19,asset_candidates,width_px,19,1,YES,cfea5155712c0ff416e40ff59e0c49c615fcb4a8,database/018_sprint4_asset_manager_v2.sql:L14,,0,NOT_ADJUDICATED,4,2,DIRECT_OR_COMPUTED,database/018_sprint4_asset_manager_v2.sql:L48@asset_manager_register_candidate[INSERT explicit column]{DIRECT_OR_COMPUTED} | database/019_sprint4_teacher_authority_correction.sql:L48@asset_manager_register_candidate[INSERT explicit column]{DIRECT_OR_COMPUTED},20,9,4,0,database/018_sprint4_asset_manager_v2.sql:L57@asset_manager_review[SELECT * INTO row] | database/018_sprint4_asset_manager_v2.sql:L64@asset_manager_mark_published[SELECT * INTO row],database/018_sprint4_asset_manager_v2.sql:L14," paired_asset_group text,view_name text,ui_anchors jsonb not null default '[]',width_px int,height_px int,mime_type text,duration_ms int,loopable boolean,",NOT_NULL|DEFAULT,NOT_VERIFIED_ORIGINAL_DECLARATION_ONLY,database/018_sprint4_asset_manager_v2.sql,database/025_sprint4_two_narrow_blockers.sql,NO_LIVE_RUN_VALUE_TIMELINE,0,NOT_OBSERVED,LITERAL_LINKS_AND_CANDIDATES_CAPTURED,RAW_HISTORICAL_WRITE_LOCATIONS_CAPTURED,RAW_HISTORICAL_READ_LOCATIONS_CAPTURED,ORIGINAL_DDL_CAPTURED_NOT_FINAL_SCHEMA,MIGRATION_CHRONOLOGY_CAPTURED_NO_LIVE_TIMELINE,TEST_REFERENCES_INDEXED_NO_LIVE_SAMPLES,NOT_STARTED,,,,docs/plans/authority-field-audit-v2/
F0029,asset_candidates#20,asset_candidates,height_px,20,1,YES,cfea5155712c0ff416e40ff59e0c49c615fcb4a8,database/018_sprint4_asset_manager_v2.sql:L14,,0,NOT_ADJUDICATED,4,2,DIRECT_OR_COMPUTED,database/018_sprint4_asset_manager_v2.sql:L48@asset_manager_register_candidate[INSERT explicit column]{DIRECT_OR_COMPUTED} | database/019_sprint4_teacher_authority_correction.sql:L48@asset_manager_register_candidate[INSERT explicit column]{DIRECT_OR_COMPUTED},20,9,4,0,database/018_sprint4_asset_manager_v2.sql:L57@asset_manager_review[SELECT * INTO row] | database/018_sprint4_asset_manager_v2.sql:L64@asset_manager_mark_published[SELECT * INTO row],database/018_sprint4_asset_manager_v2.sql:L14," paired_asset_group text,view_name text,ui_anchors jsonb not null default '[]',width_px int,height_px int,mime_type text,duration_ms int,loopable boolean,",NOT_NULL|DEFAULT,NOT_VERIFIED_ORIGINAL_DECLARATION_ONLY,database/018_sprint4_asset_manager_v2.sql,database/025_sprint4_two_narrow_blockers.sql,NO_LIVE_RUN_VALUE_TIMELINE,0,NOT_OBSERVED,LITERAL_LINKS_AND_CANDIDATES_CAPTURED,RAW_HISTORICAL_WRITE_LOCATIONS_CAPTURED,RAW_HISTORICAL_READ_LOCATIONS_CAPTURED,ORIGINAL_DDL_CAPTURED_NOT_FINAL_SCHEMA,MIGRATION_CHRONOLOGY_CAPTURED_NO_LIVE_TIMELINE,TEST_REFERENCES_INDEXED_NO_LIVE_SAMPLES,NOT_STARTED,,,,docs/plans/authority-field-audit-v2/
F0030,asset_candidates#21,asset_candidates,mime_type,21,1,YES,cfea5155712c0ff416e40ff59e0c49c615fcb4a8,database/018_sprint4_asset_manager_v2.sql:L14,,0,NOT_ADJUDICATED,4,2,DIRECT_OR_COMPUTED,database/018_sprint4_asset_manager_v2.sql:L48@asset_manager_register_candidate[INSERT explicit column]{DIRECT_OR_COMPUTED} | database/019_sprint4_teacher_authority_correction.sql:L48@asset_manager_register_candidate[INSERT explicit column]{DIRECT_OR_COMPUTED},20,9,4,0,database/018_sprint4_asset_manager_v2.sql:L57@asset_manager_review[SELECT * INTO row] | database/018_sprint4_asset_manager_v2.sql:L64@asset_manager_mark_published[SELECT * INTO row],database/018_sprint4_asset_manager_v2.sql:L14," paired_asset_group text,view_name text,ui_anchors jsonb not null default '[]',width_px int,height_px int,mime_type text,duration_ms int,loopable boolean,",NOT_NULL|DEFAULT,NOT_VERIFIED_ORIGINAL_DECLARATION_ONLY,database/018_sprint4_asset_manager_v2.sql,database/025_sprint4_two_narrow_blockers.sql,NO_LIVE_RUN_VALUE_TIMELINE,0,NOT_OBSERVED,LITERAL_LINKS_AND_CANDIDATES_CAPTURED,RAW_HISTORICAL_WRITE_LOCATIONS_CAPTURED,RAW_HISTORICAL_READ_LOCATIONS_CAPTURED,ORIGINAL_DDL_CAPTURED_NOT_FINAL_SCHEMA,MIGRATION_CHRONOLOGY_CAPTURED_NO_LIVE_TIMELINE,TEST_REFERENCES_INDEXED_NO_LIVE_SAMPLES,NOT_STARTED,,,,docs/plans/authority-field-audit-v2/
F0031,asset_candidates#22,asset_candidates,duration_ms,22,1,YES,cfea5155712c0ff416e40ff59e0c49c615fcb4a8,database/018_sprint4_asset_manager_v2.sql:L14,,0,NOT_ADJUDICATED,4,2,DIRECT_OR_COMPUTED,database/018_sprint4_asset_manager_v2.sql:L48@asset_manager_register_candidate[INSERT explicit column]{DIRECT_OR_COMPUTED} | database/019_sprint4_teacher_authority_correction.sql:L48@asset_manager_register_candidate[INSERT explicit column]{DIRECT_OR_COMPUTED},20,9,2,0,database/018_sprint4_asset_manager_v2.sql:L57@asset_manager_review[SELECT * INTO row] | database/018_sprint4_asset_manager_v2.sql:L64@asset_manager_mark_published[SELECT * INTO row],database/018_sprint4_asset_manager_v2.sql:L14," paired_asset_group text,view_name text,ui_anchors jsonb not null default '[]',width_px int,height_px int,mime_type text,duration_ms int,loopable boolean,",NOT_NULL|DEFAULT,NOT_VERIFIED_ORIGINAL_DECLARATION_ONLY,database/018_sprint4_asset_manager_v2.sql,database/025_sprint4_two_narrow_blockers.sql,NO_LIVE_RUN_VALUE_TIMELINE,0,NOT_OBSERVED,LITERAL_LINKS_AND_CANDIDATES_CAPTURED,RAW_HISTORICAL_WRITE_LOCATIONS_CAPTURED,RAW_HISTORICAL_READ_LOCATIONS_CAPTURED,ORIGINAL_DDL_CAPTURED_NOT_FINAL_SCHEMA,MIGRATION_CHRONOLOGY_CAPTURED_NO_LIVE_TIMELINE,TEST_REFERENCES_INDEXED_NO_LIVE_SAMPLES,NOT_STARTED,,,,docs/plans/authority-field-audit-v2/
F0032,asset_candidates#23,asset_candidates,loopable,23,1,YES,cfea5155712c0ff416e40ff59e0c49c615fcb4a8,database/018_sprint4_asset_manager_v2.sql:L14,,0,NOT_ADJUDICATED,4,2,DIRECT_OR_COMPUTED,database/018_sprint4_asset_manager_v2.sql:L48@asset_manager_register_candidate[INSERT explicit column]{DIRECT_OR_COMPUTED} | database/019_sprint4_teacher_authority_correction.sql:L48@asset_manager_register_candidate[INSERT explicit column]{DIRECT_OR_COMPUTED},20,9,2,0,database/018_sprint4_asset_manager_v2.sql:L57@asset_manager_review[SELECT * INTO row] | database/018_sprint4_asset_manager_v2.sql:L64@asset_manager_mark_published[SELECT * INTO row],database/018_sprint4_asset_manager_v2.sql:L14," paired_asset_group text,view_name text,ui_anchors jsonb not null default '[]',width_px int,height_px int,mime_type text,duration_ms int,loopable boolean,",NOT_NULL|DEFAULT,NOT_VERIFIED_ORIGINAL_DECLARATION_ONLY,database/018_sprint4_asset_manager_v2.sql,database/025_sprint4_two_narrow_blockers.sql,NO_LIVE_RUN_VALUE_TIMELINE,0,NOT_OBSERVED,LITERAL_LINKS_AND_CANDIDATES_CAPTURED,RAW_HISTORICAL_WRITE_LOCATIONS_CAPTURED,RAW_HISTORICAL_READ_LOCATIONS_CAPTURED,ORIGINAL_DDL_CAPTURED_NOT_FINAL_SCHEMA,MIGRATION_CHRONOLOGY_CAPTURED_NO_LIVE_TIMELINE,TEST_REFERENCES_INDEXED_NO_LIVE_SAMPLES,NOT_STARTED,,,,docs/plans/authority-field-audit-v2/
F0033,asset_candidates#24,asset_candidates,license_source,24,1,YES,cfea5155712c0ff416e40ff59e0c49c615fcb4a8,database/018_sprint4_asset_manager_v2.sql:L14,,0,NOT_ADJUDICATED,4,2,DIRECT_OR_COMPUTED,database/018_sprint4_asset_manager_v2.sql:L48@asset_manager_register_candidate[INSERT explicit column]{DIRECT_OR_COMPUTED} | database/019_sprint4_teacher_authority_correction.sql:L48@asset_manager_register_candidate[INSERT explicit column]{DIRECT_OR_COMPUTED},17,9,2,0,database/018_sprint4_asset_manager_v2.sql:L57@asset_manager_review[SELECT * INTO row] | database/018_sprint4_asset_manager_v2.sql:L64@asset_manager_mark_published[SELECT * INTO row],database/018_sprint4_asset_manager_v2.sql:L14," paired_asset_group text,view_name text,ui_anchors jsonb not null default '[]',width_px int,height_px int,mime_type text,duration_ms int,loopable boolean,",NOT_NULL|DEFAULT,NOT_VERIFIED_ORIGINAL_DECLARATION_ONLY,database/018_sprint4_asset_manager_v2.sql,database/025_sprint4_two_narrow_blockers.sql,NO_LIVE_RUN_VALUE_TIMELINE,0,NOT_OBSERVED,LITERAL_LINKS_AND_CANDIDATES_CAPTURED,RAW_HISTORICAL_WRITE_LOCATIONS_CAPTURED,RAW_HISTORICAL_READ_LOCATIONS_CAPTURED,ORIGINAL_DDL_CAPTURED_NOT_FINAL_SCHEMA,MIGRATION_CHRONOLOGY_CAPTURED_NO_LIVE_TIMELINE,TEST_REFERENCES_INDEXED_NO_LIVE_SAMPLES,NOT_STARTED,,,,docs/plans/authority-field-audit-v2/
F0034,asset_candidates#25,asset_candidates,loudness_note,25,1,YES,cfea5155712c0ff416e40ff59e0c49c615fcb4a8,database/018_sprint4_asset_manager_v2.sql:L15,,0,NOT_ADJUDICATED,4,2,DIRECT_OR_COMPUTED,database/018_sprint4_asset_manager_v2.sql:L48@asset_manager_register_candidate[INSERT explicit column]{DIRECT_OR_COMPUTED} | database/019_sprint4_teacher_authority_correction.sql:L48@asset_manager_register_candidate[INSERT explicit column]{DIRECT_OR_COMPUTED},17,9,2,0,database/018_sprint4_asset_manager_v2.sql:L57@asset_manager_review[SELECT * INTO row] | database/018_sprint4_asset_manager_v2.sql:L64@asset_manager_mark_published[SELECT * INTO row],database/018_sprint4_asset_manager_v2.sql:L15," license_source text,loudness_note text,continuity_refs jsonb not null default '[]',required_anchors jsonb not null default '[]',sha256 text,",NOT_NULL|DEFAULT,NOT_VERIFIED_ORIGINAL_DECLARATION_ONLY,database/018_sprint4_asset_manager_v2.sql,database/025_sprint4_two_narrow_blockers.sql,NO_LIVE_RUN_VALUE_TIMELINE,0,NOT_OBSERVED,LITERAL_LINKS_AND_CANDIDATES_CAPTURED,RAW_HISTORICAL_WRITE_LOCATIONS_CAPTURED,RAW_HISTORICAL_READ_LOCATIONS_CAPTURED,ORIGINAL_DDL_CAPTURED_NOT_FINAL_SCHEMA,MIGRATION_CHRONOLOGY_CAPTURED_NO_LIVE_TIMELINE,TEST_REFERENCES_INDEXED_NO_LIVE_SAMPLES,NOT_STARTED,,,,docs/plans/authority-field-audit-v2/
F0035,asset_candidates#26,asset_candidates,continuity_refs,26,2,NO,cfea5155712c0ff416e40ff59e0c49c615fcb4a8,database/018_sprint4_asset_manager_v2.sql:L15,,0,NOT_ADJUDICATED,4,2,DIRECT_OR_COMPUTED,database/018_sprint4_asset_manager_v2.sql:L48@asset_manager_register_candidate[INSERT explicit column]{DIRECT_OR_COMPUTED} | database/019_sprint4_teacher_authority_correction.sql:L48@asset_manager_register_candidate[INSERT explicit column]{DIRECT_OR_COMPUTED},17,9,0,0,database/018_sprint4_asset_manager_v2.sql:L57@asset_manager_review[SELECT * INTO row] | database/018_sprint4_asset_manager_v2.sql:L64@asset_manager_mark_published[SELECT * INTO row],database/018_sprint4_asset_manager_v2.sql:L15," license_source text,loudness_note text,continuity_refs jsonb not null default '[]',required_anchors jsonb not null default '[]',sha256 text,",NOT_NULL|DEFAULT,NOT_VERIFIED_ORIGINAL_DECLARATION_ONLY,database/018_sprint4_asset_manager_v2.sql,database/025_sprint4_two_narrow_blockers.sql,NO_LIVE_RUN_VALUE_TIMELINE,0,NOT_OBSERVED,LITERAL_LINKS_AND_CANDIDATES_CAPTURED,RAW_HISTORICAL_WRITE_LOCATIONS_CAPTURED,RAW_HISTORICAL_READ_LOCATIONS_CAPTURED,ORIGINAL_DDL_CAPTURED_NOT_FINAL_SCHEMA,MIGRATION_CHRONOLOGY_CAPTURED_NO_LIVE_TIMELINE,TEST_REFERENCES_INDEXED_NO_LIVE_SAMPLES,NOT_STARTED,,,,docs/plans/authority-field-audit-v2/
F0036,asset_candidates#27,asset_candidates,required_anchors,27,2,NO,cfea5155712c0ff416e40ff59e0c49c615fcb4a8,database/018_sprint4_asset_manager_v2.sql:L15,,0,NOT_ADJUDICATED,4,2,DIRECT_OR_COMPUTED,database/018_sprint4_asset_manager_v2.sql:L48@asset_manager_register_candidate[INSERT explicit column]{DIRECT_OR_COMPUTED} | database/019_sprint4_teacher_authority_correction.sql:L48@asset_manager_register_candidate[INSERT explicit column]{DIRECT_OR_COMPUTED},20,11,0,0,database/018_sprint4_asset_manager_v2.sql:L57@asset_manager_review[SELECT * INTO row] | database/018_sprint4_asset_manager_v2.sql:L64@asset_manager_mark_published[SELECT * INTO row],database/018_sprint4_asset_manager_v2.sql:L15," license_source text,loudness_note text,continuity_refs jsonb not null default '[]',required_anchors jsonb not null default '[]',sha256 text,",NOT_NULL|DEFAULT,NOT_VERIFIED_ORIGINAL_DECLARATION_ONLY,database/018_sprint4_asset_manager_v2.sql,database/025_sprint4_two_narrow_blockers.sql,NO_LIVE_RUN_VALUE_TIMELINE,0,NOT_OBSERVED,LITERAL_LINKS_AND_CANDIDATES_CAPTURED,RAW_HISTORICAL_WRITE_LOCATIONS_CAPTURED,RAW_HISTORICAL_READ_LOCATIONS_CAPTURED,ORIGINAL_DDL_CAPTURED_NOT_FINAL_SCHEMA,MIGRATION_CHRONOLOGY_CAPTURED_NO_LIVE_TIMELINE,TEST_REFERENCES_INDEXED_NO_LIVE_SAMPLES,NOT_STARTED,,,,docs/plans/authority-field-audit-v2/
F0037,asset_candidates#28,asset_candidates,sha256,28,1,YES,cfea5155712c0ff416e40ff59e0c49c615fcb4a8,database/018_sprint4_asset_manager_v2.sql:L15,,0,NOT_ADJUDICATED,4,2,DIRECT_OR_COMPUTED,database/018_sprint4_asset_manager_v2.sql:L48@asset_manager_register_candidate[INSERT explicit column]{DIRECT_OR_COMPUTED} | database/019_sprint4_teacher_authority_correction.sql:L48@asset_manager_register_candidate[INSERT explicit column]{DIRECT_OR_COMPUTED},21,9,10,0,database/018_sprint4_asset_manager_v2.sql:L57@asset_manager_review[SELECT * INTO row] | database/018_sprint4_asset_manager_v2.sql:L64@asset_manager_mark_published[SELECT * INTO row],database/018_sprint4_asset_manager_v2.sql:L15," license_source text,loudness_note text,continuity_refs jsonb not null default '[]',required_anchors jsonb not null default '[]',sha256 text,",NOT_NULL|DEFAULT,NOT_VERIFIED_ORIGINAL_DECLARATION_ONLY,database/018_sprint4_asset_manager_v2.sql,database/025_sprint4_two_narrow_blockers.sql,NO_LIVE_RUN_VALUE_TIMELINE,0,NOT_OBSERVED,LITERAL_LINKS_AND_CANDIDATES_CAPTURED,RAW_HISTORICAL_WRITE_LOCATIONS_CAPTURED,RAW_HISTORICAL_READ_LOCATIONS_CAPTURED,ORIGINAL_DDL_CAPTURED_NOT_FINAL_SCHEMA,MIGRATION_CHRONOLOGY_CAPTURED_NO_LIVE_TIMELINE,TEST_REFERENCES_INDEXED_NO_LIVE_SAMPLES,NOT_STARTED,,,,docs/plans/authority-field-audit-v2/
F0038,asset_candidates#29,asset_candidates,published_at,29,1,YES,cfea5155712c0ff416e40ff59e0c49c615fcb4a8,database/018_sprint4_asset_manager_v2.sql:L15,,0,NOT_ADJUDICATED,2,1,DIRECT_OR_COMPUTED,database/018_sprint4_asset_manager_v2.sql:L66@asset_manager_mark_published[UPDATE SET]{DIRECT_OR_COMPUTED} | database/019_sprint4_teacher_authority_correction.sql:L66@asset_manager_mark_published[UPDATE SET]{DIRECT_OR_COMPUTED},26,12,1,0,database/018_sprint4_asset_manager_v2.sql:L57@asset_manager_review[SELECT * INTO row] | database/018_sprint4_asset_manager_v2.sql:L64@asset_manager_mark_published[SELECT * INTO row],database/018_sprint4_asset_manager_v2.sql:L15," license_source text,loudness_note text,continuity_refs jsonb not null default '[]',required_anchors jsonb not null default '[]',sha256 text,",NOT_NULL|DEFAULT,NOT_VERIFIED_ORIGINAL_DECLARATION_ONLY,database/018_sprint4_asset_manager_v2.sql,database/019_sprint4_teacher_authority_correction.sql,NO_LIVE_RUN_VALUE_TIMELINE,0,NOT_OBSERVED,LITERAL_LINKS_AND_CANDIDATES_CAPTURED,RAW_HISTORICAL_WRITE_LOCATIONS_CAPTURED,RAW_HISTORICAL_READ_LOCATIONS_CAPTURED,ORIGINAL_DDL_CAPTURED_NOT_FINAL_SCHEMA,MIGRATION_CHRONOLOGY_CAPTURED_NO_LIVE_TIMELINE,TEST_REFERENCES_INDEXED_NO_LIVE_SAMPLES,NOT_STARTED,,,,docs/plans/authority-field-audit-v2/
F0039,asset_events#01,asset_events,event_id,1,4,NO,cfea5155712c0ff416e40ff59e0c49c615fcb4a8,database/018_sprint4_asset_manager_v2.sql:L20,,0,NOT_ADJUDICATED,9,5,POSITIONAL_WRITE,database/018_sprint4_asset_manager_v2.sql:L50@asset_manager_register_candidate[INSERT positional/all columns]{POSITIONAL_WRITE} | database/018_sprint4_asset_manager_v2.sql:L60@asset_manager_review[INSERT positional/all columns]{POSITIONAL_WRITE},0,0,0,0,,database/018_sprint4_asset_manager_v2.sql:L20,"create table public.asset_events(event_id uuid primary key default gen_random_uuid(),asset_key text not null,event_type text not null,version int,details jsonb not null default '{}',created_at timestamptz not null default now());",PRIMARY_KEY|NOT_NULL|DEFAULT,NOT_VERIFIED_ORIGINAL_DECLARATION_ONLY,database/018_sprint4_asset_manager_v2.sql,database/021_sprint4_anchor_and_activation_controls.sql,NO_LIVE_RUN_VALUE_TIMELINE,0,NOT_OBSERVED,LITERAL_LINKS_AND_CANDIDATES_CAPTURED,RAW_HISTORICAL_WRITE_LOCATIONS_CAPTURED,RAW_HISTORICAL_READ_LOCATIONS_CAPTURED,ORIGINAL_DDL_CAPTURED_NOT_FINAL_SCHEMA,MIGRATION_CHRONOLOGY_CAPTURED_NO_LIVE_TIMELINE,TEST_REFERENCES_INDEXED_NO_LIVE_SAMPLES,NOT_STARTED,,,,docs/plans/authority-field-audit-v2/
F0040,asset_events#02,asset_events,asset_key,2,3,NO,cfea5155712c0ff416e40ff59e0c49c615fcb4a8,database/018_sprint4_asset_manager_v2.sql:L20,,0,NOT_ADJUDICATED,15,9,POSITIONAL_WRITE|DIRECT_OR_COMPUTED,database/018_sprint4_asset_manager_v2.sql:L50@asset_manager_register_candidate[INSERT positional/all columns]{POSITIONAL_WRITE} | database/018_sprint4_asset_manager_v2.sql:L60@asset_manager_review[INSERT positional/all columns]{POSITIONAL_WRITE},1,1,0,0,database/058_sprint9_active_asset_load_failure_telemetry.sql:L22@asset_report_load_failure[qualified/rowtype field reference],database/018_sprint4_asset_manager_v2.sql:L20,"create table public.asset_events(event_id uuid primary key default gen_random_uuid(),asset_key text not null,event_type text not null,version int,details jsonb not null default '{}',created_at timestamptz not null default now());",PRIMARY_KEY|NOT_NULL|DEFAULT,NOT_VERIFIED_ORIGINAL_DECLARATION_ONLY,database/018_sprint4_asset_manager_v2.sql,database/058_sprint9_active_asset_load_failure_telemetry.sql,NO_LIVE_RUN_VALUE_TIMELINE,0,NOT_OBSERVED,LITERAL_LINKS_AND_CANDIDATES_CAPTURED,RAW_HISTORICAL_WRITE_LOCATIONS_CAPTURED,RAW_HISTORICAL_READ_LOCATIONS_CAPTURED,ORIGINAL_DDL_CAPTURED_NOT_FINAL_SCHEMA,MIGRATION_CHRONOLOGY_CAPTURED_NO_LIVE_TIMELINE,TEST_REFERENCES_INDEXED_NO_LIVE_SAMPLES,NOT_STARTED,,,,docs/plans/authority-field-audit-v2/
F0041,asset_events#03,asset_events,event_type,3,4,NO,cfea5155712c0ff416e40ff59e0c49c615fcb4a8,database/018_sprint4_asset_manager_v2.sql:L20,,0,NOT_ADJUDICATED,15,9,POSITIONAL_WRITE|DIRECT_OR_COMPUTED,database/018_sprint4_asset_manager_v2.sql:L50@asset_manager_register_candidate[INSERT positional/all columns]{POSITIONAL_WRITE} | database/018_sprint4_asset_manager_v2.sql:L60@asset_manager_review[INSERT positional/all columns]{POSITIONAL_WRITE},1,1,0,0,database/058_sprint9_active_asset_load_failure_telemetry.sql:L22@asset_report_load_failure[qualified/rowtype field reference],database/018_sprint4_asset_manager_v2.sql:L20,"create table public.asset_events(event_id uuid primary key default gen_random_uuid(),asset_key text not null,event_type text not null,version int,details jsonb not null default '{}',created_at timestamptz not null default now());",PRIMARY_KEY|NOT_NULL|DEFAULT,NOT_VERIFIED_ORIGINAL_DECLARATION_ONLY,database/018_sprint4_asset_manager_v2.sql,database/058_sprint9_active_asset_load_failure_telemetry.sql,NO_LIVE_RUN_VALUE_TIMELINE,0,NOT_OBSERVED,LITERAL_LINKS_AND_CANDIDATES_CAPTURED,RAW_HISTORICAL_WRITE_LOCATIONS_CAPTURED,RAW_HISTORICAL_READ_LOCATIONS_CAPTURED,ORIGINAL_DDL_CAPTURED_NOT_FINAL_SCHEMA,MIGRATION_CHRONOLOGY_CAPTURED_NO_LIVE_TIMELINE,TEST_REFERENCES_INDEXED_NO_LIVE_SAMPLES,NOT_STARTED,,,,docs/plans/authority-field-audit-v2/
F0042,asset_events#04,asset_events,version,4,2,NO,cfea5155712c0ff416e40ff59e0c49c615fcb4a8,database/018_sprint4_asset_manager_v2.sql:L20,,0,NOT_ADJUDICATED,15,9,POSITIONAL_WRITE|DIRECT_OR_COMPUTED,database/018_sprint4_asset_manager_v2.sql:L50@asset_manager_register_candidate[INSERT positional/all columns]{POSITIONAL_WRITE} | database/018_sprint4_asset_manager_v2.sql:L60@asset_manager_review[INSERT positional/all columns]{POSITIONAL_WRITE},1,1,0,0,database/058_sprint9_active_asset_load_failure_telemetry.sql:L22@asset_report_load_failure[qualified/rowtype field reference],database/018_sprint4_asset_manager_v2.sql:L20,"create table public.asset_events(event_id uuid primary key default gen_random_uuid(),asset_key text not null,event_type text not null,version int,details jsonb not null default '{}',created_at timestamptz not null default now());",PRIMARY_KEY|NOT_NULL|DEFAULT,NOT_VERIFIED_ORIGINAL_DECLARATION_ONLY,database/018_sprint4_asset_manager_v2.sql,database/058_sprint9_active_asset_load_failure_telemetry.sql,NO_LIVE_RUN_VALUE_TIMELINE,0,NOT_OBSERVED,LITERAL_LINKS_AND_CANDIDATES_CAPTURED,RAW_HISTORICAL_WRITE_LOCATIONS_CAPTURED,RAW_HISTORICAL_READ_LOCATIONS_CAPTURED,ORIGINAL_DDL_CAPTURED_NOT_FINAL_SCHEMA,MIGRATION_CHRONOLOGY_CAPTURED_NO_LIVE_TIMELINE,TEST_REFERENCES_INDEXED_NO_LIVE_SAMPLES,NOT_STARTED,,,,docs/plans/authority-field-audit-v2/
F0043,asset_events#05,asset_events,details,5,4,NO,cfea5155712c0ff416e40ff59e0c49c615fcb4a8,database/018_sprint4_asset_manager_v2.sql:L20,,0,NOT_ADJUDICATED,15,9,POSITIONAL_WRITE|DIRECT_OR_COMPUTED,database/018_sprint4_asset_manager_v2.sql:L50@asset_manager_register_candidate[INSERT positional/all columns]{POSITIONAL_WRITE} | database/018_sprint4_asset_manager_v2.sql:L60@asset_manager_review[INSERT positional/all columns]{POSITIONAL_WRITE},2,1,0,0,database/058_sprint9_active_asset_load_failure_telemetry.sql:L23@asset_report_load_failure[qualified/rowtype field reference] | database/058_sprint9_active_asset_load_failure_telemetry.sql:L24@asset_report_load_failure[qualified/rowtype field reference],database/018_sprint4_asset_manager_v2.sql:L20,"create table public.asset_events(event_id uuid primary key default gen_random_uuid(),asset_key text not null,event_type text not null,version int,details jsonb not null default '{}',created_at timestamptz not null default now());",PRIMARY_KEY|NOT_NULL|DEFAULT,NOT_VERIFIED_ORIGINAL_DECLARATION_ONLY,database/018_sprint4_asset_manager_v2.sql,database/058_sprint9_active_asset_load_failure_telemetry.sql,NO_LIVE_RUN_VALUE_TIMELINE,0,NOT_OBSERVED,LITERAL_LINKS_AND_CANDIDATES_CAPTURED,RAW_HISTORICAL_WRITE_LOCATIONS_CAPTURED,RAW_HISTORICAL_READ_LOCATIONS_CAPTURED,ORIGINAL_DDL_CAPTURED_NOT_FINAL_SCHEMA,MIGRATION_CHRONOLOGY_CAPTURED_NO_LIVE_TIMELINE,TEST_REFERENCES_INDEXED_NO_LIVE_SAMPLES,NOT_STARTED,,,,docs/plans/authority-field-audit-v2/
F0044,asset_events#06,asset_events,created_at,6,11,NO,cfea5155712c0ff416e40ff59e0c49c615fcb4a8,database/018_sprint4_asset_manager_v2.sql:L20,,0,NOT_ADJUDICATED,9,5,POSITIONAL_WRITE,database/018_sprint4_asset_manager_v2.sql:L50@asset_manager_register_candidate[INSERT positional/all columns]{POSITIONAL_WRITE} | database/018_sprint4_asset_manager_v2.sql:L60@asset_manager_review[INSERT positional/all columns]{POSITIONAL_WRITE},1,1,0,0,database/058_sprint9_active_asset_load_failure_telemetry.sql:L25@asset_report_load_failure[qualified/rowtype field reference],database/018_sprint4_asset_manager_v2.sql:L20,"create table public.asset_events(event_id uuid primary key default gen_random_uuid(),asset_key text not null,event_type text not null,version int,details jsonb not null default '{}',created_at timestamptz not null default now());",PRIMARY_KEY|NOT_NULL|DEFAULT,NOT_VERIFIED_ORIGINAL_DECLARATION_ONLY,database/018_sprint4_asset_manager_v2.sql,database/021_sprint4_anchor_and_activation_controls.sql,NO_LIVE_RUN_VALUE_TIMELINE,0,NOT_OBSERVED,LITERAL_LINKS_AND_CANDIDATES_CAPTURED,RAW_HISTORICAL_WRITE_LOCATIONS_CAPTURED,RAW_HISTORICAL_READ_LOCATIONS_CAPTURED,ORIGINAL_DDL_CAPTURED_NOT_FINAL_SCHEMA,MIGRATION_CHRONOLOGY_CAPTURED_NO_LIVE_TIMELINE,TEST_REFERENCES_INDEXED_NO_LIVE_SAMPLES,NOT_STARTED,,,,docs/plans/authority-field-audit-v2/
F0045,asset_manager_reviewers#01,asset_manager_reviewers,token_hash,1,1,YES,cfea5155712c0ff416e40ff59e0c49c615fcb4a8,database/024_sprint4_level1_narrow_corrections.sql:L3,,0,NOT_ADJUDICATED,0,0,NONE,,0,0,0,0,,database/024_sprint4_level1_narrow_corrections.sql:L3,"create table public.asset_manager_reviewers(token_hash text primary key,label text not null,enabled boolean not null default true,created_at timestamptz not null default now());",PRIMARY_KEY|NOT_NULL|DEFAULT,NOT_VERIFIED_ORIGINAL_DECLARATION_ONLY,database/024_sprint4_level1_narrow_corrections.sql,NO_RAW_WRITE,NO_LIVE_RUN_VALUE_TIMELINE,1,NOT_OBSERVED,LITERAL_LINKS_AND_CANDIDATES_CAPTURED,RAW_HISTORICAL_WRITE_LOCATIONS_CAPTURED,RAW_HISTORICAL_READ_LOCATIONS_CAPTURED,ORIGINAL_DDL_CAPTURED_NOT_FINAL_SCHEMA,MIGRATION_CHRONOLOGY_CAPTURED_NO_LIVE_TIMELINE,TEST_REFERENCES_INDEXED_NO_LIVE_SAMPLES,NOT_STARTED,,,,docs/plans/authority-field-audit-v2/
F0046,asset_manager_reviewers#02,asset_manager_reviewers,label,2,1,YES,cfea5155712c0ff416e40ff59e0c49c615fcb4a8,database/024_sprint4_level1_narrow_corrections.sql:L3,,0,NOT_ADJUDICATED,0,0,NONE,,0,0,4,0,,database/024_sprint4_level1_narrow_corrections.sql:L3,"create table public.asset_manager_reviewers(token_hash text primary key,label text not null,enabled boolean not null default true,created_at timestamptz not null default now());",PRIMARY_KEY|NOT_NULL|DEFAULT,NOT_VERIFIED_ORIGINAL_DECLARATION_ONLY,database/024_sprint4_level1_narrow_corrections.sql,NO_RAW_WRITE,NO_LIVE_RUN_VALUE_TIMELINE,1,NOT_OBSERVED,LITERAL_LINKS_AND_CANDIDATES_CAPTURED,RAW_HISTORICAL_WRITE_LOCATIONS_CAPTURED,RAW_HISTORICAL_READ_LOCATIONS_CAPTURED,ORIGINAL_DDL_CAPTURED_NOT_FINAL_SCHEMA,MIGRATION_CHRONOLOGY_CAPTURED_NO_LIVE_TIMELINE,TEST_REFERENCES_INDEXED_NO_LIVE_SAMPLES,NOT_STARTED,,,,docs/plans/authority-field-audit-v2/
F0047,asset_manager_reviewers#03,asset_manager_reviewers,enabled,3,1,YES,cfea5155712c0ff416e40ff59e0c49c615fcb4a8,database/024_sprint4_level1_narrow_corrections.sql:L3,,0,NOT_ADJUDICATED,0,0,NONE,,0,0,3,0,,database/024_sprint4_level1_narrow_corrections.sql:L3,"create table public.asset_manager_reviewers(token_hash text primary key,label text not null,enabled boolean not null default true,created_at timestamptz not null default now());",PRIMARY_KEY|NOT_NULL|DEFAULT,NOT_VERIFIED_ORIGINAL_DECLARATION_ONLY,database/024_sprint4_level1_narrow_corrections.sql,NO_RAW_WRITE,NO_LIVE_RUN_VALUE_TIMELINE,0,NOT_OBSERVED,LITERAL_LINKS_AND_CANDIDATES_CAPTURED,RAW_HISTORICAL_WRITE_LOCATIONS_CAPTURED,RAW_HISTORICAL_READ_LOCATIONS_CAPTURED,ORIGINAL_DDL_CAPTURED_NOT_FINAL_SCHEMA,MIGRATION_CHRONOLOGY_CAPTURED_NO_LIVE_TIMELINE,TEST_REFERENCES_INDEXED_NO_LIVE_SAMPLES,NOT_STARTED,,,,docs/plans/authority-field-audit-v2/
F0048,asset_manager_reviewers#04,asset_manager_reviewers,created_at,4,11,NO,cfea5155712c0ff416e40ff59e0c49c615fcb4a8,database/024_sprint4_level1_narrow_corrections.sql:L3,,0,NOT_ADJUDICATED,0,0,NONE,,0,0,0,0,,database/024_sprint4_level1_narrow_corrections.sql:L3,"create table public.asset_manager_reviewers(token_hash text primary key,label text not null,enabled boolean not null default true,created_at timestamptz not null default now());",PRIMARY_KEY|NOT_NULL|DEFAULT,NOT_VERIFIED_ORIGINAL_DECLARATION_ONLY,database/024_sprint4_level1_narrow_corrections.sql,NO_RAW_WRITE,NO_LIVE_RUN_VALUE_TIMELINE,0,NOT_OBSERVED,LITERAL_LINKS_AND_CANDIDATES_CAPTURED,RAW_HISTORICAL_WRITE_LOCATIONS_CAPTURED,RAW_HISTORICAL_READ_LOCATIONS_CAPTURED,ORIGINAL_DDL_CAPTURED_NOT_FINAL_SCHEMA,MIGRATION_CHRONOLOGY_CAPTURED_NO_LIVE_TIMELINE,TEST_REFERENCES_INDEXED_NO_LIVE_SAMPLES,NOT_STARTED,,,,docs/plans/authority-field-audit-v2/
F0049,asset_registry_projection#01,asset_registry_projection,asset_key,1,3,NO,cfea5155712c0ff416e40ff59e0c49c615fcb4a8,database/018_sprint4_asset_manager_v2.sql:L2,,0,NOT_ADJUDICATED,3,1,DIRECT_OR_COMPUTED,database/018_sprint4_asset_manager_v2.sql:L31@asset_manager_sync_registry[INSERT explicit column]{DIRECT_OR_COMPUTED} | database/019_sprint4_teacher_authority_correction.sql:L31@asset_manager_sync_registry[INSERT explicit column]{DIRECT_OR_COMPUTED},27,8,0,0,database/018_sprint4_asset_manager_v2.sql:L44@asset_manager_register_candidate[SELECT * INTO row] | database/018_sprint4_asset_manager_v2.sql:L49@asset_manager_register_candidate[qualified/rowtype field reference],database/018_sprint4_asset_manager_v2.sql:L2,create table public.asset_registry_projection(,NO_INLINE_MARKER,NOT_VERIFIED_ORIGINAL_DECLARATION_ONLY,database/018_sprint4_asset_manager_v2.sql,database/024_sprint4_level1_narrow_corrections.sql,NO_LIVE_RUN_VALUE_TIMELINE,0,NOT_OBSERVED,LITERAL_LINKS_AND_CANDIDATES_CAPTURED,RAW_HISTORICAL_WRITE_LOCATIONS_CAPTURED,RAW_HISTORICAL_READ_LOCATIONS_CAPTURED,ORIGINAL_DDL_CAPTURED_NOT_FINAL_SCHEMA,MIGRATION_CHRONOLOGY_CAPTURED_NO_LIVE_TIMELINE,TEST_REFERENCES_INDEXED_NO_LIVE_SAMPLES,NOT_STARTED,,,,docs/plans/authority-field-audit-v2/
F0050,asset_registry_projection#02,asset_registry_projection,display_name,2,2,NO,cfea5155712c0ff416e40ff59e0c49c615fcb4a8,database/018_sprint4_asset_manager_v2.sql:L3,,0,NOT_ADJUDICATED,3,1,DIRECT_OR_COMPUTED,database/018_sprint4_asset_manager_v2.sql:L31@asset_manager_sync_registry[INSERT explicit column]{DIRECT_OR_COMPUTED} | database/019_sprint4_teacher_authority_correction.sql:L31@asset_manager_sync_registry[INSERT explicit column]{DIRECT_OR_COMPUTED},10,5,0,0,database/018_sprint4_asset_manager_v2.sql:L44@asset_manager_register_candidate[SELECT * INTO row] | database/018_sprint4_asset_manager_v2.sql:L70@asset_manager_activate[SELECT * INTO row],database/018_sprint4_asset_manager_v2.sql:L3," asset_key text primary key,display_name text not null,aliases jsonb not null default '[]',asset_type text not null check(asset_type in('image','audio')),",PRIMARY_KEY|NOT_NULL|DEFAULT|CHECK,NOT_VERIFIED_ORIGINAL_DECLARATION_ONLY,database/018_sprint4_asset_manager_v2.sql,database/024_sprint4_level1_narrow_corrections.sql,NO_LIVE_RUN_VALUE_TIMELINE,0,NOT_OBSERVED,LITERAL_LINKS_AND_CANDIDATES_CAPTURED,RAW_HISTORICAL_WRITE_LOCATIONS_CAPTURED,RAW_HISTORICAL_READ_LOCATIONS_CAPTURED,ORIGINAL_DDL_CAPTURED_NOT_FINAL_SCHEMA,MIGRATION_CHRONOLOGY_CAPTURED_NO_LIVE_TIMELINE,TEST_REFERENCES_INDEXED_NO_LIVE_SAMPLES,NOT_STARTED,,,,docs/plans/authority-field-audit-v2/
F0051,asset_registry_projection#03,asset_registry_projection,aliases,3,1,YES,cfea5155712c0ff416e40ff59e0c49c615fcb4a8,database/018_sprint4_asset_manager_v2.sql:L3,,0,NOT_ADJUDICATED,3,1,DIRECT_OR_COMPUTED,database/018_sprint4_asset_manager_v2.sql:L31@asset_manager_sync_registry[INSERT explicit column]{DIRECT_OR_COMPUTED} | database/019_sprint4_teacher_authority_correction.sql:L31@asset_manager_sync_registry[INSERT explicit column]{DIRECT_OR_COMPUTED},10,5,0,0,database/018_sprint4_asset_manager_v2.sql:L44@asset_manager_register_candidate[SELECT * INTO row] | database/018_sprint4_asset_manager_v2.sql:L70@asset_manager_activate[SELECT * INTO row],database/018_sprint4_asset_manager_v2.sql:L3," asset_key text primary key,display_name text not null,aliases jsonb not null default '[]',asset_type text not null check(asset_type in('image','audio')),",PRIMARY_KEY|NOT_NULL|DEFAULT|CHECK,NOT_VERIFIED_ORIGINAL_DECLARATION_ONLY,database/018_sprint4_asset_manager_v2.sql,database/024_sprint4_level1_narrow_corrections.sql,NO_LIVE_RUN_VALUE_TIMELINE,0,NOT_OBSERVED,LITERAL_LINKS_AND_CANDIDATES_CAPTURED,RAW_HISTORICAL_WRITE_LOCATIONS_CAPTURED,RAW_HISTORICAL_READ_LOCATIONS_CAPTURED,ORIGINAL_DDL_CAPTURED_NOT_FINAL_SCHEMA,MIGRATION_CHRONOLOGY_CAPTURED_NO_LIVE_TIMELINE,TEST_REFERENCES_INDEXED_NO_LIVE_SAMPLES,NOT_STARTED,,,,docs/plans/authority-field-audit-v2/
F0052,asset_registry_projection#04,asset_registry_projection,asset_type,4,2,NO,cfea5155712c0ff416e40ff59e0c49c615fcb4a8,database/018_sprint4_asset_manager_v2.sql:L3,,0,NOT_ADJUDICATED,3,1,DIRECT_OR_COMPUTED,database/018_sprint4_asset_manager_v2.sql:L31@asset_manager_sync_registry[INSERT explicit column]{DIRECT_OR_COMPUTED} | database/019_sprint4_teacher_authority_correction.sql:L31@asset_manager_sync_registry[INSERT explicit column]{DIRECT_OR_COMPUTED},20,5,0,0,database/018_sprint4_asset_manager_v2.sql:L44@asset_manager_register_candidate[SELECT * INTO row] | database/018_sprint4_asset_manager_v2.sql:L46@asset_manager_register_candidate[qualified/rowtype field reference],database/018_sprint4_asset_manager_v2.sql:L3," asset_key text primary key,display_name text not null,aliases jsonb not null default '[]',asset_type text not null check(asset_type in('image','audio')),",PRIMARY_KEY|NOT_NULL|DEFAULT|CHECK,NOT_VERIFIED_ORIGINAL_DECLARATION_ONLY,database/018_sprint4_asset_manager_v2.sql,database/024_sprint4_level1_narrow_corrections.sql,NO_LIVE_RUN_VALUE_TIMELINE,0,NOT_OBSERVED,LITERAL_LINKS_AND_CANDIDATES_CAPTURED,RAW_HISTORICAL_WRITE_LOCATIONS_CAPTURED,RAW_HISTORICAL_READ_LOCATIONS_CAPTURED,ORIGINAL_DDL_CAPTURED_NOT_FINAL_SCHEMA,MIGRATION_CHRONOLOGY_CAPTURED_NO_LIVE_TIMELINE,TEST_REFERENCES_INDEXED_NO_LIVE_SAMPLES,NOT_STARTED,,,,docs/plans/authority-field-audit-v2/
F0053,asset_registry_projection#05,asset_registry_projection,scene_id,5,11,NO,cfea5155712c0ff416e40ff59e0c49c615fcb4a8,database/018_sprint4_asset_manager_v2.sql:L3,,0,NOT_ADJUDICATED,0,0,NONE,,10,5,0,0,database/018_sprint4_asset_manager_v2.sql:L44@asset_manager_register_candidate[SELECT * INTO row] | database/018_sprint4_asset_manager_v2.sql:L70@asset_manager_activate[SELECT * INTO row],database/018_sprint4_asset_manager_v2.sql:L3," asset_key text primary key,display_name text not null,aliases jsonb not null default '[]',asset_type text not null check(asset_type in('image','audio')),",PRIMARY_KEY|NOT_NULL|DEFAULT|CHECK,NOT_VERIFIED_ORIGINAL_DECLARATION_ONLY,database/018_sprint4_asset_manager_v2.sql,NO_RAW_WRITE,NO_LIVE_RUN_VALUE_TIMELINE,0,NOT_OBSERVED,LITERAL_LINKS_AND_CANDIDATES_CAPTURED,RAW_HISTORICAL_WRITE_LOCATIONS_CAPTURED,RAW_HISTORICAL_READ_LOCATIONS_CAPTURED,ORIGINAL_DDL_CAPTURED_NOT_FINAL_SCHEMA,MIGRATION_CHRONOLOGY_CAPTURED_NO_LIVE_TIMELINE,TEST_REFERENCES_INDEXED_NO_LIVE_SAMPLES,NOT_STARTED,,,,docs/plans/authority-field-audit-v2/
F0054,asset_registry_projection#06,asset_registry_projection,assigned_to,6,2,NO,cfea5155712c0ff416e40ff59e0c49c615fcb4a8,database/018_sprint4_asset_manager_v2.sql:L4,,0,NOT_ADJUDICATED,0,0,NONE,,10,5,0,0,database/018_sprint4_asset_manager_v2.sql:L44@asset_manager_register_candidate[SELECT * INTO row] | database/018_sprint4_asset_manager_v2.sql:L70@asset_manager_activate[SELECT * INTO row],database/018_sprint4_asset_manager_v2.sql:L4," scene_id text,assigned_to text,latest_version int not null default 0 check(latest_version>=0),active_version int,",NOT_NULL|DEFAULT|CHECK,NOT_VERIFIED_ORIGINAL_DECLARATION_ONLY,database/018_sprint4_asset_manager_v2.sql,NO_RAW_WRITE,NO_LIVE_RUN_VALUE_TIMELINE,0,NOT_OBSERVED,LITERAL_LINKS_AND_CANDIDATES_CAPTURED,RAW_HISTORICAL_WRITE_LOCATIONS_CAPTURED,RAW_HISTORICAL_READ_LOCATIONS_CAPTURED,ORIGINAL_DDL_CAPTURED_NOT_FINAL_SCHEMA,MIGRATION_CHRONOLOGY_CAPTURED_NO_LIVE_TIMELINE,TEST_REFERENCES_INDEXED_NO_LIVE_SAMPLES,NOT_STARTED,,,,docs/plans/authority-field-audit-v2/
F0055,asset_registry_projection#07,asset_registry_projection,latest_version,7,1,YES,cfea5155712c0ff416e40ff59e0c49c615fcb4a8,database/018_sprint4_asset_manager_v2.sql:L4,,0,NOT_ADJUDICATED,3,1,DIRECT_OR_COMPUTED,database/018_sprint4_asset_manager_v2.sql:L31@asset_manager_sync_registry[INSERT explicit column]{DIRECT_OR_COMPUTED} | database/019_sprint4_teacher_authority_correction.sql:L31@asset_manager_sync_registry[INSERT explicit column]{DIRECT_OR_COMPUTED},14,5,14,0,database/018_sprint4_asset_manager_v2.sql:L44@asset_manager_register_candidate[SELECT * INTO row] | database/018_sprint4_asset_manager_v2.sql:L45@asset_manager_register_candidate[qualified/rowtype field reference],database/018_sprint4_asset_manager_v2.sql:L4," scene_id text,assigned_to text,latest_version int not null default 0 check(latest_version>=0),active_version int,",NOT_NULL|DEFAULT|CHECK,NOT_VERIFIED_ORIGINAL_DECLARATION_ONLY,database/018_sprint4_asset_manager_v2.sql,database/024_sprint4_level1_narrow_corrections.sql,NO_LIVE_RUN_VALUE_TIMELINE,0,NOT_OBSERVED,LITERAL_LINKS_AND_CANDIDATES_CAPTURED,RAW_HISTORICAL_WRITE_LOCATIONS_CAPTURED,RAW_HISTORICAL_READ_LOCATIONS_CAPTURED,ORIGINAL_DDL_CAPTURED_NOT_FINAL_SCHEMA,MIGRATION_CHRONOLOGY_CAPTURED_NO_LIVE_TIMELINE,TEST_REFERENCES_INDEXED_NO_LIVE_SAMPLES,NOT_STARTED,,,,docs/plans/authority-field-audit-v2/
F0056,asset_registry_projection#08,asset_registry_projection,active_version,8,1,YES,cfea5155712c0ff416e40ff59e0c49c615fcb4a8,database/018_sprint4_asset_manager_v2.sql:L4,,0,NOT_ADJUDICATED,3,1,DIRECT_OR_COMPUTED,database/018_sprint4_asset_manager_v2.sql:L31@asset_manager_sync_registry[INSERT explicit column]{DIRECT_OR_COMPUTED} | database/019_sprint4_teacher_authority_correction.sql:L31@asset_manager_sync_registry[INSERT explicit column]{DIRECT_OR_COMPUTED},19,8,7,0,database/018_sprint4_asset_manager_v2.sql:L44@asset_manager_register_candidate[SELECT * INTO row] | database/018_sprint4_asset_manager_v2.sql:L70@asset_manager_activate[SELECT * INTO row],database/018_sprint4_asset_manager_v2.sql:L4," scene_id text,assigned_to text,latest_version int not null default 0 check(latest_version>=0),active_version int,",NOT_NULL|DEFAULT|CHECK,NOT_VERIFIED_ORIGINAL_DECLARATION_ONLY,database/018_sprint4_asset_manager_v2.sql,database/024_sprint4_level1_narrow_corrections.sql,NO_LIVE_RUN_VALUE_TIMELINE,0,NOT_OBSERVED,LITERAL_LINKS_AND_CANDIDATES_CAPTURED,RAW_HISTORICAL_WRITE_LOCATIONS_CAPTURED,RAW_HISTORICAL_READ_LOCATIONS_CAPTURED,ORIGINAL_DDL_CAPTURED_NOT_FINAL_SCHEMA,MIGRATION_CHRONOLOGY_CAPTURED_NO_LIVE_TIMELINE,TEST_REFERENCES_INDEXED_NO_LIVE_SAMPLES,NOT_STARTED,,,,docs/plans/authority-field-audit-v2/
F0057,asset_registry_projection#09,asset_registry_projection,continuity_refs,9,2,NO,cfea5155712c0ff416e40ff59e0c49c615fcb4a8,database/018_sprint4_asset_manager_v2.sql:L4,,0,NOT_ADJUDICATED,3,1,DIRECT_OR_COMPUTED,database/018_sprint4_asset_manager_v2.sql:L31@asset_manager_sync_registry[INSERT explicit column]{DIRECT_OR_COMPUTED} | database/019_sprint4_teacher_authority_correction.sql:L31@asset_manager_sync_registry[INSERT explicit column]{DIRECT_OR_COMPUTED},14,5,0,0,database/018_sprint4_asset_manager_v2.sql:L44@asset_manager_register_candidate[SELECT * INTO row] | database/018_sprint4_asset_manager_v2.sql:L49@asset_manager_register_candidate[qualified/rowtype field reference],database/018_sprint4_asset_manager_v2.sql:L4," scene_id text,assigned_to text,latest_version int not null default 0 check(latest_version>=0),active_version int,",NOT_NULL|DEFAULT|CHECK,NOT_VERIFIED_ORIGINAL_DECLARATION_ONLY,database/018_sprint4_asset_manager_v2.sql,database/024_sprint4_level1_narrow_corrections.sql,NO_LIVE_RUN_VALUE_TIMELINE,0,NOT_OBSERVED,LITERAL_LINKS_AND_CANDIDATES_CAPTURED,RAW_HISTORICAL_WRITE_LOCATIONS_CAPTURED,RAW_HISTORICAL_READ_LOCATIONS_CAPTURED,ORIGINAL_DDL_CAPTURED_NOT_FINAL_SCHEMA,MIGRATION_CHRONOLOGY_CAPTURED_NO_LIVE_TIMELINE,TEST_REFERENCES_INDEXED_NO_LIVE_SAMPLES,NOT_STARTED,,,,docs/plans/authority-field-audit-v2/
F0058,asset_registry_projection#10,asset_registry_projection,paired_asset_group,10,2,NO,cfea5155712c0ff416e40ff59e0c49c615fcb4a8,database/018_sprint4_asset_manager_v2.sql:L5,,0,NOT_ADJUDICATED,3,1,DIRECT_OR_COMPUTED,database/018_sprint4_asset_manager_v2.sql:L31@asset_manager_sync_registry[INSERT explicit column]{DIRECT_OR_COMPUTED} | database/019_sprint4_teacher_authority_correction.sql:L31@asset_manager_sync_registry[INSERT explicit column]{DIRECT_OR_COMPUTED},15,5,0,0,database/018_sprint4_asset_manager_v2.sql:L44@asset_manager_register_candidate[SELECT * INTO row] | database/018_sprint4_asset_manager_v2.sql:L49@asset_manager_register_candidate[qualified/rowtype field reference],database/018_sprint4_asset_manager_v2.sql:L5," continuity_refs jsonb not null default '[]',paired_asset_group text,required_anchors jsonb not null default '[]',runtime_required boolean not null default true,",NOT_NULL|DEFAULT,NOT_VERIFIED_ORIGINAL_DECLARATION_ONLY,database/018_sprint4_asset_manager_v2.sql,database/024_sprint4_level1_narrow_corrections.sql,NO_LIVE_RUN_VALUE_TIMELINE,0,NOT_OBSERVED,LITERAL_LINKS_AND_CANDIDATES_CAPTURED,RAW_HISTORICAL_WRITE_LOCATIONS_CAPTURED,RAW_HISTORICAL_READ_LOCATIONS_CAPTURED,ORIGINAL_DDL_CAPTURED_NOT_FINAL_SCHEMA,MIGRATION_CHRONOLOGY_CAPTURED_NO_LIVE_TIMELINE,TEST_REFERENCES_INDEXED_NO_LIVE_SAMPLES,NOT_STARTED,,,,docs/plans/authority-field-audit-v2/
F0059,asset_registry_projection#11,asset_registry_projection,required_anchors,11,2,NO,cfea5155712c0ff416e40ff59e0c49c615fcb4a8,database/018_sprint4_asset_manager_v2.sql:L5,,0,NOT_ADJUDICATED,3,1,DIRECT_OR_COMPUTED,database/018_sprint4_asset_manager_v2.sql:L31@asset_manager_sync_registry[INSERT explicit column]{DIRECT_OR_COMPUTED} | database/019_sprint4_teacher_authority_correction.sql:L31@asset_manager_sync_registry[INSERT explicit column]{DIRECT_OR_COMPUTED},16,5,0,0,database/018_sprint4_asset_manager_v2.sql:L44@asset_manager_register_candidate[SELECT * INTO row] | database/018_sprint4_asset_manager_v2.sql:L49@asset_manager_register_candidate[qualified/rowtype field reference],database/018_sprint4_asset_manager_v2.sql:L5," continuity_refs jsonb not null default '[]',paired_asset_group text,required_anchors jsonb not null default '[]',runtime_required boolean not null default true,",NOT_NULL|DEFAULT,NOT_VERIFIED_ORIGINAL_DECLARATION_ONLY,database/018_sprint4_asset_manager_v2.sql,database/024_sprint4_level1_narrow_corrections.sql,NO_LIVE_RUN_VALUE_TIMELINE,0,NOT_OBSERVED,LITERAL_LINKS_AND_CANDIDATES_CAPTURED,RAW_HISTORICAL_WRITE_LOCATIONS_CAPTURED,RAW_HISTORICAL_READ_LOCATIONS_CAPTURED,ORIGINAL_DDL_CAPTURED_NOT_FINAL_SCHEMA,MIGRATION_CHRONOLOGY_CAPTURED_NO_LIVE_TIMELINE,TEST_REFERENCES_INDEXED_NO_LIVE_SAMPLES,NOT_STARTED,,,,docs/plans/authority-field-audit-v2/
F0060,asset_registry_projection#12,asset_registry_projection,runtime_required,12,1,YES,cfea5155712c0ff416e40ff59e0c49c615fcb4a8,database/018_sprint4_asset_manager_v2.sql:L5,,0,NOT_ADJUDICATED,3,1,DIRECT_OR_COMPUTED,database/018_sprint4_asset_manager_v2.sql:L31@asset_manager_sync_registry[INSERT explicit column]{DIRECT_OR_COMPUTED} | database/019_sprint4_teacher_authority_correction.sql:L31@asset_manager_sync_registry[INSERT explicit column]{DIRECT_OR_COMPUTED},10,5,9,0,database/018_sprint4_asset_manager_v2.sql:L44@asset_manager_register_candidate[SELECT * INTO row] | database/018_sprint4_asset_manager_v2.sql:L70@asset_manager_activate[SELECT * INTO row],database/018_sprint4_asset_manager_v2.sql:L5," continuity_refs jsonb not null default '[]',paired_asset_group text,required_anchors jsonb not null default '[]',runtime_required boolean not null default true,",NOT_NULL|DEFAULT,NOT_VERIFIED_ORIGINAL_DECLARATION_ONLY,database/018_sprint4_asset_manager_v2.sql,database/024_sprint4_level1_narrow_corrections.sql,NO_LIVE_RUN_VALUE_TIMELINE,0,NOT_OBSERVED,LITERAL_LINKS_AND_CANDIDATES_CAPTURED,RAW_HISTORICAL_WRITE_LOCATIONS_CAPTURED,RAW_HISTORICAL_READ_LOCATIONS_CAPTURED,ORIGINAL_DDL_CAPTURED_NOT_FINAL_SCHEMA,MIGRATION_CHRONOLOGY_CAPTURED_NO_LIVE_TIMELINE,TEST_REFERENCES_INDEXED_NO_LIVE_SAMPLES,NOT_STARTED,,,,docs/plans/authority-field-audit-v2/
F0061,asset_registry_projection#13,asset_registry_projection,registry_sha256,13,1,YES,cfea5155712c0ff416e40ff59e0c49c615fcb4a8,database/018_sprint4_asset_manager_v2.sql:L5,,0,NOT_ADJUDICATED,3,1,DIRECT_OR_COMPUTED,database/018_sprint4_asset_manager_v2.sql:L31@asset_manager_sync_registry[INSERT explicit column]{DIRECT_OR_COMPUTED} | database/019_sprint4_teacher_authority_correction.sql:L31@asset_manager_sync_registry[INSERT explicit column]{DIRECT_OR_COMPUTED},10,5,0,0,database/018_sprint4_asset_manager_v2.sql:L44@asset_manager_register_candidate[SELECT * INTO row] | database/018_sprint4_asset_manager_v2.sql:L70@asset_manager_activate[SELECT * INTO row],database/018_sprint4_asset_manager_v2.sql:L5," continuity_refs jsonb not null default '[]',paired_asset_group text,required_anchors jsonb not null default '[]',runtime_required boolean not null default true,",NOT_NULL|DEFAULT,NOT_VERIFIED_ORIGINAL_DECLARATION_ONLY,database/018_sprint4_asset_manager_v2.sql,database/024_sprint4_level1_narrow_corrections.sql,NO_LIVE_RUN_VALUE_TIMELINE,0,NOT_OBSERVED,LITERAL_LINKS_AND_CANDIDATES_CAPTURED,RAW_HISTORICAL_WRITE_LOCATIONS_CAPTURED,RAW_HISTORICAL_READ_LOCATIONS_CAPTURED,ORIGINAL_DDL_CAPTURED_NOT_FINAL_SCHEMA,MIGRATION_CHRONOLOGY_CAPTURED_NO_LIVE_TIMELINE,TEST_REFERENCES_INDEXED_NO_LIVE_SAMPLES,NOT_STARTED,,,,docs/plans/authority-field-audit-v2/
F0062,asset_registry_projection#14,asset_registry_projection,projected_at,14,1,YES,cfea5155712c0ff416e40ff59e0c49c615fcb4a8,database/018_sprint4_asset_manager_v2.sql:L6,,0,NOT_ADJUDICATED,3,1,DIRECT_OR_COMPUTED,database/018_sprint4_asset_manager_v2.sql:L31@asset_manager_sync_registry[INSERT explicit column]{DIRECT_OR_COMPUTED} | database/019_sprint4_teacher_authority_correction.sql:L31@asset_manager_sync_registry[INSERT explicit column]{DIRECT_OR_COMPUTED},10,5,0,0,database/018_sprint4_asset_manager_v2.sql:L44@asset_manager_register_candidate[SELECT * INTO row] | database/018_sprint4_asset_manager_v2.sql:L70@asset_manager_activate[SELECT * INTO row],database/018_sprint4_asset_manager_v2.sql:L6," registry_sha256 text not null check(registry_sha256~'^[0-9a-f]{64}$'),projected_at timestamptz not null default now(),",NOT_NULL|DEFAULT|CHECK,NOT_VERIFIED_ORIGINAL_DECLARATION_ONLY,database/018_sprint4_asset_manager_v2.sql,database/024_sprint4_level1_narrow_corrections.sql,NO_LIVE_RUN_VALUE_TIMELINE,1,NOT_OBSERVED,LITERAL_LINKS_AND_CANDIDATES_CAPTURED,RAW_HISTORICAL_WRITE_LOCATIONS_CAPTURED,RAW_HISTORICAL_READ_LOCATIONS_CAPTURED,ORIGINAL_DDL_CAPTURED_NOT_FINAL_SCHEMA,MIGRATION_CHRONOLOGY_CAPTURED_NO_LIVE_TIMELINE,TEST_REFERENCES_INDEXED_NO_LIVE_SAMPLES,NOT_STARTED,,,,docs/plans/authority-field-audit-v2/
F0063,dialogue_messages#01,dialogue_messages,message_id,1,1,YES,cfea5155712c0ff416e40ff59e0c49c615fcb4a8,database/002_runtime_runs_discussion.sql:L55,,0,NOT_ADJUDICATED,0,0,NONE,,25,7,1,0,database/002_runtime_runs_discussion.sql:L597@s2_send_message[qualified/rowtype field reference] | database/002_runtime_runs_discussion.sql:L601@s2_send_message[qualified/rowtype field reference],database/002_runtime_runs_discussion.sql:L55,create table if not exists public.dialogue_messages (,NO_INLINE_MARKER,NOT_VERIFIED_ORIGINAL_DECLARATION_ONLY,database/002_runtime_runs_discussion.sql,NO_RAW_WRITE,NO_LIVE_RUN_VALUE_TIMELINE,0,NOT_OBSERVED,LITERAL_LINKS_AND_CANDIDATES_CAPTURED,RAW_HISTORICAL_WRITE_LOCATIONS_CAPTURED,RAW_HISTORICAL_READ_LOCATIONS_CAPTURED,ORIGINAL_DDL_CAPTURED_NOT_FINAL_SCHEMA,MIGRATION_CHRONOLOGY_CAPTURED_NO_LIVE_TIMELINE,TEST_REFERENCES_INDEXED_NO_LIVE_SAMPLES,NOT_STARTED,,,,docs/plans/authority-field-audit-v2/
F0064,dialogue_messages#02,dialogue_messages,run_id,2,36,NO,cfea5155712c0ff416e40ff59e0c49c615fcb4a8,database/002_runtime_runs_discussion.sql:L56,,0,NOT_ADJUDICATED,4,3,DIRECT_OR_COMPUTED,database/002_runtime_runs_discussion.sql:L586@s2_send_message[INSERT explicit column]{DIRECT_OR_COMPUTED} | database/013_sprint3b_discussion_authority_and_request_identity.sql:L246@s2_send_message[INSERT explicit column]{DIRECT_OR_COMPUTED},9,5,0,0,database/002_runtime_runs_discussion.sql:L1002@s2_get_teacher_state[qualified/rowtype field reference] | database/002_runtime_runs_discussion.sql:L849@s2_get_player_state[qualified/rowtype field reference],database/002_runtime_runs_discussion.sql:L56,"  message_id bigint generated by default as identity primary key,",PRIMARY_KEY|DEFAULT,NOT_VERIFIED_ORIGINAL_DECLARATION_ONLY,database/002_runtime_runs_discussion.sql,database/035_sprint6_focused_audit_corrections.sql,NO_LIVE_RUN_VALUE_TIMELINE,0,NOT_OBSERVED,LITERAL_LINKS_AND_CANDIDATES_CAPTURED,RAW_HISTORICAL_WRITE_LOCATIONS_CAPTURED,RAW_HISTORICAL_READ_LOCATIONS_CAPTURED,ORIGINAL_DDL_CAPTURED_NOT_FINAL_SCHEMA,MIGRATION_CHRONOLOGY_CAPTURED_NO_LIVE_TIMELINE,TEST_REFERENCES_INDEXED_NO_LIVE_SAMPLES,NOT_STARTED,,,,docs/plans/authority-field-audit-v2/
F0065,dialogue_messages#03,dialogue_messages,discussion_session_id,3,5,NO,cfea5155712c0ff416e40ff59e0c49c615fcb4a8,database/002_runtime_runs_discussion.sql:L57,game_runs#run_id,0,NOT_ADJUDICATED,4,3,DIRECT_OR_COMPUTED,database/002_runtime_runs_discussion.sql:L586@s2_send_message[INSERT explicit column]{DIRECT_OR_COMPUTED} | database/013_sprint3b_discussion_authority_and_request_identity.sql:L246@s2_send_message[INSERT explicit column]{DIRECT_OR_COMPUTED},16,7,0,0,database/002_runtime_runs_discussion.sql:L840@s2_get_player_state[qualified/rowtype field reference] | database/002_runtime_runs_discussion.sql:L993@s2_get_teacher_state[qualified/rowtype field reference],database/002_runtime_runs_discussion.sql:L57,"  run_id uuid not null references public.game_runs(run_id),",NOT_NULL|REFERENCES,NOT_VERIFIED_ORIGINAL_DECLARATION_ONLY,database/002_runtime_runs_discussion.sql,database/035_sprint6_focused_audit_corrections.sql,NO_LIVE_RUN_VALUE_TIMELINE,0,NOT_OBSERVED,LITERAL_LINKS_AND_CANDIDATES_CAPTURED,RAW_HISTORICAL_WRITE_LOCATIONS_CAPTURED,RAW_HISTORICAL_READ_LOCATIONS_CAPTURED,ORIGINAL_DDL_CAPTURED_NOT_FINAL_SCHEMA,MIGRATION_CHRONOLOGY_CAPTURED_NO_LIVE_TIMELINE,TEST_REFERENCES_INDEXED_NO_LIVE_SAMPLES,NOT_STARTED,,,,docs/plans/authority-field-audit-v2/
F0066,dialogue_messages#04,dialogue_messages,scene_id,4,11,NO,cfea5155712c0ff416e40ff59e0c49c615fcb4a8,database/002_runtime_runs_discussion.sql:L58,discussion_sessions#discussion_session_id,0,NOT_ADJUDICATED,4,3,DIRECT_OR_COMPUTED,database/002_runtime_runs_discussion.sql:L586@s2_send_message[INSERT explicit column]{DIRECT_OR_COMPUTED} | database/013_sprint3b_discussion_authority_and_request_identity.sql:L246@s2_send_message[INSERT explicit column]{DIRECT_OR_COMPUTED},2,2,0,0,database/013_sprint3b_discussion_authority_and_request_identity.sql:L223@s2_send_message[SELECT * INTO row] | database/030_sprint5_exact_session_messages.sql:L9@s5_send_message[SELECT * INTO row],database/002_runtime_runs_discussion.sql:L58,"  discussion_session_id uuid not null references public.discussion_sessions(discussion_session_id),",NOT_NULL|REFERENCES,NOT_VERIFIED_ORIGINAL_DECLARATION_ONLY,database/002_runtime_runs_discussion.sql,database/035_sprint6_focused_audit_corrections.sql,NO_LIVE_RUN_VALUE_TIMELINE,0,NOT_OBSERVED,LITERAL_LINKS_AND_CANDIDATES_CAPTURED,RAW_HISTORICAL_WRITE_LOCATIONS_CAPTURED,RAW_HISTORICAL_READ_LOCATIONS_CAPTURED,ORIGINAL_DDL_CAPTURED_NOT_FINAL_SCHEMA,MIGRATION_CHRONOLOGY_CAPTURED_NO_LIVE_TIMELINE,TEST_REFERENCES_INDEXED_NO_LIVE_SAMPLES,NOT_STARTED,,,,docs/plans/authority-field-audit-v2/
F0067,dialogue_messages#05,dialogue_messages,phase_key,5,13,NO,cfea5155712c0ff416e40ff59e0c49c615fcb4a8,database/002_runtime_runs_discussion.sql:L59,,0,NOT_ADJUDICATED,4,3,DIRECT_OR_COMPUTED,database/002_runtime_runs_discussion.sql:L586@s2_send_message[INSERT explicit column]{DIRECT_OR_COMPUTED} | database/013_sprint3b_discussion_authority_and_request_identity.sql:L246@s2_send_message[INSERT explicit column]{DIRECT_OR_COMPUTED},2,2,0,0,database/013_sprint3b_discussion_authority_and_request_identity.sql:L223@s2_send_message[SELECT * INTO row] | database/030_sprint5_exact_session_messages.sql:L9@s5_send_message[SELECT * INTO row],database/002_runtime_runs_discussion.sql:L59,"  scene_id text not null,",NOT_NULL,NOT_VERIFIED_ORIGINAL_DECLARATION_ONLY,database/002_runtime_runs_discussion.sql,database/035_sprint6_focused_audit_corrections.sql,NO_LIVE_RUN_VALUE_TIMELINE,0,NOT_OBSERVED,LITERAL_LINKS_AND_CANDIDATES_CAPTURED,RAW_HISTORICAL_WRITE_LOCATIONS_CAPTURED,RAW_HISTORICAL_READ_LOCATIONS_CAPTURED,ORIGINAL_DDL_CAPTURED_NOT_FINAL_SCHEMA,MIGRATION_CHRONOLOGY_CAPTURED_NO_LIVE_TIMELINE,TEST_REFERENCES_INDEXED_NO_LIVE_SAMPLES,NOT_STARTED,,,,docs/plans/authority-field-audit-v2/
F0068,dialogue_messages#06,dialogue_messages,step_key,6,6,NO,cfea5155712c0ff416e40ff59e0c49c615fcb4a8,database/002_runtime_runs_discussion.sql:L60,,0,NOT_ADJUDICATED,4,3,DIRECT_OR_COMPUTED,database/002_runtime_runs_discussion.sql:L586@s2_send_message[INSERT explicit column]{DIRECT_OR_COMPUTED} | database/013_sprint3b_discussion_authority_and_request_identity.sql:L246@s2_send_message[INSERT explicit column]{DIRECT_OR_COMPUTED},2,2,0,0,database/013_sprint3b_discussion_authority_and_request_identity.sql:L223@s2_send_message[SELECT * INTO row] | database/030_sprint5_exact_session_messages.sql:L9@s5_send_message[SELECT * INTO row],database/002_runtime_runs_discussion.sql:L60,"  phase_key text not null,",NOT_NULL,NOT_VERIFIED_ORIGINAL_DECLARATION_ONLY,database/002_runtime_runs_discussion.sql,database/035_sprint6_focused_audit_corrections.sql,NO_LIVE_RUN_VALUE_TIMELINE,0,NOT_OBSERVED,LITERAL_LINKS_AND_CANDIDATES_CAPTURED,RAW_HISTORICAL_WRITE_LOCATIONS_CAPTURED,RAW_HISTORICAL_READ_LOCATIONS_CAPTURED,ORIGINAL_DDL_CAPTURED_NOT_FINAL_SCHEMA,MIGRATION_CHRONOLOGY_CAPTURED_NO_LIVE_TIMELINE,TEST_REFERENCES_INDEXED_NO_LIVE_SAMPLES,NOT_STARTED,,,,docs/plans/authority-field-audit-v2/
F0069,dialogue_messages#07,dialogue_messages,player_id,7,24,NO,cfea5155712c0ff416e40ff59e0c49c615fcb4a8,database/002_runtime_runs_discussion.sql:L61,,0,NOT_ADJUDICATED,4,3,DIRECT_OR_COMPUTED,database/002_runtime_runs_discussion.sql:L586@s2_send_message[INSERT explicit column]{DIRECT_OR_COMPUTED} | database/013_sprint3b_discussion_authority_and_request_identity.sql:L246@s2_send_message[INSERT explicit column]{DIRECT_OR_COMPUTED},8,5,0,0,database/002_runtime_runs_discussion.sql:L1001@s2_get_teacher_state[qualified/rowtype field reference] | database/002_runtime_runs_discussion.sql:L848@s2_get_player_state[qualified/rowtype field reference],database/002_runtime_runs_discussion.sql:L61,"  step_key text not null default '',",NOT_NULL|DEFAULT,NOT_VERIFIED_ORIGINAL_DECLARATION_ONLY,database/002_runtime_runs_discussion.sql,database/035_sprint6_focused_audit_corrections.sql,NO_LIVE_RUN_VALUE_TIMELINE,0,NOT_OBSERVED,LITERAL_LINKS_AND_CANDIDATES_CAPTURED,RAW_HISTORICAL_WRITE_LOCATIONS_CAPTURED,RAW_HISTORICAL_READ_LOCATIONS_CAPTURED,ORIGINAL_DDL_CAPTURED_NOT_FINAL_SCHEMA,MIGRATION_CHRONOLOGY_CAPTURED_NO_LIVE_TIMELINE,TEST_REFERENCES_INDEXED_NO_LIVE_SAMPLES,NOT_STARTED,,,,docs/plans/authority-field-audit-v2/
F0070,dialogue_messages#08,dialogue_messages,message_text,8,1,YES,cfea5155712c0ff416e40ff59e0c49c615fcb4a8,database/002_runtime_runs_discussion.sql:L62,s1_room_players#player_id,0,NOT_ADJUDICATED,4,3,DIRECT_OR_COMPUTED,database/002_runtime_runs_discussion.sql:L586@s2_send_message[INSERT explicit column]{DIRECT_OR_COMPUTED} | database/013_sprint3b_discussion_authority_and_request_identity.sql:L246@s2_send_message[INSERT explicit column]{DIRECT_OR_COMPUTED},16,8,7,0,database/002_runtime_runs_discussion.sql:L843@s2_get_player_state[qualified/rowtype field reference] | database/002_runtime_runs_discussion.sql:L996@s2_get_teacher_state[qualified/rowtype field reference],database/002_runtime_runs_discussion.sql:L62,"  player_id uuid not null references public.s1_room_players(player_id),",NOT_NULL|REFERENCES,NOT_VERIFIED_ORIGINAL_DECLARATION_ONLY,database/002_runtime_runs_discussion.sql,database/035_sprint6_focused_audit_corrections.sql,NO_LIVE_RUN_VALUE_TIMELINE,0,NOT_OBSERVED,LITERAL_LINKS_AND_CANDIDATES_CAPTURED,RAW_HISTORICAL_WRITE_LOCATIONS_CAPTURED,RAW_HISTORICAL_READ_LOCATIONS_CAPTURED,ORIGINAL_DDL_CAPTURED_NOT_FINAL_SCHEMA,MIGRATION_CHRONOLOGY_CAPTURED_NO_LIVE_TIMELINE,TEST_REFERENCES_INDEXED_NO_LIVE_SAMPLES,NOT_STARTED,,,,docs/plans/authority-field-audit-v2/
F0071,dialogue_messages#09,dialogue_messages,created_at,9,11,NO,cfea5155712c0ff416e40ff59e0c49c615fcb4a8,database/002_runtime_runs_discussion.sql:L63,,0,NOT_ADJUDICATED,0,0,NONE,,22,8,0,0,database/002_runtime_runs_discussion.sql:L602@s2_send_message[qualified/rowtype field reference] | database/002_runtime_runs_discussion.sql:L844@s2_get_player_state[qualified/rowtype field reference],database/002_runtime_runs_discussion.sql:L63,"  message_text text not null check (char_length(message_text) between 1 and 1000),",NOT_NULL|CHECK,NOT_VERIFIED_ORIGINAL_DECLARATION_ONLY,database/002_runtime_runs_discussion.sql,NO_RAW_WRITE,NO_LIVE_RUN_VALUE_TIMELINE,0,NOT_OBSERVED,LITERAL_LINKS_AND_CANDIDATES_CAPTURED,RAW_HISTORICAL_WRITE_LOCATIONS_CAPTURED,RAW_HISTORICAL_READ_LOCATIONS_CAPTURED,ORIGINAL_DDL_CAPTURED_NOT_FINAL_SCHEMA,MIGRATION_CHRONOLOGY_CAPTURED_NO_LIVE_TIMELINE,TEST_REFERENCES_INDEXED_NO_LIVE_SAMPLES,NOT_STARTED,,,,docs/plans/authority-field-audit-v2/
F0072,dialogue_messages#10,dialogue_messages,client_request_id,10,8,NO,cfea5155712c0ff416e40ff59e0c49c615fcb4a8,database/013_sprint3b_discussion_authority_and_request_identity.sql:L23,,0,NOT_ADJUDICATED,2,2,DIRECT_OR_COMPUTED,database/013_sprint3b_discussion_authority_and_request_identity.sql:L246@s2_send_message[INSERT explicit column]{DIRECT_OR_COMPUTED} | database/030_sprint5_exact_session_messages.sql:L12@s5_send_message[INSERT explicit column]{DIRECT_OR_COMPUTED},4,2,0,0,database/013_sprint3b_discussion_authority_and_request_identity.sql:L223@s2_send_message[SELECT * INTO row] | database/013_sprint3b_discussion_authority_and_request_identity.sql:L232@s2_send_message[qualified/rowtype field reference],database/013_sprint3b_discussion_authority_and_request_identity.sql:L23,alter table public.dialogue_messages,NO_INLINE_MARKER,NOT_VERIFIED_ORIGINAL_DECLARATION_ONLY,database/013_sprint3b_discussion_authority_and_request_identity.sql,database/030_sprint5_exact_session_messages.sql,NO_LIVE_RUN_VALUE_TIMELINE,0,NOT_OBSERVED,LITERAL_LINKS_AND_CANDIDATES_CAPTURED,RAW_HISTORICAL_WRITE_LOCATIONS_CAPTURED,RAW_HISTORICAL_READ_LOCATIONS_CAPTURED,ORIGINAL_DDL_CAPTURED_NOT_FINAL_SCHEMA,MIGRATION_CHRONOLOGY_CAPTURED_NO_LIVE_TIMELINE,TEST_REFERENCES_INDEXED_NO_LIVE_SAMPLES,NOT_STARTED,,,,docs/plans/authority-field-audit-v2/
F0073,discussion_sessions#01,discussion_sessions,discussion_session_id,1,5,NO,cfea5155712c0ff416e40ff59e0c49c615fcb4a8,database/002_runtime_runs_discussion.sql:L23,,0,NOT_ADJUDICATED,4,3,DIRECT_OR_COMPUTED,database/028_sprint5_round_event_link.sql:L27@TOP_LEVEL[INSERT explicit column]{DIRECT_OR_COMPUTED} | database/028_sprint5_round_event_link.sql:L5@s5_mirror_round_for_audit[INSERT explicit column]{DIRECT_OR_COMPUTED},183,23,0,0,database/002_runtime_runs_discussion.sql:L1024@s2_get_teacher_state[qualified/rowtype field reference] | database/002_runtime_runs_discussion.sql:L1049@s2_get_teacher_state[qualified/rowtype field reference],database/002_runtime_runs_discussion.sql:L23,create table if not exists public.discussion_sessions (,NO_INLINE_MARKER,NOT_VERIFIED_ORIGINAL_DECLARATION_ONLY,database/002_runtime_runs_discussion.sql,database/032_sprint5_discussion_creation_restore.sql,NO_LIVE_RUN_VALUE_TIMELINE,3,NOT_OBSERVED,LITERAL_LINKS_AND_CANDIDATES_CAPTURED,RAW_HISTORICAL_WRITE_LOCATIONS_CAPTURED,RAW_HISTORICAL_READ_LOCATIONS_CAPTURED,ORIGINAL_DDL_CAPTURED_NOT_FINAL_SCHEMA,MIGRATION_CHRONOLOGY_CAPTURED_NO_LIVE_TIMELINE,TEST_REFERENCES_INDEXED_NO_LIVE_SAMPLES,NOT_STARTED,,,,docs/plans/authority-field-audit-v2/
F0074,discussion_sessions#02,discussion_sessions,run_id,2,36,NO,cfea5155712c0ff416e40ff59e0c49c615fcb4a8,database/002_runtime_runs_discussion.sql:L24,,0,NOT_ADJUDICATED,15,9,DIRECT_OR_COMPUTED,database/002_runtime_runs_discussion.sql:L342@s2_open_discussion[INSERT explicit column]{DIRECT_OR_COMPUTED} | database/002_runtime_runs_discussion.sql:L735@s2_submit_vote[INSERT explicit column]{DIRECT_OR_COMPUTED},48,17,0,0,database/002_runtime_runs_discussion.sql:L389@s2_refresh_discussion[SELECT * INTO row] | database/002_runtime_runs_discussion.sql:L398@s2_refresh_discussion[qualified/rowtype field reference],database/002_runtime_runs_discussion.sql:L24,"  discussion_session_id uuid primary key default gen_random_uuid(),",PRIMARY_KEY|DEFAULT,NOT_VERIFIED_ORIGINAL_DECLARATION_ONLY,database/002_runtime_runs_discussion.sql,database/054_level3_integrated_closure.sql,NO_LIVE_RUN_VALUE_TIMELINE,3,NOT_OBSERVED,LITERAL_LINKS_AND_CANDIDATES_CAPTURED,RAW_HISTORICAL_WRITE_LOCATIONS_CAPTURED,RAW_HISTORICAL_READ_LOCATIONS_CAPTURED,ORIGINAL_DDL_CAPTURED_NOT_FINAL_SCHEMA,MIGRATION_CHRONOLOGY_CAPTURED_NO_LIVE_TIMELINE,TEST_REFERENCES_INDEXED_NO_LIVE_SAMPLES,NOT_STARTED,,,,docs/plans/authority-field-audit-v2/
F0075,discussion_sessions#03,discussion_sessions,scene_id,3,11,NO,cfea5155712c0ff416e40ff59e0c49c615fcb4a8,database/002_runtime_runs_discussion.sql:L25,game_runs#run_id,0,NOT_ADJUDICATED,16,9,DIRECT_OR_COMPUTED,database/002_runtime_runs_discussion.sql:L342@s2_open_discussion[INSERT explicit column]{DIRECT_OR_COMPUTED} | database/002_runtime_runs_discussion.sql:L735@s2_submit_vote[INSERT explicit column]{DIRECT_OR_COMPUTED},58,19,0,0,database/002_runtime_runs_discussion.sql:L389@s2_refresh_discussion[SELECT * INTO row] | database/002_runtime_runs_discussion.sql:L462@s2_open_vote[SELECT * INTO row],database/002_runtime_runs_discussion.sql:L25,"  run_id uuid not null references public.game_runs(run_id),",NOT_NULL|REFERENCES,NOT_VERIFIED_ORIGINAL_DECLARATION_ONLY,database/002_runtime_runs_discussion.sql,database/054_level3_integrated_closure.sql,NO_LIVE_RUN_VALUE_TIMELINE,3,NOT_OBSERVED,LITERAL_LINKS_AND_CANDIDATES_CAPTURED,RAW_HISTORICAL_WRITE_LOCATIONS_CAPTURED,RAW_HISTORICAL_READ_LOCATIONS_CAPTURED,ORIGINAL_DDL_CAPTURED_NOT_FINAL_SCHEMA,MIGRATION_CHRONOLOGY_CAPTURED_NO_LIVE_TIMELINE,TEST_REFERENCES_INDEXED_NO_LIVE_SAMPLES,NOT_STARTED,,,,docs/plans/authority-field-audit-v2/
F0076,discussion_sessions#04,discussion_sessions,phase_key,4,13,NO,cfea5155712c0ff416e40ff59e0c49c615fcb4a8,database/002_runtime_runs_discussion.sql:L26,,0,NOT_ADJUDICATED,18,9,DIRECT_OR_COMPUTED,database/002_runtime_runs_discussion.sql:L342@s2_open_discussion[INSERT explicit column]{DIRECT_OR_COMPUTED} | database/002_runtime_runs_discussion.sql:L735@s2_submit_vote[INSERT explicit column]{DIRECT_OR_COMPUTED},59,21,0,0,database/002_runtime_runs_discussion.sql:L389@s2_refresh_discussion[SELECT * INTO row] | database/002_runtime_runs_discussion.sql:L462@s2_open_vote[SELECT * INTO row],database/002_runtime_runs_discussion.sql:L26,"  scene_id text not null,",NOT_NULL,NOT_VERIFIED_ORIGINAL_DECLARATION_ONLY,database/002_runtime_runs_discussion.sql,database/054_level3_integrated_closure.sql,NO_LIVE_RUN_VALUE_TIMELINE,3,NOT_OBSERVED,LITERAL_LINKS_AND_CANDIDATES_CAPTURED,RAW_HISTORICAL_WRITE_LOCATIONS_CAPTURED,RAW_HISTORICAL_READ_LOCATIONS_CAPTURED,ORIGINAL_DDL_CAPTURED_NOT_FINAL_SCHEMA,MIGRATION_CHRONOLOGY_CAPTURED_NO_LIVE_TIMELINE,TEST_REFERENCES_INDEXED_NO_LIVE_SAMPLES,NOT_STARTED,,,,docs/plans/authority-field-audit-v2/
F0077,discussion_sessions#05,discussion_sessions,step_key,5,6,NO,cfea5155712c0ff416e40ff59e0c49c615fcb4a8,database/002_runtime_runs_discussion.sql:L27,,0,NOT_ADJUDICATED,16,9,DIRECT_OR_COMPUTED,database/002_runtime_runs_discussion.sql:L342@s2_open_discussion[INSERT explicit column]{DIRECT_OR_COMPUTED} | database/002_runtime_runs_discussion.sql:L735@s2_submit_vote[INSERT explicit column]{DIRECT_OR_COMPUTED},54,20,0,0,database/002_runtime_runs_discussion.sql:L389@s2_refresh_discussion[SELECT * INTO row] | database/002_runtime_runs_discussion.sql:L462@s2_open_vote[SELECT * INTO row],database/002_runtime_runs_discussion.sql:L27,"  phase_key text not null,",NOT_NULL,NOT_VERIFIED_ORIGINAL_DECLARATION_ONLY,database/002_runtime_runs_discussion.sql,database/054_level3_integrated_closure.sql,NO_LIVE_RUN_VALUE_TIMELINE,0,NOT_OBSERVED,LITERAL_LINKS_AND_CANDIDATES_CAPTURED,RAW_HISTORICAL_WRITE_LOCATIONS_CAPTURED,RAW_HISTORICAL_READ_LOCATIONS_CAPTURED,ORIGINAL_DDL_CAPTURED_NOT_FINAL_SCHEMA,MIGRATION_CHRONOLOGY_CAPTURED_NO_LIVE_TIMELINE,TEST_REFERENCES_INDEXED_NO_LIVE_SAMPLES,NOT_STARTED,,,,docs/plans/authority-field-audit-v2/
F0078,discussion_sessions#06,discussion_sessions,round_no,6,4,NO,cfea5155712c0ff416e40ff59e0c49c615fcb4a8,database/002_runtime_runs_discussion.sql:L28,,0,NOT_ADJUDICATED,15,9,DIRECT_OR_COMPUTED,database/002_runtime_runs_discussion.sql:L342@s2_open_discussion[INSERT explicit column]{DIRECT_OR_COMPUTED} | database/002_runtime_runs_discussion.sql:L735@s2_submit_vote[INSERT explicit column]{DIRECT_OR_COMPUTED},48,16,0,0,database/002_runtime_runs_discussion.sql:L1054@s2_get_teacher_state[qualified/rowtype field reference] | database/002_runtime_runs_discussion.sql:L389@s2_refresh_discussion[SELECT * INTO row],database/002_runtime_runs_discussion.sql:L28,"  step_key text not null default '',",NOT_NULL|DEFAULT,NOT_VERIFIED_ORIGINAL_DECLARATION_ONLY,database/002_runtime_runs_discussion.sql,database/054_level3_integrated_closure.sql,NO_LIVE_RUN_VALUE_TIMELINE,0,NOT_OBSERVED,LITERAL_LINKS_AND_CANDIDATES_CAPTURED,RAW_HISTORICAL_WRITE_LOCATIONS_CAPTURED,RAW_HISTORICAL_READ_LOCATIONS_CAPTURED,ORIGINAL_DDL_CAPTURED_NOT_FINAL_SCHEMA,MIGRATION_CHRONOLOGY_CAPTURED_NO_LIVE_TIMELINE,TEST_REFERENCES_INDEXED_NO_LIVE_SAMPLES,NOT_STARTED,,,,docs/plans/authority-field-audit-v2/
F0079,discussion_sessions#07,discussion_sessions,vote_round,7,5,NO,cfea5155712c0ff416e40ff59e0c49c615fcb4a8,database/002_runtime_runs_discussion.sql:L29,,0,NOT_ADJUDICATED,15,9,DIRECT_OR_COMPUTED,database/002_runtime_runs_discussion.sql:L342@s2_open_discussion[INSERT explicit column]{DIRECT_OR_COMPUTED} | database/002_runtime_runs_discussion.sql:L735@s2_submit_vote[INSERT explicit column]{DIRECT_OR_COMPUTED},91,18,0,0,database/002_runtime_runs_discussion.sql:L1053@s2_get_teacher_state[qualified/rowtype field reference] | database/002_runtime_runs_discussion.sql:L366@s2_open_discussion[qualified/rowtype field reference],database/002_runtime_runs_discussion.sql:L29,"  round_no integer not null check (round_no > 0),",NOT_NULL|CHECK,NOT_VERIFIED_ORIGINAL_DECLARATION_ONLY,database/002_runtime_runs_discussion.sql,database/054_level3_integrated_closure.sql,NO_LIVE_RUN_VALUE_TIMELINE,0,NOT_OBSERVED,LITERAL_LINKS_AND_CANDIDATES_CAPTURED,RAW_HISTORICAL_WRITE_LOCATIONS_CAPTURED,RAW_HISTORICAL_READ_LOCATIONS_CAPTURED,ORIGINAL_DDL_CAPTURED_NOT_FINAL_SCHEMA,MIGRATION_CHRONOLOGY_CAPTURED_NO_LIVE_TIMELINE,TEST_REFERENCES_INDEXED_NO_LIVE_SAMPLES,NOT_STARTED,,,,docs/plans/authority-field-audit-v2/
F0080,discussion_sessions#08,discussion_sessions,topic,8,1,YES,cfea5155712c0ff416e40ff59e0c49c615fcb4a8,database/002_runtime_runs_discussion.sql:L30,,0,NOT_ADJUDICATED,15,9,DIRECT_OR_COMPUTED,database/002_runtime_runs_discussion.sql:L342@s2_open_discussion[INSERT explicit column]{DIRECT_OR_COMPUTED} | database/002_runtime_runs_discussion.sql:L735@s2_submit_vote[INSERT explicit column]{DIRECT_OR_COMPUTED},50,18,3,0,database/002_runtime_runs_discussion.sql:L1051@s2_get_teacher_state[qualified/rowtype field reference] | database/002_runtime_runs_discussion.sql:L366@s2_open_discussion[qualified/rowtype field reference],database/002_runtime_runs_discussion.sql:L30,"  vote_round integer not null check (vote_round > 0),",NOT_NULL|CHECK,NOT_VERIFIED_ORIGINAL_DECLARATION_ONLY,database/002_runtime_runs_discussion.sql,database/054_level3_integrated_closure.sql,NO_LIVE_RUN_VALUE_TIMELINE,0,NOT_OBSERVED,LITERAL_LINKS_AND_CANDIDATES_CAPTURED,RAW_HISTORICAL_WRITE_LOCATIONS_CAPTURED,RAW_HISTORICAL_READ_LOCATIONS_CAPTURED,ORIGINAL_DDL_CAPTURED_NOT_FINAL_SCHEMA,MIGRATION_CHRONOLOGY_CAPTURED_NO_LIVE_TIMELINE,TEST_REFERENCES_INDEXED_NO_LIVE_SAMPLES,NOT_STARTED,,,,docs/plans/authority-field-audit-v2/
F0081,discussion_sessions#09,discussion_sessions,status,9,4,NO,cfea5155712c0ff416e40ff59e0c49c615fcb4a8,database/002_runtime_runs_discussion.sql:L31,,0,NOT_ADJUDICATED,29,13,DIRECT_OR_COMPUTED,database/002_runtime_runs_discussion.sql:L403@s2_refresh_discussion[UPDATE SET]{DIRECT_OR_COMPUTED} | database/002_runtime_runs_discussion.sql:L414@s2_refresh_discussion[UPDATE SET]{DIRECT_OR_COMPUTED},75,22,0,0,database/002_runtime_runs_discussion.sql:L1005@s2_get_teacher_state[qualified/rowtype field reference] | database/002_runtime_runs_discussion.sql:L1052@s2_get_teacher_state[qualified/rowtype field reference],database/002_runtime_runs_discussion.sql:L31,"  topic text not null,",NOT_NULL,NOT_VERIFIED_ORIGINAL_DECLARATION_ONLY,database/002_runtime_runs_discussion.sql,database/054_level3_integrated_closure.sql,NO_LIVE_RUN_VALUE_TIMELINE,0,NOT_OBSERVED,LITERAL_LINKS_AND_CANDIDATES_CAPTURED,RAW_HISTORICAL_WRITE_LOCATIONS_CAPTURED,RAW_HISTORICAL_READ_LOCATIONS_CAPTURED,ORIGINAL_DDL_CAPTURED_NOT_FINAL_SCHEMA,MIGRATION_CHRONOLOGY_CAPTURED_NO_LIVE_TIMELINE,TEST_REFERENCES_INDEXED_NO_LIVE_SAMPLES,NOT_STARTED,,,,docs/plans/authority-field-audit-v2/
F0082,discussion_sessions#10,discussion_sessions,started_at,10,1,YES,cfea5155712c0ff416e40ff59e0c49c615fcb4a8,database/002_runtime_runs_discussion.sql:L33,,0,NOT_ADJUDICATED,3,1,DIRECT_OR_COMPUTED,database/029_sprint5_canonical_discussion_localization.sql:L31@s5_configure_discussion[UPDATE SET]{DIRECT_OR_COMPUTED} | database/031_sprint5_focused_reaudit_corrections.sql:L9@s5_configure_discussion[UPDATE SET]{DIRECT_OR_COMPUTED},37,16,1,0,database/002_runtime_runs_discussion.sql:L389@s2_refresh_discussion[SELECT * INTO row] | database/002_runtime_runs_discussion.sql:L462@s2_open_vote[SELECT * INTO row],database/002_runtime_runs_discussion.sql:L33,"    check (status in ('discussion', 'voting', 'waiting_for_missing_player', 'resolved')),",CHECK,NOT_VERIFIED_ORIGINAL_DECLARATION_ONLY,database/002_runtime_runs_discussion.sql,database/032_sprint5_discussion_creation_restore.sql,NO_LIVE_RUN_VALUE_TIMELINE,3,NOT_OBSERVED,LITERAL_LINKS_AND_CANDIDATES_CAPTURED,RAW_HISTORICAL_WRITE_LOCATIONS_CAPTURED,RAW_HISTORICAL_READ_LOCATIONS_CAPTURED,ORIGINAL_DDL_CAPTURED_NOT_FINAL_SCHEMA,MIGRATION_CHRONOLOGY_CAPTURED_NO_LIVE_TIMELINE,TEST_REFERENCES_INDEXED_NO_LIVE_SAMPLES,NOT_STARTED,,,,docs/plans/authority-field-audit-v2/
F0083,discussion_sessions#11,discussion_sessions,phase_deadline,11,1,YES,cfea5155712c0ff416e40ff59e0c49c615fcb4a8,database/002_runtime_runs_discussion.sql:L34,,2,NOT_ADJUDICATED,38,18,DIRECT_OR_COMPUTED|DERIVED_OR_COPY,database/002_runtime_runs_discussion.sql:L342@s2_open_discussion[INSERT explicit column]{DIRECT_OR_COMPUTED} | database/002_runtime_runs_discussion.sql:L403@s2_refresh_discussion[UPDATE SET]{DERIVED_OR_COPY},55,21,6,0,database/002_runtime_runs_discussion.sql:L1055@s2_get_teacher_state[qualified/rowtype field reference] | database/002_runtime_runs_discussion.sql:L372@s2_open_discussion[qualified/rowtype field reference],database/002_runtime_runs_discussion.sql:L34,"  started_at timestamptz not null default now(),",NOT_NULL|DEFAULT,NOT_VERIFIED_ORIGINAL_DECLARATION_ONLY,database/002_runtime_runs_discussion.sql,database/054_level3_integrated_closure.sql,NO_LIVE_RUN_VALUE_TIMELINE,0,NOT_OBSERVED,LITERAL_LINKS_AND_CANDIDATES_CAPTURED,RAW_HISTORICAL_WRITE_LOCATIONS_CAPTURED,RAW_HISTORICAL_READ_LOCATIONS_CAPTURED,ORIGINAL_DDL_CAPTURED_NOT_FINAL_SCHEMA,MIGRATION_CHRONOLOGY_CAPTURED_NO_LIVE_TIMELINE,TEST_REFERENCES_INDEXED_NO_LIVE_SAMPLES,NOT_STARTED,,,,docs/plans/authority-field-audit-v2/
F0084,discussion_sessions#12,discussion_sessions,ended_at,12,1,YES,cfea5155712c0ff416e40ff59e0c49c615fcb4a8,database/002_runtime_runs_discussion.sql:L35,,0,NOT_ADJUDICATED,20,10,DIRECT_OR_COMPUTED,database/002_runtime_runs_discussion.sql:L414@s2_refresh_discussion[UPDATE SET]{DIRECT_OR_COMPUTED} | database/002_runtime_runs_discussion.sql:L692@s2_submit_vote[UPDATE SET]{DIRECT_OR_COMPUTED},37,17,0,0,database/002_runtime_runs_discussion.sql:L389@s2_refresh_discussion[SELECT * INTO row] | database/002_runtime_runs_discussion.sql:L462@s2_open_vote[SELECT * INTO row],database/002_runtime_runs_discussion.sql:L35,"  phase_deadline timestamptz,",NO_INLINE_MARKER,NOT_VERIFIED_ORIGINAL_DECLARATION_ONLY,database/002_runtime_runs_discussion.sql,database/054_level3_integrated_closure.sql,NO_LIVE_RUN_VALUE_TIMELINE,0,NOT_OBSERVED,LITERAL_LINKS_AND_CANDIDATES_CAPTURED,RAW_HISTORICAL_WRITE_LOCATIONS_CAPTURED,RAW_HISTORICAL_READ_LOCATIONS_CAPTURED,ORIGINAL_DDL_CAPTURED_NOT_FINAL_SCHEMA,MIGRATION_CHRONOLOGY_CAPTURED_NO_LIVE_TIMELINE,TEST_REFERENCES_INDEXED_NO_LIVE_SAMPLES,NOT_STARTED,,,,docs/plans/authority-field-audit-v2/
F0085,discussion_sessions#13,discussion_sessions,outcome,13,2,NO,cfea5155712c0ff416e40ff59e0c49c615fcb4a8,database/002_runtime_runs_discussion.sql:L36,,0,NOT_ADJUDICATED,24,10,DIRECT_OR_COMPUTED,database/002_runtime_runs_discussion.sql:L414@s2_refresh_discussion[UPDATE SET]{DIRECT_OR_COMPUTED} | database/002_runtime_runs_discussion.sql:L692@s2_submit_vote[UPDATE SET]{DIRECT_OR_COMPUTED},55,18,0,0,database/002_runtime_runs_discussion.sql:L1061@s2_get_teacher_state[qualified/rowtype field reference] | database/002_runtime_runs_discussion.sql:L389@s2_refresh_discussion[SELECT * INTO row],database/002_runtime_runs_discussion.sql:L36,"  ended_at timestamptz,",NO_INLINE_MARKER,NOT_VERIFIED_ORIGINAL_DECLARATION_ONLY,database/002_runtime_runs_discussion.sql,database/054_level3_integrated_closure.sql,NO_LIVE_RUN_VALUE_TIMELINE,1,NOT_OBSERVED,LITERAL_LINKS_AND_CANDIDATES_CAPTURED,RAW_HISTORICAL_WRITE_LOCATIONS_CAPTURED,RAW_HISTORICAL_READ_LOCATIONS_CAPTURED,ORIGINAL_DDL_CAPTURED_NOT_FINAL_SCHEMA,MIGRATION_CHRONOLOGY_CAPTURED_NO_LIVE_TIMELINE,TEST_REFERENCES_INDEXED_NO_LIVE_SAMPLES,NOT_STARTED,,,,docs/plans/authority-field-audit-v2/
F0086,discussion_sessions#14,discussion_sessions,show_initial_choices,14,1,YES,cfea5155712c0ff416e40ff59e0c49c615fcb4a8,database/002_runtime_runs_discussion.sql:L37,,0,NOT_ADJUDICATED,18,9,DIRECT_OR_COMPUTED,database/002_runtime_runs_discussion.sql:L342@s2_open_discussion[INSERT explicit column]{DIRECT_OR_COMPUTED} | database/002_runtime_runs_discussion.sql:L735@s2_submit_vote[INSERT explicit column]{DIRECT_OR_COMPUTED},48,16,0,0,database/002_runtime_runs_discussion.sql:L1056@s2_get_teacher_state[qualified/rowtype field reference] | database/002_runtime_runs_discussion.sql:L389@s2_refresh_discussion[SELECT * INTO row],database/002_runtime_runs_discussion.sql:L37,"  outcome jsonb,",NO_INLINE_MARKER,NOT_VERIFIED_ORIGINAL_DECLARATION_ONLY,database/002_runtime_runs_discussion.sql,database/054_level3_integrated_closure.sql,NO_LIVE_RUN_VALUE_TIMELINE,0,NOT_OBSERVED,LITERAL_LINKS_AND_CANDIDATES_CAPTURED,RAW_HISTORICAL_WRITE_LOCATIONS_CAPTURED,RAW_HISTORICAL_READ_LOCATIONS_CAPTURED,ORIGINAL_DDL_CAPTURED_NOT_FINAL_SCHEMA,MIGRATION_CHRONOLOGY_CAPTURED_NO_LIVE_TIMELINE,TEST_REFERENCES_INDEXED_NO_LIVE_SAMPLES,NOT_STARTED,,,,docs/plans/authority-field-audit-v2/
F0087,discussion_sessions#15,discussion_sessions,allow_free_text,15,1,YES,cfea5155712c0ff416e40ff59e0c49c615fcb4a8,database/002_runtime_runs_discussion.sql:L38,,0,NOT_ADJUDICATED,8,4,DIRECT_OR_COMPUTED,database/028_sprint5_round_event_link.sql:L27@TOP_LEVEL[INSERT explicit column]{DIRECT_OR_COMPUTED} | database/028_sprint5_round_event_link.sql:L5@s5_mirror_round_for_audit[INSERT explicit column]{DIRECT_OR_COMPUTED},39,17,0,0,database/002_runtime_runs_discussion.sql:L389@s2_refresh_discussion[SELECT * INTO row] | database/002_runtime_runs_discussion.sql:L462@s2_open_vote[SELECT * INTO row],database/002_runtime_runs_discussion.sql:L38,"  show_initial_choices boolean not null default false,",NOT_NULL|DEFAULT,NOT_VERIFIED_ORIGINAL_DECLARATION_ONLY,database/002_runtime_runs_discussion.sql,database/035_sprint6_focused_audit_corrections.sql,NO_LIVE_RUN_VALUE_TIMELINE,0,NOT_OBSERVED,LITERAL_LINKS_AND_CANDIDATES_CAPTURED,RAW_HISTORICAL_WRITE_LOCATIONS_CAPTURED,RAW_HISTORICAL_READ_LOCATIONS_CAPTURED,ORIGINAL_DDL_CAPTURED_NOT_FINAL_SCHEMA,MIGRATION_CHRONOLOGY_CAPTURED_NO_LIVE_TIMELINE,TEST_REFERENCES_INDEXED_NO_LIVE_SAMPLES,NOT_STARTED,,,,docs/plans/authority-field-audit-v2/
F0088,discussion_sessions#16,discussion_sessions,require_final_vote,16,1,YES,cfea5155712c0ff416e40ff59e0c49c615fcb4a8,database/002_runtime_runs_discussion.sql:L39,,0,NOT_ADJUDICATED,18,9,DIRECT_OR_COMPUTED,database/002_runtime_runs_discussion.sql:L342@s2_open_discussion[INSERT explicit column]{DIRECT_OR_COMPUTED} | database/002_runtime_runs_discussion.sql:L735@s2_submit_vote[INSERT explicit column]{DIRECT_OR_COMPUTED},46,16,1,0,database/002_runtime_runs_discussion.sql:L1057@s2_get_teacher_state[qualified/rowtype field reference] | database/002_runtime_runs_discussion.sql:L389@s2_refresh_discussion[SELECT * INTO row],database/002_runtime_runs_discussion.sql:L39,"  allow_free_text boolean not null default true,",NOT_NULL|DEFAULT,NOT_VERIFIED_ORIGINAL_DECLARATION_ONLY,database/002_runtime_runs_discussion.sql,database/054_level3_integrated_closure.sql,NO_LIVE_RUN_VALUE_TIMELINE,0,NOT_OBSERVED,LITERAL_LINKS_AND_CANDIDATES_CAPTURED,RAW_HISTORICAL_WRITE_LOCATIONS_CAPTURED,RAW_HISTORICAL_READ_LOCATIONS_CAPTURED,ORIGINAL_DDL_CAPTURED_NOT_FINAL_SCHEMA,MIGRATION_CHRONOLOGY_CAPTURED_NO_LIVE_TIMELINE,TEST_REFERENCES_INDEXED_NO_LIVE_SAMPLES,NOT_STARTED,,,,docs/plans/authority-field-audit-v2/
F0089,discussion_sessions#17,discussion_sessions,vote_options,17,1,YES,cfea5155712c0ff416e40ff59e0c49c615fcb4a8,database/002_runtime_runs_discussion.sql:L40,,0,NOT_ADJUDICATED,18,9,DIRECT_OR_COMPUTED,database/002_runtime_runs_discussion.sql:L342@s2_open_discussion[INSERT explicit column]{DIRECT_OR_COMPUTED} | database/002_runtime_runs_discussion.sql:L735@s2_submit_vote[INSERT explicit column]{DIRECT_OR_COMPUTED},49,16,1,0,database/002_runtime_runs_discussion.sql:L1058@s2_get_teacher_state[qualified/rowtype field reference] | database/002_runtime_runs_discussion.sql:L389@s2_refresh_discussion[SELECT * INTO row],database/002_runtime_runs_discussion.sql:L40,"  require_final_vote boolean not null default true,",NOT_NULL|DEFAULT,NOT_VERIFIED_ORIGINAL_DECLARATION_ONLY,database/002_runtime_runs_discussion.sql,database/054_level3_integrated_closure.sql,NO_LIVE_RUN_VALUE_TIMELINE,0,NOT_OBSERVED,LITERAL_LINKS_AND_CANDIDATES_CAPTURED,RAW_HISTORICAL_WRITE_LOCATIONS_CAPTURED,RAW_HISTORICAL_READ_LOCATIONS_CAPTURED,ORIGINAL_DDL_CAPTURED_NOT_FINAL_SCHEMA,MIGRATION_CHRONOLOGY_CAPTURED_NO_LIVE_TIMELINE,TEST_REFERENCES_INDEXED_NO_LIVE_SAMPLES,NOT_STARTED,,,,docs/plans/authority-field-audit-v2/
F0090,discussion_sessions#18,discussion_sessions,tie_policy,18,1,YES,cfea5155712c0ff416e40ff59e0c49c615fcb4a8,database/002_runtime_runs_discussion.sql:L41,,0,NOT_ADJUDICATED,18,9,DIRECT_OR_COMPUTED,database/002_runtime_runs_discussion.sql:L342@s2_open_discussion[INSERT explicit column]{DIRECT_OR_COMPUTED} | database/002_runtime_runs_discussion.sql:L735@s2_submit_vote[INSERT explicit column]{DIRECT_OR_COMPUTED},53,16,0,0,database/002_runtime_runs_discussion.sql:L1059@s2_get_teacher_state[qualified/rowtype field reference] | database/002_runtime_runs_discussion.sql:L389@s2_refresh_discussion[SELECT * INTO row],database/002_runtime_runs_discussion.sql:L41,"  vote_options jsonb not null default '[]'::jsonb,",NOT_NULL|DEFAULT,NOT_VERIFIED_ORIGINAL_DECLARATION_ONLY,database/002_runtime_runs_discussion.sql,database/054_level3_integrated_closure.sql,NO_LIVE_RUN_VALUE_TIMELINE,0,NOT_OBSERVED,LITERAL_LINKS_AND_CANDIDATES_CAPTURED,RAW_HISTORICAL_WRITE_LOCATIONS_CAPTURED,RAW_HISTORICAL_READ_LOCATIONS_CAPTURED,ORIGINAL_DDL_CAPTURED_NOT_FINAL_SCHEMA,MIGRATION_CHRONOLOGY_CAPTURED_NO_LIVE_TIMELINE,TEST_REFERENCES_INDEXED_NO_LIVE_SAMPLES,NOT_STARTED,,,,docs/plans/authority-field-audit-v2/
F0091,discussion_sessions#19,discussion_sessions,revote_window_sec,19,1,YES,cfea5155712c0ff416e40ff59e0c49c615fcb4a8,database/002_runtime_runs_discussion.sql:L43,,0,NOT_ADJUDICATED,13,6,DIRECT_OR_COMPUTED,database/002_runtime_runs_discussion.sql:L342@s2_open_discussion[INSERT explicit column]{DIRECT_OR_COMPUTED} | database/002_runtime_runs_discussion.sql:L735@s2_submit_vote[INSERT explicit column]{DIRECT_OR_COMPUTED},44,16,0,0,database/002_runtime_runs_discussion.sql:L389@s2_refresh_discussion[SELECT * INTO row] | database/002_runtime_runs_discussion.sql:L462@s2_open_vote[SELECT * INTO row],database/002_runtime_runs_discussion.sql:L43,"    check (tie_policy in ('SINGLE_REVOTE_THEN_FALLBACK', 'REPEAT_UNTIL_MAJORITY', 'NO_TIE_POSSIBLE')),",CHECK,NOT_VERIFIED_ORIGINAL_DECLARATION_ONLY,database/002_runtime_runs_discussion.sql,database/054_level3_integrated_closure.sql,NO_LIVE_RUN_VALUE_TIMELINE,0,NOT_OBSERVED,LITERAL_LINKS_AND_CANDIDATES_CAPTURED,RAW_HISTORICAL_WRITE_LOCATIONS_CAPTURED,RAW_HISTORICAL_READ_LOCATIONS_CAPTURED,ORIGINAL_DDL_CAPTURED_NOT_FINAL_SCHEMA,MIGRATION_CHRONOLOGY_CAPTURED_NO_LIVE_TIMELINE,TEST_REFERENCES_INDEXED_NO_LIVE_SAMPLES,NOT_STARTED,,,,docs/plans/authority-field-audit-v2/
F0092,discussion_sessions#20,discussion_sessions,max_revotes,20,1,YES,cfea5155712c0ff416e40ff59e0c49c615fcb4a8,database/002_runtime_runs_discussion.sql:L44,,0,NOT_ADJUDICATED,13,6,DIRECT_OR_COMPUTED,database/002_runtime_runs_discussion.sql:L342@s2_open_discussion[INSERT explicit column]{DIRECT_OR_COMPUTED} | database/002_runtime_runs_discussion.sql:L735@s2_submit_vote[INSERT explicit column]{DIRECT_OR_COMPUTED},44,16,0,0,database/002_runtime_runs_discussion.sql:L389@s2_refresh_discussion[SELECT * INTO row] | database/002_runtime_runs_discussion.sql:L462@s2_open_vote[SELECT * INTO row],database/002_runtime_runs_discussion.sql:L44,"  revote_window_sec integer,",NO_INLINE_MARKER,NOT_VERIFIED_ORIGINAL_DECLARATION_ONLY,database/002_runtime_runs_discussion.sql,database/054_level3_integrated_closure.sql,NO_LIVE_RUN_VALUE_TIMELINE,0,NOT_OBSERVED,LITERAL_LINKS_AND_CANDIDATES_CAPTURED,RAW_HISTORICAL_WRITE_LOCATIONS_CAPTURED,RAW_HISTORICAL_READ_LOCATIONS_CAPTURED,ORIGINAL_DDL_CAPTURED_NOT_FINAL_SCHEMA,MIGRATION_CHRONOLOGY_CAPTURED_NO_LIVE_TIMELINE,TEST_REFERENCES_INDEXED_NO_LIVE_SAMPLES,NOT_STARTED,,,,docs/plans/authority-field-audit-v2/
F0093,discussion_sessions#21,discussion_sessions,fallback_resolution,21,1,YES,cfea5155712c0ff416e40ff59e0c49c615fcb4a8,database/002_runtime_runs_discussion.sql:L45,,0,NOT_ADJUDICATED,13,6,DIRECT_OR_COMPUTED,database/002_runtime_runs_discussion.sql:L342@s2_open_discussion[INSERT explicit column]{DIRECT_OR_COMPUTED} | database/002_runtime_runs_discussion.sql:L735@s2_submit_vote[INSERT explicit column]{DIRECT_OR_COMPUTED},62,16,3,0,database/002_runtime_runs_discussion.sql:L389@s2_refresh_discussion[SELECT * INTO row] | database/002_runtime_runs_discussion.sql:L462@s2_open_vote[SELECT * INTO row],database/002_runtime_runs_discussion.sql:L45,"  max_revotes integer,",NO_INLINE_MARKER,NOT_VERIFIED_ORIGINAL_DECLARATION_ONLY,database/002_runtime_runs_discussion.sql,database/054_level3_integrated_closure.sql,NO_LIVE_RUN_VALUE_TIMELINE,0,NOT_OBSERVED,LITERAL_LINKS_AND_CANDIDATES_CAPTURED,RAW_HISTORICAL_WRITE_LOCATIONS_CAPTURED,RAW_HISTORICAL_READ_LOCATIONS_CAPTURED,ORIGINAL_DDL_CAPTURED_NOT_FINAL_SCHEMA,MIGRATION_CHRONOLOGY_CAPTURED_NO_LIVE_TIMELINE,TEST_REFERENCES_INDEXED_NO_LIVE_SAMPLES,NOT_STARTED,,,,docs/plans/authority-field-audit-v2/
F0094,discussion_sessions#22,discussion_sessions,discussion_timeout_policy,22,1,YES,cfea5155712c0ff416e40ff59e0c49c615fcb4a8,database/002_runtime_runs_discussion.sql:L46,,0,NOT_ADJUDICATED,0,0,NONE,,36,16,0,0,database/002_runtime_runs_discussion.sql:L389@s2_refresh_discussion[SELECT * INTO row] | database/002_runtime_runs_discussion.sql:L462@s2_open_vote[SELECT * INTO row],database/002_runtime_runs_discussion.sql:L46,"  fallback_resolution text,",NO_INLINE_MARKER,NOT_VERIFIED_ORIGINAL_DECLARATION_ONLY,database/002_runtime_runs_discussion.sql,NO_RAW_WRITE,NO_LIVE_RUN_VALUE_TIMELINE,0,NOT_OBSERVED,LITERAL_LINKS_AND_CANDIDATES_CAPTURED,RAW_HISTORICAL_WRITE_LOCATIONS_CAPTURED,RAW_HISTORICAL_READ_LOCATIONS_CAPTURED,ORIGINAL_DDL_CAPTURED_NOT_FINAL_SCHEMA,MIGRATION_CHRONOLOGY_CAPTURED_NO_LIVE_TIMELINE,TEST_REFERENCES_INDEXED_NO_LIVE_SAMPLES,NOT_STARTED,,,,docs/plans/authority-field-audit-v2/
F0095,discussion_sessions#23,discussion_sessions,vote_timeout_policy,23,1,YES,cfea5155712c0ff416e40ff59e0c49c615fcb4a8,database/002_runtime_runs_discussion.sql:L47,,0,NOT_ADJUDICATED,0,0,NONE,,36,16,0,0,database/002_runtime_runs_discussion.sql:L389@s2_refresh_discussion[SELECT * INTO row] | database/002_runtime_runs_discussion.sql:L462@s2_open_vote[SELECT * INTO row],database/002_runtime_runs_discussion.sql:L47,"  discussion_timeout_policy text not null default 'END_DISCUSSION_AND_OPEN_VOTE',",NOT_NULL|DEFAULT,NOT_VERIFIED_ORIGINAL_DECLARATION_ONLY,database/002_runtime_runs_discussion.sql,NO_RAW_WRITE,NO_LIVE_RUN_VALUE_TIMELINE,0,NOT_OBSERVED,LITERAL_LINKS_AND_CANDIDATES_CAPTURED,RAW_HISTORICAL_WRITE_LOCATIONS_CAPTURED,RAW_HISTORICAL_READ_LOCATIONS_CAPTURED,ORIGINAL_DDL_CAPTURED_NOT_FINAL_SCHEMA,MIGRATION_CHRONOLOGY_CAPTURED_NO_LIVE_TIMELINE,TEST_REFERENCES_INDEXED_NO_LIVE_SAMPLES,NOT_STARTED,,,,docs/plans/authority-field-audit-v2/
F0096,discussion_sessions#24,discussion_sessions,discussion_time_limit_sec,24,1,YES,cfea5155712c0ff416e40ff59e0c49c615fcb4a8,database/002_runtime_runs_discussion.sql:L48,,0,NOT_ADJUDICATED,18,9,DIRECT_OR_COMPUTED,database/002_runtime_runs_discussion.sql:L342@s2_open_discussion[INSERT explicit column]{DIRECT_OR_COMPUTED} | database/002_runtime_runs_discussion.sql:L735@s2_submit_vote[INSERT explicit column]{DIRECT_OR_COMPUTED},44,16,0,0,database/002_runtime_runs_discussion.sql:L389@s2_refresh_discussion[SELECT * INTO row] | database/002_runtime_runs_discussion.sql:L462@s2_open_vote[SELECT * INTO row],database/002_runtime_runs_discussion.sql:L48,"  vote_timeout_policy text not null default 'WAIT_FOR_MISSING_PLAYER',",NOT_NULL|DEFAULT,NOT_VERIFIED_ORIGINAL_DECLARATION_ONLY,database/002_runtime_runs_discussion.sql,database/054_level3_integrated_closure.sql,NO_LIVE_RUN_VALUE_TIMELINE,0,NOT_OBSERVED,LITERAL_LINKS_AND_CANDIDATES_CAPTURED,RAW_HISTORICAL_WRITE_LOCATIONS_CAPTURED,RAW_HISTORICAL_READ_LOCATIONS_CAPTURED,ORIGINAL_DDL_CAPTURED_NOT_FINAL_SCHEMA,MIGRATION_CHRONOLOGY_CAPTURED_NO_LIVE_TIMELINE,TEST_REFERENCES_INDEXED_NO_LIVE_SAMPLES,NOT_STARTED,,,,docs/plans/authority-field-audit-v2/
F0097,discussion_sessions#25,discussion_sessions,vote_time_limit_sec,25,1,YES,cfea5155712c0ff416e40ff59e0c49c615fcb4a8,database/002_runtime_runs_discussion.sql:L49,,0,NOT_ADJUDICATED,18,9,DIRECT_OR_COMPUTED,database/002_runtime_runs_discussion.sql:L342@s2_open_discussion[INSERT explicit column]{DIRECT_OR_COMPUTED} | database/002_runtime_runs_discussion.sql:L735@s2_submit_vote[INSERT explicit column]{DIRECT_OR_COMPUTED},42,16,0,0,database/002_runtime_runs_discussion.sql:L389@s2_refresh_discussion[SELECT * INTO row] | database/002_runtime_runs_discussion.sql:L404@s2_refresh_discussion[qualified/rowtype field reference],database/002_runtime_runs_discussion.sql:L49,"  discussion_time_limit_sec integer not null,",NOT_NULL,NOT_VERIFIED_ORIGINAL_DECLARATION_ONLY,database/002_runtime_runs_discussion.sql,database/054_level3_integrated_closure.sql,NO_LIVE_RUN_VALUE_TIMELINE,0,NOT_OBSERVED,LITERAL_LINKS_AND_CANDIDATES_CAPTURED,RAW_HISTORICAL_WRITE_LOCATIONS_CAPTURED,RAW_HISTORICAL_READ_LOCATIONS_CAPTURED,ORIGINAL_DDL_CAPTURED_NOT_FINAL_SCHEMA,MIGRATION_CHRONOLOGY_CAPTURED_NO_LIVE_TIMELINE,TEST_REFERENCES_INDEXED_NO_LIVE_SAMPLES,NOT_STARTED,,,,docs/plans/authority-field-audit-v2/
F0098,discussion_sessions#26,discussion_sessions,silent_texting_mode,26,2,NO,cfea5155712c0ff416e40ff59e0c49c615fcb4a8,database/002_runtime_runs_discussion.sql:L50,,0,NOT_ADJUDICATED,18,9,DIRECT_OR_COMPUTED,database/002_runtime_runs_discussion.sql:L342@s2_open_discussion[INSERT explicit column]{DIRECT_OR_COMPUTED} | database/002_runtime_runs_discussion.sql:L735@s2_submit_vote[INSERT explicit column]{DIRECT_OR_COMPUTED},49,18,0,0,database/002_runtime_runs_discussion.sql:L1060@s2_get_teacher_state[qualified/rowtype field reference] | database/002_runtime_runs_discussion.sql:L360@s2_open_discussion[qualified/rowtype field reference],database/002_runtime_runs_discussion.sql:L50,"  vote_time_limit_sec integer not null,",NOT_NULL,NOT_VERIFIED_ORIGINAL_DECLARATION_ONLY,database/002_runtime_runs_discussion.sql,database/054_level3_integrated_closure.sql,NO_LIVE_RUN_VALUE_TIMELINE,0,NOT_OBSERVED,LITERAL_LINKS_AND_CANDIDATES_CAPTURED,RAW_HISTORICAL_WRITE_LOCATIONS_CAPTURED,RAW_HISTORICAL_READ_LOCATIONS_CAPTURED,ORIGINAL_DDL_CAPTURED_NOT_FINAL_SCHEMA,MIGRATION_CHRONOLOGY_CAPTURED_NO_LIVE_TIMELINE,TEST_REFERENCES_INDEXED_NO_LIVE_SAMPLES,NOT_STARTED,,,,docs/plans/authority-field-audit-v2/
F0099,discussion_sessions#27,discussion_sessions,allow_pocket,27,1,YES,cfea5155712c0ff416e40ff59e0c49c615fcb4a8,database/029_sprint5_canonical_discussion_localization.sql:L4,,0,NOT_ADJUDICATED,3,1,DIRECT_OR_COMPUTED,database/029_sprint5_canonical_discussion_localization.sql:L32@s5_configure_discussion[UPDATE SET]{DIRECT_OR_COMPUTED} | database/031_sprint5_focused_reaudit_corrections.sql:L9@s5_configure_discussion[UPDATE SET]{DIRECT_OR_COMPUTED},36,16,0,0,database/002_runtime_runs_discussion.sql:L389@s2_refresh_discussion[SELECT * INTO row] | database/002_runtime_runs_discussion.sql:L462@s2_open_vote[SELECT * INTO row],database/029_sprint5_canonical_discussion_localization.sql:L4,alter table public.discussion_sessions add column if not exists allow_pocket boolean not null default false;,NOT_NULL|DEFAULT,NOT_VERIFIED_ORIGINAL_DECLARATION_ONLY,database/029_sprint5_canonical_discussion_localization.sql,database/032_sprint5_discussion_creation_restore.sql,NO_LIVE_RUN_VALUE_TIMELINE,0,NOT_OBSERVED,LITERAL_LINKS_AND_CANDIDATES_CAPTURED,RAW_HISTORICAL_WRITE_LOCATIONS_CAPTURED,RAW_HISTORICAL_READ_LOCATIONS_CAPTURED,ORIGINAL_DDL_CAPTURED_NOT_FINAL_SCHEMA,MIGRATION_CHRONOLOGY_CAPTURED_NO_LIVE_TIMELINE,TEST_REFERENCES_INDEXED_NO_LIVE_SAMPLES,NOT_STARTED,,,,docs/plans/authority-field-audit-v2/
F0100,discussion_sessions#28,discussion_sessions,allow_memories_observations,28,1,YES,cfea5155712c0ff416e40ff59e0c49c615fcb4a8,database/029_sprint5_canonical_discussion_localization.sql:L5,,0,NOT_ADJUDICATED,3,1,DIRECT_OR_COMPUTED,database/029_sprint5_canonical_discussion_localization.sql:L32@s5_configure_discussion[UPDATE SET]{DIRECT_OR_COMPUTED} | database/031_sprint5_focused_reaudit_corrections.sql:L9@s5_configure_discussion[UPDATE SET]{DIRECT_OR_COMPUTED},36,16,0,0,database/002_runtime_runs_discussion.sql:L389@s2_refresh_discussion[SELECT * INTO row] | database/002_runtime_runs_discussion.sql:L462@s2_open_vote[SELECT * INTO row],database/029_sprint5_canonical_discussion_localization.sql:L5,alter table public.discussion_sessions add column if not exists allow_memories_observations boolean not null default false;,NOT_NULL|DEFAULT,NOT_VERIFIED_ORIGINAL_DECLARATION_ONLY,database/029_sprint5_canonical_discussion_localization.sql,database/032_sprint5_discussion_creation_restore.sql,NO_LIVE_RUN_VALUE_TIMELINE,0,NOT_OBSERVED,LITERAL_LINKS_AND_CANDIDATES_CAPTURED,RAW_HISTORICAL_WRITE_LOCATIONS_CAPTURED,RAW_HISTORICAL_READ_LOCATIONS_CAPTURED,ORIGINAL_DDL_CAPTURED_NOT_FINAL_SCHEMA,MIGRATION_CHRONOLOGY_CAPTURED_NO_LIVE_TIMELINE,TEST_REFERENCES_INDEXED_NO_LIVE_SAMPLES,NOT_STARTED,,,,docs/plans/authority-field-audit-v2/
F0101,discussion_sessions#29,discussion_sessions,allow_share_photo,29,2,NO,cfea5155712c0ff416e40ff59e0c49c615fcb4a8,database/029_sprint5_canonical_discussion_localization.sql:L6,,0,NOT_ADJUDICATED,3,1,DIRECT_OR_COMPUTED,database/029_sprint5_canonical_discussion_localization.sql:L33@s5_configure_discussion[UPDATE SET]{DIRECT_OR_COMPUTED} | database/031_sprint5_focused_reaudit_corrections.sql:L9@s5_configure_discussion[UPDATE SET]{DIRECT_OR_COMPUTED},36,16,0,0,database/002_runtime_runs_discussion.sql:L389@s2_refresh_discussion[SELECT * INTO row] | database/002_runtime_runs_discussion.sql:L462@s2_open_vote[SELECT * INTO row],database/029_sprint5_canonical_discussion_localization.sql:L6,alter table public.discussion_sessions add column if not exists allow_share_photo boolean not null default false;,NOT_NULL|DEFAULT,NOT_VERIFIED_ORIGINAL_DECLARATION_ONLY,database/029_sprint5_canonical_discussion_localization.sql,database/032_sprint5_discussion_creation_restore.sql,NO_LIVE_RUN_VALUE_TIMELINE,0,NOT_OBSERVED,LITERAL_LINKS_AND_CANDIDATES_CAPTURED,RAW_HISTORICAL_WRITE_LOCATIONS_CAPTURED,RAW_HISTORICAL_READ_LOCATIONS_CAPTURED,ORIGINAL_DDL_CAPTURED_NOT_FINAL_SCHEMA,MIGRATION_CHRONOLOGY_CAPTURED_NO_LIVE_TIMELINE,TEST_REFERENCES_INDEXED_NO_LIVE_SAMPLES,NOT_STARTED,,,,docs/plans/authority-field-audit-v2/
F0102,game_runs#01,game_runs,run_id,1,36,NO,cfea5155712c0ff416e40ff59e0c49c615fcb4a8,database/002_runtime_runs_discussion.sql:L5,,0,NOT_ADJUDICATED,0,0,NONE,,835,92,0,1,database/002_runtime_runs_discussion.sql:L1002@s2_get_teacher_state[qualified/rowtype field reference] | database/002_runtime_runs_discussion.sql:L1038@s2_get_teacher_state[qualified/rowtype field reference],database/002_runtime_runs_discussion.sql:L5,create table if not exists public.game_runs (,NO_INLINE_MARKER,NOT_VERIFIED_ORIGINAL_DECLARATION_ONLY,database/002_runtime_runs_discussion.sql,NO_RAW_WRITE,NO_LIVE_RUN_VALUE_TIMELINE,0,NOT_OBSERVED,LITERAL_LINKS_AND_CANDIDATES_CAPTURED,RAW_HISTORICAL_WRITE_LOCATIONS_CAPTURED,RAW_HISTORICAL_READ_LOCATIONS_CAPTURED,ORIGINAL_DDL_CAPTURED_NOT_FINAL_SCHEMA,MIGRATION_CHRONOLOGY_CAPTURED_NO_LIVE_TIMELINE,TEST_REFERENCES_INDEXED_NO_LIVE_SAMPLES,NOT_STARTED,,,,docs/plans/authority-field-audit-v2/
F0103,game_runs#02,game_runs,room_code,2,7,NO,cfea5155712c0ff416e40ff59e0c49c615fcb4a8,database/002_runtime_runs_discussion.sql:L6,,0,NOT_ADJUDICATED,1,1,DIRECT_OR_COMPUTED,database/002_runtime_runs_discussion.sql:L206@s2_start_run[INSERT explicit column]{DIRECT_OR_COMPUTED},44,28,0,1,database/002_runtime_runs_discussion.sql:L114@s2_protect_run_identity[OLD.field trigger reference] | database/002_runtime_runs_discussion.sql:L138@s2_get_active_run[qualified/rowtype field reference],database/002_runtime_runs_discussion.sql:L6,"  run_id uuid primary key default gen_random_uuid(),",PRIMARY_KEY|DEFAULT,NOT_VERIFIED_ORIGINAL_DECLARATION_ONLY,database/002_runtime_runs_discussion.sql,database/002_runtime_runs_discussion.sql,NO_LIVE_RUN_VALUE_TIMELINE,0,NOT_OBSERVED,LITERAL_LINKS_AND_CANDIDATES_CAPTURED,RAW_HISTORICAL_WRITE_LOCATIONS_CAPTURED,RAW_HISTORICAL_READ_LOCATIONS_CAPTURED,ORIGINAL_DDL_CAPTURED_NOT_FINAL_SCHEMA,MIGRATION_CHRONOLOGY_CAPTURED_NO_LIVE_TIMELINE,TEST_REFERENCES_INDEXED_NO_LIVE_SAMPLES,NOT_STARTED,,,,docs/plans/authority-field-audit-v2/
F0104,game_runs#03,game_runs,run_started_at,3,1,YES,cfea5155712c0ff416e40ff59e0c49c615fcb4a8,database/002_runtime_runs_discussion.sql:L7,s1_rooms#room_code,0,NOT_ADJUDICATED,0,0,NONE,,50,31,0,1,database/002_runtime_runs_discussion.sql:L1044@s2_get_teacher_state[qualified/rowtype field reference] | database/002_runtime_runs_discussion.sql:L115@s2_protect_run_identity[OLD.field trigger reference],database/002_runtime_runs_discussion.sql:L7,"  room_code text not null references public.s1_rooms(room_code),",NOT_NULL|REFERENCES,NOT_VERIFIED_ORIGINAL_DECLARATION_ONLY,database/002_runtime_runs_discussion.sql,NO_RAW_WRITE,NO_LIVE_RUN_VALUE_TIMELINE,0,NOT_OBSERVED,LITERAL_LINKS_AND_CANDIDATES_CAPTURED,RAW_HISTORICAL_WRITE_LOCATIONS_CAPTURED,RAW_HISTORICAL_READ_LOCATIONS_CAPTURED,ORIGINAL_DDL_CAPTURED_NOT_FINAL_SCHEMA,MIGRATION_CHRONOLOGY_CAPTURED_NO_LIVE_TIMELINE,TEST_REFERENCES_INDEXED_NO_LIVE_SAMPLES,NOT_STARTED,,,,docs/plans/authority-field-audit-v2/
F0105,game_runs#04,game_runs,run_mode,4,1,YES,cfea5155712c0ff416e40ff59e0c49c615fcb4a8,database/002_runtime_runs_discussion.sql:L8,,0,NOT_ADJUDICATED,1,1,DIRECT_OR_COMPUTED,database/002_runtime_runs_discussion.sql:L206@s2_start_run[INSERT explicit column]{DIRECT_OR_COMPUTED},67,38,10,1,database/002_runtime_runs_discussion.sql:L1045@s2_get_teacher_state[qualified/rowtype field reference] | database/002_runtime_runs_discussion.sql:L116@s2_protect_run_identity[OLD.field trigger reference],database/002_runtime_runs_discussion.sql:L8,"  run_started_at timestamptz not null default now(),",NOT_NULL|DEFAULT,NOT_VERIFIED_ORIGINAL_DECLARATION_ONLY,database/002_runtime_runs_discussion.sql,database/002_runtime_runs_discussion.sql,NO_LIVE_RUN_VALUE_TIMELINE,0,NOT_OBSERVED,LITERAL_LINKS_AND_CANDIDATES_CAPTURED,RAW_HISTORICAL_WRITE_LOCATIONS_CAPTURED,RAW_HISTORICAL_READ_LOCATIONS_CAPTURED,ORIGINAL_DDL_CAPTURED_NOT_FINAL_SCHEMA,MIGRATION_CHRONOLOGY_CAPTURED_NO_LIVE_TIMELINE,TEST_REFERENCES_INDEXED_NO_LIVE_SAMPLES,NOT_STARTED,,,,docs/plans/authority-field-audit-v2/
F0106,game_runs#05,game_runs,behavior_dataset_eligible,5,1,YES,cfea5155712c0ff416e40ff59e0c49c615fcb4a8,database/002_runtime_runs_discussion.sql:L9,,0,NOT_ADJUDICATED,1,1,DIRECT_OR_COMPUTED,database/002_runtime_runs_discussion.sql:L206@s2_start_run[INSERT explicit column]{DIRECT_OR_COMPUTED},43,29,5,1,database/002_runtime_runs_discussion.sql:L1046@s2_get_teacher_state[qualified/rowtype field reference] | database/002_runtime_runs_discussion.sql:L117@s2_protect_run_identity[OLD.field trigger reference],database/002_runtime_runs_discussion.sql:L9,"  run_mode text not null check (run_mode in ('normal', 'audit')),",NOT_NULL|CHECK,NOT_VERIFIED_ORIGINAL_DECLARATION_ONLY,database/002_runtime_runs_discussion.sql,database/002_runtime_runs_discussion.sql,NO_LIVE_RUN_VALUE_TIMELINE,0,NOT_OBSERVED,LITERAL_LINKS_AND_CANDIDATES_CAPTURED,RAW_HISTORICAL_WRITE_LOCATIONS_CAPTURED,RAW_HISTORICAL_READ_LOCATIONS_CAPTURED,ORIGINAL_DDL_CAPTURED_NOT_FINAL_SCHEMA,MIGRATION_CHRONOLOGY_CAPTURED_NO_LIVE_TIMELINE,TEST_REFERENCES_INDEXED_NO_LIVE_SAMPLES,NOT_STARTED,,,,docs/plans/authority-field-audit-v2/
F0107,game_runs#06,game_runs,status,6,4,NO,cfea5155712c0ff416e40ff59e0c49c615fcb4a8,database/002_runtime_runs_discussion.sql:L10,,0,NOT_ADJUDICATED,2,1,DIRECT_OR_COMPUTED,database/048_sprint8_focused_level1_corrections.sql:L72@s8_finalize[UPDATE SET]{DIRECT_OR_COMPUTED} | database/049_sprint8_final_closure.sql:L169@s8_finalize[UPDATE SET]{DIRECT_OR_COMPUTED},38,26,0,0,database/002_runtime_runs_discussion.sql:L139@s2_get_active_run[qualified/rowtype field reference] | database/002_runtime_runs_discussion.sql:L262@s2_open_discussion[SELECT * INTO row],database/002_runtime_runs_discussion.sql:L10,"  behavior_dataset_eligible boolean not null,",NOT_NULL,NOT_VERIFIED_ORIGINAL_DECLARATION_ONLY,database/002_runtime_runs_discussion.sql,database/049_sprint8_final_closure.sql,NO_LIVE_RUN_VALUE_TIMELINE,0,NOT_OBSERVED,LITERAL_LINKS_AND_CANDIDATES_CAPTURED,RAW_HISTORICAL_WRITE_LOCATIONS_CAPTURED,RAW_HISTORICAL_READ_LOCATIONS_CAPTURED,ORIGINAL_DDL_CAPTURED_NOT_FINAL_SCHEMA,MIGRATION_CHRONOLOGY_CAPTURED_NO_LIVE_TIMELINE,TEST_REFERENCES_INDEXED_NO_LIVE_SAMPLES,NOT_STARTED,,,,docs/plans/authority-field-audit-v2/
F0108,game_runs#07,game_runs,scene_id,7,11,NO,cfea5155712c0ff416e40ff59e0c49c615fcb4a8,database/002_runtime_runs_discussion.sql:L11,,0,NOT_ADJUDICATED,3,1,DIRECT_OR_COMPUTED,database/046_sprint8_act14_finalization_export.sql:L56@s8_finalize[UPDATE SET]{DIRECT_OR_COMPUTED} | database/048_sprint8_focused_level1_corrections.sql:L72@s8_finalize[UPDATE SET]{DIRECT_OR_COMPUTED},39,24,0,0,database/002_runtime_runs_discussion.sql:L262@s2_open_discussion[SELECT * INTO row] | database/002_runtime_runs_discussion.sql:L349@s2_open_discussion[qualified/rowtype field reference],database/002_runtime_runs_discussion.sql:L11,"  status text not null default 'active' check (status in ('active', 'completed')),",NOT_NULL|DEFAULT|CHECK,NOT_VERIFIED_ORIGINAL_DECLARATION_ONLY,database/002_runtime_runs_discussion.sql,database/049_sprint8_final_closure.sql,NO_LIVE_RUN_VALUE_TIMELINE,0,NOT_OBSERVED,LITERAL_LINKS_AND_CANDIDATES_CAPTURED,RAW_HISTORICAL_WRITE_LOCATIONS_CAPTURED,RAW_HISTORICAL_READ_LOCATIONS_CAPTURED,ORIGINAL_DDL_CAPTURED_NOT_FINAL_SCHEMA,MIGRATION_CHRONOLOGY_CAPTURED_NO_LIVE_TIMELINE,TEST_REFERENCES_INDEXED_NO_LIVE_SAMPLES,NOT_STARTED,,,,docs/plans/authority-field-audit-v2/
F0109,game_runs#08,game_runs,phase_key,8,13,NO,cfea5155712c0ff416e40ff59e0c49c615fcb4a8,database/002_runtime_runs_discussion.sql:L12,,0,NOT_ADJUDICATED,3,1,DIRECT_OR_COMPUTED,database/046_sprint8_act14_finalization_export.sql:L56@s8_finalize[UPDATE SET]{DIRECT_OR_COMPUTED} | database/048_sprint8_focused_level1_corrections.sql:L72@s8_finalize[UPDATE SET]{DIRECT_OR_COMPUTED},41,24,0,0,database/002_runtime_runs_discussion.sql:L262@s2_open_discussion[SELECT * INTO row] | database/002_runtime_runs_discussion.sql:L349@s2_open_discussion[qualified/rowtype field reference],database/002_runtime_runs_discussion.sql:L12,"  scene_id text not null default 'generic-discussion',",NOT_NULL|DEFAULT,NOT_VERIFIED_ORIGINAL_DECLARATION_ONLY,database/002_runtime_runs_discussion.sql,database/049_sprint8_final_closure.sql,NO_LIVE_RUN_VALUE_TIMELINE,0,NOT_OBSERVED,LITERAL_LINKS_AND_CANDIDATES_CAPTURED,RAW_HISTORICAL_WRITE_LOCATIONS_CAPTURED,RAW_HISTORICAL_READ_LOCATIONS_CAPTURED,ORIGINAL_DDL_CAPTURED_NOT_FINAL_SCHEMA,MIGRATION_CHRONOLOGY_CAPTURED_NO_LIVE_TIMELINE,TEST_REFERENCES_INDEXED_NO_LIVE_SAMPLES,NOT_STARTED,,,,docs/plans/authority-field-audit-v2/
F0110,game_runs#09,game_runs,step_key,9,6,NO,cfea5155712c0ff416e40ff59e0c49c615fcb4a8,database/002_runtime_runs_discussion.sql:L13,,0,NOT_ADJUDICATED,3,1,DIRECT_OR_COMPUTED,database/046_sprint8_act14_finalization_export.sql:L56@s8_finalize[UPDATE SET]{DIRECT_OR_COMPUTED} | database/048_sprint8_focused_level1_corrections.sql:L72@s8_finalize[UPDATE SET]{DIRECT_OR_COMPUTED},37,24,0,0,database/002_runtime_runs_discussion.sql:L262@s2_open_discussion[SELECT * INTO row] | database/002_runtime_runs_discussion.sql:L349@s2_open_discussion[qualified/rowtype field reference],database/002_runtime_runs_discussion.sql:L13,"  phase_key text not null default 'discussion',",NOT_NULL|DEFAULT,NOT_VERIFIED_ORIGINAL_DECLARATION_ONLY,database/002_runtime_runs_discussion.sql,database/049_sprint8_final_closure.sql,NO_LIVE_RUN_VALUE_TIMELINE,0,NOT_OBSERVED,LITERAL_LINKS_AND_CANDIDATES_CAPTURED,RAW_HISTORICAL_WRITE_LOCATIONS_CAPTURED,RAW_HISTORICAL_READ_LOCATIONS_CAPTURED,ORIGINAL_DDL_CAPTURED_NOT_FINAL_SCHEMA,MIGRATION_CHRONOLOGY_CAPTURED_NO_LIVE_TIMELINE,TEST_REFERENCES_INDEXED_NO_LIVE_SAMPLES,NOT_STARTED,,,,docs/plans/authority-field-audit-v2/
F0111,game_runs#10,game_runs,silent_texting_mode,10,2,NO,cfea5155712c0ff416e40ff59e0c49c615fcb4a8,database/002_runtime_runs_discussion.sql:L14,,0,NOT_ADJUDICATED,4,3,EXPLICIT_COPY|DIRECT_OR_COMPUTED,database/002_runtime_runs_discussion.sql:L360@s2_open_discussion[UPDATE SET]{EXPLICIT_COPY} | database/003_sprint2_discussionroom_audit_fix.sql:L135@s2_open_discussion[UPDATE SET]{EXPLICIT_COPY},34,25,0,0,database/002_runtime_runs_discussion.sql:L1047@s2_get_teacher_state[qualified/rowtype field reference] | database/002_runtime_runs_discussion.sql:L262@s2_open_discussion[SELECT * INTO row],database/002_runtime_runs_discussion.sql:L14,"  step_key text not null default 'generic-vote',",NOT_NULL|DEFAULT,NOT_VERIFIED_ORIGINAL_DECLARATION_ONLY,database/002_runtime_runs_discussion.sql,database/054_level3_integrated_closure.sql,NO_LIVE_RUN_VALUE_TIMELINE,0,NOT_OBSERVED,LITERAL_LINKS_AND_CANDIDATES_CAPTURED,RAW_HISTORICAL_WRITE_LOCATIONS_CAPTURED,RAW_HISTORICAL_READ_LOCATIONS_CAPTURED,ORIGINAL_DDL_CAPTURED_NOT_FINAL_SCHEMA,MIGRATION_CHRONOLOGY_CAPTURED_NO_LIVE_TIMELINE,TEST_REFERENCES_INDEXED_NO_LIVE_SAMPLES,NOT_STARTED,,,,docs/plans/authority-field-audit-v2/
F0112,game_runs#11,game_runs,created_at,11,11,NO,cfea5155712c0ff416e40ff59e0c49c615fcb4a8,database/002_runtime_runs_discussion.sql:L15,,0,NOT_ADJUDICATED,0,0,NONE,,30,23,0,0,database/002_runtime_runs_discussion.sql:L262@s2_open_discussion[SELECT * INTO row] | database/002_runtime_runs_discussion.sql:L398@s2_refresh_discussion[SELECT * INTO row],database/002_runtime_runs_discussion.sql:L15,"  silent_texting_mode boolean not null default false,",NOT_NULL|DEFAULT,NOT_VERIFIED_ORIGINAL_DECLARATION_ONLY,database/002_runtime_runs_discussion.sql,NO_RAW_WRITE,NO_LIVE_RUN_VALUE_TIMELINE,0,NOT_OBSERVED,LITERAL_LINKS_AND_CANDIDATES_CAPTURED,RAW_HISTORICAL_WRITE_LOCATIONS_CAPTURED,RAW_HISTORICAL_READ_LOCATIONS_CAPTURED,ORIGINAL_DDL_CAPTURED_NOT_FINAL_SCHEMA,MIGRATION_CHRONOLOGY_CAPTURED_NO_LIVE_TIMELINE,TEST_REFERENCES_INDEXED_NO_LIVE_SAMPLES,NOT_STARTED,,,,docs/plans/authority-field-audit-v2/
F0113,game_runs#12,game_runs,audit_private_debug_view,12,1,YES,cfea5155712c0ff416e40ff59e0c49c615fcb4a8,database/014b_sprint3b_targeted_closure_corrections.sql:L5,,0,NOT_ADJUDICATED,2,2,DIRECT_OR_COMPUTED,database/014b_sprint3b_targeted_closure_corrections.sql:L197@s3b_audit_set_private_debug_view[UPDATE SET]{DIRECT_OR_COMPUTED} | database/043_sprint7_teacher_console.sql:L17@s7_set_audit_private_debug[UPDATE SET]{DIRECT_OR_COMPUTED},36,24,4,0,database/002_runtime_runs_discussion.sql:L262@s2_open_discussion[SELECT * INTO row] | database/002_runtime_runs_discussion.sql:L398@s2_refresh_discussion[SELECT * INTO row],database/014b_sprint3b_targeted_closure_corrections.sql:L5,alter table public.game_runs,NO_INLINE_MARKER,NOT_VERIFIED_ORIGINAL_DECLARATION_ONLY,database/014b_sprint3b_targeted_closure_corrections.sql,database/043_sprint7_teacher_console.sql,NO_LIVE_RUN_VALUE_TIMELINE,0,NOT_OBSERVED,LITERAL_LINKS_AND_CANDIDATES_CAPTURED,RAW_HISTORICAL_WRITE_LOCATIONS_CAPTURED,RAW_HISTORICAL_READ_LOCATIONS_CAPTURED,ORIGINAL_DDL_CAPTURED_NOT_FINAL_SCHEMA,MIGRATION_CHRONOLOGY_CAPTURED_NO_LIVE_TIMELINE,TEST_REFERENCES_INDEXED_NO_LIVE_SAMPLES,NOT_STARTED,,,,docs/plans/authority-field-audit-v2/
F0114,game_runs#13,game_runs,active_override_id,13,1,YES,cfea5155712c0ff416e40ff59e0c49c615fcb4a8,database/015_sprint3c_minimal_safe_teacher_override.sql:L32,teacher_overrides#override_id,0,NOT_ADJUDICATED,2,1,DIRECT_OR_COMPUTED,database/015_sprint3c_minimal_safe_teacher_override.sql:L108@teacher_apply_override[UPDATE SET]{DIRECT_OR_COMPUTED} | database/054_level3_integrated_closure.sql:L104@teacher_apply_override[UPDATE SET]{DIRECT_OR_COMPUTED},32,25,0,0,database/002_runtime_runs_discussion.sql:L262@s2_open_discussion[SELECT * INTO row] | database/002_runtime_runs_discussion.sql:L398@s2_refresh_discussion[SELECT * INTO row],database/015_sprint3c_minimal_safe_teacher_override.sql:L32,alter table public.game_runs add column if not exists active_override_id uuid references public.teacher_overrides(override_id);,REFERENCES,NOT_VERIFIED_ORIGINAL_DECLARATION_ONLY,database/015_sprint3c_minimal_safe_teacher_override.sql,database/054_level3_integrated_closure.sql,NO_LIVE_RUN_VALUE_TIMELINE,0,NOT_OBSERVED,LITERAL_LINKS_AND_CANDIDATES_CAPTURED,RAW_HISTORICAL_WRITE_LOCATIONS_CAPTURED,RAW_HISTORICAL_READ_LOCATIONS_CAPTURED,ORIGINAL_DDL_CAPTURED_NOT_FINAL_SCHEMA,MIGRATION_CHRONOLOGY_CAPTURED_NO_LIVE_TIMELINE,TEST_REFERENCES_INDEXED_NO_LIVE_SAMPLES,NOT_STARTED,,,,docs/plans/authority-field-audit-v2/
F0115,game_runs#14,game_runs,session_integrity_verified,14,1,YES,cfea5155712c0ff416e40ff59e0c49c615fcb4a8,database/046_sprint8_act14_finalization_export.sql:L4,,0,NOT_ADJUDICATED,3,1,DIRECT_OR_COMPUTED,database/046_sprint8_act14_finalization_export.sql:L56@s8_finalize[UPDATE SET]{DIRECT_OR_COMPUTED} | database/048_sprint8_focused_level1_corrections.sql:L72@s8_finalize[UPDATE SET]{DIRECT_OR_COMPUTED},44,27,6,0,database/002_runtime_runs_discussion.sql:L262@s2_open_discussion[SELECT * INTO row] | database/002_runtime_runs_discussion.sql:L398@s2_refresh_discussion[SELECT * INTO row],database/046_sprint8_act14_finalization_export.sql:L4,alter table public.game_runs,NO_INLINE_MARKER,NOT_VERIFIED_ORIGINAL_DECLARATION_ONLY,database/046_sprint8_act14_finalization_export.sql,database/049_sprint8_final_closure.sql,NO_LIVE_RUN_VALUE_TIMELINE,0,NOT_OBSERVED,LITERAL_LINKS_AND_CANDIDATES_CAPTURED,RAW_HISTORICAL_WRITE_LOCATIONS_CAPTURED,RAW_HISTORICAL_READ_LOCATIONS_CAPTURED,ORIGINAL_DDL_CAPTURED_NOT_FINAL_SCHEMA,MIGRATION_CHRONOLOGY_CAPTURED_NO_LIVE_TIMELINE,TEST_REFERENCES_INDEXED_NO_LIVE_SAMPLES,NOT_STARTED,,,,docs/plans/authority-field-audit-v2/
F0116,game_runs#15,game_runs,game_completed,15,1,YES,cfea5155712c0ff416e40ff59e0c49c615fcb4a8,database/046_sprint8_act14_finalization_export.sql:L5,,0,NOT_ADJUDICATED,3,1,DIRECT_OR_COMPUTED,database/046_sprint8_act14_finalization_export.sql:L56@s8_finalize[UPDATE SET]{DIRECT_OR_COMPUTED} | database/048_sprint8_focused_level1_corrections.sql:L72@s8_finalize[UPDATE SET]{DIRECT_OR_COMPUTED},41,27,4,0,database/002_runtime_runs_discussion.sql:L262@s2_open_discussion[SELECT * INTO row] | database/002_runtime_runs_discussion.sql:L398@s2_refresh_discussion[SELECT * INTO row],database/046_sprint8_act14_finalization_export.sql:L5,"  add column if not exists session_integrity_verified boolean not null default false,",NOT_NULL|DEFAULT,NOT_VERIFIED_ORIGINAL_DECLARATION_ONLY,database/046_sprint8_act14_finalization_export.sql,database/049_sprint8_final_closure.sql,NO_LIVE_RUN_VALUE_TIMELINE,0,NOT_OBSERVED,LITERAL_LINKS_AND_CANDIDATES_CAPTURED,RAW_HISTORICAL_WRITE_LOCATIONS_CAPTURED,RAW_HISTORICAL_READ_LOCATIONS_CAPTURED,ORIGINAL_DDL_CAPTURED_NOT_FINAL_SCHEMA,MIGRATION_CHRONOLOGY_CAPTURED_NO_LIVE_TIMELINE,TEST_REFERENCES_INDEXED_NO_LIVE_SAMPLES,NOT_STARTED,,,,docs/plans/authority-field-audit-v2/
F0117,game_runs#16,game_runs,export_ready,16,1,YES,cfea5155712c0ff416e40ff59e0c49c615fcb4a8,database/046_sprint8_act14_finalization_export.sql:L6,,0,NOT_ADJUDICATED,3,1,DIRECT_OR_COMPUTED,database/046_sprint8_act14_finalization_export.sql:L56@s8_finalize[UPDATE SET]{DIRECT_OR_COMPUTED} | database/048_sprint8_focused_level1_corrections.sql:L72@s8_finalize[UPDATE SET]{DIRECT_OR_COMPUTED},45,27,7,0,database/002_runtime_runs_discussion.sql:L262@s2_open_discussion[SELECT * INTO row] | database/002_runtime_runs_discussion.sql:L398@s2_refresh_discussion[SELECT * INTO row],database/046_sprint8_act14_finalization_export.sql:L6,"  add column if not exists game_completed boolean not null default false,",NOT_NULL|DEFAULT,NOT_VERIFIED_ORIGINAL_DECLARATION_ONLY,database/046_sprint8_act14_finalization_export.sql,database/049_sprint8_final_closure.sql,NO_LIVE_RUN_VALUE_TIMELINE,0,NOT_OBSERVED,LITERAL_LINKS_AND_CANDIDATES_CAPTURED,RAW_HISTORICAL_WRITE_LOCATIONS_CAPTURED,RAW_HISTORICAL_READ_LOCATIONS_CAPTURED,ORIGINAL_DDL_CAPTURED_NOT_FINAL_SCHEMA,MIGRATION_CHRONOLOGY_CAPTURED_NO_LIVE_TIMELINE,TEST_REFERENCES_INDEXED_NO_LIVE_SAMPLES,NOT_STARTED,,,,docs/plans/authority-field-audit-v2/
F0118,game_runs#17,game_runs,completed_at,17,3,NO,cfea5155712c0ff416e40ff59e0c49c615fcb4a8,database/046_sprint8_act14_finalization_export.sql:L7,,0,NOT_ADJUDICATED,3,1,DIRECT_OR_COMPUTED,database/046_sprint8_act14_finalization_export.sql:L56@s8_finalize[UPDATE SET]{DIRECT_OR_COMPUTED} | database/048_sprint8_focused_level1_corrections.sql:L72@s8_finalize[UPDATE SET]{DIRECT_OR_COMPUTED},36,26,0,0,database/002_runtime_runs_discussion.sql:L262@s2_open_discussion[SELECT * INTO row] | database/002_runtime_runs_discussion.sql:L398@s2_refresh_discussion[SELECT * INTO row],database/046_sprint8_act14_finalization_export.sql:L7,"  add column if not exists export_ready boolean not null default false,",NOT_NULL|DEFAULT,NOT_VERIFIED_ORIGINAL_DECLARATION_ONLY,database/046_sprint8_act14_finalization_export.sql,database/049_sprint8_final_closure.sql,NO_LIVE_RUN_VALUE_TIMELINE,0,NOT_OBSERVED,LITERAL_LINKS_AND_CANDIDATES_CAPTURED,RAW_HISTORICAL_WRITE_LOCATIONS_CAPTURED,RAW_HISTORICAL_READ_LOCATIONS_CAPTURED,ORIGINAL_DDL_CAPTURED_NOT_FINAL_SCHEMA,MIGRATION_CHRONOLOGY_CAPTURED_NO_LIVE_TIMELINE,TEST_REFERENCES_INDEXED_NO_LIVE_SAMPLES,NOT_STARTED,,,,docs/plans/authority-field-audit-v2/
F0119,runtime_events#01,runtime_events,event_id,1,4,NO,cfea5155712c0ff416e40ff59e0c49c615fcb4a8,database/002_runtime_runs_discussion.sql:L88,,0,NOT_ADJUDICATED,0,0,NONE,,6,1,0,1,database/002_runtime_runs_discussion.sql:L1030@s2_get_teacher_state[qualified/rowtype field reference] | database/002_runtime_runs_discussion.sql:L1035@s2_get_teacher_state[qualified/rowtype field reference],database/002_runtime_runs_discussion.sql:L88,create table if not exists public.runtime_events (,NO_INLINE_MARKER,NOT_VERIFIED_ORIGINAL_DECLARATION_ONLY,database/002_runtime_runs_discussion.sql,NO_RAW_WRITE,NO_LIVE_RUN_VALUE_TIMELINE,0,NOT_OBSERVED,LITERAL_LINKS_AND_CANDIDATES_CAPTURED,RAW_HISTORICAL_WRITE_LOCATIONS_CAPTURED,RAW_HISTORICAL_READ_LOCATIONS_CAPTURED,ORIGINAL_DDL_CAPTURED_NOT_FINAL_SCHEMA,MIGRATION_CHRONOLOGY_CAPTURED_NO_LIVE_TIMELINE,TEST_REFERENCES_INDEXED_NO_LIVE_SAMPLES,NOT_STARTED,,,,docs/plans/authority-field-audit-v2/
F0120,runtime_events#02,runtime_events,run_id,2,36,NO,cfea5155712c0ff416e40ff59e0c49c615fcb4a8,database/002_runtime_runs_discussion.sql:L89,,0,NOT_ADJUDICATED,19,11,DIRECT_OR_COMPUTED,database/002_runtime_runs_discussion.sql:L158@s2_log_event[INSERT explicit column]{DIRECT_OR_COMPUTED} | database/014_sprint3b_evidence_and_puzzle_integrity.sql:L114@s2_log_event[INSERT explicit column]{DIRECT_OR_COMPUTED},4,2,0,1,database/002_runtime_runs_discussion.sql:L1038@s2_get_teacher_state[qualified/rowtype field reference] | database/003_sprint2_discussionroom_audit_fix.sql:L600@s2_get_teacher_state[qualified/rowtype field reference],database/002_runtime_runs_discussion.sql:L89,"  event_id bigint generated by default as identity primary key,",PRIMARY_KEY|DEFAULT,NOT_VERIFIED_ORIGINAL_DECLARATION_ONLY,database/002_runtime_runs_discussion.sql,database/054_level3_integrated_closure.sql,NO_LIVE_RUN_VALUE_TIMELINE,0,NOT_OBSERVED,LITERAL_LINKS_AND_CANDIDATES_CAPTURED,RAW_HISTORICAL_WRITE_LOCATIONS_CAPTURED,RAW_HISTORICAL_READ_LOCATIONS_CAPTURED,ORIGINAL_DDL_CAPTURED_NOT_FINAL_SCHEMA,MIGRATION_CHRONOLOGY_CAPTURED_NO_LIVE_TIMELINE,TEST_REFERENCES_INDEXED_NO_LIVE_SAMPLES,NOT_STARTED,,,,docs/plans/authority-field-audit-v2/
F0121,runtime_events#03,runtime_events,room_code,3,7,NO,cfea5155712c0ff416e40ff59e0c49c615fcb4a8,database/002_runtime_runs_discussion.sql:L90,game_runs#run_id,0,NOT_ADJUDICATED,19,11,DIRECT_OR_COMPUTED,database/002_runtime_runs_discussion.sql:L158@s2_log_event[INSERT explicit column]{DIRECT_OR_COMPUTED} | database/014_sprint3b_evidence_and_puzzle_integrity.sql:L114@s2_log_event[INSERT explicit column]{DIRECT_OR_COMPUTED},0,0,0,1,,database/002_runtime_runs_discussion.sql:L90,"  run_id uuid not null references public.game_runs(run_id),",NOT_NULL|REFERENCES,NOT_VERIFIED_ORIGINAL_DECLARATION_ONLY,database/002_runtime_runs_discussion.sql,database/054_level3_integrated_closure.sql,NO_LIVE_RUN_VALUE_TIMELINE,0,NOT_OBSERVED,LITERAL_LINKS_AND_CANDIDATES_CAPTURED,RAW_HISTORICAL_WRITE_LOCATIONS_CAPTURED,RAW_HISTORICAL_READ_LOCATIONS_CAPTURED,ORIGINAL_DDL_CAPTURED_NOT_FINAL_SCHEMA,MIGRATION_CHRONOLOGY_CAPTURED_NO_LIVE_TIMELINE,TEST_REFERENCES_INDEXED_NO_LIVE_SAMPLES,NOT_STARTED,,,,docs/plans/authority-field-audit-v2/
F0122,runtime_events#04,runtime_events,discussion_session_id,4,5,NO,cfea5155712c0ff416e40ff59e0c49c615fcb4a8,database/002_runtime_runs_discussion.sql:L91,s1_rooms#room_code,0,NOT_ADJUDICATED,10,7,DIRECT_OR_COMPUTED,database/002_runtime_runs_discussion.sql:L158@s2_log_event[INSERT explicit column]{DIRECT_OR_COMPUTED} | database/014_sprint3b_evidence_and_puzzle_integrity.sql:L114@s2_log_event[INSERT explicit column]{DIRECT_OR_COMPUTED},3,1,0,1,database/002_runtime_runs_discussion.sql:L1032@s2_get_teacher_state[qualified/rowtype field reference] | database/003_sprint2_discussionroom_audit_fix.sql:L594@s2_get_teacher_state[qualified/rowtype field reference],database/002_runtime_runs_discussion.sql:L91,"  room_code text not null references public.s1_rooms(room_code),",NOT_NULL|REFERENCES,NOT_VERIFIED_ORIGINAL_DECLARATION_ONLY,database/002_runtime_runs_discussion.sql,database/045_sprint7_teacher_intervention_provenance.sql,NO_LIVE_RUN_VALUE_TIMELINE,0,NOT_OBSERVED,LITERAL_LINKS_AND_CANDIDATES_CAPTURED,RAW_HISTORICAL_WRITE_LOCATIONS_CAPTURED,RAW_HISTORICAL_READ_LOCATIONS_CAPTURED,ORIGINAL_DDL_CAPTURED_NOT_FINAL_SCHEMA,MIGRATION_CHRONOLOGY_CAPTURED_NO_LIVE_TIMELINE,TEST_REFERENCES_INDEXED_NO_LIVE_SAMPLES,NOT_STARTED,,,,docs/plans/authority-field-audit-v2/
F0123,runtime_events#05,runtime_events,event_type,5,4,NO,cfea5155712c0ff416e40ff59e0c49c615fcb4a8,database/002_runtime_runs_discussion.sql:L92,discussion_sessions#discussion_session_id,0,NOT_ADJUDICATED,19,11,DIRECT_OR_COMPUTED,database/002_runtime_runs_discussion.sql:L158@s2_log_event[INSERT explicit column]{DIRECT_OR_COMPUTED} | database/014_sprint3b_evidence_and_puzzle_integrity.sql:L114@s2_log_event[INSERT explicit column]{DIRECT_OR_COMPUTED},4,2,0,2,database/002_runtime_runs_discussion.sql:L1031@s2_get_teacher_state[qualified/rowtype field reference] | database/003_sprint2_discussionroom_audit_fix.sql:L593@s2_get_teacher_state[qualified/rowtype field reference],database/002_runtime_runs_discussion.sql:L92,"  discussion_session_id uuid references public.discussion_sessions(discussion_session_id),",REFERENCES,NOT_VERIFIED_ORIGINAL_DECLARATION_ONLY,database/002_runtime_runs_discussion.sql,database/054_level3_integrated_closure.sql,NO_LIVE_RUN_VALUE_TIMELINE,3,NOT_OBSERVED,LITERAL_LINKS_AND_CANDIDATES_CAPTURED,RAW_HISTORICAL_WRITE_LOCATIONS_CAPTURED,RAW_HISTORICAL_READ_LOCATIONS_CAPTURED,ORIGINAL_DDL_CAPTURED_NOT_FINAL_SCHEMA,MIGRATION_CHRONOLOGY_CAPTURED_NO_LIVE_TIMELINE,TEST_REFERENCES_INDEXED_NO_LIVE_SAMPLES,NOT_STARTED,,,,docs/plans/authority-field-audit-v2/
F0124,runtime_events#06,runtime_events,actor_player_id,6,2,NO,cfea5155712c0ff416e40ff59e0c49c615fcb4a8,database/002_runtime_runs_discussion.sql:L93,,0,NOT_ADJUDICATED,9,4,DIRECT_OR_COMPUTED,database/002_runtime_runs_discussion.sql:L158@s2_log_event[INSERT explicit column]{DIRECT_OR_COMPUTED} | database/014_sprint3b_evidence_and_puzzle_integrity.sql:L114@s2_log_event[INSERT explicit column]{DIRECT_OR_COMPUTED},1,1,0,0,database/014b_sprint3b_targeted_closure_corrections.sql:L171@s2_get_teacher_state[qualified/rowtype field reference],database/002_runtime_runs_discussion.sql:L93,"  event_type text not null,",NOT_NULL,NOT_VERIFIED_ORIGINAL_DECLARATION_ONLY,database/002_runtime_runs_discussion.sql,database/049_sprint8_final_closure.sql,NO_LIVE_RUN_VALUE_TIMELINE,0,NOT_OBSERVED,LITERAL_LINKS_AND_CANDIDATES_CAPTURED,RAW_HISTORICAL_WRITE_LOCATIONS_CAPTURED,RAW_HISTORICAL_READ_LOCATIONS_CAPTURED,ORIGINAL_DDL_CAPTURED_NOT_FINAL_SCHEMA,MIGRATION_CHRONOLOGY_CAPTURED_NO_LIVE_TIMELINE,TEST_REFERENCES_INDEXED_NO_LIVE_SAMPLES,NOT_STARTED,,,,docs/plans/authority-field-audit-v2/
F0125,runtime_events#07,runtime_events,details,7,4,NO,cfea5155712c0ff416e40ff59e0c49c615fcb4a8,database/002_runtime_runs_discussion.sql:L94,s1_room_players#player_id,1,NOT_ADJUDICATED,20,11,DIRECT_OR_COMPUTED|DERIVED_OR_COPY,database/002_runtime_runs_discussion.sql:L158@s2_log_event[INSERT explicit column]{DIRECT_OR_COMPUTED} | database/014_sprint3b_evidence_and_puzzle_integrity.sql:L114@s2_log_event[INSERT explicit column]{DIRECT_OR_COMPUTED},4,2,0,1,database/002_runtime_runs_discussion.sql:L1033@s2_get_teacher_state[qualified/rowtype field reference] | database/003_sprint2_discussionroom_audit_fix.sql:L595@s2_get_teacher_state[qualified/rowtype field reference],database/002_runtime_runs_discussion.sql:L94,"  actor_player_id uuid references public.s1_room_players(player_id),",REFERENCES,NOT_VERIFIED_ORIGINAL_DECLARATION_ONLY,database/002_runtime_runs_discussion.sql,database/057_teacher_override_event_scope_consistency.sql,NO_LIVE_RUN_VALUE_TIMELINE,3,NOT_OBSERVED,LITERAL_LINKS_AND_CANDIDATES_CAPTURED,RAW_HISTORICAL_WRITE_LOCATIONS_CAPTURED,RAW_HISTORICAL_READ_LOCATIONS_CAPTURED,ORIGINAL_DDL_CAPTURED_NOT_FINAL_SCHEMA,MIGRATION_CHRONOLOGY_CAPTURED_NO_LIVE_TIMELINE,TEST_REFERENCES_INDEXED_NO_LIVE_SAMPLES,NOT_STARTED,,,,docs/plans/authority-field-audit-v2/
F0126,runtime_events#08,runtime_events,created_at,8,11,NO,cfea5155712c0ff416e40ff59e0c49c615fcb4a8,database/002_runtime_runs_discussion.sql:L95,,0,NOT_ADJUDICATED,0,0,NONE,,6,1,0,0,database/002_runtime_runs_discussion.sql:L1034@s2_get_teacher_state[qualified/rowtype field reference] | database/002_runtime_runs_discussion.sql:L1035@s2_get_teacher_state[qualified/rowtype field reference],database/002_runtime_runs_discussion.sql:L95,"  details jsonb not null default '{}'::jsonb,",NOT_NULL|DEFAULT,NOT_VERIFIED_ORIGINAL_DECLARATION_ONLY,database/002_runtime_runs_discussion.sql,NO_RAW_WRITE,NO_LIVE_RUN_VALUE_TIMELINE,0,NOT_OBSERVED,LITERAL_LINKS_AND_CANDIDATES_CAPTURED,RAW_HISTORICAL_WRITE_LOCATIONS_CAPTURED,RAW_HISTORICAL_READ_LOCATIONS_CAPTURED,ORIGINAL_DDL_CAPTURED_NOT_FINAL_SCHEMA,MIGRATION_CHRONOLOGY_CAPTURED_NO_LIVE_TIMELINE,TEST_REFERENCES_INDEXED_NO_LIVE_SAMPLES,NOT_STARTED,,,,docs/plans/authority-field-audit-v2/
F0127,runtime_events#09,runtime_events,scene_id,9,11,NO,cfea5155712c0ff416e40ff59e0c49c615fcb4a8,database/014_sprint3b_evidence_and_puzzle_integrity.sql:L46,,1,NOT_ADJUDICATED,19,11,DIRECT_OR_COMPUTED|DERIVED_OR_COPY,database/014_sprint3b_evidence_and_puzzle_integrity.sql:L114@s2_log_event[INSERT explicit column]{DIRECT_OR_COMPUTED} | database/014_sprint3b_evidence_and_puzzle_integrity.sql:L154@s3b_log_formal_event[INSERT explicit column]{DIRECT_OR_COMPUTED},1,1,0,1,database/014b_sprint3b_targeted_closure_corrections.sql:L170@s2_get_teacher_state[qualified/rowtype field reference],database/014_sprint3b_evidence_and_puzzle_integrity.sql:L46,alter table public.runtime_events,NO_INLINE_MARKER,NOT_VERIFIED_ORIGINAL_DECLARATION_ONLY,database/014_sprint3b_evidence_and_puzzle_integrity.sql,database/054_level3_integrated_closure.sql,NO_LIVE_RUN_VALUE_TIMELINE,0,NOT_OBSERVED,LITERAL_LINKS_AND_CANDIDATES_CAPTURED,RAW_HISTORICAL_WRITE_LOCATIONS_CAPTURED,RAW_HISTORICAL_READ_LOCATIONS_CAPTURED,ORIGINAL_DDL_CAPTURED_NOT_FINAL_SCHEMA,MIGRATION_CHRONOLOGY_CAPTURED_NO_LIVE_TIMELINE,TEST_REFERENCES_INDEXED_NO_LIVE_SAMPLES,NOT_STARTED,,,,docs/plans/authority-field-audit-v2/
F0128,runtime_events#10,runtime_events,phase_key,10,13,NO,cfea5155712c0ff416e40ff59e0c49c615fcb4a8,database/014_sprint3b_evidence_and_puzzle_integrity.sql:L47,,1,NOT_ADJUDICATED,19,11,DIRECT_OR_COMPUTED|DERIVED_OR_COPY,database/014_sprint3b_evidence_and_puzzle_integrity.sql:L114@s2_log_event[INSERT explicit column]{DIRECT_OR_COMPUTED} | database/014_sprint3b_evidence_and_puzzle_integrity.sql:L154@s3b_log_formal_event[INSERT explicit column]{DIRECT_OR_COMPUTED},2,1,0,1,database/014b_sprint3b_targeted_closure_corrections.sql:L171@s2_get_teacher_state[qualified/rowtype field reference] | database/014b_sprint3b_targeted_closure_corrections.sql:L178@s2_get_teacher_state[qualified/rowtype field reference],database/014_sprint3b_evidence_and_puzzle_integrity.sql:L47,"  add column if not exists scene_id text,",NO_INLINE_MARKER,NOT_VERIFIED_ORIGINAL_DECLARATION_ONLY,database/014_sprint3b_evidence_and_puzzle_integrity.sql,database/054_level3_integrated_closure.sql,NO_LIVE_RUN_VALUE_TIMELINE,0,NOT_OBSERVED,LITERAL_LINKS_AND_CANDIDATES_CAPTURED,RAW_HISTORICAL_WRITE_LOCATIONS_CAPTURED,RAW_HISTORICAL_READ_LOCATIONS_CAPTURED,ORIGINAL_DDL_CAPTURED_NOT_FINAL_SCHEMA,MIGRATION_CHRONOLOGY_CAPTURED_NO_LIVE_TIMELINE,TEST_REFERENCES_INDEXED_NO_LIVE_SAMPLES,NOT_STARTED,,,,docs/plans/authority-field-audit-v2/
F0129,runtime_events#11,runtime_events,step_key,11,6,NO,cfea5155712c0ff416e40ff59e0c49c615fcb4a8,database/014_sprint3b_evidence_and_puzzle_integrity.sql:L48,,1,NOT_ADJUDICATED,19,11,DIRECT_OR_COMPUTED|DERIVED_OR_COPY,database/014_sprint3b_evidence_and_puzzle_integrity.sql:L114@s2_log_event[INSERT explicit column]{DIRECT_OR_COMPUTED} | database/014_sprint3b_evidence_and_puzzle_integrity.sql:L154@s3b_log_formal_event[INSERT explicit column]{DIRECT_OR_COMPUTED},1,1,0,1,database/014b_sprint3b_targeted_closure_corrections.sql:L171@s2_get_teacher_state[qualified/rowtype field reference],database/014_sprint3b_evidence_and_puzzle_integrity.sql:L48,"  add column if not exists phase_key text,",NO_INLINE_MARKER,NOT_VERIFIED_ORIGINAL_DECLARATION_ONLY,database/014_sprint3b_evidence_and_puzzle_integrity.sql,database/054_level3_integrated_closure.sql,NO_LIVE_RUN_VALUE_TIMELINE,0,NOT_OBSERVED,LITERAL_LINKS_AND_CANDIDATES_CAPTURED,RAW_HISTORICAL_WRITE_LOCATIONS_CAPTURED,RAW_HISTORICAL_READ_LOCATIONS_CAPTURED,ORIGINAL_DDL_CAPTURED_NOT_FINAL_SCHEMA,MIGRATION_CHRONOLOGY_CAPTURED_NO_LIVE_TIMELINE,TEST_REFERENCES_INDEXED_NO_LIVE_SAMPLES,NOT_STARTED,,,,docs/plans/authority-field-audit-v2/
F0130,runtime_events#12,runtime_events,event_source,12,1,YES,cfea5155712c0ff416e40ff59e0c49c615fcb4a8,database/014_sprint3b_evidence_and_puzzle_integrity.sql:L49,,1,NOT_ADJUDICATED,20,11,DIRECT_OR_COMPUTED|DERIVED_OR_COPY,database/014_sprint3b_evidence_and_puzzle_integrity.sql:L114@s2_log_event[INSERT explicit column]{DIRECT_OR_COMPUTED} | database/014_sprint3b_evidence_and_puzzle_integrity.sql:L154@s3b_log_formal_event[INSERT explicit column]{DIRECT_OR_COMPUTED},1,1,2,0,database/014b_sprint3b_targeted_closure_corrections.sql:L172@s2_get_teacher_state[qualified/rowtype field reference],database/014_sprint3b_evidence_and_puzzle_integrity.sql:L49,"  add column if not exists step_key text,",NO_INLINE_MARKER,NOT_VERIFIED_ORIGINAL_DECLARATION_ONLY,database/014_sprint3b_evidence_and_puzzle_integrity.sql,database/054_level3_integrated_closure.sql,NO_LIVE_RUN_VALUE_TIMELINE,0,NOT_OBSERVED,LITERAL_LINKS_AND_CANDIDATES_CAPTURED,RAW_HISTORICAL_WRITE_LOCATIONS_CAPTURED,RAW_HISTORICAL_READ_LOCATIONS_CAPTURED,ORIGINAL_DDL_CAPTURED_NOT_FINAL_SCHEMA,MIGRATION_CHRONOLOGY_CAPTURED_NO_LIVE_TIMELINE,TEST_REFERENCES_INDEXED_NO_LIVE_SAMPLES,NOT_STARTED,,,,docs/plans/authority-field-audit-v2/
F0131,runtime_events#13,runtime_events,validity,13,4,NO,cfea5155712c0ff416e40ff59e0c49c615fcb4a8,database/014_sprint3b_evidence_and_puzzle_integrity.sql:L50,,1,NOT_ADJUDICATED,20,11,DIRECT_OR_COMPUTED|DERIVED_OR_COPY,database/014_sprint3b_evidence_and_puzzle_integrity.sql:L114@s2_log_event[INSERT explicit column]{DIRECT_OR_COMPUTED} | database/014_sprint3b_evidence_and_puzzle_integrity.sql:L154@s3b_log_formal_event[INSERT explicit column]{DIRECT_OR_COMPUTED},2,2,0,0,database/014b_sprint3b_targeted_closure_corrections.sql:L172@s2_get_teacher_state[qualified/rowtype field reference] | database/043_sprint7_teacher_console.sql:L72@s7_get_teacher_console[qualified/rowtype field reference],database/014_sprint3b_evidence_and_puzzle_integrity.sql:L50,"  add column if not exists event_source text,",NO_INLINE_MARKER,NOT_VERIFIED_ORIGINAL_DECLARATION_ONLY,database/014_sprint3b_evidence_and_puzzle_integrity.sql,database/054_level3_integrated_closure.sql,NO_LIVE_RUN_VALUE_TIMELINE,0,NOT_OBSERVED,LITERAL_LINKS_AND_CANDIDATES_CAPTURED,RAW_HISTORICAL_WRITE_LOCATIONS_CAPTURED,RAW_HISTORICAL_READ_LOCATIONS_CAPTURED,ORIGINAL_DDL_CAPTURED_NOT_FINAL_SCHEMA,MIGRATION_CHRONOLOGY_CAPTURED_NO_LIVE_TIMELINE,TEST_REFERENCES_INDEXED_NO_LIVE_SAMPLES,NOT_STARTED,,,,docs/plans/authority-field-audit-v2/
F0132,runtime_events#14,runtime_events,behavior_scoring,14,3,NO,cfea5155712c0ff416e40ff59e0c49c615fcb4a8,database/014_sprint3b_evidence_and_puzzle_integrity.sql:L51,,1,NOT_ADJUDICATED,19,11,DIRECT_OR_COMPUTED|DERIVED_OR_COPY,database/014_sprint3b_evidence_and_puzzle_integrity.sql:L114@s2_log_event[INSERT explicit column]{DIRECT_OR_COMPUTED} | database/014_sprint3b_evidence_and_puzzle_integrity.sql:L154@s3b_log_formal_event[INSERT explicit column]{DIRECT_OR_COMPUTED},1,1,0,0,database/014b_sprint3b_targeted_closure_corrections.sql:L173@s2_get_teacher_state[qualified/rowtype field reference],database/014_sprint3b_evidence_and_puzzle_integrity.sql:L51,"  add column if not exists validity text,",NO_INLINE_MARKER,NOT_VERIFIED_ORIGINAL_DECLARATION_ONLY,database/014_sprint3b_evidence_and_puzzle_integrity.sql,database/054_level3_integrated_closure.sql,NO_LIVE_RUN_VALUE_TIMELINE,0,NOT_OBSERVED,LITERAL_LINKS_AND_CANDIDATES_CAPTURED,RAW_HISTORICAL_WRITE_LOCATIONS_CAPTURED,RAW_HISTORICAL_READ_LOCATIONS_CAPTURED,ORIGINAL_DDL_CAPTURED_NOT_FINAL_SCHEMA,MIGRATION_CHRONOLOGY_CAPTURED_NO_LIVE_TIMELINE,TEST_REFERENCES_INDEXED_NO_LIVE_SAMPLES,NOT_STARTED,,,,docs/plans/authority-field-audit-v2/
F0133,runtime_events#15,runtime_events,interaction_id,15,1,YES,cfea5155712c0ff416e40ff59e0c49c615fcb4a8,database/014_sprint3b_evidence_and_puzzle_integrity.sql:L52,,1,NOT_ADJUDICATED,14,8,DIRECT_OR_COMPUTED|DERIVED_OR_COPY,database/014_sprint3b_evidence_and_puzzle_integrity.sql:L114@s2_log_event[INSERT explicit column]{DIRECT_OR_COMPUTED} | database/014_sprint3b_evidence_and_puzzle_integrity.sql:L154@s3b_log_formal_event[INSERT explicit column]{DIRECT_OR_COMPUTED},2,2,0,1,database/014b_sprint3b_targeted_closure_corrections.sql:L173@s2_get_teacher_state[qualified/rowtype field reference] | database/057_teacher_override_event_scope_consistency.sql:L24@teacher_apply_override[qualified/rowtype field reference],database/014_sprint3b_evidence_and_puzzle_integrity.sql:L52,"  add column if not exists behavior_scoring boolean,",NO_INLINE_MARKER,NOT_VERIFIED_ORIGINAL_DECLARATION_ONLY,database/014_sprint3b_evidence_and_puzzle_integrity.sql,database/054_level3_integrated_closure.sql,NO_LIVE_RUN_VALUE_TIMELINE,3,NOT_OBSERVED,LITERAL_LINKS_AND_CANDIDATES_CAPTURED,RAW_HISTORICAL_WRITE_LOCATIONS_CAPTURED,RAW_HISTORICAL_READ_LOCATIONS_CAPTURED,ORIGINAL_DDL_CAPTURED_NOT_FINAL_SCHEMA,MIGRATION_CHRONOLOGY_CAPTURED_NO_LIVE_TIMELINE,TEST_REFERENCES_INDEXED_NO_LIVE_SAMPLES,NOT_STARTED,,,,docs/plans/authority-field-audit-v2/
F0134,runtime_events#16,runtime_events,client_request_id,16,8,NO,cfea5155712c0ff416e40ff59e0c49c615fcb4a8,database/014_sprint3b_evidence_and_puzzle_integrity.sql:L53,,0,NOT_ADJUDICATED,8,4,DIRECT_OR_COMPUTED,database/014_sprint3b_evidence_and_puzzle_integrity.sql:L114@s2_log_event[INSERT explicit column]{DIRECT_OR_COMPUTED} | database/014_sprint3b_evidence_and_puzzle_integrity.sql:L154@s3b_log_formal_event[INSERT explicit column]{DIRECT_OR_COMPUTED},1,1,0,0,database/014b_sprint3b_targeted_closure_corrections.sql:L174@s2_get_teacher_state[qualified/rowtype field reference],database/014_sprint3b_evidence_and_puzzle_integrity.sql:L53,"  add column if not exists interaction_id uuid,",NO_INLINE_MARKER,NOT_VERIFIED_ORIGINAL_DECLARATION_ONLY,database/014_sprint3b_evidence_and_puzzle_integrity.sql,database/049_sprint8_final_closure.sql,NO_LIVE_RUN_VALUE_TIMELINE,0,NOT_OBSERVED,LITERAL_LINKS_AND_CANDIDATES_CAPTURED,RAW_HISTORICAL_WRITE_LOCATIONS_CAPTURED,RAW_HISTORICAL_READ_LOCATIONS_CAPTURED,ORIGINAL_DDL_CAPTURED_NOT_FINAL_SCHEMA,MIGRATION_CHRONOLOGY_CAPTURED_NO_LIVE_TIMELINE,TEST_REFERENCES_INDEXED_NO_LIVE_SAMPLES,NOT_STARTED,,,,docs/plans/authority-field-audit-v2/
F0135,runtime_player_decisions#01,runtime_player_decisions,decision_id,1,2,NO,cfea5155712c0ff416e40ff59e0c49c615fcb4a8,database/002_runtime_runs_discussion.sql:L70,,0,NOT_ADJUDICATED,0,0,NONE,,7,3,0,0,database/002_runtime_runs_discussion.sql:L1005@s2_get_teacher_state[qualified/rowtype field reference] | database/002_runtime_runs_discussion.sql:L1015@s2_get_teacher_state[qualified/rowtype field reference],database/002_runtime_runs_discussion.sql:L70,create table if not exists public.runtime_player_decisions (,NO_INLINE_MARKER,NOT_VERIFIED_ORIGINAL_DECLARATION_ONLY,database/002_runtime_runs_discussion.sql,NO_RAW_WRITE,NO_LIVE_RUN_VALUE_TIMELINE,0,NOT_OBSERVED,LITERAL_LINKS_AND_CANDIDATES_CAPTURED,RAW_HISTORICAL_WRITE_LOCATIONS_CAPTURED,RAW_HISTORICAL_READ_LOCATIONS_CAPTURED,ORIGINAL_DDL_CAPTURED_NOT_FINAL_SCHEMA,MIGRATION_CHRONOLOGY_CAPTURED_NO_LIVE_TIMELINE,TEST_REFERENCES_INDEXED_NO_LIVE_SAMPLES,NOT_STARTED,,,,docs/plans/authority-field-audit-v2/
F0136,runtime_player_decisions#02,runtime_player_decisions,run_id,2,36,NO,cfea5155712c0ff416e40ff59e0c49c615fcb4a8,database/002_runtime_runs_discussion.sql:L71,,0,NOT_ADJUDICATED,4,1,DIRECT_OR_COMPUTED,database/002_runtime_runs_discussion.sql:L656@s2_submit_vote[INSERT explicit column]{DIRECT_OR_COMPUTED} | database/003_sprint2_discussionroom_audit_fix.sql:L202@s2_submit_vote[INSERT explicit column]{DIRECT_OR_COMPUTED},7,3,0,0,database/013_sprint3b_discussion_authority_and_request_identity.sql:L314@s2_submit_vote[SELECT * INTO row] | database/050_sprint8_act2_verifier_projection_fix.sql:L22@s8_verify_integrity[qualified/rowtype field reference],database/002_runtime_runs_discussion.sql:L71,"  decision_id bigint generated by default as identity primary key,",PRIMARY_KEY|DEFAULT,NOT_VERIFIED_ORIGINAL_DECLARATION_ONLY,database/002_runtime_runs_discussion.sql,database/013_sprint3b_discussion_authority_and_request_identity.sql,NO_LIVE_RUN_VALUE_TIMELINE,3,NOT_OBSERVED,LITERAL_LINKS_AND_CANDIDATES_CAPTURED,RAW_HISTORICAL_WRITE_LOCATIONS_CAPTURED,RAW_HISTORICAL_READ_LOCATIONS_CAPTURED,ORIGINAL_DDL_CAPTURED_NOT_FINAL_SCHEMA,MIGRATION_CHRONOLOGY_CAPTURED_NO_LIVE_TIMELINE,TEST_REFERENCES_INDEXED_NO_LIVE_SAMPLES,NOT_STARTED,,,,docs/plans/authority-field-audit-v2/
F0137,runtime_player_decisions#03,runtime_player_decisions,discussion_session_id,3,5,NO,cfea5155712c0ff416e40ff59e0c49c615fcb4a8,database/002_runtime_runs_discussion.sql:L72,game_runs#run_id,0,NOT_ADJUDICATED,4,1,DIRECT_OR_COMPUTED,database/002_runtime_runs_discussion.sql:L656@s2_submit_vote[INSERT explicit column]{DIRECT_OR_COMPUTED} | database/003_sprint2_discussionroom_audit_fix.sql:L202@s2_submit_vote[INSERT explicit column]{DIRECT_OR_COMPUTED},15,5,0,0,database/002_runtime_runs_discussion.sql:L1024@s2_get_teacher_state[qualified/rowtype field reference] | database/002_runtime_runs_discussion.sql:L862@s2_get_player_state[qualified/rowtype field reference],database/002_runtime_runs_discussion.sql:L72,"  run_id uuid not null references public.game_runs(run_id),",NOT_NULL|REFERENCES,NOT_VERIFIED_ORIGINAL_DECLARATION_ONLY,database/002_runtime_runs_discussion.sql,database/013_sprint3b_discussion_authority_and_request_identity.sql,NO_LIVE_RUN_VALUE_TIMELINE,3,NOT_OBSERVED,LITERAL_LINKS_AND_CANDIDATES_CAPTURED,RAW_HISTORICAL_WRITE_LOCATIONS_CAPTURED,RAW_HISTORICAL_READ_LOCATIONS_CAPTURED,ORIGINAL_DDL_CAPTURED_NOT_FINAL_SCHEMA,MIGRATION_CHRONOLOGY_CAPTURED_NO_LIVE_TIMELINE,TEST_REFERENCES_INDEXED_NO_LIVE_SAMPLES,NOT_STARTED,,,,docs/plans/authority-field-audit-v2/
F0138,runtime_player_decisions#04,runtime_player_decisions,scene_id,4,11,NO,cfea5155712c0ff416e40ff59e0c49c615fcb4a8,database/002_runtime_runs_discussion.sql:L73,discussion_sessions#discussion_session_id,0,NOT_ADJUDICATED,4,1,DIRECT_OR_COMPUTED,database/002_runtime_runs_discussion.sql:L656@s2_submit_vote[INSERT explicit column]{DIRECT_OR_COMPUTED} | database/003_sprint2_discussionroom_audit_fix.sql:L202@s2_submit_vote[INSERT explicit column]{DIRECT_OR_COMPUTED},4,3,0,0,database/002_runtime_runs_discussion.sql:L894@s2_get_player_state[qualified/rowtype field reference] | database/003_sprint2_discussionroom_audit_fix.sql:L441@s2_get_player_state[qualified/rowtype field reference],database/002_runtime_runs_discussion.sql:L73,"  discussion_session_id uuid not null references public.discussion_sessions(discussion_session_id),",NOT_NULL|REFERENCES,NOT_VERIFIED_ORIGINAL_DECLARATION_ONLY,database/002_runtime_runs_discussion.sql,database/013_sprint3b_discussion_authority_and_request_identity.sql,NO_LIVE_RUN_VALUE_TIMELINE,0,NOT_OBSERVED,LITERAL_LINKS_AND_CANDIDATES_CAPTURED,RAW_HISTORICAL_WRITE_LOCATIONS_CAPTURED,RAW_HISTORICAL_READ_LOCATIONS_CAPTURED,ORIGINAL_DDL_CAPTURED_NOT_FINAL_SCHEMA,MIGRATION_CHRONOLOGY_CAPTURED_NO_LIVE_TIMELINE,TEST_REFERENCES_INDEXED_NO_LIVE_SAMPLES,NOT_STARTED,,,,docs/plans/authority-field-audit-v2/
F0139,runtime_player_decisions#05,runtime_player_decisions,phase_key,5,13,NO,cfea5155712c0ff416e40ff59e0c49c615fcb4a8,database/002_runtime_runs_discussion.sql:L74,,0,NOT_ADJUDICATED,4,1,DIRECT_OR_COMPUTED,database/002_runtime_runs_discussion.sql:L656@s2_submit_vote[INSERT explicit column]{DIRECT_OR_COMPUTED} | database/003_sprint2_discussionroom_audit_fix.sql:L202@s2_submit_vote[INSERT explicit column]{DIRECT_OR_COMPUTED},2,2,0,0,database/013_sprint3b_discussion_authority_and_request_identity.sql:L314@s2_submit_vote[SELECT * INTO row] | database/056_level2_override_validity_binding_fix.sql:L32@teacher_apply_override[qualified/rowtype field reference],database/002_runtime_runs_discussion.sql:L74,"  scene_id text not null,",NOT_NULL,NOT_VERIFIED_ORIGINAL_DECLARATION_ONLY,database/002_runtime_runs_discussion.sql,database/013_sprint3b_discussion_authority_and_request_identity.sql,NO_LIVE_RUN_VALUE_TIMELINE,0,NOT_OBSERVED,LITERAL_LINKS_AND_CANDIDATES_CAPTURED,RAW_HISTORICAL_WRITE_LOCATIONS_CAPTURED,RAW_HISTORICAL_READ_LOCATIONS_CAPTURED,ORIGINAL_DDL_CAPTURED_NOT_FINAL_SCHEMA,MIGRATION_CHRONOLOGY_CAPTURED_NO_LIVE_TIMELINE,TEST_REFERENCES_INDEXED_NO_LIVE_SAMPLES,NOT_STARTED,,,,docs/plans/authority-field-audit-v2/
F0140,runtime_player_decisions#06,runtime_player_decisions,step_key,6,6,NO,cfea5155712c0ff416e40ff59e0c49c615fcb4a8,database/002_runtime_runs_discussion.sql:L75,,0,NOT_ADJUDICATED,4,1,DIRECT_OR_COMPUTED,database/002_runtime_runs_discussion.sql:L656@s2_submit_vote[INSERT explicit column]{DIRECT_OR_COMPUTED} | database/003_sprint2_discussionroom_audit_fix.sql:L202@s2_submit_vote[INSERT explicit column]{DIRECT_OR_COMPUTED},1,1,0,0,database/013_sprint3b_discussion_authority_and_request_identity.sql:L314@s2_submit_vote[SELECT * INTO row],database/002_runtime_runs_discussion.sql:L75,"  phase_key text not null,",NOT_NULL,NOT_VERIFIED_ORIGINAL_DECLARATION_ONLY,database/002_runtime_runs_discussion.sql,database/013_sprint3b_discussion_authority_and_request_identity.sql,NO_LIVE_RUN_VALUE_TIMELINE,0,NOT_OBSERVED,LITERAL_LINKS_AND_CANDIDATES_CAPTURED,RAW_HISTORICAL_WRITE_LOCATIONS_CAPTURED,RAW_HISTORICAL_READ_LOCATIONS_CAPTURED,ORIGINAL_DDL_CAPTURED_NOT_FINAL_SCHEMA,MIGRATION_CHRONOLOGY_CAPTURED_NO_LIVE_TIMELINE,TEST_REFERENCES_INDEXED_NO_LIVE_SAMPLES,NOT_STARTED,,,,docs/plans/authority-field-audit-v2/
F0141,runtime_player_decisions#07,runtime_player_decisions,vote_round,7,5,NO,cfea5155712c0ff416e40ff59e0c49c615fcb4a8,database/002_runtime_runs_discussion.sql:L76,,0,NOT_ADJUDICATED,4,1,DIRECT_OR_COMPUTED,database/002_runtime_runs_discussion.sql:L656@s2_submit_vote[INSERT explicit column]{DIRECT_OR_COMPUTED} | database/003_sprint2_discussionroom_audit_fix.sql:L202@s2_submit_vote[INSERT explicit column]{DIRECT_OR_COMPUTED},2,2,0,0,database/013_sprint3b_discussion_authority_and_request_identity.sql:L314@s2_submit_vote[SELECT * INTO row] | database/050_sprint8_act2_verifier_projection_fix.sql:L23@s8_verify_integrity[qualified/rowtype field reference],database/002_runtime_runs_discussion.sql:L76,"  step_key text not null default '',",NOT_NULL|DEFAULT,NOT_VERIFIED_ORIGINAL_DECLARATION_ONLY,database/002_runtime_runs_discussion.sql,database/013_sprint3b_discussion_authority_and_request_identity.sql,NO_LIVE_RUN_VALUE_TIMELINE,0,NOT_OBSERVED,LITERAL_LINKS_AND_CANDIDATES_CAPTURED,RAW_HISTORICAL_WRITE_LOCATIONS_CAPTURED,RAW_HISTORICAL_READ_LOCATIONS_CAPTURED,ORIGINAL_DDL_CAPTURED_NOT_FINAL_SCHEMA,MIGRATION_CHRONOLOGY_CAPTURED_NO_LIVE_TIMELINE,TEST_REFERENCES_INDEXED_NO_LIVE_SAMPLES,NOT_STARTED,,,,docs/plans/authority-field-audit-v2/
F0142,runtime_player_decisions#08,runtime_player_decisions,player_id,8,24,NO,cfea5155712c0ff416e40ff59e0c49c615fcb4a8,database/002_runtime_runs_discussion.sql:L77,,0,NOT_ADJUDICATED,4,1,DIRECT_OR_COMPUTED,database/002_runtime_runs_discussion.sql:L656@s2_submit_vote[INSERT explicit column]{DIRECT_OR_COMPUTED} | database/003_sprint2_discussionroom_audit_fix.sql:L202@s2_submit_vote[INSERT explicit column]{DIRECT_OR_COMPUTED},16,5,0,0,database/002_runtime_runs_discussion.sql:L1023@s2_get_teacher_state[qualified/rowtype field reference] | database/002_runtime_runs_discussion.sql:L863@s2_get_player_state[qualified/rowtype field reference],database/002_runtime_runs_discussion.sql:L77,"  vote_round integer not null check (vote_round > 0),",NOT_NULL|CHECK,NOT_VERIFIED_ORIGINAL_DECLARATION_ONLY,database/002_runtime_runs_discussion.sql,database/013_sprint3b_discussion_authority_and_request_identity.sql,NO_LIVE_RUN_VALUE_TIMELINE,0,NOT_OBSERVED,LITERAL_LINKS_AND_CANDIDATES_CAPTURED,RAW_HISTORICAL_WRITE_LOCATIONS_CAPTURED,RAW_HISTORICAL_READ_LOCATIONS_CAPTURED,ORIGINAL_DDL_CAPTURED_NOT_FINAL_SCHEMA,MIGRATION_CHRONOLOGY_CAPTURED_NO_LIVE_TIMELINE,TEST_REFERENCES_INDEXED_NO_LIVE_SAMPLES,NOT_STARTED,,,,docs/plans/authority-field-audit-v2/
F0143,runtime_player_decisions#09,runtime_player_decisions,decision_type,9,3,NO,cfea5155712c0ff416e40ff59e0c49c615fcb4a8,database/002_runtime_runs_discussion.sql:L78,s1_room_players#player_id,0,NOT_ADJUDICATED,4,1,DIRECT_OR_COMPUTED,database/002_runtime_runs_discussion.sql:L656@s2_submit_vote[INSERT explicit column]{DIRECT_OR_COMPUTED} | database/003_sprint2_discussionroom_audit_fix.sql:L202@s2_submit_vote[INSERT explicit column]{DIRECT_OR_COMPUTED},11,3,0,0,database/002_runtime_runs_discussion.sql:L1025@s2_get_teacher_state[qualified/rowtype field reference] | database/002_runtime_runs_discussion.sql:L864@s2_get_player_state[qualified/rowtype field reference],database/002_runtime_runs_discussion.sql:L78,"  player_id uuid not null references public.s1_room_players(player_id),",NOT_NULL|REFERENCES,NOT_VERIFIED_ORIGINAL_DECLARATION_ONLY,database/002_runtime_runs_discussion.sql,database/013_sprint3b_discussion_authority_and_request_identity.sql,NO_LIVE_RUN_VALUE_TIMELINE,0,NOT_OBSERVED,LITERAL_LINKS_AND_CANDIDATES_CAPTURED,RAW_HISTORICAL_WRITE_LOCATIONS_CAPTURED,RAW_HISTORICAL_READ_LOCATIONS_CAPTURED,ORIGINAL_DDL_CAPTURED_NOT_FINAL_SCHEMA,MIGRATION_CHRONOLOGY_CAPTURED_NO_LIVE_TIMELINE,TEST_REFERENCES_INDEXED_NO_LIVE_SAMPLES,NOT_STARTED,,,,docs/plans/authority-field-audit-v2/
F0144,runtime_player_decisions#10,runtime_player_decisions,choice_id,10,7,NO,cfea5155712c0ff416e40ff59e0c49c615fcb4a8,database/002_runtime_runs_discussion.sql:L79,,0,NOT_ADJUDICATED,4,1,DIRECT_OR_COMPUTED,database/002_runtime_runs_discussion.sql:L656@s2_submit_vote[INSERT explicit column]{DIRECT_OR_COMPUTED} | database/003_sprint2_discussionroom_audit_fix.sql:L202@s2_submit_vote[INSERT explicit column]{DIRECT_OR_COMPUTED},13,3,0,0,database/002_runtime_runs_discussion.sql:L1009@s2_get_teacher_state[qualified/rowtype field reference] | database/002_runtime_runs_discussion.sql:L857@s2_get_player_state[qualified/rowtype field reference],database/002_runtime_runs_discussion.sql:L79,"  decision_type text not null default 'group_vote',",NOT_NULL|DEFAULT,NOT_VERIFIED_ORIGINAL_DECLARATION_ONLY,database/002_runtime_runs_discussion.sql,database/013_sprint3b_discussion_authority_and_request_identity.sql,NO_LIVE_RUN_VALUE_TIMELINE,0,NOT_OBSERVED,LITERAL_LINKS_AND_CANDIDATES_CAPTURED,RAW_HISTORICAL_WRITE_LOCATIONS_CAPTURED,RAW_HISTORICAL_READ_LOCATIONS_CAPTURED,ORIGINAL_DDL_CAPTURED_NOT_FINAL_SCHEMA,MIGRATION_CHRONOLOGY_CAPTURED_NO_LIVE_TIMELINE,TEST_REFERENCES_INDEXED_NO_LIVE_SAMPLES,NOT_STARTED,,,,docs/plans/authority-field-audit-v2/
F0145,runtime_player_decisions#11,runtime_player_decisions,choice_label,11,3,NO,cfea5155712c0ff416e40ff59e0c49c615fcb4a8,database/002_runtime_runs_discussion.sql:L80,,0,NOT_ADJUDICATED,4,1,DIRECT_OR_COMPUTED,database/002_runtime_runs_discussion.sql:L656@s2_submit_vote[INSERT explicit column]{DIRECT_OR_COMPUTED} | database/003_sprint2_discussionroom_audit_fix.sql:L202@s2_submit_vote[INSERT explicit column]{DIRECT_OR_COMPUTED},11,3,0,0,database/002_runtime_runs_discussion.sql:L1009@s2_get_teacher_state[qualified/rowtype field reference] | database/002_runtime_runs_discussion.sql:L858@s2_get_player_state[qualified/rowtype field reference],database/002_runtime_runs_discussion.sql:L80,"  choice_id text not null,",NOT_NULL,NOT_VERIFIED_ORIGINAL_DECLARATION_ONLY,database/002_runtime_runs_discussion.sql,database/013_sprint3b_discussion_authority_and_request_identity.sql,NO_LIVE_RUN_VALUE_TIMELINE,0,NOT_OBSERVED,LITERAL_LINKS_AND_CANDIDATES_CAPTURED,RAW_HISTORICAL_WRITE_LOCATIONS_CAPTURED,RAW_HISTORICAL_READ_LOCATIONS_CAPTURED,ORIGINAL_DDL_CAPTURED_NOT_FINAL_SCHEMA,MIGRATION_CHRONOLOGY_CAPTURED_NO_LIVE_TIMELINE,TEST_REFERENCES_INDEXED_NO_LIVE_SAMPLES,NOT_STARTED,,,,docs/plans/authority-field-audit-v2/
F0146,runtime_player_decisions#12,runtime_player_decisions,locked_at,12,7,NO,cfea5155712c0ff416e40ff59e0c49c615fcb4a8,database/002_runtime_runs_discussion.sql:L81,,0,NOT_ADJUDICATED,0,0,NONE,,11,3,0,0,database/002_runtime_runs_discussion.sql:L1010@s2_get_teacher_state[qualified/rowtype field reference] | database/002_runtime_runs_discussion.sql:L1016@s2_get_teacher_state[qualified/rowtype field reference],database/002_runtime_runs_discussion.sql:L81,"  choice_label text not null,",NOT_NULL,NOT_VERIFIED_ORIGINAL_DECLARATION_ONLY,database/002_runtime_runs_discussion.sql,NO_RAW_WRITE,NO_LIVE_RUN_VALUE_TIMELINE,0,NOT_OBSERVED,LITERAL_LINKS_AND_CANDIDATES_CAPTURED,RAW_HISTORICAL_WRITE_LOCATIONS_CAPTURED,RAW_HISTORICAL_READ_LOCATIONS_CAPTURED,ORIGINAL_DDL_CAPTURED_NOT_FINAL_SCHEMA,MIGRATION_CHRONOLOGY_CAPTURED_NO_LIVE_TIMELINE,TEST_REFERENCES_INDEXED_NO_LIVE_SAMPLES,NOT_STARTED,,,,docs/plans/authority-field-audit-v2/
F0147,runtime_player_decisions#13,runtime_player_decisions,validity,13,4,NO,cfea5155712c0ff416e40ff59e0c49c615fcb4a8,database/002_runtime_runs_discussion.sql:L82,,0,NOT_ADJUDICATED,0,0,NONE,,1,1,0,0,database/013_sprint3b_discussion_authority_and_request_identity.sql:L314@s2_submit_vote[SELECT * INTO row],database/002_runtime_runs_discussion.sql:L82,"  locked_at timestamptz not null default now(),",NOT_NULL|DEFAULT,NOT_VERIFIED_ORIGINAL_DECLARATION_ONLY,database/002_runtime_runs_discussion.sql,NO_RAW_WRITE,NO_LIVE_RUN_VALUE_TIMELINE,0,NOT_OBSERVED,LITERAL_LINKS_AND_CANDIDATES_CAPTURED,RAW_HISTORICAL_WRITE_LOCATIONS_CAPTURED,RAW_HISTORICAL_READ_LOCATIONS_CAPTURED,ORIGINAL_DDL_CAPTURED_NOT_FINAL_SCHEMA,MIGRATION_CHRONOLOGY_CAPTURED_NO_LIVE_TIMELINE,TEST_REFERENCES_INDEXED_NO_LIVE_SAMPLES,NOT_STARTED,,,,docs/plans/authority-field-audit-v2/
F0148,runtime_player_decisions#14,runtime_player_decisions,context_provenance,14,1,YES,cfea5155712c0ff416e40ff59e0c49c615fcb4a8,database/002_runtime_runs_discussion.sql:L83,,0,NOT_ADJUDICATED,0,0,NONE,,1,1,2,0,database/013_sprint3b_discussion_authority_and_request_identity.sql:L314@s2_submit_vote[SELECT * INTO row],database/002_runtime_runs_discussion.sql:L83,"  validity text not null default 'valid',",NOT_NULL|DEFAULT,NOT_VERIFIED_ORIGINAL_DECLARATION_ONLY,database/002_runtime_runs_discussion.sql,NO_RAW_WRITE,NO_LIVE_RUN_VALUE_TIMELINE,0,NOT_OBSERVED,LITERAL_LINKS_AND_CANDIDATES_CAPTURED,RAW_HISTORICAL_WRITE_LOCATIONS_CAPTURED,RAW_HISTORICAL_READ_LOCATIONS_CAPTURED,ORIGINAL_DDL_CAPTURED_NOT_FINAL_SCHEMA,MIGRATION_CHRONOLOGY_CAPTURED_NO_LIVE_TIMELINE,TEST_REFERENCES_INDEXED_NO_LIVE_SAMPLES,NOT_STARTED,,,,docs/plans/authority-field-audit-v2/
F0149,s1_game_events#01,s1_game_events,event_id,1,4,NO,cfea5155712c0ff416e40ff59e0c49c615fcb4a8,database/001_sprint1_core.sql:L73,,0,NOT_ADJUDICATED,0,0,NONE,,0,0,0,0,,database/001_sprint1_core.sql:L73,create table if not exists public.s1_game_events (,NO_INLINE_MARKER,NOT_VERIFIED_ORIGINAL_DECLARATION_ONLY,database/001_sprint1_core.sql,NO_RAW_WRITE,NO_LIVE_RUN_VALUE_TIMELINE,0,NOT_OBSERVED,LITERAL_LINKS_AND_CANDIDATES_CAPTURED,RAW_HISTORICAL_WRITE_LOCATIONS_CAPTURED,RAW_HISTORICAL_READ_LOCATIONS_CAPTURED,ORIGINAL_DDL_CAPTURED_NOT_FINAL_SCHEMA,MIGRATION_CHRONOLOGY_CAPTURED_NO_LIVE_TIMELINE,TEST_REFERENCES_INDEXED_NO_LIVE_SAMPLES,NOT_STARTED,,,,docs/plans/authority-field-audit-v2/
F0150,s1_game_events#02,s1_game_events,room_code,2,7,NO,cfea5155712c0ff416e40ff59e0c49c615fcb4a8,database/001_sprint1_core.sql:L74,,0,NOT_ADJUDICATED,7,6,DIRECT_OR_COMPUTED,database/001_sprint1_core.sql:L190@s1_create_room[INSERT explicit column]{DIRECT_OR_COMPUTED} | database/001_sprint1_core.sql:L233@s1_join_player[INSERT explicit column]{DIRECT_OR_COMPUTED},0,0,0,0,,database/001_sprint1_core.sql:L74,"  event_id bigint generated by default as identity primary key,",PRIMARY_KEY|DEFAULT,NOT_VERIFIED_ORIGINAL_DECLARATION_ONLY,database/001_sprint1_core.sql,database/001_sprint1_core.sql,NO_LIVE_RUN_VALUE_TIMELINE,0,NOT_OBSERVED,LITERAL_LINKS_AND_CANDIDATES_CAPTURED,RAW_HISTORICAL_WRITE_LOCATIONS_CAPTURED,RAW_HISTORICAL_READ_LOCATIONS_CAPTURED,ORIGINAL_DDL_CAPTURED_NOT_FINAL_SCHEMA,MIGRATION_CHRONOLOGY_CAPTURED_NO_LIVE_TIMELINE,TEST_REFERENCES_INDEXED_NO_LIVE_SAMPLES,NOT_STARTED,,,,docs/plans/authority-field-audit-v2/
F0151,s1_game_events#03,s1_game_events,event_type,3,4,NO,cfea5155712c0ff416e40ff59e0c49c615fcb4a8,database/001_sprint1_core.sql:L75,s1_rooms#room_code,0,NOT_ADJUDICATED,7,6,DIRECT_OR_COMPUTED,database/001_sprint1_core.sql:L190@s1_create_room[INSERT explicit column]{DIRECT_OR_COMPUTED} | database/001_sprint1_core.sql:L233@s1_join_player[INSERT explicit column]{DIRECT_OR_COMPUTED},0,0,0,0,,database/001_sprint1_core.sql:L75,"  room_code text not null references public.s1_rooms(room_code) on delete cascade,",NOT_NULL|REFERENCES,NOT_VERIFIED_ORIGINAL_DECLARATION_ONLY,database/001_sprint1_core.sql,database/001_sprint1_core.sql,NO_LIVE_RUN_VALUE_TIMELINE,0,NOT_OBSERVED,LITERAL_LINKS_AND_CANDIDATES_CAPTURED,RAW_HISTORICAL_WRITE_LOCATIONS_CAPTURED,RAW_HISTORICAL_READ_LOCATIONS_CAPTURED,ORIGINAL_DDL_CAPTURED_NOT_FINAL_SCHEMA,MIGRATION_CHRONOLOGY_CAPTURED_NO_LIVE_TIMELINE,TEST_REFERENCES_INDEXED_NO_LIVE_SAMPLES,NOT_STARTED,,,,docs/plans/authority-field-audit-v2/
F0152,s1_game_events#04,s1_game_events,actor_player_id,4,2,NO,cfea5155712c0ff416e40ff59e0c49c615fcb4a8,database/001_sprint1_core.sql:L76,,0,NOT_ADJUDICATED,3,3,DIRECT_OR_COMPUTED,database/001_sprint1_core.sql:L233@s1_join_player[INSERT explicit column]{DIRECT_OR_COMPUTED} | database/001_sprint1_core.sql:L384@s1_submit_private_choice[INSERT explicit column]{DIRECT_OR_COMPUTED},0,0,0,0,,database/001_sprint1_core.sql:L76,"  event_type text not null,",NOT_NULL,NOT_VERIFIED_ORIGINAL_DECLARATION_ONLY,database/001_sprint1_core.sql,database/001_sprint1_core.sql,NO_LIVE_RUN_VALUE_TIMELINE,0,NOT_OBSERVED,LITERAL_LINKS_AND_CANDIDATES_CAPTURED,RAW_HISTORICAL_WRITE_LOCATIONS_CAPTURED,RAW_HISTORICAL_READ_LOCATIONS_CAPTURED,ORIGINAL_DDL_CAPTURED_NOT_FINAL_SCHEMA,MIGRATION_CHRONOLOGY_CAPTURED_NO_LIVE_TIMELINE,TEST_REFERENCES_INDEXED_NO_LIVE_SAMPLES,NOT_STARTED,,,,docs/plans/authority-field-audit-v2/
F0153,s1_game_events#05,s1_game_events,details,5,4,NO,cfea5155712c0ff416e40ff59e0c49c615fcb4a8,database/001_sprint1_core.sql:L77,,0,NOT_ADJUDICATED,7,6,DIRECT_OR_COMPUTED,database/001_sprint1_core.sql:L190@s1_create_room[INSERT explicit column]{DIRECT_OR_COMPUTED} | database/001_sprint1_core.sql:L233@s1_join_player[INSERT explicit column]{DIRECT_OR_COMPUTED},0,0,0,0,,database/001_sprint1_core.sql:L77,"  actor_player_id uuid,",NO_INLINE_MARKER,NOT_VERIFIED_ORIGINAL_DECLARATION_ONLY,database/001_sprint1_core.sql,database/001_sprint1_core.sql,NO_LIVE_RUN_VALUE_TIMELINE,0,NOT_OBSERVED,LITERAL_LINKS_AND_CANDIDATES_CAPTURED,RAW_HISTORICAL_WRITE_LOCATIONS_CAPTURED,RAW_HISTORICAL_READ_LOCATIONS_CAPTURED,ORIGINAL_DDL_CAPTURED_NOT_FINAL_SCHEMA,MIGRATION_CHRONOLOGY_CAPTURED_NO_LIVE_TIMELINE,TEST_REFERENCES_INDEXED_NO_LIVE_SAMPLES,NOT_STARTED,,,,docs/plans/authority-field-audit-v2/
F0154,s1_game_events#06,s1_game_events,created_at,6,11,NO,cfea5155712c0ff416e40ff59e0c49c615fcb4a8,database/001_sprint1_core.sql:L78,,0,NOT_ADJUDICATED,0,0,NONE,,0,0,0,0,,database/001_sprint1_core.sql:L78,"  details jsonb not null default '{}'::jsonb,",NOT_NULL|DEFAULT,NOT_VERIFIED_ORIGINAL_DECLARATION_ONLY,database/001_sprint1_core.sql,NO_RAW_WRITE,NO_LIVE_RUN_VALUE_TIMELINE,0,NOT_OBSERVED,LITERAL_LINKS_AND_CANDIDATES_CAPTURED,RAW_HISTORICAL_WRITE_LOCATIONS_CAPTURED,RAW_HISTORICAL_READ_LOCATIONS_CAPTURED,ORIGINAL_DDL_CAPTURED_NOT_FINAL_SCHEMA,MIGRATION_CHRONOLOGY_CAPTURED_NO_LIVE_TIMELINE,TEST_REFERENCES_INDEXED_NO_LIVE_SAMPLES,NOT_STARTED,,,,docs/plans/authority-field-audit-v2/
F0155,s1_player_decisions#01,s1_player_decisions,decision_id,1,2,NO,cfea5155712c0ff416e40ff59e0c49c615fcb4a8,database/001_sprint1_core.sql:L61,,0,NOT_ADJUDICATED,0,0,NONE,,1,1,0,0,database/001_sprint1_core.sql:L301@s1_get_player_state[to_jsonb(row) exposes field],database/001_sprint1_core.sql:L61,create table if not exists public.s1_player_decisions (,NO_INLINE_MARKER,NOT_VERIFIED_ORIGINAL_DECLARATION_ONLY,database/001_sprint1_core.sql,NO_RAW_WRITE,NO_LIVE_RUN_VALUE_TIMELINE,0,NOT_OBSERVED,LITERAL_LINKS_AND_CANDIDATES_CAPTURED,RAW_HISTORICAL_WRITE_LOCATIONS_CAPTURED,RAW_HISTORICAL_READ_LOCATIONS_CAPTURED,ORIGINAL_DDL_CAPTURED_NOT_FINAL_SCHEMA,MIGRATION_CHRONOLOGY_CAPTURED_NO_LIVE_TIMELINE,TEST_REFERENCES_INDEXED_NO_LIVE_SAMPLES,NOT_STARTED,,,,docs/plans/authority-field-audit-v2/
F0156,s1_player_decisions#02,s1_player_decisions,room_code,2,7,NO,cfea5155712c0ff416e40ff59e0c49c615fcb4a8,database/001_sprint1_core.sql:L62,,0,NOT_ADJUDICATED,1,1,DIRECT_OR_COMPUTED,database/001_sprint1_core.sql:L381@s1_submit_private_choice[INSERT explicit column]{DIRECT_OR_COMPUTED},3,1,0,0,database/001_sprint1_core.sql:L301@s1_get_player_state[to_jsonb(row) exposes field] | database/001_sprint1_core.sql:L304@s1_get_player_state[qualified/rowtype field reference],database/001_sprint1_core.sql:L62,"  decision_id bigint generated by default as identity primary key,",PRIMARY_KEY|DEFAULT,NOT_VERIFIED_ORIGINAL_DECLARATION_ONLY,database/001_sprint1_core.sql,database/001_sprint1_core.sql,NO_LIVE_RUN_VALUE_TIMELINE,0,NOT_OBSERVED,LITERAL_LINKS_AND_CANDIDATES_CAPTURED,RAW_HISTORICAL_WRITE_LOCATIONS_CAPTURED,RAW_HISTORICAL_READ_LOCATIONS_CAPTURED,ORIGINAL_DDL_CAPTURED_NOT_FINAL_SCHEMA,MIGRATION_CHRONOLOGY_CAPTURED_NO_LIVE_TIMELINE,TEST_REFERENCES_INDEXED_NO_LIVE_SAMPLES,NOT_STARTED,,,,docs/plans/authority-field-audit-v2/
F0157,s1_player_decisions#03,s1_player_decisions,scene_id,3,11,NO,cfea5155712c0ff416e40ff59e0c49c615fcb4a8,database/001_sprint1_core.sql:L63,s1_rooms#room_code,0,NOT_ADJUDICATED,1,1,DIRECT_OR_COMPUTED,database/001_sprint1_core.sql:L381@s1_submit_private_choice[INSERT explicit column]{DIRECT_OR_COMPUTED},3,1,0,0,database/001_sprint1_core.sql:L301@s1_get_player_state[to_jsonb(row) exposes field] | database/001_sprint1_core.sql:L305@s1_get_player_state[qualified/rowtype field reference],database/001_sprint1_core.sql:L63,"  room_code text not null references public.s1_rooms(room_code) on delete cascade,",NOT_NULL|REFERENCES,NOT_VERIFIED_ORIGINAL_DECLARATION_ONLY,database/001_sprint1_core.sql,database/001_sprint1_core.sql,NO_LIVE_RUN_VALUE_TIMELINE,0,NOT_OBSERVED,LITERAL_LINKS_AND_CANDIDATES_CAPTURED,RAW_HISTORICAL_WRITE_LOCATIONS_CAPTURED,RAW_HISTORICAL_READ_LOCATIONS_CAPTURED,ORIGINAL_DDL_CAPTURED_NOT_FINAL_SCHEMA,MIGRATION_CHRONOLOGY_CAPTURED_NO_LIVE_TIMELINE,TEST_REFERENCES_INDEXED_NO_LIVE_SAMPLES,NOT_STARTED,,,,docs/plans/authority-field-audit-v2/
F0158,s1_player_decisions#04,s1_player_decisions,player_id,4,24,NO,cfea5155712c0ff416e40ff59e0c49c615fcb4a8,database/001_sprint1_core.sql:L64,,0,NOT_ADJUDICATED,1,1,DIRECT_OR_COMPUTED,database/001_sprint1_core.sql:L381@s1_submit_private_choice[INSERT explicit column]{DIRECT_OR_COMPUTED},3,1,0,0,database/001_sprint1_core.sql:L301@s1_get_player_state[to_jsonb(row) exposes field] | database/001_sprint1_core.sql:L306@s1_get_player_state[qualified/rowtype field reference],database/001_sprint1_core.sql:L64,"  scene_id integer not null,",NOT_NULL,NOT_VERIFIED_ORIGINAL_DECLARATION_ONLY,database/001_sprint1_core.sql,database/001_sprint1_core.sql,NO_LIVE_RUN_VALUE_TIMELINE,0,NOT_OBSERVED,LITERAL_LINKS_AND_CANDIDATES_CAPTURED,RAW_HISTORICAL_WRITE_LOCATIONS_CAPTURED,RAW_HISTORICAL_READ_LOCATIONS_CAPTURED,ORIGINAL_DDL_CAPTURED_NOT_FINAL_SCHEMA,MIGRATION_CHRONOLOGY_CAPTURED_NO_LIVE_TIMELINE,TEST_REFERENCES_INDEXED_NO_LIVE_SAMPLES,NOT_STARTED,,,,docs/plans/authority-field-audit-v2/
F0159,s1_player_decisions#05,s1_player_decisions,decision_type,5,3,NO,cfea5155712c0ff416e40ff59e0c49c615fcb4a8,database/001_sprint1_core.sql:L65,s1_room_players#player_id,0,NOT_ADJUDICATED,1,1,DIRECT_OR_COMPUTED,database/001_sprint1_core.sql:L381@s1_submit_private_choice[INSERT explicit column]{DIRECT_OR_COMPUTED},3,1,0,0,database/001_sprint1_core.sql:L301@s1_get_player_state[to_jsonb(row) exposes field] | database/001_sprint1_core.sql:L307@s1_get_player_state[qualified/rowtype field reference],database/001_sprint1_core.sql:L65,"  player_id uuid not null references public.s1_room_players(player_id) on delete cascade,",NOT_NULL|REFERENCES,NOT_VERIFIED_ORIGINAL_DECLARATION_ONLY,database/001_sprint1_core.sql,database/001_sprint1_core.sql,NO_LIVE_RUN_VALUE_TIMELINE,0,NOT_OBSERVED,LITERAL_LINKS_AND_CANDIDATES_CAPTURED,RAW_HISTORICAL_WRITE_LOCATIONS_CAPTURED,RAW_HISTORICAL_READ_LOCATIONS_CAPTURED,ORIGINAL_DDL_CAPTURED_NOT_FINAL_SCHEMA,MIGRATION_CHRONOLOGY_CAPTURED_NO_LIVE_TIMELINE,TEST_REFERENCES_INDEXED_NO_LIVE_SAMPLES,NOT_STARTED,,,,docs/plans/authority-field-audit-v2/
F0160,s1_player_decisions#06,s1_player_decisions,choice_id,6,7,NO,cfea5155712c0ff416e40ff59e0c49c615fcb4a8,database/001_sprint1_core.sql:L66,,0,NOT_ADJUDICATED,1,1,DIRECT_OR_COMPUTED,database/001_sprint1_core.sql:L381@s1_submit_private_choice[INSERT explicit column]{DIRECT_OR_COMPUTED},2,1,0,0,database/001_sprint1_core.sql:L301@s1_get_player_state[to_jsonb(row) exposes field] | database/001_sprint1_core.sql:L314@s1_get_player_state[qualified/rowtype field reference],database/001_sprint1_core.sql:L66,"  decision_type text not null default 'private_choice',",NOT_NULL|DEFAULT,NOT_VERIFIED_ORIGINAL_DECLARATION_ONLY,database/001_sprint1_core.sql,database/001_sprint1_core.sql,NO_LIVE_RUN_VALUE_TIMELINE,0,NOT_OBSERVED,LITERAL_LINKS_AND_CANDIDATES_CAPTURED,RAW_HISTORICAL_WRITE_LOCATIONS_CAPTURED,RAW_HISTORICAL_READ_LOCATIONS_CAPTURED,ORIGINAL_DDL_CAPTURED_NOT_FINAL_SCHEMA,MIGRATION_CHRONOLOGY_CAPTURED_NO_LIVE_TIMELINE,TEST_REFERENCES_INDEXED_NO_LIVE_SAMPLES,NOT_STARTED,,,,docs/plans/authority-field-audit-v2/
F0161,s1_player_decisions#07,s1_player_decisions,choice_label,7,3,NO,cfea5155712c0ff416e40ff59e0c49c615fcb4a8,database/001_sprint1_core.sql:L67,,0,NOT_ADJUDICATED,1,1,DIRECT_OR_COMPUTED,database/001_sprint1_core.sql:L381@s1_submit_private_choice[INSERT explicit column]{DIRECT_OR_COMPUTED},2,1,0,0,database/001_sprint1_core.sql:L301@s1_get_player_state[to_jsonb(row) exposes field] | database/001_sprint1_core.sql:L315@s1_get_player_state[qualified/rowtype field reference],database/001_sprint1_core.sql:L67,"  choice_id text not null,",NOT_NULL,NOT_VERIFIED_ORIGINAL_DECLARATION_ONLY,database/001_sprint1_core.sql,database/001_sprint1_core.sql,NO_LIVE_RUN_VALUE_TIMELINE,0,NOT_OBSERVED,LITERAL_LINKS_AND_CANDIDATES_CAPTURED,RAW_HISTORICAL_WRITE_LOCATIONS_CAPTURED,RAW_HISTORICAL_READ_LOCATIONS_CAPTURED,ORIGINAL_DDL_CAPTURED_NOT_FINAL_SCHEMA,MIGRATION_CHRONOLOGY_CAPTURED_NO_LIVE_TIMELINE,TEST_REFERENCES_INDEXED_NO_LIVE_SAMPLES,NOT_STARTED,,,,docs/plans/authority-field-audit-v2/
F0162,s1_player_decisions#08,s1_player_decisions,locked_at,8,7,NO,cfea5155712c0ff416e40ff59e0c49c615fcb4a8,database/001_sprint1_core.sql:L68,,0,NOT_ADJUDICATED,0,0,NONE,,2,1,0,0,database/001_sprint1_core.sql:L301@s1_get_player_state[to_jsonb(row) exposes field] | database/001_sprint1_core.sql:L316@s1_get_player_state[qualified/rowtype field reference],database/001_sprint1_core.sql:L68,"  choice_label text not null,",NOT_NULL,NOT_VERIFIED_ORIGINAL_DECLARATION_ONLY,database/001_sprint1_core.sql,NO_RAW_WRITE,NO_LIVE_RUN_VALUE_TIMELINE,0,NOT_OBSERVED,LITERAL_LINKS_AND_CANDIDATES_CAPTURED,RAW_HISTORICAL_WRITE_LOCATIONS_CAPTURED,RAW_HISTORICAL_READ_LOCATIONS_CAPTURED,ORIGINAL_DDL_CAPTURED_NOT_FINAL_SCHEMA,MIGRATION_CHRONOLOGY_CAPTURED_NO_LIVE_TIMELINE,TEST_REFERENCES_INDEXED_NO_LIVE_SAMPLES,NOT_STARTED,,,,docs/plans/authority-field-audit-v2/
F0163,s1_room_players#01,s1_room_players,player_id,1,24,NO,cfea5155712c0ff416e40ff59e0c49c615fcb4a8,database/001_sprint1_core.sql:L20,,0,NOT_ADJUDICATED,0,0,NONE,,280,61,0,0,database/001_sprint1_core.sql:L212@s1_join_player[SELECT * INTO row] | database/001_sprint1_core.sql:L231@s1_join_player[qualified/rowtype field reference],database/001_sprint1_core.sql:L20,create table if not exists public.s1_room_players (,NO_INLINE_MARKER,NOT_VERIFIED_ORIGINAL_DECLARATION_ONLY,database/001_sprint1_core.sql,NO_RAW_WRITE,NO_LIVE_RUN_VALUE_TIMELINE,0,NOT_OBSERVED,LITERAL_LINKS_AND_CANDIDATES_CAPTURED,RAW_HISTORICAL_WRITE_LOCATIONS_CAPTURED,RAW_HISTORICAL_READ_LOCATIONS_CAPTURED,ORIGINAL_DDL_CAPTURED_NOT_FINAL_SCHEMA,MIGRATION_CHRONOLOGY_CAPTURED_NO_LIVE_TIMELINE,TEST_REFERENCES_INDEXED_NO_LIVE_SAMPLES,NOT_STARTED,,,,docs/plans/authority-field-audit-v2/
F0164,s1_room_players#02,s1_room_players,room_code,2,7,NO,cfea5155712c0ff416e40ff59e0c49c615fcb4a8,database/001_sprint1_core.sql:L21,,0,NOT_ADJUDICATED,1,1,DIRECT_OR_COMPUTED,database/001_sprint1_core.sql:L184@s1_create_room[INSERT explicit column]{DIRECT_OR_COMPUTED},14,6,0,0,database/001_sprint1_core.sql:L212@s1_join_player[SELECT * INTO row] | database/001_sprint1_core.sql:L255@s1_get_player_by_session[SELECT * INTO row],database/001_sprint1_core.sql:L21,"  player_id uuid primary key default gen_random_uuid(),",PRIMARY_KEY|DEFAULT,NOT_VERIFIED_ORIGINAL_DECLARATION_ONLY,database/001_sprint1_core.sql,database/001_sprint1_core.sql,NO_LIVE_RUN_VALUE_TIMELINE,0,NOT_OBSERVED,LITERAL_LINKS_AND_CANDIDATES_CAPTURED,RAW_HISTORICAL_WRITE_LOCATIONS_CAPTURED,RAW_HISTORICAL_READ_LOCATIONS_CAPTURED,ORIGINAL_DDL_CAPTURED_NOT_FINAL_SCHEMA,MIGRATION_CHRONOLOGY_CAPTURED_NO_LIVE_TIMELINE,TEST_REFERENCES_INDEXED_NO_LIVE_SAMPLES,NOT_STARTED,,,,docs/plans/authority-field-audit-v2/
F0165,s1_room_players#03,s1_room_players,role_slot,3,1,YES,cfea5155712c0ff416e40ff59e0c49c615fcb4a8,database/001_sprint1_core.sql:L22,s1_rooms#room_code,0,NOT_ADJUDICATED,1,1,DIRECT_OR_COMPUTED,database/001_sprint1_core.sql:L184@s1_create_room[INSERT explicit column]{DIRECT_OR_COMPUTED},69,19,21,0,database/001_sprint1_core.sql:L212@s1_join_player[SELECT * INTO row] | database/001_sprint1_core.sql:L234@s1_join_player[qualified/rowtype field reference],database/001_sprint1_core.sql:L22,"  room_code text not null references public.s1_rooms(room_code) on delete cascade,",NOT_NULL|REFERENCES,NOT_VERIFIED_ORIGINAL_DECLARATION_ONLY,database/001_sprint1_core.sql,database/001_sprint1_core.sql,NO_LIVE_RUN_VALUE_TIMELINE,0,NOT_OBSERVED,LITERAL_LINKS_AND_CANDIDATES_CAPTURED,RAW_HISTORICAL_WRITE_LOCATIONS_CAPTURED,RAW_HISTORICAL_READ_LOCATIONS_CAPTURED,ORIGINAL_DDL_CAPTURED_NOT_FINAL_SCHEMA,MIGRATION_CHRONOLOGY_CAPTURED_NO_LIVE_TIMELINE,TEST_REFERENCES_INDEXED_NO_LIVE_SAMPLES,NOT_STARTED,,,,docs/plans/authority-field-audit-v2/
F0166,s1_room_players#04,s1_room_players,display_name,4,2,NO,cfea5155712c0ff416e40ff59e0c49c615fcb4a8,database/001_sprint1_core.sql:L23,,0,NOT_ADJUDICATED,1,1,DIRECT_OR_COMPUTED,database/001_sprint1_core.sql:L184@s1_create_room[INSERT explicit column]{DIRECT_OR_COMPUTED},35,10,0,0,database/001_sprint1_core.sql:L212@s1_join_player[SELECT * INTO row] | database/001_sprint1_core.sql:L240@s1_join_player[qualified/rowtype field reference],database/001_sprint1_core.sql:L23,"  role_slot text not null check (role_slot in ('GAL-A','GAL-B','GAL-C')),",NOT_NULL|CHECK,NOT_VERIFIED_ORIGINAL_DECLARATION_ONLY,database/001_sprint1_core.sql,database/001_sprint1_core.sql,NO_LIVE_RUN_VALUE_TIMELINE,0,NOT_OBSERVED,LITERAL_LINKS_AND_CANDIDATES_CAPTURED,RAW_HISTORICAL_WRITE_LOCATIONS_CAPTURED,RAW_HISTORICAL_READ_LOCATIONS_CAPTURED,ORIGINAL_DDL_CAPTURED_NOT_FINAL_SCHEMA,MIGRATION_CHRONOLOGY_CAPTURED_NO_LIVE_TIMELINE,TEST_REFERENCES_INDEXED_NO_LIVE_SAMPLES,NOT_STARTED,,,,docs/plans/authority-field-audit-v2/
F0167,s1_room_players#05,s1_room_players,join_code_hash,5,1,YES,cfea5155712c0ff416e40ff59e0c49c615fcb4a8,database/001_sprint1_core.sql:L24,,0,NOT_ADJUDICATED,1,1,DIRECT_OR_COMPUTED,database/001_sprint1_core.sql:L184@s1_create_room[INSERT explicit column]{DIRECT_OR_COMPUTED},2,2,0,0,database/001_sprint1_core.sql:L212@s1_join_player[SELECT * INTO row] | database/001_sprint1_core.sql:L255@s1_get_player_by_session[SELECT * INTO row],database/001_sprint1_core.sql:L24,"  display_name text not null,",NOT_NULL,NOT_VERIFIED_ORIGINAL_DECLARATION_ONLY,database/001_sprint1_core.sql,database/001_sprint1_core.sql,NO_LIVE_RUN_VALUE_TIMELINE,0,NOT_OBSERVED,LITERAL_LINKS_AND_CANDIDATES_CAPTURED,RAW_HISTORICAL_WRITE_LOCATIONS_CAPTURED,RAW_HISTORICAL_READ_LOCATIONS_CAPTURED,ORIGINAL_DDL_CAPTURED_NOT_FINAL_SCHEMA,MIGRATION_CHRONOLOGY_CAPTURED_NO_LIVE_TIMELINE,TEST_REFERENCES_INDEXED_NO_LIVE_SAMPLES,NOT_STARTED,,,,docs/plans/authority-field-audit-v2/
F0168,s1_room_players#06,s1_room_players,session_token_hash,6,1,YES,cfea5155712c0ff416e40ff59e0c49c615fcb4a8,database/001_sprint1_core.sql:L25,,1,NOT_ADJUDICATED,2,2,DERIVED_OR_COPY|DIRECT_OR_COMPUTED,database/001_sprint1_core.sql:L228@s1_join_player[UPDATE SET]{DERIVED_OR_COPY} | database/001_sprint1_core.sql:L547@s1_release_player_session[UPDATE SET]{DIRECT_OR_COMPUTED},3,2,0,0,database/001_sprint1_core.sql:L212@s1_join_player[SELECT * INTO row] | database/001_sprint1_core.sql:L223@s1_join_player[qualified/rowtype field reference],database/001_sprint1_core.sql:L25,"  join_code_hash text not null,",NOT_NULL,NOT_VERIFIED_ORIGINAL_DECLARATION_ONLY,database/001_sprint1_core.sql,database/001_sprint1_core.sql,NO_LIVE_RUN_VALUE_TIMELINE,0,NOT_OBSERVED,LITERAL_LINKS_AND_CANDIDATES_CAPTURED,RAW_HISTORICAL_WRITE_LOCATIONS_CAPTURED,RAW_HISTORICAL_READ_LOCATIONS_CAPTURED,ORIGINAL_DDL_CAPTURED_NOT_FINAL_SCHEMA,MIGRATION_CHRONOLOGY_CAPTURED_NO_LIVE_TIMELINE,TEST_REFERENCES_INDEXED_NO_LIVE_SAMPLES,NOT_STARTED,,,,docs/plans/authority-field-audit-v2/
F0169,s1_room_players#07,s1_room_players,joined_at,7,1,YES,cfea5155712c0ff416e40ff59e0c49c615fcb4a8,database/001_sprint1_core.sql:L26,,0,NOT_ADJUDICATED,2,2,DIRECT_OR_COMPUTED,database/001_sprint1_core.sql:L228@s1_join_player[UPDATE SET]{DIRECT_OR_COMPUTED} | database/001_sprint1_core.sql:L547@s1_release_player_session[UPDATE SET]{DIRECT_OR_COMPUTED},2,2,0,0,database/001_sprint1_core.sql:L212@s1_join_player[SELECT * INTO row] | database/001_sprint1_core.sql:L255@s1_get_player_by_session[SELECT * INTO row],database/001_sprint1_core.sql:L26,"  session_token_hash text,",NO_INLINE_MARKER,NOT_VERIFIED_ORIGINAL_DECLARATION_ONLY,database/001_sprint1_core.sql,database/001_sprint1_core.sql,NO_LIVE_RUN_VALUE_TIMELINE,0,NOT_OBSERVED,LITERAL_LINKS_AND_CANDIDATES_CAPTURED,RAW_HISTORICAL_WRITE_LOCATIONS_CAPTURED,RAW_HISTORICAL_READ_LOCATIONS_CAPTURED,ORIGINAL_DDL_CAPTURED_NOT_FINAL_SCHEMA,MIGRATION_CHRONOLOGY_CAPTURED_NO_LIVE_TIMELINE,TEST_REFERENCES_INDEXED_NO_LIVE_SAMPLES,NOT_STARTED,,,,docs/plans/authority-field-audit-v2/
F0170,s1_room_players#08,s1_room_players,last_seen_at,8,1,YES,cfea5155712c0ff416e40ff59e0c49c615fcb4a8,database/001_sprint1_core.sql:L27,,0,NOT_ADJUDICATED,3,3,DIRECT_OR_COMPUTED,database/001_sprint1_core.sql:L229@s1_join_player[UPDATE SET]{DIRECT_OR_COMPUTED} | database/001_sprint1_core.sql:L266@s1_get_player_by_session[UPDATE SET]{DIRECT_OR_COMPUTED},4,3,0,0,database/001_sprint1_core.sql:L212@s1_join_player[SELECT * INTO row] | database/001_sprint1_core.sql:L255@s1_get_player_by_session[SELECT * INTO row],database/001_sprint1_core.sql:L27,"  joined_at timestamptz,",NO_INLINE_MARKER,NOT_VERIFIED_ORIGINAL_DECLARATION_ONLY,database/001_sprint1_core.sql,database/001_sprint1_core.sql,NO_LIVE_RUN_VALUE_TIMELINE,0,NOT_OBSERVED,LITERAL_LINKS_AND_CANDIDATES_CAPTURED,RAW_HISTORICAL_WRITE_LOCATIONS_CAPTURED,RAW_HISTORICAL_READ_LOCATIONS_CAPTURED,ORIGINAL_DDL_CAPTURED_NOT_FINAL_SCHEMA,MIGRATION_CHRONOLOGY_CAPTURED_NO_LIVE_TIMELINE,TEST_REFERENCES_INDEXED_NO_LIVE_SAMPLES,NOT_STARTED,,,,docs/plans/authority-field-audit-v2/
F0171,s1_room_state#01,s1_room_state,room_code,1,7,NO,cfea5155712c0ff416e40ff59e0c49c615fcb4a8,database/001_sprint1_core.sql:L54,,0,NOT_ADJUDICATED,1,1,DIRECT_OR_COMPUTED,database/001_sprint1_core.sql:L181@s1_create_room[INSERT explicit column]{DIRECT_OR_COMPUTED},6,5,0,0,database/001_sprint1_core.sql:L289@s1_get_player_state[SELECT * INTO row] | database/001_sprint1_core.sql:L360@s1_submit_private_choice[SELECT * INTO row],database/001_sprint1_core.sql:L54,create table if not exists public.s1_room_state (,NO_INLINE_MARKER,NOT_VERIFIED_ORIGINAL_DECLARATION_ONLY,database/001_sprint1_core.sql,database/001_sprint1_core.sql,NO_LIVE_RUN_VALUE_TIMELINE,0,NOT_OBSERVED,LITERAL_LINKS_AND_CANDIDATES_CAPTURED,RAW_HISTORICAL_WRITE_LOCATIONS_CAPTURED,RAW_HISTORICAL_READ_LOCATIONS_CAPTURED,ORIGINAL_DDL_CAPTURED_NOT_FINAL_SCHEMA,MIGRATION_CHRONOLOGY_CAPTURED_NO_LIVE_TIMELINE,TEST_REFERENCES_INDEXED_NO_LIVE_SAMPLES,NOT_STARTED,,,,docs/plans/authority-field-audit-v2/
F0172,s1_room_state#02,s1_room_state,current_scene,2,1,YES,cfea5155712c0ff416e40ff59e0c49c615fcb4a8,database/001_sprint1_core.sql:L55,s1_rooms#room_code,0,NOT_ADJUDICATED,3,3,DIRECT_OR_COMPUTED,database/001_sprint1_core.sql:L181@s1_create_room[INSERT explicit column]{DIRECT_OR_COMPUTED} | database/001_sprint1_core.sql:L506@s1_advance_scene[UPDATE SET]{DIRECT_OR_COMPUTED},20,5,7,0,database/001_sprint1_core.sql:L289@s1_get_player_state[SELECT * INTO row] | database/001_sprint1_core.sql:L298@s1_get_player_state[qualified/rowtype field reference],database/001_sprint1_core.sql:L55,"  room_code text primary key references public.s1_rooms(room_code) on delete cascade,",PRIMARY_KEY|REFERENCES,NOT_VERIFIED_ORIGINAL_DECLARATION_ONLY,database/001_sprint1_core.sql,database/001_sprint1_core.sql,NO_LIVE_RUN_VALUE_TIMELINE,0,NOT_OBSERVED,LITERAL_LINKS_AND_CANDIDATES_CAPTURED,RAW_HISTORICAL_WRITE_LOCATIONS_CAPTURED,RAW_HISTORICAL_READ_LOCATIONS_CAPTURED,ORIGINAL_DDL_CAPTURED_NOT_FINAL_SCHEMA,MIGRATION_CHRONOLOGY_CAPTURED_NO_LIVE_TIMELINE,TEST_REFERENCES_INDEXED_NO_LIVE_SAMPLES,NOT_STARTED,,,,docs/plans/authority-field-audit-v2/
F0173,s1_room_state#03,s1_room_state,phase,3,1,YES,cfea5155712c0ff416e40ff59e0c49c615fcb4a8,database/001_sprint1_core.sql:L56,,0,NOT_ADJUDICATED,5,4,DIRECT_OR_COMPUTED,database/001_sprint1_core.sql:L181@s1_create_room[INSERT explicit column]{DIRECT_OR_COMPUTED} | database/001_sprint1_core.sql:L396@s1_submit_private_choice[UPDATE SET]{DIRECT_OR_COMPUTED},12,5,11,0,database/001_sprint1_core.sql:L289@s1_get_player_state[SELECT * INTO row] | database/001_sprint1_core.sql:L309@s1_get_player_state[qualified/rowtype field reference],database/001_sprint1_core.sql:L56,"  current_scene integer not null default 1,",NOT_NULL|DEFAULT,NOT_VERIFIED_ORIGINAL_DECLARATION_ONLY,database/001_sprint1_core.sql,database/001_sprint1_core.sql,NO_LIVE_RUN_VALUE_TIMELINE,0,NOT_OBSERVED,LITERAL_LINKS_AND_CANDIDATES_CAPTURED,RAW_HISTORICAL_WRITE_LOCATIONS_CAPTURED,RAW_HISTORICAL_READ_LOCATIONS_CAPTURED,ORIGINAL_DDL_CAPTURED_NOT_FINAL_SCHEMA,MIGRATION_CHRONOLOGY_CAPTURED_NO_LIVE_TIMELINE,TEST_REFERENCES_INDEXED_NO_LIVE_SAMPLES,NOT_STARTED,,,,docs/plans/authority-field-audit-v2/
F0174,s1_room_state#04,s1_room_state,updated_at,4,7,NO,cfea5155712c0ff416e40ff59e0c49c615fcb4a8,database/001_sprint1_core.sql:L57,,0,NOT_ADJUDICATED,4,3,DIRECT_OR_COMPUTED,database/001_sprint1_core.sql:L396@s1_submit_private_choice[UPDATE SET]{DIRECT_OR_COMPUTED} | database/001_sprint1_core.sql:L501@s1_advance_scene[UPDATE SET]{DIRECT_OR_COMPUTED},4,4,0,0,database/001_sprint1_core.sql:L289@s1_get_player_state[SELECT * INTO row] | database/001_sprint1_core.sql:L360@s1_submit_private_choice[SELECT * INTO row],database/001_sprint1_core.sql:L57,"  phase text not null default 'collecting' check (phase in ('collecting','revealed','completed')),",NOT_NULL|DEFAULT|CHECK,NOT_VERIFIED_ORIGINAL_DECLARATION_ONLY,database/001_sprint1_core.sql,database/001_sprint1_core.sql,NO_LIVE_RUN_VALUE_TIMELINE,0,NOT_OBSERVED,LITERAL_LINKS_AND_CANDIDATES_CAPTURED,RAW_HISTORICAL_WRITE_LOCATIONS_CAPTURED,RAW_HISTORICAL_READ_LOCATIONS_CAPTURED,ORIGINAL_DDL_CAPTURED_NOT_FINAL_SCHEMA,MIGRATION_CHRONOLOGY_CAPTURED_NO_LIVE_TIMELINE,TEST_REFERENCES_INDEXED_NO_LIVE_SAMPLES,NOT_STARTED,,,,docs/plans/authority-field-audit-v2/
F0175,s1_rooms#01,s1_rooms,room_code,1,7,NO,cfea5155712c0ff416e40ff59e0c49c615fcb4a8,database/001_sprint1_core.sql:L13,,0,NOT_ADJUDICATED,1,1,DIRECT_OR_COMPUTED,database/001_sprint1_core.sql:L178@s1_create_room[INSERT explicit column]{DIRECT_OR_COMPUTED},0,0,0,0,,database/001_sprint1_core.sql:L13,create table if not exists public.s1_rooms (,NO_INLINE_MARKER,NOT_VERIFIED_ORIGINAL_DECLARATION_ONLY,database/001_sprint1_core.sql,database/001_sprint1_core.sql,NO_LIVE_RUN_VALUE_TIMELINE,0,NOT_OBSERVED,LITERAL_LINKS_AND_CANDIDATES_CAPTURED,RAW_HISTORICAL_WRITE_LOCATIONS_CAPTURED,RAW_HISTORICAL_READ_LOCATIONS_CAPTURED,ORIGINAL_DDL_CAPTURED_NOT_FINAL_SCHEMA,MIGRATION_CHRONOLOGY_CAPTURED_NO_LIVE_TIMELINE,TEST_REFERENCES_INDEXED_NO_LIVE_SAMPLES,NOT_STARTED,,,,docs/plans/authority-field-audit-v2/
F0176,s1_rooms#02,s1_rooms,teacher_token_hash,2,1,YES,cfea5155712c0ff416e40ff59e0c49c615fcb4a8,database/001_sprint1_core.sql:L14,,0,NOT_ADJUDICATED,1,1,DIRECT_OR_COMPUTED,database/001_sprint1_core.sql:L178@s1_create_room[INSERT explicit column]{DIRECT_OR_COMPUTED},0,0,1,0,,database/001_sprint1_core.sql:L14,"  room_code text primary key,",PRIMARY_KEY,NOT_VERIFIED_ORIGINAL_DECLARATION_ONLY,database/001_sprint1_core.sql,database/001_sprint1_core.sql,NO_LIVE_RUN_VALUE_TIMELINE,0,NOT_OBSERVED,LITERAL_LINKS_AND_CANDIDATES_CAPTURED,RAW_HISTORICAL_WRITE_LOCATIONS_CAPTURED,RAW_HISTORICAL_READ_LOCATIONS_CAPTURED,ORIGINAL_DDL_CAPTURED_NOT_FINAL_SCHEMA,MIGRATION_CHRONOLOGY_CAPTURED_NO_LIVE_TIMELINE,TEST_REFERENCES_INDEXED_NO_LIVE_SAMPLES,NOT_STARTED,,,,docs/plans/authority-field-audit-v2/
F0177,s1_rooms#03,s1_rooms,created_at,3,11,NO,cfea5155712c0ff416e40ff59e0c49c615fcb4a8,database/001_sprint1_core.sql:L15,,0,NOT_ADJUDICATED,0,0,NONE,,0,0,0,0,,database/001_sprint1_core.sql:L15,"  teacher_token_hash text not null,",NOT_NULL,NOT_VERIFIED_ORIGINAL_DECLARATION_ONLY,database/001_sprint1_core.sql,NO_RAW_WRITE,NO_LIVE_RUN_VALUE_TIMELINE,0,NOT_OBSERVED,LITERAL_LINKS_AND_CANDIDATES_CAPTURED,RAW_HISTORICAL_WRITE_LOCATIONS_CAPTURED,RAW_HISTORICAL_READ_LOCATIONS_CAPTURED,ORIGINAL_DDL_CAPTURED_NOT_FINAL_SCHEMA,MIGRATION_CHRONOLOGY_CAPTURED_NO_LIVE_TIMELINE,TEST_REFERENCES_INDEXED_NO_LIVE_SAMPLES,NOT_STARTED,,,,docs/plans/authority-field-audit-v2/
F0178,s1_rooms#04,s1_rooms,updated_at,4,7,NO,cfea5155712c0ff416e40ff59e0c49c615fcb4a8,database/001_sprint1_core.sql:L16,,0,NOT_ADJUDICATED,1,1,DIRECT_OR_COMPUTED,database/001_sprint1_core.sql:L120@s1_touch_room[UPDATE SET]{DIRECT_OR_COMPUTED},0,0,0,0,,database/001_sprint1_core.sql:L16,"  created_at timestamptz not null default now(),",NOT_NULL|DEFAULT,NOT_VERIFIED_ORIGINAL_DECLARATION_ONLY,database/001_sprint1_core.sql,database/001_sprint1_core.sql,NO_LIVE_RUN_VALUE_TIMELINE,0,NOT_OBSERVED,LITERAL_LINKS_AND_CANDIDATES_CAPTURED,RAW_HISTORICAL_WRITE_LOCATIONS_CAPTURED,RAW_HISTORICAL_READ_LOCATIONS_CAPTURED,ORIGINAL_DDL_CAPTURED_NOT_FINAL_SCHEMA,MIGRATION_CHRONOLOGY_CAPTURED_NO_LIVE_TIMELINE,TEST_REFERENCES_INDEXED_NO_LIVE_SAMPLES,NOT_STARTED,,,,docs/plans/authority-field-audit-v2/
F0179,s1_scene_choices#01,s1_scene_choices,scene_id,1,11,NO,cfea5155712c0ff416e40ff59e0c49c615fcb4a8,database/001_sprint1_core.sql:L46,,0,NOT_ADJUDICATED,1,1,DIRECT_OR_COMPUTED,database/001_sprint1_core.sql:L92@TOP_LEVEL[INSERT explicit column]{DIRECT_OR_COMPUTED},0,0,0,0,,database/001_sprint1_core.sql:L46,create table if not exists public.s1_scene_choices (,NO_INLINE_MARKER,NOT_VERIFIED_ORIGINAL_DECLARATION_ONLY,database/001_sprint1_core.sql,database/001_sprint1_core.sql,NO_LIVE_RUN_VALUE_TIMELINE,0,NOT_OBSERVED,LITERAL_LINKS_AND_CANDIDATES_CAPTURED,RAW_HISTORICAL_WRITE_LOCATIONS_CAPTURED,RAW_HISTORICAL_READ_LOCATIONS_CAPTURED,ORIGINAL_DDL_CAPTURED_NOT_FINAL_SCHEMA,MIGRATION_CHRONOLOGY_CAPTURED_NO_LIVE_TIMELINE,TEST_REFERENCES_INDEXED_NO_LIVE_SAMPLES,NOT_STARTED,,,,docs/plans/authority-field-audit-v2/
F0180,s1_scene_choices#02,s1_scene_choices,choice_id,2,7,NO,cfea5155712c0ff416e40ff59e0c49c615fcb4a8,database/001_sprint1_core.sql:L47,,0,NOT_ADJUDICATED,1,1,DIRECT_OR_COMPUTED,database/001_sprint1_core.sql:L92@TOP_LEVEL[INSERT explicit column]{DIRECT_OR_COMPUTED},0,0,0,0,,database/001_sprint1_core.sql:L47,"  scene_id integer not null,",NOT_NULL,NOT_VERIFIED_ORIGINAL_DECLARATION_ONLY,database/001_sprint1_core.sql,database/001_sprint1_core.sql,NO_LIVE_RUN_VALUE_TIMELINE,0,NOT_OBSERVED,LITERAL_LINKS_AND_CANDIDATES_CAPTURED,RAW_HISTORICAL_WRITE_LOCATIONS_CAPTURED,RAW_HISTORICAL_READ_LOCATIONS_CAPTURED,ORIGINAL_DDL_CAPTURED_NOT_FINAL_SCHEMA,MIGRATION_CHRONOLOGY_CAPTURED_NO_LIVE_TIMELINE,TEST_REFERENCES_INDEXED_NO_LIVE_SAMPLES,NOT_STARTED,,,,docs/plans/authority-field-audit-v2/
F0181,s1_scene_choices#03,s1_scene_choices,choice_label,3,3,NO,cfea5155712c0ff416e40ff59e0c49c615fcb4a8,database/001_sprint1_core.sql:L48,,0,NOT_ADJUDICATED,1,1,DIRECT_OR_COMPUTED,database/001_sprint1_core.sql:L92@TOP_LEVEL[INSERT explicit column]{DIRECT_OR_COMPUTED},0,0,0,0,,database/001_sprint1_core.sql:L48,"  choice_id text not null,",NOT_NULL,NOT_VERIFIED_ORIGINAL_DECLARATION_ONLY,database/001_sprint1_core.sql,database/001_sprint1_core.sql,NO_LIVE_RUN_VALUE_TIMELINE,0,NOT_OBSERVED,LITERAL_LINKS_AND_CANDIDATES_CAPTURED,RAW_HISTORICAL_WRITE_LOCATIONS_CAPTURED,RAW_HISTORICAL_READ_LOCATIONS_CAPTURED,ORIGINAL_DDL_CAPTURED_NOT_FINAL_SCHEMA,MIGRATION_CHRONOLOGY_CAPTURED_NO_LIVE_TIMELINE,TEST_REFERENCES_INDEXED_NO_LIVE_SAMPLES,NOT_STARTED,,,,docs/plans/authority-field-audit-v2/
F0182,s1_scene_choices#04,s1_scene_choices,active,4,1,YES,cfea5155712c0ff416e40ff59e0c49c615fcb4a8,database/001_sprint1_core.sql:L49,,0,NOT_ADJUDICATED,1,1,DIRECT_OR_COMPUTED,database/001_sprint1_core.sql:L92@TOP_LEVEL[INSERT explicit column]{DIRECT_OR_COMPUTED},0,0,28,0,,database/001_sprint1_core.sql:L49,"  choice_label text not null,",NOT_NULL,NOT_VERIFIED_ORIGINAL_DECLARATION_ONLY,database/001_sprint1_core.sql,database/001_sprint1_core.sql,NO_LIVE_RUN_VALUE_TIMELINE,0,NOT_OBSERVED,LITERAL_LINKS_AND_CANDIDATES_CAPTURED,RAW_HISTORICAL_WRITE_LOCATIONS_CAPTURED,RAW_HISTORICAL_READ_LOCATIONS_CAPTURED,ORIGINAL_DDL_CAPTURED_NOT_FINAL_SCHEMA,MIGRATION_CHRONOLOGY_CAPTURED_NO_LIVE_TIMELINE,TEST_REFERENCES_INDEXED_NO_LIVE_SAMPLES,NOT_STARTED,,,,docs/plans/authority-field-audit-v2/
F0183,s3_group_items#01,s3_group_items,run_id,1,36,NO,cfea5155712c0ff416e40ff59e0c49c615fcb4a8,database/005_sprint3a_scene_pocket_knowledge_foundation.sql:L80,,0,NOT_ADJUDICATED,10,6,DIRECT_OR_COMPUTED,database/005_sprint3a_scene_pocket_knowledge_foundation.sql:L181@s3_initialize_audit_fixture[INSERT explicit column]{DIRECT_OR_COMPUTED} | database/006_sprint3a_provenance_view_integrity_fix.sql:L112@s3_initialize_audit_fixture[INSERT explicit column]{DIRECT_OR_COMPUTED},6,1,0,0,database/005_sprint3a_scene_pocket_knowledge_foundation.sql:L238@s3_get_player_state[qualified/rowtype field reference] | database/005_sprint3a_scene_pocket_knowledge_foundation.sql:L238@s3_get_player_state[to_jsonb(row) exposes field],database/005_sprint3a_scene_pocket_knowledge_foundation.sql:L80,create table if not exists public.s3_group_items (,NO_INLINE_MARKER,NOT_VERIFIED_ORIGINAL_DECLARATION_ONLY,database/005_sprint3a_scene_pocket_knowledge_foundation.sql,database/035_sprint6_focused_audit_corrections.sql,NO_LIVE_RUN_VALUE_TIMELINE,0,NOT_OBSERVED,LITERAL_LINKS_AND_CANDIDATES_CAPTURED,RAW_HISTORICAL_WRITE_LOCATIONS_CAPTURED,RAW_HISTORICAL_READ_LOCATIONS_CAPTURED,ORIGINAL_DDL_CAPTURED_NOT_FINAL_SCHEMA,MIGRATION_CHRONOLOGY_CAPTURED_NO_LIVE_TIMELINE,TEST_REFERENCES_INDEXED_NO_LIVE_SAMPLES,NOT_STARTED,,,,docs/plans/authority-field-audit-v2/
F0184,s3_group_items#02,s3_group_items,item_key,2,5,NO,cfea5155712c0ff416e40ff59e0c49c615fcb4a8,database/005_sprint3a_scene_pocket_knowledge_foundation.sql:L81,game_runs#run_id,0,NOT_ADJUDICATED,10,6,DIRECT_OR_COMPUTED,database/005_sprint3a_scene_pocket_knowledge_foundation.sql:L181@s3_initialize_audit_fixture[INSERT explicit column]{DIRECT_OR_COMPUTED} | database/006_sprint3a_provenance_view_integrity_fix.sql:L112@s3_initialize_audit_fixture[INSERT explicit column]{DIRECT_OR_COMPUTED},3,1,0,2,database/005_sprint3a_scene_pocket_knowledge_foundation.sql:L238@s3_get_player_state[to_jsonb(row) exposes field] | database/006_sprint3a_provenance_view_integrity_fix.sql:L147@s3_get_player_state[to_jsonb(row) exposes field],database/005_sprint3a_scene_pocket_knowledge_foundation.sql:L81,"  run_id uuid not null references public.game_runs(run_id),",NOT_NULL|REFERENCES,NOT_VERIFIED_ORIGINAL_DECLARATION_ONLY,database/005_sprint3a_scene_pocket_knowledge_foundation.sql,database/035_sprint6_focused_audit_corrections.sql,NO_LIVE_RUN_VALUE_TIMELINE,0,NOT_OBSERVED,LITERAL_LINKS_AND_CANDIDATES_CAPTURED,RAW_HISTORICAL_WRITE_LOCATIONS_CAPTURED,RAW_HISTORICAL_READ_LOCATIONS_CAPTURED,ORIGINAL_DDL_CAPTURED_NOT_FINAL_SCHEMA,MIGRATION_CHRONOLOGY_CAPTURED_NO_LIVE_TIMELINE,TEST_REFERENCES_INDEXED_NO_LIVE_SAMPLES,NOT_STARTED,,,,docs/plans/authority-field-audit-v2/
F0185,s3_group_items#03,s3_group_items,label_text_key,3,2,NO,cfea5155712c0ff416e40ff59e0c49c615fcb4a8,database/005_sprint3a_scene_pocket_knowledge_foundation.sql:L82,s3_item_catalog#item_key,2,NOT_ADJUDICATED,12,7,DIRECT_OR_COMPUTED|DERIVED_OR_COPY,database/005_sprint3a_scene_pocket_knowledge_foundation.sql:L181@s3_initialize_audit_fixture[INSERT explicit column]{DIRECT_OR_COMPUTED} | database/006_sprint3a_provenance_view_integrity_fix.sql:L112@s3_initialize_audit_fixture[INSERT explicit column]{DIRECT_OR_COMPUTED},3,1,0,2,database/005_sprint3a_scene_pocket_knowledge_foundation.sql:L238@s3_get_player_state[to_jsonb(row) exposes field] | database/006_sprint3a_provenance_view_integrity_fix.sql:L147@s3_get_player_state[to_jsonb(row) exposes field],database/005_sprint3a_scene_pocket_knowledge_foundation.sql:L82,"  item_key text not null references public.s3_item_catalog(item_key),",NOT_NULL|REFERENCES,NOT_VERIFIED_ORIGINAL_DECLARATION_ONLY,database/005_sprint3a_scene_pocket_knowledge_foundation.sql,database/035_sprint6_focused_audit_corrections.sql,NO_LIVE_RUN_VALUE_TIMELINE,0,NOT_OBSERVED,LITERAL_LINKS_AND_CANDIDATES_CAPTURED,RAW_HISTORICAL_WRITE_LOCATIONS_CAPTURED,RAW_HISTORICAL_READ_LOCATIONS_CAPTURED,ORIGINAL_DDL_CAPTURED_NOT_FINAL_SCHEMA,MIGRATION_CHRONOLOGY_CAPTURED_NO_LIVE_TIMELINE,TEST_REFERENCES_INDEXED_NO_LIVE_SAMPLES,NOT_STARTED,,,,docs/plans/authority-field-audit-v2/
F0186,s3_group_items#04,s3_group_items,acquired_at,4,2,NO,cfea5155712c0ff416e40ff59e0c49c615fcb4a8,database/005_sprint3a_scene_pocket_knowledge_foundation.sql:L83,,0,NOT_ADJUDICATED,0,0,NONE,,3,1,0,0,database/005_sprint3a_scene_pocket_knowledge_foundation.sql:L238@s3_get_player_state[to_jsonb(row) exposes field] | database/006_sprint3a_provenance_view_integrity_fix.sql:L147@s3_get_player_state[to_jsonb(row) exposes field],database/005_sprint3a_scene_pocket_knowledge_foundation.sql:L83,"  label_text_key text not null,",NOT_NULL,NOT_VERIFIED_ORIGINAL_DECLARATION_ONLY,database/005_sprint3a_scene_pocket_knowledge_foundation.sql,NO_RAW_WRITE,NO_LIVE_RUN_VALUE_TIMELINE,0,NOT_OBSERVED,LITERAL_LINKS_AND_CANDIDATES_CAPTURED,RAW_HISTORICAL_WRITE_LOCATIONS_CAPTURED,RAW_HISTORICAL_READ_LOCATIONS_CAPTURED,ORIGINAL_DDL_CAPTURED_NOT_FINAL_SCHEMA,MIGRATION_CHRONOLOGY_CAPTURED_NO_LIVE_TIMELINE,TEST_REFERENCES_INDEXED_NO_LIVE_SAMPLES,NOT_STARTED,,,,docs/plans/authority-field-audit-v2/
F0187,s3_item_catalog#01,s3_item_catalog,item_key,1,5,NO,cfea5155712c0ff416e40ff59e0c49c615fcb4a8,database/005_sprint3a_scene_pocket_knowledge_foundation.sql:L16,,0,NOT_ADJUDICATED,3,1,DIRECT_OR_COMPUTED,database/005_sprint3a_scene_pocket_knowledge_foundation.sql:L98@TOP_LEVEL[INSERT explicit column]{DIRECT_OR_COMPUTED} | database/007_sprint3b_act1_5_placeholder_flow.sql:L49@TOP_LEVEL[INSERT explicit column]{DIRECT_OR_COMPUTED},0,0,0,0,,database/005_sprint3a_scene_pocket_knowledge_foundation.sql:L16,create table if not exists public.s3_item_catalog (,NO_INLINE_MARKER,NOT_VERIFIED_ORIGINAL_DECLARATION_ONLY,database/005_sprint3a_scene_pocket_knowledge_foundation.sql,database/033_sprint6_act9_13_runtime.sql,NO_LIVE_RUN_VALUE_TIMELINE,0,NOT_OBSERVED,LITERAL_LINKS_AND_CANDIDATES_CAPTURED,RAW_HISTORICAL_WRITE_LOCATIONS_CAPTURED,RAW_HISTORICAL_READ_LOCATIONS_CAPTURED,ORIGINAL_DDL_CAPTURED_NOT_FINAL_SCHEMA,MIGRATION_CHRONOLOGY_CAPTURED_NO_LIVE_TIMELINE,TEST_REFERENCES_INDEXED_NO_LIVE_SAMPLES,NOT_STARTED,,,,docs/plans/authority-field-audit-v2/
F0188,s3_item_catalog#02,s3_item_catalog,name_text_key,2,1,YES,cfea5155712c0ff416e40ff59e0c49c615fcb4a8,database/005_sprint3a_scene_pocket_knowledge_foundation.sql:L17,,2,NOT_ADJUDICATED,5,1,DIRECT_OR_COMPUTED|DERIVED_OR_COPY,database/005_sprint3a_scene_pocket_knowledge_foundation.sql:L98@TOP_LEVEL[INSERT explicit column]{DIRECT_OR_COMPUTED} | database/007_sprint3b_act1_5_placeholder_flow.sql:L49@TOP_LEVEL[INSERT explicit column]{DIRECT_OR_COMPUTED},3,1,4,0,database/005_sprint3a_scene_pocket_knowledge_foundation.sql:L235@s3_get_player_state[qualified/rowtype field reference] | database/006_sprint3a_provenance_view_integrity_fix.sql:L144@s3_get_player_state[qualified/rowtype field reference],database/005_sprint3a_scene_pocket_knowledge_foundation.sql:L17,"  item_key text primary key,",PRIMARY_KEY,NOT_VERIFIED_ORIGINAL_DECLARATION_ONLY,database/005_sprint3a_scene_pocket_knowledge_foundation.sql,database/035_sprint6_focused_audit_corrections.sql,NO_LIVE_RUN_VALUE_TIMELINE,0,NOT_OBSERVED,LITERAL_LINKS_AND_CANDIDATES_CAPTURED,RAW_HISTORICAL_WRITE_LOCATIONS_CAPTURED,RAW_HISTORICAL_READ_LOCATIONS_CAPTURED,ORIGINAL_DDL_CAPTURED_NOT_FINAL_SCHEMA,MIGRATION_CHRONOLOGY_CAPTURED_NO_LIVE_TIMELINE,TEST_REFERENCES_INDEXED_NO_LIVE_SAMPLES,NOT_STARTED,,,,docs/plans/authority-field-audit-v2/
F0189,s3_item_catalog#03,s3_item_catalog,shareable_views,3,1,YES,cfea5155712c0ff416e40ff59e0c49c615fcb4a8,database/005_sprint3a_scene_pocket_knowledge_foundation.sql:L18,,0,NOT_ADJUDICATED,4,1,DIRECT_OR_COMPUTED,database/005_sprint3a_scene_pocket_knowledge_foundation.sql:L98@TOP_LEVEL[INSERT explicit column]{DIRECT_OR_COMPUTED} | database/006_sprint3a_provenance_view_integrity_fix.sql:L15@TOP_LEVEL[UPDATE SET]{DIRECT_OR_COMPUTED},0,0,0,0,,database/005_sprint3a_scene_pocket_knowledge_foundation.sql:L18,"  name_text_key text not null,",NOT_NULL,NOT_VERIFIED_ORIGINAL_DECLARATION_ONLY,database/005_sprint3a_scene_pocket_knowledge_foundation.sql,database/033_sprint6_act9_13_runtime.sql,NO_LIVE_RUN_VALUE_TIMELINE,0,NOT_OBSERVED,LITERAL_LINKS_AND_CANDIDATES_CAPTURED,RAW_HISTORICAL_WRITE_LOCATIONS_CAPTURED,RAW_HISTORICAL_READ_LOCATIONS_CAPTURED,ORIGINAL_DDL_CAPTURED_NOT_FINAL_SCHEMA,MIGRATION_CHRONOLOGY_CAPTURED_NO_LIVE_TIMELINE,TEST_REFERENCES_INDEXED_NO_LIVE_SAMPLES,NOT_STARTED,,,,docs/plans/authority-field-audit-v2/
F0190,s3_knowledge_catalog#01,s3_knowledge_catalog,knowledge_key,1,3,NO,cfea5155712c0ff416e40ff59e0c49c615fcb4a8,database/005_sprint3a_scene_pocket_knowledge_foundation.sql:L27,,0,NOT_ADJUDICATED,3,1,DIRECT_OR_COMPUTED,database/005_sprint3a_scene_pocket_knowledge_foundation.sql:L109@TOP_LEVEL[INSERT explicit column]{DIRECT_OR_COMPUTED} | database/033_sprint6_act9_13_runtime.sql:L19@TOP_LEVEL[INSERT explicit column]{DIRECT_OR_COMPUTED},0,0,0,0,,database/005_sprint3a_scene_pocket_knowledge_foundation.sql:L27,create table if not exists public.s3_knowledge_catalog (,NO_INLINE_MARKER,NOT_VERIFIED_ORIGINAL_DECLARATION_ONLY,database/005_sprint3a_scene_pocket_knowledge_foundation.sql,database/068_package_c_authoritative_pocket_inspection.sql,NO_LIVE_RUN_VALUE_TIMELINE,0,NOT_OBSERVED,LITERAL_LINKS_AND_CANDIDATES_CAPTURED,RAW_HISTORICAL_WRITE_LOCATIONS_CAPTURED,RAW_HISTORICAL_READ_LOCATIONS_CAPTURED,ORIGINAL_DDL_CAPTURED_NOT_FINAL_SCHEMA,MIGRATION_CHRONOLOGY_CAPTURED_NO_LIVE_TIMELINE,TEST_REFERENCES_INDEXED_NO_LIVE_SAMPLES,NOT_STARTED,,,,docs/plans/authority-field-audit-v2/
F0191,s3_observation_catalog#01,s3_observation_catalog,observation_key,1,2,NO,cfea5155712c0ff416e40ff59e0c49c615fcb4a8,database/005_sprint3a_scene_pocket_knowledge_foundation.sql:L22,,0,NOT_ADJUDICATED,2,1,DIRECT_OR_COMPUTED,database/005_sprint3a_scene_pocket_knowledge_foundation.sql:L105@TOP_LEVEL[INSERT explicit column]{DIRECT_OR_COMPUTED} | database/009_sprint3b_act1_consequence_integrity.sql:L13@TOP_LEVEL[INSERT explicit column]{DIRECT_OR_COMPUTED},0,0,0,0,,database/005_sprint3a_scene_pocket_knowledge_foundation.sql:L22,create table if not exists public.s3_observation_catalog (,NO_INLINE_MARKER,NOT_VERIFIED_ORIGINAL_DECLARATION_ONLY,database/005_sprint3a_scene_pocket_knowledge_foundation.sql,database/009_sprint3b_act1_consequence_integrity.sql,NO_LIVE_RUN_VALUE_TIMELINE,0,NOT_OBSERVED,LITERAL_LINKS_AND_CANDIDATES_CAPTURED,RAW_HISTORICAL_WRITE_LOCATIONS_CAPTURED,RAW_HISTORICAL_READ_LOCATIONS_CAPTURED,ORIGINAL_DDL_CAPTURED_NOT_FINAL_SCHEMA,MIGRATION_CHRONOLOGY_CAPTURED_NO_LIVE_TIMELINE,TEST_REFERENCES_INDEXED_NO_LIVE_SAMPLES,NOT_STARTED,,,,docs/plans/authority-field-audit-v2/
F0192,s3_observation_catalog#02,s3_observation_catalog,display_text_key,2,2,NO,cfea5155712c0ff416e40ff59e0c49c615fcb4a8,database/005_sprint3a_scene_pocket_knowledge_foundation.sql:L23,,0,NOT_ADJUDICATED,2,1,DIRECT_OR_COMPUTED,database/005_sprint3a_scene_pocket_knowledge_foundation.sql:L105@TOP_LEVEL[INSERT explicit column]{DIRECT_OR_COMPUTED} | database/009_sprint3b_act1_consequence_integrity.sql:L13@TOP_LEVEL[INSERT explicit column]{DIRECT_OR_COMPUTED},0,0,0,0,,database/005_sprint3a_scene_pocket_knowledge_foundation.sql:L23,"  observation_key text primary key,",PRIMARY_KEY,NOT_VERIFIED_ORIGINAL_DECLARATION_ONLY,database/005_sprint3a_scene_pocket_knowledge_foundation.sql,database/009_sprint3b_act1_consequence_integrity.sql,NO_LIVE_RUN_VALUE_TIMELINE,0,NOT_OBSERVED,LITERAL_LINKS_AND_CANDIDATES_CAPTURED,RAW_HISTORICAL_WRITE_LOCATIONS_CAPTURED,RAW_HISTORICAL_READ_LOCATIONS_CAPTURED,ORIGINAL_DDL_CAPTURED_NOT_FINAL_SCHEMA,MIGRATION_CHRONOLOGY_CAPTURED_NO_LIVE_TIMELINE,TEST_REFERENCES_INDEXED_NO_LIVE_SAMPLES,NOT_STARTED,,,,docs/plans/authority-field-audit-v2/
F0193,s3_player_item_view_state#01,s3_player_item_view_state,run_id,1,36,NO,cfea5155712c0ff416e40ff59e0c49c615fcb4a8,database/006_sprint3a_provenance_view_integrity_fix.sql:L4,,0,NOT_ADJUDICATED,4,4,DIRECT_OR_COMPUTED,database/006_sprint3a_provenance_view_integrity_fix.sql:L111@s3_initialize_audit_fixture[INSERT explicit column]{DIRECT_OR_COMPUTED} | database/007_sprint3b_act1_5_placeholder_flow.sql:L123@s3b_grab[INSERT explicit column]{DIRECT_OR_COMPUTED},2,1,0,0,database/006_sprint3a_provenance_view_integrity_fix.sql:L144@s3_get_player_state[qualified/rowtype field reference] | database/068_package_c_authoritative_pocket_inspection.sql:L71@s3_get_player_state[qualified/rowtype field reference],database/006_sprint3a_provenance_view_integrity_fix.sql:L4,create table if not exists public.s3_player_item_view_state (,NO_INLINE_MARKER,NOT_VERIFIED_ORIGINAL_DECLARATION_ONLY,database/006_sprint3a_provenance_view_integrity_fix.sql,database/054_level3_integrated_closure.sql,NO_LIVE_RUN_VALUE_TIMELINE,0,NOT_OBSERVED,LITERAL_LINKS_AND_CANDIDATES_CAPTURED,RAW_HISTORICAL_WRITE_LOCATIONS_CAPTURED,RAW_HISTORICAL_READ_LOCATIONS_CAPTURED,ORIGINAL_DDL_CAPTURED_NOT_FINAL_SCHEMA,MIGRATION_CHRONOLOGY_CAPTURED_NO_LIVE_TIMELINE,TEST_REFERENCES_INDEXED_NO_LIVE_SAMPLES,NOT_STARTED,,,,docs/plans/authority-field-audit-v2/
F0194,s3_player_item_view_state#02,s3_player_item_view_state,player_id,2,24,NO,cfea5155712c0ff416e40ff59e0c49c615fcb4a8,database/006_sprint3a_provenance_view_integrity_fix.sql:L5,game_runs#run_id,0,NOT_ADJUDICATED,4,4,DIRECT_OR_COMPUTED,database/006_sprint3a_provenance_view_integrity_fix.sql:L111@s3_initialize_audit_fixture[INSERT explicit column]{DIRECT_OR_COMPUTED} | database/007_sprint3b_act1_5_placeholder_flow.sql:L123@s3b_grab[INSERT explicit column]{DIRECT_OR_COMPUTED},2,1,0,0,database/006_sprint3a_provenance_view_integrity_fix.sql:L144@s3_get_player_state[qualified/rowtype field reference] | database/068_package_c_authoritative_pocket_inspection.sql:L71@s3_get_player_state[qualified/rowtype field reference],database/006_sprint3a_provenance_view_integrity_fix.sql:L5,"  run_id uuid not null references public.game_runs(run_id),",NOT_NULL|REFERENCES,NOT_VERIFIED_ORIGINAL_DECLARATION_ONLY,database/006_sprint3a_provenance_view_integrity_fix.sql,database/054_level3_integrated_closure.sql,NO_LIVE_RUN_VALUE_TIMELINE,0,NOT_OBSERVED,LITERAL_LINKS_AND_CANDIDATES_CAPTURED,RAW_HISTORICAL_WRITE_LOCATIONS_CAPTURED,RAW_HISTORICAL_READ_LOCATIONS_CAPTURED,ORIGINAL_DDL_CAPTURED_NOT_FINAL_SCHEMA,MIGRATION_CHRONOLOGY_CAPTURED_NO_LIVE_TIMELINE,TEST_REFERENCES_INDEXED_NO_LIVE_SAMPLES,NOT_STARTED,,,,docs/plans/authority-field-audit-v2/
F0195,s3_player_item_view_state#03,s3_player_item_view_state,item_key,3,5,NO,cfea5155712c0ff416e40ff59e0c49c615fcb4a8,database/006_sprint3a_provenance_view_integrity_fix.sql:L6,s1_room_players#player_id,0,NOT_ADJUDICATED,4,4,DIRECT_OR_COMPUTED,database/006_sprint3a_provenance_view_integrity_fix.sql:L111@s3_initialize_audit_fixture[INSERT explicit column]{DIRECT_OR_COMPUTED} | database/007_sprint3b_act1_5_placeholder_flow.sql:L123@s3b_grab[INSERT explicit column]{DIRECT_OR_COMPUTED},2,1,0,0,database/006_sprint3a_provenance_view_integrity_fix.sql:L144@s3_get_player_state[qualified/rowtype field reference] | database/068_package_c_authoritative_pocket_inspection.sql:L71@s3_get_player_state[qualified/rowtype field reference],database/006_sprint3a_provenance_view_integrity_fix.sql:L6,"  player_id uuid not null references public.s1_room_players(player_id),",NOT_NULL|REFERENCES,NOT_VERIFIED_ORIGINAL_DECLARATION_ONLY,database/006_sprint3a_provenance_view_integrity_fix.sql,database/054_level3_integrated_closure.sql,NO_LIVE_RUN_VALUE_TIMELINE,0,NOT_OBSERVED,LITERAL_LINKS_AND_CANDIDATES_CAPTURED,RAW_HISTORICAL_WRITE_LOCATIONS_CAPTURED,RAW_HISTORICAL_READ_LOCATIONS_CAPTURED,ORIGINAL_DDL_CAPTURED_NOT_FINAL_SCHEMA,MIGRATION_CHRONOLOGY_CAPTURED_NO_LIVE_TIMELINE,TEST_REFERENCES_INDEXED_NO_LIVE_SAMPLES,NOT_STARTED,,,,docs/plans/authority-field-audit-v2/
F0196,s3_player_item_view_state#04,s3_player_item_view_state,current_view,4,1,YES,cfea5155712c0ff416e40ff59e0c49c615fcb4a8,database/006_sprint3a_provenance_view_integrity_fix.sql:L7,s3_item_catalog#item_key,0,NOT_ADJUDICATED,6,5,DIRECT_OR_COMPUTED,database/006_sprint3a_provenance_view_integrity_fix.sql:L111@s3_initialize_audit_fixture[INSERT explicit column]{DIRECT_OR_COMPUTED} | database/006_sprint3a_provenance_view_integrity_fix.sql:L75@s3_set_item_view[UPDATE SET]{DIRECT_OR_COMPUTED},2,1,13,0,database/006_sprint3a_provenance_view_integrity_fix.sql:L144@s3_get_player_state[qualified/rowtype field reference] | database/068_package_c_authoritative_pocket_inspection.sql:L71@s3_get_player_state[qualified/rowtype field reference],database/006_sprint3a_provenance_view_integrity_fix.sql:L7,"  item_key text not null references public.s3_item_catalog(item_key),",NOT_NULL|REFERENCES,NOT_VERIFIED_ORIGINAL_DECLARATION_ONLY,database/006_sprint3a_provenance_view_integrity_fix.sql,database/068_package_c_authoritative_pocket_inspection.sql,NO_LIVE_RUN_VALUE_TIMELINE,0,NOT_OBSERVED,LITERAL_LINKS_AND_CANDIDATES_CAPTURED,RAW_HISTORICAL_WRITE_LOCATIONS_CAPTURED,RAW_HISTORICAL_READ_LOCATIONS_CAPTURED,ORIGINAL_DDL_CAPTURED_NOT_FINAL_SCHEMA,MIGRATION_CHRONOLOGY_CAPTURED_NO_LIVE_TIMELINE,TEST_REFERENCES_INDEXED_NO_LIVE_SAMPLES,NOT_STARTED,,,,docs/plans/authority-field-audit-v2/
F0197,s3_player_item_view_state#05,s3_player_item_view_state,updated_at,5,7,NO,cfea5155712c0ff416e40ff59e0c49c615fcb4a8,database/006_sprint3a_provenance_view_integrity_fix.sql:L8,,0,NOT_ADJUDICATED,2,1,DIRECT_OR_COMPUTED,database/006_sprint3a_provenance_view_integrity_fix.sql:L75@s3_set_item_view[UPDATE SET]{DIRECT_OR_COMPUTED} | database/068_package_c_authoritative_pocket_inspection.sql:L51@s3_set_item_view[UPDATE SET]{DIRECT_OR_COMPUTED},0,0,0,0,,database/006_sprint3a_provenance_view_integrity_fix.sql:L8,"  current_view text not null,",NOT_NULL,NOT_VERIFIED_ORIGINAL_DECLARATION_ONLY,database/006_sprint3a_provenance_view_integrity_fix.sql,database/068_package_c_authoritative_pocket_inspection.sql,NO_LIVE_RUN_VALUE_TIMELINE,0,NOT_OBSERVED,LITERAL_LINKS_AND_CANDIDATES_CAPTURED,RAW_HISTORICAL_WRITE_LOCATIONS_CAPTURED,RAW_HISTORICAL_READ_LOCATIONS_CAPTURED,ORIGINAL_DDL_CAPTURED_NOT_FINAL_SCHEMA,MIGRATION_CHRONOLOGY_CAPTURED_NO_LIVE_TIMELINE,TEST_REFERENCES_INDEXED_NO_LIVE_SAMPLES,NOT_STARTED,,,,docs/plans/authority-field-audit-v2/
F0198,s3_player_items#01,s3_player_items,run_id,1,36,NO,cfea5155712c0ff416e40ff59e0c49c615fcb4a8,database/005_sprint3a_scene_pocket_knowledge_foundation.sql:L31,,0,NOT_ADJUDICATED,5,4,DIRECT_OR_COMPUTED,database/005_sprint3a_scene_pocket_knowledge_foundation.sql:L179@s3_initialize_audit_fixture[INSERT explicit column]{DIRECT_OR_COMPUTED} | database/006_sprint3a_provenance_view_integrity_fix.sql:L110@s3_initialize_audit_fixture[INSERT explicit column]{DIRECT_OR_COMPUTED},6,3,0,0,database/005_sprint3a_scene_pocket_knowledge_foundation.sql:L235@s3_get_player_state[qualified/rowtype field reference] | database/006_sprint3a_provenance_view_integrity_fix.sql:L144@s3_get_player_state[qualified/rowtype field reference],database/005_sprint3a_scene_pocket_knowledge_foundation.sql:L31,create table if not exists public.s3_player_items (,NO_INLINE_MARKER,NOT_VERIFIED_ORIGINAL_DECLARATION_ONLY,database/005_sprint3a_scene_pocket_knowledge_foundation.sql,database/054_level3_integrated_closure.sql,NO_LIVE_RUN_VALUE_TIMELINE,0,NOT_OBSERVED,LITERAL_LINKS_AND_CANDIDATES_CAPTURED,RAW_HISTORICAL_WRITE_LOCATIONS_CAPTURED,RAW_HISTORICAL_READ_LOCATIONS_CAPTURED,ORIGINAL_DDL_CAPTURED_NOT_FINAL_SCHEMA,MIGRATION_CHRONOLOGY_CAPTURED_NO_LIVE_TIMELINE,TEST_REFERENCES_INDEXED_NO_LIVE_SAMPLES,NOT_STARTED,,,,docs/plans/authority-field-audit-v2/
F0199,s3_player_items#02,s3_player_items,item_key,2,5,NO,cfea5155712c0ff416e40ff59e0c49c615fcb4a8,database/005_sprint3a_scene_pocket_knowledge_foundation.sql:L32,game_runs#run_id,0,NOT_ADJUDICATED,5,4,DIRECT_OR_COMPUTED,database/005_sprint3a_scene_pocket_knowledge_foundation.sql:L179@s3_initialize_audit_fixture[INSERT explicit column]{DIRECT_OR_COMPUTED} | database/006_sprint3a_provenance_view_integrity_fix.sql:L110@s3_initialize_audit_fixture[INSERT explicit column]{DIRECT_OR_COMPUTED},6,3,0,0,database/005_sprint3a_scene_pocket_knowledge_foundation.sql:L235@s3_get_player_state[qualified/rowtype field reference] | database/006_sprint3a_provenance_view_integrity_fix.sql:L144@s3_get_player_state[qualified/rowtype field reference],database/005_sprint3a_scene_pocket_knowledge_foundation.sql:L32,"  run_id uuid not null references public.game_runs(run_id),",NOT_NULL|REFERENCES,NOT_VERIFIED_ORIGINAL_DECLARATION_ONLY,database/005_sprint3a_scene_pocket_knowledge_foundation.sql,database/054_level3_integrated_closure.sql,NO_LIVE_RUN_VALUE_TIMELINE,0,NOT_OBSERVED,LITERAL_LINKS_AND_CANDIDATES_CAPTURED,RAW_HISTORICAL_WRITE_LOCATIONS_CAPTURED,RAW_HISTORICAL_READ_LOCATIONS_CAPTURED,ORIGINAL_DDL_CAPTURED_NOT_FINAL_SCHEMA,MIGRATION_CHRONOLOGY_CAPTURED_NO_LIVE_TIMELINE,TEST_REFERENCES_INDEXED_NO_LIVE_SAMPLES,NOT_STARTED,,,,docs/plans/authority-field-audit-v2/
F0200,s3_player_items#03,s3_player_items,physical_owner_id,3,1,YES,cfea5155712c0ff416e40ff59e0c49c615fcb4a8,database/005_sprint3a_scene_pocket_knowledge_foundation.sql:L33,s3_item_catalog#item_key,0,NOT_ADJUDICATED,5,4,DIRECT_OR_COMPUTED,database/005_sprint3a_scene_pocket_knowledge_foundation.sql:L179@s3_initialize_audit_fixture[INSERT explicit column]{DIRECT_OR_COMPUTED} | database/006_sprint3a_provenance_view_integrity_fix.sql:L110@s3_initialize_audit_fixture[INSERT explicit column]{DIRECT_OR_COMPUTED},6,3,0,0,database/005_sprint3a_scene_pocket_knowledge_foundation.sql:L235@s3_get_player_state[qualified/rowtype field reference] | database/006_sprint3a_provenance_view_integrity_fix.sql:L144@s3_get_player_state[qualified/rowtype field reference],database/005_sprint3a_scene_pocket_knowledge_foundation.sql:L33,"  item_key text not null references public.s3_item_catalog(item_key),",NOT_NULL|REFERENCES,NOT_VERIFIED_ORIGINAL_DECLARATION_ONLY,database/005_sprint3a_scene_pocket_knowledge_foundation.sql,database/054_level3_integrated_closure.sql,NO_LIVE_RUN_VALUE_TIMELINE,0,NOT_OBSERVED,LITERAL_LINKS_AND_CANDIDATES_CAPTURED,RAW_HISTORICAL_WRITE_LOCATIONS_CAPTURED,RAW_HISTORICAL_READ_LOCATIONS_CAPTURED,ORIGINAL_DDL_CAPTURED_NOT_FINAL_SCHEMA,MIGRATION_CHRONOLOGY_CAPTURED_NO_LIVE_TIMELINE,TEST_REFERENCES_INDEXED_NO_LIVE_SAMPLES,NOT_STARTED,,,,docs/plans/authority-field-audit-v2/
F0201,s3_player_items#04,s3_player_items,acquired_at,4,2,NO,cfea5155712c0ff416e40ff59e0c49c615fcb4a8,database/005_sprint3a_scene_pocket_knowledge_foundation.sql:L34,s1_room_players#player_id,0,NOT_ADJUDICATED,0,0,NONE,,3,2,0,0,database/043_sprint7_teacher_console.sql:L65@s7_get_teacher_console[qualified/rowtype field reference] | database/044_sprint7_focused_level1_corrections.sql:L58@s7_get_teacher_console[qualified/rowtype field reference],database/005_sprint3a_scene_pocket_knowledge_foundation.sql:L34,"  physical_owner_id uuid not null references public.s1_room_players(player_id),",NOT_NULL|REFERENCES,NOT_VERIFIED_ORIGINAL_DECLARATION_ONLY,database/005_sprint3a_scene_pocket_knowledge_foundation.sql,NO_RAW_WRITE,NO_LIVE_RUN_VALUE_TIMELINE,0,NOT_OBSERVED,LITERAL_LINKS_AND_CANDIDATES_CAPTURED,RAW_HISTORICAL_WRITE_LOCATIONS_CAPTURED,RAW_HISTORICAL_READ_LOCATIONS_CAPTURED,ORIGINAL_DDL_CAPTURED_NOT_FINAL_SCHEMA,MIGRATION_CHRONOLOGY_CAPTURED_NO_LIVE_TIMELINE,TEST_REFERENCES_INDEXED_NO_LIVE_SAMPLES,NOT_STARTED,,,,docs/plans/authority-field-audit-v2/
F0202,s3_player_knowledge#01,s3_player_knowledge,acquisition_id,1,1,YES,cfea5155712c0ff416e40ff59e0c49c615fcb4a8,database/005_sprint3a_scene_pocket_knowledge_foundation.sql:L49,,0,NOT_ADJUDICATED,0,0,NONE,,3,1,0,0,database/005_sprint3a_scene_pocket_knowledge_foundation.sql:L239@s3_get_player_state[to_jsonb(row) exposes field] | database/006_sprint3a_provenance_view_integrity_fix.sql:L148@s3_get_player_state[to_jsonb(row) exposes field],database/005_sprint3a_scene_pocket_knowledge_foundation.sql:L49,create table if not exists public.s3_player_knowledge (,NO_INLINE_MARKER,NOT_VERIFIED_ORIGINAL_DECLARATION_ONLY,database/005_sprint3a_scene_pocket_knowledge_foundation.sql,NO_RAW_WRITE,NO_LIVE_RUN_VALUE_TIMELINE,0,NOT_OBSERVED,LITERAL_LINKS_AND_CANDIDATES_CAPTURED,RAW_HISTORICAL_WRITE_LOCATIONS_CAPTURED,RAW_HISTORICAL_READ_LOCATIONS_CAPTURED,ORIGINAL_DDL_CAPTURED_NOT_FINAL_SCHEMA,MIGRATION_CHRONOLOGY_CAPTURED_NO_LIVE_TIMELINE,TEST_REFERENCES_INDEXED_NO_LIVE_SAMPLES,NOT_STARTED,,,,docs/plans/authority-field-audit-v2/
F0203,s3_player_knowledge#02,s3_player_knowledge,run_id,2,36,NO,cfea5155712c0ff416e40ff59e0c49c615fcb4a8,database/005_sprint3a_scene_pocket_knowledge_foundation.sql:L50,,0,NOT_ADJUDICATED,2,1,DIRECT_OR_COMPUTED,database/005_sprint3a_scene_pocket_knowledge_foundation.sql:L147@s3_record_knowledge[INSERT explicit column]{DIRECT_OR_COMPUTED} | database/006_sprint3a_provenance_view_integrity_fix.sql:L57@s3_record_knowledge[INSERT explicit column]{DIRECT_OR_COMPUTED},6,1,0,0,database/005_sprint3a_scene_pocket_knowledge_foundation.sql:L239@s3_get_player_state[qualified/rowtype field reference] | database/005_sprint3a_scene_pocket_knowledge_foundation.sql:L239@s3_get_player_state[to_jsonb(row) exposes field],database/005_sprint3a_scene_pocket_knowledge_foundation.sql:L50,"  acquisition_id uuid primary key default gen_random_uuid(),",PRIMARY_KEY|DEFAULT,NOT_VERIFIED_ORIGINAL_DECLARATION_ONLY,database/005_sprint3a_scene_pocket_knowledge_foundation.sql,database/006_sprint3a_provenance_view_integrity_fix.sql,NO_LIVE_RUN_VALUE_TIMELINE,0,NOT_OBSERVED,LITERAL_LINKS_AND_CANDIDATES_CAPTURED,RAW_HISTORICAL_WRITE_LOCATIONS_CAPTURED,RAW_HISTORICAL_READ_LOCATIONS_CAPTURED,ORIGINAL_DDL_CAPTURED_NOT_FINAL_SCHEMA,MIGRATION_CHRONOLOGY_CAPTURED_NO_LIVE_TIMELINE,TEST_REFERENCES_INDEXED_NO_LIVE_SAMPLES,NOT_STARTED,,,,docs/plans/authority-field-audit-v2/
F0204,s3_player_knowledge#03,s3_player_knowledge,player_id,3,24,NO,cfea5155712c0ff416e40ff59e0c49c615fcb4a8,database/005_sprint3a_scene_pocket_knowledge_foundation.sql:L51,game_runs#run_id,0,NOT_ADJUDICATED,2,1,DIRECT_OR_COMPUTED,database/005_sprint3a_scene_pocket_knowledge_foundation.sql:L147@s3_record_knowledge[INSERT explicit column]{DIRECT_OR_COMPUTED} | database/006_sprint3a_provenance_view_integrity_fix.sql:L57@s3_record_knowledge[INSERT explicit column]{DIRECT_OR_COMPUTED},6,1,0,0,database/005_sprint3a_scene_pocket_knowledge_foundation.sql:L239@s3_get_player_state[qualified/rowtype field reference] | database/005_sprint3a_scene_pocket_knowledge_foundation.sql:L239@s3_get_player_state[to_jsonb(row) exposes field],database/005_sprint3a_scene_pocket_knowledge_foundation.sql:L51,"  run_id uuid not null references public.game_runs(run_id),",NOT_NULL|REFERENCES,NOT_VERIFIED_ORIGINAL_DECLARATION_ONLY,database/005_sprint3a_scene_pocket_knowledge_foundation.sql,database/006_sprint3a_provenance_view_integrity_fix.sql,NO_LIVE_RUN_VALUE_TIMELINE,0,NOT_OBSERVED,LITERAL_LINKS_AND_CANDIDATES_CAPTURED,RAW_HISTORICAL_WRITE_LOCATIONS_CAPTURED,RAW_HISTORICAL_READ_LOCATIONS_CAPTURED,ORIGINAL_DDL_CAPTURED_NOT_FINAL_SCHEMA,MIGRATION_CHRONOLOGY_CAPTURED_NO_LIVE_TIMELINE,TEST_REFERENCES_INDEXED_NO_LIVE_SAMPLES,NOT_STARTED,,,,docs/plans/authority-field-audit-v2/
F0205,s3_player_knowledge#04,s3_player_knowledge,knowledge_key,4,3,NO,cfea5155712c0ff416e40ff59e0c49c615fcb4a8,database/005_sprint3a_scene_pocket_knowledge_foundation.sql:L52,s1_room_players#player_id,0,NOT_ADJUDICATED,2,1,DIRECT_OR_COMPUTED,database/005_sprint3a_scene_pocket_knowledge_foundation.sql:L147@s3_record_knowledge[INSERT explicit column]{DIRECT_OR_COMPUTED} | database/006_sprint3a_provenance_view_integrity_fix.sql:L57@s3_record_knowledge[INSERT explicit column]{DIRECT_OR_COMPUTED},3,1,0,0,database/005_sprint3a_scene_pocket_knowledge_foundation.sql:L239@s3_get_player_state[to_jsonb(row) exposes field] | database/006_sprint3a_provenance_view_integrity_fix.sql:L148@s3_get_player_state[to_jsonb(row) exposes field],database/005_sprint3a_scene_pocket_knowledge_foundation.sql:L52,"  player_id uuid not null references public.s1_room_players(player_id),",NOT_NULL|REFERENCES,NOT_VERIFIED_ORIGINAL_DECLARATION_ONLY,database/005_sprint3a_scene_pocket_knowledge_foundation.sql,database/006_sprint3a_provenance_view_integrity_fix.sql,NO_LIVE_RUN_VALUE_TIMELINE,0,NOT_OBSERVED,LITERAL_LINKS_AND_CANDIDATES_CAPTURED,RAW_HISTORICAL_WRITE_LOCATIONS_CAPTURED,RAW_HISTORICAL_READ_LOCATIONS_CAPTURED,ORIGINAL_DDL_CAPTURED_NOT_FINAL_SCHEMA,MIGRATION_CHRONOLOGY_CAPTURED_NO_LIVE_TIMELINE,TEST_REFERENCES_INDEXED_NO_LIVE_SAMPLES,NOT_STARTED,,,,docs/plans/authority-field-audit-v2/
F0206,s3_player_knowledge#05,s3_player_knowledge,source,5,1,YES,cfea5155712c0ff416e40ff59e0c49c615fcb4a8,database/005_sprint3a_scene_pocket_knowledge_foundation.sql:L53,s3_knowledge_catalog#knowledge_key,0,NOT_ADJUDICATED,2,1,DIRECT_OR_COMPUTED,database/005_sprint3a_scene_pocket_knowledge_foundation.sql:L147@s3_record_knowledge[INSERT explicit column]{DIRECT_OR_COMPUTED} | database/006_sprint3a_provenance_view_integrity_fix.sql:L57@s3_record_knowledge[INSERT explicit column]{DIRECT_OR_COMPUTED},3,1,1,0,database/005_sprint3a_scene_pocket_knowledge_foundation.sql:L239@s3_get_player_state[to_jsonb(row) exposes field] | database/006_sprint3a_provenance_view_integrity_fix.sql:L148@s3_get_player_state[to_jsonb(row) exposes field],database/005_sprint3a_scene_pocket_knowledge_foundation.sql:L53,"  knowledge_key text not null references public.s3_knowledge_catalog(knowledge_key),",NOT_NULL|REFERENCES,NOT_VERIFIED_ORIGINAL_DECLARATION_ONLY,database/005_sprint3a_scene_pocket_knowledge_foundation.sql,database/006_sprint3a_provenance_view_integrity_fix.sql,NO_LIVE_RUN_VALUE_TIMELINE,0,NOT_OBSERVED,LITERAL_LINKS_AND_CANDIDATES_CAPTURED,RAW_HISTORICAL_WRITE_LOCATIONS_CAPTURED,RAW_HISTORICAL_READ_LOCATIONS_CAPTURED,ORIGINAL_DDL_CAPTURED_NOT_FINAL_SCHEMA,MIGRATION_CHRONOLOGY_CAPTURED_NO_LIVE_TIMELINE,TEST_REFERENCES_INDEXED_NO_LIVE_SAMPLES,NOT_STARTED,,,,docs/plans/authority-field-audit-v2/
F0207,s3_player_knowledge#06,s3_player_knowledge,scene_id,6,11,NO,cfea5155712c0ff416e40ff59e0c49c615fcb4a8,database/005_sprint3a_scene_pocket_knowledge_foundation.sql:L54,,0,NOT_ADJUDICATED,2,1,DIRECT_OR_COMPUTED,database/005_sprint3a_scene_pocket_knowledge_foundation.sql:L147@s3_record_knowledge[INSERT explicit column]{DIRECT_OR_COMPUTED} | database/006_sprint3a_provenance_view_integrity_fix.sql:L57@s3_record_knowledge[INSERT explicit column]{DIRECT_OR_COMPUTED},3,1,0,0,database/005_sprint3a_scene_pocket_knowledge_foundation.sql:L239@s3_get_player_state[to_jsonb(row) exposes field] | database/006_sprint3a_provenance_view_integrity_fix.sql:L148@s3_get_player_state[to_jsonb(row) exposes field],database/005_sprint3a_scene_pocket_knowledge_foundation.sql:L54,"  source text not null check (source in ('direct_observation','private_system_message','pocket_inspection','shared_photo','chat_from_player','group_item')),",NOT_NULL|CHECK,NOT_VERIFIED_ORIGINAL_DECLARATION_ONLY,database/005_sprint3a_scene_pocket_knowledge_foundation.sql,database/006_sprint3a_provenance_view_integrity_fix.sql,NO_LIVE_RUN_VALUE_TIMELINE,0,NOT_OBSERVED,LITERAL_LINKS_AND_CANDIDATES_CAPTURED,RAW_HISTORICAL_WRITE_LOCATIONS_CAPTURED,RAW_HISTORICAL_READ_LOCATIONS_CAPTURED,ORIGINAL_DDL_CAPTURED_NOT_FINAL_SCHEMA,MIGRATION_CHRONOLOGY_CAPTURED_NO_LIVE_TIMELINE,TEST_REFERENCES_INDEXED_NO_LIVE_SAMPLES,NOT_STARTED,,,,docs/plans/authority-field-audit-v2/
F0208,s3_player_knowledge#07,s3_player_knowledge,source_player_id,7,1,YES,cfea5155712c0ff416e40ff59e0c49c615fcb4a8,database/005_sprint3a_scene_pocket_knowledge_foundation.sql:L55,,0,NOT_ADJUDICATED,2,1,DIRECT_OR_COMPUTED,database/005_sprint3a_scene_pocket_knowledge_foundation.sql:L147@s3_record_knowledge[INSERT explicit column]{DIRECT_OR_COMPUTED} | database/006_sprint3a_provenance_view_integrity_fix.sql:L57@s3_record_knowledge[INSERT explicit column]{DIRECT_OR_COMPUTED},3,1,0,0,database/005_sprint3a_scene_pocket_knowledge_foundation.sql:L239@s3_get_player_state[to_jsonb(row) exposes field] | database/006_sprint3a_provenance_view_integrity_fix.sql:L148@s3_get_player_state[to_jsonb(row) exposes field],database/005_sprint3a_scene_pocket_knowledge_foundation.sql:L55,"  scene_id text not null,",NOT_NULL,NOT_VERIFIED_ORIGINAL_DECLARATION_ONLY,database/005_sprint3a_scene_pocket_knowledge_foundation.sql,database/006_sprint3a_provenance_view_integrity_fix.sql,NO_LIVE_RUN_VALUE_TIMELINE,0,NOT_OBSERVED,LITERAL_LINKS_AND_CANDIDATES_CAPTURED,RAW_HISTORICAL_WRITE_LOCATIONS_CAPTURED,RAW_HISTORICAL_READ_LOCATIONS_CAPTURED,ORIGINAL_DDL_CAPTURED_NOT_FINAL_SCHEMA,MIGRATION_CHRONOLOGY_CAPTURED_NO_LIVE_TIMELINE,TEST_REFERENCES_INDEXED_NO_LIVE_SAMPLES,NOT_STARTED,,,,docs/plans/authority-field-audit-v2/
F0209,s3_player_knowledge#08,s3_player_knowledge,source_item_key,8,2,NO,cfea5155712c0ff416e40ff59e0c49c615fcb4a8,database/005_sprint3a_scene_pocket_knowledge_foundation.sql:L56,s1_room_players#player_id,0,NOT_ADJUDICATED,2,1,DIRECT_OR_COMPUTED,database/005_sprint3a_scene_pocket_knowledge_foundation.sql:L147@s3_record_knowledge[INSERT explicit column]{DIRECT_OR_COMPUTED} | database/006_sprint3a_provenance_view_integrity_fix.sql:L57@s3_record_knowledge[INSERT explicit column]{DIRECT_OR_COMPUTED},3,1,0,0,database/005_sprint3a_scene_pocket_knowledge_foundation.sql:L239@s3_get_player_state[to_jsonb(row) exposes field] | database/006_sprint3a_provenance_view_integrity_fix.sql:L148@s3_get_player_state[to_jsonb(row) exposes field],database/005_sprint3a_scene_pocket_knowledge_foundation.sql:L56,"  source_player_id uuid references public.s1_room_players(player_id),",REFERENCES,NOT_VERIFIED_ORIGINAL_DECLARATION_ONLY,database/005_sprint3a_scene_pocket_knowledge_foundation.sql,database/006_sprint3a_provenance_view_integrity_fix.sql,NO_LIVE_RUN_VALUE_TIMELINE,0,NOT_OBSERVED,LITERAL_LINKS_AND_CANDIDATES_CAPTURED,RAW_HISTORICAL_WRITE_LOCATIONS_CAPTURED,RAW_HISTORICAL_READ_LOCATIONS_CAPTURED,ORIGINAL_DDL_CAPTURED_NOT_FINAL_SCHEMA,MIGRATION_CHRONOLOGY_CAPTURED_NO_LIVE_TIMELINE,TEST_REFERENCES_INDEXED_NO_LIVE_SAMPLES,NOT_STARTED,,,,docs/plans/authority-field-audit-v2/
F0210,s3_player_knowledge#09,s3_player_knowledge,delivered_at,9,2,NO,cfea5155712c0ff416e40ff59e0c49c615fcb4a8,database/005_sprint3a_scene_pocket_knowledge_foundation.sql:L57,s3_item_catalog#item_key,0,NOT_ADJUDICATED,0,0,NONE,,3,1,0,0,database/005_sprint3a_scene_pocket_knowledge_foundation.sql:L239@s3_get_player_state[to_jsonb(row) exposes field] | database/006_sprint3a_provenance_view_integrity_fix.sql:L148@s3_get_player_state[to_jsonb(row) exposes field],database/005_sprint3a_scene_pocket_knowledge_foundation.sql:L57,"  source_item_key text references public.s3_item_catalog(item_key),",REFERENCES,NOT_VERIFIED_ORIGINAL_DECLARATION_ONLY,database/005_sprint3a_scene_pocket_knowledge_foundation.sql,NO_RAW_WRITE,NO_LIVE_RUN_VALUE_TIMELINE,0,NOT_OBSERVED,LITERAL_LINKS_AND_CANDIDATES_CAPTURED,RAW_HISTORICAL_WRITE_LOCATIONS_CAPTURED,RAW_HISTORICAL_READ_LOCATIONS_CAPTURED,ORIGINAL_DDL_CAPTURED_NOT_FINAL_SCHEMA,MIGRATION_CHRONOLOGY_CAPTURED_NO_LIVE_TIMELINE,TEST_REFERENCES_INDEXED_NO_LIVE_SAMPLES,NOT_STARTED,,,,docs/plans/authority-field-audit-v2/
F0211,s3_player_observations#01,s3_player_observations,run_id,1,36,NO,cfea5155712c0ff416e40ff59e0c49c615fcb4a8,database/005_sprint3a_scene_pocket_knowledge_foundation.sql:L39,,0,NOT_ADJUDICATED,1,1,DIRECT_OR_COMPUTED,database/005_sprint3a_scene_pocket_knowledge_foundation.sql:L121@s3_record_observation[INSERT explicit column]{DIRECT_OR_COMPUTED},6,1,0,0,database/005_sprint3a_scene_pocket_knowledge_foundation.sql:L236@s3_get_player_state[qualified/rowtype field reference] | database/005_sprint3a_scene_pocket_knowledge_foundation.sql:L236@s3_get_player_state[to_jsonb(row) exposes field],database/005_sprint3a_scene_pocket_knowledge_foundation.sql:L39,create table if not exists public.s3_player_observations (,NO_INLINE_MARKER,NOT_VERIFIED_ORIGINAL_DECLARATION_ONLY,database/005_sprint3a_scene_pocket_knowledge_foundation.sql,database/005_sprint3a_scene_pocket_knowledge_foundation.sql,NO_LIVE_RUN_VALUE_TIMELINE,0,NOT_OBSERVED,LITERAL_LINKS_AND_CANDIDATES_CAPTURED,RAW_HISTORICAL_WRITE_LOCATIONS_CAPTURED,RAW_HISTORICAL_READ_LOCATIONS_CAPTURED,ORIGINAL_DDL_CAPTURED_NOT_FINAL_SCHEMA,MIGRATION_CHRONOLOGY_CAPTURED_NO_LIVE_TIMELINE,TEST_REFERENCES_INDEXED_NO_LIVE_SAMPLES,NOT_STARTED,,,,docs/plans/authority-field-audit-v2/
F0212,s3_player_observations#02,s3_player_observations,player_id,2,24,NO,cfea5155712c0ff416e40ff59e0c49c615fcb4a8,database/005_sprint3a_scene_pocket_knowledge_foundation.sql:L40,game_runs#run_id,0,NOT_ADJUDICATED,1,1,DIRECT_OR_COMPUTED,database/005_sprint3a_scene_pocket_knowledge_foundation.sql:L121@s3_record_observation[INSERT explicit column]{DIRECT_OR_COMPUTED},6,1,0,0,database/005_sprint3a_scene_pocket_knowledge_foundation.sql:L236@s3_get_player_state[qualified/rowtype field reference] | database/005_sprint3a_scene_pocket_knowledge_foundation.sql:L236@s3_get_player_state[to_jsonb(row) exposes field],database/005_sprint3a_scene_pocket_knowledge_foundation.sql:L40,"  run_id uuid not null references public.game_runs(run_id),",NOT_NULL|REFERENCES,NOT_VERIFIED_ORIGINAL_DECLARATION_ONLY,database/005_sprint3a_scene_pocket_knowledge_foundation.sql,database/005_sprint3a_scene_pocket_knowledge_foundation.sql,NO_LIVE_RUN_VALUE_TIMELINE,0,NOT_OBSERVED,LITERAL_LINKS_AND_CANDIDATES_CAPTURED,RAW_HISTORICAL_WRITE_LOCATIONS_CAPTURED,RAW_HISTORICAL_READ_LOCATIONS_CAPTURED,ORIGINAL_DDL_CAPTURED_NOT_FINAL_SCHEMA,MIGRATION_CHRONOLOGY_CAPTURED_NO_LIVE_TIMELINE,TEST_REFERENCES_INDEXED_NO_LIVE_SAMPLES,NOT_STARTED,,,,docs/plans/authority-field-audit-v2/
F0213,s3_player_observations#03,s3_player_observations,observation_key,3,2,NO,cfea5155712c0ff416e40ff59e0c49c615fcb4a8,database/005_sprint3a_scene_pocket_knowledge_foundation.sql:L41,s1_room_players#player_id,0,NOT_ADJUDICATED,1,1,DIRECT_OR_COMPUTED,database/005_sprint3a_scene_pocket_knowledge_foundation.sql:L121@s3_record_observation[INSERT explicit column]{DIRECT_OR_COMPUTED},3,1,0,0,database/005_sprint3a_scene_pocket_knowledge_foundation.sql:L236@s3_get_player_state[to_jsonb(row) exposes field] | database/006_sprint3a_provenance_view_integrity_fix.sql:L145@s3_get_player_state[to_jsonb(row) exposes field],database/005_sprint3a_scene_pocket_knowledge_foundation.sql:L41,"  player_id uuid not null references public.s1_room_players(player_id),",NOT_NULL|REFERENCES,NOT_VERIFIED_ORIGINAL_DECLARATION_ONLY,database/005_sprint3a_scene_pocket_knowledge_foundation.sql,database/005_sprint3a_scene_pocket_knowledge_foundation.sql,NO_LIVE_RUN_VALUE_TIMELINE,0,NOT_OBSERVED,LITERAL_LINKS_AND_CANDIDATES_CAPTURED,RAW_HISTORICAL_WRITE_LOCATIONS_CAPTURED,RAW_HISTORICAL_READ_LOCATIONS_CAPTURED,ORIGINAL_DDL_CAPTURED_NOT_FINAL_SCHEMA,MIGRATION_CHRONOLOGY_CAPTURED_NO_LIVE_TIMELINE,TEST_REFERENCES_INDEXED_NO_LIVE_SAMPLES,NOT_STARTED,,,,docs/plans/authority-field-audit-v2/
F0214,s3_player_observations#04,s3_player_observations,display_text_key,4,2,NO,cfea5155712c0ff416e40ff59e0c49c615fcb4a8,database/005_sprint3a_scene_pocket_knowledge_foundation.sql:L42,s3_observation_catalog#observation_key,0,NOT_ADJUDICATED,1,1,DIRECT_OR_COMPUTED,database/005_sprint3a_scene_pocket_knowledge_foundation.sql:L121@s3_record_observation[INSERT explicit column]{DIRECT_OR_COMPUTED},3,1,0,0,database/005_sprint3a_scene_pocket_knowledge_foundation.sql:L236@s3_get_player_state[to_jsonb(row) exposes field] | database/006_sprint3a_provenance_view_integrity_fix.sql:L145@s3_get_player_state[to_jsonb(row) exposes field],database/005_sprint3a_scene_pocket_knowledge_foundation.sql:L42,"  observation_key text not null references public.s3_observation_catalog(observation_key),",NOT_NULL|REFERENCES,NOT_VERIFIED_ORIGINAL_DECLARATION_ONLY,database/005_sprint3a_scene_pocket_knowledge_foundation.sql,database/005_sprint3a_scene_pocket_knowledge_foundation.sql,NO_LIVE_RUN_VALUE_TIMELINE,0,NOT_OBSERVED,LITERAL_LINKS_AND_CANDIDATES_CAPTURED,RAW_HISTORICAL_WRITE_LOCATIONS_CAPTURED,RAW_HISTORICAL_READ_LOCATIONS_CAPTURED,ORIGINAL_DDL_CAPTURED_NOT_FINAL_SCHEMA,MIGRATION_CHRONOLOGY_CAPTURED_NO_LIVE_TIMELINE,TEST_REFERENCES_INDEXED_NO_LIVE_SAMPLES,NOT_STARTED,,,,docs/plans/authority-field-audit-v2/
F0215,s3_player_observations#05,s3_player_observations,discovered_at_scene,5,1,YES,cfea5155712c0ff416e40ff59e0c49c615fcb4a8,database/005_sprint3a_scene_pocket_knowledge_foundation.sql:L43,,0,NOT_ADJUDICATED,1,1,DIRECT_OR_COMPUTED,database/005_sprint3a_scene_pocket_knowledge_foundation.sql:L121@s3_record_observation[INSERT explicit column]{DIRECT_OR_COMPUTED},3,1,0,0,database/005_sprint3a_scene_pocket_knowledge_foundation.sql:L236@s3_get_player_state[to_jsonb(row) exposes field] | database/006_sprint3a_provenance_view_integrity_fix.sql:L145@s3_get_player_state[to_jsonb(row) exposes field],database/005_sprint3a_scene_pocket_knowledge_foundation.sql:L43,"  display_text_key text not null,",NOT_NULL,NOT_VERIFIED_ORIGINAL_DECLARATION_ONLY,database/005_sprint3a_scene_pocket_knowledge_foundation.sql,database/005_sprint3a_scene_pocket_knowledge_foundation.sql,NO_LIVE_RUN_VALUE_TIMELINE,0,NOT_OBSERVED,LITERAL_LINKS_AND_CANDIDATES_CAPTURED,RAW_HISTORICAL_WRITE_LOCATIONS_CAPTURED,RAW_HISTORICAL_READ_LOCATIONS_CAPTURED,ORIGINAL_DDL_CAPTURED_NOT_FINAL_SCHEMA,MIGRATION_CHRONOLOGY_CAPTURED_NO_LIVE_TIMELINE,TEST_REFERENCES_INDEXED_NO_LIVE_SAMPLES,NOT_STARTED,,,,docs/plans/authority-field-audit-v2/
F0216,s3_player_observations#06,s3_player_observations,discovered_at,6,2,NO,cfea5155712c0ff416e40ff59e0c49c615fcb4a8,database/005_sprint3a_scene_pocket_knowledge_foundation.sql:L44,,0,NOT_ADJUDICATED,0,0,NONE,,3,1,0,0,database/005_sprint3a_scene_pocket_knowledge_foundation.sql:L236@s3_get_player_state[to_jsonb(row) exposes field] | database/006_sprint3a_provenance_view_integrity_fix.sql:L145@s3_get_player_state[to_jsonb(row) exposes field],database/005_sprint3a_scene_pocket_knowledge_foundation.sql:L44,"  discovered_at_scene text not null,",NOT_NULL,NOT_VERIFIED_ORIGINAL_DECLARATION_ONLY,database/005_sprint3a_scene_pocket_knowledge_foundation.sql,NO_RAW_WRITE,NO_LIVE_RUN_VALUE_TIMELINE,0,NOT_OBSERVED,LITERAL_LINKS_AND_CANDIDATES_CAPTURED,RAW_HISTORICAL_WRITE_LOCATIONS_CAPTURED,RAW_HISTORICAL_READ_LOCATIONS_CAPTURED,ORIGINAL_DDL_CAPTURED_NOT_FINAL_SCHEMA,MIGRATION_CHRONOLOGY_CAPTURED_NO_LIVE_TIMELINE,TEST_REFERENCES_INDEXED_NO_LIVE_SAMPLES,NOT_STARTED,,,,docs/plans/authority-field-audit-v2/
F0217,s3_runtime_scene_state#01,s3_runtime_scene_state,run_id,1,36,NO,cfea5155712c0ff416e40ff59e0c49c615fcb4a8,database/005_sprint3a_scene_pocket_knowledge_foundation.sql:L4,,0,NOT_ADJUDICATED,4,2,DIRECT_OR_COMPUTED,database/005_sprint3a_scene_pocket_knowledge_foundation.sql:L171@s3_initialize_audit_fixture[INSERT explicit column]{DIRECT_OR_COMPUTED} | database/006_sprint3a_provenance_view_integrity_fix.sql:L108@s3_initialize_audit_fixture[INSERT explicit column]{DIRECT_OR_COMPUTED},34,19,0,0,database/005_sprint3a_scene_pocket_knowledge_foundation.sql:L234@s3_get_player_state[qualified/rowtype field reference] | database/005_sprint3a_scene_pocket_knowledge_foundation.sql:L234@s3_get_player_state[to_jsonb(row) exposes field],database/005_sprint3a_scene_pocket_knowledge_foundation.sql:L4,create table if not exists public.s3_runtime_scene_state (,NO_INLINE_MARKER,NOT_VERIFIED_ORIGINAL_DECLARATION_ONLY,database/005_sprint3a_scene_pocket_knowledge_foundation.sql,database/014_sprint3b_evidence_and_puzzle_integrity.sql,NO_LIVE_RUN_VALUE_TIMELINE,1,NOT_OBSERVED,LITERAL_LINKS_AND_CANDIDATES_CAPTURED,RAW_HISTORICAL_WRITE_LOCATIONS_CAPTURED,RAW_HISTORICAL_READ_LOCATIONS_CAPTURED,ORIGINAL_DDL_CAPTURED_NOT_FINAL_SCHEMA,MIGRATION_CHRONOLOGY_CAPTURED_NO_LIVE_TIMELINE,TEST_REFERENCES_INDEXED_NO_LIVE_SAMPLES,NOT_STARTED,,,,docs/plans/authority-field-audit-v2/
F0218,s3_runtime_scene_state#02,s3_runtime_scene_state,scene_id,2,11,NO,cfea5155712c0ff416e40ff59e0c49c615fcb4a8,database/005_sprint3a_scene_pocket_knowledge_foundation.sql:L5,game_runs#run_id,0,NOT_ADJUDICATED,4,2,DIRECT_OR_COMPUTED,database/005_sprint3a_scene_pocket_knowledge_foundation.sql:L171@s3_initialize_audit_fixture[INSERT explicit column]{DIRECT_OR_COMPUTED} | database/006_sprint3a_provenance_view_integrity_fix.sql:L108@s3_initialize_audit_fixture[INSERT explicit column]{DIRECT_OR_COMPUTED},97,23,0,0,database/005_sprint3a_scene_pocket_knowledge_foundation.sql:L234@s3_get_player_state[to_jsonb(row) exposes field] | database/006_sprint3a_provenance_view_integrity_fix.sql:L143@s3_get_player_state[to_jsonb(row) exposes field],database/005_sprint3a_scene_pocket_knowledge_foundation.sql:L5,"  run_id uuid primary key references public.game_runs(run_id),",PRIMARY_KEY|REFERENCES,NOT_VERIFIED_ORIGINAL_DECLARATION_ONLY,database/005_sprint3a_scene_pocket_knowledge_foundation.sql,database/014_sprint3b_evidence_and_puzzle_integrity.sql,NO_LIVE_RUN_VALUE_TIMELINE,0,NOT_OBSERVED,LITERAL_LINKS_AND_CANDIDATES_CAPTURED,RAW_HISTORICAL_WRITE_LOCATIONS_CAPTURED,RAW_HISTORICAL_READ_LOCATIONS_CAPTURED,ORIGINAL_DDL_CAPTURED_NOT_FINAL_SCHEMA,MIGRATION_CHRONOLOGY_CAPTURED_NO_LIVE_TIMELINE,TEST_REFERENCES_INDEXED_NO_LIVE_SAMPLES,NOT_STARTED,,,,docs/plans/authority-field-audit-v2/
F0219,s3_runtime_scene_state#03,s3_runtime_scene_state,phase_key,3,13,NO,cfea5155712c0ff416e40ff59e0c49c615fcb4a8,database/005_sprint3a_scene_pocket_knowledge_foundation.sql:L6,,0,NOT_ADJUDICATED,4,2,DIRECT_OR_COMPUTED,database/005_sprint3a_scene_pocket_knowledge_foundation.sql:L171@s3_initialize_audit_fixture[INSERT explicit column]{DIRECT_OR_COMPUTED} | database/006_sprint3a_provenance_view_integrity_fix.sql:L108@s3_initialize_audit_fixture[INSERT explicit column]{DIRECT_OR_COMPUTED},104,23,0,0,database/005_sprint3a_scene_pocket_knowledge_foundation.sql:L234@s3_get_player_state[to_jsonb(row) exposes field] | database/006_sprint3a_provenance_view_integrity_fix.sql:L143@s3_get_player_state[to_jsonb(row) exposes field],database/005_sprint3a_scene_pocket_knowledge_foundation.sql:L6,"  scene_id text not null,",NOT_NULL,NOT_VERIFIED_ORIGINAL_DECLARATION_ONLY,database/005_sprint3a_scene_pocket_knowledge_foundation.sql,database/014_sprint3b_evidence_and_puzzle_integrity.sql,NO_LIVE_RUN_VALUE_TIMELINE,0,NOT_OBSERVED,LITERAL_LINKS_AND_CANDIDATES_CAPTURED,RAW_HISTORICAL_WRITE_LOCATIONS_CAPTURED,RAW_HISTORICAL_READ_LOCATIONS_CAPTURED,ORIGINAL_DDL_CAPTURED_NOT_FINAL_SCHEMA,MIGRATION_CHRONOLOGY_CAPTURED_NO_LIVE_TIMELINE,TEST_REFERENCES_INDEXED_NO_LIVE_SAMPLES,NOT_STARTED,,,,docs/plans/authority-field-audit-v2/
F0220,s3_runtime_scene_state#04,s3_runtime_scene_state,step_key,4,6,NO,cfea5155712c0ff416e40ff59e0c49c615fcb4a8,database/005_sprint3a_scene_pocket_knowledge_foundation.sql:L7,,0,NOT_ADJUDICATED,4,2,DIRECT_OR_COMPUTED,database/005_sprint3a_scene_pocket_knowledge_foundation.sql:L171@s3_initialize_audit_fixture[INSERT explicit column]{DIRECT_OR_COMPUTED} | database/006_sprint3a_provenance_view_integrity_fix.sql:L108@s3_initialize_audit_fixture[INSERT explicit column]{DIRECT_OR_COMPUTED},61,19,0,0,database/005_sprint3a_scene_pocket_knowledge_foundation.sql:L234@s3_get_player_state[to_jsonb(row) exposes field] | database/006_sprint3a_provenance_view_integrity_fix.sql:L143@s3_get_player_state[to_jsonb(row) exposes field],database/005_sprint3a_scene_pocket_knowledge_foundation.sql:L7,"  phase_key text not null,",NOT_NULL,NOT_VERIFIED_ORIGINAL_DECLARATION_ONLY,database/005_sprint3a_scene_pocket_knowledge_foundation.sql,database/014_sprint3b_evidence_and_puzzle_integrity.sql,NO_LIVE_RUN_VALUE_TIMELINE,0,NOT_OBSERVED,LITERAL_LINKS_AND_CANDIDATES_CAPTURED,RAW_HISTORICAL_WRITE_LOCATIONS_CAPTURED,RAW_HISTORICAL_READ_LOCATIONS_CAPTURED,ORIGINAL_DDL_CAPTURED_NOT_FINAL_SCHEMA,MIGRATION_CHRONOLOGY_CAPTURED_NO_LIVE_TIMELINE,TEST_REFERENCES_INDEXED_NO_LIVE_SAMPLES,NOT_STARTED,,,,docs/plans/authority-field-audit-v2/
F0221,s3_runtime_scene_state#05,s3_runtime_scene_state,display_mode,5,1,YES,cfea5155712c0ff416e40ff59e0c49c615fcb4a8,database/005_sprint3a_scene_pocket_knowledge_foundation.sql:L8,,0,NOT_ADJUDICATED,4,2,DIRECT_OR_COMPUTED,database/005_sprint3a_scene_pocket_knowledge_foundation.sql:L171@s3_initialize_audit_fixture[INSERT explicit column]{DIRECT_OR_COMPUTED} | database/006_sprint3a_provenance_view_integrity_fix.sql:L108@s3_initialize_audit_fixture[INSERT explicit column]{DIRECT_OR_COMPUTED},28,19,2,0,database/005_sprint3a_scene_pocket_knowledge_foundation.sql:L234@s3_get_player_state[to_jsonb(row) exposes field] | database/006_sprint3a_provenance_view_integrity_fix.sql:L143@s3_get_player_state[to_jsonb(row) exposes field],database/005_sprint3a_scene_pocket_knowledge_foundation.sql:L8,"  step_key text not null default '',",NOT_NULL|DEFAULT,NOT_VERIFIED_ORIGINAL_DECLARATION_ONLY,database/005_sprint3a_scene_pocket_knowledge_foundation.sql,database/014_sprint3b_evidence_and_puzzle_integrity.sql,NO_LIVE_RUN_VALUE_TIMELINE,0,NOT_OBSERVED,LITERAL_LINKS_AND_CANDIDATES_CAPTURED,RAW_HISTORICAL_WRITE_LOCATIONS_CAPTURED,RAW_HISTORICAL_READ_LOCATIONS_CAPTURED,ORIGINAL_DDL_CAPTURED_NOT_FINAL_SCHEMA,MIGRATION_CHRONOLOGY_CAPTURED_NO_LIVE_TIMELINE,TEST_REFERENCES_INDEXED_NO_LIVE_SAMPLES,NOT_STARTED,,,,docs/plans/authority-field-audit-v2/
F0222,s3_runtime_scene_state#06,s3_runtime_scene_state,text_key,6,2,NO,cfea5155712c0ff416e40ff59e0c49c615fcb4a8,database/005_sprint3a_scene_pocket_knowledge_foundation.sql:L9,,0,NOT_ADJUDICATED,4,2,DIRECT_OR_COMPUTED,database/005_sprint3a_scene_pocket_knowledge_foundation.sql:L171@s3_initialize_audit_fixture[INSERT explicit column]{DIRECT_OR_COMPUTED} | database/006_sprint3a_provenance_view_integrity_fix.sql:L108@s3_initialize_audit_fixture[INSERT explicit column]{DIRECT_OR_COMPUTED},28,19,0,0,database/005_sprint3a_scene_pocket_knowledge_foundation.sql:L234@s3_get_player_state[to_jsonb(row) exposes field] | database/006_sprint3a_provenance_view_integrity_fix.sql:L143@s3_get_player_state[to_jsonb(row) exposes field],database/005_sprint3a_scene_pocket_knowledge_foundation.sql:L9,"  display_mode text not null check (display_mode in ('CINEMATIC_MESSAGE','CRITICAL_INFO','ACTION_SCREEN')),",NOT_NULL|CHECK,NOT_VERIFIED_ORIGINAL_DECLARATION_ONLY,database/005_sprint3a_scene_pocket_knowledge_foundation.sql,database/014_sprint3b_evidence_and_puzzle_integrity.sql,NO_LIVE_RUN_VALUE_TIMELINE,0,NOT_OBSERVED,LITERAL_LINKS_AND_CANDIDATES_CAPTURED,RAW_HISTORICAL_WRITE_LOCATIONS_CAPTURED,RAW_HISTORICAL_READ_LOCATIONS_CAPTURED,ORIGINAL_DDL_CAPTURED_NOT_FINAL_SCHEMA,MIGRATION_CHRONOLOGY_CAPTURED_NO_LIVE_TIMELINE,TEST_REFERENCES_INDEXED_NO_LIVE_SAMPLES,NOT_STARTED,,,,docs/plans/authority-field-audit-v2/
F0223,s3_runtime_scene_state#07,s3_runtime_scene_state,current_route_target,7,1,YES,cfea5155712c0ff416e40ff59e0c49c615fcb4a8,database/005_sprint3a_scene_pocket_knowledge_foundation.sql:L10,,0,NOT_ADJUDICATED,9,5,DIRECT_OR_COMPUTED,database/005_sprint3a_scene_pocket_knowledge_foundation.sql:L171@s3_initialize_audit_fixture[INSERT explicit column]{DIRECT_OR_COMPUTED} | database/007_sprint3b_act1_5_placeholder_flow.sql:L159@s3b_apply_meeting_resolution[UPDATE SET]{DIRECT_OR_COMPUTED},28,19,5,0,database/005_sprint3a_scene_pocket_knowledge_foundation.sql:L234@s3_get_player_state[to_jsonb(row) exposes field] | database/006_sprint3a_provenance_view_integrity_fix.sql:L143@s3_get_player_state[to_jsonb(row) exposes field],database/005_sprint3a_scene_pocket_knowledge_foundation.sql:L10,"  text_key text not null,",NOT_NULL,NOT_VERIFIED_ORIGINAL_DECLARATION_ONLY,database/005_sprint3a_scene_pocket_knowledge_foundation.sql,database/056_level2_override_validity_binding_fix.sql,NO_LIVE_RUN_VALUE_TIMELINE,1,NOT_OBSERVED,LITERAL_LINKS_AND_CANDIDATES_CAPTURED,RAW_HISTORICAL_WRITE_LOCATIONS_CAPTURED,RAW_HISTORICAL_READ_LOCATIONS_CAPTURED,ORIGINAL_DDL_CAPTURED_NOT_FINAL_SCHEMA,MIGRATION_CHRONOLOGY_CAPTURED_NO_LIVE_TIMELINE,TEST_REFERENCES_INDEXED_NO_LIVE_SAMPLES,NOT_STARTED,,,,docs/plans/authority-field-audit-v2/
F0224,s3_runtime_scene_state#08,s3_runtime_scene_state,wayfinding_target,8,1,YES,cfea5155712c0ff416e40ff59e0c49c615fcb4a8,database/005_sprint3a_scene_pocket_knowledge_foundation.sql:L11,,0,NOT_ADJUDICATED,9,5,DIRECT_OR_COMPUTED,database/005_sprint3a_scene_pocket_knowledge_foundation.sql:L171@s3_initialize_audit_fixture[INSERT explicit column]{DIRECT_OR_COMPUTED} | database/007_sprint3b_act1_5_placeholder_flow.sql:L159@s3b_apply_meeting_resolution[UPDATE SET]{DIRECT_OR_COMPUTED},28,19,1,0,database/005_sprint3a_scene_pocket_knowledge_foundation.sql:L234@s3_get_player_state[to_jsonb(row) exposes field] | database/006_sprint3a_provenance_view_integrity_fix.sql:L143@s3_get_player_state[to_jsonb(row) exposes field],database/005_sprint3a_scene_pocket_knowledge_foundation.sql:L11,"  current_route_target text,",NO_INLINE_MARKER,NOT_VERIFIED_ORIGINAL_DECLARATION_ONLY,database/005_sprint3a_scene_pocket_knowledge_foundation.sql,database/056_level2_override_validity_binding_fix.sql,NO_LIVE_RUN_VALUE_TIMELINE,0,NOT_OBSERVED,LITERAL_LINKS_AND_CANDIDATES_CAPTURED,RAW_HISTORICAL_WRITE_LOCATIONS_CAPTURED,RAW_HISTORICAL_READ_LOCATIONS_CAPTURED,ORIGINAL_DDL_CAPTURED_NOT_FINAL_SCHEMA,MIGRATION_CHRONOLOGY_CAPTURED_NO_LIVE_TIMELINE,TEST_REFERENCES_INDEXED_NO_LIVE_SAMPLES,NOT_STARTED,,,,docs/plans/authority-field-audit-v2/
F0225,s3_runtime_scene_state#09,s3_runtime_scene_state,updated_at,9,7,NO,cfea5155712c0ff416e40ff59e0c49c615fcb4a8,database/005_sprint3a_scene_pocket_knowledge_foundation.sql:L12,,0,NOT_ADJUDICATED,7,4,DIRECT_OR_COMPUTED,database/007_sprint3b_act1_5_placeholder_flow.sql:L159@s3b_apply_meeting_resolution[UPDATE SET]{DIRECT_OR_COMPUTED} | database/007_sprint3b_act1_5_placeholder_flow.sql:L175@s3b_complete_foldback[UPDATE SET]{DIRECT_OR_COMPUTED},26,19,0,0,database/005_sprint3a_scene_pocket_knowledge_foundation.sql:L234@s3_get_player_state[to_jsonb(row) exposes field] | database/006_sprint3a_provenance_view_integrity_fix.sql:L143@s3_get_player_state[to_jsonb(row) exposes field],database/005_sprint3a_scene_pocket_knowledge_foundation.sql:L12,"  wayfinding_target text,",NO_INLINE_MARKER,NOT_VERIFIED_ORIGINAL_DECLARATION_ONLY,database/005_sprint3a_scene_pocket_knowledge_foundation.sql,database/056_level2_override_validity_binding_fix.sql,NO_LIVE_RUN_VALUE_TIMELINE,0,NOT_OBSERVED,LITERAL_LINKS_AND_CANDIDATES_CAPTURED,RAW_HISTORICAL_WRITE_LOCATIONS_CAPTURED,RAW_HISTORICAL_READ_LOCATIONS_CAPTURED,ORIGINAL_DDL_CAPTURED_NOT_FINAL_SCHEMA,MIGRATION_CHRONOLOGY_CAPTURED_NO_LIVE_TIMELINE,TEST_REFERENCES_INDEXED_NO_LIVE_SAMPLES,NOT_STARTED,,,,docs/plans/authority-field-audit-v2/
F0226,s3_runtime_scene_state#10,s3_runtime_scene_state,allow_share_photo,10,2,NO,cfea5155712c0ff416e40ff59e0c49c615fcb4a8,database/014_sprint3b_evidence_and_puzzle_integrity.sql:L5,,1,NOT_ADJUDICATED,7,5,DIRECT_OR_COMPUTED|DERIVED_OR_COPY,database/014_sprint3b_evidence_and_puzzle_integrity.sql:L190@s3b_set_scene[INSERT explicit column]{DIRECT_OR_COMPUTED} | database/029_sprint5_canonical_discussion_localization.sql:L79@s5_submit_private_choice[UPDATE SET]{DIRECT_OR_COMPUTED},27,19,0,0,database/005_sprint3a_scene_pocket_knowledge_foundation.sql:L234@s3_get_player_state[to_jsonb(row) exposes field] | database/006_sprint3a_provenance_view_integrity_fix.sql:L143@s3_get_player_state[to_jsonb(row) exposes field],database/014_sprint3b_evidence_and_puzzle_integrity.sql:L5,alter table public.s3_runtime_scene_state,NO_INLINE_MARKER,NOT_VERIFIED_ORIGINAL_DECLARATION_ONLY,database/014_sprint3b_evidence_and_puzzle_integrity.sql,database/062_package_a_prepared_event_fk_fix.sql,NO_LIVE_RUN_VALUE_TIMELINE,0,NOT_OBSERVED,LITERAL_LINKS_AND_CANDIDATES_CAPTURED,RAW_HISTORICAL_WRITE_LOCATIONS_CAPTURED,RAW_HISTORICAL_READ_LOCATIONS_CAPTURED,ORIGINAL_DDL_CAPTURED_NOT_FINAL_SCHEMA,MIGRATION_CHRONOLOGY_CAPTURED_NO_LIVE_TIMELINE,TEST_REFERENCES_INDEXED_NO_LIVE_SAMPLES,NOT_STARTED,,,,docs/plans/authority-field-audit-v2/
F0227,s3_shared_photos#01,s3_shared_photos,photo_copy_id,1,1,YES,cfea5155712c0ff416e40ff59e0c49c615fcb4a8,database/005_sprint3a_scene_pocket_knowledge_foundation.sql:L68,,0,NOT_ADJUDICATED,0,0,NONE,,3,1,0,0,database/005_sprint3a_scene_pocket_knowledge_foundation.sql:L237@s3_get_player_state[to_jsonb(row) exposes field] | database/006_sprint3a_provenance_view_integrity_fix.sql:L146@s3_get_player_state[to_jsonb(row) exposes field],database/005_sprint3a_scene_pocket_knowledge_foundation.sql:L68,create table if not exists public.s3_shared_photos (,NO_INLINE_MARKER,NOT_VERIFIED_ORIGINAL_DECLARATION_ONLY,database/005_sprint3a_scene_pocket_knowledge_foundation.sql,NO_RAW_WRITE,NO_LIVE_RUN_VALUE_TIMELINE,0,NOT_OBSERVED,LITERAL_LINKS_AND_CANDIDATES_CAPTURED,RAW_HISTORICAL_WRITE_LOCATIONS_CAPTURED,RAW_HISTORICAL_READ_LOCATIONS_CAPTURED,ORIGINAL_DDL_CAPTURED_NOT_FINAL_SCHEMA,MIGRATION_CHRONOLOGY_CAPTURED_NO_LIVE_TIMELINE,TEST_REFERENCES_INDEXED_NO_LIVE_SAMPLES,NOT_STARTED,,,,docs/plans/authority-field-audit-v2/
F0228,s3_shared_photos#02,s3_shared_photos,run_id,2,36,NO,cfea5155712c0ff416e40ff59e0c49c615fcb4a8,database/005_sprint3a_scene_pocket_knowledge_foundation.sql:L69,,0,NOT_ADJUDICATED,3,1,DIRECT_OR_COMPUTED,database/005_sprint3a_scene_pocket_knowledge_foundation.sql:L217@s3_share_photo[INSERT explicit column]{DIRECT_OR_COMPUTED} | database/006_sprint3a_provenance_view_integrity_fix.sql:L94@s3_share_photo[INSERT explicit column]{DIRECT_OR_COMPUTED},26,2,0,0,database/005_sprint3a_scene_pocket_knowledge_foundation.sql:L237@s3_get_player_state[qualified/rowtype field reference] | database/005_sprint3a_scene_pocket_knowledge_foundation.sql:L237@s3_get_player_state[to_jsonb(row) exposes field],database/005_sprint3a_scene_pocket_knowledge_foundation.sql:L69,"  photo_copy_id uuid primary key default gen_random_uuid(),",PRIMARY_KEY|DEFAULT,NOT_VERIFIED_ORIGINAL_DECLARATION_ONLY,database/005_sprint3a_scene_pocket_knowledge_foundation.sql,database/014_sprint3b_evidence_and_puzzle_integrity.sql,NO_LIVE_RUN_VALUE_TIMELINE,0,NOT_OBSERVED,LITERAL_LINKS_AND_CANDIDATES_CAPTURED,RAW_HISTORICAL_WRITE_LOCATIONS_CAPTURED,RAW_HISTORICAL_READ_LOCATIONS_CAPTURED,ORIGINAL_DDL_CAPTURED_NOT_FINAL_SCHEMA,MIGRATION_CHRONOLOGY_CAPTURED_NO_LIVE_TIMELINE,TEST_REFERENCES_INDEXED_NO_LIVE_SAMPLES,NOT_STARTED,,,,docs/plans/authority-field-audit-v2/
F0229,s3_shared_photos#03,s3_shared_photos,received_by,3,1,YES,cfea5155712c0ff416e40ff59e0c49c615fcb4a8,database/005_sprint3a_scene_pocket_knowledge_foundation.sql:L70,game_runs#run_id,0,NOT_ADJUDICATED,3,1,DIRECT_OR_COMPUTED,database/005_sprint3a_scene_pocket_knowledge_foundation.sql:L217@s3_share_photo[INSERT explicit column]{DIRECT_OR_COMPUTED} | database/006_sprint3a_provenance_view_integrity_fix.sql:L94@s3_share_photo[INSERT explicit column]{DIRECT_OR_COMPUTED},8,2,0,0,database/005_sprint3a_scene_pocket_knowledge_foundation.sql:L237@s3_get_player_state[qualified/rowtype field reference] | database/005_sprint3a_scene_pocket_knowledge_foundation.sql:L237@s3_get_player_state[to_jsonb(row) exposes field],database/005_sprint3a_scene_pocket_knowledge_foundation.sql:L70,"  run_id uuid not null references public.game_runs(run_id),",NOT_NULL|REFERENCES,NOT_VERIFIED_ORIGINAL_DECLARATION_ONLY,database/005_sprint3a_scene_pocket_knowledge_foundation.sql,database/014_sprint3b_evidence_and_puzzle_integrity.sql,NO_LIVE_RUN_VALUE_TIMELINE,0,NOT_OBSERVED,LITERAL_LINKS_AND_CANDIDATES_CAPTURED,RAW_HISTORICAL_WRITE_LOCATIONS_CAPTURED,RAW_HISTORICAL_READ_LOCATIONS_CAPTURED,ORIGINAL_DDL_CAPTURED_NOT_FINAL_SCHEMA,MIGRATION_CHRONOLOGY_CAPTURED_NO_LIVE_TIMELINE,TEST_REFERENCES_INDEXED_NO_LIVE_SAMPLES,NOT_STARTED,,,,docs/plans/authority-field-audit-v2/
F0230,s3_shared_photos#04,s3_shared_photos,shared_by,4,1,YES,cfea5155712c0ff416e40ff59e0c49c615fcb4a8,database/005_sprint3a_scene_pocket_knowledge_foundation.sql:L71,s1_room_players#player_id,0,NOT_ADJUDICATED,3,1,DIRECT_OR_COMPUTED,database/005_sprint3a_scene_pocket_knowledge_foundation.sql:L217@s3_share_photo[INSERT explicit column]{DIRECT_OR_COMPUTED} | database/006_sprint3a_provenance_view_integrity_fix.sql:L94@s3_share_photo[INSERT explicit column]{DIRECT_OR_COMPUTED},3,1,0,0,database/005_sprint3a_scene_pocket_knowledge_foundation.sql:L237@s3_get_player_state[to_jsonb(row) exposes field] | database/006_sprint3a_provenance_view_integrity_fix.sql:L146@s3_get_player_state[to_jsonb(row) exposes field],database/005_sprint3a_scene_pocket_knowledge_foundation.sql:L71,"  received_by uuid not null references public.s1_room_players(player_id),",NOT_NULL|REFERENCES,NOT_VERIFIED_ORIGINAL_DECLARATION_ONLY,database/005_sprint3a_scene_pocket_knowledge_foundation.sql,database/014_sprint3b_evidence_and_puzzle_integrity.sql,NO_LIVE_RUN_VALUE_TIMELINE,0,NOT_OBSERVED,LITERAL_LINKS_AND_CANDIDATES_CAPTURED,RAW_HISTORICAL_WRITE_LOCATIONS_CAPTURED,RAW_HISTORICAL_READ_LOCATIONS_CAPTURED,ORIGINAL_DDL_CAPTURED_NOT_FINAL_SCHEMA,MIGRATION_CHRONOLOGY_CAPTURED_NO_LIVE_TIMELINE,TEST_REFERENCES_INDEXED_NO_LIVE_SAMPLES,NOT_STARTED,,,,docs/plans/authority-field-audit-v2/
F0231,s3_shared_photos#05,s3_shared_photos,source_item_key,5,2,NO,cfea5155712c0ff416e40ff59e0c49c615fcb4a8,database/005_sprint3a_scene_pocket_knowledge_foundation.sql:L72,s1_room_players#player_id,0,NOT_ADJUDICATED,3,1,DIRECT_OR_COMPUTED,database/005_sprint3a_scene_pocket_knowledge_foundation.sql:L217@s3_share_photo[INSERT explicit column]{DIRECT_OR_COMPUTED} | database/006_sprint3a_provenance_view_integrity_fix.sql:L94@s3_share_photo[INSERT explicit column]{DIRECT_OR_COMPUTED},5,2,0,0,database/005_sprint3a_scene_pocket_knowledge_foundation.sql:L237@s3_get_player_state[to_jsonb(row) exposes field] | database/006_sprint3a_provenance_view_integrity_fix.sql:L146@s3_get_player_state[to_jsonb(row) exposes field],database/005_sprint3a_scene_pocket_knowledge_foundation.sql:L72,"  shared_by uuid not null references public.s1_room_players(player_id),",NOT_NULL|REFERENCES,NOT_VERIFIED_ORIGINAL_DECLARATION_ONLY,database/005_sprint3a_scene_pocket_knowledge_foundation.sql,database/014_sprint3b_evidence_and_puzzle_integrity.sql,NO_LIVE_RUN_VALUE_TIMELINE,0,NOT_OBSERVED,LITERAL_LINKS_AND_CANDIDATES_CAPTURED,RAW_HISTORICAL_WRITE_LOCATIONS_CAPTURED,RAW_HISTORICAL_READ_LOCATIONS_CAPTURED,ORIGINAL_DDL_CAPTURED_NOT_FINAL_SCHEMA,MIGRATION_CHRONOLOGY_CAPTURED_NO_LIVE_TIMELINE,TEST_REFERENCES_INDEXED_NO_LIVE_SAMPLES,NOT_STARTED,,,,docs/plans/authority-field-audit-v2/
F0232,s3_shared_photos#06,s3_shared_photos,source_view,6,1,YES,cfea5155712c0ff416e40ff59e0c49c615fcb4a8,database/005_sprint3a_scene_pocket_knowledge_foundation.sql:L73,s3_item_catalog#item_key,0,NOT_ADJUDICATED,3,1,DIRECT_OR_COMPUTED,database/005_sprint3a_scene_pocket_knowledge_foundation.sql:L217@s3_share_photo[INSERT explicit column]{DIRECT_OR_COMPUTED} | database/006_sprint3a_provenance_view_integrity_fix.sql:L94@s3_share_photo[INSERT explicit column]{DIRECT_OR_COMPUTED},5,2,2,0,database/005_sprint3a_scene_pocket_knowledge_foundation.sql:L237@s3_get_player_state[to_jsonb(row) exposes field] | database/006_sprint3a_provenance_view_integrity_fix.sql:L146@s3_get_player_state[to_jsonb(row) exposes field],database/005_sprint3a_scene_pocket_knowledge_foundation.sql:L73,"  source_item_key text not null references public.s3_item_catalog(item_key),",NOT_NULL|REFERENCES,NOT_VERIFIED_ORIGINAL_DECLARATION_ONLY,database/005_sprint3a_scene_pocket_knowledge_foundation.sql,database/014_sprint3b_evidence_and_puzzle_integrity.sql,NO_LIVE_RUN_VALUE_TIMELINE,0,NOT_OBSERVED,LITERAL_LINKS_AND_CANDIDATES_CAPTURED,RAW_HISTORICAL_WRITE_LOCATIONS_CAPTURED,RAW_HISTORICAL_READ_LOCATIONS_CAPTURED,ORIGINAL_DDL_CAPTURED_NOT_FINAL_SCHEMA,MIGRATION_CHRONOLOGY_CAPTURED_NO_LIVE_TIMELINE,TEST_REFERENCES_INDEXED_NO_LIVE_SAMPLES,NOT_STARTED,,,,docs/plans/authority-field-audit-v2/
F0233,s3_shared_photos#07,s3_shared_photos,label_text_key,7,2,NO,cfea5155712c0ff416e40ff59e0c49c615fcb4a8,database/005_sprint3a_scene_pocket_knowledge_foundation.sql:L74,,0,NOT_ADJUDICATED,3,1,DIRECT_OR_COMPUTED,database/005_sprint3a_scene_pocket_knowledge_foundation.sql:L217@s3_share_photo[INSERT explicit column]{DIRECT_OR_COMPUTED} | database/006_sprint3a_provenance_view_integrity_fix.sql:L94@s3_share_photo[INSERT explicit column]{DIRECT_OR_COMPUTED},5,2,0,0,database/005_sprint3a_scene_pocket_knowledge_foundation.sql:L237@s3_get_player_state[to_jsonb(row) exposes field] | database/006_sprint3a_provenance_view_integrity_fix.sql:L146@s3_get_player_state[to_jsonb(row) exposes field],database/005_sprint3a_scene_pocket_knowledge_foundation.sql:L74,"  source_view text not null,",NOT_NULL,NOT_VERIFIED_ORIGINAL_DECLARATION_ONLY,database/005_sprint3a_scene_pocket_knowledge_foundation.sql,database/014_sprint3b_evidence_and_puzzle_integrity.sql,NO_LIVE_RUN_VALUE_TIMELINE,0,NOT_OBSERVED,LITERAL_LINKS_AND_CANDIDATES_CAPTURED,RAW_HISTORICAL_WRITE_LOCATIONS_CAPTURED,RAW_HISTORICAL_READ_LOCATIONS_CAPTURED,ORIGINAL_DDL_CAPTURED_NOT_FINAL_SCHEMA,MIGRATION_CHRONOLOGY_CAPTURED_NO_LIVE_TIMELINE,TEST_REFERENCES_INDEXED_NO_LIVE_SAMPLES,NOT_STARTED,,,,docs/plans/authority-field-audit-v2/
F0234,s3_shared_photos#08,s3_shared_photos,shared_at,8,1,YES,cfea5155712c0ff416e40ff59e0c49c615fcb4a8,database/005_sprint3a_scene_pocket_knowledge_foundation.sql:L75,,0,NOT_ADJUDICATED,0,0,NONE,,8,3,0,0,database/005_sprint3a_scene_pocket_knowledge_foundation.sql:L219@s3_share_photo[explicit table.column reference] | database/005_sprint3a_scene_pocket_knowledge_foundation.sql:L237@s3_get_player_state[to_jsonb(row) exposes field],database/005_sprint3a_scene_pocket_knowledge_foundation.sql:L75,"  label_text_key text not null,",NOT_NULL,NOT_VERIFIED_ORIGINAL_DECLARATION_ONLY,database/005_sprint3a_scene_pocket_knowledge_foundation.sql,NO_RAW_WRITE,NO_LIVE_RUN_VALUE_TIMELINE,0,NOT_OBSERVED,LITERAL_LINKS_AND_CANDIDATES_CAPTURED,RAW_HISTORICAL_WRITE_LOCATIONS_CAPTURED,RAW_HISTORICAL_READ_LOCATIONS_CAPTURED,ORIGINAL_DDL_CAPTURED_NOT_FINAL_SCHEMA,MIGRATION_CHRONOLOGY_CAPTURED_NO_LIVE_TIMELINE,TEST_REFERENCES_INDEXED_NO_LIVE_SAMPLES,NOT_STARTED,,,,docs/plans/authority-field-audit-v2/
F0235,s3b_library_attempts#01,s3b_library_attempts,run_id,1,36,NO,cfea5155712c0ff416e40ff59e0c49c615fcb4a8,database/007_sprint3b_act1_5_placeholder_flow.sql:L35,,0,NOT_ADJUDICATED,2,1,POSITIONAL_WRITE|DIRECT_OR_COMPUTED,database/007_sprint3b_act1_5_placeholder_flow.sql:L223@s3b_submit_library_code[INSERT positional/all columns]{POSITIONAL_WRITE} | database/014_sprint3b_evidence_and_puzzle_integrity.sql:L424@s3b_submit_library_code[INSERT explicit column]{DIRECT_OR_COMPUTED},1,1,0,1,database/014_sprint3b_evidence_and_puzzle_integrity.sql:L389@s3b_submit_library_code[SELECT * INTO row],database/007_sprint3b_act1_5_placeholder_flow.sql:L35,create table if not exists public.s3b_library_attempts (,NO_INLINE_MARKER,NOT_VERIFIED_ORIGINAL_DECLARATION_ONLY,database/007_sprint3b_act1_5_placeholder_flow.sql,database/014_sprint3b_evidence_and_puzzle_integrity.sql,NO_LIVE_RUN_VALUE_TIMELINE,0,NOT_OBSERVED,LITERAL_LINKS_AND_CANDIDATES_CAPTURED,RAW_HISTORICAL_WRITE_LOCATIONS_CAPTURED,RAW_HISTORICAL_READ_LOCATIONS_CAPTURED,ORIGINAL_DDL_CAPTURED_NOT_FINAL_SCHEMA,MIGRATION_CHRONOLOGY_CAPTURED_NO_LIVE_TIMELINE,TEST_REFERENCES_INDEXED_NO_LIVE_SAMPLES,NOT_STARTED,,,,docs/plans/authority-field-audit-v2/
F0236,s3b_library_attempts#02,s3b_library_attempts,attempt_number,2,1,YES,cfea5155712c0ff416e40ff59e0c49c615fcb4a8,database/007_sprint3b_act1_5_placeholder_flow.sql:L36,game_runs#run_id,0,NOT_ADJUDICATED,2,1,POSITIONAL_WRITE|DIRECT_OR_COMPUTED,database/007_sprint3b_act1_5_placeholder_flow.sql:L223@s3b_submit_library_code[INSERT positional/all columns]{POSITIONAL_WRITE} | database/014_sprint3b_evidence_and_puzzle_integrity.sql:L424@s3b_submit_library_code[INSERT explicit column]{DIRECT_OR_COMPUTED},2,1,1,0,database/014_sprint3b_evidence_and_puzzle_integrity.sql:L389@s3b_submit_library_code[SELECT * INTO row] | database/014_sprint3b_evidence_and_puzzle_integrity.sql:L397@s3b_submit_library_code[qualified/rowtype field reference],database/007_sprint3b_act1_5_placeholder_flow.sql:L36,"  run_id uuid not null references public.game_runs(run_id),",NOT_NULL|REFERENCES,NOT_VERIFIED_ORIGINAL_DECLARATION_ONLY,database/007_sprint3b_act1_5_placeholder_flow.sql,database/014_sprint3b_evidence_and_puzzle_integrity.sql,NO_LIVE_RUN_VALUE_TIMELINE,0,NOT_OBSERVED,LITERAL_LINKS_AND_CANDIDATES_CAPTURED,RAW_HISTORICAL_WRITE_LOCATIONS_CAPTURED,RAW_HISTORICAL_READ_LOCATIONS_CAPTURED,ORIGINAL_DDL_CAPTURED_NOT_FINAL_SCHEMA,MIGRATION_CHRONOLOGY_CAPTURED_NO_LIVE_TIMELINE,TEST_REFERENCES_INDEXED_NO_LIVE_SAMPLES,NOT_STARTED,,,,docs/plans/authority-field-audit-v2/
F0237,s3b_library_attempts#03,s3b_library_attempts,submitted_by,3,1,YES,cfea5155712c0ff416e40ff59e0c49c615fcb4a8,database/007_sprint3b_act1_5_placeholder_flow.sql:L37,,0,NOT_ADJUDICATED,2,1,POSITIONAL_WRITE|DIRECT_OR_COMPUTED,database/007_sprint3b_act1_5_placeholder_flow.sql:L223@s3b_submit_library_code[INSERT positional/all columns]{POSITIONAL_WRITE} | database/014_sprint3b_evidence_and_puzzle_integrity.sql:L424@s3b_submit_library_code[INSERT explicit column]{DIRECT_OR_COMPUTED},1,1,0,0,database/014_sprint3b_evidence_and_puzzle_integrity.sql:L389@s3b_submit_library_code[SELECT * INTO row],database/007_sprint3b_act1_5_placeholder_flow.sql:L37,"  attempt_number integer not null,",NOT_NULL,NOT_VERIFIED_ORIGINAL_DECLARATION_ONLY,database/007_sprint3b_act1_5_placeholder_flow.sql,database/014_sprint3b_evidence_and_puzzle_integrity.sql,NO_LIVE_RUN_VALUE_TIMELINE,0,NOT_OBSERVED,LITERAL_LINKS_AND_CANDIDATES_CAPTURED,RAW_HISTORICAL_WRITE_LOCATIONS_CAPTURED,RAW_HISTORICAL_READ_LOCATIONS_CAPTURED,ORIGINAL_DDL_CAPTURED_NOT_FINAL_SCHEMA,MIGRATION_CHRONOLOGY_CAPTURED_NO_LIVE_TIMELINE,TEST_REFERENCES_INDEXED_NO_LIVE_SAMPLES,NOT_STARTED,,,,docs/plans/authority-field-audit-v2/
F0238,s3b_library_attempts#04,s3b_library_attempts,submitted_value,4,1,YES,cfea5155712c0ff416e40ff59e0c49c615fcb4a8,database/007_sprint3b_act1_5_placeholder_flow.sql:L38,s1_room_players#player_id,0,NOT_ADJUDICATED,2,1,POSITIONAL_WRITE|DIRECT_OR_COMPUTED,database/007_sprint3b_act1_5_placeholder_flow.sql:L223@s3b_submit_library_code[INSERT positional/all columns]{POSITIONAL_WRITE} | database/014_sprint3b_evidence_and_puzzle_integrity.sql:L424@s3b_submit_library_code[INSERT explicit column]{DIRECT_OR_COMPUTED},2,1,0,0,database/014_sprint3b_evidence_and_puzzle_integrity.sql:L389@s3b_submit_library_code[SELECT * INTO row] | database/014_sprint3b_evidence_and_puzzle_integrity.sql:L393@s3b_submit_library_code[qualified/rowtype field reference],database/007_sprint3b_act1_5_placeholder_flow.sql:L38,"  submitted_by uuid not null references public.s1_room_players(player_id),",NOT_NULL|REFERENCES,NOT_VERIFIED_ORIGINAL_DECLARATION_ONLY,database/007_sprint3b_act1_5_placeholder_flow.sql,database/014_sprint3b_evidence_and_puzzle_integrity.sql,NO_LIVE_RUN_VALUE_TIMELINE,0,NOT_OBSERVED,LITERAL_LINKS_AND_CANDIDATES_CAPTURED,RAW_HISTORICAL_WRITE_LOCATIONS_CAPTURED,RAW_HISTORICAL_READ_LOCATIONS_CAPTURED,ORIGINAL_DDL_CAPTURED_NOT_FINAL_SCHEMA,MIGRATION_CHRONOLOGY_CAPTURED_NO_LIVE_TIMELINE,TEST_REFERENCES_INDEXED_NO_LIVE_SAMPLES,NOT_STARTED,,,,docs/plans/authority-field-audit-v2/
F0239,s3b_library_attempts#05,s3b_library_attempts,submitted_at,5,2,NO,cfea5155712c0ff416e40ff59e0c49c615fcb4a8,database/007_sprint3b_act1_5_placeholder_flow.sql:L39,,0,NOT_ADJUDICATED,2,1,POSITIONAL_WRITE|DIRECT_OR_COMPUTED,database/007_sprint3b_act1_5_placeholder_flow.sql:L223@s3b_submit_library_code[INSERT positional/all columns]{POSITIONAL_WRITE} | database/014_sprint3b_evidence_and_puzzle_integrity.sql:L424@s3b_submit_library_code[INSERT explicit column]{DIRECT_OR_COMPUTED},1,1,0,0,database/014_sprint3b_evidence_and_puzzle_integrity.sql:L389@s3b_submit_library_code[SELECT * INTO row],database/007_sprint3b_act1_5_placeholder_flow.sql:L39,"  submitted_value text not null,",NOT_NULL,NOT_VERIFIED_ORIGINAL_DECLARATION_ONLY,database/007_sprint3b_act1_5_placeholder_flow.sql,database/014_sprint3b_evidence_and_puzzle_integrity.sql,NO_LIVE_RUN_VALUE_TIMELINE,0,NOT_OBSERVED,LITERAL_LINKS_AND_CANDIDATES_CAPTURED,RAW_HISTORICAL_WRITE_LOCATIONS_CAPTURED,RAW_HISTORICAL_READ_LOCATIONS_CAPTURED,ORIGINAL_DDL_CAPTURED_NOT_FINAL_SCHEMA,MIGRATION_CHRONOLOGY_CAPTURED_NO_LIVE_TIMELINE,TEST_REFERENCES_INDEXED_NO_LIVE_SAMPLES,NOT_STARTED,,,,docs/plans/authority-field-audit-v2/
F0240,s3b_library_attempts#06,s3b_library_attempts,correct,6,1,YES,cfea5155712c0ff416e40ff59e0c49c615fcb4a8,database/007_sprint3b_act1_5_placeholder_flow.sql:L40,,0,NOT_ADJUDICATED,2,1,POSITIONAL_WRITE|DIRECT_OR_COMPUTED,database/007_sprint3b_act1_5_placeholder_flow.sql:L223@s3b_submit_library_code[INSERT positional/all columns]{POSITIONAL_WRITE} | database/014_sprint3b_evidence_and_puzzle_integrity.sql:L424@s3b_submit_library_code[INSERT explicit column]{DIRECT_OR_COMPUTED},2,1,0,0,database/014_sprint3b_evidence_and_puzzle_integrity.sql:L389@s3b_submit_library_code[SELECT * INTO row] | database/014_sprint3b_evidence_and_puzzle_integrity.sql:L397@s3b_submit_library_code[qualified/rowtype field reference],database/007_sprint3b_act1_5_placeholder_flow.sql:L40,"  submitted_at timestamptz not null default now(),",NOT_NULL|DEFAULT,NOT_VERIFIED_ORIGINAL_DECLARATION_ONLY,database/007_sprint3b_act1_5_placeholder_flow.sql,database/014_sprint3b_evidence_and_puzzle_integrity.sql,NO_LIVE_RUN_VALUE_TIMELINE,1,NOT_OBSERVED,LITERAL_LINKS_AND_CANDIDATES_CAPTURED,RAW_HISTORICAL_WRITE_LOCATIONS_CAPTURED,RAW_HISTORICAL_READ_LOCATIONS_CAPTURED,ORIGINAL_DDL_CAPTURED_NOT_FINAL_SCHEMA,MIGRATION_CHRONOLOGY_CAPTURED_NO_LIVE_TIMELINE,TEST_REFERENCES_INDEXED_NO_LIVE_SAMPLES,NOT_STARTED,,,,docs/plans/authority-field-audit-v2/
F0241,s3b_library_attempts#07,s3b_library_attempts,client_request_id,7,8,NO,cfea5155712c0ff416e40ff59e0c49c615fcb4a8,database/014_sprint3b_evidence_and_puzzle_integrity.sql:L39,,0,NOT_ADJUDICATED,2,1,POSITIONAL_WRITE|DIRECT_OR_COMPUTED,database/007_sprint3b_act1_5_placeholder_flow.sql:L223@s3b_submit_library_code[INSERT positional/all columns]{POSITIONAL_WRITE} | database/014_sprint3b_evidence_and_puzzle_integrity.sql:L424@s3b_submit_library_code[INSERT explicit column]{DIRECT_OR_COMPUTED},1,1,0,0,database/014_sprint3b_evidence_and_puzzle_integrity.sql:L389@s3b_submit_library_code[SELECT * INTO row],database/014_sprint3b_evidence_and_puzzle_integrity.sql:L39,alter table public.s3b_library_attempts,NO_INLINE_MARKER,NOT_VERIFIED_ORIGINAL_DECLARATION_ONLY,database/014_sprint3b_evidence_and_puzzle_integrity.sql,database/014_sprint3b_evidence_and_puzzle_integrity.sql,NO_LIVE_RUN_VALUE_TIMELINE,0,NOT_OBSERVED,LITERAL_LINKS_AND_CANDIDATES_CAPTURED,RAW_HISTORICAL_WRITE_LOCATIONS_CAPTURED,RAW_HISTORICAL_READ_LOCATIONS_CAPTURED,ORIGINAL_DDL_CAPTURED_NOT_FINAL_SCHEMA,MIGRATION_CHRONOLOGY_CAPTURED_NO_LIVE_TIMELINE,TEST_REFERENCES_INDEXED_NO_LIVE_SAMPLES,NOT_STARTED,,,,docs/plans/authority-field-audit-v2/
F0242,s3b_player_facts#01,s3b_player_facts,run_id,1,36,NO,cfea5155712c0ff416e40ff59e0c49c615fcb4a8,database/009_sprint3b_act1_consequence_integrity.sql:L4,,0,NOT_ADJUDICATED,19,3,POSITIONAL_WRITE,database/009_sprint3b_act1_consequence_integrity.sql:L29@s3b_apply_act1_consequence[INSERT positional/all columns]{POSITIONAL_WRITE} | database/009_sprint3b_act1_consequence_integrity.sql:L31@s3b_apply_act1_consequence[INSERT positional/all columns]{POSITIONAL_WRITE},0,0,0,0,,database/009_sprint3b_act1_consequence_integrity.sql:L4,create table if not exists public.s3b_player_facts (,NO_INLINE_MARKER,NOT_VERIFIED_ORIGINAL_DECLARATION_ONLY,database/009_sprint3b_act1_consequence_integrity.sql,database/068_package_c_authoritative_pocket_inspection.sql,NO_LIVE_RUN_VALUE_TIMELINE,0,NOT_OBSERVED,LITERAL_LINKS_AND_CANDIDATES_CAPTURED,RAW_HISTORICAL_WRITE_LOCATIONS_CAPTURED,RAW_HISTORICAL_READ_LOCATIONS_CAPTURED,ORIGINAL_DDL_CAPTURED_NOT_FINAL_SCHEMA,MIGRATION_CHRONOLOGY_CAPTURED_NO_LIVE_TIMELINE,TEST_REFERENCES_INDEXED_NO_LIVE_SAMPLES,NOT_STARTED,,,,docs/plans/authority-field-audit-v2/
F0243,s3b_player_facts#02,s3b_player_facts,player_id,2,24,NO,cfea5155712c0ff416e40ff59e0c49c615fcb4a8,database/009_sprint3b_act1_consequence_integrity.sql:L5,game_runs#run_id,0,NOT_ADJUDICATED,19,3,POSITIONAL_WRITE,database/009_sprint3b_act1_consequence_integrity.sql:L29@s3b_apply_act1_consequence[INSERT positional/all columns]{POSITIONAL_WRITE} | database/009_sprint3b_act1_consequence_integrity.sql:L31@s3b_apply_act1_consequence[INSERT positional/all columns]{POSITIONAL_WRITE},0,0,0,0,,database/009_sprint3b_act1_consequence_integrity.sql:L5,"  run_id uuid not null references public.game_runs(run_id),",NOT_NULL|REFERENCES,NOT_VERIFIED_ORIGINAL_DECLARATION_ONLY,database/009_sprint3b_act1_consequence_integrity.sql,database/068_package_c_authoritative_pocket_inspection.sql,NO_LIVE_RUN_VALUE_TIMELINE,0,NOT_OBSERVED,LITERAL_LINKS_AND_CANDIDATES_CAPTURED,RAW_HISTORICAL_WRITE_LOCATIONS_CAPTURED,RAW_HISTORICAL_READ_LOCATIONS_CAPTURED,ORIGINAL_DDL_CAPTURED_NOT_FINAL_SCHEMA,MIGRATION_CHRONOLOGY_CAPTURED_NO_LIVE_TIMELINE,TEST_REFERENCES_INDEXED_NO_LIVE_SAMPLES,NOT_STARTED,,,,docs/plans/authority-field-audit-v2/
F0244,s3b_player_facts#03,s3b_player_facts,fact_key,3,1,YES,cfea5155712c0ff416e40ff59e0c49c615fcb4a8,database/009_sprint3b_act1_consequence_integrity.sql:L6,s1_room_players#player_id,0,NOT_ADJUDICATED,19,3,POSITIONAL_WRITE,database/009_sprint3b_act1_consequence_integrity.sql:L29@s3b_apply_act1_consequence[INSERT positional/all columns]{POSITIONAL_WRITE} | database/009_sprint3b_act1_consequence_integrity.sql:L31@s3b_apply_act1_consequence[INSERT positional/all columns]{POSITIONAL_WRITE},0,0,0,0,,database/009_sprint3b_act1_consequence_integrity.sql:L6,"  player_id uuid not null references public.s1_room_players(player_id),",NOT_NULL|REFERENCES,NOT_VERIFIED_ORIGINAL_DECLARATION_ONLY,database/009_sprint3b_act1_consequence_integrity.sql,database/068_package_c_authoritative_pocket_inspection.sql,NO_LIVE_RUN_VALUE_TIMELINE,0,NOT_OBSERVED,LITERAL_LINKS_AND_CANDIDATES_CAPTURED,RAW_HISTORICAL_WRITE_LOCATIONS_CAPTURED,RAW_HISTORICAL_READ_LOCATIONS_CAPTURED,ORIGINAL_DDL_CAPTURED_NOT_FINAL_SCHEMA,MIGRATION_CHRONOLOGY_CAPTURED_NO_LIVE_TIMELINE,TEST_REFERENCES_INDEXED_NO_LIVE_SAMPLES,NOT_STARTED,,,,docs/plans/authority-field-audit-v2/
F0245,s3b_player_facts#04,s3b_player_facts,discovered_at,4,2,NO,cfea5155712c0ff416e40ff59e0c49c615fcb4a8,database/009_sprint3b_act1_consequence_integrity.sql:L7,,0,NOT_ADJUDICATED,19,3,POSITIONAL_WRITE,database/009_sprint3b_act1_consequence_integrity.sql:L29@s3b_apply_act1_consequence[INSERT positional/all columns]{POSITIONAL_WRITE} | database/009_sprint3b_act1_consequence_integrity.sql:L31@s3b_apply_act1_consequence[INSERT positional/all columns]{POSITIONAL_WRITE},0,0,0,0,,database/009_sprint3b_act1_consequence_integrity.sql:L7,"  fact_key text not null,",NOT_NULL,NOT_VERIFIED_ORIGINAL_DECLARATION_ONLY,database/009_sprint3b_act1_consequence_integrity.sql,database/068_package_c_authoritative_pocket_inspection.sql,NO_LIVE_RUN_VALUE_TIMELINE,0,NOT_OBSERVED,LITERAL_LINKS_AND_CANDIDATES_CAPTURED,RAW_HISTORICAL_WRITE_LOCATIONS_CAPTURED,RAW_HISTORICAL_READ_LOCATIONS_CAPTURED,ORIGINAL_DDL_CAPTURED_NOT_FINAL_SCHEMA,MIGRATION_CHRONOLOGY_CAPTURED_NO_LIVE_TIMELINE,TEST_REFERENCES_INDEXED_NO_LIVE_SAMPLES,NOT_STARTED,,,,docs/plans/authority-field-audit-v2/
F0246,s3b_player_progress#01,s3b_player_progress,run_id,1,36,NO,cfea5155712c0ff416e40ff59e0c49c615fcb4a8,database/007_sprint3b_act1_5_placeholder_flow.sql:L20,,0,NOT_ADJUDICATED,1,1,DIRECT_OR_COMPUTED,database/007_sprint3b_act1_5_placeholder_flow.sql:L78@s3b_initialize_flow[INSERT explicit column]{DIRECT_OR_COMPUTED},15,6,0,22,database/007_sprint3b_act1_5_placeholder_flow.sql:L286@s3b_get_player_state[to_jsonb(row) exposes field] | database/007_sprint3b_act1_5_placeholder_flow.sql:L288@s3b_get_player_state[qualified/rowtype field reference],database/007_sprint3b_act1_5_placeholder_flow.sql:L20,create table if not exists public.s3b_player_progress (,NO_INLINE_MARKER,NOT_VERIFIED_ORIGINAL_DECLARATION_ONLY,database/007_sprint3b_act1_5_placeholder_flow.sql,database/007_sprint3b_act1_5_placeholder_flow.sql,NO_LIVE_RUN_VALUE_TIMELINE,2,NOT_OBSERVED,LITERAL_LINKS_AND_CANDIDATES_CAPTURED,RAW_HISTORICAL_WRITE_LOCATIONS_CAPTURED,RAW_HISTORICAL_READ_LOCATIONS_CAPTURED,ORIGINAL_DDL_CAPTURED_NOT_FINAL_SCHEMA,MIGRATION_CHRONOLOGY_CAPTURED_NO_LIVE_TIMELINE,TEST_REFERENCES_INDEXED_NO_LIVE_SAMPLES,NOT_STARTED,,,,docs/plans/authority-field-audit-v2/
F0247,s3b_player_progress#02,s3b_player_progress,player_id,2,24,NO,cfea5155712c0ff416e40ff59e0c49c615fcb4a8,database/007_sprint3b_act1_5_placeholder_flow.sql:L21,game_runs#run_id,0,NOT_ADJUDICATED,1,1,DIRECT_OR_COMPUTED,database/007_sprint3b_act1_5_placeholder_flow.sql:L78@s3b_initialize_flow[INSERT explicit column]{DIRECT_OR_COMPUTED},15,6,0,21,database/007_sprint3b_act1_5_placeholder_flow.sql:L286@s3b_get_player_state[to_jsonb(row) exposes field] | database/011_sprint3b_transition_and_act1_delivery_integrity.sql:L32@s3b_initialize_flow[qualified/rowtype field reference],database/007_sprint3b_act1_5_placeholder_flow.sql:L21,"  run_id uuid not null references public.game_runs(run_id),",NOT_NULL|REFERENCES,NOT_VERIFIED_ORIGINAL_DECLARATION_ONLY,database/007_sprint3b_act1_5_placeholder_flow.sql,database/007_sprint3b_act1_5_placeholder_flow.sql,NO_LIVE_RUN_VALUE_TIMELINE,2,NOT_OBSERVED,LITERAL_LINKS_AND_CANDIDATES_CAPTURED,RAW_HISTORICAL_WRITE_LOCATIONS_CAPTURED,RAW_HISTORICAL_READ_LOCATIONS_CAPTURED,ORIGINAL_DDL_CAPTURED_NOT_FINAL_SCHEMA,MIGRATION_CHRONOLOGY_CAPTURED_NO_LIVE_TIMELINE,TEST_REFERENCES_INDEXED_NO_LIVE_SAMPLES,NOT_STARTED,,,,docs/plans/authority-field-audit-v2/
F0248,s3b_player_progress#03,s3b_player_progress,act1_choice_id,3,1,YES,cfea5155712c0ff416e40ff59e0c49c615fcb4a8,database/007_sprint3b_act1_5_placeholder_flow.sql:L22,s1_room_players#player_id,0,NOT_ADJUDICATED,2,1,DIRECT_OR_COMPUTED,database/007_sprint3b_act1_5_placeholder_flow.sql:L94@s3b_submit_act1_choice[UPDATE SET]{DIRECT_OR_COMPUTED} | database/011_sprint3b_transition_and_act1_delivery_integrity.sql:L55@s3b_submit_act1_choice[UPDATE SET]{DIRECT_OR_COMPUTED},16,7,2,14,database/007_sprint3b_act1_5_placeholder_flow.sql:L286@s3b_get_player_state[to_jsonb(row) exposes field] | database/009_sprint3b_act1_consequence_integrity.sql:L25@s3b_apply_act1_consequence[OLD.field trigger reference],database/007_sprint3b_act1_5_placeholder_flow.sql:L22,"  player_id uuid not null references public.s1_room_players(player_id),",NOT_NULL|REFERENCES,NOT_VERIFIED_ORIGINAL_DECLARATION_ONLY,database/007_sprint3b_act1_5_placeholder_flow.sql,database/011_sprint3b_transition_and_act1_delivery_integrity.sql,NO_LIVE_RUN_VALUE_TIMELINE,2,NOT_OBSERVED,LITERAL_LINKS_AND_CANDIDATES_CAPTURED,RAW_HISTORICAL_WRITE_LOCATIONS_CAPTURED,RAW_HISTORICAL_READ_LOCATIONS_CAPTURED,ORIGINAL_DDL_CAPTURED_NOT_FINAL_SCHEMA,MIGRATION_CHRONOLOGY_CAPTURED_NO_LIVE_TIMELINE,TEST_REFERENCES_INDEXED_NO_LIVE_SAMPLES,NOT_STARTED,,,,docs/plans/authority-field-audit-v2/
F0249,s3b_player_progress#04,s3b_player_progress,act1_locked_at,4,1,YES,cfea5155712c0ff416e40ff59e0c49c615fcb4a8,database/007_sprint3b_act1_5_placeholder_flow.sql:L23,,0,NOT_ADJUDICATED,2,1,DIRECT_OR_COMPUTED,database/007_sprint3b_act1_5_placeholder_flow.sql:L94@s3b_submit_act1_choice[UPDATE SET]{DIRECT_OR_COMPUTED} | database/011_sprint3b_transition_and_act1_delivery_integrity.sql:L55@s3b_submit_act1_choice[UPDATE SET]{DIRECT_OR_COMPUTED},8,4,0,0,database/007_sprint3b_act1_5_placeholder_flow.sql:L286@s3b_get_player_state[to_jsonb(row) exposes field] | database/017_sprint3c_override_act2_entry_correction.sql:L27@s3b_submit_first_meeting[SELECT * INTO row],database/007_sprint3b_act1_5_placeholder_flow.sql:L23,"  act1_choice_id text,",NO_INLINE_MARKER,NOT_VERIFIED_ORIGINAL_DECLARATION_ONLY,database/007_sprint3b_act1_5_placeholder_flow.sql,database/011_sprint3b_transition_and_act1_delivery_integrity.sql,NO_LIVE_RUN_VALUE_TIMELINE,2,NOT_OBSERVED,LITERAL_LINKS_AND_CANDIDATES_CAPTURED,RAW_HISTORICAL_WRITE_LOCATIONS_CAPTURED,RAW_HISTORICAL_READ_LOCATIONS_CAPTURED,ORIGINAL_DDL_CAPTURED_NOT_FINAL_SCHEMA,MIGRATION_CHRONOLOGY_CAPTURED_NO_LIVE_TIMELINE,TEST_REFERENCES_INDEXED_NO_LIVE_SAMPLES,NOT_STARTED,,,,docs/plans/authority-field-audit-v2/
F0250,s3b_player_progress#05,s3b_player_progress,first_meeting_choice,5,1,YES,cfea5155712c0ff416e40ff59e0c49c615fcb4a8,database/007_sprint3b_act1_5_placeholder_flow.sql:L24,,0,NOT_ADJUDICATED,2,1,DIRECT_OR_COMPUTED,database/007_sprint3b_act1_5_placeholder_flow.sql:L109@s3b_submit_first_meeting[UPDATE SET]{DIRECT_OR_COMPUTED} | database/017_sprint3c_override_act2_entry_correction.sql:L42@s3b_submit_first_meeting[UPDATE SET]{DIRECT_OR_COMPUTED},18,6,0,1,database/007_sprint3b_act1_5_placeholder_flow.sql:L286@s3b_get_player_state[to_jsonb(row) exposes field] | database/007_sprint3b_act1_5_placeholder_flow.sql:L288@s3b_get_player_state[qualified/rowtype field reference],database/007_sprint3b_act1_5_placeholder_flow.sql:L24,"  act1_locked_at timestamptz,",NO_INLINE_MARKER,NOT_VERIFIED_ORIGINAL_DECLARATION_ONLY,database/007_sprint3b_act1_5_placeholder_flow.sql,database/017_sprint3c_override_act2_entry_correction.sql,NO_LIVE_RUN_VALUE_TIMELINE,0,NOT_OBSERVED,LITERAL_LINKS_AND_CANDIDATES_CAPTURED,RAW_HISTORICAL_WRITE_LOCATIONS_CAPTURED,RAW_HISTORICAL_READ_LOCATIONS_CAPTURED,ORIGINAL_DDL_CAPTURED_NOT_FINAL_SCHEMA,MIGRATION_CHRONOLOGY_CAPTURED_NO_LIVE_TIMELINE,TEST_REFERENCES_INDEXED_NO_LIVE_SAMPLES,NOT_STARTED,,,,docs/plans/authority-field-audit-v2/
F0251,s3b_player_progress#06,s3b_player_progress,first_meeting_locked_at,6,1,YES,cfea5155712c0ff416e40ff59e0c49c615fcb4a8,database/007_sprint3b_act1_5_placeholder_flow.sql:L25,,0,NOT_ADJUDICATED,2,1,DIRECT_OR_COMPUTED,database/007_sprint3b_act1_5_placeholder_flow.sql:L109@s3b_submit_first_meeting[UPDATE SET]{DIRECT_OR_COMPUTED} | database/017_sprint3c_override_act2_entry_correction.sql:L42@s3b_submit_first_meeting[UPDATE SET]{DIRECT_OR_COMPUTED},8,4,2,0,database/007_sprint3b_act1_5_placeholder_flow.sql:L286@s3b_get_player_state[to_jsonb(row) exposes field] | database/017_sprint3c_override_act2_entry_correction.sql:L27@s3b_submit_first_meeting[SELECT * INTO row],database/007_sprint3b_act1_5_placeholder_flow.sql:L25,"  first_meeting_choice text check (first_meeting_choice in ('library','great_hall','main_gate','west_tower','chapel','help')),",CHECK,NOT_VERIFIED_ORIGINAL_DECLARATION_ONLY,database/007_sprint3b_act1_5_placeholder_flow.sql,database/017_sprint3c_override_act2_entry_correction.sql,NO_LIVE_RUN_VALUE_TIMELINE,0,NOT_OBSERVED,LITERAL_LINKS_AND_CANDIDATES_CAPTURED,RAW_HISTORICAL_WRITE_LOCATIONS_CAPTURED,RAW_HISTORICAL_READ_LOCATIONS_CAPTURED,ORIGINAL_DDL_CAPTURED_NOT_FINAL_SCHEMA,MIGRATION_CHRONOLOGY_CAPTURED_NO_LIVE_TIMELINE,TEST_REFERENCES_INDEXED_NO_LIVE_SAMPLES,NOT_STARTED,,,,docs/plans/authority-field-audit-v2/
F0252,s3b_player_progress#07,s3b_player_progress,grab_complete,7,1,YES,cfea5155712c0ff416e40ff59e0c49c615fcb4a8,database/007_sprint3b_act1_5_placeholder_flow.sql:L26,,0,NOT_ADJUDICATED,3,2,DIRECT_OR_COMPUTED,database/007_sprint3b_act1_5_placeholder_flow.sql:L125@s3b_grab[UPDATE SET]{DIRECT_OR_COMPUTED} | database/054_level3_integrated_closure.sql:L46@teacher_apply_override[UPDATE SET]{DIRECT_OR_COMPUTED},7,5,2,2,database/007_sprint3b_act1_5_placeholder_flow.sql:L286@s3b_get_player_state[to_jsonb(row) exposes field] | database/009_sprint3b_act1_consequence_integrity.sql:L59@s3b_add_optional_grab_item[OLD.field trigger reference],database/007_sprint3b_act1_5_placeholder_flow.sql:L26,"  first_meeting_locked_at timestamptz,",NO_INLINE_MARKER,NOT_VERIFIED_ORIGINAL_DECLARATION_ONLY,database/007_sprint3b_act1_5_placeholder_flow.sql,database/054_level3_integrated_closure.sql,NO_LIVE_RUN_VALUE_TIMELINE,0,NOT_OBSERVED,LITERAL_LINKS_AND_CANDIDATES_CAPTURED,RAW_HISTORICAL_WRITE_LOCATIONS_CAPTURED,RAW_HISTORICAL_READ_LOCATIONS_CAPTURED,ORIGINAL_DDL_CAPTURED_NOT_FINAL_SCHEMA,MIGRATION_CHRONOLOGY_CAPTURED_NO_LIVE_TIMELINE,TEST_REFERENCES_INDEXED_NO_LIVE_SAMPLES,NOT_STARTED,,,,docs/plans/authority-field-audit-v2/
F0253,s3b_player_progress#08,s3b_player_progress,left_start_room,8,1,YES,cfea5155712c0ff416e40ff59e0c49c615fcb4a8,database/007_sprint3b_act1_5_placeholder_flow.sql:L27,,0,NOT_ADJUDICATED,3,2,DIRECT_OR_COMPUTED,database/007_sprint3b_act1_5_placeholder_flow.sql:L134@s3b_leave_start_room[UPDATE SET]{DIRECT_OR_COMPUTED} | database/054_level3_integrated_closure.sql:L46@teacher_apply_override[UPDATE SET]{DIRECT_OR_COMPUTED},6,4,2,1,database/007_sprint3b_act1_5_placeholder_flow.sql:L286@s3b_get_player_state[to_jsonb(row) exposes field] | database/010_sprint3b_flow_integrity_and_inspect_fix.sql:L45@s3b_guard_player_progress_phase[OLD.field trigger reference],database/007_sprint3b_act1_5_placeholder_flow.sql:L27,"  grab_complete boolean not null default false,",NOT_NULL|DEFAULT,NOT_VERIFIED_ORIGINAL_DECLARATION_ONLY,database/007_sprint3b_act1_5_placeholder_flow.sql,database/054_level3_integrated_closure.sql,NO_LIVE_RUN_VALUE_TIMELINE,0,NOT_OBSERVED,LITERAL_LINKS_AND_CANDIDATES_CAPTURED,RAW_HISTORICAL_WRITE_LOCATIONS_CAPTURED,RAW_HISTORICAL_READ_LOCATIONS_CAPTURED,ORIGINAL_DDL_CAPTURED_NOT_FINAL_SCHEMA,MIGRATION_CHRONOLOGY_CAPTURED_NO_LIVE_TIMELINE,TEST_REFERENCES_INDEXED_NO_LIVE_SAMPLES,NOT_STARTED,,,,docs/plans/authority-field-audit-v2/
F0254,s3b_player_progress#09,s3b_player_progress,player_location,9,1,YES,cfea5155712c0ff416e40ff59e0c49c615fcb4a8,database/007_sprint3b_act1_5_placeholder_flow.sql:L28,,0,NOT_ADJUDICATED,8,4,DIRECT_OR_COMPUTED,database/007_sprint3b_act1_5_placeholder_flow.sql:L134@s3b_leave_start_room[UPDATE SET]{DIRECT_OR_COMPUTED} | database/007_sprint3b_act1_5_placeholder_flow.sql:L185@s3b_follow_sign[UPDATE SET]{DIRECT_OR_COMPUTED},8,5,10,1,database/007_sprint3b_act1_5_placeholder_flow.sql:L286@s3b_get_player_state[to_jsonb(row) exposes field] | database/010_sprint3b_flow_integrity_and_inspect_fix.sql:L46@s3b_guard_player_progress_phase[OLD.field trigger reference],database/007_sprint3b_act1_5_placeholder_flow.sql:L28,"  left_start_room boolean not null default false,",NOT_NULL|DEFAULT,NOT_VERIFIED_ORIGINAL_DECLARATION_ONLY,database/007_sprint3b_act1_5_placeholder_flow.sql,database/063_package_a_player_entry_column_fix.sql,NO_LIVE_RUN_VALUE_TIMELINE,0,NOT_OBSERVED,LITERAL_LINKS_AND_CANDIDATES_CAPTURED,RAW_HISTORICAL_WRITE_LOCATIONS_CAPTURED,RAW_HISTORICAL_READ_LOCATIONS_CAPTURED,ORIGINAL_DDL_CAPTURED_NOT_FINAL_SCHEMA,MIGRATION_CHRONOLOGY_CAPTURED_NO_LIVE_TIMELINE,TEST_REFERENCES_INDEXED_NO_LIVE_SAMPLES,NOT_STARTED,,,,docs/plans/authority-field-audit-v2/
F0255,s3b_player_progress#10,s3b_player_progress,act4_choice_id,10,1,YES,cfea5155712c0ff416e40ff59e0c49c615fcb4a8,database/007_sprint3b_act1_5_placeholder_flow.sql:L29,,0,NOT_ADJUDICATED,1,1,DIRECT_OR_COMPUTED,database/007_sprint3b_act1_5_placeholder_flow.sql:L240@s3b_submit_act4_choice[UPDATE SET]{DIRECT_OR_COMPUTED},16,6,0,1,database/007_sprint3b_act1_5_placeholder_flow.sql:L286@s3b_get_player_state[to_jsonb(row) exposes field] | database/007_sprint3b_act1_5_placeholder_flow.sql:L290@s3b_get_player_state[qualified/rowtype field reference],database/007_sprint3b_act1_5_placeholder_flow.sql:L29,"  player_location text not null default 'start_room',",NOT_NULL|DEFAULT,NOT_VERIFIED_ORIGINAL_DECLARATION_ONLY,database/007_sprint3b_act1_5_placeholder_flow.sql,database/007_sprint3b_act1_5_placeholder_flow.sql,NO_LIVE_RUN_VALUE_TIMELINE,2,NOT_OBSERVED,LITERAL_LINKS_AND_CANDIDATES_CAPTURED,RAW_HISTORICAL_WRITE_LOCATIONS_CAPTURED,RAW_HISTORICAL_READ_LOCATIONS_CAPTURED,ORIGINAL_DDL_CAPTURED_NOT_FINAL_SCHEMA,MIGRATION_CHRONOLOGY_CAPTURED_NO_LIVE_TIMELINE,TEST_REFERENCES_INDEXED_NO_LIVE_SAMPLES,NOT_STARTED,,,,docs/plans/authority-field-audit-v2/
F0256,s3b_player_progress#11,s3b_player_progress,act4_locked_at,11,1,YES,cfea5155712c0ff416e40ff59e0c49c615fcb4a8,database/007_sprint3b_act1_5_placeholder_flow.sql:L30,,0,NOT_ADJUDICATED,1,1,DIRECT_OR_COMPUTED,database/007_sprint3b_act1_5_placeholder_flow.sql:L240@s3b_submit_act4_choice[UPDATE SET]{DIRECT_OR_COMPUTED},8,4,4,0,database/007_sprint3b_act1_5_placeholder_flow.sql:L286@s3b_get_player_state[to_jsonb(row) exposes field] | database/017_sprint3c_override_act2_entry_correction.sql:L27@s3b_submit_first_meeting[SELECT * INTO row],database/007_sprint3b_act1_5_placeholder_flow.sql:L30,"  act4_choice_id text check (act4_choice_id in ('known','unknown','inspect','ask')),",CHECK,NOT_VERIFIED_ORIGINAL_DECLARATION_ONLY,database/007_sprint3b_act1_5_placeholder_flow.sql,database/007_sprint3b_act1_5_placeholder_flow.sql,NO_LIVE_RUN_VALUE_TIMELINE,2,NOT_OBSERVED,LITERAL_LINKS_AND_CANDIDATES_CAPTURED,RAW_HISTORICAL_WRITE_LOCATIONS_CAPTURED,RAW_HISTORICAL_READ_LOCATIONS_CAPTURED,ORIGINAL_DDL_CAPTURED_NOT_FINAL_SCHEMA,MIGRATION_CHRONOLOGY_CAPTURED_NO_LIVE_TIMELINE,TEST_REFERENCES_INDEXED_NO_LIVE_SAMPLES,NOT_STARTED,,,,docs/plans/authority-field-audit-v2/
F0257,s3b_player_progress#12,s3b_player_progress,act1_stage,12,1,YES,cfea5155712c0ff416e40ff59e0c49c615fcb4a8,database/011_sprint3b_transition_and_act1_delivery_integrity.sql:L3,,0,NOT_ADJUDICATED,7,4,DIRECT_OR_COMPUTED,database/011_sprint3b_transition_and_act1_delivery_integrity.sql:L42@s3b_ack_act1_opening[UPDATE SET]{DIRECT_OR_COMPUTED} | database/011_sprint3b_transition_and_act1_delivery_integrity.sql:L55@s3b_submit_act1_choice[UPDATE SET]{DIRECT_OR_COMPUTED},6,3,5,0,database/007_sprint3b_act1_5_placeholder_flow.sql:L286@s3b_get_player_state[to_jsonb(row) exposes field] | database/017_sprint3c_override_act2_entry_correction.sql:L27@s3b_submit_first_meeting[SELECT * INTO row],database/011_sprint3b_transition_and_act1_delivery_integrity.sql:L3,"alter table public.s3b_player_progress add column if not exists act1_stage text not null default 'opening' check(act1_stage in ('opening','action','consequence','complete'));",NOT_NULL|DEFAULT|CHECK,NOT_VERIFIED_ORIGINAL_DECLARATION_ONLY,database/011_sprint3b_transition_and_act1_delivery_integrity.sql,database/054_level3_integrated_closure.sql,NO_LIVE_RUN_VALUE_TIMELINE,0,NOT_OBSERVED,LITERAL_LINKS_AND_CANDIDATES_CAPTURED,RAW_HISTORICAL_WRITE_LOCATIONS_CAPTURED,RAW_HISTORICAL_READ_LOCATIONS_CAPTURED,ORIGINAL_DDL_CAPTURED_NOT_FINAL_SCHEMA,MIGRATION_CHRONOLOGY_CAPTURED_NO_LIVE_TIMELINE,TEST_REFERENCES_INDEXED_NO_LIVE_SAMPLES,NOT_STARTED,,,,docs/plans/authority-field-audit-v2/
F0258,s3b_player_progress#13,s3b_player_progress,act1_text_keys,13,1,YES,cfea5155712c0ff416e40ff59e0c49c615fcb4a8,database/011_sprint3b_transition_and_act1_delivery_integrity.sql:L4,,3,NOT_ADJUDICATED,7,5,DERIVED_OR_COPY|DIRECT_OR_COMPUTED,database/011_sprint3b_transition_and_act1_delivery_integrity.sql:L28@s3b_initialize_flow[UPDATE SET]{DERIVED_OR_COPY} | database/011_sprint3b_transition_and_act1_delivery_integrity.sql:L42@s3b_ack_act1_opening[UPDATE SET]{DERIVED_OR_COPY},5,3,2,0,database/007_sprint3b_act1_5_placeholder_flow.sql:L286@s3b_get_player_state[to_jsonb(row) exposes field] | database/017_sprint3c_override_act2_entry_correction.sql:L27@s3b_submit_first_meeting[SELECT * INTO row],database/011_sprint3b_transition_and_act1_delivery_integrity.sql:L4,alter table public.s3b_player_progress add column if not exists act1_text_keys jsonb not null default '[]'::jsonb check(jsonb_typeof(act1_text_keys)='array');,NOT_NULL|DEFAULT|CHECK,NOT_VERIFIED_ORIGINAL_DECLARATION_ONLY,database/011_sprint3b_transition_and_act1_delivery_integrity.sql,database/054_level3_integrated_closure.sql,NO_LIVE_RUN_VALUE_TIMELINE,0,NOT_OBSERVED,LITERAL_LINKS_AND_CANDIDATES_CAPTURED,RAW_HISTORICAL_WRITE_LOCATIONS_CAPTURED,RAW_HISTORICAL_READ_LOCATIONS_CAPTURED,ORIGINAL_DDL_CAPTURED_NOT_FINAL_SCHEMA,MIGRATION_CHRONOLOGY_CAPTURED_NO_LIVE_TIMELINE,TEST_REFERENCES_INDEXED_NO_LIVE_SAMPLES,NOT_STARTED,,,,docs/plans/authority-field-audit-v2/
F0259,s3b_player_progress#14,s3b_player_progress,route_update_ack_at,14,1,YES,cfea5155712c0ff416e40ff59e0c49c615fcb4a8,database/012_sprint3b_internal_wrapper_lockdown_and_route_delivery.sql:L18,,0,NOT_ADJUDICATED,1,1,DIRECT_OR_COMPUTED,database/012_sprint3b_internal_wrapper_lockdown_and_route_delivery.sql:L43@s3b_ack_route_update[UPDATE SET]{DIRECT_OR_COMPUTED},5,3,8,0,database/007_sprint3b_act1_5_placeholder_flow.sql:L286@s3b_get_player_state[to_jsonb(row) exposes field] | database/017_sprint3c_override_act2_entry_correction.sql:L27@s3b_submit_first_meeting[SELECT * INTO row],database/012_sprint3b_internal_wrapper_lockdown_and_route_delivery.sql:L18,alter table public.s3b_player_progress,NO_INLINE_MARKER,NOT_VERIFIED_ORIGINAL_DECLARATION_ONLY,database/012_sprint3b_internal_wrapper_lockdown_and_route_delivery.sql,database/012_sprint3b_internal_wrapper_lockdown_and_route_delivery.sql,NO_LIVE_RUN_VALUE_TIMELINE,0,NOT_OBSERVED,LITERAL_LINKS_AND_CANDIDATES_CAPTURED,RAW_HISTORICAL_WRITE_LOCATIONS_CAPTURED,RAW_HISTORICAL_READ_LOCATIONS_CAPTURED,ORIGINAL_DDL_CAPTURED_NOT_FINAL_SCHEMA,MIGRATION_CHRONOLOGY_CAPTURED_NO_LIVE_TIMELINE,TEST_REFERENCES_INDEXED_NO_LIVE_SAMPLES,NOT_STARTED,,,,docs/plans/authority-field-audit-v2/
F0260,s3b_player_progress#15,s3b_player_progress,act1_action_started_at,15,1,YES,cfea5155712c0ff416e40ff59e0c49c615fcb4a8,database/014_sprint3b_evidence_and_puzzle_integrity.sql:L8,,0,NOT_ADJUDICATED,2,1,DIRECT_OR_COMPUTED,database/014_sprint3b_evidence_and_puzzle_integrity.sql:L260@s3b_ack_act1_opening[UPDATE SET]{DIRECT_OR_COMPUTED} | database/014b_sprint3b_targeted_closure_corrections.sql:L86@s3b_ack_act1_opening[UPDATE SET]{DIRECT_OR_COMPUTED},5,3,1,0,database/007_sprint3b_act1_5_placeholder_flow.sql:L286@s3b_get_player_state[to_jsonb(row) exposes field] | database/017_sprint3c_override_act2_entry_correction.sql:L27@s3b_submit_first_meeting[SELECT * INTO row],database/014_sprint3b_evidence_and_puzzle_integrity.sql:L8,alter table public.s3b_player_progress,NO_INLINE_MARKER,NOT_VERIFIED_ORIGINAL_DECLARATION_ONLY,database/014_sprint3b_evidence_and_puzzle_integrity.sql,database/014b_sprint3b_targeted_closure_corrections.sql,NO_LIVE_RUN_VALUE_TIMELINE,0,NOT_OBSERVED,LITERAL_LINKS_AND_CANDIDATES_CAPTURED,RAW_HISTORICAL_WRITE_LOCATIONS_CAPTURED,RAW_HISTORICAL_READ_LOCATIONS_CAPTURED,ORIGINAL_DDL_CAPTURED_NOT_FINAL_SCHEMA,MIGRATION_CHRONOLOGY_CAPTURED_NO_LIVE_TIMELINE,TEST_REFERENCES_INDEXED_NO_LIVE_SAMPLES,NOT_STARTED,,,,docs/plans/authority-field-audit-v2/
F0261,s3b_player_progress#16,s3b_player_progress,act1_timing_validity,16,1,YES,cfea5155712c0ff416e40ff59e0c49c615fcb4a8,database/014_sprint3b_evidence_and_puzzle_integrity.sql:L9,,0,NOT_ADJUDICATED,7,4,DIRECT_OR_COMPUTED,database/014_sprint3b_evidence_and_puzzle_integrity.sql:L260@s3b_ack_act1_opening[UPDATE SET]{DIRECT_OR_COMPUTED} | database/014_sprint3b_evidence_and_puzzle_integrity.sql:L272@s3b_submit_act1_choice[UPDATE SET]{DIRECT_OR_COMPUTED},8,4,3,0,database/007_sprint3b_act1_5_placeholder_flow.sql:L286@s3b_get_player_state[to_jsonb(row) exposes field] | database/017_sprint3c_override_act2_entry_correction.sql:L27@s3b_submit_first_meeting[SELECT * INTO row],database/014_sprint3b_evidence_and_puzzle_integrity.sql:L9,"  add column if not exists act1_action_started_at timestamptz,",NO_INLINE_MARKER,NOT_VERIFIED_ORIGINAL_DECLARATION_ONLY,database/014_sprint3b_evidence_and_puzzle_integrity.sql,database/054_level3_integrated_closure.sql,NO_LIVE_RUN_VALUE_TIMELINE,2,NOT_OBSERVED,LITERAL_LINKS_AND_CANDIDATES_CAPTURED,RAW_HISTORICAL_WRITE_LOCATIONS_CAPTURED,RAW_HISTORICAL_READ_LOCATIONS_CAPTURED,ORIGINAL_DDL_CAPTURED_NOT_FINAL_SCHEMA,MIGRATION_CHRONOLOGY_CAPTURED_NO_LIVE_TIMELINE,TEST_REFERENCES_INDEXED_NO_LIVE_SAMPLES,NOT_STARTED,,,,docs/plans/authority-field-audit-v2/
F0262,s3b_player_progress#17,s3b_player_progress,first_meeting_started_at,17,1,YES,cfea5155712c0ff416e40ff59e0c49c615fcb4a8,database/014_sprint3b_evidence_and_puzzle_integrity.sql:L10,,0,NOT_ADJUDICATED,1,1,DIRECT_OR_COMPUTED,database/014_sprint3b_evidence_and_puzzle_integrity.sql:L200@s3b_set_scene[UPDATE SET]{DIRECT_OR_COMPUTED},8,3,0,0,database/007_sprint3b_act1_5_placeholder_flow.sql:L286@s3b_get_player_state[to_jsonb(row) exposes field] | database/017_sprint3c_override_act2_entry_correction.sql:L27@s3b_submit_first_meeting[SELECT * INTO row],database/014_sprint3b_evidence_and_puzzle_integrity.sql:L10,"  add column if not exists act1_timing_validity text not null default 'pending',",NOT_NULL|DEFAULT,NOT_VERIFIED_ORIGINAL_DECLARATION_ONLY,database/014_sprint3b_evidence_and_puzzle_integrity.sql,database/014_sprint3b_evidence_and_puzzle_integrity.sql,NO_LIVE_RUN_VALUE_TIMELINE,0,NOT_OBSERVED,LITERAL_LINKS_AND_CANDIDATES_CAPTURED,RAW_HISTORICAL_WRITE_LOCATIONS_CAPTURED,RAW_HISTORICAL_READ_LOCATIONS_CAPTURED,ORIGINAL_DDL_CAPTURED_NOT_FINAL_SCHEMA,MIGRATION_CHRONOLOGY_CAPTURED_NO_LIVE_TIMELINE,TEST_REFERENCES_INDEXED_NO_LIVE_SAMPLES,NOT_STARTED,,,,docs/plans/authority-field-audit-v2/
F0263,s3b_player_progress#18,s3b_player_progress,first_meeting_timing_validity,18,1,YES,cfea5155712c0ff416e40ff59e0c49c615fcb4a8,database/014_sprint3b_evidence_and_puzzle_integrity.sql:L11,,0,NOT_ADJUDICATED,6,4,DIRECT_OR_COMPUTED,database/014_sprint3b_evidence_and_puzzle_integrity.sql:L200@s3b_set_scene[UPDATE SET]{DIRECT_OR_COMPUTED} | database/014_sprint3b_evidence_and_puzzle_integrity.sql:L296@s3b_submit_first_meeting[UPDATE SET]{DIRECT_OR_COMPUTED},8,4,0,0,database/007_sprint3b_act1_5_placeholder_flow.sql:L286@s3b_get_player_state[to_jsonb(row) exposes field] | database/017_sprint3c_override_act2_entry_correction.sql:L27@s3b_submit_first_meeting[SELECT * INTO row],database/014_sprint3b_evidence_and_puzzle_integrity.sql:L11,"  add column if not exists first_meeting_started_at timestamptz,",NO_INLINE_MARKER,NOT_VERIFIED_ORIGINAL_DECLARATION_ONLY,database/014_sprint3b_evidence_and_puzzle_integrity.sql,database/054_level3_integrated_closure.sql,NO_LIVE_RUN_VALUE_TIMELINE,0,NOT_OBSERVED,LITERAL_LINKS_AND_CANDIDATES_CAPTURED,RAW_HISTORICAL_WRITE_LOCATIONS_CAPTURED,RAW_HISTORICAL_READ_LOCATIONS_CAPTURED,ORIGINAL_DDL_CAPTURED_NOT_FINAL_SCHEMA,MIGRATION_CHRONOLOGY_CAPTURED_NO_LIVE_TIMELINE,TEST_REFERENCES_INDEXED_NO_LIVE_SAMPLES,NOT_STARTED,,,,docs/plans/authority-field-audit-v2/
F0264,s3b_player_progress#19,s3b_player_progress,act4_choice_started_at,19,1,YES,cfea5155712c0ff416e40ff59e0c49c615fcb4a8,database/014_sprint3b_evidence_and_puzzle_integrity.sql:L12,,0,NOT_ADJUDICATED,1,1,DIRECT_OR_COMPUTED,database/014_sprint3b_evidence_and_puzzle_integrity.sql:L205@s3b_set_scene[UPDATE SET]{DIRECT_OR_COMPUTED},5,3,0,0,database/007_sprint3b_act1_5_placeholder_flow.sql:L286@s3b_get_player_state[to_jsonb(row) exposes field] | database/017_sprint3c_override_act2_entry_correction.sql:L27@s3b_submit_first_meeting[SELECT * INTO row],database/014_sprint3b_evidence_and_puzzle_integrity.sql:L12,"  add column if not exists first_meeting_timing_validity text not null default 'pending',",NOT_NULL|DEFAULT,NOT_VERIFIED_ORIGINAL_DECLARATION_ONLY,database/014_sprint3b_evidence_and_puzzle_integrity.sql,database/014_sprint3b_evidence_and_puzzle_integrity.sql,NO_LIVE_RUN_VALUE_TIMELINE,0,NOT_OBSERVED,LITERAL_LINKS_AND_CANDIDATES_CAPTURED,RAW_HISTORICAL_WRITE_LOCATIONS_CAPTURED,RAW_HISTORICAL_READ_LOCATIONS_CAPTURED,ORIGINAL_DDL_CAPTURED_NOT_FINAL_SCHEMA,MIGRATION_CHRONOLOGY_CAPTURED_NO_LIVE_TIMELINE,TEST_REFERENCES_INDEXED_NO_LIVE_SAMPLES,NOT_STARTED,,,,docs/plans/authority-field-audit-v2/
F0265,s3b_player_progress#20,s3b_player_progress,act4_timing_validity,20,1,YES,cfea5155712c0ff416e40ff59e0c49c615fcb4a8,database/014_sprint3b_evidence_and_puzzle_integrity.sql:L13,,0,NOT_ADJUDICATED,5,4,DIRECT_OR_COMPUTED,database/014_sprint3b_evidence_and_puzzle_integrity.sql:L205@s3b_set_scene[UPDATE SET]{DIRECT_OR_COMPUTED} | database/014_sprint3b_evidence_and_puzzle_integrity.sql:L360@s3b_submit_act4_choice[UPDATE SET]{DIRECT_OR_COMPUTED},8,4,0,0,database/007_sprint3b_act1_5_placeholder_flow.sql:L286@s3b_get_player_state[to_jsonb(row) exposes field] | database/017_sprint3c_override_act2_entry_correction.sql:L27@s3b_submit_first_meeting[SELECT * INTO row],database/014_sprint3b_evidence_and_puzzle_integrity.sql:L13,"  add column if not exists act4_choice_started_at timestamptz,",NO_INLINE_MARKER,NOT_VERIFIED_ORIGINAL_DECLARATION_ONLY,database/014_sprint3b_evidence_and_puzzle_integrity.sql,database/054_level3_integrated_closure.sql,NO_LIVE_RUN_VALUE_TIMELINE,2,NOT_OBSERVED,LITERAL_LINKS_AND_CANDIDATES_CAPTURED,RAW_HISTORICAL_WRITE_LOCATIONS_CAPTURED,RAW_HISTORICAL_READ_LOCATIONS_CAPTURED,ORIGINAL_DDL_CAPTURED_NOT_FINAL_SCHEMA,MIGRATION_CHRONOLOGY_CAPTURED_NO_LIVE_TIMELINE,TEST_REFERENCES_INDEXED_NO_LIVE_SAMPLES,NOT_STARTED,,,,docs/plans/authority-field-audit-v2/
F0266,s3b_player_progress#21,s3b_player_progress,act6_handoff_observed_at,21,1,YES,cfea5155712c0ff416e40ff59e0c49c615fcb4a8,database/060_package_a_ca_a_bounded_corrections.sql:L8,,1,NOT_ADJUDICATED,3,2,DERIVED_OR_COPY|DIRECT_OR_COMPUTED,database/060_package_a_ca_a_bounded_corrections.sql:L15@TOP_LEVEL[UPDATE SET]{DERIVED_OR_COPY} | database/060_package_a_ca_a_bounded_corrections.sql:L46@s9_observe_act5_handoff[UPDATE SET]{DIRECT_OR_COMPUTED},8,3,1,0,database/007_sprint3b_act1_5_placeholder_flow.sql:L286@s3b_get_player_state[to_jsonb(row) exposes field] | database/017_sprint3c_override_act2_entry_correction.sql:L27@s3b_submit_first_meeting[SELECT * INTO row],database/060_package_a_ca_a_bounded_corrections.sql:L8,alter table public.s3b_player_progress,NO_INLINE_MARKER,NOT_VERIFIED_ORIGINAL_DECLARATION_ONLY,database/060_package_a_ca_a_bounded_corrections.sql,database/064_package_a_handoff_observation_column_fix.sql,NO_LIVE_RUN_VALUE_TIMELINE,0,NOT_OBSERVED,LITERAL_LINKS_AND_CANDIDATES_CAPTURED,RAW_HISTORICAL_WRITE_LOCATIONS_CAPTURED,RAW_HISTORICAL_READ_LOCATIONS_CAPTURED,ORIGINAL_DDL_CAPTURED_NOT_FINAL_SCHEMA,MIGRATION_CHRONOLOGY_CAPTURED_NO_LIVE_TIMELINE,TEST_REFERENCES_INDEXED_NO_LIVE_SAMPLES,NOT_STARTED,,,,docs/plans/authority-field-audit-v2/
F0267,s3b_player_progress#22,s3b_player_progress,act6_entered_at,22,2,NO,cfea5155712c0ff416e40ff59e0c49c615fcb4a8,database/060_package_a_ca_a_bounded_corrections.sql:L9,,1,NOT_ADJUDICATED,4,2,DERIVED_OR_COPY|DIRECT_OR_COMPUTED,database/060_package_a_ca_a_bounded_corrections.sql:L15@TOP_LEVEL[UPDATE SET]{DERIVED_OR_COPY} | database/060_package_a_ca_a_bounded_corrections.sql:L91@s9_enter_act6[UPDATE SET]{DIRECT_OR_COMPUTED},8,3,0,0,database/007_sprint3b_act1_5_placeholder_flow.sql:L286@s3b_get_player_state[to_jsonb(row) exposes field] | database/017_sprint3c_override_act2_entry_correction.sql:L27@s3b_submit_first_meeting[SELECT * INTO row],database/060_package_a_ca_a_bounded_corrections.sql:L9,"  add column if not exists act6_handoff_observed_at timestamptz,",NO_INLINE_MARKER,NOT_VERIFIED_ORIGINAL_DECLARATION_ONLY,database/060_package_a_ca_a_bounded_corrections.sql,database/063_package_a_player_entry_column_fix.sql,NO_LIVE_RUN_VALUE_TIMELINE,0,NOT_OBSERVED,LITERAL_LINKS_AND_CANDIDATES_CAPTURED,RAW_HISTORICAL_WRITE_LOCATIONS_CAPTURED,RAW_HISTORICAL_READ_LOCATIONS_CAPTURED,ORIGINAL_DDL_CAPTURED_NOT_FINAL_SCHEMA,MIGRATION_CHRONOLOGY_CAPTURED_NO_LIVE_TIMELINE,TEST_REFERENCES_INDEXED_NO_LIVE_SAMPLES,NOT_STARTED,,,,docs/plans/authority-field-audit-v2/
F0268,s3b_post_inspection_route_votes#01,s3b_post_inspection_route_votes,vote_id,1,1,YES,cfea5155712c0ff416e40ff59e0c49c615fcb4a8,database/014_sprint3b_evidence_and_puzzle_integrity.sql:L73,,0,NOT_ADJUDICATED,0,0,NONE,,1,1,0,0,database/014_sprint3b_evidence_and_puzzle_integrity.sql:L470@s3b_submit_post_inspection_route_vote[SELECT * INTO row],database/014_sprint3b_evidence_and_puzzle_integrity.sql:L73,create table if not exists public.s3b_post_inspection_route_votes (,NO_INLINE_MARKER,NOT_VERIFIED_ORIGINAL_DECLARATION_ONLY,database/014_sprint3b_evidence_and_puzzle_integrity.sql,NO_RAW_WRITE,NO_LIVE_RUN_VALUE_TIMELINE,0,NOT_OBSERVED,LITERAL_LINKS_AND_CANDIDATES_CAPTURED,RAW_HISTORICAL_WRITE_LOCATIONS_CAPTURED,RAW_HISTORICAL_READ_LOCATIONS_CAPTURED,ORIGINAL_DDL_CAPTURED_NOT_FINAL_SCHEMA,MIGRATION_CHRONOLOGY_CAPTURED_NO_LIVE_TIMELINE,TEST_REFERENCES_INDEXED_NO_LIVE_SAMPLES,NOT_STARTED,,,,docs/plans/authority-field-audit-v2/
F0269,s3b_post_inspection_route_votes#02,s3b_post_inspection_route_votes,run_id,2,36,NO,cfea5155712c0ff416e40ff59e0c49c615fcb4a8,database/014_sprint3b_evidence_and_puzzle_integrity.sql:L74,,0,NOT_ADJUDICATED,1,1,DIRECT_OR_COMPUTED,database/014_sprint3b_evidence_and_puzzle_integrity.sql:L488@s3b_submit_post_inspection_route_vote[INSERT explicit column]{DIRECT_OR_COMPUTED},2,2,0,0,database/014_sprint3b_evidence_and_puzzle_integrity.sql:L470@s3b_submit_post_inspection_route_vote[SELECT * INTO row] | database/014_sprint3b_evidence_and_puzzle_integrity.sql:L608@s3b_get_player_state[qualified/rowtype field reference],database/014_sprint3b_evidence_and_puzzle_integrity.sql:L74,"  vote_id bigint generated by default as identity primary key,",PRIMARY_KEY|DEFAULT,NOT_VERIFIED_ORIGINAL_DECLARATION_ONLY,database/014_sprint3b_evidence_and_puzzle_integrity.sql,database/014_sprint3b_evidence_and_puzzle_integrity.sql,NO_LIVE_RUN_VALUE_TIMELINE,0,NOT_OBSERVED,LITERAL_LINKS_AND_CANDIDATES_CAPTURED,RAW_HISTORICAL_WRITE_LOCATIONS_CAPTURED,RAW_HISTORICAL_READ_LOCATIONS_CAPTURED,ORIGINAL_DDL_CAPTURED_NOT_FINAL_SCHEMA,MIGRATION_CHRONOLOGY_CAPTURED_NO_LIVE_TIMELINE,TEST_REFERENCES_INDEXED_NO_LIVE_SAMPLES,NOT_STARTED,,,,docs/plans/authority-field-audit-v2/
F0270,s3b_post_inspection_route_votes#03,s3b_post_inspection_route_votes,player_id,3,24,NO,cfea5155712c0ff416e40ff59e0c49c615fcb4a8,database/014_sprint3b_evidence_and_puzzle_integrity.sql:L75,game_runs#run_id,0,NOT_ADJUDICATED,1,1,DIRECT_OR_COMPUTED,database/014_sprint3b_evidence_and_puzzle_integrity.sql:L488@s3b_submit_post_inspection_route_vote[INSERT explicit column]{DIRECT_OR_COMPUTED},2,2,0,0,database/014_sprint3b_evidence_and_puzzle_integrity.sql:L470@s3b_submit_post_inspection_route_vote[SELECT * INTO row] | database/014_sprint3b_evidence_and_puzzle_integrity.sql:L607@s3b_get_player_state[qualified/rowtype field reference],database/014_sprint3b_evidence_and_puzzle_integrity.sql:L75,"  run_id uuid not null references public.game_runs(run_id),",NOT_NULL|REFERENCES,NOT_VERIFIED_ORIGINAL_DECLARATION_ONLY,database/014_sprint3b_evidence_and_puzzle_integrity.sql,database/014_sprint3b_evidence_and_puzzle_integrity.sql,NO_LIVE_RUN_VALUE_TIMELINE,0,NOT_OBSERVED,LITERAL_LINKS_AND_CANDIDATES_CAPTURED,RAW_HISTORICAL_WRITE_LOCATIONS_CAPTURED,RAW_HISTORICAL_READ_LOCATIONS_CAPTURED,ORIGINAL_DDL_CAPTURED_NOT_FINAL_SCHEMA,MIGRATION_CHRONOLOGY_CAPTURED_NO_LIVE_TIMELINE,TEST_REFERENCES_INDEXED_NO_LIVE_SAMPLES,NOT_STARTED,,,,docs/plans/authority-field-audit-v2/
F0271,s3b_post_inspection_route_votes#04,s3b_post_inspection_route_votes,decision_key,4,1,YES,cfea5155712c0ff416e40ff59e0c49c615fcb4a8,database/014_sprint3b_evidence_and_puzzle_integrity.sql:L76,s1_room_players#player_id,0,NOT_ADJUDICATED,0,0,NONE,,1,1,0,0,database/014_sprint3b_evidence_and_puzzle_integrity.sql:L470@s3b_submit_post_inspection_route_vote[SELECT * INTO row],database/014_sprint3b_evidence_and_puzzle_integrity.sql:L76,"  player_id uuid not null references public.s1_room_players(player_id),",NOT_NULL|REFERENCES,NOT_VERIFIED_ORIGINAL_DECLARATION_ONLY,database/014_sprint3b_evidence_and_puzzle_integrity.sql,NO_RAW_WRITE,NO_LIVE_RUN_VALUE_TIMELINE,0,NOT_OBSERVED,LITERAL_LINKS_AND_CANDIDATES_CAPTURED,RAW_HISTORICAL_WRITE_LOCATIONS_CAPTURED,RAW_HISTORICAL_READ_LOCATIONS_CAPTURED,ORIGINAL_DDL_CAPTURED_NOT_FINAL_SCHEMA,MIGRATION_CHRONOLOGY_CAPTURED_NO_LIVE_TIMELINE,TEST_REFERENCES_INDEXED_NO_LIVE_SAMPLES,NOT_STARTED,,,,docs/plans/authority-field-audit-v2/
F0272,s3b_post_inspection_route_votes#05,s3b_post_inspection_route_votes,choice_id,5,7,NO,cfea5155712c0ff416e40ff59e0c49c615fcb4a8,database/014_sprint3b_evidence_and_puzzle_integrity.sql:L78,,0,NOT_ADJUDICATED,1,1,DIRECT_OR_COMPUTED,database/014_sprint3b_evidence_and_puzzle_integrity.sql:L488@s3b_submit_post_inspection_route_vote[INSERT explicit column]{DIRECT_OR_COMPUTED},3,2,0,0,database/014_sprint3b_evidence_and_puzzle_integrity.sql:L470@s3b_submit_post_inspection_route_vote[SELECT * INTO row] | database/014_sprint3b_evidence_and_puzzle_integrity.sql:L473@s3b_submit_post_inspection_route_vote[qualified/rowtype field reference],database/014_sprint3b_evidence_and_puzzle_integrity.sql:L78,"    check(decision_key='act5_post_inspection_route'),",CHECK,NOT_VERIFIED_ORIGINAL_DECLARATION_ONLY,database/014_sprint3b_evidence_and_puzzle_integrity.sql,database/014_sprint3b_evidence_and_puzzle_integrity.sql,NO_LIVE_RUN_VALUE_TIMELINE,0,NOT_OBSERVED,LITERAL_LINKS_AND_CANDIDATES_CAPTURED,RAW_HISTORICAL_WRITE_LOCATIONS_CAPTURED,RAW_HISTORICAL_READ_LOCATIONS_CAPTURED,ORIGINAL_DDL_CAPTURED_NOT_FINAL_SCHEMA,MIGRATION_CHRONOLOGY_CAPTURED_NO_LIVE_TIMELINE,TEST_REFERENCES_INDEXED_NO_LIVE_SAMPLES,NOT_STARTED,,,,docs/plans/authority-field-audit-v2/
F0273,s3b_post_inspection_route_votes#06,s3b_post_inspection_route_votes,decision_type,6,3,NO,cfea5155712c0ff416e40ff59e0c49c615fcb4a8,database/014_sprint3b_evidence_and_puzzle_integrity.sql:L79,,0,NOT_ADJUDICATED,0,0,NONE,,1,1,0,0,database/014_sprint3b_evidence_and_puzzle_integrity.sql:L470@s3b_submit_post_inspection_route_vote[SELECT * INTO row],database/014_sprint3b_evidence_and_puzzle_integrity.sql:L79,"  choice_id text not null check(choice_id in ('known','unknown')),",NOT_NULL|CHECK,NOT_VERIFIED_ORIGINAL_DECLARATION_ONLY,database/014_sprint3b_evidence_and_puzzle_integrity.sql,NO_RAW_WRITE,NO_LIVE_RUN_VALUE_TIMELINE,0,NOT_OBSERVED,LITERAL_LINKS_AND_CANDIDATES_CAPTURED,RAW_HISTORICAL_WRITE_LOCATIONS_CAPTURED,RAW_HISTORICAL_READ_LOCATIONS_CAPTURED,ORIGINAL_DDL_CAPTURED_NOT_FINAL_SCHEMA,MIGRATION_CHRONOLOGY_CAPTURED_NO_LIVE_TIMELINE,TEST_REFERENCES_INDEXED_NO_LIVE_SAMPLES,NOT_STARTED,,,,docs/plans/authority-field-audit-v2/
F0274,s3b_post_inspection_route_votes#07,s3b_post_inspection_route_votes,behavior_scoring,7,3,NO,cfea5155712c0ff416e40ff59e0c49c615fcb4a8,database/014_sprint3b_evidence_and_puzzle_integrity.sql:L81,,0,NOT_ADJUDICATED,0,0,NONE,,1,1,0,0,database/014_sprint3b_evidence_and_puzzle_integrity.sql:L470@s3b_submit_post_inspection_route_vote[SELECT * INTO row],database/014_sprint3b_evidence_and_puzzle_integrity.sql:L81,"    check(decision_type='game_only_step_vote'),",CHECK,NOT_VERIFIED_ORIGINAL_DECLARATION_ONLY,database/014_sprint3b_evidence_and_puzzle_integrity.sql,NO_RAW_WRITE,NO_LIVE_RUN_VALUE_TIMELINE,0,NOT_OBSERVED,LITERAL_LINKS_AND_CANDIDATES_CAPTURED,RAW_HISTORICAL_WRITE_LOCATIONS_CAPTURED,RAW_HISTORICAL_READ_LOCATIONS_CAPTURED,ORIGINAL_DDL_CAPTURED_NOT_FINAL_SCHEMA,MIGRATION_CHRONOLOGY_CAPTURED_NO_LIVE_TIMELINE,TEST_REFERENCES_INDEXED_NO_LIVE_SAMPLES,NOT_STARTED,,,,docs/plans/authority-field-audit-v2/
F0275,s3b_post_inspection_route_votes#08,s3b_post_inspection_route_votes,validity,8,4,NO,cfea5155712c0ff416e40ff59e0c49c615fcb4a8,database/014_sprint3b_evidence_and_puzzle_integrity.sql:L82,,0,NOT_ADJUDICATED,0,0,NONE,,1,1,0,0,database/014_sprint3b_evidence_and_puzzle_integrity.sql:L470@s3b_submit_post_inspection_route_vote[SELECT * INTO row],database/014_sprint3b_evidence_and_puzzle_integrity.sql:L82,"  behavior_scoring boolean not null default false check(not behavior_scoring),",NOT_NULL|DEFAULT|CHECK,NOT_VERIFIED_ORIGINAL_DECLARATION_ONLY,database/014_sprint3b_evidence_and_puzzle_integrity.sql,NO_RAW_WRITE,NO_LIVE_RUN_VALUE_TIMELINE,0,NOT_OBSERVED,LITERAL_LINKS_AND_CANDIDATES_CAPTURED,RAW_HISTORICAL_WRITE_LOCATIONS_CAPTURED,RAW_HISTORICAL_READ_LOCATIONS_CAPTURED,ORIGINAL_DDL_CAPTURED_NOT_FINAL_SCHEMA,MIGRATION_CHRONOLOGY_CAPTURED_NO_LIVE_TIMELINE,TEST_REFERENCES_INDEXED_NO_LIVE_SAMPLES,NOT_STARTED,,,,docs/plans/authority-field-audit-v2/
F0276,s3b_post_inspection_route_votes#09,s3b_post_inspection_route_votes,locked_at,9,7,NO,cfea5155712c0ff416e40ff59e0c49c615fcb4a8,database/014_sprint3b_evidence_and_puzzle_integrity.sql:L83,,0,NOT_ADJUDICATED,0,0,NONE,,2,2,0,0,database/014_sprint3b_evidence_and_puzzle_integrity.sql:L470@s3b_submit_post_inspection_route_vote[SELECT * INTO row] | database/014_sprint3b_evidence_and_puzzle_integrity.sql:L604@s3b_get_player_state[qualified/rowtype field reference],database/014_sprint3b_evidence_and_puzzle_integrity.sql:L83,"  validity text not null default 'valid' check(validity in ('valid','invalid_teacher_override')),",NOT_NULL|DEFAULT|CHECK,NOT_VERIFIED_ORIGINAL_DECLARATION_ONLY,database/014_sprint3b_evidence_and_puzzle_integrity.sql,NO_RAW_WRITE,NO_LIVE_RUN_VALUE_TIMELINE,0,NOT_OBSERVED,LITERAL_LINKS_AND_CANDIDATES_CAPTURED,RAW_HISTORICAL_WRITE_LOCATIONS_CAPTURED,RAW_HISTORICAL_READ_LOCATIONS_CAPTURED,ORIGINAL_DDL_CAPTURED_NOT_FINAL_SCHEMA,MIGRATION_CHRONOLOGY_CAPTURED_NO_LIVE_TIMELINE,TEST_REFERENCES_INDEXED_NO_LIVE_SAMPLES,NOT_STARTED,,,,docs/plans/authority-field-audit-v2/
F0277,s3b_run_state#01,s3b_run_state,run_id,1,36,NO,cfea5155712c0ff416e40ff59e0c49c615fcb4a8,database/007_sprint3b_act1_5_placeholder_flow.sql:L4,,0,NOT_ADJUDICATED,1,1,DIRECT_OR_COMPUTED,database/007_sprint3b_act1_5_placeholder_flow.sql:L77@s3b_initialize_flow[INSERT explicit column]{DIRECT_OR_COMPUTED},10,6,0,1,database/007_sprint3b_act1_5_placeholder_flow.sql:L285@s3b_get_player_state[to_jsonb(row) exposes field] | database/010_sprint3b_flow_integrity_and_inspect_fix.sql:L85@s3b_refresh_puzzle[SELECT * INTO row],database/007_sprint3b_act1_5_placeholder_flow.sql:L4,create table if not exists public.s3b_run_state (,NO_INLINE_MARKER,NOT_VERIFIED_ORIGINAL_DECLARATION_ONLY,database/007_sprint3b_act1_5_placeholder_flow.sql,database/007_sprint3b_act1_5_placeholder_flow.sql,NO_LIVE_RUN_VALUE_TIMELINE,0,NOT_OBSERVED,LITERAL_LINKS_AND_CANDIDATES_CAPTURED,RAW_HISTORICAL_WRITE_LOCATIONS_CAPTURED,RAW_HISTORICAL_READ_LOCATIONS_CAPTURED,ORIGINAL_DDL_CAPTURED_NOT_FINAL_SCHEMA,MIGRATION_CHRONOLOGY_CAPTURED_NO_LIVE_TIMELINE,TEST_REFERENCES_INDEXED_NO_LIVE_SAMPLES,NOT_STARTED,,,,docs/plans/authority-field-audit-v2/
F0278,s3b_run_state#02,s3b_run_state,final_meeting_result,2,1,YES,cfea5155712c0ff416e40ff59e0c49c615fcb4a8,database/007_sprint3b_act1_5_placeholder_flow.sql:L5,game_runs#run_id,0,NOT_ADJUDICATED,4,3,DIRECT_OR_COMPUTED,database/007_sprint3b_act1_5_placeholder_flow.sql:L158@s3b_apply_meeting_resolution[UPDATE SET]{DIRECT_OR_COMPUTED} | database/013_sprint3b_discussion_authority_and_request_identity.sql:L122@s3b_apply_resolved_discussion_internal[UPDATE SET]{DIRECT_OR_COMPUTED},20,7,3,1,database/007_sprint3b_act1_5_placeholder_flow.sql:L285@s3b_get_player_state[to_jsonb(row) exposes field] | database/010_sprint3b_flow_integrity_and_inspect_fix.sql:L59@s3b_guard_run_state_phase[OLD.field trigger reference],database/007_sprint3b_act1_5_placeholder_flow.sql:L5,"  run_id uuid primary key references public.game_runs(run_id),",PRIMARY_KEY|REFERENCES,NOT_VERIFIED_ORIGINAL_DECLARATION_ONLY,database/007_sprint3b_act1_5_placeholder_flow.sql,database/054_level3_integrated_closure.sql,NO_LIVE_RUN_VALUE_TIMELINE,1,NOT_OBSERVED,LITERAL_LINKS_AND_CANDIDATES_CAPTURED,RAW_HISTORICAL_WRITE_LOCATIONS_CAPTURED,RAW_HISTORICAL_READ_LOCATIONS_CAPTURED,ORIGINAL_DDL_CAPTURED_NOT_FINAL_SCHEMA,MIGRATION_CHRONOLOGY_CAPTURED_NO_LIVE_TIMELINE,TEST_REFERENCES_INDEXED_NO_LIVE_SAMPLES,NOT_STARTED,,,,docs/plans/authority-field-audit-v2/
F0279,s3b_run_state#03,s3b_run_state,failed_rendezvous_completed,3,1,YES,cfea5155712c0ff416e40ff59e0c49c615fcb4a8,database/007_sprint3b_act1_5_placeholder_flow.sql:L6,,0,NOT_ADJUDICATED,3,2,DIRECT_OR_COMPUTED,database/007_sprint3b_act1_5_placeholder_flow.sql:L172@s3b_complete_foldback[UPDATE SET]{DIRECT_OR_COMPUTED} | database/010_sprint3b_flow_integrity_and_inspect_fix.sql:L162@s3b_complete_foldback[UPDATE SET]{DIRECT_OR_COMPUTED},10,6,0,0,database/007_sprint3b_act1_5_placeholder_flow.sql:L285@s3b_get_player_state[to_jsonb(row) exposes field] | database/010_sprint3b_flow_integrity_and_inspect_fix.sql:L85@s3b_refresh_puzzle[SELECT * INTO row],database/007_sprint3b_act1_5_placeholder_flow.sql:L6,"  final_meeting_result text check (final_meeting_result in ('library','great_hall','main_gate','west_tower','chapel')),",CHECK,NOT_VERIFIED_ORIGINAL_DECLARATION_ONLY,database/007_sprint3b_act1_5_placeholder_flow.sql,database/054_level3_integrated_closure.sql,NO_LIVE_RUN_VALUE_TIMELINE,0,NOT_OBSERVED,LITERAL_LINKS_AND_CANDIDATES_CAPTURED,RAW_HISTORICAL_WRITE_LOCATIONS_CAPTURED,RAW_HISTORICAL_READ_LOCATIONS_CAPTURED,ORIGINAL_DDL_CAPTURED_NOT_FINAL_SCHEMA,MIGRATION_CHRONOLOGY_CAPTURED_NO_LIVE_TIMELINE,TEST_REFERENCES_INDEXED_NO_LIVE_SAMPLES,NOT_STARTED,,,,docs/plans/authority-field-audit-v2/
F0280,s3b_run_state#04,s3b_run_state,party_physically_reunited,4,1,YES,cfea5155712c0ff416e40ff59e0c49c615fcb4a8,database/007_sprint3b_act1_5_placeholder_flow.sql:L7,,0,NOT_ADJUDICATED,2,2,DIRECT_OR_COMPUTED,database/007_sprint3b_act1_5_placeholder_flow.sql:L188@s3b_follow_sign[UPDATE SET]{DIRECT_OR_COMPUTED} | database/054_level3_integrated_closure.sql:L76@teacher_apply_override[UPDATE SET]{DIRECT_OR_COMPUTED},12,7,1,1,database/007_sprint3b_act1_5_placeholder_flow.sql:L285@s3b_get_player_state[to_jsonb(row) exposes field] | database/010_sprint3b_flow_integrity_and_inspect_fix.sql:L60@s3b_guard_run_state_phase[OLD.field trigger reference],database/007_sprint3b_act1_5_placeholder_flow.sql:L7,"  failed_rendezvous_completed boolean not null default false,",NOT_NULL|DEFAULT,NOT_VERIFIED_ORIGINAL_DECLARATION_ONLY,database/007_sprint3b_act1_5_placeholder_flow.sql,database/054_level3_integrated_closure.sql,NO_LIVE_RUN_VALUE_TIMELINE,0,NOT_OBSERVED,LITERAL_LINKS_AND_CANDIDATES_CAPTURED,RAW_HISTORICAL_WRITE_LOCATIONS_CAPTURED,RAW_HISTORICAL_READ_LOCATIONS_CAPTURED,ORIGINAL_DDL_CAPTURED_NOT_FINAL_SCHEMA,MIGRATION_CHRONOLOGY_CAPTURED_NO_LIVE_TIMELINE,TEST_REFERENCES_INDEXED_NO_LIVE_SAMPLES,NOT_STARTED,,,,docs/plans/authority-field-audit-v2/
F0281,s3b_run_state#05,s3b_run_state,puzzle_started_at,5,1,YES,cfea5155712c0ff416e40ff59e0c49c615fcb4a8,database/007_sprint3b_act1_5_placeholder_flow.sql:L8,,0,NOT_ADJUDICATED,4,3,DIRECT_OR_COMPUTED,database/007_sprint3b_act1_5_placeholder_flow.sql:L188@s3b_follow_sign[UPDATE SET]{DIRECT_OR_COMPUTED} | database/010_sprint3b_flow_integrity_and_inspect_fix.sql:L110@s3b_audit_set_puzzle_elapsed[UPDATE SET]{DIRECT_OR_COMPUTED},10,6,0,0,database/007_sprint3b_act1_5_placeholder_flow.sql:L285@s3b_get_player_state[to_jsonb(row) exposes field] | database/010_sprint3b_flow_integrity_and_inspect_fix.sql:L85@s3b_refresh_puzzle[SELECT * INTO row],database/007_sprint3b_act1_5_placeholder_flow.sql:L8,"  party_physically_reunited boolean not null default false,",NOT_NULL|DEFAULT,NOT_VERIFIED_ORIGINAL_DECLARATION_ONLY,database/007_sprint3b_act1_5_placeholder_flow.sql,database/054_level3_integrated_closure.sql,NO_LIVE_RUN_VALUE_TIMELINE,0,NOT_OBSERVED,LITERAL_LINKS_AND_CANDIDATES_CAPTURED,RAW_HISTORICAL_WRITE_LOCATIONS_CAPTURED,RAW_HISTORICAL_READ_LOCATIONS_CAPTURED,ORIGINAL_DDL_CAPTURED_NOT_FINAL_SCHEMA,MIGRATION_CHRONOLOGY_CAPTURED_NO_LIVE_TIMELINE,TEST_REFERENCES_INDEXED_NO_LIVE_SAMPLES,NOT_STARTED,,,,docs/plans/authority-field-audit-v2/
F0282,s3b_run_state#06,s3b_run_state,puzzle_deadline,6,1,YES,cfea5155712c0ff416e40ff59e0c49c615fcb4a8,database/007_sprint3b_act1_5_placeholder_flow.sql:L9,,0,NOT_ADJUDICATED,5,4,DIRECT_OR_COMPUTED,database/007_sprint3b_act1_5_placeholder_flow.sql:L188@s3b_follow_sign[UPDATE SET]{DIRECT_OR_COMPUTED} | database/007_sprint3b_act1_5_placeholder_flow.sql:L207@s3b_audit_expire_puzzle[UPDATE SET]{DIRECT_OR_COMPUTED},13,6,2,0,database/007_sprint3b_act1_5_placeholder_flow.sql:L285@s3b_get_player_state[to_jsonb(row) exposes field] | database/010_sprint3b_flow_integrity_and_inspect_fix.sql:L85@s3b_refresh_puzzle[SELECT * INTO row],database/007_sprint3b_act1_5_placeholder_flow.sql:L9,"  puzzle_started_at timestamptz,",NO_INLINE_MARKER,NOT_VERIFIED_ORIGINAL_DECLARATION_ONLY,database/007_sprint3b_act1_5_placeholder_flow.sql,database/054_level3_integrated_closure.sql,NO_LIVE_RUN_VALUE_TIMELINE,0,NOT_OBSERVED,LITERAL_LINKS_AND_CANDIDATES_CAPTURED,RAW_HISTORICAL_WRITE_LOCATIONS_CAPTURED,RAW_HISTORICAL_READ_LOCATIONS_CAPTURED,ORIGINAL_DDL_CAPTURED_NOT_FINAL_SCHEMA,MIGRATION_CHRONOLOGY_CAPTURED_NO_LIVE_TIMELINE,TEST_REFERENCES_INDEXED_NO_LIVE_SAMPLES,NOT_STARTED,,,,docs/plans/authority-field-audit-v2/
F0283,s3b_run_state#07,s3b_run_state,puzzle_attempt_number,7,1,YES,cfea5155712c0ff416e40ff59e0c49c615fcb4a8,database/007_sprint3b_act1_5_placeholder_flow.sql:L10,,0,NOT_ADJUDICATED,2,1,DIRECT_OR_COMPUTED,database/007_sprint3b_act1_5_placeholder_flow.sql:L219@s3b_submit_library_code[UPDATE SET]{DIRECT_OR_COMPUTED} | database/014_sprint3b_evidence_and_puzzle_integrity.sql:L417@s3b_submit_library_code[UPDATE SET]{DIRECT_OR_COMPUTED},11,7,2,1,database/007_sprint3b_act1_5_placeholder_flow.sql:L285@s3b_get_player_state[to_jsonb(row) exposes field] | database/010_sprint3b_flow_integrity_and_inspect_fix.sql:L61@s3b_guard_run_state_phase[OLD.field trigger reference],database/007_sprint3b_act1_5_placeholder_flow.sql:L10,"  puzzle_deadline timestamptz,",NO_INLINE_MARKER,NOT_VERIFIED_ORIGINAL_DECLARATION_ONLY,database/007_sprint3b_act1_5_placeholder_flow.sql,database/014_sprint3b_evidence_and_puzzle_integrity.sql,NO_LIVE_RUN_VALUE_TIMELINE,0,NOT_OBSERVED,LITERAL_LINKS_AND_CANDIDATES_CAPTURED,RAW_HISTORICAL_WRITE_LOCATIONS_CAPTURED,RAW_HISTORICAL_READ_LOCATIONS_CAPTURED,ORIGINAL_DDL_CAPTURED_NOT_FINAL_SCHEMA,MIGRATION_CHRONOLOGY_CAPTURED_NO_LIVE_TIMELINE,TEST_REFERENCES_INDEXED_NO_LIVE_SAMPLES,NOT_STARTED,,,,docs/plans/authority-field-audit-v2/
F0284,s3b_run_state#08,s3b_run_state,puzzle_hint_stage,8,1,YES,cfea5155712c0ff416e40ff59e0c49c615fcb4a8,database/007_sprint3b_act1_5_placeholder_flow.sql:L11,,0,NOT_ADJUDICATED,5,2,DIRECT_OR_COMPUTED,database/007_sprint3b_act1_5_placeholder_flow.sql:L197@s3b_refresh_puzzle[UPDATE SET]{DIRECT_OR_COMPUTED} | database/007_sprint3b_act1_5_placeholder_flow.sql:L219@s3b_submit_library_code[UPDATE SET]{DIRECT_OR_COMPUTED},13,7,1,1,database/007_sprint3b_act1_5_placeholder_flow.sql:L285@s3b_get_player_state[to_jsonb(row) exposes field] | database/010_sprint3b_flow_integrity_and_inspect_fix.sql:L61@s3b_guard_run_state_phase[OLD.field trigger reference],database/007_sprint3b_act1_5_placeholder_flow.sql:L11,"  puzzle_attempt_number integer not null default 0,",NOT_NULL|DEFAULT,NOT_VERIFIED_ORIGINAL_DECLARATION_ONLY,database/007_sprint3b_act1_5_placeholder_flow.sql,database/014_sprint3b_evidence_and_puzzle_integrity.sql,NO_LIVE_RUN_VALUE_TIMELINE,0,NOT_OBSERVED,LITERAL_LINKS_AND_CANDIDATES_CAPTURED,RAW_HISTORICAL_WRITE_LOCATIONS_CAPTURED,RAW_HISTORICAL_READ_LOCATIONS_CAPTURED,ORIGINAL_DDL_CAPTURED_NOT_FINAL_SCHEMA,MIGRATION_CHRONOLOGY_CAPTURED_NO_LIVE_TIMELINE,TEST_REFERENCES_INDEXED_NO_LIVE_SAMPLES,NOT_STARTED,,,,docs/plans/authority-field-audit-v2/
F0285,s3b_run_state#09,s3b_run_state,puzzle_resolved_at,9,1,YES,cfea5155712c0ff416e40ff59e0c49c615fcb4a8,database/007_sprint3b_act1_5_placeholder_flow.sql:L12,,0,NOT_ADJUDICATED,5,3,DIRECT_OR_COMPUTED,database/007_sprint3b_act1_5_placeholder_flow.sql:L220@s3b_submit_library_code[UPDATE SET]{DIRECT_OR_COMPUTED} | database/010_sprint3b_flow_integrity_and_inspect_fix.sql:L96@s3b_refresh_puzzle[UPDATE SET]{DIRECT_OR_COMPUTED},19,7,3,1,database/007_sprint3b_act1_5_placeholder_flow.sql:L285@s3b_get_player_state[to_jsonb(row) exposes field] | database/010_sprint3b_flow_integrity_and_inspect_fix.sql:L61@s3b_guard_run_state_phase[OLD.field trigger reference],database/007_sprint3b_act1_5_placeholder_flow.sql:L12,"  puzzle_hint_stage integer not null default 0 check (puzzle_hint_stage between 0 and 4),",NOT_NULL|DEFAULT|CHECK,NOT_VERIFIED_ORIGINAL_DECLARATION_ONLY,database/007_sprint3b_act1_5_placeholder_flow.sql,database/015_sprint3c_minimal_safe_teacher_override.sql,NO_LIVE_RUN_VALUE_TIMELINE,0,NOT_OBSERVED,LITERAL_LINKS_AND_CANDIDATES_CAPTURED,RAW_HISTORICAL_WRITE_LOCATIONS_CAPTURED,RAW_HISTORICAL_READ_LOCATIONS_CAPTURED,ORIGINAL_DDL_CAPTURED_NOT_FINAL_SCHEMA,MIGRATION_CHRONOLOGY_CAPTURED_NO_LIVE_TIMELINE,TEST_REFERENCES_INDEXED_NO_LIVE_SAMPLES,NOT_STARTED,,,,docs/plans/authority-field-audit-v2/
F0286,s3b_run_state#10,s3b_run_state,group_route,10,1,YES,cfea5155712c0ff416e40ff59e0c49c615fcb4a8,database/007_sprint3b_act1_5_placeholder_flow.sql:L13,,0,NOT_ADJUDICATED,12,6,DIRECT_OR_COMPUTED,database/007_sprint3b_act1_5_placeholder_flow.sql:L244@s3b_submit_act4_choice[UPDATE SET]{DIRECT_OR_COMPUTED} | database/007_sprint3b_act1_5_placeholder_flow.sql:L270@s3b_apply_act5_resolution[UPDATE SET]{DIRECT_OR_COMPUTED},18,7,9,1,database/007_sprint3b_act1_5_placeholder_flow.sql:L285@s3b_get_player_state[to_jsonb(row) exposes field] | database/010_sprint3b_flow_integrity_and_inspect_fix.sql:L63@s3b_guard_run_state_phase[OLD.field trigger reference],database/007_sprint3b_act1_5_placeholder_flow.sql:L13,"  puzzle_resolved_at timestamptz,",NO_INLINE_MARKER,NOT_VERIFIED_ORIGINAL_DECLARATION_ONLY,database/007_sprint3b_act1_5_placeholder_flow.sql,database/054_level3_integrated_closure.sql,NO_LIVE_RUN_VALUE_TIMELINE,0,NOT_OBSERVED,LITERAL_LINKS_AND_CANDIDATES_CAPTURED,RAW_HISTORICAL_WRITE_LOCATIONS_CAPTURED,RAW_HISTORICAL_READ_LOCATIONS_CAPTURED,ORIGINAL_DDL_CAPTURED_NOT_FINAL_SCHEMA,MIGRATION_CHRONOLOGY_CAPTURED_NO_LIVE_TIMELINE,TEST_REFERENCES_INDEXED_NO_LIVE_SAMPLES,NOT_STARTED,,,,docs/plans/authority-field-audit-v2/
F0287,s3b_run_state#11,s3b_run_state,unknown_passage_inspected,11,1,YES,cfea5155712c0ff416e40ff59e0c49c615fcb4a8,database/007_sprint3b_act1_5_placeholder_flow.sql:L14,,0,NOT_ADJUDICATED,5,3,DIRECT_OR_COMPUTED,database/007_sprint3b_act1_5_placeholder_flow.sql:L270@s3b_apply_act5_resolution[UPDATE SET]{DIRECT_OR_COMPUTED} | database/010_sprint3b_flow_integrity_and_inspect_fix.sql:L126@s3b_apply_act5_resolution[UPDATE SET]{DIRECT_OR_COMPUTED},14,6,3,0,database/007_sprint3b_act1_5_placeholder_flow.sql:L285@s3b_get_player_state[to_jsonb(row) exposes field] | database/010_sprint3b_flow_integrity_and_inspect_fix.sql:L85@s3b_refresh_puzzle[SELECT * INTO row],database/007_sprint3b_act1_5_placeholder_flow.sql:L14,"  group_route text check (group_route in ('known','unknown','inspect_first')),",CHECK,NOT_VERIFIED_ORIGINAL_DECLARATION_ONLY,database/007_sprint3b_act1_5_placeholder_flow.sql,database/054_level3_integrated_closure.sql,NO_LIVE_RUN_VALUE_TIMELINE,0,NOT_OBSERVED,LITERAL_LINKS_AND_CANDIDATES_CAPTURED,RAW_HISTORICAL_WRITE_LOCATIONS_CAPTURED,RAW_HISTORICAL_READ_LOCATIONS_CAPTURED,ORIGINAL_DDL_CAPTURED_NOT_FINAL_SCHEMA,MIGRATION_CHRONOLOGY_CAPTURED_NO_LIVE_TIMELINE,TEST_REFERENCES_INDEXED_NO_LIVE_SAMPLES,NOT_STARTED,,,,docs/plans/authority-field-audit-v2/
F0288,s3b_run_state#12,s3b_run_state,terminal_state,12,1,YES,cfea5155712c0ff416e40ff59e0c49c615fcb4a8,database/007_sprint3b_act1_5_placeholder_flow.sql:L15,,0,NOT_ADJUDICATED,12,6,DIRECT_OR_COMPUTED,database/007_sprint3b_act1_5_placeholder_flow.sql:L244@s3b_submit_act4_choice[UPDATE SET]{DIRECT_OR_COMPUTED} | database/007_sprint3b_act1_5_placeholder_flow.sql:L271@s3b_apply_act5_resolution[UPDATE SET]{DIRECT_OR_COMPUTED},10,6,7,0,database/007_sprint3b_act1_5_placeholder_flow.sql:L285@s3b_get_player_state[to_jsonb(row) exposes field] | database/010_sprint3b_flow_integrity_and_inspect_fix.sql:L85@s3b_refresh_puzzle[SELECT * INTO row],database/007_sprint3b_act1_5_placeholder_flow.sql:L15,"  unknown_passage_inspected boolean not null default false,",NOT_NULL|DEFAULT,NOT_VERIFIED_ORIGINAL_DECLARATION_ONLY,database/007_sprint3b_act1_5_placeholder_flow.sql,database/054_level3_integrated_closure.sql,NO_LIVE_RUN_VALUE_TIMELINE,0,NOT_OBSERVED,LITERAL_LINKS_AND_CANDIDATES_CAPTURED,RAW_HISTORICAL_WRITE_LOCATIONS_CAPTURED,RAW_HISTORICAL_READ_LOCATIONS_CAPTURED,ORIGINAL_DDL_CAPTURED_NOT_FINAL_SCHEMA,MIGRATION_CHRONOLOGY_CAPTURED_NO_LIVE_TIMELINE,TEST_REFERENCES_INDEXED_NO_LIVE_SAMPLES,NOT_STARTED,,,,docs/plans/authority-field-audit-v2/
F0289,s3b_run_state#13,s3b_run_state,updated_at,13,7,NO,cfea5155712c0ff416e40ff59e0c49c615fcb4a8,database/007_sprint3b_act1_5_placeholder_flow.sql:L16,,0,NOT_ADJUDICATED,28,11,DIRECT_OR_COMPUTED,database/007_sprint3b_act1_5_placeholder_flow.sql:L158@s3b_apply_meeting_resolution[UPDATE SET]{DIRECT_OR_COMPUTED} | database/007_sprint3b_act1_5_placeholder_flow.sql:L172@s3b_complete_foldback[UPDATE SET]{DIRECT_OR_COMPUTED},10,6,0,0,database/007_sprint3b_act1_5_placeholder_flow.sql:L285@s3b_get_player_state[to_jsonb(row) exposes field] | database/010_sprint3b_flow_integrity_and_inspect_fix.sql:L85@s3b_refresh_puzzle[SELECT * INTO row],database/007_sprint3b_act1_5_placeholder_flow.sql:L16,"  terminal_state text,",NO_INLINE_MARKER,NOT_VERIFIED_ORIGINAL_DECLARATION_ONLY,database/007_sprint3b_act1_5_placeholder_flow.sql,database/054_level3_integrated_closure.sql,NO_LIVE_RUN_VALUE_TIMELINE,0,NOT_OBSERVED,LITERAL_LINKS_AND_CANDIDATES_CAPTURED,RAW_HISTORICAL_WRITE_LOCATIONS_CAPTURED,RAW_HISTORICAL_READ_LOCATIONS_CAPTURED,ORIGINAL_DDL_CAPTURED_NOT_FINAL_SCHEMA,MIGRATION_CHRONOLOGY_CAPTURED_NO_LIVE_TIMELINE,TEST_REFERENCES_INDEXED_NO_LIVE_SAMPLES,NOT_STARTED,,,,docs/plans/authority-field-audit-v2/
F0290,s3b_run_state#14,s3b_run_state,pending_post_inspection_route,14,1,YES,cfea5155712c0ff416e40ff59e0c49c615fcb4a8,database/010_sprint3b_flow_integrity_and_inspect_fix.sql:L5,,0,NOT_ADJUDICATED,10,5,DIRECT_OR_COMPUTED,database/010_sprint3b_flow_integrity_and_inspect_fix.sql:L126@s3b_apply_act5_resolution[UPDATE SET]{DIRECT_OR_COMPUTED} | database/010_sprint3b_flow_integrity_and_inspect_fix.sql:L131@s3b_apply_act5_resolution[UPDATE SET]{DIRECT_OR_COMPUTED},13,6,3,0,database/007_sprint3b_act1_5_placeholder_flow.sql:L285@s3b_get_player_state[to_jsonb(row) exposes field] | database/010_sprint3b_flow_integrity_and_inspect_fix.sql:L85@s3b_refresh_puzzle[SELECT * INTO row],database/010_sprint3b_flow_integrity_and_inspect_fix.sql:L5,alter table public.s3b_run_state,NO_INLINE_MARKER,NOT_VERIFIED_ORIGINAL_DECLARATION_ONLY,database/010_sprint3b_flow_integrity_and_inspect_fix.sql,database/054_level3_integrated_closure.sql,NO_LIVE_RUN_VALUE_TIMELINE,0,NOT_OBSERVED,LITERAL_LINKS_AND_CANDIDATES_CAPTURED,RAW_HISTORICAL_WRITE_LOCATIONS_CAPTURED,RAW_HISTORICAL_READ_LOCATIONS_CAPTURED,ORIGINAL_DDL_CAPTURED_NOT_FINAL_SCHEMA,MIGRATION_CHRONOLOGY_CAPTURED_NO_LIVE_TIMELINE,TEST_REFERENCES_INDEXED_NO_LIVE_SAMPLES,NOT_STARTED,,,,docs/plans/authority-field-audit-v2/
F0291,s3b_run_state#15,s3b_run_state,puzzle_locked_prefix,15,1,YES,cfea5155712c0ff416e40ff59e0c49c615fcb4a8,database/011_sprint3b_transition_and_act1_delivery_integrity.sql:L5,,0,NOT_ADJUDICATED,2,2,DIRECT_OR_COMPUTED,database/011_sprint3b_transition_and_act1_delivery_integrity.sql:L100@s3b_refresh_puzzle[UPDATE SET]{DIRECT_OR_COMPUTED} | database/015_sprint3c_minimal_safe_teacher_override.sql:L101@teacher_apply_override[UPDATE SET]{DIRECT_OR_COMPUTED},12,6,3,0,database/007_sprint3b_act1_5_placeholder_flow.sql:L285@s3b_get_player_state[to_jsonb(row) exposes field] | database/010_sprint3b_flow_integrity_and_inspect_fix.sql:L85@s3b_refresh_puzzle[SELECT * INTO row],database/011_sprint3b_transition_and_act1_delivery_integrity.sql:L5,alter table public.s3b_run_state add column if not exists puzzle_locked_prefix text not null default '';,NOT_NULL|DEFAULT,NOT_VERIFIED_ORIGINAL_DECLARATION_ONLY,database/011_sprint3b_transition_and_act1_delivery_integrity.sql,database/015_sprint3c_minimal_safe_teacher_override.sql,NO_LIVE_RUN_VALUE_TIMELINE,0,NOT_OBSERVED,LITERAL_LINKS_AND_CANDIDATES_CAPTURED,RAW_HISTORICAL_WRITE_LOCATIONS_CAPTURED,RAW_HISTORICAL_READ_LOCATIONS_CAPTURED,ORIGINAL_DDL_CAPTURED_NOT_FINAL_SCHEMA,MIGRATION_CHRONOLOGY_CAPTURED_NO_LIVE_TIMELINE,TEST_REFERENCES_INDEXED_NO_LIVE_SAMPLES,NOT_STARTED,,,,docs/plans/authority-field-audit-v2/
F0292,s5_act8_private_choices#01,s5_act8_private_choices,run_id,1,36,NO,cfea5155712c0ff416e40ff59e0c49c615fcb4a8,database/027_sprint5_act6_8_runtime.sql:L22,,0,NOT_ADJUDICATED,1,1,DIRECT_OR_COMPUTED,database/027_sprint5_act6_8_runtime.sql:L81@s5_submit_private_choice[INSERT explicit column]{DIRECT_OR_COMPUTED},3,3,0,0,database/027_sprint5_act6_8_runtime.sql:L79@s5_submit_private_choice[SELECT * INTO row] | database/027_sprint5_act6_8_runtime.sql:L88@s5_get_player_state[qualified/rowtype field reference],database/027_sprint5_act6_8_runtime.sql:L22,create table public.s5_act8_private_choices(,NO_INLINE_MARKER,NOT_VERIFIED_ORIGINAL_DECLARATION_ONLY,database/027_sprint5_act6_8_runtime.sql,database/027_sprint5_act6_8_runtime.sql,NO_LIVE_RUN_VALUE_TIMELINE,2,NOT_OBSERVED,LITERAL_LINKS_AND_CANDIDATES_CAPTURED,RAW_HISTORICAL_WRITE_LOCATIONS_CAPTURED,RAW_HISTORICAL_READ_LOCATIONS_CAPTURED,ORIGINAL_DDL_CAPTURED_NOT_FINAL_SCHEMA,MIGRATION_CHRONOLOGY_CAPTURED_NO_LIVE_TIMELINE,TEST_REFERENCES_INDEXED_NO_LIVE_SAMPLES,NOT_STARTED,,,,docs/plans/authority-field-audit-v2/
F0293,s5_act8_private_choices#02,s5_act8_private_choices,player_id,2,24,NO,cfea5155712c0ff416e40ff59e0c49c615fcb4a8,database/027_sprint5_act6_8_runtime.sql:L23,game_runs#run_id|s1_room_players#player_id,0,NOT_ADJUDICATED,1,1,DIRECT_OR_COMPUTED,database/027_sprint5_act6_8_runtime.sql:L81@s5_submit_private_choice[INSERT explicit column]{DIRECT_OR_COMPUTED},1,1,0,0,database/027_sprint5_act6_8_runtime.sql:L79@s5_submit_private_choice[SELECT * INTO row],database/027_sprint5_act6_8_runtime.sql:L23," run_id uuid not null references public.game_runs(run_id),player_id uuid not null references public.s1_room_players(player_id),",NOT_NULL|REFERENCES,NOT_VERIFIED_ORIGINAL_DECLARATION_ONLY,database/027_sprint5_act6_8_runtime.sql,database/027_sprint5_act6_8_runtime.sql,NO_LIVE_RUN_VALUE_TIMELINE,2,NOT_OBSERVED,LITERAL_LINKS_AND_CANDIDATES_CAPTURED,RAW_HISTORICAL_WRITE_LOCATIONS_CAPTURED,RAW_HISTORICAL_READ_LOCATIONS_CAPTURED,ORIGINAL_DDL_CAPTURED_NOT_FINAL_SCHEMA,MIGRATION_CHRONOLOGY_CAPTURED_NO_LIVE_TIMELINE,TEST_REFERENCES_INDEXED_NO_LIVE_SAMPLES,NOT_STARTED,,,,docs/plans/authority-field-audit-v2/
F0294,s5_act8_private_choices#03,s5_act8_private_choices,choice_id,3,7,NO,cfea5155712c0ff416e40ff59e0c49c615fcb4a8,database/027_sprint5_act6_8_runtime.sql:L23,game_runs#run_id|s1_room_players#player_id,0,NOT_ADJUDICATED,1,1,DIRECT_OR_COMPUTED,database/027_sprint5_act6_8_runtime.sql:L81@s5_submit_private_choice[INSERT explicit column]{DIRECT_OR_COMPUTED},4,3,0,0,database/027_sprint5_act6_8_runtime.sql:L79@s5_submit_private_choice[SELECT * INTO row] | database/027_sprint5_act6_8_runtime.sql:L79@s5_submit_private_choice[qualified/rowtype field reference],database/027_sprint5_act6_8_runtime.sql:L23," run_id uuid not null references public.game_runs(run_id),player_id uuid not null references public.s1_room_players(player_id),",NOT_NULL|REFERENCES,NOT_VERIFIED_ORIGINAL_DECLARATION_ONLY,database/027_sprint5_act6_8_runtime.sql,database/027_sprint5_act6_8_runtime.sql,NO_LIVE_RUN_VALUE_TIMELINE,0,NOT_OBSERVED,LITERAL_LINKS_AND_CANDIDATES_CAPTURED,RAW_HISTORICAL_WRITE_LOCATIONS_CAPTURED,RAW_HISTORICAL_READ_LOCATIONS_CAPTURED,ORIGINAL_DDL_CAPTURED_NOT_FINAL_SCHEMA,MIGRATION_CHRONOLOGY_CAPTURED_NO_LIVE_TIMELINE,TEST_REFERENCES_INDEXED_NO_LIVE_SAMPLES,NOT_STARTED,,,,docs/plans/authority-field-audit-v2/
F0295,s5_act8_private_choices#04,s5_act8_private_choices,client_request_id,4,8,NO,cfea5155712c0ff416e40ff59e0c49c615fcb4a8,database/027_sprint5_act6_8_runtime.sql:L24,,0,NOT_ADJUDICATED,1,1,DIRECT_OR_COMPUTED,database/027_sprint5_act6_8_runtime.sql:L81@s5_submit_private_choice[INSERT explicit column]{DIRECT_OR_COMPUTED},1,1,0,0,database/027_sprint5_act6_8_runtime.sql:L79@s5_submit_private_choice[SELECT * INTO row],database/027_sprint5_act6_8_runtime.sql:L24," choice_id text not null check(choice_id in('main_gate','west_tower','compare','follow_group')),client_request_id uuid not null,locked_at timestamptz not null default now(),",NOT_NULL|DEFAULT|CHECK,NOT_VERIFIED_ORIGINAL_DECLARATION_ONLY,database/027_sprint5_act6_8_runtime.sql,database/027_sprint5_act6_8_runtime.sql,NO_LIVE_RUN_VALUE_TIMELINE,0,NOT_OBSERVED,LITERAL_LINKS_AND_CANDIDATES_CAPTURED,RAW_HISTORICAL_WRITE_LOCATIONS_CAPTURED,RAW_HISTORICAL_READ_LOCATIONS_CAPTURED,ORIGINAL_DDL_CAPTURED_NOT_FINAL_SCHEMA,MIGRATION_CHRONOLOGY_CAPTURED_NO_LIVE_TIMELINE,TEST_REFERENCES_INDEXED_NO_LIVE_SAMPLES,NOT_STARTED,,,,docs/plans/authority-field-audit-v2/
F0296,s5_act8_private_choices#05,s5_act8_private_choices,locked_at,5,7,NO,cfea5155712c0ff416e40ff59e0c49c615fcb4a8,database/027_sprint5_act6_8_runtime.sql:L24,,0,NOT_ADJUDICATED,0,0,NONE,,2,2,0,0,database/027_sprint5_act6_8_runtime.sql:L79@s5_submit_private_choice[SELECT * INTO row] | database/029_sprint5_canonical_discussion_localization.sql:L92@s5_get_discussion_state[qualified/rowtype field reference],database/027_sprint5_act6_8_runtime.sql:L24," choice_id text not null check(choice_id in('main_gate','west_tower','compare','follow_group')),client_request_id uuid not null,locked_at timestamptz not null default now(),",NOT_NULL|DEFAULT|CHECK,NOT_VERIFIED_ORIGINAL_DECLARATION_ONLY,database/027_sprint5_act6_8_runtime.sql,NO_RAW_WRITE,NO_LIVE_RUN_VALUE_TIMELINE,0,NOT_OBSERVED,LITERAL_LINKS_AND_CANDIDATES_CAPTURED,RAW_HISTORICAL_WRITE_LOCATIONS_CAPTURED,RAW_HISTORICAL_READ_LOCATIONS_CAPTURED,ORIGINAL_DDL_CAPTURED_NOT_FINAL_SCHEMA,MIGRATION_CHRONOLOGY_CAPTURED_NO_LIVE_TIMELINE,TEST_REFERENCES_INDEXED_NO_LIVE_SAMPLES,NOT_STARTED,,,,docs/plans/authority-field-audit-v2/
F0297,s5_rounds#01,s5_rounds,discussion_session_id,1,5,NO,cfea5155712c0ff416e40ff59e0c49c615fcb4a8,database/027_sprint5_act6_8_runtime.sql:L16,,0,NOT_ADJUDICATED,0,0,NONE,,7,2,0,1,database/027_sprint5_act6_8_runtime.sql:L49@s5_submit_vote[SELECT * INTO row] | database/027_sprint5_act6_8_runtime.sql:L59@s5_submit_vote[qualified/rowtype field reference],database/027_sprint5_act6_8_runtime.sql:L16,create table public.s5_rounds(,NO_INLINE_MARKER,NOT_VERIFIED_ORIGINAL_DECLARATION_ONLY,database/027_sprint5_act6_8_runtime.sql,NO_RAW_WRITE,NO_LIVE_RUN_VALUE_TIMELINE,0,NOT_OBSERVED,LITERAL_LINKS_AND_CANDIDATES_CAPTURED,RAW_HISTORICAL_WRITE_LOCATIONS_CAPTURED,RAW_HISTORICAL_READ_LOCATIONS_CAPTURED,ORIGINAL_DDL_CAPTURED_NOT_FINAL_SCHEMA,MIGRATION_CHRONOLOGY_CAPTURED_NO_LIVE_TIMELINE,TEST_REFERENCES_INDEXED_NO_LIVE_SAMPLES,NOT_STARTED,,,,docs/plans/authority-field-audit-v2/
F0298,s5_rounds#02,s5_rounds,run_id,2,36,NO,cfea5155712c0ff416e40ff59e0c49c615fcb4a8,database/027_sprint5_act6_8_runtime.sql:L17,game_runs#run_id,0,NOT_ADJUDICATED,9,5,DIRECT_OR_COMPUTED,database/027_sprint5_act6_8_runtime.sql:L42@s5_initialize[INSERT explicit column]{DIRECT_OR_COMPUTED} | database/027_sprint5_act6_8_runtime.sql:L59@s5_submit_vote[INSERT explicit column]{DIRECT_OR_COMPUTED},8,7,0,1,database/027_sprint5_act6_8_runtime.sql:L49@s5_submit_vote[SELECT * INTO row] | database/029_sprint5_canonical_discussion_localization.sql:L24@s5_configure_discussion[qualified/rowtype field reference],database/027_sprint5_act6_8_runtime.sql:L17," discussion_session_id uuid primary key default gen_random_uuid(),run_id uuid not null references public.game_runs(run_id),",PRIMARY_KEY|NOT_NULL|DEFAULT|REFERENCES,NOT_VERIFIED_ORIGINAL_DECLARATION_ONLY,database/027_sprint5_act6_8_runtime.sql,database/062_package_a_prepared_event_fk_fix.sql,NO_LIVE_RUN_VALUE_TIMELINE,0,NOT_OBSERVED,LITERAL_LINKS_AND_CANDIDATES_CAPTURED,RAW_HISTORICAL_WRITE_LOCATIONS_CAPTURED,RAW_HISTORICAL_READ_LOCATIONS_CAPTURED,ORIGINAL_DDL_CAPTURED_NOT_FINAL_SCHEMA,MIGRATION_CHRONOLOGY_CAPTURED_NO_LIVE_TIMELINE,TEST_REFERENCES_INDEXED_NO_LIVE_SAMPLES,NOT_STARTED,,,,docs/plans/authority-field-audit-v2/
F0299,s5_rounds#03,s5_rounds,phase_key,3,13,NO,cfea5155712c0ff416e40ff59e0c49c615fcb4a8,database/027_sprint5_act6_8_runtime.sql:L17,game_runs#run_id,0,NOT_ADJUDICATED,9,5,DIRECT_OR_COMPUTED,database/027_sprint5_act6_8_runtime.sql:L42@s5_initialize[INSERT explicit column]{DIRECT_OR_COMPUTED} | database/027_sprint5_act6_8_runtime.sql:L59@s5_submit_vote[INSERT explicit column]{DIRECT_OR_COMPUTED},6,6,0,2,database/027_sprint5_act6_8_runtime.sql:L49@s5_submit_vote[SELECT * INTO row] | database/029_sprint5_canonical_discussion_localization.sql:L85@s5_get_player_state[qualified/rowtype field reference],database/027_sprint5_act6_8_runtime.sql:L17," discussion_session_id uuid primary key default gen_random_uuid(),run_id uuid not null references public.game_runs(run_id),",PRIMARY_KEY|NOT_NULL|DEFAULT|REFERENCES,NOT_VERIFIED_ORIGINAL_DECLARATION_ONLY,database/027_sprint5_act6_8_runtime.sql,database/062_package_a_prepared_event_fk_fix.sql,NO_LIVE_RUN_VALUE_TIMELINE,0,NOT_OBSERVED,LITERAL_LINKS_AND_CANDIDATES_CAPTURED,RAW_HISTORICAL_WRITE_LOCATIONS_CAPTURED,RAW_HISTORICAL_READ_LOCATIONS_CAPTURED,ORIGINAL_DDL_CAPTURED_NOT_FINAL_SCHEMA,MIGRATION_CHRONOLOGY_CAPTURED_NO_LIVE_TIMELINE,TEST_REFERENCES_INDEXED_NO_LIVE_SAMPLES,NOT_STARTED,,,,docs/plans/authority-field-audit-v2/
F0300,s5_rounds#04,s5_rounds,vote_round,4,5,NO,cfea5155712c0ff416e40ff59e0c49c615fcb4a8,database/027_sprint5_act6_8_runtime.sql:L18,,0,NOT_ADJUDICATED,9,5,DIRECT_OR_COMPUTED,database/027_sprint5_act6_8_runtime.sql:L42@s5_initialize[INSERT explicit column]{DIRECT_OR_COMPUTED} | database/027_sprint5_act6_8_runtime.sql:L59@s5_submit_vote[INSERT explicit column]{DIRECT_OR_COMPUTED},9,7,0,1,database/027_sprint5_act6_8_runtime.sql:L49@s5_submit_vote[SELECT * INTO row] | database/029_sprint5_canonical_discussion_localization.sql:L26@s5_configure_discussion[qualified/rowtype field reference],database/027_sprint5_act6_8_runtime.sql:L18," phase_key text not null,vote_round int not null,topic_text_key text not null,status text not null default 'discussion' check(status in('discussion','resolved')),",NOT_NULL|DEFAULT|CHECK,NOT_VERIFIED_ORIGINAL_DECLARATION_ONLY,database/027_sprint5_act6_8_runtime.sql,database/062_package_a_prepared_event_fk_fix.sql,NO_LIVE_RUN_VALUE_TIMELINE,0,NOT_OBSERVED,LITERAL_LINKS_AND_CANDIDATES_CAPTURED,RAW_HISTORICAL_WRITE_LOCATIONS_CAPTURED,RAW_HISTORICAL_READ_LOCATIONS_CAPTURED,ORIGINAL_DDL_CAPTURED_NOT_FINAL_SCHEMA,MIGRATION_CHRONOLOGY_CAPTURED_NO_LIVE_TIMELINE,TEST_REFERENCES_INDEXED_NO_LIVE_SAMPLES,NOT_STARTED,,,,docs/plans/authority-field-audit-v2/
F0301,s5_rounds#05,s5_rounds,topic_text_key,5,1,YES,cfea5155712c0ff416e40ff59e0c49c615fcb4a8,database/027_sprint5_act6_8_runtime.sql:L18,,0,NOT_ADJUDICATED,9,5,DIRECT_OR_COMPUTED,database/027_sprint5_act6_8_runtime.sql:L42@s5_initialize[INSERT explicit column]{DIRECT_OR_COMPUTED} | database/027_sprint5_act6_8_runtime.sql:L59@s5_submit_vote[INSERT explicit column]{DIRECT_OR_COMPUTED},3,2,0,1,database/027_sprint5_act6_8_runtime.sql:L49@s5_submit_vote[SELECT * INTO row] | database/029_sprint5_canonical_discussion_localization.sql:L26@s5_configure_discussion[qualified/rowtype field reference],database/027_sprint5_act6_8_runtime.sql:L18," phase_key text not null,vote_round int not null,topic_text_key text not null,status text not null default 'discussion' check(status in('discussion','resolved')),",NOT_NULL|DEFAULT|CHECK,NOT_VERIFIED_ORIGINAL_DECLARATION_ONLY,database/027_sprint5_act6_8_runtime.sql,database/062_package_a_prepared_event_fk_fix.sql,NO_LIVE_RUN_VALUE_TIMELINE,0,NOT_OBSERVED,LITERAL_LINKS_AND_CANDIDATES_CAPTURED,RAW_HISTORICAL_WRITE_LOCATIONS_CAPTURED,RAW_HISTORICAL_READ_LOCATIONS_CAPTURED,ORIGINAL_DDL_CAPTURED_NOT_FINAL_SCHEMA,MIGRATION_CHRONOLOGY_CAPTURED_NO_LIVE_TIMELINE,TEST_REFERENCES_INDEXED_NO_LIVE_SAMPLES,NOT_STARTED,,,,docs/plans/authority-field-audit-v2/
F0302,s5_rounds#06,s5_rounds,status,6,4,NO,cfea5155712c0ff416e40ff59e0c49c615fcb4a8,database/027_sprint5_act6_8_runtime.sql:L18,,0,NOT_ADJUDICATED,4,1,DIRECT_OR_COMPUTED,database/027_sprint5_act6_8_runtime.sql:L59@s5_submit_vote[UPDATE SET]{DIRECT_OR_COMPUTED} | database/027_sprint5_act6_8_runtime.sql:L62@s5_submit_vote[UPDATE SET]{DIRECT_OR_COMPUTED},3,2,0,0,database/027_sprint5_act6_8_runtime.sql:L49@s5_submit_vote[SELECT * INTO row] | database/027_sprint5_act6_8_runtime.sql:L49@s5_submit_vote[qualified/rowtype field reference],database/027_sprint5_act6_8_runtime.sql:L18," phase_key text not null,vote_round int not null,topic_text_key text not null,status text not null default 'discussion' check(status in('discussion','resolved')),",NOT_NULL|DEFAULT|CHECK,NOT_VERIFIED_ORIGINAL_DECLARATION_ONLY,database/027_sprint5_act6_8_runtime.sql,database/029_sprint5_canonical_discussion_localization.sql,NO_LIVE_RUN_VALUE_TIMELINE,0,NOT_OBSERVED,LITERAL_LINKS_AND_CANDIDATES_CAPTURED,RAW_HISTORICAL_WRITE_LOCATIONS_CAPTURED,RAW_HISTORICAL_READ_LOCATIONS_CAPTURED,ORIGINAL_DDL_CAPTURED_NOT_FINAL_SCHEMA,MIGRATION_CHRONOLOGY_CAPTURED_NO_LIVE_TIMELINE,TEST_REFERENCES_INDEXED_NO_LIVE_SAMPLES,NOT_STARTED,,,,docs/plans/authority-field-audit-v2/
F0303,s5_rounds#07,s5_rounds,resolution_source,7,2,NO,cfea5155712c0ff416e40ff59e0c49c615fcb4a8,database/027_sprint5_act6_8_runtime.sql:L18,,1,NOT_ADJUDICATED,4,1,DIRECT_OR_COMPUTED|DERIVED_OR_COPY,database/027_sprint5_act6_8_runtime.sql:L59@s5_submit_vote[UPDATE SET]{DIRECT_OR_COMPUTED} | database/027_sprint5_act6_8_runtime.sql:L62@s5_submit_vote[UPDATE SET]{DIRECT_OR_COMPUTED},2,2,0,0,database/027_sprint5_act6_8_runtime.sql:L49@s5_submit_vote[SELECT * INTO row] | database/053_sprint8_act6_effective_round_integrity.sql:L34@s8_verify_integrity[qualified/rowtype field reference],database/027_sprint5_act6_8_runtime.sql:L18," phase_key text not null,vote_round int not null,topic_text_key text not null,status text not null default 'discussion' check(status in('discussion','resolved')),",NOT_NULL|DEFAULT|CHECK,NOT_VERIFIED_ORIGINAL_DECLARATION_ONLY,database/027_sprint5_act6_8_runtime.sql,database/029_sprint5_canonical_discussion_localization.sql,NO_LIVE_RUN_VALUE_TIMELINE,0,NOT_OBSERVED,LITERAL_LINKS_AND_CANDIDATES_CAPTURED,RAW_HISTORICAL_WRITE_LOCATIONS_CAPTURED,RAW_HISTORICAL_READ_LOCATIONS_CAPTURED,ORIGINAL_DDL_CAPTURED_NOT_FINAL_SCHEMA,MIGRATION_CHRONOLOGY_CAPTURED_NO_LIVE_TIMELINE,TEST_REFERENCES_INDEXED_NO_LIVE_SAMPLES,NOT_STARTED,,,,docs/plans/authority-field-audit-v2/
F0304,s5_rounds#08,s5_rounds,created_at,8,11,NO,cfea5155712c0ff416e40ff59e0c49c615fcb4a8,database/027_sprint5_act6_8_runtime.sql:L19,,0,NOT_ADJUDICATED,0,0,NONE,,1,1,0,0,database/027_sprint5_act6_8_runtime.sql:L49@s5_submit_vote[SELECT * INTO row],database/027_sprint5_act6_8_runtime.sql:L19," resolution_source text,created_at timestamptz not null default now(),resolved_at timestamptz,",NOT_NULL|DEFAULT,NOT_VERIFIED_ORIGINAL_DECLARATION_ONLY,database/027_sprint5_act6_8_runtime.sql,NO_RAW_WRITE,NO_LIVE_RUN_VALUE_TIMELINE,0,NOT_OBSERVED,LITERAL_LINKS_AND_CANDIDATES_CAPTURED,RAW_HISTORICAL_WRITE_LOCATIONS_CAPTURED,RAW_HISTORICAL_READ_LOCATIONS_CAPTURED,ORIGINAL_DDL_CAPTURED_NOT_FINAL_SCHEMA,MIGRATION_CHRONOLOGY_CAPTURED_NO_LIVE_TIMELINE,TEST_REFERENCES_INDEXED_NO_LIVE_SAMPLES,NOT_STARTED,,,,docs/plans/authority-field-audit-v2/
F0305,s5_rounds#09,s5_rounds,resolved_at,9,1,YES,cfea5155712c0ff416e40ff59e0c49c615fcb4a8,database/027_sprint5_act6_8_runtime.sql:L19,,0,NOT_ADJUDICATED,4,1,DIRECT_OR_COMPUTED,database/027_sprint5_act6_8_runtime.sql:L59@s5_submit_vote[UPDATE SET]{DIRECT_OR_COMPUTED} | database/027_sprint5_act6_8_runtime.sql:L62@s5_submit_vote[UPDATE SET]{DIRECT_OR_COMPUTED},1,1,0,0,database/027_sprint5_act6_8_runtime.sql:L49@s5_submit_vote[SELECT * INTO row],database/027_sprint5_act6_8_runtime.sql:L19," resolution_source text,created_at timestamptz not null default now(),resolved_at timestamptz,",NOT_NULL|DEFAULT,NOT_VERIFIED_ORIGINAL_DECLARATION_ONLY,database/027_sprint5_act6_8_runtime.sql,database/029_sprint5_canonical_discussion_localization.sql,NO_LIVE_RUN_VALUE_TIMELINE,0,NOT_OBSERVED,LITERAL_LINKS_AND_CANDIDATES_CAPTURED,RAW_HISTORICAL_WRITE_LOCATIONS_CAPTURED,RAW_HISTORICAL_READ_LOCATIONS_CAPTURED,ORIGINAL_DDL_CAPTURED_NOT_FINAL_SCHEMA,MIGRATION_CHRONOLOGY_CAPTURED_NO_LIVE_TIMELINE,TEST_REFERENCES_INDEXED_NO_LIVE_SAMPLES,NOT_STARTED,,,,docs/plans/authority-field-audit-v2/
F0306,s5_run_state#01,s5_run_state,run_id,1,36,NO,cfea5155712c0ff416e40ff59e0c49c615fcb4a8,database/027_sprint5_act6_8_runtime.sql:L2,,0,NOT_ADJUDICATED,5,2,DIRECT_OR_COMPUTED,database/027_sprint5_act6_8_runtime.sql:L42@s5_initialize[INSERT explicit column]{DIRECT_OR_COMPUTED} | database/037_level3_independent_audit_closure.sql:L92@s5_ensure_initialized[INSERT explicit column]{DIRECT_OR_COMPUTED},21,10,0,1,database/027_sprint5_act6_8_runtime.sql:L47@s5_submit_vote[SELECT * INTO row] | database/027_sprint5_act6_8_runtime.sql:L71@s5_advance[SELECT * INTO row],database/027_sprint5_act6_8_runtime.sql:L2,create table public.s5_run_state(,NO_INLINE_MARKER,NOT_VERIFIED_ORIGINAL_DECLARATION_ONLY,database/027_sprint5_act6_8_runtime.sql,database/062_package_a_prepared_event_fk_fix.sql,NO_LIVE_RUN_VALUE_TIMELINE,1,NOT_OBSERVED,LITERAL_LINKS_AND_CANDIDATES_CAPTURED,RAW_HISTORICAL_WRITE_LOCATIONS_CAPTURED,RAW_HISTORICAL_READ_LOCATIONS_CAPTURED,ORIGINAL_DDL_CAPTURED_NOT_FINAL_SCHEMA,MIGRATION_CHRONOLOGY_CAPTURED_NO_LIVE_TIMELINE,TEST_REFERENCES_INDEXED_NO_LIVE_SAMPLES,NOT_STARTED,,,,docs/plans/authority-field-audit-v2/
F0307,s5_run_state#02,s5_run_state,act_no,2,4,NO,cfea5155712c0ff416e40ff59e0c49c615fcb4a8,database/027_sprint5_act6_8_runtime.sql:L3,game_runs#run_id,0,NOT_ADJUDICATED,2,1,DIRECT_OR_COMPUTED,database/027_sprint5_act6_8_runtime.sql:L72@s5_advance[UPDATE SET]{DIRECT_OR_COMPUTED} | database/027_sprint5_act6_8_runtime.sql:L73@s5_advance[UPDATE SET]{DIRECT_OR_COMPUTED},22,11,0,2,database/027_sprint5_act6_8_runtime.sql:L47@s5_submit_vote[SELECT * INTO row] | database/027_sprint5_act6_8_runtime.sql:L71@s5_advance[SELECT * INTO row],database/027_sprint5_act6_8_runtime.sql:L3," run_id uuid primary key references public.game_runs(run_id),",PRIMARY_KEY|REFERENCES,NOT_VERIFIED_ORIGINAL_DECLARATION_ONLY,database/027_sprint5_act6_8_runtime.sql,database/027_sprint5_act6_8_runtime.sql,NO_LIVE_RUN_VALUE_TIMELINE,0,NOT_OBSERVED,LITERAL_LINKS_AND_CANDIDATES_CAPTURED,RAW_HISTORICAL_WRITE_LOCATIONS_CAPTURED,RAW_HISTORICAL_READ_LOCATIONS_CAPTURED,ORIGINAL_DDL_CAPTURED_NOT_FINAL_SCHEMA,MIGRATION_CHRONOLOGY_CAPTURED_NO_LIVE_TIMELINE,TEST_REFERENCES_INDEXED_NO_LIVE_SAMPLES,NOT_STARTED,,,,docs/plans/authority-field-audit-v2/
F0308,s5_run_state#03,s5_run_state,phase_key,3,13,NO,cfea5155712c0ff416e40ff59e0c49c615fcb4a8,database/027_sprint5_act6_8_runtime.sql:L4,,0,NOT_ADJUDICATED,8,3,DIRECT_OR_COMPUTED,database/027_sprint5_act6_8_runtime.sql:L58@s5_submit_vote[UPDATE SET]{DIRECT_OR_COMPUTED} | database/027_sprint5_act6_8_runtime.sql:L63@s5_submit_vote[UPDATE SET]{DIRECT_OR_COMPUTED},60,14,0,2,database/027_sprint5_act6_8_runtime.sql:L47@s5_submit_vote[SELECT * INTO row] | database/027_sprint5_act6_8_runtime.sql:L49@s5_submit_vote[qualified/rowtype field reference],database/027_sprint5_act6_8_runtime.sql:L4," act_no int not null default 6 check(act_no between 6 and 8),",NOT_NULL|DEFAULT|CHECK,NOT_VERIFIED_ORIGINAL_DECLARATION_ONLY,database/027_sprint5_act6_8_runtime.sql,database/027_sprint5_act6_8_runtime.sql,NO_LIVE_RUN_VALUE_TIMELINE,0,NOT_OBSERVED,LITERAL_LINKS_AND_CANDIDATES_CAPTURED,RAW_HISTORICAL_WRITE_LOCATIONS_CAPTURED,RAW_HISTORICAL_READ_LOCATIONS_CAPTURED,ORIGINAL_DDL_CAPTURED_NOT_FINAL_SCHEMA,MIGRATION_CHRONOLOGY_CAPTURED_NO_LIVE_TIMELINE,TEST_REFERENCES_INDEXED_NO_LIVE_SAMPLES,NOT_STARTED,,,,docs/plans/authority-field-audit-v2/
F0309,s5_run_state#04,s5_run_state,vote_round,4,5,NO,cfea5155712c0ff416e40ff59e0c49c615fcb4a8,database/027_sprint5_act6_8_runtime.sql:L5,,0,NOT_ADJUDICATED,5,3,DIRECT_OR_COMPUTED,database/027_sprint5_act6_8_runtime.sql:L59@s5_submit_vote[UPDATE SET]{DIRECT_OR_COMPUTED} | database/027_sprint5_act6_8_runtime.sql:L65@s5_submit_vote[UPDATE SET]{DIRECT_OR_COMPUTED},47,14,0,2,database/027_sprint5_act6_8_runtime.sql:L47@s5_submit_vote[SELECT * INTO row] | database/027_sprint5_act6_8_runtime.sql:L49@s5_submit_vote[qualified/rowtype field reference],database/027_sprint5_act6_8_runtime.sql:L5," phase_key text not null default 'act6_vote',vote_round int not null default 1,",NOT_NULL|DEFAULT,NOT_VERIFIED_ORIGINAL_DECLARATION_ONLY,database/027_sprint5_act6_8_runtime.sql,database/027_sprint5_act6_8_runtime.sql,NO_LIVE_RUN_VALUE_TIMELINE,0,NOT_OBSERVED,LITERAL_LINKS_AND_CANDIDATES_CAPTURED,RAW_HISTORICAL_WRITE_LOCATIONS_CAPTURED,RAW_HISTORICAL_READ_LOCATIONS_CAPTURED,ORIGINAL_DDL_CAPTURED_NOT_FINAL_SCHEMA,MIGRATION_CHRONOLOGY_CAPTURED_NO_LIVE_TIMELINE,TEST_REFERENCES_INDEXED_NO_LIVE_SAMPLES,NOT_STARTED,,,,docs/plans/authority-field-audit-v2/
F0310,s5_run_state#05,s5_run_state,act6_resolution,5,1,YES,cfea5155712c0ff416e40ff59e0c49c615fcb4a8,database/027_sprint5_act6_8_runtime.sql:L5,,0,NOT_ADJUDICATED,2,1,DIRECT_OR_COMPUTED,database/027_sprint5_act6_8_runtime.sql:L58@s5_submit_vote[UPDATE SET]{DIRECT_OR_COMPUTED} | database/027_sprint5_act6_8_runtime.sql:L63@s5_submit_vote[UPDATE SET]{DIRECT_OR_COMPUTED},22,10,1,0,database/027_sprint5_act6_8_runtime.sql:L47@s5_submit_vote[SELECT * INTO row] | database/027_sprint5_act6_8_runtime.sql:L71@s5_advance[SELECT * INTO row],database/027_sprint5_act6_8_runtime.sql:L5," phase_key text not null default 'act6_vote',vote_round int not null default 1,",NOT_NULL|DEFAULT,NOT_VERIFIED_ORIGINAL_DECLARATION_ONLY,database/027_sprint5_act6_8_runtime.sql,database/027_sprint5_act6_8_runtime.sql,NO_LIVE_RUN_VALUE_TIMELINE,1,NOT_OBSERVED,LITERAL_LINKS_AND_CANDIDATES_CAPTURED,RAW_HISTORICAL_WRITE_LOCATIONS_CAPTURED,RAW_HISTORICAL_READ_LOCATIONS_CAPTURED,ORIGINAL_DDL_CAPTURED_NOT_FINAL_SCHEMA,MIGRATION_CHRONOLOGY_CAPTURED_NO_LIVE_TIMELINE,TEST_REFERENCES_INDEXED_NO_LIVE_SAMPLES,NOT_STARTED,,,,docs/plans/authority-field-audit-v2/
F0311,s5_run_state#06,s5_run_state,act7_wrong_attempts,6,1,YES,cfea5155712c0ff416e40ff59e0c49c615fcb4a8,database/027_sprint5_act6_8_runtime.sql:L6,,0,NOT_ADJUDICATED,1,1,DIRECT_OR_COMPUTED,database/027_sprint5_act6_8_runtime.sql:L65@s5_submit_vote[UPDATE SET]{DIRECT_OR_COMPUTED},20,10,2,0,database/027_sprint5_act6_8_runtime.sql:L47@s5_submit_vote[SELECT * INTO row] | database/027_sprint5_act6_8_runtime.sql:L65@s5_submit_vote[qualified/rowtype field reference],database/027_sprint5_act6_8_runtime.sql:L6," act6_resolution text,act7_wrong_attempts int not null default 0,",NOT_NULL|DEFAULT,NOT_VERIFIED_ORIGINAL_DECLARATION_ONLY,database/027_sprint5_act6_8_runtime.sql,database/027_sprint5_act6_8_runtime.sql,NO_LIVE_RUN_VALUE_TIMELINE,0,NOT_OBSERVED,LITERAL_LINKS_AND_CANDIDATES_CAPTURED,RAW_HISTORICAL_WRITE_LOCATIONS_CAPTURED,RAW_HISTORICAL_READ_LOCATIONS_CAPTURED,ORIGINAL_DDL_CAPTURED_NOT_FINAL_SCHEMA,MIGRATION_CHRONOLOGY_CAPTURED_NO_LIVE_TIMELINE,TEST_REFERENCES_INDEXED_NO_LIVE_SAMPLES,NOT_STARTED,,,,docs/plans/authority-field-audit-v2/
F0312,s5_run_state#07,s5_run_state,route_taken_act8,7,1,YES,cfea5155712c0ff416e40ff59e0c49c615fcb4a8,database/027_sprint5_act6_8_runtime.sql:L6,,0,NOT_ADJUDICATED,2,2,DIRECT_OR_COMPUTED,database/027_sprint5_act6_8_runtime.sql:L66@s5_submit_vote[UPDATE SET]{DIRECT_OR_COMPUTED} | database/027_sprint5_act6_8_runtime.sql:L82@s5_submit_private_choice[UPDATE SET]{DIRECT_OR_COMPUTED},23,10,6,0,database/027_sprint5_act6_8_runtime.sql:L47@s5_submit_vote[SELECT * INTO row] | database/027_sprint5_act6_8_runtime.sql:L71@s5_advance[SELECT * INTO row],database/027_sprint5_act6_8_runtime.sql:L6," act6_resolution text,act7_wrong_attempts int not null default 0,",NOT_NULL|DEFAULT,NOT_VERIFIED_ORIGINAL_DECLARATION_ONLY,database/027_sprint5_act6_8_runtime.sql,database/027_sprint5_act6_8_runtime.sql,NO_LIVE_RUN_VALUE_TIMELINE,1,NOT_OBSERVED,LITERAL_LINKS_AND_CANDIDATES_CAPTURED,RAW_HISTORICAL_WRITE_LOCATIONS_CAPTURED,RAW_HISTORICAL_READ_LOCATIONS_CAPTURED,ORIGINAL_DDL_CAPTURED_NOT_FINAL_SCHEMA,MIGRATION_CHRONOLOGY_CAPTURED_NO_LIVE_TIMELINE,TEST_REFERENCES_INDEXED_NO_LIVE_SAMPLES,NOT_STARTED,,,,docs/plans/authority-field-audit-v2/
F0313,s5_run_state#08,s5_run_state,completed_at,8,3,NO,cfea5155712c0ff416e40ff59e0c49c615fcb4a8,database/027_sprint5_act6_8_runtime.sql:L7,,0,NOT_ADJUDICATED,1,1,DIRECT_OR_COMPUTED,database/027_sprint5_act6_8_runtime.sql:L74@s5_advance[UPDATE SET]{DIRECT_OR_COMPUTED},19,10,0,0,database/027_sprint5_act6_8_runtime.sql:L47@s5_submit_vote[SELECT * INTO row] | database/027_sprint5_act6_8_runtime.sql:L71@s5_advance[SELECT * INTO row],database/027_sprint5_act6_8_runtime.sql:L7," route_taken_act8 text check(route_taken_act8 in('main_gate','west_tower')),",CHECK,NOT_VERIFIED_ORIGINAL_DECLARATION_ONLY,database/027_sprint5_act6_8_runtime.sql,database/027_sprint5_act6_8_runtime.sql,NO_LIVE_RUN_VALUE_TIMELINE,0,NOT_OBSERVED,LITERAL_LINKS_AND_CANDIDATES_CAPTURED,RAW_HISTORICAL_WRITE_LOCATIONS_CAPTURED,RAW_HISTORICAL_READ_LOCATIONS_CAPTURED,ORIGINAL_DDL_CAPTURED_NOT_FINAL_SCHEMA,MIGRATION_CHRONOLOGY_CAPTURED_NO_LIVE_TIMELINE,TEST_REFERENCES_INDEXED_NO_LIVE_SAMPLES,NOT_STARTED,,,,docs/plans/authority-field-audit-v2/
F0314,s5_run_state#09,s5_run_state,updated_at,9,7,NO,cfea5155712c0ff416e40ff59e0c49c615fcb4a8,database/027_sprint5_act6_8_runtime.sql:L8,,0,NOT_ADJUDICATED,12,3,DIRECT_OR_COMPUTED,database/027_sprint5_act6_8_runtime.sql:L58@s5_submit_vote[UPDATE SET]{DIRECT_OR_COMPUTED} | database/027_sprint5_act6_8_runtime.sql:L59@s5_submit_vote[UPDATE SET]{DIRECT_OR_COMPUTED},19,10,0,0,database/027_sprint5_act6_8_runtime.sql:L47@s5_submit_vote[SELECT * INTO row] | database/027_sprint5_act6_8_runtime.sql:L71@s5_advance[SELECT * INTO row],database/027_sprint5_act6_8_runtime.sql:L8," completed_at timestamptz,updated_at timestamptz not null default now()",NOT_NULL|DEFAULT,NOT_VERIFIED_ORIGINAL_DECLARATION_ONLY,database/027_sprint5_act6_8_runtime.sql,database/063_package_a_player_entry_column_fix.sql,NO_LIVE_RUN_VALUE_TIMELINE,0,NOT_OBSERVED,LITERAL_LINKS_AND_CANDIDATES_CAPTURED,RAW_HISTORICAL_WRITE_LOCATIONS_CAPTURED,RAW_HISTORICAL_READ_LOCATIONS_CAPTURED,ORIGINAL_DDL_CAPTURED_NOT_FINAL_SCHEMA,MIGRATION_CHRONOLOGY_CAPTURED_NO_LIVE_TIMELINE,TEST_REFERENCES_INDEXED_NO_LIVE_SAMPLES,NOT_STARTED,,,,docs/plans/authority-field-audit-v2/
F0315,s5_run_state#10,s5_run_state,act6_entered_at,10,2,NO,cfea5155712c0ff416e40ff59e0c49c615fcb4a8,database/059_structural_lifecycle_transition_spine.sql:L33,,0,NOT_ADJUDICATED,4,2,DIRECT_OR_COMPUTED,database/059_structural_lifecycle_transition_spine.sql:L37@TOP_LEVEL[UPDATE SET]{DIRECT_OR_COMPUTED} | database/059_structural_lifecycle_transition_spine.sql:L67@s9_enter_act6[UPDATE SET]{DIRECT_OR_COMPUTED},22,10,0,0,database/027_sprint5_act6_8_runtime.sql:L47@s5_submit_vote[SELECT * INTO row] | database/027_sprint5_act6_8_runtime.sql:L71@s5_advance[SELECT * INTO row],database/059_structural_lifecycle_transition_spine.sql:L33,alter table public.s5_run_state,NO_INLINE_MARKER,NOT_VERIFIED_ORIGINAL_DECLARATION_ONLY,database/059_structural_lifecycle_transition_spine.sql,database/063_package_a_player_entry_column_fix.sql,NO_LIVE_RUN_VALUE_TIMELINE,0,NOT_OBSERVED,LITERAL_LINKS_AND_CANDIDATES_CAPTURED,RAW_HISTORICAL_WRITE_LOCATIONS_CAPTURED,RAW_HISTORICAL_READ_LOCATIONS_CAPTURED,ORIGINAL_DDL_CAPTURED_NOT_FINAL_SCHEMA,MIGRATION_CHRONOLOGY_CAPTURED_NO_LIVE_TIMELINE,TEST_REFERENCES_INDEXED_NO_LIVE_SAMPLES,NOT_STARTED,,,,docs/plans/authority-field-audit-v2/
F0316,s5_votes#01,s5_votes,run_id,1,36,NO,cfea5155712c0ff416e40ff59e0c49c615fcb4a8,database/027_sprint5_act6_8_runtime.sql:L10,,0,NOT_ADJUDICATED,1,1,DIRECT_OR_COMPUTED,database/027_sprint5_act6_8_runtime.sql:L52@s5_submit_vote[INSERT explicit column]{DIRECT_OR_COMPUTED},2,2,0,0,database/027_sprint5_act6_8_runtime.sql:L48@s5_submit_vote[SELECT * INTO row] | database/031_sprint5_focused_reaudit_corrections.sql:L30@s5_get_teacher_discussion_state[qualified/rowtype field reference],database/027_sprint5_act6_8_runtime.sql:L10,create table public.s5_votes(,NO_INLINE_MARKER,NOT_VERIFIED_ORIGINAL_DECLARATION_ONLY,database/027_sprint5_act6_8_runtime.sql,database/027_sprint5_act6_8_runtime.sql,NO_LIVE_RUN_VALUE_TIMELINE,4,NOT_OBSERVED,LITERAL_LINKS_AND_CANDIDATES_CAPTURED,RAW_HISTORICAL_WRITE_LOCATIONS_CAPTURED,RAW_HISTORICAL_READ_LOCATIONS_CAPTURED,ORIGINAL_DDL_CAPTURED_NOT_FINAL_SCHEMA,MIGRATION_CHRONOLOGY_CAPTURED_NO_LIVE_TIMELINE,TEST_REFERENCES_INDEXED_NO_LIVE_SAMPLES,NOT_STARTED,,,,docs/plans/authority-field-audit-v2/
F0317,s5_votes#02,s5_votes,phase_key,2,13,NO,cfea5155712c0ff416e40ff59e0c49c615fcb4a8,database/027_sprint5_act6_8_runtime.sql:L11,game_runs#run_id,0,NOT_ADJUDICATED,1,1,DIRECT_OR_COMPUTED,database/027_sprint5_act6_8_runtime.sql:L52@s5_submit_vote[INSERT explicit column]{DIRECT_OR_COMPUTED},2,2,0,0,database/027_sprint5_act6_8_runtime.sql:L48@s5_submit_vote[SELECT * INTO row] | database/031_sprint5_focused_reaudit_corrections.sql:L30@s5_get_teacher_discussion_state[qualified/rowtype field reference],database/027_sprint5_act6_8_runtime.sql:L11," run_id uuid not null references public.game_runs(run_id),phase_key text not null,vote_round int not null,",NOT_NULL|REFERENCES,NOT_VERIFIED_ORIGINAL_DECLARATION_ONLY,database/027_sprint5_act6_8_runtime.sql,database/027_sprint5_act6_8_runtime.sql,NO_LIVE_RUN_VALUE_TIMELINE,4,NOT_OBSERVED,LITERAL_LINKS_AND_CANDIDATES_CAPTURED,RAW_HISTORICAL_WRITE_LOCATIONS_CAPTURED,RAW_HISTORICAL_READ_LOCATIONS_CAPTURED,ORIGINAL_DDL_CAPTURED_NOT_FINAL_SCHEMA,MIGRATION_CHRONOLOGY_CAPTURED_NO_LIVE_TIMELINE,TEST_REFERENCES_INDEXED_NO_LIVE_SAMPLES,NOT_STARTED,,,,docs/plans/authority-field-audit-v2/
F0318,s5_votes#03,s5_votes,vote_round,3,5,NO,cfea5155712c0ff416e40ff59e0c49c615fcb4a8,database/027_sprint5_act6_8_runtime.sql:L11,game_runs#run_id,0,NOT_ADJUDICATED,1,1,DIRECT_OR_COMPUTED,database/027_sprint5_act6_8_runtime.sql:L52@s5_submit_vote[INSERT explicit column]{DIRECT_OR_COMPUTED},2,2,0,0,database/027_sprint5_act6_8_runtime.sql:L48@s5_submit_vote[SELECT * INTO row] | database/031_sprint5_focused_reaudit_corrections.sql:L30@s5_get_teacher_discussion_state[qualified/rowtype field reference],database/027_sprint5_act6_8_runtime.sql:L11," run_id uuid not null references public.game_runs(run_id),phase_key text not null,vote_round int not null,",NOT_NULL|REFERENCES,NOT_VERIFIED_ORIGINAL_DECLARATION_ONLY,database/027_sprint5_act6_8_runtime.sql,database/027_sprint5_act6_8_runtime.sql,NO_LIVE_RUN_VALUE_TIMELINE,3,NOT_OBSERVED,LITERAL_LINKS_AND_CANDIDATES_CAPTURED,RAW_HISTORICAL_WRITE_LOCATIONS_CAPTURED,RAW_HISTORICAL_READ_LOCATIONS_CAPTURED,ORIGINAL_DDL_CAPTURED_NOT_FINAL_SCHEMA,MIGRATION_CHRONOLOGY_CAPTURED_NO_LIVE_TIMELINE,TEST_REFERENCES_INDEXED_NO_LIVE_SAMPLES,NOT_STARTED,,,,docs/plans/authority-field-audit-v2/
F0319,s5_votes#04,s5_votes,player_id,4,24,NO,cfea5155712c0ff416e40ff59e0c49c615fcb4a8,database/027_sprint5_act6_8_runtime.sql:L11,game_runs#run_id,0,NOT_ADJUDICATED,1,1,DIRECT_OR_COMPUTED,database/027_sprint5_act6_8_runtime.sql:L52@s5_submit_vote[INSERT explicit column]{DIRECT_OR_COMPUTED},2,2,0,0,database/027_sprint5_act6_8_runtime.sql:L48@s5_submit_vote[SELECT * INTO row] | database/031_sprint5_focused_reaudit_corrections.sql:L30@s5_get_teacher_discussion_state[qualified/rowtype field reference],database/027_sprint5_act6_8_runtime.sql:L11," run_id uuid not null references public.game_runs(run_id),phase_key text not null,vote_round int not null,",NOT_NULL|REFERENCES,NOT_VERIFIED_ORIGINAL_DECLARATION_ONLY,database/027_sprint5_act6_8_runtime.sql,database/027_sprint5_act6_8_runtime.sql,NO_LIVE_RUN_VALUE_TIMELINE,0,NOT_OBSERVED,LITERAL_LINKS_AND_CANDIDATES_CAPTURED,RAW_HISTORICAL_WRITE_LOCATIONS_CAPTURED,RAW_HISTORICAL_READ_LOCATIONS_CAPTURED,ORIGINAL_DDL_CAPTURED_NOT_FINAL_SCHEMA,MIGRATION_CHRONOLOGY_CAPTURED_NO_LIVE_TIMELINE,TEST_REFERENCES_INDEXED_NO_LIVE_SAMPLES,NOT_STARTED,,,,docs/plans/authority-field-audit-v2/
F0320,s5_votes#05,s5_votes,choice_id,5,7,NO,cfea5155712c0ff416e40ff59e0c49c615fcb4a8,database/027_sprint5_act6_8_runtime.sql:L12,s1_room_players#player_id,0,NOT_ADJUDICATED,1,1,DIRECT_OR_COMPUTED,database/027_sprint5_act6_8_runtime.sql:L52@s5_submit_vote[INSERT explicit column]{DIRECT_OR_COMPUTED},4,2,0,0,database/027_sprint5_act6_8_runtime.sql:L48@s5_submit_vote[SELECT * INTO row] | database/027_sprint5_act6_8_runtime.sql:L48@s5_submit_vote[qualified/rowtype field reference],database/027_sprint5_act6_8_runtime.sql:L12," player_id uuid not null references public.s1_room_players(player_id),choice_id text not null,client_request_id uuid not null,locked_at timestamptz not null default now(),",NOT_NULL|DEFAULT|REFERENCES,NOT_VERIFIED_ORIGINAL_DECLARATION_ONLY,database/027_sprint5_act6_8_runtime.sql,database/027_sprint5_act6_8_runtime.sql,NO_LIVE_RUN_VALUE_TIMELINE,3,NOT_OBSERVED,LITERAL_LINKS_AND_CANDIDATES_CAPTURED,RAW_HISTORICAL_WRITE_LOCATIONS_CAPTURED,RAW_HISTORICAL_READ_LOCATIONS_CAPTURED,ORIGINAL_DDL_CAPTURED_NOT_FINAL_SCHEMA,MIGRATION_CHRONOLOGY_CAPTURED_NO_LIVE_TIMELINE,TEST_REFERENCES_INDEXED_NO_LIVE_SAMPLES,NOT_STARTED,,,,docs/plans/authority-field-audit-v2/
F0321,s5_votes#06,s5_votes,client_request_id,6,8,NO,cfea5155712c0ff416e40ff59e0c49c615fcb4a8,database/027_sprint5_act6_8_runtime.sql:L12,s1_room_players#player_id,0,NOT_ADJUDICATED,1,1,DIRECT_OR_COMPUTED,database/027_sprint5_act6_8_runtime.sql:L52@s5_submit_vote[INSERT explicit column]{DIRECT_OR_COMPUTED},1,1,0,0,database/027_sprint5_act6_8_runtime.sql:L48@s5_submit_vote[SELECT * INTO row],database/027_sprint5_act6_8_runtime.sql:L12," player_id uuid not null references public.s1_room_players(player_id),choice_id text not null,client_request_id uuid not null,locked_at timestamptz not null default now(),",NOT_NULL|DEFAULT|REFERENCES,NOT_VERIFIED_ORIGINAL_DECLARATION_ONLY,database/027_sprint5_act6_8_runtime.sql,database/027_sprint5_act6_8_runtime.sql,NO_LIVE_RUN_VALUE_TIMELINE,0,NOT_OBSERVED,LITERAL_LINKS_AND_CANDIDATES_CAPTURED,RAW_HISTORICAL_WRITE_LOCATIONS_CAPTURED,RAW_HISTORICAL_READ_LOCATIONS_CAPTURED,ORIGINAL_DDL_CAPTURED_NOT_FINAL_SCHEMA,MIGRATION_CHRONOLOGY_CAPTURED_NO_LIVE_TIMELINE,TEST_REFERENCES_INDEXED_NO_LIVE_SAMPLES,NOT_STARTED,,,,docs/plans/authority-field-audit-v2/
F0322,s5_votes#07,s5_votes,locked_at,7,7,NO,cfea5155712c0ff416e40ff59e0c49c615fcb4a8,database/027_sprint5_act6_8_runtime.sql:L12,s1_room_players#player_id,0,NOT_ADJUDICATED,0,0,NONE,,2,2,0,0,database/027_sprint5_act6_8_runtime.sql:L48@s5_submit_vote[SELECT * INTO row] | database/031_sprint5_focused_reaudit_corrections.sql:L30@s5_get_teacher_discussion_state[qualified/rowtype field reference],database/027_sprint5_act6_8_runtime.sql:L12," player_id uuid not null references public.s1_room_players(player_id),choice_id text not null,client_request_id uuid not null,locked_at timestamptz not null default now(),",NOT_NULL|DEFAULT|REFERENCES,NOT_VERIFIED_ORIGINAL_DECLARATION_ONLY,database/027_sprint5_act6_8_runtime.sql,NO_RAW_WRITE,NO_LIVE_RUN_VALUE_TIMELINE,0,NOT_OBSERVED,LITERAL_LINKS_AND_CANDIDATES_CAPTURED,RAW_HISTORICAL_WRITE_LOCATIONS_CAPTURED,RAW_HISTORICAL_READ_LOCATIONS_CAPTURED,ORIGINAL_DDL_CAPTURED_NOT_FINAL_SCHEMA,MIGRATION_CHRONOLOGY_CAPTURED_NO_LIVE_TIMELINE,TEST_REFERENCES_INDEXED_NO_LIVE_SAMPLES,NOT_STARTED,,,,docs/plans/authority-field-audit-v2/
F0323,s6_action_receipts#01,s6_action_receipts,run_id,1,36,NO,cfea5155712c0ff416e40ff59e0c49c615fcb4a8,database/035_sprint6_focused_audit_corrections.sql:L9,,0,NOT_ADJUDICATED,9,9,POSITIONAL_WRITE,database/035_sprint6_focused_audit_corrections.sql:L40@s6_send_message_guarded[INSERT positional/all columns]{POSITIONAL_WRITE} | database/035_sprint6_focused_audit_corrections.sql:L55@s6_submit_group_choice_guarded[INSERT positional/all columns]{POSITIONAL_WRITE},0,0,0,0,,database/035_sprint6_focused_audit_corrections.sql:L9,create table public.s6_action_receipts(,NO_INLINE_MARKER,NOT_VERIFIED_ORIGINAL_DECLARATION_ONLY,database/035_sprint6_focused_audit_corrections.sql,database/036_sprint6_four_open_findings.sql,NO_LIVE_RUN_VALUE_TIMELINE,0,NOT_OBSERVED,LITERAL_LINKS_AND_CANDIDATES_CAPTURED,RAW_HISTORICAL_WRITE_LOCATIONS_CAPTURED,RAW_HISTORICAL_READ_LOCATIONS_CAPTURED,ORIGINAL_DDL_CAPTURED_NOT_FINAL_SCHEMA,MIGRATION_CHRONOLOGY_CAPTURED_NO_LIVE_TIMELINE,TEST_REFERENCES_INDEXED_NO_LIVE_SAMPLES,NOT_STARTED,,,,docs/plans/authority-field-audit-v2/
F0324,s6_action_receipts#02,s6_action_receipts,player_id,2,24,NO,cfea5155712c0ff416e40ff59e0c49c615fcb4a8,database/035_sprint6_focused_audit_corrections.sql:L10,game_runs#run_id|s1_room_players#player_id,0,NOT_ADJUDICATED,9,9,POSITIONAL_WRITE,database/035_sprint6_focused_audit_corrections.sql:L40@s6_send_message_guarded[INSERT positional/all columns]{POSITIONAL_WRITE} | database/035_sprint6_focused_audit_corrections.sql:L55@s6_submit_group_choice_guarded[INSERT positional/all columns]{POSITIONAL_WRITE},0,0,0,0,,database/035_sprint6_focused_audit_corrections.sql:L10," run_id uuid references public.game_runs(run_id),player_id uuid references public.s1_room_players(player_id),",REFERENCES,NOT_VERIFIED_ORIGINAL_DECLARATION_ONLY,database/035_sprint6_focused_audit_corrections.sql,database/036_sprint6_four_open_findings.sql,NO_LIVE_RUN_VALUE_TIMELINE,0,NOT_OBSERVED,LITERAL_LINKS_AND_CANDIDATES_CAPTURED,RAW_HISTORICAL_WRITE_LOCATIONS_CAPTURED,RAW_HISTORICAL_READ_LOCATIONS_CAPTURED,ORIGINAL_DDL_CAPTURED_NOT_FINAL_SCHEMA,MIGRATION_CHRONOLOGY_CAPTURED_NO_LIVE_TIMELINE,TEST_REFERENCES_INDEXED_NO_LIVE_SAMPLES,NOT_STARTED,,,,docs/plans/authority-field-audit-v2/
F0325,s6_action_receipts#03,s6_action_receipts,request_id,3,2,NO,cfea5155712c0ff416e40ff59e0c49c615fcb4a8,database/035_sprint6_focused_audit_corrections.sql:L10,game_runs#run_id|s1_room_players#player_id,0,NOT_ADJUDICATED,9,9,POSITIONAL_WRITE,database/035_sprint6_focused_audit_corrections.sql:L40@s6_send_message_guarded[INSERT positional/all columns]{POSITIONAL_WRITE} | database/035_sprint6_focused_audit_corrections.sql:L55@s6_submit_group_choice_guarded[INSERT positional/all columns]{POSITIONAL_WRITE},0,0,0,0,,database/035_sprint6_focused_audit_corrections.sql:L10," run_id uuid references public.game_runs(run_id),player_id uuid references public.s1_room_players(player_id),",REFERENCES,NOT_VERIFIED_ORIGINAL_DECLARATION_ONLY,database/035_sprint6_focused_audit_corrections.sql,database/036_sprint6_four_open_findings.sql,NO_LIVE_RUN_VALUE_TIMELINE,0,NOT_OBSERVED,LITERAL_LINKS_AND_CANDIDATES_CAPTURED,RAW_HISTORICAL_WRITE_LOCATIONS_CAPTURED,RAW_HISTORICAL_READ_LOCATIONS_CAPTURED,ORIGINAL_DDL_CAPTURED_NOT_FINAL_SCHEMA,MIGRATION_CHRONOLOGY_CAPTURED_NO_LIVE_TIMELINE,TEST_REFERENCES_INDEXED_NO_LIVE_SAMPLES,NOT_STARTED,,,,docs/plans/authority-field-audit-v2/
F0326,s6_action_receipts#04,s6_action_receipts,action_key,4,1,YES,cfea5155712c0ff416e40ff59e0c49c615fcb4a8,database/035_sprint6_focused_audit_corrections.sql:L11,,0,NOT_ADJUDICATED,9,9,POSITIONAL_WRITE,database/035_sprint6_focused_audit_corrections.sql:L40@s6_send_message_guarded[INSERT positional/all columns]{POSITIONAL_WRITE} | database/035_sprint6_focused_audit_corrections.sql:L55@s6_submit_group_choice_guarded[INSERT positional/all columns]{POSITIONAL_WRITE},9,9,0,0,database/035_sprint6_focused_audit_corrections.sql:L40@s6_send_message_guarded[qualified/rowtype field reference] | database/035_sprint6_focused_audit_corrections.sql:L46@s6_submit_group_choice_guarded[qualified/rowtype field reference],database/035_sprint6_focused_audit_corrections.sql:L11," request_id uuid,action_key text,payload jsonb not null,result jsonb,created_at timestamptz not null default now(),",NOT_NULL|DEFAULT,NOT_VERIFIED_ORIGINAL_DECLARATION_ONLY,database/035_sprint6_focused_audit_corrections.sql,database/036_sprint6_four_open_findings.sql,NO_LIVE_RUN_VALUE_TIMELINE,0,NOT_OBSERVED,LITERAL_LINKS_AND_CANDIDATES_CAPTURED,RAW_HISTORICAL_WRITE_LOCATIONS_CAPTURED,RAW_HISTORICAL_READ_LOCATIONS_CAPTURED,ORIGINAL_DDL_CAPTURED_NOT_FINAL_SCHEMA,MIGRATION_CHRONOLOGY_CAPTURED_NO_LIVE_TIMELINE,TEST_REFERENCES_INDEXED_NO_LIVE_SAMPLES,NOT_STARTED,,,,docs/plans/authority-field-audit-v2/
F0327,s6_action_receipts#05,s6_action_receipts,payload,5,1,YES,cfea5155712c0ff416e40ff59e0c49c615fcb4a8,database/035_sprint6_focused_audit_corrections.sql:L11,,0,NOT_ADJUDICATED,9,9,POSITIONAL_WRITE,database/035_sprint6_focused_audit_corrections.sql:L40@s6_send_message_guarded[INSERT positional/all columns]{POSITIONAL_WRITE} | database/035_sprint6_focused_audit_corrections.sql:L55@s6_submit_group_choice_guarded[INSERT positional/all columns]{POSITIONAL_WRITE},9,9,9,0,database/035_sprint6_focused_audit_corrections.sql:L40@s6_send_message_guarded[qualified/rowtype field reference] | database/035_sprint6_focused_audit_corrections.sql:L46@s6_submit_group_choice_guarded[qualified/rowtype field reference],database/035_sprint6_focused_audit_corrections.sql:L11," request_id uuid,action_key text,payload jsonb not null,result jsonb,created_at timestamptz not null default now(),",NOT_NULL|DEFAULT,NOT_VERIFIED_ORIGINAL_DECLARATION_ONLY,database/035_sprint6_focused_audit_corrections.sql,database/036_sprint6_four_open_findings.sql,NO_LIVE_RUN_VALUE_TIMELINE,0,NOT_OBSERVED,LITERAL_LINKS_AND_CANDIDATES_CAPTURED,RAW_HISTORICAL_WRITE_LOCATIONS_CAPTURED,RAW_HISTORICAL_READ_LOCATIONS_CAPTURED,ORIGINAL_DDL_CAPTURED_NOT_FINAL_SCHEMA,MIGRATION_CHRONOLOGY_CAPTURED_NO_LIVE_TIMELINE,TEST_REFERENCES_INDEXED_NO_LIVE_SAMPLES,NOT_STARTED,,,,docs/plans/authority-field-audit-v2/
F0328,s6_action_receipts#06,s6_action_receipts,result,6,1,YES,cfea5155712c0ff416e40ff59e0c49c615fcb4a8,database/035_sprint6_focused_audit_corrections.sql:L11,,0,NOT_ADJUDICATED,9,9,POSITIONAL_WRITE,database/035_sprint6_focused_audit_corrections.sql:L40@s6_send_message_guarded[INSERT positional/all columns]{POSITIONAL_WRITE} | database/035_sprint6_focused_audit_corrections.sql:L55@s6_submit_group_choice_guarded[INSERT positional/all columns]{POSITIONAL_WRITE},9,9,14,0,database/035_sprint6_focused_audit_corrections.sql:L40@s6_send_message_guarded[qualified/rowtype field reference] | database/035_sprint6_focused_audit_corrections.sql:L46@s6_submit_group_choice_guarded[qualified/rowtype field reference],database/035_sprint6_focused_audit_corrections.sql:L11," request_id uuid,action_key text,payload jsonb not null,result jsonb,created_at timestamptz not null default now(),",NOT_NULL|DEFAULT,NOT_VERIFIED_ORIGINAL_DECLARATION_ONLY,database/035_sprint6_focused_audit_corrections.sql,database/036_sprint6_four_open_findings.sql,NO_LIVE_RUN_VALUE_TIMELINE,0,NOT_OBSERVED,LITERAL_LINKS_AND_CANDIDATES_CAPTURED,RAW_HISTORICAL_WRITE_LOCATIONS_CAPTURED,RAW_HISTORICAL_READ_LOCATIONS_CAPTURED,ORIGINAL_DDL_CAPTURED_NOT_FINAL_SCHEMA,MIGRATION_CHRONOLOGY_CAPTURED_NO_LIVE_TIMELINE,TEST_REFERENCES_INDEXED_NO_LIVE_SAMPLES,NOT_STARTED,,,,docs/plans/authority-field-audit-v2/
F0329,s6_action_receipts#07,s6_action_receipts,created_at,7,11,NO,cfea5155712c0ff416e40ff59e0c49c615fcb4a8,database/035_sprint6_focused_audit_corrections.sql:L11,,0,NOT_ADJUDICATED,9,9,POSITIONAL_WRITE,database/035_sprint6_focused_audit_corrections.sql:L40@s6_send_message_guarded[INSERT positional/all columns]{POSITIONAL_WRITE} | database/035_sprint6_focused_audit_corrections.sql:L55@s6_submit_group_choice_guarded[INSERT positional/all columns]{POSITIONAL_WRITE},0,0,0,0,,database/035_sprint6_focused_audit_corrections.sql:L11," request_id uuid,action_key text,payload jsonb not null,result jsonb,created_at timestamptz not null default now(),",NOT_NULL|DEFAULT,NOT_VERIFIED_ORIGINAL_DECLARATION_ONLY,database/035_sprint6_focused_audit_corrections.sql,database/036_sprint6_four_open_findings.sql,NO_LIVE_RUN_VALUE_TIMELINE,0,NOT_OBSERVED,LITERAL_LINKS_AND_CANDIDATES_CAPTURED,RAW_HISTORICAL_WRITE_LOCATIONS_CAPTURED,RAW_HISTORICAL_READ_LOCATIONS_CAPTURED,ORIGINAL_DDL_CAPTURED_NOT_FINAL_SCHEMA,MIGRATION_CHRONOLOGY_CAPTURED_NO_LIVE_TIMELINE,TEST_REFERENCES_INDEXED_NO_LIVE_SAMPLES,NOT_STARTED,,,,docs/plans/authority-field-audit-v2/
F0330,s6_allocation_attempts#01,s6_allocation_attempts,attempt_id,1,1,YES,cfea5155712c0ff416e40ff59e0c49c615fcb4a8,database/035_sprint6_focused_audit_corrections.sql:L14,,0,NOT_ADJUDICATED,0,0,NONE,,0,0,0,0,,database/035_sprint6_focused_audit_corrections.sql:L14,create table public.s6_allocation_attempts(,NO_INLINE_MARKER,NOT_VERIFIED_ORIGINAL_DECLARATION_ONLY,database/035_sprint6_focused_audit_corrections.sql,NO_RAW_WRITE,NO_LIVE_RUN_VALUE_TIMELINE,0,NOT_OBSERVED,LITERAL_LINKS_AND_CANDIDATES_CAPTURED,RAW_HISTORICAL_WRITE_LOCATIONS_CAPTURED,RAW_HISTORICAL_READ_LOCATIONS_CAPTURED,ORIGINAL_DDL_CAPTURED_NOT_FINAL_SCHEMA,MIGRATION_CHRONOLOGY_CAPTURED_NO_LIVE_TIMELINE,TEST_REFERENCES_INDEXED_NO_LIVE_SAMPLES,NOT_STARTED,,,,docs/plans/authority-field-audit-v2/
F0331,s6_allocation_attempts#02,s6_allocation_attempts,run_id,2,36,NO,cfea5155712c0ff416e40ff59e0c49c615fcb4a8,database/035_sprint6_focused_audit_corrections.sql:L15,game_runs#run_id,0,NOT_ADJUDICATED,1,1,DIRECT_OR_COMPUTED,database/035_sprint6_focused_audit_corrections.sql:L61@s6_submit_allocation_guarded[INSERT explicit column]{DIRECT_OR_COMPUTED},0,0,0,0,,database/035_sprint6_focused_audit_corrections.sql:L15," attempt_id bigint generated always as identity primary key,run_id uuid references public.game_runs(run_id),round_no int,",PRIMARY_KEY|REFERENCES,NOT_VERIFIED_ORIGINAL_DECLARATION_ONLY,database/035_sprint6_focused_audit_corrections.sql,database/035_sprint6_focused_audit_corrections.sql,NO_LIVE_RUN_VALUE_TIMELINE,0,NOT_OBSERVED,LITERAL_LINKS_AND_CANDIDATES_CAPTURED,RAW_HISTORICAL_WRITE_LOCATIONS_CAPTURED,RAW_HISTORICAL_READ_LOCATIONS_CAPTURED,ORIGINAL_DDL_CAPTURED_NOT_FINAL_SCHEMA,MIGRATION_CHRONOLOGY_CAPTURED_NO_LIVE_TIMELINE,TEST_REFERENCES_INDEXED_NO_LIVE_SAMPLES,NOT_STARTED,,,,docs/plans/authority-field-audit-v2/
F0332,s6_allocation_attempts#03,s6_allocation_attempts,round_no,3,4,NO,cfea5155712c0ff416e40ff59e0c49c615fcb4a8,database/035_sprint6_focused_audit_corrections.sql:L15,game_runs#run_id,0,NOT_ADJUDICATED,1,1,DIRECT_OR_COMPUTED,database/035_sprint6_focused_audit_corrections.sql:L61@s6_submit_allocation_guarded[INSERT explicit column]{DIRECT_OR_COMPUTED},0,0,0,0,,database/035_sprint6_focused_audit_corrections.sql:L15," attempt_id bigint generated always as identity primary key,run_id uuid references public.game_runs(run_id),round_no int,",PRIMARY_KEY|REFERENCES,NOT_VERIFIED_ORIGINAL_DECLARATION_ONLY,database/035_sprint6_focused_audit_corrections.sql,database/035_sprint6_focused_audit_corrections.sql,NO_LIVE_RUN_VALUE_TIMELINE,0,NOT_OBSERVED,LITERAL_LINKS_AND_CANDIDATES_CAPTURED,RAW_HISTORICAL_WRITE_LOCATIONS_CAPTURED,RAW_HISTORICAL_READ_LOCATIONS_CAPTURED,ORIGINAL_DDL_CAPTURED_NOT_FINAL_SCHEMA,MIGRATION_CHRONOLOGY_CAPTURED_NO_LIVE_TIMELINE,TEST_REFERENCES_INDEXED_NO_LIVE_SAMPLES,NOT_STARTED,,,,docs/plans/authority-field-audit-v2/
F0333,s6_allocation_attempts#04,s6_allocation_attempts,player_id,4,24,NO,cfea5155712c0ff416e40ff59e0c49c615fcb4a8,database/035_sprint6_focused_audit_corrections.sql:L15,game_runs#run_id,0,NOT_ADJUDICATED,1,1,DIRECT_OR_COMPUTED,database/035_sprint6_focused_audit_corrections.sql:L61@s6_submit_allocation_guarded[INSERT explicit column]{DIRECT_OR_COMPUTED},0,0,0,0,,database/035_sprint6_focused_audit_corrections.sql:L15," attempt_id bigint generated always as identity primary key,run_id uuid references public.game_runs(run_id),round_no int,",PRIMARY_KEY|REFERENCES,NOT_VERIFIED_ORIGINAL_DECLARATION_ONLY,database/035_sprint6_focused_audit_corrections.sql,database/035_sprint6_focused_audit_corrections.sql,NO_LIVE_RUN_VALUE_TIMELINE,0,NOT_OBSERVED,LITERAL_LINKS_AND_CANDIDATES_CAPTURED,RAW_HISTORICAL_WRITE_LOCATIONS_CAPTURED,RAW_HISTORICAL_READ_LOCATIONS_CAPTURED,ORIGINAL_DDL_CAPTURED_NOT_FINAL_SCHEMA,MIGRATION_CHRONOLOGY_CAPTURED_NO_LIVE_TIMELINE,TEST_REFERENCES_INDEXED_NO_LIVE_SAMPLES,NOT_STARTED,,,,docs/plans/authority-field-audit-v2/
F0334,s6_allocation_attempts#05,s6_allocation_attempts,role_key,5,4,NO,cfea5155712c0ff416e40ff59e0c49c615fcb4a8,database/035_sprint6_focused_audit_corrections.sql:L16,s1_room_players#player_id,0,NOT_ADJUDICATED,1,1,DIRECT_OR_COMPUTED,database/035_sprint6_focused_audit_corrections.sql:L61@s6_submit_allocation_guarded[INSERT explicit column]{DIRECT_OR_COMPUTED},0,0,0,0,,database/035_sprint6_focused_audit_corrections.sql:L16," player_id uuid references public.s1_room_players(player_id),role_key text,request_id uuid,submitted_at timestamptz not null default now(),",NOT_NULL|DEFAULT|REFERENCES,NOT_VERIFIED_ORIGINAL_DECLARATION_ONLY,database/035_sprint6_focused_audit_corrections.sql,database/035_sprint6_focused_audit_corrections.sql,NO_LIVE_RUN_VALUE_TIMELINE,0,NOT_OBSERVED,LITERAL_LINKS_AND_CANDIDATES_CAPTURED,RAW_HISTORICAL_WRITE_LOCATIONS_CAPTURED,RAW_HISTORICAL_READ_LOCATIONS_CAPTURED,ORIGINAL_DDL_CAPTURED_NOT_FINAL_SCHEMA,MIGRATION_CHRONOLOGY_CAPTURED_NO_LIVE_TIMELINE,TEST_REFERENCES_INDEXED_NO_LIVE_SAMPLES,NOT_STARTED,,,,docs/plans/authority-field-audit-v2/
F0335,s6_allocation_attempts#06,s6_allocation_attempts,request_id,6,2,NO,cfea5155712c0ff416e40ff59e0c49c615fcb4a8,database/035_sprint6_focused_audit_corrections.sql:L16,s1_room_players#player_id,0,NOT_ADJUDICATED,1,1,DIRECT_OR_COMPUTED,database/035_sprint6_focused_audit_corrections.sql:L61@s6_submit_allocation_guarded[INSERT explicit column]{DIRECT_OR_COMPUTED},0,0,0,0,,database/035_sprint6_focused_audit_corrections.sql:L16," player_id uuid references public.s1_room_players(player_id),role_key text,request_id uuid,submitted_at timestamptz not null default now(),",NOT_NULL|DEFAULT|REFERENCES,NOT_VERIFIED_ORIGINAL_DECLARATION_ONLY,database/035_sprint6_focused_audit_corrections.sql,database/035_sprint6_focused_audit_corrections.sql,NO_LIVE_RUN_VALUE_TIMELINE,0,NOT_OBSERVED,LITERAL_LINKS_AND_CANDIDATES_CAPTURED,RAW_HISTORICAL_WRITE_LOCATIONS_CAPTURED,RAW_HISTORICAL_READ_LOCATIONS_CAPTURED,ORIGINAL_DDL_CAPTURED_NOT_FINAL_SCHEMA,MIGRATION_CHRONOLOGY_CAPTURED_NO_LIVE_TIMELINE,TEST_REFERENCES_INDEXED_NO_LIVE_SAMPLES,NOT_STARTED,,,,docs/plans/authority-field-audit-v2/
F0336,s6_allocation_attempts#07,s6_allocation_attempts,submitted_at,7,2,NO,cfea5155712c0ff416e40ff59e0c49c615fcb4a8,database/035_sprint6_focused_audit_corrections.sql:L16,s1_room_players#player_id,0,NOT_ADJUDICATED,0,0,NONE,,0,0,0,0,,database/035_sprint6_focused_audit_corrections.sql:L16," player_id uuid references public.s1_room_players(player_id),role_key text,request_id uuid,submitted_at timestamptz not null default now(),",NOT_NULL|DEFAULT|REFERENCES,NOT_VERIFIED_ORIGINAL_DECLARATION_ONLY,database/035_sprint6_focused_audit_corrections.sql,NO_RAW_WRITE,NO_LIVE_RUN_VALUE_TIMELINE,0,NOT_OBSERVED,LITERAL_LINKS_AND_CANDIDATES_CAPTURED,RAW_HISTORICAL_WRITE_LOCATIONS_CAPTURED,RAW_HISTORICAL_READ_LOCATIONS_CAPTURED,ORIGINAL_DDL_CAPTURED_NOT_FINAL_SCHEMA,MIGRATION_CHRONOLOGY_CAPTURED_NO_LIVE_TIMELINE,TEST_REFERENCES_INDEXED_NO_LIVE_SAMPLES,NOT_STARTED,,,,docs/plans/authority-field-audit-v2/
F0337,s6_allocations#01,s6_allocations,run_id,1,36,NO,cfea5155712c0ff416e40ff59e0c49c615fcb4a8,database/033_sprint6_act9_13_runtime.sql:L16,game_runs#run_id|s1_room_players#player_id,0,NOT_ADJUDICATED,3,2,POSITIONAL_WRITE,database/033_sprint6_act9_13_runtime.sql:L53@s6_submit_allocation[INSERT positional/all columns]{POSITIONAL_WRITE} | database/034_sprint6_contract_hardening.sql:L23@s6_submit_allocation[INSERT positional/all columns]{POSITIONAL_WRITE},3,2,0,0,database/033_sprint6_act9_13_runtime.sql:L53@s6_submit_allocation[qualified/rowtype field reference] | database/034_sprint6_contract_hardening.sql:L23@s6_submit_allocation[qualified/rowtype field reference],database/033_sprint6_act9_13_runtime.sql:L16,"create table public.s6_allocations(run_id uuid references public.game_runs(run_id),player_id uuid references public.s1_room_players(player_id),role_key text,client_request_id uuid,locked_at timestamptz not null default now(),primary key(run_id,player_id),unique(run_id,player_id,client_request_id));",PRIMARY_KEY|NOT_NULL|DEFAULT|REFERENCES|UNIQUE,NOT_VERIFIED_ORIGINAL_DECLARATION_ONLY,database/033_sprint6_act9_13_runtime.sql,database/035_sprint6_focused_audit_corrections.sql,NO_LIVE_RUN_VALUE_TIMELINE,2,NOT_OBSERVED,LITERAL_LINKS_AND_CANDIDATES_CAPTURED,RAW_HISTORICAL_WRITE_LOCATIONS_CAPTURED,RAW_HISTORICAL_READ_LOCATIONS_CAPTURED,ORIGINAL_DDL_CAPTURED_NOT_FINAL_SCHEMA,MIGRATION_CHRONOLOGY_CAPTURED_NO_LIVE_TIMELINE,TEST_REFERENCES_INDEXED_NO_LIVE_SAMPLES,NOT_STARTED,,,,docs/plans/authority-field-audit-v2/
F0338,s6_allocations#02,s6_allocations,player_id,2,24,NO,cfea5155712c0ff416e40ff59e0c49c615fcb4a8,database/033_sprint6_act9_13_runtime.sql:L16,game_runs#run_id|s1_room_players#player_id,0,NOT_ADJUDICATED,3,2,POSITIONAL_WRITE,database/033_sprint6_act9_13_runtime.sql:L53@s6_submit_allocation[INSERT positional/all columns]{POSITIONAL_WRITE} | database/034_sprint6_contract_hardening.sql:L23@s6_submit_allocation[INSERT positional/all columns]{POSITIONAL_WRITE},0,0,0,0,,database/033_sprint6_act9_13_runtime.sql:L16,"create table public.s6_allocations(run_id uuid references public.game_runs(run_id),player_id uuid references public.s1_room_players(player_id),role_key text,client_request_id uuid,locked_at timestamptz not null default now(),primary key(run_id,player_id),unique(run_id,player_id,client_request_id));",PRIMARY_KEY|NOT_NULL|DEFAULT|REFERENCES|UNIQUE,NOT_VERIFIED_ORIGINAL_DECLARATION_ONLY,database/033_sprint6_act9_13_runtime.sql,database/035_sprint6_focused_audit_corrections.sql,NO_LIVE_RUN_VALUE_TIMELINE,2,NOT_OBSERVED,LITERAL_LINKS_AND_CANDIDATES_CAPTURED,RAW_HISTORICAL_WRITE_LOCATIONS_CAPTURED,RAW_HISTORICAL_READ_LOCATIONS_CAPTURED,ORIGINAL_DDL_CAPTURED_NOT_FINAL_SCHEMA,MIGRATION_CHRONOLOGY_CAPTURED_NO_LIVE_TIMELINE,TEST_REFERENCES_INDEXED_NO_LIVE_SAMPLES,NOT_STARTED,,,,docs/plans/authority-field-audit-v2/
F0339,s6_allocations#03,s6_allocations,role_key,3,4,NO,cfea5155712c0ff416e40ff59e0c49c615fcb4a8,database/033_sprint6_act9_13_runtime.sql:L16,game_runs#run_id|s1_room_players#player_id,0,NOT_ADJUDICATED,3,2,POSITIONAL_WRITE,database/033_sprint6_act9_13_runtime.sql:L53@s6_submit_allocation[INSERT positional/all columns]{POSITIONAL_WRITE} | database/034_sprint6_contract_hardening.sql:L23@s6_submit_allocation[INSERT positional/all columns]{POSITIONAL_WRITE},4,2,0,0,database/033_sprint6_act9_13_runtime.sql:L53@s6_submit_allocation[qualified/rowtype field reference] | database/034_sprint6_contract_hardening.sql:L22@s6_submit_allocation[qualified/rowtype field reference],database/033_sprint6_act9_13_runtime.sql:L16,"create table public.s6_allocations(run_id uuid references public.game_runs(run_id),player_id uuid references public.s1_room_players(player_id),role_key text,client_request_id uuid,locked_at timestamptz not null default now(),primary key(run_id,player_id),unique(run_id,player_id,client_request_id));",PRIMARY_KEY|NOT_NULL|DEFAULT|REFERENCES|UNIQUE,NOT_VERIFIED_ORIGINAL_DECLARATION_ONLY,database/033_sprint6_act9_13_runtime.sql,database/035_sprint6_focused_audit_corrections.sql,NO_LIVE_RUN_VALUE_TIMELINE,0,NOT_OBSERVED,LITERAL_LINKS_AND_CANDIDATES_CAPTURED,RAW_HISTORICAL_WRITE_LOCATIONS_CAPTURED,RAW_HISTORICAL_READ_LOCATIONS_CAPTURED,ORIGINAL_DDL_CAPTURED_NOT_FINAL_SCHEMA,MIGRATION_CHRONOLOGY_CAPTURED_NO_LIVE_TIMELINE,TEST_REFERENCES_INDEXED_NO_LIVE_SAMPLES,NOT_STARTED,,,,docs/plans/authority-field-audit-v2/
F0340,s6_allocations#04,s6_allocations,client_request_id,4,8,NO,cfea5155712c0ff416e40ff59e0c49c615fcb4a8,database/033_sprint6_act9_13_runtime.sql:L16,game_runs#run_id|s1_room_players#player_id,0,NOT_ADJUDICATED,3,2,POSITIONAL_WRITE,database/033_sprint6_act9_13_runtime.sql:L53@s6_submit_allocation[INSERT positional/all columns]{POSITIONAL_WRITE} | database/034_sprint6_contract_hardening.sql:L23@s6_submit_allocation[INSERT positional/all columns]{POSITIONAL_WRITE},0,0,0,0,,database/033_sprint6_act9_13_runtime.sql:L16,"create table public.s6_allocations(run_id uuid references public.game_runs(run_id),player_id uuid references public.s1_room_players(player_id),role_key text,client_request_id uuid,locked_at timestamptz not null default now(),primary key(run_id,player_id),unique(run_id,player_id,client_request_id));",PRIMARY_KEY|NOT_NULL|DEFAULT|REFERENCES|UNIQUE,NOT_VERIFIED_ORIGINAL_DECLARATION_ONLY,database/033_sprint6_act9_13_runtime.sql,database/035_sprint6_focused_audit_corrections.sql,NO_LIVE_RUN_VALUE_TIMELINE,0,NOT_OBSERVED,LITERAL_LINKS_AND_CANDIDATES_CAPTURED,RAW_HISTORICAL_WRITE_LOCATIONS_CAPTURED,RAW_HISTORICAL_READ_LOCATIONS_CAPTURED,ORIGINAL_DDL_CAPTURED_NOT_FINAL_SCHEMA,MIGRATION_CHRONOLOGY_CAPTURED_NO_LIVE_TIMELINE,TEST_REFERENCES_INDEXED_NO_LIVE_SAMPLES,NOT_STARTED,,,,docs/plans/authority-field-audit-v2/
F0341,s6_allocations#05,s6_allocations,locked_at,5,7,NO,cfea5155712c0ff416e40ff59e0c49c615fcb4a8,database/033_sprint6_act9_13_runtime.sql:L16,game_runs#run_id|s1_room_players#player_id,0,NOT_ADJUDICATED,3,2,POSITIONAL_WRITE,database/033_sprint6_act9_13_runtime.sql:L53@s6_submit_allocation[INSERT positional/all columns]{POSITIONAL_WRITE} | database/034_sprint6_contract_hardening.sql:L23@s6_submit_allocation[INSERT positional/all columns]{POSITIONAL_WRITE},0,0,0,0,,database/033_sprint6_act9_13_runtime.sql:L16,"create table public.s6_allocations(run_id uuid references public.game_runs(run_id),player_id uuid references public.s1_room_players(player_id),role_key text,client_request_id uuid,locked_at timestamptz not null default now(),primary key(run_id,player_id),unique(run_id,player_id,client_request_id));",PRIMARY_KEY|NOT_NULL|DEFAULT|REFERENCES|UNIQUE,NOT_VERIFIED_ORIGINAL_DECLARATION_ONLY,database/033_sprint6_act9_13_runtime.sql,database/035_sprint6_focused_audit_corrections.sql,NO_LIVE_RUN_VALUE_TIMELINE,0,NOT_OBSERVED,LITERAL_LINKS_AND_CANDIDATES_CAPTURED,RAW_HISTORICAL_WRITE_LOCATIONS_CAPTURED,RAW_HISTORICAL_READ_LOCATIONS_CAPTURED,ORIGINAL_DDL_CAPTURED_NOT_FINAL_SCHEMA,MIGRATION_CHRONOLOGY_CAPTURED_NO_LIVE_TIMELINE,TEST_REFERENCES_INDEXED_NO_LIVE_SAMPLES,NOT_STARTED,,,,docs/plans/authority-field-audit-v2/
F0342,s6_audio_consumptions#01,s6_audio_consumptions,occurrence_id,1,3,NO,cfea5155712c0ff416e40ff59e0c49c615fcb4a8,database/037_level3_independent_audit_closure.sql:L34,,0,NOT_ADJUDICATED,1,1,DIRECT_OR_COMPUTED,database/037_level3_independent_audit_closure.sql:L173@s6_mark_audio_consumed[INSERT explicit column]{DIRECT_OR_COMPUTED},7,4,0,0,database/043_sprint7_teacher_console.sql:L74@s7_get_teacher_console[qualified/rowtype field reference] | database/044_sprint7_focused_level1_corrections.sql:L63@s7_get_teacher_console[qualified/rowtype field reference],database/037_level3_independent_audit_closure.sql:L34,create table public.s6_audio_consumptions(,NO_INLINE_MARKER,NOT_VERIFIED_ORIGINAL_DECLARATION_ONLY,database/037_level3_independent_audit_closure.sql,database/037_level3_independent_audit_closure.sql,NO_LIVE_RUN_VALUE_TIMELINE,0,NOT_OBSERVED,LITERAL_LINKS_AND_CANDIDATES_CAPTURED,RAW_HISTORICAL_WRITE_LOCATIONS_CAPTURED,RAW_HISTORICAL_READ_LOCATIONS_CAPTURED,ORIGINAL_DDL_CAPTURED_NOT_FINAL_SCHEMA,MIGRATION_CHRONOLOGY_CAPTURED_NO_LIVE_TIMELINE,TEST_REFERENCES_INDEXED_NO_LIVE_SAMPLES,NOT_STARTED,,,,docs/plans/authority-field-audit-v2/
F0343,s6_audio_consumptions#02,s6_audio_consumptions,player_id,2,24,NO,cfea5155712c0ff416e40ff59e0c49c615fcb4a8,database/037_level3_independent_audit_closure.sql:L35,s6_audio_occurrences#occurrence_id,0,NOT_ADJUDICATED,1,1,DIRECT_OR_COMPUTED,database/037_level3_independent_audit_closure.sql:L173@s6_mark_audio_consumed[INSERT explicit column]{DIRECT_OR_COMPUTED},2,1,0,0,database/047_sprint8_export_completeness.sql:L32@s8_export_session[qualified/rowtype field reference] | database/048_sprint8_focused_level1_corrections.sql:L117@s8_export_session[qualified/rowtype field reference],database/037_level3_independent_audit_closure.sql:L35," occurrence_id uuid not null references public.s6_audio_occurrences(occurrence_id) on delete cascade,",NOT_NULL|REFERENCES,NOT_VERIFIED_ORIGINAL_DECLARATION_ONLY,database/037_level3_independent_audit_closure.sql,database/037_level3_independent_audit_closure.sql,NO_LIVE_RUN_VALUE_TIMELINE,0,NOT_OBSERVED,LITERAL_LINKS_AND_CANDIDATES_CAPTURED,RAW_HISTORICAL_WRITE_LOCATIONS_CAPTURED,RAW_HISTORICAL_READ_LOCATIONS_CAPTURED,ORIGINAL_DDL_CAPTURED_NOT_FINAL_SCHEMA,MIGRATION_CHRONOLOGY_CAPTURED_NO_LIVE_TIMELINE,TEST_REFERENCES_INDEXED_NO_LIVE_SAMPLES,NOT_STARTED,,,,docs/plans/authority-field-audit-v2/
F0344,s6_audio_consumptions#03,s6_audio_consumptions,outcome,3,2,NO,cfea5155712c0ff416e40ff59e0c49c615fcb4a8,database/037_level3_independent_audit_closure.sql:L36,s1_room_players#player_id,0,NOT_ADJUDICATED,1,1,DIRECT_OR_COMPUTED,database/037_level3_independent_audit_closure.sql:L173@s6_mark_audio_consumed[INSERT explicit column]{DIRECT_OR_COMPUTED},2,1,0,0,database/047_sprint8_export_completeness.sql:L32@s8_export_session[qualified/rowtype field reference] | database/048_sprint8_focused_level1_corrections.sql:L117@s8_export_session[qualified/rowtype field reference],database/037_level3_independent_audit_closure.sql:L36," player_id uuid not null references public.s1_room_players(player_id) on delete cascade,",NOT_NULL|REFERENCES,NOT_VERIFIED_ORIGINAL_DECLARATION_ONLY,database/037_level3_independent_audit_closure.sql,database/037_level3_independent_audit_closure.sql,NO_LIVE_RUN_VALUE_TIMELINE,0,NOT_OBSERVED,LITERAL_LINKS_AND_CANDIDATES_CAPTURED,RAW_HISTORICAL_WRITE_LOCATIONS_CAPTURED,RAW_HISTORICAL_READ_LOCATIONS_CAPTURED,ORIGINAL_DDL_CAPTURED_NOT_FINAL_SCHEMA,MIGRATION_CHRONOLOGY_CAPTURED_NO_LIVE_TIMELINE,TEST_REFERENCES_INDEXED_NO_LIVE_SAMPLES,NOT_STARTED,,,,docs/plans/authority-field-audit-v2/
F0345,s6_audio_consumptions#04,s6_audio_consumptions,consumed_at,4,1,YES,cfea5155712c0ff416e40ff59e0c49c615fcb4a8,database/037_level3_independent_audit_closure.sql:L37,,0,NOT_ADJUDICATED,0,0,NONE,,2,1,0,0,database/047_sprint8_export_completeness.sql:L32@s8_export_session[qualified/rowtype field reference] | database/048_sprint8_focused_level1_corrections.sql:L117@s8_export_session[qualified/rowtype field reference],database/037_level3_independent_audit_closure.sql:L37," outcome text not null check(outcome in('ended','stopped')),",NOT_NULL|CHECK,NOT_VERIFIED_ORIGINAL_DECLARATION_ONLY,database/037_level3_independent_audit_closure.sql,NO_RAW_WRITE,NO_LIVE_RUN_VALUE_TIMELINE,0,NOT_OBSERVED,LITERAL_LINKS_AND_CANDIDATES_CAPTURED,RAW_HISTORICAL_WRITE_LOCATIONS_CAPTURED,RAW_HISTORICAL_READ_LOCATIONS_CAPTURED,ORIGINAL_DDL_CAPTURED_NOT_FINAL_SCHEMA,MIGRATION_CHRONOLOGY_CAPTURED_NO_LIVE_TIMELINE,TEST_REFERENCES_INDEXED_NO_LIVE_SAMPLES,NOT_STARTED,,,,docs/plans/authority-field-audit-v2/
F0346,s6_audio_occurrences#01,s6_audio_occurrences,occurrence_id,1,3,NO,cfea5155712c0ff416e40ff59e0c49c615fcb4a8,database/037_level3_independent_audit_closure.sql:L22,,0,NOT_ADJUDICATED,0,0,NONE,,7,3,0,0,database/037_level3_independent_audit_closure.sql:L170@s6_mark_audio_consumed[SELECT * INTO row] | database/037_level3_independent_audit_closure.sql:L173@s6_mark_audio_consumed[qualified/rowtype field reference],database/037_level3_independent_audit_closure.sql:L22,create table public.s6_audio_occurrences(,NO_INLINE_MARKER,NOT_VERIFIED_ORIGINAL_DECLARATION_ONLY,database/037_level3_independent_audit_closure.sql,NO_RAW_WRITE,NO_LIVE_RUN_VALUE_TIMELINE,0,NOT_OBSERVED,LITERAL_LINKS_AND_CANDIDATES_CAPTURED,RAW_HISTORICAL_WRITE_LOCATIONS_CAPTURED,RAW_HISTORICAL_READ_LOCATIONS_CAPTURED,ORIGINAL_DDL_CAPTURED_NOT_FINAL_SCHEMA,MIGRATION_CHRONOLOGY_CAPTURED_NO_LIVE_TIMELINE,TEST_REFERENCES_INDEXED_NO_LIVE_SAMPLES,NOT_STARTED,,,,docs/plans/authority-field-audit-v2/
F0347,s6_audio_occurrences#02,s6_audio_occurrences,run_id,2,36,NO,cfea5155712c0ff416e40ff59e0c49c615fcb4a8,database/037_level3_independent_audit_closure.sql:L23,,0,NOT_ADJUDICATED,1,1,DIRECT_OR_COMPUTED,database/037_level3_independent_audit_closure.sql:L63@act6_13_prepare_s6_state[INSERT explicit column]{DIRECT_OR_COMPUTED},3,2,0,0,database/037_level3_independent_audit_closure.sql:L170@s6_mark_audio_consumed[SELECT * INTO row] | database/046_sprint8_act14_finalization_export.sql:L42@s8_finalize[qualified/rowtype field reference],database/037_level3_independent_audit_closure.sql:L23," occurrence_id uuid primary key default gen_random_uuid(),",PRIMARY_KEY|DEFAULT,NOT_VERIFIED_ORIGINAL_DECLARATION_ONLY,database/037_level3_independent_audit_closure.sql,database/037_level3_independent_audit_closure.sql,NO_LIVE_RUN_VALUE_TIMELINE,0,NOT_OBSERVED,LITERAL_LINKS_AND_CANDIDATES_CAPTURED,RAW_HISTORICAL_WRITE_LOCATIONS_CAPTURED,RAW_HISTORICAL_READ_LOCATIONS_CAPTURED,ORIGINAL_DDL_CAPTURED_NOT_FINAL_SCHEMA,MIGRATION_CHRONOLOGY_CAPTURED_NO_LIVE_TIMELINE,TEST_REFERENCES_INDEXED_NO_LIVE_SAMPLES,NOT_STARTED,,,,docs/plans/authority-field-audit-v2/
F0348,s6_audio_occurrences#03,s6_audio_occurrences,cue_key,3,1,YES,cfea5155712c0ff416e40ff59e0c49c615fcb4a8,database/037_level3_independent_audit_closure.sql:L24,game_runs#run_id,0,NOT_ADJUDICATED,1,1,DIRECT_OR_COMPUTED,database/037_level3_independent_audit_closure.sql:L63@act6_13_prepare_s6_state[INSERT explicit column]{DIRECT_OR_COMPUTED},2,1,0,0,database/037_level3_independent_audit_closure.sql:L170@s6_mark_audio_consumed[SELECT * INTO row] | database/037_level3_independent_audit_closure.sql:L174@s6_mark_audio_consumed[qualified/rowtype field reference],database/037_level3_independent_audit_closure.sql:L24," run_id uuid not null references public.game_runs(run_id) on delete cascade,",NOT_NULL|REFERENCES,NOT_VERIFIED_ORIGINAL_DECLARATION_ONLY,database/037_level3_independent_audit_closure.sql,database/037_level3_independent_audit_closure.sql,NO_LIVE_RUN_VALUE_TIMELINE,0,NOT_OBSERVED,LITERAL_LINKS_AND_CANDIDATES_CAPTURED,RAW_HISTORICAL_WRITE_LOCATIONS_CAPTURED,RAW_HISTORICAL_READ_LOCATIONS_CAPTURED,ORIGINAL_DDL_CAPTURED_NOT_FINAL_SCHEMA,MIGRATION_CHRONOLOGY_CAPTURED_NO_LIVE_TIMELINE,TEST_REFERENCES_INDEXED_NO_LIVE_SAMPLES,NOT_STARTED,,,,docs/plans/authority-field-audit-v2/
F0349,s6_audio_occurrences#04,s6_audio_occurrences,phase_key,4,13,NO,cfea5155712c0ff416e40ff59e0c49c615fcb4a8,database/037_level3_independent_audit_closure.sql:L25,,0,NOT_ADJUDICATED,1,1,DIRECT_OR_COMPUTED,database/037_level3_independent_audit_closure.sql:L63@act6_13_prepare_s6_state[INSERT explicit column]{DIRECT_OR_COMPUTED},2,1,0,0,database/037_level3_independent_audit_closure.sql:L170@s6_mark_audio_consumed[SELECT * INTO row] | database/037_level3_independent_audit_closure.sql:L174@s6_mark_audio_consumed[qualified/rowtype field reference],database/037_level3_independent_audit_closure.sql:L25," cue_key text not null,",NOT_NULL,NOT_VERIFIED_ORIGINAL_DECLARATION_ONLY,database/037_level3_independent_audit_closure.sql,database/037_level3_independent_audit_closure.sql,NO_LIVE_RUN_VALUE_TIMELINE,0,NOT_OBSERVED,LITERAL_LINKS_AND_CANDIDATES_CAPTURED,RAW_HISTORICAL_WRITE_LOCATIONS_CAPTURED,RAW_HISTORICAL_READ_LOCATIONS_CAPTURED,ORIGINAL_DDL_CAPTURED_NOT_FINAL_SCHEMA,MIGRATION_CHRONOLOGY_CAPTURED_NO_LIVE_TIMELINE,TEST_REFERENCES_INDEXED_NO_LIVE_SAMPLES,NOT_STARTED,,,,docs/plans/authority-field-audit-v2/
F0350,s6_audio_occurrences#05,s6_audio_occurrences,cinematic_stage,5,2,NO,cfea5155712c0ff416e40ff59e0c49c615fcb4a8,database/037_level3_independent_audit_closure.sql:L26,,0,NOT_ADJUDICATED,1,1,DIRECT_OR_COMPUTED,database/037_level3_independent_audit_closure.sql:L63@act6_13_prepare_s6_state[INSERT explicit column]{DIRECT_OR_COMPUTED},1,1,0,0,database/037_level3_independent_audit_closure.sql:L170@s6_mark_audio_consumed[SELECT * INTO row],database/037_level3_independent_audit_closure.sql:L26," phase_key text not null,",NOT_NULL,NOT_VERIFIED_ORIGINAL_DECLARATION_ONLY,database/037_level3_independent_audit_closure.sql,database/037_level3_independent_audit_closure.sql,NO_LIVE_RUN_VALUE_TIMELINE,0,NOT_OBSERVED,LITERAL_LINKS_AND_CANDIDATES_CAPTURED,RAW_HISTORICAL_WRITE_LOCATIONS_CAPTURED,RAW_HISTORICAL_READ_LOCATIONS_CAPTURED,ORIGINAL_DDL_CAPTURED_NOT_FINAL_SCHEMA,MIGRATION_CHRONOLOGY_CAPTURED_NO_LIVE_TIMELINE,TEST_REFERENCES_INDEXED_NO_LIVE_SAMPLES,NOT_STARTED,,,,docs/plans/authority-field-audit-v2/
F0351,s6_audio_occurrences#06,s6_audio_occurrences,triggered_at,6,1,YES,cfea5155712c0ff416e40ff59e0c49c615fcb4a8,database/037_level3_independent_audit_closure.sql:L27,,0,NOT_ADJUDICATED,0,0,NONE,,1,1,0,0,database/037_level3_independent_audit_closure.sql:L170@s6_mark_audio_consumed[SELECT * INTO row],database/037_level3_independent_audit_closure.sql:L27," cinematic_stage int,",NO_INLINE_MARKER,NOT_VERIFIED_ORIGINAL_DECLARATION_ONLY,database/037_level3_independent_audit_closure.sql,NO_RAW_WRITE,NO_LIVE_RUN_VALUE_TIMELINE,0,NOT_OBSERVED,LITERAL_LINKS_AND_CANDIDATES_CAPTURED,RAW_HISTORICAL_WRITE_LOCATIONS_CAPTURED,RAW_HISTORICAL_READ_LOCATIONS_CAPTURED,ORIGINAL_DDL_CAPTURED_NOT_FINAL_SCHEMA,MIGRATION_CHRONOLOGY_CAPTURED_NO_LIVE_TIMELINE,TEST_REFERENCES_INDEXED_NO_LIVE_SAMPLES,NOT_STARTED,,,,docs/plans/authority-field-audit-v2/
F0352,s6_choices#01,s6_choices,run_id,1,36,NO,cfea5155712c0ff416e40ff59e0c49c615fcb4a8,database/033_sprint6_act9_13_runtime.sql:L15,game_runs#run_id|s1_room_players#player_id,0,NOT_ADJUDICATED,6,4,POSITIONAL_WRITE,database/033_sprint6_act9_13_runtime.sql:L40@s6_submit_group_choice[INSERT positional/all columns]{POSITIONAL_WRITE} | database/033_sprint6_act9_13_runtime.sql:L49@s6_submit_private_choice[INSERT positional/all columns]{POSITIONAL_WRITE},8,3,0,1,database/034_sprint6_contract_hardening.sql:L25@s6_get_player_state[qualified/rowtype field reference] | database/035_sprint6_focused_audit_corrections.sql:L72@s6_get_player_state[qualified/rowtype field reference],database/033_sprint6_act9_13_runtime.sql:L15,"create table public.s6_choices(run_id uuid references public.game_runs(run_id),phase_key text,round_no int,player_id uuid references public.s1_room_players(player_id),choice_id text,client_request_id uuid,response_latency_ms int,role_context text,locked_at timestamptz not null default now(),primary key(run_id,phase_key,round_no,player_id),unique(run_id,player_id,client_request_id));",PRIMARY_KEY|NOT_NULL|DEFAULT|REFERENCES|UNIQUE,NOT_VERIFIED_ORIGINAL_DECLARATION_ONLY,database/033_sprint6_act9_13_runtime.sql,database/035_sprint6_focused_audit_corrections.sql,NO_LIVE_RUN_VALUE_TIMELINE,4,NOT_OBSERVED,LITERAL_LINKS_AND_CANDIDATES_CAPTURED,RAW_HISTORICAL_WRITE_LOCATIONS_CAPTURED,RAW_HISTORICAL_READ_LOCATIONS_CAPTURED,ORIGINAL_DDL_CAPTURED_NOT_FINAL_SCHEMA,MIGRATION_CHRONOLOGY_CAPTURED_NO_LIVE_TIMELINE,TEST_REFERENCES_INDEXED_NO_LIVE_SAMPLES,NOT_STARTED,,,,docs/plans/authority-field-audit-v2/
F0353,s6_choices#02,s6_choices,phase_key,2,13,NO,cfea5155712c0ff416e40ff59e0c49c615fcb4a8,database/033_sprint6_act9_13_runtime.sql:L15,game_runs#run_id|s1_room_players#player_id,0,NOT_ADJUDICATED,6,4,POSITIONAL_WRITE,database/033_sprint6_act9_13_runtime.sql:L40@s6_submit_group_choice[INSERT positional/all columns]{POSITIONAL_WRITE} | database/033_sprint6_act9_13_runtime.sql:L49@s6_submit_private_choice[INSERT positional/all columns]{POSITIONAL_WRITE},8,3,0,1,database/034_sprint6_contract_hardening.sql:L25@s6_get_player_state[qualified/rowtype field reference] | database/035_sprint6_focused_audit_corrections.sql:L72@s6_get_player_state[qualified/rowtype field reference],database/033_sprint6_act9_13_runtime.sql:L15,"create table public.s6_choices(run_id uuid references public.game_runs(run_id),phase_key text,round_no int,player_id uuid references public.s1_room_players(player_id),choice_id text,client_request_id uuid,response_latency_ms int,role_context text,locked_at timestamptz not null default now(),primary key(run_id,phase_key,round_no,player_id),unique(run_id,player_id,client_request_id));",PRIMARY_KEY|NOT_NULL|DEFAULT|REFERENCES|UNIQUE,NOT_VERIFIED_ORIGINAL_DECLARATION_ONLY,database/033_sprint6_act9_13_runtime.sql,database/035_sprint6_focused_audit_corrections.sql,NO_LIVE_RUN_VALUE_TIMELINE,4,NOT_OBSERVED,LITERAL_LINKS_AND_CANDIDATES_CAPTURED,RAW_HISTORICAL_WRITE_LOCATIONS_CAPTURED,RAW_HISTORICAL_READ_LOCATIONS_CAPTURED,ORIGINAL_DDL_CAPTURED_NOT_FINAL_SCHEMA,MIGRATION_CHRONOLOGY_CAPTURED_NO_LIVE_TIMELINE,TEST_REFERENCES_INDEXED_NO_LIVE_SAMPLES,NOT_STARTED,,,,docs/plans/authority-field-audit-v2/
F0354,s6_choices#03,s6_choices,round_no,3,4,NO,cfea5155712c0ff416e40ff59e0c49c615fcb4a8,database/033_sprint6_act9_13_runtime.sql:L15,game_runs#run_id|s1_room_players#player_id,0,NOT_ADJUDICATED,6,4,POSITIONAL_WRITE,database/033_sprint6_act9_13_runtime.sql:L40@s6_submit_group_choice[INSERT positional/all columns]{POSITIONAL_WRITE} | database/033_sprint6_act9_13_runtime.sql:L49@s6_submit_private_choice[INSERT positional/all columns]{POSITIONAL_WRITE},5,2,0,0,database/049_sprint8_final_closure.sql:L115@s8_verify_integrity[qualified/rowtype field reference] | database/049_sprint8_final_closure.sql:L116@s8_verify_integrity[qualified/rowtype field reference],database/033_sprint6_act9_13_runtime.sql:L15,"create table public.s6_choices(run_id uuid references public.game_runs(run_id),phase_key text,round_no int,player_id uuid references public.s1_room_players(player_id),choice_id text,client_request_id uuid,response_latency_ms int,role_context text,locked_at timestamptz not null default now(),primary key(run_id,phase_key,round_no,player_id),unique(run_id,player_id,client_request_id));",PRIMARY_KEY|NOT_NULL|DEFAULT|REFERENCES|UNIQUE,NOT_VERIFIED_ORIGINAL_DECLARATION_ONLY,database/033_sprint6_act9_13_runtime.sql,database/035_sprint6_focused_audit_corrections.sql,NO_LIVE_RUN_VALUE_TIMELINE,0,NOT_OBSERVED,LITERAL_LINKS_AND_CANDIDATES_CAPTURED,RAW_HISTORICAL_WRITE_LOCATIONS_CAPTURED,RAW_HISTORICAL_READ_LOCATIONS_CAPTURED,ORIGINAL_DDL_CAPTURED_NOT_FINAL_SCHEMA,MIGRATION_CHRONOLOGY_CAPTURED_NO_LIVE_TIMELINE,TEST_REFERENCES_INDEXED_NO_LIVE_SAMPLES,NOT_STARTED,,,,docs/plans/authority-field-audit-v2/
F0355,s6_choices#04,s6_choices,player_id,4,24,NO,cfea5155712c0ff416e40ff59e0c49c615fcb4a8,database/033_sprint6_act9_13_runtime.sql:L15,game_runs#run_id|s1_room_players#player_id,0,NOT_ADJUDICATED,6,4,POSITIONAL_WRITE,database/033_sprint6_act9_13_runtime.sql:L40@s6_submit_group_choice[INSERT positional/all columns]{POSITIONAL_WRITE} | database/033_sprint6_act9_13_runtime.sql:L49@s6_submit_private_choice[INSERT positional/all columns]{POSITIONAL_WRITE},6,1,0,0,database/065_package_b_player_wait_projection.sql:L11@s9_get_player_wait_state[SELECT * INTO row] | database/065_package_b_player_wait_projection.sql:L16@s9_get_player_wait_state[qualified/rowtype field reference],database/033_sprint6_act9_13_runtime.sql:L15,"create table public.s6_choices(run_id uuid references public.game_runs(run_id),phase_key text,round_no int,player_id uuid references public.s1_room_players(player_id),choice_id text,client_request_id uuid,response_latency_ms int,role_context text,locked_at timestamptz not null default now(),primary key(run_id,phase_key,round_no,player_id),unique(run_id,player_id,client_request_id));",PRIMARY_KEY|NOT_NULL|DEFAULT|REFERENCES|UNIQUE,NOT_VERIFIED_ORIGINAL_DECLARATION_ONLY,database/033_sprint6_act9_13_runtime.sql,database/035_sprint6_focused_audit_corrections.sql,NO_LIVE_RUN_VALUE_TIMELINE,2,NOT_OBSERVED,LITERAL_LINKS_AND_CANDIDATES_CAPTURED,RAW_HISTORICAL_WRITE_LOCATIONS_CAPTURED,RAW_HISTORICAL_READ_LOCATIONS_CAPTURED,ORIGINAL_DDL_CAPTURED_NOT_FINAL_SCHEMA,MIGRATION_CHRONOLOGY_CAPTURED_NO_LIVE_TIMELINE,TEST_REFERENCES_INDEXED_NO_LIVE_SAMPLES,NOT_STARTED,,,,docs/plans/authority-field-audit-v2/
F0356,s6_choices#05,s6_choices,choice_id,5,7,NO,cfea5155712c0ff416e40ff59e0c49c615fcb4a8,database/033_sprint6_act9_13_runtime.sql:L15,game_runs#run_id|s1_room_players#player_id,0,NOT_ADJUDICATED,6,4,POSITIONAL_WRITE,database/033_sprint6_act9_13_runtime.sql:L40@s6_submit_group_choice[INSERT positional/all columns]{POSITIONAL_WRITE} | database/033_sprint6_act9_13_runtime.sql:L49@s6_submit_private_choice[INSERT positional/all columns]{POSITIONAL_WRITE},10,4,0,0,database/033_sprint6_act9_13_runtime.sql:L39@s6_submit_group_choice[qualified/rowtype field reference] | database/034_sprint6_contract_hardening.sql:L25@s6_get_player_state[qualified/rowtype field reference],database/033_sprint6_act9_13_runtime.sql:L15,"create table public.s6_choices(run_id uuid references public.game_runs(run_id),phase_key text,round_no int,player_id uuid references public.s1_room_players(player_id),choice_id text,client_request_id uuid,response_latency_ms int,role_context text,locked_at timestamptz not null default now(),primary key(run_id,phase_key,round_no,player_id),unique(run_id,player_id,client_request_id));",PRIMARY_KEY|NOT_NULL|DEFAULT|REFERENCES|UNIQUE,NOT_VERIFIED_ORIGINAL_DECLARATION_ONLY,database/033_sprint6_act9_13_runtime.sql,database/035_sprint6_focused_audit_corrections.sql,NO_LIVE_RUN_VALUE_TIMELINE,0,NOT_OBSERVED,LITERAL_LINKS_AND_CANDIDATES_CAPTURED,RAW_HISTORICAL_WRITE_LOCATIONS_CAPTURED,RAW_HISTORICAL_READ_LOCATIONS_CAPTURED,ORIGINAL_DDL_CAPTURED_NOT_FINAL_SCHEMA,MIGRATION_CHRONOLOGY_CAPTURED_NO_LIVE_TIMELINE,TEST_REFERENCES_INDEXED_NO_LIVE_SAMPLES,NOT_STARTED,,,,docs/plans/authority-field-audit-v2/
F0357,s6_choices#06,s6_choices,client_request_id,6,8,NO,cfea5155712c0ff416e40ff59e0c49c615fcb4a8,database/033_sprint6_act9_13_runtime.sql:L15,game_runs#run_id|s1_room_players#player_id,0,NOT_ADJUDICATED,6,4,POSITIONAL_WRITE,database/033_sprint6_act9_13_runtime.sql:L40@s6_submit_group_choice[INSERT positional/all columns]{POSITIONAL_WRITE} | database/033_sprint6_act9_13_runtime.sql:L49@s6_submit_private_choice[INSERT positional/all columns]{POSITIONAL_WRITE},3,1,0,0,database/065_package_b_player_wait_projection.sql:L11@s9_get_player_wait_state[SELECT * INTO row] | database/066_package_b_wait_projection_locked_at_fix.sql:L11@s9_get_player_wait_state[SELECT * INTO row],database/033_sprint6_act9_13_runtime.sql:L15,"create table public.s6_choices(run_id uuid references public.game_runs(run_id),phase_key text,round_no int,player_id uuid references public.s1_room_players(player_id),choice_id text,client_request_id uuid,response_latency_ms int,role_context text,locked_at timestamptz not null default now(),primary key(run_id,phase_key,round_no,player_id),unique(run_id,player_id,client_request_id));",PRIMARY_KEY|NOT_NULL|DEFAULT|REFERENCES|UNIQUE,NOT_VERIFIED_ORIGINAL_DECLARATION_ONLY,database/033_sprint6_act9_13_runtime.sql,database/035_sprint6_focused_audit_corrections.sql,NO_LIVE_RUN_VALUE_TIMELINE,0,NOT_OBSERVED,LITERAL_LINKS_AND_CANDIDATES_CAPTURED,RAW_HISTORICAL_WRITE_LOCATIONS_CAPTURED,RAW_HISTORICAL_READ_LOCATIONS_CAPTURED,ORIGINAL_DDL_CAPTURED_NOT_FINAL_SCHEMA,MIGRATION_CHRONOLOGY_CAPTURED_NO_LIVE_TIMELINE,TEST_REFERENCES_INDEXED_NO_LIVE_SAMPLES,NOT_STARTED,,,,docs/plans/authority-field-audit-v2/
F0358,s6_choices#07,s6_choices,response_latency_ms,7,1,YES,cfea5155712c0ff416e40ff59e0c49c615fcb4a8,database/033_sprint6_act9_13_runtime.sql:L15,game_runs#run_id|s1_room_players#player_id,0,NOT_ADJUDICATED,6,4,POSITIONAL_WRITE,database/033_sprint6_act9_13_runtime.sql:L40@s6_submit_group_choice[INSERT positional/all columns]{POSITIONAL_WRITE} | database/033_sprint6_act9_13_runtime.sql:L49@s6_submit_private_choice[INSERT positional/all columns]{POSITIONAL_WRITE},3,1,0,0,database/065_package_b_player_wait_projection.sql:L11@s9_get_player_wait_state[SELECT * INTO row] | database/066_package_b_wait_projection_locked_at_fix.sql:L11@s9_get_player_wait_state[SELECT * INTO row],database/033_sprint6_act9_13_runtime.sql:L15,"create table public.s6_choices(run_id uuid references public.game_runs(run_id),phase_key text,round_no int,player_id uuid references public.s1_room_players(player_id),choice_id text,client_request_id uuid,response_latency_ms int,role_context text,locked_at timestamptz not null default now(),primary key(run_id,phase_key,round_no,player_id),unique(run_id,player_id,client_request_id));",PRIMARY_KEY|NOT_NULL|DEFAULT|REFERENCES|UNIQUE,NOT_VERIFIED_ORIGINAL_DECLARATION_ONLY,database/033_sprint6_act9_13_runtime.sql,database/035_sprint6_focused_audit_corrections.sql,NO_LIVE_RUN_VALUE_TIMELINE,0,NOT_OBSERVED,LITERAL_LINKS_AND_CANDIDATES_CAPTURED,RAW_HISTORICAL_WRITE_LOCATIONS_CAPTURED,RAW_HISTORICAL_READ_LOCATIONS_CAPTURED,ORIGINAL_DDL_CAPTURED_NOT_FINAL_SCHEMA,MIGRATION_CHRONOLOGY_CAPTURED_NO_LIVE_TIMELINE,TEST_REFERENCES_INDEXED_NO_LIVE_SAMPLES,NOT_STARTED,,,,docs/plans/authority-field-audit-v2/
F0359,s6_choices#08,s6_choices,role_context,8,1,YES,cfea5155712c0ff416e40ff59e0c49c615fcb4a8,database/033_sprint6_act9_13_runtime.sql:L15,game_runs#run_id|s1_room_players#player_id,0,NOT_ADJUDICATED,6,4,POSITIONAL_WRITE,database/033_sprint6_act9_13_runtime.sql:L40@s6_submit_group_choice[INSERT positional/all columns]{POSITIONAL_WRITE} | database/033_sprint6_act9_13_runtime.sql:L49@s6_submit_private_choice[INSERT positional/all columns]{POSITIONAL_WRITE},3,1,0,0,database/065_package_b_player_wait_projection.sql:L11@s9_get_player_wait_state[SELECT * INTO row] | database/066_package_b_wait_projection_locked_at_fix.sql:L11@s9_get_player_wait_state[SELECT * INTO row],database/033_sprint6_act9_13_runtime.sql:L15,"create table public.s6_choices(run_id uuid references public.game_runs(run_id),phase_key text,round_no int,player_id uuid references public.s1_room_players(player_id),choice_id text,client_request_id uuid,response_latency_ms int,role_context text,locked_at timestamptz not null default now(),primary key(run_id,phase_key,round_no,player_id),unique(run_id,player_id,client_request_id));",PRIMARY_KEY|NOT_NULL|DEFAULT|REFERENCES|UNIQUE,NOT_VERIFIED_ORIGINAL_DECLARATION_ONLY,database/033_sprint6_act9_13_runtime.sql,database/035_sprint6_focused_audit_corrections.sql,NO_LIVE_RUN_VALUE_TIMELINE,0,NOT_OBSERVED,LITERAL_LINKS_AND_CANDIDATES_CAPTURED,RAW_HISTORICAL_WRITE_LOCATIONS_CAPTURED,RAW_HISTORICAL_READ_LOCATIONS_CAPTURED,ORIGINAL_DDL_CAPTURED_NOT_FINAL_SCHEMA,MIGRATION_CHRONOLOGY_CAPTURED_NO_LIVE_TIMELINE,TEST_REFERENCES_INDEXED_NO_LIVE_SAMPLES,NOT_STARTED,,,,docs/plans/authority-field-audit-v2/
F0360,s6_choices#09,s6_choices,locked_at,9,7,NO,cfea5155712c0ff416e40ff59e0c49c615fcb4a8,database/033_sprint6_act9_13_runtime.sql:L15,game_runs#run_id|s1_room_players#player_id,0,NOT_ADJUDICATED,6,4,POSITIONAL_WRITE,database/033_sprint6_act9_13_runtime.sql:L40@s6_submit_group_choice[INSERT positional/all columns]{POSITIONAL_WRITE} | database/033_sprint6_act9_13_runtime.sql:L49@s6_submit_private_choice[INSERT positional/all columns]{POSITIONAL_WRITE},3,1,0,0,database/065_package_b_player_wait_projection.sql:L11@s9_get_player_wait_state[SELECT * INTO row] | database/066_package_b_wait_projection_locked_at_fix.sql:L11@s9_get_player_wait_state[SELECT * INTO row],database/033_sprint6_act9_13_runtime.sql:L15,"create table public.s6_choices(run_id uuid references public.game_runs(run_id),phase_key text,round_no int,player_id uuid references public.s1_room_players(player_id),choice_id text,client_request_id uuid,response_latency_ms int,role_context text,locked_at timestamptz not null default now(),primary key(run_id,phase_key,round_no,player_id),unique(run_id,player_id,client_request_id));",PRIMARY_KEY|NOT_NULL|DEFAULT|REFERENCES|UNIQUE,NOT_VERIFIED_ORIGINAL_DECLARATION_ONLY,database/033_sprint6_act9_13_runtime.sql,database/035_sprint6_focused_audit_corrections.sql,NO_LIVE_RUN_VALUE_TIMELINE,0,NOT_OBSERVED,LITERAL_LINKS_AND_CANDIDATES_CAPTURED,RAW_HISTORICAL_WRITE_LOCATIONS_CAPTURED,RAW_HISTORICAL_READ_LOCATIONS_CAPTURED,ORIGINAL_DDL_CAPTURED_NOT_FINAL_SCHEMA,MIGRATION_CHRONOLOGY_CAPTURED_NO_LIVE_TIMELINE,TEST_REFERENCES_INDEXED_NO_LIVE_SAMPLES,NOT_STARTED,,,,docs/plans/authority-field-audit-v2/
F0361,s6_choices#10,s6_choices,action_step,10,1,YES,cfea5155712c0ff416e40ff59e0c49c615fcb4a8,database/049_sprint8_final_closure.sql:L5,,1,NOT_ADJUDICATED,7,5,POSITIONAL_WRITE|DERIVED_OR_COPY,database/033_sprint6_act9_13_runtime.sql:L40@s6_submit_group_choice[INSERT positional/all columns]{POSITIONAL_WRITE} | database/033_sprint6_act9_13_runtime.sql:L49@s6_submit_private_choice[INSERT positional/all columns]{POSITIONAL_WRITE},4,2,0,2,database/049_sprint8_final_closure.sql:L115@s8_verify_integrity[qualified/rowtype field reference] | database/065_package_b_player_wait_projection.sql:L11@s9_get_player_wait_state[SELECT * INTO row],database/049_sprint8_final_closure.sql:L5,alter table public.s6_choices add column if not exists action_step integer;,NO_INLINE_MARKER,NOT_VERIFIED_ORIGINAL_DECLARATION_ONLY,database/049_sprint8_final_closure.sql,database/049_sprint8_final_closure.sql,NO_LIVE_RUN_VALUE_TIMELINE,1,NOT_OBSERVED,LITERAL_LINKS_AND_CANDIDATES_CAPTURED,RAW_HISTORICAL_WRITE_LOCATIONS_CAPTURED,RAW_HISTORICAL_READ_LOCATIONS_CAPTURED,ORIGINAL_DDL_CAPTURED_NOT_FINAL_SCHEMA,MIGRATION_CHRONOLOGY_CAPTURED_NO_LIVE_TIMELINE,TEST_REFERENCES_INDEXED_NO_LIVE_SAMPLES,NOT_STARTED,,,,docs/plans/authority-field-audit-v2/
F0362,s6_engagements#01,s6_engagements,run_id,1,36,NO,cfea5155712c0ff416e40ff59e0c49c615fcb4a8,database/033_sprint6_act9_13_runtime.sql:L17,game_runs#run_id|s1_room_players#player_id,0,NOT_ADJUDICATED,3,2,POSITIONAL_WRITE,database/033_sprint6_act9_13_runtime.sql:L55@s6_engage[INSERT positional/all columns]{POSITIONAL_WRITE} | database/035_sprint6_focused_audit_corrections.sql:L65@s6_engage[INSERT positional/all columns]{POSITIONAL_WRITE},0,0,0,0,,database/033_sprint6_act9_13_runtime.sql:L17,"create table public.s6_engagements(run_id uuid references public.game_runs(run_id),role_key text,player_id uuid references public.s1_room_players(player_id),engaged_at timestamptz not null default now(),primary key(run_id,role_key));",PRIMARY_KEY|NOT_NULL|DEFAULT|REFERENCES,NOT_VERIFIED_ORIGINAL_DECLARATION_ONLY,database/033_sprint6_act9_13_runtime.sql,database/035_sprint6_focused_audit_corrections.sql,NO_LIVE_RUN_VALUE_TIMELINE,0,NOT_OBSERVED,LITERAL_LINKS_AND_CANDIDATES_CAPTURED,RAW_HISTORICAL_WRITE_LOCATIONS_CAPTURED,RAW_HISTORICAL_READ_LOCATIONS_CAPTURED,ORIGINAL_DDL_CAPTURED_NOT_FINAL_SCHEMA,MIGRATION_CHRONOLOGY_CAPTURED_NO_LIVE_TIMELINE,TEST_REFERENCES_INDEXED_NO_LIVE_SAMPLES,NOT_STARTED,,,,docs/plans/authority-field-audit-v2/
F0363,s6_engagements#02,s6_engagements,role_key,2,4,NO,cfea5155712c0ff416e40ff59e0c49c615fcb4a8,database/033_sprint6_act9_13_runtime.sql:L17,game_runs#run_id|s1_room_players#player_id,0,NOT_ADJUDICATED,3,2,POSITIONAL_WRITE,database/033_sprint6_act9_13_runtime.sql:L55@s6_engage[INSERT positional/all columns]{POSITIONAL_WRITE} | database/035_sprint6_focused_audit_corrections.sql:L65@s6_engage[INSERT positional/all columns]{POSITIONAL_WRITE},0,0,0,0,,database/033_sprint6_act9_13_runtime.sql:L17,"create table public.s6_engagements(run_id uuid references public.game_runs(run_id),role_key text,player_id uuid references public.s1_room_players(player_id),engaged_at timestamptz not null default now(),primary key(run_id,role_key));",PRIMARY_KEY|NOT_NULL|DEFAULT|REFERENCES,NOT_VERIFIED_ORIGINAL_DECLARATION_ONLY,database/033_sprint6_act9_13_runtime.sql,database/035_sprint6_focused_audit_corrections.sql,NO_LIVE_RUN_VALUE_TIMELINE,0,NOT_OBSERVED,LITERAL_LINKS_AND_CANDIDATES_CAPTURED,RAW_HISTORICAL_WRITE_LOCATIONS_CAPTURED,RAW_HISTORICAL_READ_LOCATIONS_CAPTURED,ORIGINAL_DDL_CAPTURED_NOT_FINAL_SCHEMA,MIGRATION_CHRONOLOGY_CAPTURED_NO_LIVE_TIMELINE,TEST_REFERENCES_INDEXED_NO_LIVE_SAMPLES,NOT_STARTED,,,,docs/plans/authority-field-audit-v2/
F0364,s6_engagements#03,s6_engagements,player_id,3,24,NO,cfea5155712c0ff416e40ff59e0c49c615fcb4a8,database/033_sprint6_act9_13_runtime.sql:L17,game_runs#run_id|s1_room_players#player_id,0,NOT_ADJUDICATED,3,2,POSITIONAL_WRITE,database/033_sprint6_act9_13_runtime.sql:L55@s6_engage[INSERT positional/all columns]{POSITIONAL_WRITE} | database/035_sprint6_focused_audit_corrections.sql:L65@s6_engage[INSERT positional/all columns]{POSITIONAL_WRITE},0,0,0,0,,database/033_sprint6_act9_13_runtime.sql:L17,"create table public.s6_engagements(run_id uuid references public.game_runs(run_id),role_key text,player_id uuid references public.s1_room_players(player_id),engaged_at timestamptz not null default now(),primary key(run_id,role_key));",PRIMARY_KEY|NOT_NULL|DEFAULT|REFERENCES,NOT_VERIFIED_ORIGINAL_DECLARATION_ONLY,database/033_sprint6_act9_13_runtime.sql,database/035_sprint6_focused_audit_corrections.sql,NO_LIVE_RUN_VALUE_TIMELINE,0,NOT_OBSERVED,LITERAL_LINKS_AND_CANDIDATES_CAPTURED,RAW_HISTORICAL_WRITE_LOCATIONS_CAPTURED,RAW_HISTORICAL_READ_LOCATIONS_CAPTURED,ORIGINAL_DDL_CAPTURED_NOT_FINAL_SCHEMA,MIGRATION_CHRONOLOGY_CAPTURED_NO_LIVE_TIMELINE,TEST_REFERENCES_INDEXED_NO_LIVE_SAMPLES,NOT_STARTED,,,,docs/plans/authority-field-audit-v2/
F0365,s6_engagements#04,s6_engagements,engaged_at,4,1,YES,cfea5155712c0ff416e40ff59e0c49c615fcb4a8,database/033_sprint6_act9_13_runtime.sql:L17,game_runs#run_id|s1_room_players#player_id,0,NOT_ADJUDICATED,3,2,POSITIONAL_WRITE,database/033_sprint6_act9_13_runtime.sql:L55@s6_engage[INSERT positional/all columns]{POSITIONAL_WRITE} | database/035_sprint6_focused_audit_corrections.sql:L65@s6_engage[INSERT positional/all columns]{POSITIONAL_WRITE},0,0,0,0,,database/033_sprint6_act9_13_runtime.sql:L17,"create table public.s6_engagements(run_id uuid references public.game_runs(run_id),role_key text,player_id uuid references public.s1_room_players(player_id),engaged_at timestamptz not null default now(),primary key(run_id,role_key));",PRIMARY_KEY|NOT_NULL|DEFAULT|REFERENCES,NOT_VERIFIED_ORIGINAL_DECLARATION_ONLY,database/033_sprint6_act9_13_runtime.sql,database/035_sprint6_focused_audit_corrections.sql,NO_LIVE_RUN_VALUE_TIMELINE,0,NOT_OBSERVED,LITERAL_LINKS_AND_CANDIDATES_CAPTURED,RAW_HISTORICAL_WRITE_LOCATIONS_CAPTURED,RAW_HISTORICAL_READ_LOCATIONS_CAPTURED,ORIGINAL_DDL_CAPTURED_NOT_FINAL_SCHEMA,MIGRATION_CHRONOLOGY_CAPTURED_NO_LIVE_TIMELINE,TEST_REFERENCES_INDEXED_NO_LIVE_SAMPLES,NOT_STARTED,,,,docs/plans/authority-field-audit-v2/
F0366,s6_private_clues#01,s6_private_clues,run_id,1,36,NO,cfea5155712c0ff416e40ff59e0c49c615fcb4a8,database/033_sprint6_act9_13_runtime.sql:L14,game_runs#run_id|s1_room_players#player_id,0,NOT_ADJUDICATED,1,1,POSITIONAL_WRITE,database/033_sprint6_act9_13_runtime.sql:L30@s6_deliver_clues[INSERT positional/all columns]{POSITIONAL_WRITE},0,0,0,0,,database/033_sprint6_act9_13_runtime.sql:L14,"create table public.s6_private_clues(run_id uuid references public.game_runs(run_id),player_id uuid references public.s1_room_players(player_id),act_no int,knowledge_key text,text_key text,delivered_at timestamptz not null default now(),primary key(run_id,player_id,act_no));",PRIMARY_KEY|NOT_NULL|DEFAULT|REFERENCES,NOT_VERIFIED_ORIGINAL_DECLARATION_ONLY,database/033_sprint6_act9_13_runtime.sql,database/033_sprint6_act9_13_runtime.sql,NO_LIVE_RUN_VALUE_TIMELINE,0,NOT_OBSERVED,LITERAL_LINKS_AND_CANDIDATES_CAPTURED,RAW_HISTORICAL_WRITE_LOCATIONS_CAPTURED,RAW_HISTORICAL_READ_LOCATIONS_CAPTURED,ORIGINAL_DDL_CAPTURED_NOT_FINAL_SCHEMA,MIGRATION_CHRONOLOGY_CAPTURED_NO_LIVE_TIMELINE,TEST_REFERENCES_INDEXED_NO_LIVE_SAMPLES,NOT_STARTED,,,,docs/plans/authority-field-audit-v2/
F0367,s6_private_clues#02,s6_private_clues,player_id,2,24,NO,cfea5155712c0ff416e40ff59e0c49c615fcb4a8,database/033_sprint6_act9_13_runtime.sql:L14,game_runs#run_id|s1_room_players#player_id,0,NOT_ADJUDICATED,1,1,POSITIONAL_WRITE,database/033_sprint6_act9_13_runtime.sql:L30@s6_deliver_clues[INSERT positional/all columns]{POSITIONAL_WRITE},0,0,0,0,,database/033_sprint6_act9_13_runtime.sql:L14,"create table public.s6_private_clues(run_id uuid references public.game_runs(run_id),player_id uuid references public.s1_room_players(player_id),act_no int,knowledge_key text,text_key text,delivered_at timestamptz not null default now(),primary key(run_id,player_id,act_no));",PRIMARY_KEY|NOT_NULL|DEFAULT|REFERENCES,NOT_VERIFIED_ORIGINAL_DECLARATION_ONLY,database/033_sprint6_act9_13_runtime.sql,database/033_sprint6_act9_13_runtime.sql,NO_LIVE_RUN_VALUE_TIMELINE,0,NOT_OBSERVED,LITERAL_LINKS_AND_CANDIDATES_CAPTURED,RAW_HISTORICAL_WRITE_LOCATIONS_CAPTURED,RAW_HISTORICAL_READ_LOCATIONS_CAPTURED,ORIGINAL_DDL_CAPTURED_NOT_FINAL_SCHEMA,MIGRATION_CHRONOLOGY_CAPTURED_NO_LIVE_TIMELINE,TEST_REFERENCES_INDEXED_NO_LIVE_SAMPLES,NOT_STARTED,,,,docs/plans/authority-field-audit-v2/
F0368,s6_private_clues#03,s6_private_clues,act_no,3,4,NO,cfea5155712c0ff416e40ff59e0c49c615fcb4a8,database/033_sprint6_act9_13_runtime.sql:L14,game_runs#run_id|s1_room_players#player_id,0,NOT_ADJUDICATED,1,1,POSITIONAL_WRITE,database/033_sprint6_act9_13_runtime.sql:L30@s6_deliver_clues[INSERT positional/all columns]{POSITIONAL_WRITE},0,0,0,0,,database/033_sprint6_act9_13_runtime.sql:L14,"create table public.s6_private_clues(run_id uuid references public.game_runs(run_id),player_id uuid references public.s1_room_players(player_id),act_no int,knowledge_key text,text_key text,delivered_at timestamptz not null default now(),primary key(run_id,player_id,act_no));",PRIMARY_KEY|NOT_NULL|DEFAULT|REFERENCES,NOT_VERIFIED_ORIGINAL_DECLARATION_ONLY,database/033_sprint6_act9_13_runtime.sql,database/033_sprint6_act9_13_runtime.sql,NO_LIVE_RUN_VALUE_TIMELINE,0,NOT_OBSERVED,LITERAL_LINKS_AND_CANDIDATES_CAPTURED,RAW_HISTORICAL_WRITE_LOCATIONS_CAPTURED,RAW_HISTORICAL_READ_LOCATIONS_CAPTURED,ORIGINAL_DDL_CAPTURED_NOT_FINAL_SCHEMA,MIGRATION_CHRONOLOGY_CAPTURED_NO_LIVE_TIMELINE,TEST_REFERENCES_INDEXED_NO_LIVE_SAMPLES,NOT_STARTED,,,,docs/plans/authority-field-audit-v2/
F0369,s6_private_clues#04,s6_private_clues,knowledge_key,4,3,NO,cfea5155712c0ff416e40ff59e0c49c615fcb4a8,database/033_sprint6_act9_13_runtime.sql:L14,game_runs#run_id|s1_room_players#player_id,0,NOT_ADJUDICATED,1,1,POSITIONAL_WRITE,database/033_sprint6_act9_13_runtime.sql:L30@s6_deliver_clues[INSERT positional/all columns]{POSITIONAL_WRITE},0,0,0,0,,database/033_sprint6_act9_13_runtime.sql:L14,"create table public.s6_private_clues(run_id uuid references public.game_runs(run_id),player_id uuid references public.s1_room_players(player_id),act_no int,knowledge_key text,text_key text,delivered_at timestamptz not null default now(),primary key(run_id,player_id,act_no));",PRIMARY_KEY|NOT_NULL|DEFAULT|REFERENCES,NOT_VERIFIED_ORIGINAL_DECLARATION_ONLY,database/033_sprint6_act9_13_runtime.sql,database/033_sprint6_act9_13_runtime.sql,NO_LIVE_RUN_VALUE_TIMELINE,0,NOT_OBSERVED,LITERAL_LINKS_AND_CANDIDATES_CAPTURED,RAW_HISTORICAL_WRITE_LOCATIONS_CAPTURED,RAW_HISTORICAL_READ_LOCATIONS_CAPTURED,ORIGINAL_DDL_CAPTURED_NOT_FINAL_SCHEMA,MIGRATION_CHRONOLOGY_CAPTURED_NO_LIVE_TIMELINE,TEST_REFERENCES_INDEXED_NO_LIVE_SAMPLES,NOT_STARTED,,,,docs/plans/authority-field-audit-v2/
F0370,s6_private_clues#05,s6_private_clues,text_key,5,2,NO,cfea5155712c0ff416e40ff59e0c49c615fcb4a8,database/033_sprint6_act9_13_runtime.sql:L14,game_runs#run_id|s1_room_players#player_id,0,NOT_ADJUDICATED,1,1,POSITIONAL_WRITE,database/033_sprint6_act9_13_runtime.sql:L30@s6_deliver_clues[INSERT positional/all columns]{POSITIONAL_WRITE},0,0,0,0,,database/033_sprint6_act9_13_runtime.sql:L14,"create table public.s6_private_clues(run_id uuid references public.game_runs(run_id),player_id uuid references public.s1_room_players(player_id),act_no int,knowledge_key text,text_key text,delivered_at timestamptz not null default now(),primary key(run_id,player_id,act_no));",PRIMARY_KEY|NOT_NULL|DEFAULT|REFERENCES,NOT_VERIFIED_ORIGINAL_DECLARATION_ONLY,database/033_sprint6_act9_13_runtime.sql,database/033_sprint6_act9_13_runtime.sql,NO_LIVE_RUN_VALUE_TIMELINE,0,NOT_OBSERVED,LITERAL_LINKS_AND_CANDIDATES_CAPTURED,RAW_HISTORICAL_WRITE_LOCATIONS_CAPTURED,RAW_HISTORICAL_READ_LOCATIONS_CAPTURED,ORIGINAL_DDL_CAPTURED_NOT_FINAL_SCHEMA,MIGRATION_CHRONOLOGY_CAPTURED_NO_LIVE_TIMELINE,TEST_REFERENCES_INDEXED_NO_LIVE_SAMPLES,NOT_STARTED,,,,docs/plans/authority-field-audit-v2/
F0371,s6_private_clues#06,s6_private_clues,delivered_at,6,2,NO,cfea5155712c0ff416e40ff59e0c49c615fcb4a8,database/033_sprint6_act9_13_runtime.sql:L14,game_runs#run_id|s1_room_players#player_id,0,NOT_ADJUDICATED,1,1,POSITIONAL_WRITE,database/033_sprint6_act9_13_runtime.sql:L30@s6_deliver_clues[INSERT positional/all columns]{POSITIONAL_WRITE},0,0,0,0,,database/033_sprint6_act9_13_runtime.sql:L14,"create table public.s6_private_clues(run_id uuid references public.game_runs(run_id),player_id uuid references public.s1_room_players(player_id),act_no int,knowledge_key text,text_key text,delivered_at timestamptz not null default now(),primary key(run_id,player_id,act_no));",PRIMARY_KEY|NOT_NULL|DEFAULT|REFERENCES,NOT_VERIFIED_ORIGINAL_DECLARATION_ONLY,database/033_sprint6_act9_13_runtime.sql,database/033_sprint6_act9_13_runtime.sql,NO_LIVE_RUN_VALUE_TIMELINE,0,NOT_OBSERVED,LITERAL_LINKS_AND_CANDIDATES_CAPTURED,RAW_HISTORICAL_WRITE_LOCATIONS_CAPTURED,RAW_HISTORICAL_READ_LOCATIONS_CAPTURED,ORIGINAL_DDL_CAPTURED_NOT_FINAL_SCHEMA,MIGRATION_CHRONOLOGY_CAPTURED_NO_LIVE_TIMELINE,TEST_REFERENCES_INDEXED_NO_LIVE_SAMPLES,NOT_STARTED,,,,docs/plans/authority-field-audit-v2/
F0372,s6_run_state#01,s6_run_state,run_id,1,36,NO,cfea5155712c0ff416e40ff59e0c49c615fcb4a8,database/033_sprint6_act9_13_runtime.sql:L3,,0,NOT_ADJUDICATED,3,2,DIRECT_OR_COMPUTED,database/033_sprint6_act9_13_runtime.sql:L33@s6_initialize[INSERT explicit column]{DIRECT_OR_COMPUTED} | database/035_sprint6_focused_audit_corrections.sql:L38@s6_initialize[INSERT explicit column]{DIRECT_OR_COMPUTED},15,6,0,3,database/033_sprint6_act9_13_runtime.sql:L57@s6_get_player_state[to_jsonb(row) exposes field] | database/034_sprint6_contract_hardening.sql:L25@s6_get_player_state[to_jsonb(row) exposes field],database/033_sprint6_act9_13_runtime.sql:L3,create table public.s6_run_state(,NO_INLINE_MARKER,NOT_VERIFIED_ORIGINAL_DECLARATION_ONLY,database/033_sprint6_act9_13_runtime.sql,database/037_level3_independent_audit_closure.sql,NO_LIVE_RUN_VALUE_TIMELINE,0,NOT_OBSERVED,LITERAL_LINKS_AND_CANDIDATES_CAPTURED,RAW_HISTORICAL_WRITE_LOCATIONS_CAPTURED,RAW_HISTORICAL_READ_LOCATIONS_CAPTURED,ORIGINAL_DDL_CAPTURED_NOT_FINAL_SCHEMA,MIGRATION_CHRONOLOGY_CAPTURED_NO_LIVE_TIMELINE,TEST_REFERENCES_INDEXED_NO_LIVE_SAMPLES,NOT_STARTED,,,,docs/plans/authority-field-audit-v2/
F0373,s6_run_state#02,s6_run_state,act_no,2,4,NO,cfea5155712c0ff416e40ff59e0c49c615fcb4a8,database/033_sprint6_act9_13_runtime.sql:L4,game_runs#run_id,0,NOT_ADJUDICATED,15,9,DIRECT_OR_COMPUTED,database/033_sprint6_act9_13_runtime.sql:L47@s6_submit_group_choice[UPDATE SET]{DIRECT_OR_COMPUTED} | database/033_sprint6_act9_13_runtime.sql:L49@s6_submit_private_choice[UPDATE SET]{DIRECT_OR_COMPUTED},25,7,0,3,database/033_sprint6_act9_13_runtime.sql:L57@s6_get_player_state[qualified/rowtype field reference] | database/033_sprint6_act9_13_runtime.sql:L57@s6_get_player_state[to_jsonb(row) exposes field],database/033_sprint6_act9_13_runtime.sql:L4," run_id uuid primary key references public.game_runs(run_id),act_no int not null default 9,",PRIMARY_KEY|NOT_NULL|DEFAULT|REFERENCES,NOT_VERIFIED_ORIGINAL_DECLARATION_ONLY,database/033_sprint6_act9_13_runtime.sql,database/049_sprint8_final_closure.sql,NO_LIVE_RUN_VALUE_TIMELINE,0,NOT_OBSERVED,LITERAL_LINKS_AND_CANDIDATES_CAPTURED,RAW_HISTORICAL_WRITE_LOCATIONS_CAPTURED,RAW_HISTORICAL_READ_LOCATIONS_CAPTURED,ORIGINAL_DDL_CAPTURED_NOT_FINAL_SCHEMA,MIGRATION_CHRONOLOGY_CAPTURED_NO_LIVE_TIMELINE,TEST_REFERENCES_INDEXED_NO_LIVE_SAMPLES,NOT_STARTED,,,,docs/plans/authority-field-audit-v2/
F0374,s6_run_state#03,s6_run_state,phase_key,3,13,NO,cfea5155712c0ff416e40ff59e0c49c615fcb4a8,database/033_sprint6_act9_13_runtime.sql:L4,game_runs#run_id,0,NOT_ADJUDICATED,27,15,DIRECT_OR_COMPUTED,database/033_sprint6_act9_13_runtime.sql:L35@s6_open_act9_console[UPDATE SET]{DIRECT_OR_COMPUTED} | database/033_sprint6_act9_13_runtime.sql:L43@s6_submit_group_choice[UPDATE SET]{DIRECT_OR_COMPUTED},70,19,0,4,database/033_sprint6_act9_13_runtime.sql:L40@s6_submit_group_choice[qualified/rowtype field reference] | database/033_sprint6_act9_13_runtime.sql:L42@s6_submit_group_choice[qualified/rowtype field reference],database/033_sprint6_act9_13_runtime.sql:L4," run_id uuid primary key references public.game_runs(run_id),act_no int not null default 9,",PRIMARY_KEY|NOT_NULL|DEFAULT|REFERENCES,NOT_VERIFIED_ORIGINAL_DECLARATION_ONLY,database/033_sprint6_act9_13_runtime.sql,database/049_sprint8_final_closure.sql,NO_LIVE_RUN_VALUE_TIMELINE,0,NOT_OBSERVED,LITERAL_LINKS_AND_CANDIDATES_CAPTURED,RAW_HISTORICAL_WRITE_LOCATIONS_CAPTURED,RAW_HISTORICAL_READ_LOCATIONS_CAPTURED,ORIGINAL_DDL_CAPTURED_NOT_FINAL_SCHEMA,MIGRATION_CHRONOLOGY_CAPTURED_NO_LIVE_TIMELINE,TEST_REFERENCES_INDEXED_NO_LIVE_SAMPLES,NOT_STARTED,,,,docs/plans/authority-field-audit-v2/
F0375,s6_run_state#04,s6_run_state,act9_step,4,1,YES,cfea5155712c0ff416e40ff59e0c49c615fcb4a8,database/033_sprint6_act9_13_runtime.sql:L5,,0,NOT_ADJUDICATED,6,2,DIRECT_OR_COMPUTED,database/033_sprint6_act9_13_runtime.sql:L46@s6_submit_group_choice[UPDATE SET]{DIRECT_OR_COMPUTED} | database/033_sprint6_act9_13_runtime.sql:L47@s6_submit_group_choice[UPDATE SET]{DIRECT_OR_COMPUTED},31,9,4,2,database/033_sprint6_act9_13_runtime.sql:L44@s6_submit_group_choice[qualified/rowtype field reference] | database/033_sprint6_act9_13_runtime.sql:L45@s6_submit_group_choice[qualified/rowtype field reference],database/033_sprint6_act9_13_runtime.sql:L5," phase_key text not null default 'act9_discussion',act9_step int not null default 1,round_no int not null default 1,",NOT_NULL|DEFAULT,NOT_VERIFIED_ORIGINAL_DECLARATION_ONLY,database/033_sprint6_act9_13_runtime.sql,database/035_sprint6_focused_audit_corrections.sql,NO_LIVE_RUN_VALUE_TIMELINE,0,NOT_OBSERVED,LITERAL_LINKS_AND_CANDIDATES_CAPTURED,RAW_HISTORICAL_WRITE_LOCATIONS_CAPTURED,RAW_HISTORICAL_READ_LOCATIONS_CAPTURED,ORIGINAL_DDL_CAPTURED_NOT_FINAL_SCHEMA,MIGRATION_CHRONOLOGY_CAPTURED_NO_LIVE_TIMELINE,TEST_REFERENCES_INDEXED_NO_LIVE_SAMPLES,NOT_STARTED,,,,docs/plans/authority-field-audit-v2/
F0376,s6_run_state#05,s6_run_state,round_no,5,4,NO,cfea5155712c0ff416e40ff59e0c49c615fcb4a8,database/033_sprint6_act9_13_runtime.sql:L5,,0,NOT_ADJUDICATED,24,10,DIRECT_OR_COMPUTED,database/033_sprint6_act9_13_runtime.sql:L41@s6_submit_group_choice[UPDATE SET]{DIRECT_OR_COMPUTED} | database/033_sprint6_act9_13_runtime.sql:L45@s6_submit_group_choice[UPDATE SET]{DIRECT_OR_COMPUTED},38,12,0,2,database/033_sprint6_act9_13_runtime.sql:L40@s6_submit_group_choice[qualified/rowtype field reference] | database/033_sprint6_act9_13_runtime.sql:L42@s6_submit_group_choice[qualified/rowtype field reference],database/033_sprint6_act9_13_runtime.sql:L5," phase_key text not null default 'act9_discussion',act9_step int not null default 1,round_no int not null default 1,",NOT_NULL|DEFAULT,NOT_VERIFIED_ORIGINAL_DECLARATION_ONLY,database/033_sprint6_act9_13_runtime.sql,database/035_sprint6_focused_audit_corrections.sql,NO_LIVE_RUN_VALUE_TIMELINE,0,NOT_OBSERVED,LITERAL_LINKS_AND_CANDIDATES_CAPTURED,RAW_HISTORICAL_WRITE_LOCATIONS_CAPTURED,RAW_HISTORICAL_READ_LOCATIONS_CAPTURED,ORIGINAL_DDL_CAPTURED_NOT_FINAL_SCHEMA,MIGRATION_CHRONOLOGY_CAPTURED_NO_LIVE_TIMELINE,TEST_REFERENCES_INDEXED_NO_LIVE_SAMPLES,NOT_STARTED,,,,docs/plans/authority-field-audit-v2/
F0377,s6_run_state#06,s6_run_state,red_activated,6,1,YES,cfea5155712c0ff416e40ff59e0c49c615fcb4a8,database/033_sprint6_act9_13_runtime.sql:L5,,0,NOT_ADJUDICATED,6,2,DIRECT_OR_COMPUTED,database/033_sprint6_act9_13_runtime.sql:L46@s6_submit_group_choice[UPDATE SET]{DIRECT_OR_COMPUTED} | database/033_sprint6_act9_13_runtime.sql:L47@s6_submit_group_choice[UPDATE SET]{DIRECT_OR_COMPUTED},16,6,0,0,database/033_sprint6_act9_13_runtime.sql:L57@s6_get_player_state[to_jsonb(row) exposes field] | database/034_sprint6_contract_hardening.sql:L25@s6_get_player_state[to_jsonb(row) exposes field],database/033_sprint6_act9_13_runtime.sql:L5," phase_key text not null default 'act9_discussion',act9_step int not null default 1,round_no int not null default 1,",NOT_NULL|DEFAULT,NOT_VERIFIED_ORIGINAL_DECLARATION_ONLY,database/033_sprint6_act9_13_runtime.sql,database/035_sprint6_focused_audit_corrections.sql,NO_LIVE_RUN_VALUE_TIMELINE,0,NOT_OBSERVED,LITERAL_LINKS_AND_CANDIDATES_CAPTURED,RAW_HISTORICAL_WRITE_LOCATIONS_CAPTURED,RAW_HISTORICAL_READ_LOCATIONS_CAPTURED,ORIGINAL_DDL_CAPTURED_NOT_FINAL_SCHEMA,MIGRATION_CHRONOLOGY_CAPTURED_NO_LIVE_TIMELINE,TEST_REFERENCES_INDEXED_NO_LIVE_SAMPLES,NOT_STARTED,,,,docs/plans/authority-field-audit-v2/
F0378,s6_run_state#07,s6_run_state,blue_activated,7,1,YES,cfea5155712c0ff416e40ff59e0c49c615fcb4a8,database/033_sprint6_act9_13_runtime.sql:L6,,3,NOT_ADJUDICATED,6,2,DIRECT_OR_COMPUTED|DERIVED_OR_COPY,database/033_sprint6_act9_13_runtime.sql:L46@s6_submit_group_choice[UPDATE SET]{DIRECT_OR_COMPUTED} | database/033_sprint6_act9_13_runtime.sql:L47@s6_submit_group_choice[UPDATE SET]{DERIVED_OR_COPY},16,6,0,0,database/033_sprint6_act9_13_runtime.sql:L57@s6_get_player_state[to_jsonb(row) exposes field] | database/034_sprint6_contract_hardening.sql:L25@s6_get_player_state[to_jsonb(row) exposes field],database/033_sprint6_act9_13_runtime.sql:L6," red_activated boolean not null default false,blue_activated boolean not null default false,",NOT_NULL|DEFAULT,NOT_VERIFIED_ORIGINAL_DECLARATION_ONLY,database/033_sprint6_act9_13_runtime.sql,database/035_sprint6_focused_audit_corrections.sql,NO_LIVE_RUN_VALUE_TIMELINE,0,NOT_OBSERVED,LITERAL_LINKS_AND_CANDIDATES_CAPTURED,RAW_HISTORICAL_WRITE_LOCATIONS_CAPTURED,RAW_HISTORICAL_READ_LOCATIONS_CAPTURED,ORIGINAL_DDL_CAPTURED_NOT_FINAL_SCHEMA,MIGRATION_CHRONOLOGY_CAPTURED_NO_LIVE_TIMELINE,TEST_REFERENCES_INDEXED_NO_LIVE_SAMPLES,NOT_STARTED,,,,docs/plans/authority-field-audit-v2/
F0379,s6_run_state#08,s6_run_state,gold_key,8,1,YES,cfea5155712c0ff416e40ff59e0c49c615fcb4a8,database/033_sprint6_act9_13_runtime.sql:L6,,0,NOT_ADJUDICATED,3,2,DIRECT_OR_COMPUTED,database/033_sprint6_act9_13_runtime.sql:L43@s6_submit_group_choice[UPDATE SET]{DIRECT_OR_COMPUTED} | database/034_sprint6_contract_hardening.sql:L13@s6_submit_group_choice[UPDATE SET]{DIRECT_OR_COMPUTED},25,11,4,0,database/033_sprint6_act9_13_runtime.sql:L53@s6_submit_allocation[qualified/rowtype field reference] | database/033_sprint6_act9_13_runtime.sql:L57@s6_get_player_state[to_jsonb(row) exposes field],database/033_sprint6_act9_13_runtime.sql:L6," red_activated boolean not null default false,blue_activated boolean not null default false,",NOT_NULL|DEFAULT,NOT_VERIFIED_ORIGINAL_DECLARATION_ONLY,database/033_sprint6_act9_13_runtime.sql,database/035_sprint6_focused_audit_corrections.sql,NO_LIVE_RUN_VALUE_TIMELINE,1,NOT_OBSERVED,LITERAL_LINKS_AND_CANDIDATES_CAPTURED,RAW_HISTORICAL_WRITE_LOCATIONS_CAPTURED,RAW_HISTORICAL_READ_LOCATIONS_CAPTURED,ORIGINAL_DDL_CAPTURED_NOT_FINAL_SCHEMA,MIGRATION_CHRONOLOGY_CAPTURED_NO_LIVE_TIMELINE,TEST_REFERENCES_INDEXED_NO_LIVE_SAMPLES,NOT_STARTED,,,,docs/plans/authority-field-audit-v2/
F0380,s6_run_state#09,s6_run_state,alarm_active,9,1,YES,cfea5155712c0ff416e40ff59e0c49c615fcb4a8,database/033_sprint6_act9_13_runtime.sql:L7,,0,NOT_ADJUDICATED,3,2,DIRECT_OR_COMPUTED,database/033_sprint6_act9_13_runtime.sql:L43@s6_submit_group_choice[UPDATE SET]{DIRECT_OR_COMPUTED} | database/034_sprint6_contract_hardening.sql:L13@s6_submit_group_choice[UPDATE SET]{DIRECT_OR_COMPUTED},16,6,1,0,database/033_sprint6_act9_13_runtime.sql:L57@s6_get_player_state[to_jsonb(row) exposes field] | database/034_sprint6_contract_hardening.sql:L25@s6_get_player_state[to_jsonb(row) exposes field],database/033_sprint6_act9_13_runtime.sql:L7," gold_key boolean,alarm_active boolean not null default false,station_c_bypassed boolean not null default false,",NOT_NULL|DEFAULT,NOT_VERIFIED_ORIGINAL_DECLARATION_ONLY,database/033_sprint6_act9_13_runtime.sql,database/035_sprint6_focused_audit_corrections.sql,NO_LIVE_RUN_VALUE_TIMELINE,1,NOT_OBSERVED,LITERAL_LINKS_AND_CANDIDATES_CAPTURED,RAW_HISTORICAL_WRITE_LOCATIONS_CAPTURED,RAW_HISTORICAL_READ_LOCATIONS_CAPTURED,ORIGINAL_DDL_CAPTURED_NOT_FINAL_SCHEMA,MIGRATION_CHRONOLOGY_CAPTURED_NO_LIVE_TIMELINE,TEST_REFERENCES_INDEXED_NO_LIVE_SAMPLES,NOT_STARTED,,,,docs/plans/authority-field-audit-v2/
F0381,s6_run_state#10,s6_run_state,station_c_bypassed,10,1,YES,cfea5155712c0ff416e40ff59e0c49c615fcb4a8,database/033_sprint6_act9_13_runtime.sql:L7,,0,NOT_ADJUDICATED,3,2,DIRECT_OR_COMPUTED,database/033_sprint6_act9_13_runtime.sql:L43@s6_submit_group_choice[UPDATE SET]{DIRECT_OR_COMPUTED} | database/034_sprint6_contract_hardening.sql:L13@s6_submit_group_choice[UPDATE SET]{DIRECT_OR_COMPUTED},19,6,1,0,database/033_sprint6_act9_13_runtime.sql:L57@s6_get_player_state[to_jsonb(row) exposes field] | database/034_sprint6_contract_hardening.sql:L25@s6_get_player_state[to_jsonb(row) exposes field],database/033_sprint6_act9_13_runtime.sql:L7," gold_key boolean,alarm_active boolean not null default false,station_c_bypassed boolean not null default false,",NOT_NULL|DEFAULT,NOT_VERIFIED_ORIGINAL_DECLARATION_ONLY,database/033_sprint6_act9_13_runtime.sql,database/035_sprint6_focused_audit_corrections.sql,NO_LIVE_RUN_VALUE_TIMELINE,1,NOT_OBSERVED,LITERAL_LINKS_AND_CANDIDATES_CAPTURED,RAW_HISTORICAL_WRITE_LOCATIONS_CAPTURED,RAW_HISTORICAL_READ_LOCATIONS_CAPTURED,ORIGINAL_DDL_CAPTURED_NOT_FINAL_SCHEMA,MIGRATION_CHRONOLOGY_CAPTURED_NO_LIVE_TIMELINE,TEST_REFERENCES_INDEXED_NO_LIVE_SAMPLES,NOT_STARTED,,,,docs/plans/authority-field-audit-v2/
F0382,s6_run_state#11,s6_run_state,danger_arrives_sooner,11,1,YES,cfea5155712c0ff416e40ff59e0c49c615fcb4a8,database/033_sprint6_act9_13_runtime.sql:L7,,0,NOT_ADJUDICATED,3,2,DIRECT_OR_COMPUTED,database/033_sprint6_act9_13_runtime.sql:L43@s6_submit_group_choice[UPDATE SET]{DIRECT_OR_COMPUTED} | database/034_sprint6_contract_hardening.sql:L13@s6_submit_group_choice[UPDATE SET]{DIRECT_OR_COMPUTED},15,6,1,0,database/033_sprint6_act9_13_runtime.sql:L57@s6_get_player_state[to_jsonb(row) exposes field] | database/034_sprint6_contract_hardening.sql:L25@s6_get_player_state[to_jsonb(row) exposes field],database/033_sprint6_act9_13_runtime.sql:L7," gold_key boolean,alarm_active boolean not null default false,station_c_bypassed boolean not null default false,",NOT_NULL|DEFAULT,NOT_VERIFIED_ORIGINAL_DECLARATION_ONLY,database/033_sprint6_act9_13_runtime.sql,database/035_sprint6_focused_audit_corrections.sql,NO_LIVE_RUN_VALUE_TIMELINE,0,NOT_OBSERVED,LITERAL_LINKS_AND_CANDIDATES_CAPTURED,RAW_HISTORICAL_WRITE_LOCATIONS_CAPTURED,RAW_HISTORICAL_READ_LOCATIONS_CAPTURED,ORIGINAL_DDL_CAPTURED_NOT_FINAL_SCHEMA,MIGRATION_CHRONOLOGY_CAPTURED_NO_LIVE_TIMELINE,TEST_REFERENCES_INDEXED_NO_LIVE_SAMPLES,NOT_STARTED,,,,docs/plans/authority-field-audit-v2/
F0383,s6_run_state#12,s6_run_state,allocation_valid,12,1,YES,cfea5155712c0ff416e40ff59e0c49c615fcb4a8,database/033_sprint6_act9_13_runtime.sql:L8,,0,NOT_ADJUDICATED,3,2,DIRECT_OR_COMPUTED,database/033_sprint6_act9_13_runtime.sql:L53@s6_submit_allocation[UPDATE SET]{DIRECT_OR_COMPUTED} | database/034_sprint6_contract_hardening.sql:L23@s6_submit_allocation[UPDATE SET]{DIRECT_OR_COMPUTED},15,6,1,0,database/033_sprint6_act9_13_runtime.sql:L57@s6_get_player_state[to_jsonb(row) exposes field] | database/034_sprint6_contract_hardening.sql:L25@s6_get_player_state[to_jsonb(row) exposes field],database/033_sprint6_act9_13_runtime.sql:L8," danger_arrives_sooner boolean not null default false,allocation_valid boolean not null default false,",NOT_NULL|DEFAULT,NOT_VERIFIED_ORIGINAL_DECLARATION_ONLY,database/033_sprint6_act9_13_runtime.sql,database/035_sprint6_focused_audit_corrections.sql,NO_LIVE_RUN_VALUE_TIMELINE,0,NOT_OBSERVED,LITERAL_LINKS_AND_CANDIDATES_CAPTURED,RAW_HISTORICAL_WRITE_LOCATIONS_CAPTURED,RAW_HISTORICAL_READ_LOCATIONS_CAPTURED,ORIGINAL_DDL_CAPTURED_NOT_FINAL_SCHEMA,MIGRATION_CHRONOLOGY_CAPTURED_NO_LIVE_TIMELINE,TEST_REFERENCES_INDEXED_NO_LIVE_SAMPLES,NOT_STARTED,,,,docs/plans/authority-field-audit-v2/
F0384,s6_run_state#13,s6_run_state,mechanism_failure_station,13,1,YES,cfea5155712c0ff416e40ff59e0c49c615fcb4a8,database/033_sprint6_act9_13_runtime.sql:L8,,0,NOT_ADJUDICATED,3,2,DIRECT_OR_COMPUTED,database/033_sprint6_act9_13_runtime.sql:L55@s6_engage[UPDATE SET]{DIRECT_OR_COMPUTED} | database/035_sprint6_focused_audit_corrections.sql:L65@s6_engage[UPDATE SET]{DIRECT_OR_COMPUTED},17,8,3,0,database/033_sprint6_act9_13_runtime.sql:L57@s6_get_player_state[to_jsonb(row) exposes field] | database/034_sprint6_contract_hardening.sql:L19@s6_submit_private_choice[qualified/rowtype field reference],database/033_sprint6_act9_13_runtime.sql:L8," danger_arrives_sooner boolean not null default false,allocation_valid boolean not null default false,",NOT_NULL|DEFAULT,NOT_VERIFIED_ORIGINAL_DECLARATION_ONLY,database/033_sprint6_act9_13_runtime.sql,database/035_sprint6_focused_audit_corrections.sql,NO_LIVE_RUN_VALUE_TIMELINE,0,NOT_OBSERVED,LITERAL_LINKS_AND_CANDIDATES_CAPTURED,RAW_HISTORICAL_WRITE_LOCATIONS_CAPTURED,RAW_HISTORICAL_READ_LOCATIONS_CAPTURED,ORIGINAL_DDL_CAPTURED_NOT_FINAL_SCHEMA,MIGRATION_CHRONOLOGY_CAPTURED_NO_LIVE_TIMELINE,TEST_REFERENCES_INDEXED_NO_LIVE_SAMPLES,NOT_STARTED,,,,docs/plans/authority-field-audit-v2/
F0385,s6_run_state#14,s6_run_state,mechanism_failure_active,14,1,YES,cfea5155712c0ff416e40ff59e0c49c615fcb4a8,database/033_sprint6_act9_13_runtime.sql:L9,,0,NOT_ADJUDICATED,7,4,DIRECT_OR_COMPUTED,database/033_sprint6_act9_13_runtime.sql:L49@s6_submit_private_choice[UPDATE SET]{DIRECT_OR_COMPUTED} | database/033_sprint6_act9_13_runtime.sql:L55@s6_engage[UPDATE SET]{DIRECT_OR_COMPUTED},19,7,1,0,database/033_sprint6_act9_13_runtime.sql:L55@s6_engage[qualified/rowtype field reference] | database/033_sprint6_act9_13_runtime.sql:L57@s6_get_player_state[to_jsonb(row) exposes field],database/033_sprint6_act9_13_runtime.sql:L9," mechanism_failure_station text check(mechanism_failure_station in('A','B','C')),",CHECK,NOT_VERIFIED_ORIGINAL_DECLARATION_ONLY,database/033_sprint6_act9_13_runtime.sql,database/036_sprint6_four_open_findings.sql,NO_LIVE_RUN_VALUE_TIMELINE,0,NOT_OBSERVED,LITERAL_LINKS_AND_CANDIDATES_CAPTURED,RAW_HISTORICAL_WRITE_LOCATIONS_CAPTURED,RAW_HISTORICAL_READ_LOCATIONS_CAPTURED,ORIGINAL_DDL_CAPTURED_NOT_FINAL_SCHEMA,MIGRATION_CHRONOLOGY_CAPTURED_NO_LIVE_TIMELINE,TEST_REFERENCES_INDEXED_NO_LIVE_SAMPLES,NOT_STARTED,,,,docs/plans/authority-field-audit-v2/
F0386,s6_run_state#15,s6_run_state,failure_resolution,15,1,YES,cfea5155712c0ff416e40ff59e0c49c615fcb4a8,database/033_sprint6_act9_13_runtime.sql:L10,,0,NOT_ADJUDICATED,8,5,DIRECT_OR_COMPUTED,database/033_sprint6_act9_13_runtime.sql:L49@s6_submit_private_choice[UPDATE SET]{DIRECT_OR_COMPUTED} | database/033_sprint6_act9_13_runtime.sql:L55@s6_engage[UPDATE SET]{DIRECT_OR_COMPUTED},15,6,1,0,database/033_sprint6_act9_13_runtime.sql:L57@s6_get_player_state[to_jsonb(row) exposes field] | database/034_sprint6_contract_hardening.sql:L25@s6_get_player_state[to_jsonb(row) exposes field],database/033_sprint6_act9_13_runtime.sql:L10," mechanism_failure_active boolean not null default false,failure_resolution text,",NOT_NULL|DEFAULT,NOT_VERIFIED_ORIGINAL_DECLARATION_ONLY,database/033_sprint6_act9_13_runtime.sql,database/036_sprint6_four_open_findings.sql,NO_LIVE_RUN_VALUE_TIMELINE,0,NOT_OBSERVED,LITERAL_LINKS_AND_CANDIDATES_CAPTURED,RAW_HISTORICAL_WRITE_LOCATIONS_CAPTURED,RAW_HISTORICAL_READ_LOCATIONS_CAPTURED,ORIGINAL_DDL_CAPTURED_NOT_FINAL_SCHEMA,MIGRATION_CHRONOLOGY_CAPTURED_NO_LIVE_TIMELINE,TEST_REFERENCES_INDEXED_NO_LIVE_SAMPLES,NOT_STARTED,,,,docs/plans/authority-field-audit-v2/
F0387,s6_run_state#16,s6_run_state,escape_success,16,1,YES,cfea5155712c0ff416e40ff59e0c49c615fcb4a8,database/033_sprint6_act9_13_runtime.sql:L10,,0,NOT_ADJUDICATED,4,2,DIRECT_OR_COMPUTED,database/033_sprint6_act9_13_runtime.sql:L49@s6_submit_private_choice[UPDATE SET]{DIRECT_OR_COMPUTED} | database/034_sprint6_contract_hardening.sql:L20@s6_submit_private_choice[UPDATE SET]{DIRECT_OR_COMPUTED},20,8,1,0,database/033_sprint6_act9_13_runtime.sql:L51@s6_advance[qualified/rowtype field reference] | database/033_sprint6_act9_13_runtime.sql:L57@s6_get_player_state[to_jsonb(row) exposes field],database/033_sprint6_act9_13_runtime.sql:L10," mechanism_failure_active boolean not null default false,failure_resolution text,",NOT_NULL|DEFAULT,NOT_VERIFIED_ORIGINAL_DECLARATION_ONLY,database/033_sprint6_act9_13_runtime.sql,database/036_sprint6_four_open_findings.sql,NO_LIVE_RUN_VALUE_TIMELINE,0,NOT_OBSERVED,LITERAL_LINKS_AND_CANDIDATES_CAPTURED,RAW_HISTORICAL_WRITE_LOCATIONS_CAPTURED,RAW_HISTORICAL_READ_LOCATIONS_CAPTURED,ORIGINAL_DDL_CAPTURED_NOT_FINAL_SCHEMA,MIGRATION_CHRONOLOGY_CAPTURED_NO_LIVE_TIMELINE,TEST_REFERENCES_INDEXED_NO_LIVE_SAMPLES,NOT_STARTED,,,,docs/plans/authority-field-audit-v2/
F0388,s6_run_state#17,s6_run_state,act14_boundary_reached,17,1,YES,cfea5155712c0ff416e40ff59e0c49c615fcb4a8,database/033_sprint6_act9_13_runtime.sql:L11,,0,NOT_ADJUDICATED,2,2,DIRECT_OR_COMPUTED,database/033_sprint6_act9_13_runtime.sql:L51@s6_advance[UPDATE SET]{DIRECT_OR_COMPUTED} | database/035_sprint6_focused_audit_corrections.sql:L59@s6_advance_guarded[UPDATE SET]{DIRECT_OR_COMPUTED},18,6,2,0,database/033_sprint6_act9_13_runtime.sql:L57@s6_get_player_state[to_jsonb(row) exposes field] | database/034_sprint6_contract_hardening.sql:L25@s6_get_player_state[to_jsonb(row) exposes field],database/033_sprint6_act9_13_runtime.sql:L11," escape_success boolean not null default false,act14_boundary_reached boolean not null default false,",NOT_NULL|DEFAULT,NOT_VERIFIED_ORIGINAL_DECLARATION_ONLY,database/033_sprint6_act9_13_runtime.sql,database/035_sprint6_focused_audit_corrections.sql,NO_LIVE_RUN_VALUE_TIMELINE,1,NOT_OBSERVED,LITERAL_LINKS_AND_CANDIDATES_CAPTURED,RAW_HISTORICAL_WRITE_LOCATIONS_CAPTURED,RAW_HISTORICAL_READ_LOCATIONS_CAPTURED,ORIGINAL_DDL_CAPTURED_NOT_FINAL_SCHEMA,MIGRATION_CHRONOLOGY_CAPTURED_NO_LIVE_TIMELINE,TEST_REFERENCES_INDEXED_NO_LIVE_SAMPLES,NOT_STARTED,,,,docs/plans/authority-field-audit-v2/
F0389,s6_run_state#18,s6_run_state,updated_at,18,7,NO,cfea5155712c0ff416e40ff59e0c49c615fcb4a8,database/033_sprint6_act9_13_runtime.sql:L11,,0,NOT_ADJUDICATED,31,14,DIRECT_OR_COMPUTED,database/033_sprint6_act9_13_runtime.sql:L35@s6_open_act9_console[UPDATE SET]{DIRECT_OR_COMPUTED} | database/033_sprint6_act9_13_runtime.sql:L41@s6_submit_group_choice[UPDATE SET]{DIRECT_OR_COMPUTED},18,8,0,0,database/033_sprint6_act9_13_runtime.sql:L49@s6_submit_private_choice[qualified/rowtype field reference] | database/033_sprint6_act9_13_runtime.sql:L57@s6_get_player_state[to_jsonb(row) exposes field],database/033_sprint6_act9_13_runtime.sql:L11," escape_success boolean not null default false,act14_boundary_reached boolean not null default false,",NOT_NULL|DEFAULT,NOT_VERIFIED_ORIGINAL_DECLARATION_ONLY,database/033_sprint6_act9_13_runtime.sql,database/049_sprint8_final_closure.sql,NO_LIVE_RUN_VALUE_TIMELINE,0,NOT_OBSERVED,LITERAL_LINKS_AND_CANDIDATES_CAPTURED,RAW_HISTORICAL_WRITE_LOCATIONS_CAPTURED,RAW_HISTORICAL_READ_LOCATIONS_CAPTURED,ORIGINAL_DDL_CAPTURED_NOT_FINAL_SCHEMA,MIGRATION_CHRONOLOGY_CAPTURED_NO_LIVE_TIMELINE,TEST_REFERENCES_INDEXED_NO_LIVE_SAMPLES,NOT_STARTED,,,,docs/plans/authority-field-audit-v2/
F0390,s6_run_state#19,s6_run_state,feedback_text_keys,19,1,YES,cfea5155712c0ff416e40ff59e0c49c615fcb4a8,database/035_sprint6_focused_audit_corrections.sql:L4,,0,NOT_ADJUDICATED,16,10,DIRECT_OR_COMPUTED,database/035_sprint6_focused_audit_corrections.sql:L42@s6_close_discussion_guarded[UPDATE SET]{DIRECT_OR_COMPUTED} | database/035_sprint6_focused_audit_corrections.sql:L47@s6_submit_group_choice_guarded[UPDATE SET]{DIRECT_OR_COMPUTED},15,6,1,0,database/033_sprint6_act9_13_runtime.sql:L57@s6_get_player_state[to_jsonb(row) exposes field] | database/034_sprint6_contract_hardening.sql:L25@s6_get_player_state[to_jsonb(row) exposes field],database/035_sprint6_focused_audit_corrections.sql:L4,alter table public.s6_run_state add column if not exists feedback_text_keys text[] not null default '{}';,NOT_NULL|DEFAULT,NOT_VERIFIED_ORIGINAL_DECLARATION_ONLY,database/035_sprint6_focused_audit_corrections.sql,database/037_level3_independent_audit_closure.sql,NO_LIVE_RUN_VALUE_TIMELINE,0,NOT_OBSERVED,LITERAL_LINKS_AND_CANDIDATES_CAPTURED,RAW_HISTORICAL_WRITE_LOCATIONS_CAPTURED,RAW_HISTORICAL_READ_LOCATIONS_CAPTURED,ORIGINAL_DDL_CAPTURED_NOT_FINAL_SCHEMA,MIGRATION_CHRONOLOGY_CAPTURED_NO_LIVE_TIMELINE,TEST_REFERENCES_INDEXED_NO_LIVE_SAMPLES,NOT_STARTED,,,,docs/plans/authority-field-audit-v2/
F0391,s6_run_state#20,s6_run_state,feedback_audio_key,20,1,YES,cfea5155712c0ff416e40ff59e0c49c615fcb4a8,database/035_sprint6_focused_audit_corrections.sql:L5,,4,NOT_ADJUDICATED,8,6,DIRECT_OR_COMPUTED|DERIVED_OR_COPY,database/035_sprint6_focused_audit_corrections.sql:L42@s6_close_discussion_guarded[UPDATE SET]{DIRECT_OR_COMPUTED} | database/035_sprint6_focused_audit_corrections.sql:L49@s6_submit_group_choice_guarded[UPDATE SET]{DERIVED_OR_COPY},18,7,1,4,database/033_sprint6_act9_13_runtime.sql:L57@s6_get_player_state[to_jsonb(row) exposes field] | database/034_sprint6_contract_hardening.sql:L25@s6_get_player_state[to_jsonb(row) exposes field],database/035_sprint6_focused_audit_corrections.sql:L5,alter table public.s6_run_state add column if not exists feedback_audio_key text;,NO_INLINE_MARKER,NOT_VERIFIED_ORIGINAL_DECLARATION_ONLY,database/035_sprint6_focused_audit_corrections.sql,database/037_level3_independent_audit_closure.sql,NO_LIVE_RUN_VALUE_TIMELINE,0,NOT_OBSERVED,LITERAL_LINKS_AND_CANDIDATES_CAPTURED,RAW_HISTORICAL_WRITE_LOCATIONS_CAPTURED,RAW_HISTORICAL_READ_LOCATIONS_CAPTURED,ORIGINAL_DDL_CAPTURED_NOT_FINAL_SCHEMA,MIGRATION_CHRONOLOGY_CAPTURED_NO_LIVE_TIMELINE,TEST_REFERENCES_INDEXED_NO_LIVE_SAMPLES,NOT_STARTED,,,,docs/plans/authority-field-audit-v2/
F0392,s6_run_state#21,s6_run_state,cinematic_stage,21,2,NO,cfea5155712c0ff416e40ff59e0c49c615fcb4a8,database/035_sprint6_focused_audit_corrections.sql:L6,,0,NOT_ADJUDICATED,3,2,DIRECT_OR_COMPUTED,database/035_sprint6_focused_audit_corrections.sql:L57@s6_submit_private_choice_guarded[UPDATE SET]{DIRECT_OR_COMPUTED} | database/035_sprint6_focused_audit_corrections.sql:L69@s6_tick_cinematic[UPDATE SET]{DIRECT_OR_COMPUTED},18,8,0,4,database/033_sprint6_act9_13_runtime.sql:L57@s6_get_player_state[to_jsonb(row) exposes field] | database/034_sprint6_contract_hardening.sql:L25@s6_get_player_state[to_jsonb(row) exposes field],database/035_sprint6_focused_audit_corrections.sql:L6,alter table public.s6_run_state add column if not exists cinematic_stage int not null default 0;,NOT_NULL|DEFAULT,NOT_VERIFIED_ORIGINAL_DECLARATION_ONLY,database/035_sprint6_focused_audit_corrections.sql,database/036_sprint6_four_open_findings.sql,NO_LIVE_RUN_VALUE_TIMELINE,0,NOT_OBSERVED,LITERAL_LINKS_AND_CANDIDATES_CAPTURED,RAW_HISTORICAL_WRITE_LOCATIONS_CAPTURED,RAW_HISTORICAL_READ_LOCATIONS_CAPTURED,ORIGINAL_DDL_CAPTURED_NOT_FINAL_SCHEMA,MIGRATION_CHRONOLOGY_CAPTURED_NO_LIVE_TIMELINE,TEST_REFERENCES_INDEXED_NO_LIVE_SAMPLES,NOT_STARTED,,,,docs/plans/authority-field-audit-v2/
F0393,s6_run_state#22,s6_run_state,stage_started_at,22,1,YES,cfea5155712c0ff416e40ff59e0c49c615fcb4a8,database/035_sprint6_focused_audit_corrections.sql:L7,,0,NOT_ADJUDICATED,3,2,DIRECT_OR_COMPUTED,database/035_sprint6_focused_audit_corrections.sql:L57@s6_submit_private_choice_guarded[UPDATE SET]{DIRECT_OR_COMPUTED} | database/035_sprint6_focused_audit_corrections.sql:L69@s6_tick_cinematic[UPDATE SET]{DIRECT_OR_COMPUTED},20,8,0,0,database/033_sprint6_act9_13_runtime.sql:L57@s6_get_player_state[to_jsonb(row) exposes field] | database/034_sprint6_contract_hardening.sql:L25@s6_get_player_state[to_jsonb(row) exposes field],database/035_sprint6_focused_audit_corrections.sql:L7,alter table public.s6_run_state add column if not exists stage_started_at timestamptz;,NO_INLINE_MARKER,NOT_VERIFIED_ORIGINAL_DECLARATION_ONLY,database/035_sprint6_focused_audit_corrections.sql,database/036_sprint6_four_open_findings.sql,NO_LIVE_RUN_VALUE_TIMELINE,0,NOT_OBSERVED,LITERAL_LINKS_AND_CANDIDATES_CAPTURED,RAW_HISTORICAL_WRITE_LOCATIONS_CAPTURED,RAW_HISTORICAL_READ_LOCATIONS_CAPTURED,ORIGINAL_DDL_CAPTURED_NOT_FINAL_SCHEMA,MIGRATION_CHRONOLOGY_CAPTURED_NO_LIVE_TIMELINE,TEST_REFERENCES_INDEXED_NO_LIVE_SAMPLES,NOT_STARTED,,,,docs/plans/authority-field-audit-v2/
F0394,s6_run_state#23,s6_run_state,feedback_audio_occurrence_id,23,1,YES,cfea5155712c0ff416e40ff59e0c49c615fcb4a8,database/037_level3_independent_audit_closure.sql:L44,s6_audio_occurrences#occurrence_id,0,NOT_ADJUDICATED,0,0,NONE,,20,8,0,4,database/033_sprint6_act9_13_runtime.sql:L57@s6_get_player_state[to_jsonb(row) exposes field] | database/034_sprint6_contract_hardening.sql:L25@s6_get_player_state[to_jsonb(row) exposes field],database/037_level3_independent_audit_closure.sql:L44,alter table public.s6_run_state add column feedback_audio_occurrence_id uuid references public.s6_audio_occurrences(occurrence_id);,REFERENCES,NOT_VERIFIED_ORIGINAL_DECLARATION_ONLY,database/037_level3_independent_audit_closure.sql,NO_RAW_WRITE,NO_LIVE_RUN_VALUE_TIMELINE,0,NOT_OBSERVED,LITERAL_LINKS_AND_CANDIDATES_CAPTURED,RAW_HISTORICAL_WRITE_LOCATIONS_CAPTURED,RAW_HISTORICAL_READ_LOCATIONS_CAPTURED,ORIGINAL_DDL_CAPTURED_NOT_FINAL_SCHEMA,MIGRATION_CHRONOLOGY_CAPTURED_NO_LIVE_TIMELINE,TEST_REFERENCES_INDEXED_NO_LIVE_SAMPLES,NOT_STARTED,,,,docs/plans/authority-field-audit-v2/
F0395,s6_station_b_progress#01,s6_station_b_progress,run_id,1,36,NO,cfea5155712c0ff416e40ff59e0c49c615fcb4a8,database/036_sprint6_four_open_findings.sql:L3,,0,NOT_ADJUDICATED,1,1,DIRECT_OR_COMPUTED,database/036_sprint6_four_open_findings.sql:L25@s6_complete_station_v2[INSERT explicit column]{DIRECT_OR_COMPUTED},0,0,0,0,,database/036_sprint6_four_open_findings.sql:L3,create table public.s6_station_b_progress(,NO_INLINE_MARKER,NOT_VERIFIED_ORIGINAL_DECLARATION_ONLY,database/036_sprint6_four_open_findings.sql,database/036_sprint6_four_open_findings.sql,NO_LIVE_RUN_VALUE_TIMELINE,0,NOT_OBSERVED,LITERAL_LINKS_AND_CANDIDATES_CAPTURED,RAW_HISTORICAL_WRITE_LOCATIONS_CAPTURED,RAW_HISTORICAL_READ_LOCATIONS_CAPTURED,ORIGINAL_DDL_CAPTURED_NOT_FINAL_SCHEMA,MIGRATION_CHRONOLOGY_CAPTURED_NO_LIVE_TIMELINE,TEST_REFERENCES_INDEXED_NO_LIVE_SAMPLES,NOT_STARTED,,,,docs/plans/authority-field-audit-v2/
F0396,s6_station_b_progress#02,s6_station_b_progress,player_id,2,24,NO,cfea5155712c0ff416e40ff59e0c49c615fcb4a8,database/036_sprint6_four_open_findings.sql:L4,game_runs#run_id,0,NOT_ADJUDICATED,1,1,DIRECT_OR_COMPUTED,database/036_sprint6_four_open_findings.sql:L25@s6_complete_station_v2[INSERT explicit column]{DIRECT_OR_COMPUTED},0,0,0,0,,database/036_sprint6_four_open_findings.sql:L4," run_id uuid primary key references public.game_runs(run_id) on delete cascade,",PRIMARY_KEY|REFERENCES,NOT_VERIFIED_ORIGINAL_DECLARATION_ONLY,database/036_sprint6_four_open_findings.sql,database/036_sprint6_four_open_findings.sql,NO_LIVE_RUN_VALUE_TIMELINE,0,NOT_OBSERVED,LITERAL_LINKS_AND_CANDIDATES_CAPTURED,RAW_HISTORICAL_WRITE_LOCATIONS_CAPTURED,RAW_HISTORICAL_READ_LOCATIONS_CAPTURED,ORIGINAL_DDL_CAPTURED_NOT_FINAL_SCHEMA,MIGRATION_CHRONOLOGY_CAPTURED_NO_LIVE_TIMELINE,TEST_REFERENCES_INDEXED_NO_LIVE_SAMPLES,NOT_STARTED,,,,docs/plans/authority-field-audit-v2/
F0397,s6_station_b_progress#03,s6_station_b_progress,stage,3,1,YES,cfea5155712c0ff416e40ff59e0c49c615fcb4a8,database/036_sprint6_four_open_findings.sql:L5,s1_room_players#player_id,0,NOT_ADJUDICATED,2,1,DIRECT_OR_COMPUTED,database/036_sprint6_four_open_findings.sql:L25@s6_complete_station_v2[INSERT explicit column]{DIRECT_OR_COMPUTED} | database/036_sprint6_four_open_findings.sql:L25@s6_complete_station_v2[UPDATE SET]{DIRECT_OR_COMPUTED},0,0,0,0,,database/036_sprint6_four_open_findings.sql:L5," player_id uuid not null references public.s1_room_players(player_id),",NOT_NULL|REFERENCES,NOT_VERIFIED_ORIGINAL_DECLARATION_ONLY,database/036_sprint6_four_open_findings.sql,database/036_sprint6_four_open_findings.sql,NO_LIVE_RUN_VALUE_TIMELINE,0,NOT_OBSERVED,LITERAL_LINKS_AND_CANDIDATES_CAPTURED,RAW_HISTORICAL_WRITE_LOCATIONS_CAPTURED,RAW_HISTORICAL_READ_LOCATIONS_CAPTURED,ORIGINAL_DDL_CAPTURED_NOT_FINAL_SCHEMA,MIGRATION_CHRONOLOGY_CAPTURED_NO_LIVE_TIMELINE,TEST_REFERENCES_INDEXED_NO_LIVE_SAMPLES,NOT_STARTED,,,,docs/plans/authority-field-audit-v2/
F0398,s6_station_b_progress#04,s6_station_b_progress,held_at,4,1,YES,cfea5155712c0ff416e40ff59e0c49c615fcb4a8,database/036_sprint6_four_open_findings.sql:L6,,0,NOT_ADJUDICATED,0,0,NONE,,0,0,0,0,,database/036_sprint6_four_open_findings.sql:L6," stage text not null check(stage in('lever_held','indicator_center')),",NOT_NULL|CHECK,NOT_VERIFIED_ORIGINAL_DECLARATION_ONLY,database/036_sprint6_four_open_findings.sql,NO_RAW_WRITE,NO_LIVE_RUN_VALUE_TIMELINE,0,NOT_OBSERVED,LITERAL_LINKS_AND_CANDIDATES_CAPTURED,RAW_HISTORICAL_WRITE_LOCATIONS_CAPTURED,RAW_HISTORICAL_READ_LOCATIONS_CAPTURED,ORIGINAL_DDL_CAPTURED_NOT_FINAL_SCHEMA,MIGRATION_CHRONOLOGY_CAPTURED_NO_LIVE_TIMELINE,TEST_REFERENCES_INDEXED_NO_LIVE_SAMPLES,NOT_STARTED,,,,docs/plans/authority-field-audit-v2/
F0399,s6_station_b_progress#05,s6_station_b_progress,centered_at,5,1,YES,cfea5155712c0ff416e40ff59e0c49c615fcb4a8,database/036_sprint6_four_open_findings.sql:L7,,0,NOT_ADJUDICATED,1,1,DIRECT_OR_COMPUTED,database/036_sprint6_four_open_findings.sql:L25@s6_complete_station_v2[UPDATE SET]{DIRECT_OR_COMPUTED},0,0,0,0,,database/036_sprint6_four_open_findings.sql:L7," held_at timestamptz not null default now(),",NOT_NULL|DEFAULT,NOT_VERIFIED_ORIGINAL_DECLARATION_ONLY,database/036_sprint6_four_open_findings.sql,database/036_sprint6_four_open_findings.sql,NO_LIVE_RUN_VALUE_TIMELINE,0,NOT_OBSERVED,LITERAL_LINKS_AND_CANDIDATES_CAPTURED,RAW_HISTORICAL_WRITE_LOCATIONS_CAPTURED,RAW_HISTORICAL_READ_LOCATIONS_CAPTURED,ORIGINAL_DDL_CAPTURED_NOT_FINAL_SCHEMA,MIGRATION_CHRONOLOGY_CAPTURED_NO_LIVE_TIMELINE,TEST_REFERENCES_INDEXED_NO_LIVE_SAMPLES,NOT_STARTED,,,,docs/plans/authority-field-audit-v2/
F0400,s6_station_tasks#01,s6_station_tasks,run_id,1,36,NO,cfea5155712c0ff416e40ff59e0c49c615fcb4a8,database/035_sprint6_focused_audit_corrections.sql:L19,,0,NOT_ADJUDICATED,2,2,POSITIONAL_WRITE,database/035_sprint6_focused_audit_corrections.sql:L63@s6_complete_station_guarded[INSERT positional/all columns]{POSITIONAL_WRITE} | database/036_sprint6_four_open_findings.sql:L25@s6_complete_station_v2[INSERT positional/all columns]{POSITIONAL_WRITE},0,0,0,0,,database/035_sprint6_focused_audit_corrections.sql:L19,create table public.s6_station_tasks(,NO_INLINE_MARKER,NOT_VERIFIED_ORIGINAL_DECLARATION_ONLY,database/035_sprint6_focused_audit_corrections.sql,database/036_sprint6_four_open_findings.sql,NO_LIVE_RUN_VALUE_TIMELINE,0,NOT_OBSERVED,LITERAL_LINKS_AND_CANDIDATES_CAPTURED,RAW_HISTORICAL_WRITE_LOCATIONS_CAPTURED,RAW_HISTORICAL_READ_LOCATIONS_CAPTURED,ORIGINAL_DDL_CAPTURED_NOT_FINAL_SCHEMA,MIGRATION_CHRONOLOGY_CAPTURED_NO_LIVE_TIMELINE,TEST_REFERENCES_INDEXED_NO_LIVE_SAMPLES,NOT_STARTED,,,,docs/plans/authority-field-audit-v2/
F0401,s6_station_tasks#02,s6_station_tasks,role_key,2,4,NO,cfea5155712c0ff416e40ff59e0c49c615fcb4a8,database/035_sprint6_focused_audit_corrections.sql:L20,game_runs#run_id|s1_room_players#player_id,0,NOT_ADJUDICATED,2,2,POSITIONAL_WRITE,database/035_sprint6_focused_audit_corrections.sql:L63@s6_complete_station_guarded[INSERT positional/all columns]{POSITIONAL_WRITE} | database/036_sprint6_four_open_findings.sql:L25@s6_complete_station_v2[INSERT positional/all columns]{POSITIONAL_WRITE},0,0,0,0,,database/035_sprint6_focused_audit_corrections.sql:L20," run_id uuid references public.game_runs(run_id),role_key text,player_id uuid references public.s1_room_players(player_id),",REFERENCES,NOT_VERIFIED_ORIGINAL_DECLARATION_ONLY,database/035_sprint6_focused_audit_corrections.sql,database/036_sprint6_four_open_findings.sql,NO_LIVE_RUN_VALUE_TIMELINE,0,NOT_OBSERVED,LITERAL_LINKS_AND_CANDIDATES_CAPTURED,RAW_HISTORICAL_WRITE_LOCATIONS_CAPTURED,RAW_HISTORICAL_READ_LOCATIONS_CAPTURED,ORIGINAL_DDL_CAPTURED_NOT_FINAL_SCHEMA,MIGRATION_CHRONOLOGY_CAPTURED_NO_LIVE_TIMELINE,TEST_REFERENCES_INDEXED_NO_LIVE_SAMPLES,NOT_STARTED,,,,docs/plans/authority-field-audit-v2/
F0402,s6_station_tasks#03,s6_station_tasks,player_id,3,24,NO,cfea5155712c0ff416e40ff59e0c49c615fcb4a8,database/035_sprint6_focused_audit_corrections.sql:L20,game_runs#run_id|s1_room_players#player_id,0,NOT_ADJUDICATED,2,2,POSITIONAL_WRITE,database/035_sprint6_focused_audit_corrections.sql:L63@s6_complete_station_guarded[INSERT positional/all columns]{POSITIONAL_WRITE} | database/036_sprint6_four_open_findings.sql:L25@s6_complete_station_v2[INSERT positional/all columns]{POSITIONAL_WRITE},0,0,0,0,,database/035_sprint6_focused_audit_corrections.sql:L20," run_id uuid references public.game_runs(run_id),role_key text,player_id uuid references public.s1_room_players(player_id),",REFERENCES,NOT_VERIFIED_ORIGINAL_DECLARATION_ONLY,database/035_sprint6_focused_audit_corrections.sql,database/036_sprint6_four_open_findings.sql,NO_LIVE_RUN_VALUE_TIMELINE,0,NOT_OBSERVED,LITERAL_LINKS_AND_CANDIDATES_CAPTURED,RAW_HISTORICAL_WRITE_LOCATIONS_CAPTURED,RAW_HISTORICAL_READ_LOCATIONS_CAPTURED,ORIGINAL_DDL_CAPTURED_NOT_FINAL_SCHEMA,MIGRATION_CHRONOLOGY_CAPTURED_NO_LIVE_TIMELINE,TEST_REFERENCES_INDEXED_NO_LIVE_SAMPLES,NOT_STARTED,,,,docs/plans/authority-field-audit-v2/
F0403,s6_station_tasks#04,s6_station_tasks,task_key,4,1,YES,cfea5155712c0ff416e40ff59e0c49c615fcb4a8,database/035_sprint6_focused_audit_corrections.sql:L20,game_runs#run_id|s1_room_players#player_id,0,NOT_ADJUDICATED,2,2,POSITIONAL_WRITE,database/035_sprint6_focused_audit_corrections.sql:L63@s6_complete_station_guarded[INSERT positional/all columns]{POSITIONAL_WRITE} | database/036_sprint6_four_open_findings.sql:L25@s6_complete_station_v2[INSERT positional/all columns]{POSITIONAL_WRITE},0,0,0,0,,database/035_sprint6_focused_audit_corrections.sql:L20," run_id uuid references public.game_runs(run_id),role_key text,player_id uuid references public.s1_room_players(player_id),",REFERENCES,NOT_VERIFIED_ORIGINAL_DECLARATION_ONLY,database/035_sprint6_focused_audit_corrections.sql,database/036_sprint6_four_open_findings.sql,NO_LIVE_RUN_VALUE_TIMELINE,0,NOT_OBSERVED,LITERAL_LINKS_AND_CANDIDATES_CAPTURED,RAW_HISTORICAL_WRITE_LOCATIONS_CAPTURED,RAW_HISTORICAL_READ_LOCATIONS_CAPTURED,ORIGINAL_DDL_CAPTURED_NOT_FINAL_SCHEMA,MIGRATION_CHRONOLOGY_CAPTURED_NO_LIVE_TIMELINE,TEST_REFERENCES_INDEXED_NO_LIVE_SAMPLES,NOT_STARTED,,,,docs/plans/authority-field-audit-v2/
F0404,s6_station_tasks#05,s6_station_tasks,completed_at,5,3,NO,cfea5155712c0ff416e40ff59e0c49c615fcb4a8,database/035_sprint6_focused_audit_corrections.sql:L21,,0,NOT_ADJUDICATED,2,2,POSITIONAL_WRITE,database/035_sprint6_focused_audit_corrections.sql:L63@s6_complete_station_guarded[INSERT positional/all columns]{POSITIONAL_WRITE} | database/036_sprint6_four_open_findings.sql:L25@s6_complete_station_v2[INSERT positional/all columns]{POSITIONAL_WRITE},0,0,0,0,,database/035_sprint6_focused_audit_corrections.sql:L21," task_key text,completed_at timestamptz not null default now(),primary key(run_id,role_key)",PRIMARY_KEY|NOT_NULL|DEFAULT,NOT_VERIFIED_ORIGINAL_DECLARATION_ONLY,database/035_sprint6_focused_audit_corrections.sql,database/036_sprint6_four_open_findings.sql,NO_LIVE_RUN_VALUE_TIMELINE,0,NOT_OBSERVED,LITERAL_LINKS_AND_CANDIDATES_CAPTURED,RAW_HISTORICAL_WRITE_LOCATIONS_CAPTURED,RAW_HISTORICAL_READ_LOCATIONS_CAPTURED,ORIGINAL_DDL_CAPTURED_NOT_FINAL_SCHEMA,MIGRATION_CHRONOLOGY_CAPTURED_NO_LIVE_TIMELINE,TEST_REFERENCES_INDEXED_NO_LIVE_SAMPLES,NOT_STARTED,,,,docs/plans/authority-field-audit-v2/
F0405,s8_finalizations#01,s8_finalizations,run_id,1,36,NO,cfea5155712c0ff416e40ff59e0c49c615fcb4a8,database/046_sprint8_act14_finalization_export.sql:L10,,0,NOT_ADJUDICATED,3,1,DIRECT_OR_COMPUTED,database/046_sprint8_act14_finalization_export.sql:L54@s8_finalize[INSERT explicit column]{DIRECT_OR_COMPUTED} | database/048_sprint8_focused_level1_corrections.sql:L70@s8_finalize[INSERT explicit column]{DIRECT_OR_COMPUTED},9,3,0,0,database/046_sprint8_act14_finalization_export.sql:L28@s8_finalize[SELECT * INTO row] | database/046_sprint8_act14_finalization_export.sql:L67@s8_get_player_state[SELECT * INTO row],database/046_sprint8_act14_finalization_export.sql:L10,create table public.s8_finalizations(,NO_INLINE_MARKER,NOT_VERIFIED_ORIGINAL_DECLARATION_ONLY,database/046_sprint8_act14_finalization_export.sql,database/049_sprint8_final_closure.sql,NO_LIVE_RUN_VALUE_TIMELINE,0,NOT_OBSERVED,LITERAL_LINKS_AND_CANDIDATES_CAPTURED,RAW_HISTORICAL_WRITE_LOCATIONS_CAPTURED,RAW_HISTORICAL_READ_LOCATIONS_CAPTURED,ORIGINAL_DDL_CAPTURED_NOT_FINAL_SCHEMA,MIGRATION_CHRONOLOGY_CAPTURED_NO_LIVE_TIMELINE,TEST_REFERENCES_INDEXED_NO_LIVE_SAMPLES,NOT_STARTED,,,,docs/plans/authority-field-audit-v2/
F0406,s8_finalizations#02,s8_finalizations,finalized_at,2,1,YES,cfea5155712c0ff416e40ff59e0c49c615fcb4a8,database/046_sprint8_act14_finalization_export.sql:L11,game_runs#run_id,0,NOT_ADJUDICATED,0,0,NONE,,9,3,1,0,database/046_sprint8_act14_finalization_export.sql:L28@s8_finalize[SELECT * INTO row] | database/046_sprint8_act14_finalization_export.sql:L67@s8_get_player_state[SELECT * INTO row],database/046_sprint8_act14_finalization_export.sql:L11,"  run_id uuid primary key references public.game_runs(run_id),",PRIMARY_KEY|REFERENCES,NOT_VERIFIED_ORIGINAL_DECLARATION_ONLY,database/046_sprint8_act14_finalization_export.sql,NO_RAW_WRITE,NO_LIVE_RUN_VALUE_TIMELINE,0,NOT_OBSERVED,LITERAL_LINKS_AND_CANDIDATES_CAPTURED,RAW_HISTORICAL_WRITE_LOCATIONS_CAPTURED,RAW_HISTORICAL_READ_LOCATIONS_CAPTURED,ORIGINAL_DDL_CAPTURED_NOT_FINAL_SCHEMA,MIGRATION_CHRONOLOGY_CAPTURED_NO_LIVE_TIMELINE,TEST_REFERENCES_INDEXED_NO_LIVE_SAMPLES,NOT_STARTED,,,,docs/plans/authority-field-audit-v2/
F0407,s8_finalizations#03,s8_finalizations,finalized_by,3,1,YES,cfea5155712c0ff416e40ff59e0c49c615fcb4a8,database/046_sprint8_act14_finalization_export.sql:L12,,0,NOT_ADJUDICATED,3,1,DIRECT_OR_COMPUTED,database/046_sprint8_act14_finalization_export.sql:L54@s8_finalize[INSERT explicit column]{DIRECT_OR_COMPUTED} | database/048_sprint8_focused_level1_corrections.sql:L70@s8_finalize[INSERT explicit column]{DIRECT_OR_COMPUTED},6,2,0,0,database/046_sprint8_act14_finalization_export.sql:L28@s8_finalize[SELECT * INTO row] | database/046_sprint8_act14_finalization_export.sql:L67@s8_get_player_state[SELECT * INTO row],database/046_sprint8_act14_finalization_export.sql:L12,"  finalized_at timestamptz not null default now(),",NOT_NULL|DEFAULT,NOT_VERIFIED_ORIGINAL_DECLARATION_ONLY,database/046_sprint8_act14_finalization_export.sql,database/049_sprint8_final_closure.sql,NO_LIVE_RUN_VALUE_TIMELINE,0,NOT_OBSERVED,LITERAL_LINKS_AND_CANDIDATES_CAPTURED,RAW_HISTORICAL_WRITE_LOCATIONS_CAPTURED,RAW_HISTORICAL_READ_LOCATIONS_CAPTURED,ORIGINAL_DDL_CAPTURED_NOT_FINAL_SCHEMA,MIGRATION_CHRONOLOGY_CAPTURED_NO_LIVE_TIMELINE,TEST_REFERENCES_INDEXED_NO_LIVE_SAMPLES,NOT_STARTED,,,,docs/plans/authority-field-audit-v2/
F0408,s8_finalizations#04,s8_finalizations,client_request_id,4,8,NO,cfea5155712c0ff416e40ff59e0c49c615fcb4a8,database/046_sprint8_act14_finalization_export.sql:L13,s1_room_players#player_id,0,NOT_ADJUDICATED,3,1,DIRECT_OR_COMPUTED,database/046_sprint8_act14_finalization_export.sql:L54@s8_finalize[INSERT explicit column]{DIRECT_OR_COMPUTED} | database/048_sprint8_focused_level1_corrections.sql:L70@s8_finalize[INSERT explicit column]{DIRECT_OR_COMPUTED},7,2,0,0,database/046_sprint8_act14_finalization_export.sql:L28@s8_finalize[SELECT * INTO row] | database/046_sprint8_act14_finalization_export.sql:L30@s8_finalize[qualified/rowtype field reference],database/046_sprint8_act14_finalization_export.sql:L13,"  finalized_by uuid not null references public.s1_room_players(player_id),",NOT_NULL|REFERENCES,NOT_VERIFIED_ORIGINAL_DECLARATION_ONLY,database/046_sprint8_act14_finalization_export.sql,database/049_sprint8_final_closure.sql,NO_LIVE_RUN_VALUE_TIMELINE,0,NOT_OBSERVED,LITERAL_LINKS_AND_CANDIDATES_CAPTURED,RAW_HISTORICAL_WRITE_LOCATIONS_CAPTURED,RAW_HISTORICAL_READ_LOCATIONS_CAPTURED,ORIGINAL_DDL_CAPTURED_NOT_FINAL_SCHEMA,MIGRATION_CHRONOLOGY_CAPTURED_NO_LIVE_TIMELINE,TEST_REFERENCES_INDEXED_NO_LIVE_SAMPLES,NOT_STARTED,,,,docs/plans/authority-field-audit-v2/
F0409,s8_finalizations#05,s8_finalizations,integrity_report,5,1,YES,cfea5155712c0ff416e40ff59e0c49c615fcb4a8,database/046_sprint8_act14_finalization_export.sql:L14,,0,NOT_ADJUDICATED,3,1,DIRECT_OR_COMPUTED,database/046_sprint8_act14_finalization_export.sql:L54@s8_finalize[INSERT explicit column]{DIRECT_OR_COMPUTED} | database/048_sprint8_focused_level1_corrections.sql:L70@s8_finalize[INSERT explicit column]{DIRECT_OR_COMPUTED},11,3,2,0,database/046_sprint8_act14_finalization_export.sql:L28@s8_finalize[SELECT * INTO row] | database/046_sprint8_act14_finalization_export.sql:L67@s8_get_player_state[SELECT * INTO row],database/046_sprint8_act14_finalization_export.sql:L14,"  client_request_id uuid not null,",NOT_NULL,NOT_VERIFIED_ORIGINAL_DECLARATION_ONLY,database/046_sprint8_act14_finalization_export.sql,database/049_sprint8_final_closure.sql,NO_LIVE_RUN_VALUE_TIMELINE,0,NOT_OBSERVED,LITERAL_LINKS_AND_CANDIDATES_CAPTURED,RAW_HISTORICAL_WRITE_LOCATIONS_CAPTURED,RAW_HISTORICAL_READ_LOCATIONS_CAPTURED,ORIGINAL_DDL_CAPTURED_NOT_FINAL_SCHEMA,MIGRATION_CHRONOLOGY_CAPTURED_NO_LIVE_TIMELINE,TEST_REFERENCES_INDEXED_NO_LIVE_SAMPLES,NOT_STARTED,,,,docs/plans/authority-field-audit-v2/
F0410,s8_finalizations#06,s8_finalizations,export_schema_version,6,1,YES,cfea5155712c0ff416e40ff59e0c49c615fcb4a8,database/046_sprint8_act14_finalization_export.sql:L15,,0,NOT_ADJUDICATED,2,2,DIRECT_OR_COMPUTED,database/049_sprint8_final_closure.sql:L166@s8_finalize[INSERT explicit column]{DIRECT_OR_COMPUTED} | database/049_sprint8_final_closure.sql:L32@TOP_LEVEL[UPDATE SET]{DIRECT_OR_COMPUTED},13,4,4,0,database/046_sprint8_act14_finalization_export.sql:L28@s8_finalize[SELECT * INTO row] | database/046_sprint8_act14_finalization_export.sql:L67@s8_get_player_state[SELECT * INTO row],database/046_sprint8_act14_finalization_export.sql:L15,"  integrity_report jsonb not null,",NOT_NULL,NOT_VERIFIED_ORIGINAL_DECLARATION_ONLY,database/046_sprint8_act14_finalization_export.sql,database/049_sprint8_final_closure.sql,NO_LIVE_RUN_VALUE_TIMELINE,0,NOT_OBSERVED,LITERAL_LINKS_AND_CANDIDATES_CAPTURED,RAW_HISTORICAL_WRITE_LOCATIONS_CAPTURED,RAW_HISTORICAL_READ_LOCATIONS_CAPTURED,ORIGINAL_DDL_CAPTURED_NOT_FINAL_SCHEMA,MIGRATION_CHRONOLOGY_CAPTURED_NO_LIVE_TIMELINE,TEST_REFERENCES_INDEXED_NO_LIVE_SAMPLES,NOT_STARTED,,,,docs/plans/authority-field-audit-v2/
F0411,s9_pocket_item_inspections#01,s9_pocket_item_inspections,run_id,1,36,NO,cfea5155712c0ff416e40ff59e0c49c615fcb4a8,database/068_package_c_authoritative_pocket_inspection.sql:L4,,0,NOT_ADJUDICATED,1,1,DIRECT_OR_COMPUTED,database/068_package_c_authoritative_pocket_inspection.sql:L25@s9_inspect_pocket_item[INSERT explicit column]{DIRECT_OR_COMPUTED},1,1,0,0,database/068_package_c_authoritative_pocket_inspection.sql:L72@s3_get_player_state[qualified/rowtype field reference],database/068_package_c_authoritative_pocket_inspection.sql:L4,create table if not exists public.s9_pocket_item_inspections(,NO_INLINE_MARKER,NOT_VERIFIED_ORIGINAL_DECLARATION_ONLY,database/068_package_c_authoritative_pocket_inspection.sql,database/068_package_c_authoritative_pocket_inspection.sql,NO_LIVE_RUN_VALUE_TIMELINE,0,NOT_OBSERVED,LITERAL_LINKS_AND_CANDIDATES_CAPTURED,RAW_HISTORICAL_WRITE_LOCATIONS_CAPTURED,RAW_HISTORICAL_READ_LOCATIONS_CAPTURED,ORIGINAL_DDL_CAPTURED_NOT_FINAL_SCHEMA,MIGRATION_CHRONOLOGY_CAPTURED_NO_LIVE_TIMELINE,TEST_REFERENCES_INDEXED_NO_LIVE_SAMPLES,NOT_STARTED,,,,docs/plans/authority-field-audit-v2/
F0412,s9_pocket_item_inspections#02,s9_pocket_item_inspections,player_id,2,24,NO,cfea5155712c0ff416e40ff59e0c49c615fcb4a8,database/068_package_c_authoritative_pocket_inspection.sql:L5,game_runs#run_id,0,NOT_ADJUDICATED,1,1,DIRECT_OR_COMPUTED,database/068_package_c_authoritative_pocket_inspection.sql:L25@s9_inspect_pocket_item[INSERT explicit column]{DIRECT_OR_COMPUTED},1,1,0,0,database/068_package_c_authoritative_pocket_inspection.sql:L72@s3_get_player_state[qualified/rowtype field reference],database/068_package_c_authoritative_pocket_inspection.sql:L5," run_id uuid not null references public.game_runs(run_id),",NOT_NULL|REFERENCES,NOT_VERIFIED_ORIGINAL_DECLARATION_ONLY,database/068_package_c_authoritative_pocket_inspection.sql,database/068_package_c_authoritative_pocket_inspection.sql,NO_LIVE_RUN_VALUE_TIMELINE,0,NOT_OBSERVED,LITERAL_LINKS_AND_CANDIDATES_CAPTURED,RAW_HISTORICAL_WRITE_LOCATIONS_CAPTURED,RAW_HISTORICAL_READ_LOCATIONS_CAPTURED,ORIGINAL_DDL_CAPTURED_NOT_FINAL_SCHEMA,MIGRATION_CHRONOLOGY_CAPTURED_NO_LIVE_TIMELINE,TEST_REFERENCES_INDEXED_NO_LIVE_SAMPLES,NOT_STARTED,,,,docs/plans/authority-field-audit-v2/
F0413,s9_pocket_item_inspections#03,s9_pocket_item_inspections,item_key,3,5,NO,cfea5155712c0ff416e40ff59e0c49c615fcb4a8,database/068_package_c_authoritative_pocket_inspection.sql:L6,s1_room_players#player_id,0,NOT_ADJUDICATED,1,1,DIRECT_OR_COMPUTED,database/068_package_c_authoritative_pocket_inspection.sql:L25@s9_inspect_pocket_item[INSERT explicit column]{DIRECT_OR_COMPUTED},1,1,0,0,database/068_package_c_authoritative_pocket_inspection.sql:L72@s3_get_player_state[qualified/rowtype field reference],database/068_package_c_authoritative_pocket_inspection.sql:L6," player_id uuid not null references public.s1_room_players(player_id),",NOT_NULL|REFERENCES,NOT_VERIFIED_ORIGINAL_DECLARATION_ONLY,database/068_package_c_authoritative_pocket_inspection.sql,database/068_package_c_authoritative_pocket_inspection.sql,NO_LIVE_RUN_VALUE_TIMELINE,0,NOT_OBSERVED,LITERAL_LINKS_AND_CANDIDATES_CAPTURED,RAW_HISTORICAL_WRITE_LOCATIONS_CAPTURED,RAW_HISTORICAL_READ_LOCATIONS_CAPTURED,ORIGINAL_DDL_CAPTURED_NOT_FINAL_SCHEMA,MIGRATION_CHRONOLOGY_CAPTURED_NO_LIVE_TIMELINE,TEST_REFERENCES_INDEXED_NO_LIVE_SAMPLES,NOT_STARTED,,,,docs/plans/authority-field-audit-v2/
F0414,s9_pocket_item_inspections#04,s9_pocket_item_inspections,inspected_at,4,1,YES,cfea5155712c0ff416e40ff59e0c49c615fcb4a8,database/068_package_c_authoritative_pocket_inspection.sql:L7,s3_item_catalog#item_key,0,NOT_ADJUDICATED,0,0,NONE,,1,1,0,0,database/068_package_c_authoritative_pocket_inspection.sql:L72@s3_get_player_state[qualified/rowtype field reference],database/068_package_c_authoritative_pocket_inspection.sql:L7," item_key text not null references public.s3_item_catalog(item_key),",NOT_NULL|REFERENCES,NOT_VERIFIED_ORIGINAL_DECLARATION_ONLY,database/068_package_c_authoritative_pocket_inspection.sql,NO_RAW_WRITE,NO_LIVE_RUN_VALUE_TIMELINE,0,NOT_OBSERVED,LITERAL_LINKS_AND_CANDIDATES_CAPTURED,RAW_HISTORICAL_WRITE_LOCATIONS_CAPTURED,RAW_HISTORICAL_READ_LOCATIONS_CAPTURED,ORIGINAL_DDL_CAPTURED_NOT_FINAL_SCHEMA,MIGRATION_CHRONOLOGY_CAPTURED_NO_LIVE_TIMELINE,TEST_REFERENCES_INDEXED_NO_LIVE_SAMPLES,NOT_STARTED,,,,docs/plans/authority-field-audit-v2/
F0415,teacher_override_validity#01,teacher_override_validity,override_id,1,2,NO,cfea5155712c0ff416e40ff59e0c49c615fcb4a8,database/015_sprint3c_minimal_safe_teacher_override.sql:L20,,0,NOT_ADJUDICATED,6,1,DIRECT_OR_COMPUTED,database/015_sprint3c_minimal_safe_teacher_override.sql:L80@teacher_apply_override[INSERT explicit column]{DIRECT_OR_COMPUTED} | database/054_level3_integrated_closure.sql:L29@teacher_apply_override[INSERT explicit column]{DIRECT_OR_COMPUTED},2,1,0,0,database/047_sprint8_export_completeness.sql:L35@s8_export_session[qualified/rowtype field reference] | database/048_sprint8_focused_level1_corrections.sql:L119@s8_export_session[qualified/rowtype field reference],database/015_sprint3c_minimal_safe_teacher_override.sql:L20,create table public.teacher_override_validity (,NO_INLINE_MARKER,NOT_VERIFIED_ORIGINAL_DECLARATION_ONLY,database/015_sprint3c_minimal_safe_teacher_override.sql,database/056_level2_override_validity_binding_fix.sql,NO_LIVE_RUN_VALUE_TIMELINE,3,NOT_OBSERVED,LITERAL_LINKS_AND_CANDIDATES_CAPTURED,RAW_HISTORICAL_WRITE_LOCATIONS_CAPTURED,RAW_HISTORICAL_READ_LOCATIONS_CAPTURED,ORIGINAL_DDL_CAPTURED_NOT_FINAL_SCHEMA,MIGRATION_CHRONOLOGY_CAPTURED_NO_LIVE_TIMELINE,TEST_REFERENCES_INDEXED_NO_LIVE_SAMPLES,NOT_STARTED,,,,docs/plans/authority-field-audit-v2/
F0416,teacher_override_validity#02,teacher_override_validity,run_id,2,36,NO,cfea5155712c0ff416e40ff59e0c49c615fcb4a8,database/015_sprint3c_minimal_safe_teacher_override.sql:L21,teacher_overrides#override_id,0,NOT_ADJUDICATED,6,1,DIRECT_OR_COMPUTED,database/015_sprint3c_minimal_safe_teacher_override.sql:L80@teacher_apply_override[INSERT explicit column]{DIRECT_OR_COMPUTED} | database/054_level3_integrated_closure.sql:L29@teacher_apply_override[INSERT explicit column]{DIRECT_OR_COMPUTED},6,1,0,0,database/052_sprint8_exact_player_override_accounting.sql:L16@s8_verify_integrity[qualified/rowtype field reference] | database/052_sprint8_exact_player_override_accounting.sql:L18@s8_verify_integrity[qualified/rowtype field reference],database/015_sprint3c_minimal_safe_teacher_override.sql:L21,"  override_id uuid not null references public.teacher_overrides(override_id),",NOT_NULL|REFERENCES,NOT_VERIFIED_ORIGINAL_DECLARATION_ONLY,database/015_sprint3c_minimal_safe_teacher_override.sql,database/056_level2_override_validity_binding_fix.sql,NO_LIVE_RUN_VALUE_TIMELINE,0,NOT_OBSERVED,LITERAL_LINKS_AND_CANDIDATES_CAPTURED,RAW_HISTORICAL_WRITE_LOCATIONS_CAPTURED,RAW_HISTORICAL_READ_LOCATIONS_CAPTURED,ORIGINAL_DDL_CAPTURED_NOT_FINAL_SCHEMA,MIGRATION_CHRONOLOGY_CAPTURED_NO_LIVE_TIMELINE,TEST_REFERENCES_INDEXED_NO_LIVE_SAMPLES,NOT_STARTED,,,,docs/plans/authority-field-audit-v2/
F0417,teacher_override_validity#03,teacher_override_validity,player_id,3,24,NO,cfea5155712c0ff416e40ff59e0c49c615fcb4a8,database/015_sprint3c_minimal_safe_teacher_override.sql:L22,game_runs#run_id,0,NOT_ADJUDICATED,6,1,DIRECT_OR_COMPUTED,database/015_sprint3c_minimal_safe_teacher_override.sql:L80@teacher_apply_override[INSERT explicit column]{DIRECT_OR_COMPUTED} | database/054_level3_integrated_closure.sql:L29@teacher_apply_override[INSERT explicit column]{DIRECT_OR_COMPUTED},8,2,0,0,database/047_sprint8_export_completeness.sql:L35@s8_export_session[qualified/rowtype field reference] | database/048_sprint8_focused_level1_corrections.sql:L119@s8_export_session[qualified/rowtype field reference],database/015_sprint3c_minimal_safe_teacher_override.sql:L22,"  run_id uuid not null references public.game_runs(run_id),",NOT_NULL|REFERENCES,NOT_VERIFIED_ORIGINAL_DECLARATION_ONLY,database/015_sprint3c_minimal_safe_teacher_override.sql,database/056_level2_override_validity_binding_fix.sql,NO_LIVE_RUN_VALUE_TIMELINE,0,NOT_OBSERVED,LITERAL_LINKS_AND_CANDIDATES_CAPTURED,RAW_HISTORICAL_WRITE_LOCATIONS_CAPTURED,RAW_HISTORICAL_READ_LOCATIONS_CAPTURED,ORIGINAL_DDL_CAPTURED_NOT_FINAL_SCHEMA,MIGRATION_CHRONOLOGY_CAPTURED_NO_LIVE_TIMELINE,TEST_REFERENCES_INDEXED_NO_LIVE_SAMPLES,NOT_STARTED,,,,docs/plans/authority-field-audit-v2/
F0418,teacher_override_validity#04,teacher_override_validity,semantic_field,4,1,YES,cfea5155712c0ff416e40ff59e0c49c615fcb4a8,database/015_sprint3c_minimal_safe_teacher_override.sql:L23,s1_room_players#player_id,0,NOT_ADJUDICATED,6,1,DIRECT_OR_COMPUTED,database/015_sprint3c_minimal_safe_teacher_override.sql:L80@teacher_apply_override[INSERT explicit column]{DIRECT_OR_COMPUTED} | database/054_level3_integrated_closure.sql:L29@teacher_apply_override[INSERT explicit column]{DIRECT_OR_COMPUTED},8,2,1,0,database/047_sprint8_export_completeness.sql:L35@s8_export_session[qualified/rowtype field reference] | database/048_sprint8_focused_level1_corrections.sql:L119@s8_export_session[qualified/rowtype field reference],database/015_sprint3c_minimal_safe_teacher_override.sql:L23,"  player_id uuid references public.s1_room_players(player_id),",REFERENCES,NOT_VERIFIED_ORIGINAL_DECLARATION_ONLY,database/015_sprint3c_minimal_safe_teacher_override.sql,database/056_level2_override_validity_binding_fix.sql,NO_LIVE_RUN_VALUE_TIMELINE,3,NOT_OBSERVED,LITERAL_LINKS_AND_CANDIDATES_CAPTURED,RAW_HISTORICAL_WRITE_LOCATIONS_CAPTURED,RAW_HISTORICAL_READ_LOCATIONS_CAPTURED,ORIGINAL_DDL_CAPTURED_NOT_FINAL_SCHEMA,MIGRATION_CHRONOLOGY_CAPTURED_NO_LIVE_TIMELINE,TEST_REFERENCES_INDEXED_NO_LIVE_SAMPLES,NOT_STARTED,,,,docs/plans/authority-field-audit-v2/
F0419,teacher_override_validity#05,teacher_override_validity,value,5,1,YES,cfea5155712c0ff416e40ff59e0c49c615fcb4a8,database/015_sprint3c_minimal_safe_teacher_override.sql:L24,,0,NOT_ADJUDICATED,6,1,DIRECT_OR_COMPUTED,database/015_sprint3c_minimal_safe_teacher_override.sql:L80@teacher_apply_override[INSERT explicit column]{DIRECT_OR_COMPUTED} | database/054_level3_integrated_closure.sql:L29@teacher_apply_override[INSERT explicit column]{DIRECT_OR_COMPUTED},2,1,46,0,database/047_sprint8_export_completeness.sql:L35@s8_export_session[qualified/rowtype field reference] | database/048_sprint8_focused_level1_corrections.sql:L119@s8_export_session[qualified/rowtype field reference],database/015_sprint3c_minimal_safe_teacher_override.sql:L24,"  semantic_field text not null,",NOT_NULL,NOT_VERIFIED_ORIGINAL_DECLARATION_ONLY,database/015_sprint3c_minimal_safe_teacher_override.sql,database/056_level2_override_validity_binding_fix.sql,NO_LIVE_RUN_VALUE_TIMELINE,0,NOT_OBSERVED,LITERAL_LINKS_AND_CANDIDATES_CAPTURED,RAW_HISTORICAL_WRITE_LOCATIONS_CAPTURED,RAW_HISTORICAL_READ_LOCATIONS_CAPTURED,ORIGINAL_DDL_CAPTURED_NOT_FINAL_SCHEMA,MIGRATION_CHRONOLOGY_CAPTURED_NO_LIVE_TIMELINE,TEST_REFERENCES_INDEXED_NO_LIVE_SAMPLES,NOT_STARTED,,,,docs/plans/authority-field-audit-v2/
F0420,teacher_override_validity#06,teacher_override_validity,validity,6,4,NO,cfea5155712c0ff416e40ff59e0c49c615fcb4a8,database/015_sprint3c_minimal_safe_teacher_override.sql:L25,,0,NOT_ADJUDICATED,0,0,NONE,,8,2,0,0,database/047_sprint8_export_completeness.sql:L35@s8_export_session[qualified/rowtype field reference] | database/048_sprint8_focused_level1_corrections.sql:L119@s8_export_session[qualified/rowtype field reference],database/015_sprint3c_minimal_safe_teacher_override.sql:L25,"  value jsonb,",NO_INLINE_MARKER,NOT_VERIFIED_ORIGINAL_DECLARATION_ONLY,database/015_sprint3c_minimal_safe_teacher_override.sql,NO_RAW_WRITE,NO_LIVE_RUN_VALUE_TIMELINE,3,NOT_OBSERVED,LITERAL_LINKS_AND_CANDIDATES_CAPTURED,RAW_HISTORICAL_WRITE_LOCATIONS_CAPTURED,RAW_HISTORICAL_READ_LOCATIONS_CAPTURED,ORIGINAL_DDL_CAPTURED_NOT_FINAL_SCHEMA,MIGRATION_CHRONOLOGY_CAPTURED_NO_LIVE_TIMELINE,TEST_REFERENCES_INDEXED_NO_LIVE_SAMPLES,NOT_STARTED,,,,docs/plans/authority-field-audit-v2/
F0421,teacher_overrides#01,teacher_overrides,override_id,1,2,NO,cfea5155712c0ff416e40ff59e0c49c615fcb4a8,database/015_sprint3c_minimal_safe_teacher_override.sql:L4,,0,NOT_ADJUDICATED,11,1,POSITIONAL_WRITE,database/015_sprint3c_minimal_safe_teacher_override.sql:L77@teacher_apply_override[INSERT positional/all columns]{POSITIONAL_WRITE} | database/015_sprint3c_minimal_safe_teacher_override.sql:L90@teacher_apply_override[INSERT positional/all columns]{POSITIONAL_WRITE},16,5,0,0,database/015_sprint3c_minimal_safe_teacher_override.sql:L46@s3b_log_formal_event_at_context[qualified/rowtype field reference] | database/015_sprint3c_minimal_safe_teacher_override.sql:L47@s3b_log_formal_event_at_context[qualified/rowtype field reference],database/015_sprint3c_minimal_safe_teacher_override.sql:L4,create table public.teacher_overrides (,NO_INLINE_MARKER,NOT_VERIFIED_ORIGINAL_DECLARATION_ONLY,database/015_sprint3c_minimal_safe_teacher_override.sql,database/054_level3_integrated_closure.sql,NO_LIVE_RUN_VALUE_TIMELINE,5,NOT_OBSERVED,LITERAL_LINKS_AND_CANDIDATES_CAPTURED,RAW_HISTORICAL_WRITE_LOCATIONS_CAPTURED,RAW_HISTORICAL_READ_LOCATIONS_CAPTURED,ORIGINAL_DDL_CAPTURED_NOT_FINAL_SCHEMA,MIGRATION_CHRONOLOGY_CAPTURED_NO_LIVE_TIMELINE,TEST_REFERENCES_INDEXED_NO_LIVE_SAMPLES,NOT_STARTED,,,,docs/plans/authority-field-audit-v2/
F0422,teacher_overrides#02,teacher_overrides,run_id,2,36,NO,cfea5155712c0ff416e40ff59e0c49c615fcb4a8,database/015_sprint3c_minimal_safe_teacher_override.sql:L5,,0,NOT_ADJUDICATED,11,1,POSITIONAL_WRITE,database/015_sprint3c_minimal_safe_teacher_override.sql:L77@teacher_apply_override[INSERT positional/all columns]{POSITIONAL_WRITE} | database/015_sprint3c_minimal_safe_teacher_override.sql:L90@teacher_apply_override[INSERT positional/all columns]{POSITIONAL_WRITE},13,3,0,0,database/043_sprint7_teacher_console.sql:L66@s7_get_teacher_console[qualified/rowtype field reference] | database/043_sprint7_teacher_console.sql:L81@s7_get_teacher_console[qualified/rowtype field reference],database/015_sprint3c_minimal_safe_teacher_override.sql:L5,"  override_id uuid primary key default gen_random_uuid(),",PRIMARY_KEY|DEFAULT,NOT_VERIFIED_ORIGINAL_DECLARATION_ONLY,database/015_sprint3c_minimal_safe_teacher_override.sql,database/054_level3_integrated_closure.sql,NO_LIVE_RUN_VALUE_TIMELINE,5,NOT_OBSERVED,LITERAL_LINKS_AND_CANDIDATES_CAPTURED,RAW_HISTORICAL_WRITE_LOCATIONS_CAPTURED,RAW_HISTORICAL_READ_LOCATIONS_CAPTURED,ORIGINAL_DDL_CAPTURED_NOT_FINAL_SCHEMA,MIGRATION_CHRONOLOGY_CAPTURED_NO_LIVE_TIMELINE,TEST_REFERENCES_INDEXED_NO_LIVE_SAMPLES,NOT_STARTED,,,,docs/plans/authority-field-audit-v2/
F0423,teacher_overrides#03,teacher_overrides,source_scene,3,1,YES,cfea5155712c0ff416e40ff59e0c49c615fcb4a8,database/015_sprint3c_minimal_safe_teacher_override.sql:L6,game_runs#run_id,0,NOT_ADJUDICATED,11,1,POSITIONAL_WRITE,database/015_sprint3c_minimal_safe_teacher_override.sql:L77@teacher_apply_override[INSERT positional/all columns]{POSITIONAL_WRITE} | database/015_sprint3c_minimal_safe_teacher_override.sql:L90@teacher_apply_override[INSERT positional/all columns]{POSITIONAL_WRITE},6,4,3,0,database/015_sprint3c_minimal_safe_teacher_override.sql:L50@s3b_log_formal_event_at_context[qualified/rowtype field reference] | database/016_sprint3c_level1_narrow_corrections.sql:L62@s2_log_event[qualified/rowtype field reference],database/015_sprint3c_minimal_safe_teacher_override.sql:L6,"  run_id uuid not null references public.game_runs(run_id),",NOT_NULL|REFERENCES,NOT_VERIFIED_ORIGINAL_DECLARATION_ONLY,database/015_sprint3c_minimal_safe_teacher_override.sql,database/054_level3_integrated_closure.sql,NO_LIVE_RUN_VALUE_TIMELINE,2,NOT_OBSERVED,LITERAL_LINKS_AND_CANDIDATES_CAPTURED,RAW_HISTORICAL_WRITE_LOCATIONS_CAPTURED,RAW_HISTORICAL_READ_LOCATIONS_CAPTURED,ORIGINAL_DDL_CAPTURED_NOT_FINAL_SCHEMA,MIGRATION_CHRONOLOGY_CAPTURED_NO_LIVE_TIMELINE,TEST_REFERENCES_INDEXED_NO_LIVE_SAMPLES,NOT_STARTED,,,,docs/plans/authority-field-audit-v2/
F0424,teacher_overrides#04,teacher_overrides,source_phase,4,1,YES,cfea5155712c0ff416e40ff59e0c49c615fcb4a8,database/015_sprint3c_minimal_safe_teacher_override.sql:L7,,0,NOT_ADJUDICATED,11,1,POSITIONAL_WRITE,database/015_sprint3c_minimal_safe_teacher_override.sql:L77@teacher_apply_override[INSERT positional/all columns]{POSITIONAL_WRITE} | database/015_sprint3c_minimal_safe_teacher_override.sql:L90@teacher_apply_override[INSERT positional/all columns]{POSITIONAL_WRITE},6,4,5,0,database/015_sprint3c_minimal_safe_teacher_override.sql:L50@s3b_log_formal_event_at_context[qualified/rowtype field reference] | database/016_sprint3c_level1_narrow_corrections.sql:L62@s2_log_event[qualified/rowtype field reference],database/015_sprint3c_minimal_safe_teacher_override.sql:L7,"  source_scene text not null,",NOT_NULL,NOT_VERIFIED_ORIGINAL_DECLARATION_ONLY,database/015_sprint3c_minimal_safe_teacher_override.sql,database/054_level3_integrated_closure.sql,NO_LIVE_RUN_VALUE_TIMELINE,2,NOT_OBSERVED,LITERAL_LINKS_AND_CANDIDATES_CAPTURED,RAW_HISTORICAL_WRITE_LOCATIONS_CAPTURED,RAW_HISTORICAL_READ_LOCATIONS_CAPTURED,ORIGINAL_DDL_CAPTURED_NOT_FINAL_SCHEMA,MIGRATION_CHRONOLOGY_CAPTURED_NO_LIVE_TIMELINE,TEST_REFERENCES_INDEXED_NO_LIVE_SAMPLES,NOT_STARTED,,,,docs/plans/authority-field-audit-v2/
F0425,teacher_overrides#05,teacher_overrides,source_step,5,1,YES,cfea5155712c0ff416e40ff59e0c49c615fcb4a8,database/015_sprint3c_minimal_safe_teacher_override.sql:L8,,0,NOT_ADJUDICATED,11,1,POSITIONAL_WRITE,database/015_sprint3c_minimal_safe_teacher_override.sql:L77@teacher_apply_override[INSERT positional/all columns]{POSITIONAL_WRITE} | database/015_sprint3c_minimal_safe_teacher_override.sql:L90@teacher_apply_override[INSERT positional/all columns]{POSITIONAL_WRITE},4,2,0,0,database/043_sprint7_teacher_console.sql:L81@s7_get_teacher_console[to_jsonb(row) exposes field] | database/044_sprint7_focused_level1_corrections.sql:L65@s7_get_teacher_console[to_jsonb(row) exposes field],database/015_sprint3c_minimal_safe_teacher_override.sql:L8,"  source_phase text not null,",NOT_NULL,NOT_VERIFIED_ORIGINAL_DECLARATION_ONLY,database/015_sprint3c_minimal_safe_teacher_override.sql,database/054_level3_integrated_closure.sql,NO_LIVE_RUN_VALUE_TIMELINE,0,NOT_OBSERVED,LITERAL_LINKS_AND_CANDIDATES_CAPTURED,RAW_HISTORICAL_WRITE_LOCATIONS_CAPTURED,RAW_HISTORICAL_READ_LOCATIONS_CAPTURED,ORIGINAL_DDL_CAPTURED_NOT_FINAL_SCHEMA,MIGRATION_CHRONOLOGY_CAPTURED_NO_LIVE_TIMELINE,TEST_REFERENCES_INDEXED_NO_LIVE_SAMPLES,NOT_STARTED,,,,docs/plans/authority-field-audit-v2/
F0426,teacher_overrides#06,teacher_overrides,override_action,6,1,YES,cfea5155712c0ff416e40ff59e0c49c615fcb4a8,database/015_sprint3c_minimal_safe_teacher_override.sql:L9,,0,NOT_ADJUDICATED,11,1,POSITIONAL_WRITE,database/015_sprint3c_minimal_safe_teacher_override.sql:L77@teacher_apply_override[INSERT positional/all columns]{POSITIONAL_WRITE} | database/015_sprint3c_minimal_safe_teacher_override.sql:L90@teacher_apply_override[INSERT positional/all columns]{POSITIONAL_WRITE},7,5,3,0,database/015_sprint3c_minimal_safe_teacher_override.sql:L51@s3b_log_formal_event_at_context[qualified/rowtype field reference] | database/016_sprint3c_level1_narrow_corrections.sql:L63@s2_log_event[qualified/rowtype field reference],database/015_sprint3c_minimal_safe_teacher_override.sql:L9,"  source_step text not null,",NOT_NULL,NOT_VERIFIED_ORIGINAL_DECLARATION_ONLY,database/015_sprint3c_minimal_safe_teacher_override.sql,database/054_level3_integrated_closure.sql,NO_LIVE_RUN_VALUE_TIMELINE,0,NOT_OBSERVED,LITERAL_LINKS_AND_CANDIDATES_CAPTURED,RAW_HISTORICAL_WRITE_LOCATIONS_CAPTURED,RAW_HISTORICAL_READ_LOCATIONS_CAPTURED,ORIGINAL_DDL_CAPTURED_NOT_FINAL_SCHEMA,MIGRATION_CHRONOLOGY_CAPTURED_NO_LIVE_TIMELINE,TEST_REFERENCES_INDEXED_NO_LIVE_SAMPLES,NOT_STARTED,,,,docs/plans/authority-field-audit-v2/
F0427,teacher_overrides#07,teacher_overrides,applied_resolution,7,1,YES,cfea5155712c0ff416e40ff59e0c49c615fcb4a8,database/015_sprint3c_minimal_safe_teacher_override.sql:L10,,0,NOT_ADJUDICATED,11,1,POSITIONAL_WRITE,database/015_sprint3c_minimal_safe_teacher_override.sql:L77@teacher_apply_override[INSERT positional/all columns]{POSITIONAL_WRITE} | database/015_sprint3c_minimal_safe_teacher_override.sql:L90@teacher_apply_override[INSERT positional/all columns]{POSITIONAL_WRITE},2,1,4,0,database/043_sprint7_teacher_console.sql:L81@s7_get_teacher_console[to_jsonb(row) exposes field] | database/044_sprint7_focused_level1_corrections.sql:L65@s7_get_teacher_console[to_jsonb(row) exposes field],database/015_sprint3c_minimal_safe_teacher_override.sql:L10,"  override_action text not null check(override_action in ('SKIP_CURRENT_INTERACTION','RESOLVE_AND_CONTINUE')),",NOT_NULL|CHECK,NOT_VERIFIED_ORIGINAL_DECLARATION_ONLY,database/015_sprint3c_minimal_safe_teacher_override.sql,database/054_level3_integrated_closure.sql,NO_LIVE_RUN_VALUE_TIMELINE,0,NOT_OBSERVED,LITERAL_LINKS_AND_CANDIDATES_CAPTURED,RAW_HISTORICAL_WRITE_LOCATIONS_CAPTURED,RAW_HISTORICAL_READ_LOCATIONS_CAPTURED,ORIGINAL_DDL_CAPTURED_NOT_FINAL_SCHEMA,MIGRATION_CHRONOLOGY_CAPTURED_NO_LIVE_TIMELINE,TEST_REFERENCES_INDEXED_NO_LIVE_SAMPLES,NOT_STARTED,,,,docs/plans/authority-field-audit-v2/
F0428,teacher_overrides#08,teacher_overrides,resolution_source,8,2,NO,cfea5155712c0ff416e40ff59e0c49c615fcb4a8,database/015_sprint3c_minimal_safe_teacher_override.sql:L11,,0,NOT_ADJUDICATED,11,1,POSITIONAL_WRITE,database/015_sprint3c_minimal_safe_teacher_override.sql:L77@teacher_apply_override[INSERT positional/all columns]{POSITIONAL_WRITE} | database/015_sprint3c_minimal_safe_teacher_override.sql:L90@teacher_apply_override[INSERT positional/all columns]{POSITIONAL_WRITE},2,1,0,0,database/043_sprint7_teacher_console.sql:L81@s7_get_teacher_console[to_jsonb(row) exposes field] | database/044_sprint7_focused_level1_corrections.sql:L65@s7_get_teacher_console[to_jsonb(row) exposes field],database/015_sprint3c_minimal_safe_teacher_override.sql:L11,"  applied_resolution text,",NO_INLINE_MARKER,NOT_VERIFIED_ORIGINAL_DECLARATION_ONLY,database/015_sprint3c_minimal_safe_teacher_override.sql,database/054_level3_integrated_closure.sql,NO_LIVE_RUN_VALUE_TIMELINE,0,NOT_OBSERVED,LITERAL_LINKS_AND_CANDIDATES_CAPTURED,RAW_HISTORICAL_WRITE_LOCATIONS_CAPTURED,RAW_HISTORICAL_READ_LOCATIONS_CAPTURED,ORIGINAL_DDL_CAPTURED_NOT_FINAL_SCHEMA,MIGRATION_CHRONOLOGY_CAPTURED_NO_LIVE_TIMELINE,TEST_REFERENCES_INDEXED_NO_LIVE_SAMPLES,NOT_STARTED,,,,docs/plans/authority-field-audit-v2/
F0429,teacher_overrides#09,teacher_overrides,reason,9,1,YES,cfea5155712c0ff416e40ff59e0c49c615fcb4a8,database/015_sprint3c_minimal_safe_teacher_override.sql:L12,,0,NOT_ADJUDICATED,11,1,POSITIONAL_WRITE,database/015_sprint3c_minimal_safe_teacher_override.sql:L77@teacher_apply_override[INSERT positional/all columns]{POSITIONAL_WRITE} | database/015_sprint3c_minimal_safe_teacher_override.sql:L90@teacher_apply_override[INSERT positional/all columns]{POSITIONAL_WRITE},4,2,9,0,database/043_sprint7_teacher_console.sql:L81@s7_get_teacher_console[to_jsonb(row) exposes field] | database/044_sprint7_focused_level1_corrections.sql:L65@s7_get_teacher_console[to_jsonb(row) exposes field],database/015_sprint3c_minimal_safe_teacher_override.sql:L12,"  resolution_source text not null default 'teacher_override' check(resolution_source='teacher_override'),",NOT_NULL|DEFAULT|CHECK,NOT_VERIFIED_ORIGINAL_DECLARATION_ONLY,database/015_sprint3c_minimal_safe_teacher_override.sql,database/054_level3_integrated_closure.sql,NO_LIVE_RUN_VALUE_TIMELINE,5,NOT_OBSERVED,LITERAL_LINKS_AND_CANDIDATES_CAPTURED,RAW_HISTORICAL_WRITE_LOCATIONS_CAPTURED,RAW_HISTORICAL_READ_LOCATIONS_CAPTURED,ORIGINAL_DDL_CAPTURED_NOT_FINAL_SCHEMA,MIGRATION_CHRONOLOGY_CAPTURED_NO_LIVE_TIMELINE,TEST_REFERENCES_INDEXED_NO_LIVE_SAMPLES,NOT_STARTED,,,,docs/plans/authority-field-audit-v2/
F0430,teacher_overrides#10,teacher_overrides,invalidated_scope,10,1,YES,cfea5155712c0ff416e40ff59e0c49c615fcb4a8,database/015_sprint3c_minimal_safe_teacher_override.sql:L13,,0,NOT_ADJUDICATED,13,1,POSITIONAL_WRITE|DIRECT_OR_COMPUTED,database/015_sprint3c_minimal_safe_teacher_override.sql:L77@teacher_apply_override[INSERT positional/all columns]{POSITIONAL_WRITE} | database/015_sprint3c_minimal_safe_teacher_override.sql:L90@teacher_apply_override[INSERT positional/all columns]{POSITIONAL_WRITE},5,3,7,0,database/043_sprint7_teacher_console.sql:L81@s7_get_teacher_console[to_jsonb(row) exposes field] | database/044_sprint7_focused_level1_corrections.sql:L65@s7_get_teacher_console[to_jsonb(row) exposes field],database/015_sprint3c_minimal_safe_teacher_override.sql:L13,"  reason text not null check(char_length(reason) between 1 and 500),",NOT_NULL|CHECK,NOT_VERIFIED_ORIGINAL_DECLARATION_ONLY,database/015_sprint3c_minimal_safe_teacher_override.sql,database/056_level2_override_validity_binding_fix.sql,NO_LIVE_RUN_VALUE_TIMELINE,3,NOT_OBSERVED,LITERAL_LINKS_AND_CANDIDATES_CAPTURED,RAW_HISTORICAL_WRITE_LOCATIONS_CAPTURED,RAW_HISTORICAL_READ_LOCATIONS_CAPTURED,ORIGINAL_DDL_CAPTURED_NOT_FINAL_SCHEMA,MIGRATION_CHRONOLOGY_CAPTURED_NO_LIVE_TIMELINE,TEST_REFERENCES_INDEXED_NO_LIVE_SAMPLES,NOT_STARTED,,,,docs/plans/authority-field-audit-v2/
F0431,teacher_overrides#11,teacher_overrides,behavior_scoring,11,3,NO,cfea5155712c0ff416e40ff59e0c49c615fcb4a8,database/015_sprint3c_minimal_safe_teacher_override.sql:L14,,0,NOT_ADJUDICATED,11,1,POSITIONAL_WRITE,database/015_sprint3c_minimal_safe_teacher_override.sql:L77@teacher_apply_override[INSERT positional/all columns]{POSITIONAL_WRITE} | database/015_sprint3c_minimal_safe_teacher_override.sql:L90@teacher_apply_override[INSERT positional/all columns]{POSITIONAL_WRITE},2,1,0,0,database/043_sprint7_teacher_console.sql:L81@s7_get_teacher_console[to_jsonb(row) exposes field] | database/044_sprint7_focused_level1_corrections.sql:L65@s7_get_teacher_console[to_jsonb(row) exposes field],database/015_sprint3c_minimal_safe_teacher_override.sql:L14,"  invalidated_scope jsonb not null default '[]'::jsonb check(jsonb_typeof(invalidated_scope)='array'),",NOT_NULL|DEFAULT|CHECK,NOT_VERIFIED_ORIGINAL_DECLARATION_ONLY,database/015_sprint3c_minimal_safe_teacher_override.sql,database/054_level3_integrated_closure.sql,NO_LIVE_RUN_VALUE_TIMELINE,0,NOT_OBSERVED,LITERAL_LINKS_AND_CANDIDATES_CAPTURED,RAW_HISTORICAL_WRITE_LOCATIONS_CAPTURED,RAW_HISTORICAL_READ_LOCATIONS_CAPTURED,ORIGINAL_DDL_CAPTURED_NOT_FINAL_SCHEMA,MIGRATION_CHRONOLOGY_CAPTURED_NO_LIVE_TIMELINE,TEST_REFERENCES_INDEXED_NO_LIVE_SAMPLES,NOT_STARTED,,,,docs/plans/authority-field-audit-v2/
F0432,teacher_overrides#12,teacher_overrides,created_at,12,11,NO,cfea5155712c0ff416e40ff59e0c49c615fcb4a8,database/015_sprint3c_minimal_safe_teacher_override.sql:L15,,0,NOT_ADJUDICATED,11,1,POSITIONAL_WRITE,database/015_sprint3c_minimal_safe_teacher_override.sql:L77@teacher_apply_override[INSERT positional/all columns]{POSITIONAL_WRITE} | database/015_sprint3c_minimal_safe_teacher_override.sql:L90@teacher_apply_override[INSERT positional/all columns]{POSITIONAL_WRITE},7,3,0,0,database/043_sprint7_teacher_console.sql:L81@s7_get_teacher_console[qualified/rowtype field reference] | database/043_sprint7_teacher_console.sql:L81@s7_get_teacher_console[to_jsonb(row) exposes field],database/015_sprint3c_minimal_safe_teacher_override.sql:L15,"  behavior_scoring boolean not null default false check(not behavior_scoring),",NOT_NULL|DEFAULT|CHECK,NOT_VERIFIED_ORIGINAL_DECLARATION_ONLY,database/015_sprint3c_minimal_safe_teacher_override.sql,database/054_level3_integrated_closure.sql,NO_LIVE_RUN_VALUE_TIMELINE,2,NOT_OBSERVED,LITERAL_LINKS_AND_CANDIDATES_CAPTURED,RAW_HISTORICAL_WRITE_LOCATIONS_CAPTURED,RAW_HISTORICAL_READ_LOCATIONS_CAPTURED,ORIGINAL_DDL_CAPTURED_NOT_FINAL_SCHEMA,MIGRATION_CHRONOLOGY_CAPTURED_NO_LIVE_TIMELINE,TEST_REFERENCES_INDEXED_NO_LIVE_SAMPLES,NOT_STARTED,,,,docs/plans/authority-field-audit-v2/
